3.5037513219773346e-231
1.1414294714360896e-230
3.708437652741927e-230
1.2016048571172625e-229
3.882968390590676e-229
1.2514116954882453e-228
4.022290372945852e-228
1.2893955303842403e-227
4.122314303551782e-227
1.3144404181809855e-226
4.180114983340537e-226
1.3258235280264226e-225
4.1940734328918757e-225
1.3232496625259785e-224
4.1639512800313805e-224
1.3068634115443273e-223
4.090892725810854e-223
1.2772382916105665e-222
3.977354710730494e-222
1.2353439014226688e-221
3.826971082392641e-221
1.182493683661285e-220
3.644361139373023e-220
1.1202771844382256e-219
3.434896494277958e-219
1.0504816347524349e-218
3.204442478622644e-218
9.750081761207429e-218
2.959091164738689e-217
8.95788094855698e-217
2.7049025164148742e-216
8.147040429261804e-216
2.447668351994669e-215
7.335204747222434e-215
2.1927109744453866e-214
6.538265153574001e-214
1.944724831395785e-213
5.7699331100891315e-213
1.7076657839940193e-212
5.041467122550095e-212
1.4846888461891214e-211
4.3615501464817434e-211
1.278131917080035e-210
3.7363051461620156e-210
1.0895403059637943e-209
3.169428944557895e-209
9.197248904064741e-209
2.6624195964396513e-208
7.6884560805460276e-208
2.2148701923386045e-207
6.365116340830335e-207
1.8248020411413868e-206
5.218899411147709e-206
1.489012204186457e-205
4.238148323139583e-205
1.203413848307578e-204
3.4089231166913974e-204
9.63352305012487e-204
2.715946350309649e-203
7.638845348860312e-203
2.143419124105782e-202
6.000144369185093e-202
1.6756907448370526e-201
4.668807475824832e-201
1.2977777682042875e-200
3.5989789396856696e-200
9.957383328144022e-200
2.748529632766379e-199
7.569151909330305e-199
2.0796389325398635e-198
5.700656736663701e-198
1.5590512261062946e-197
4.2539925529722434e-197
1.1580737281019347e-196
3.1454380069909044e-196
8.52381028619271e-196
2.304604610619846e-195
6.216863917149832e-195
1.6732500660029508e-194
4.493318068996441e-194
1.2039059374897976e-193
3.218394589863755e-193
8.58439341158984e-193
2.284576847474767e-192
6.066385515715473e-192
1.6072541375739534e-191
4.248852362845582e-191
1.1207106420144508e-190
2.9495267425164693e-190
7.745516479648398e-190
2.0295036568913373e-189
5.306069211991851e-189
1.384209415806615e-188
3.6031197684506015e-188
9.358490374665213e-188
2.425410662479402e-187
6.272191813225795e-187
1.618490367080916e-186
4.1673484469081835e-186
1.0707068562826419e-185
2.7450141332623136e-185
7.022374280552866e-185
1.7926309795395712e-184
4.566332200089144e-184
1.1606891634869983e-183
2.9440034326458023e-183
7.451381168455561e-183
1.8819733026741565e-182
4.743189406789278e-182
1.1929161615082596e-181
2.9938768606305796e-181
7.497985681056096e-181
1.8738897782606532e-180
4.6734148690999745e-180
1.1631014016176644e-179
2.8886562087449486e-179
7.15931140662876e-179
1.7707034860429714e-178
4.3704051248952935e-178
1.0764674041015127e-177
2.64597334878617e-177
6.490490217158347e-177
1.5888358811761344e-176
3.881433339085504e-176
9.462781702673887e-176
2.3022959342963027e-175
5.590120134993384e-175
1.3545680720345098e-174
3.275685905115353e-174
7.905464864565317e-174
1.904049929635355e-173
4.576748229855852e-173
1.0979068323390092e-172
2.628486377852074e-172
6.280290716718677e-172
1.497578276520595e-171
3.563994867038222e-171
8.46494899452224e-171
2.0065654841476367e-170
4.747074193741085e-170
1.1208419093029667e-169
2.6412549723558324e-169
6.211920359648707e-169
1.4581190092265302e-168
3.4159661383595927e-168
7.987108455147461e-168
1.863901630886596e-167
4.341259183523827e-167
1.0091824637410224e-166
2.3414606217015423e-166
5.422120045953544e-166
1.2531943454956332e-165
2.8909239569905497e-165
6.656190830074722e-165
1.5296343327492593e-164
3.508521528415788e-164
8.032250263918382e-164
1.8353917449199586e-163
4.1860138690749e-163
9.529163603877371e-163
2.1651750608464827e-162
4.910404146950379e-162
1.1115508133279414e-161
2.5114881468184873e-161
5.6640168615762754e-161
1.2750035511824255e-160
2.864795054865422e-160
6.424996275124121e-160
1.4383057166183454e-159
3.2138853480595073e-159
7.168235050757598e-159
1.5958740552135475e-158
3.5464295677817726e-158
7.866693646641128e-158
1.7418194315183802e-157
3.8496906878070914e-157
8.493020387732883e-157
1.8703114393279373e-156
4.111335626090602e-156
9.021338344060137e-156
1.9759677198161866e-155
4.320274545657982e-155
9.42903530155631e-155
2.0542314574756932e-154
4.467447602393037e-154
9.698382606524063e-154
2.1016998076312918e-153
4.546480666146303e-153
9.81782008085631e-153
2.116370041682308e-152
4.554143515432831e-152
9.782776735596765e-152
2.0977785544631233e-151
4.4905646518730745e-151
9.59594649251886e-151
2.0470194503017516e-150
4.3591833836454e-150
9.266997706645766e-150
1.9666425932620193e-149
4.166448467072781e-149
8.811756595985701e-149
1.8604439278194812e-148
3.921299383805463e-148
8.250959271810933e-148
1.7331717901465884e-147
3.6344876858106273e-147
7.608707789800591e-147
1.5901804534431879e-146
3.317809159553686e-146
6.910787811777804e-146
1.4370654814582836e-145
2.983321592371879e-145
6.18300743112628e-145
1.2793144744209133e-144
2.6426178722173166e-144
5.449699909216618e-144
1.1220019927461739e-143
2.3062115206992954e-143
4.732501510236226e-143
9.695498464233893e-143
1.9830739862080784e-142
4.04947500371809e-142
8.255648381844031e-142
1.680342993585401e-141
3.414606018593071e-141
6.9275679289269e-141
1.4032017889457116e-140
2.83765911953745e-140
5.729314767780334e-140
1.1549125811734874e-139
2.3243477959500565e-139
4.6704667143518276e-139
9.369754489784618e-139
1.8767502967684057e-138
3.753156833700814e-138
7.493771605163452e-138
1.4938923098483406e-137
2.9734100519545037e-137
5.908926190132915e-137
1.172417086930096e-136
2.3226142814245222e-136
4.594042245917211e-136
9.072717197479104e-136
1.7889813522524594e-135
3.522101392663651e-135
6.92352144440788e-135
1.3588856719068074e-134
2.6629991439542547e-134
5.210661963915025e-134
1.018005373509091e-133
1.9858391475264326e-133
3.867910508443741e-133
7.52226520040942e-133
1.4607041260795832e-132
2.8321664803650956e-132
5.483018600958632e-132
1.0599041342479097e-131
2.0457892099599612e-131
3.9427942338632883e-131
7.587483695008408e-131
1.4579524228060215e-130
2.79732126427855e-130
5.3591540648450894e-130
1.0251951017389723e-129
1.9582794551855222e-129
3.735099320229016e-129
7.11361664280209e-129
1.3528232080251599e-128
2.5689484256639005e-128
4.871188564811897e-128
9.223190384641893e-128
1.7437954404024751e-127
3.2921490385016697e-127
6.206324424050026e-127
1.1683203519323134e-126
2.1961567582542385e-126
4.122304761333302e-126
7.72669302068014e-126
1.446190339895456e-125
2.7029432047221666e-125
5.044631842873372e-125
9.401660183415519e-125
1.749699868869071e-124
3.251680915970467e-124
6.034468883572062e-124
1.1183000902171148e-123
2.069508681250942e-123
3.824433678595598e-123
7.057638427829813e-123
1.3006051321507164e-122
2.3934629170747818e-122
4.3984991821479313e-122
8.071983927417245e-122
1.4792971027485627e-121
2.70726801090534e-121
4.947766569048265e-121
9.030059924974355e-121
1.645799459307152e-120
2.995500659378234e-120
5.444644278654442e-120
9.882766890235583e-120
1.7914219920032996e-119
3.242865352796529e-119
5.8623662920723e-119
1.0583549686861945e-118
1.9081190668194401e-118
3.4355529702962857e-118
6.17740716017303e-118
1.1092655956731347e-117
1.989234269149687e-117
3.5625316029932446e-117
6.371699003823287e-117
1.1380905994749489e-116
2.03013445116071e-116
3.6165999030520745e-116
6.434356917973158e-116
1.1432472332701472e-115
2.0286485281413238e-115
3.5950621991945845e-115
6.362682591375867e-115
1.1246299921340382e-114
1.9852532471930102e-114
3.499937710566131e-114
6.162318681410054e-114
1.0835993120106698e-113
1.9029847224704702e-113
3.3376837210542904e-113
5.846549588973009e-113
1.0228217401633936e-112
1.7870939869466536e-112
3.1184819785246264e-112
5.434864919160832e-112
9.459870836480547e-112
1.6444999261453215e-111
2.855196281550088e-111
4.950998524316436e-111
8.574436630849456e-111
1.4831176906417852e-110
2.5621473689584768e-110
4.420712914702498e-110
7.618008932725392e-110
1.3111513949680878e-109
2.253863656644637e-109
3.8696092242289652e-109
6.635482064139871e-109
1.1364359900332489e-108
1.9439533269103613e-108
3.3212094584491685e-108
5.667316883471217e-108
9.658968332443266e-108
1.6442097434609893e-107
2.7954912289561234e-107
4.747169082888489e-107
8.051709977585632e-107
1.3640164417946456e-106
2.3079709989343574e-106
3.900511359572686e-106
6.584069392200843e-106
1.1100693121605747e-105
1.8693465832591813e-105
3.14423343464761e-105
5.282337427092127e-105
8.863904833161156e-105
1.485637299818561e-104
2.4870839554739518e-104
4.158715501772845e-104
6.94576781407426e-104
1.1587100244439318e-103
1.9307404025945792e-103
3.213429566806008e-103
5.342082931664203e-103
8.870550308882977e-103
1.4712610993769031e-102
2.437414241675414e-102
4.03339252252092e-102
6.666752494801124e-102
1.1006823897296214e-101
1.8151590610172996e-101
2.990015779627714e-101
4.919710314556645e-101
8.085632043070312e-101
1.3273881585910827e-100
2.1766698167868921e-100
3.565323546680901e-100
5.83335274342573e-100
9.533481988178914e-100
1.5563239443723502e-99
2.5378427032240754e-99
4.13377436597131e-99
6.725852058937611e-99
1.0931189825111676e-98
1.7746317610492467e-98
2.8778678956890367e-98
4.661829110328459e-98
7.543377333863376e-98
1.219271432456248e-97
1.9686165849024012e-97
3.175039596644345e-97
5.115233988131488e-97
8.232112572511045e-97
1.3233892924890134e-96
2.125179078361397e-96
3.4090716104885825e-96
5.4627392137438335e-96
8.744191024756395e-96
1.3981851952958438e-95
2.2332982403661717e-95
3.563418045937265e-95
5.679706784055019e-95
9.04326393115766e-95
1.4383537293750063e-94
2.2853275964982546e-94
3.6272253645488404e-94
5.751021370408666e-94
9.108793090563588e-94
1.4411963456292824e-93
2.2778911653341886e-93
3.5965933073574284e-93
5.672823551469664e-93
8.938359893033207e-93
1.40691561703266e-92
2.212233409129741e-92
3.474941958025697e-92
5.4527916234395545e-92
8.547635828613565e-92
1.338535532653751e-91
2.0939755283997485e-91
3.272443224111092e-91
5.108959673613596e-91
7.968079842812209e-91
1.241471454336874e-90
1.9323360896552138e-90
3.004640133028825e-90
4.667315264932659e-90
7.242819905847417e-90
1.1228328497934755e-89
1.7389632493801153e-89
2.690509700998956e-89
4.1586136705181066e-89
6.42145490499492e-89
9.905813107744167e-89
1.5265802532943071e-88
2.3502981081130253e-88
3.6149395735156797e-88
5.554626884911332e-88
8.526788209557429e-88
1.3076567748209705e-87
2.00346029409105e-87
3.0665310024964067e-87
4.689155070919475e-87
7.163469408652041e-87
1.0932884713420024e-86
1.6669770823384032e-86
2.539270402315394e-86
3.864325390954472e-86
5.875228970743753e-86
8.924075306970472e-86
1.3542221942044522e-85
2.053079874007967e-85
3.109652981470507e-85
4.7055361475922103e-85
7.113745877629081e-85
1.0744360321344622e-84
1.6212750614097293e-84
2.4441490978049506e-84
3.6812429007979347e-84
5.539339334929188e-84
8.327585692350983e-84
1.250773927691902e-83
1.876886550495952e-83
2.8138285954786e-83
4.2146216016580465e-83
6.306984868339124e-83
9.429488920888574e-83
1.4085056654154088e-82
2.102006383402142e-82
3.134118120149098e-82
4.668780905527413e-82
6.948632384854066e-82
1.0332461336313068e-81
1.5350331282087138e-81
2.2784637614251716e-81
3.3789191791330125e-81
5.0064015671796605e-81
7.411167878265041e-81
1.0961288331439747e-80
1.6197628051403897e-80
2.391426279599996e-80
3.527599010001282e-80
5.198989587538711e-80
7.65556210460496e-80
1.1263010756757374e-79
1.655587230639774e-79
2.431479796456501e-79
3.567887583939793e-79
5.2308760449373586e-79
7.662338473449687e-79
1.1214314695241063e-78
1.6398703454308587e-78
2.395921110557474e-78
3.4975393076637173e-78
5.101297363279201e-78
7.43408423602803e-78
1.0824403455467119e-77
1.5747476620871624e-77
2.2890186479707915e-77
3.324450682973156e-77
4.824180070589698e-77
6.994570006450138e-77
1.0132888644920051e-76
1.4666993404648046e-76
2.1212181749253128e-76
3.0652565912341614e-76
4.425745305128729e-76
6.384765030097591e-76
9.203291354667049e-76
1.3255069266791523e-75
1.9074898584402216e-75
2.7427404024979824e-75
3.9404899461776476e-75
5.656654036853769e-75
8.113602101567536e-75
1.162822172854238e-74
1.665172497664337e-74
2.3826063465593517e-74
3.4063816985111218e-74
4.8661230709583466e-74
6.945802590089436e-74
9.90631557054025e-74
1.411734606434608e-73
2.0102309042286132e-73
2.860168454376997e-73
4.066219893590997e-73
5.776230127328322e-73
8.198856536811642e-73
1.1628348887464788e-72
1.6479331025670705e-72
2.3335582662071826e-72
3.3018402387336633e-72
4.668233637527461e-72
6.59491217915849e-72
9.30949530442119e-72
1.3131209366335316e-71
1.850740638582276e-71
2.6064501340217628e-71
3.667896553604044e-71
5.1576196173477484e-71
7.246810140717494e-71
1.0174441320300807e-70
1.4273850414275962e-70
2.0009643861603307e-70
2.802889582132249e-70
3.923212164418901e-70
5.487158903147058e-70
7.66873931252732e-70
1.0709565851926847e-69
1.4944863932156718e-69
2.0839391225330942e-69
2.90370040896098e-69
4.0429004661486384e-69
5.624831378561504e-69
7.819913114772575e-69
1.0863532175341393e-68
1.5080565701981689e-68
2.0919071486883584e-68
2.899653526903684e-68
4.016330875634284e-68
5.5589564058847304e-68
7.688439413010275e-68
1.0625882316149795e-67
1.4674875184293378e-67
2.0251965069125047e-67
2.792826719449309e-67
3.848625085884269e-67
5.299717756879772e-67
7.292662568264246e-67
1.0027818430163662e-66
1.3778898121619172e-66
1.8919555099381625e-66
2.595950877177455e-66
3.5593595103214785e-66
4.876831945194468e-66
6.677209229334971e-66
9.135748822482063e-66
1.2490677506315572e-65
1.706558682894251e-65
2.329971182983799e-65
3.1788839086619222e-65
4.334053656641507e-65
5.904866690557641e-65
8.039384641176291e-65
1.093787894096932e-64
1.4871052492963309e-64
2.020455476999347e-64
2.7431941065450506e-64
3.7218953742930624e-64
5.0462973619214294e-64
6.837278348263413e-64
9.257550991499515e-64
1.2525990557016058e-63
1.6936818940568997e-63
2.2885272542139967e-63
3.0901921989440404e-63
4.169852875618722e-63
5.62292753099108e-63
7.577246741709724e-63
1.0203947974612211e-62
1.3731993099585738e-62
1.8467500631238983e-62
2.4819472262277216e-62
3.333400565705389e-62
4.473976249569745e-62
6.000835417128266e-62
8.043448617126842e-62
1.077422557660898e-61
1.442260442182422e-61
1.9293713894368314e-61
2.5793076549841107e-61
3.445928691551768e-61
4.6007210818409404e-61
6.138505594460898e-61
8.184971843432891e-61
1.0906619335682304e-60
1.4523864924791378e-60
1.9328314023820807e-60
2.5705503529450514e-60
3.416483062724538e-60
4.537891257640508e-60
6.023531605105956e-60
7.990449982818365e-60
1.0592899544754733e-59
1.4034038986332028e-59
1.8581267965283699e-59
2.4586317753747825e-59
3.251155495362543e-59
4.296439790311442e-59
5.674231951904707e-59
7.489165591725361e-59
9.878440783994278e-59
1.3021847705895108e-58
1.7154840688255463e-58
2.258558034997768e-58
2.971713434382805e-58
3.907638026300194e-58
5.1351610717111944e-58
6.744143042499467e-58
8.851829689206518e-58
1.1611103932206505e-57
1.5221195840403938e-57
1.9941574408140577e-57
2.6109955397630725e-57
3.416563059363516e-57
4.4679672602747984e-57
5.839401782352822e-57
7.627200656888307e-57
9.956369954210607e-57
1.29890239965972e-56
1.6935274941310673e-56
2.2067280780740796e-56
2.8737356987025116e-56
3.7401313349584007e-56
4.864850556442875e-56
6.324051063367313e-56
8.21608713218879e-56
1.0667903984346188e-55
1.3843252536505548e-55
1.795323655584361e-55
2.3269846504915754e-55
3.01433156563602e-55
3.902436496329574e-55
5.049269708960871e-55
6.529347391293049e-55
8.43839872036433e-55
1.0899333624796082e-54
1.4069869330411577e-54
1.8152271140896292e-54
2.34057864064238e-54
3.0162507199805603e-54
3.8847595590240056e-54
5.000505659699993e-54
6.433056180223602e-54
8.271322868793794e-54
1.062887690423223e-53
1.3650706193818767e-53
1.7521801762083034e-53
2.2478062188569394e-53
2.882013410876325e-53
3.6930969472675737e-53
4.729808520482068e-53
6.0541768965930555e-53
7.745079945980591e-53
9.90276581638075e-53
1.2654572277074181e-52
1.6162157763587348e-52
2.0630638640595695e-52
2.632012883528635e-52
3.3560305467014145e-52
4.276878389313097e-52
5.44742857897533e-52
6.934583456965214e-52
8.822952616587305e-52
1.1219481562021077e-51
1.4259275047698117e-51
1.811291949113836e-51
2.2995685392786948e-51
2.9179086226198134e-51
3.700538942763728e-51
4.690582368405559e-51
5.942341184821606e-51
7.524158937304055e-51
9.522005515002518e-51
1.204396586801497e-50
1.522585714614448e-50
1.9238254220960696e-50
2.4295272083686165e-50
3.0665538689140546e-50
3.868589737988953e-50
4.877850893924624e-50
6.147218558911155e-50
7.742899027284278e-50
9.747738347068215e-50
1.2265350783154868e-49
1.5425258191735597e-49
1.938928453900855e-49
2.435950799944287e-49
3.0588144948191875e-49
3.838982888674797e-49
4.815685680232001e-49
6.037811043684307e-49
7.566252629328655e-49
9.476819312356745e-49
1.1863840793653765e-48
1.484463320315085e-48
1.8565027042324336e-48
2.3206206745661872e-48
2.8993168820706985e-48
3.62051763623594e-48
4.5188674686841414e-48
5.63732395058894e-48
7.029125987220082e-48
8.760221845316365e-48
1.0912262809391353e-47
1.3586292411134745e-47
1.6907290606450192e-47
2.1029768274123755e-47
2.6144651423305527e-47
3.24877482812344e-47
4.035015812506576e-47
5.009106091935763e-47
6.215342467901333e-47
7.708328682671033e-47
9.555341130468407e-47
1.1839230046337153e-46
1.4661975665296922e-46
1.8149045121200554e-46
2.2454727827293123e-46
2.7768665964893276e-46
3.4323843962877242e-46
4.240635827061599e-46
5.236735845042649e-46
6.463763524413058e-46
7.974543393833758e-46
9.833819585136386e-46
1.2120908166133944e-45
1.4932931310054083e-45
1.838875908991757e-45
2.2633811477653866e-45
2.7845905538997013e-45
3.4242372006505796e-45
4.20887127808951e-45
5.170912813407927e-45
6.349931148482693e-45
7.794199301460994e-45
9.562581399998619e-45
1.172682350548774e-44
1.437433276967823e-44
1.7611547480588734e-44
2.156802176807561e-44
2.640137426158716e-44
3.230328073500163e-44
3.9506727667830617e-44
4.829478809016416e-44
5.901123439531558e-44
7.207336686783786e-44
8.798751356307089e-44
1.0736774942757708e-43
1.3095849318630575e-43
1.5966177314669956e-43
1.945701119799446e-43
2.370061708616437e-43
2.8857052119454833e-43
3.511991847716342e-43
4.272329093288267e-43
5.195005362955196e-43
6.31419283438099e-43
7.671153215937545e-43
9.315686891357029e-43
1.130787380795002e-42
1.3720163934327027e-42
1.663988639341684e-42
2.0172259820869093e-42
2.4444002516181926e-42
2.960766002812017e-42
3.5846790520957994e-42
4.3382175283115316e-42
5.2479253869435437e-42
6.345702156437567e-42
7.669867224204171e-42
9.266432361128206e-42
1.1190622584394921e-41
1.3508693055028407e-41
1.6300098718297473e-41
1.9660084081072764e-41
2.3702773186160026e-41
2.8564854849973955e-41
3.440997600183286e-41
4.1433977001283597e-41
4.987112770438325e-41
6.000155249504629e-41
7.216006731116844e-41
8.674669283842903e-41
1.0423915664882292e-40
1.252077544545672e-40
1.5033300839341866e-40
1.8042664019192012e-40
2.1645647132273273e-40
2.595759734067975e-40
3.1115932307550528e-40
3.728429697759586e-40
4.465749066488897e-40
5.346730484034368e-40
6.398943716466864e-40
7.655167689366648e-40
9.154359155749062e-40
1.094279856787337e-39
1.3075445029332583e-39
1.5617537839604658e-39
1.8646488757921157e-39
2.2254116873676395e-39
2.654928707166307e-39
3.16610237493324e-39
3.7742183945462186e-39
4.49737886840786e-39
5.3570128484672146e-39
6.378477905948302e-39
7.591768669986916e-39
9.032351031544144e-39
1.0742143919439675e-38
1.277067430712257e-38
1.517643549149163e-38
1.802848380273001e-38
2.1408314877770522e-38
2.541206760005345e-38
3.0153111937822726e-38
3.5765086391505694e-38
4.2405461807372876e-38
5.02597211841581e-38
5.954626008682745e-38
7.052212972896648e-38
8.348976508862497e-38
9.880486404010186e-38
1.1688561094721752e-37
1.3822347008547175e-37
1.6339581135202459e-37
1.9308067380368162e-37
2.280740225837406e-37
2.693099128530626e-37
3.1788404169659186e-37
3.7508124709250748e-37
4.424076035949015e-37
5.2162786933444585e-37
6.14809160529853e-37
7.2437187050682655e-37
8.531490132217201e-37
1.0044553599093164e-36
1.1821679556715663e-36
1.3908198551353424e-36
1.6357092079670782e-36
1.923026162045247e-36
2.2600004413798405e-36
2.655072905368563e-36
3.118094914825092e-36
3.660559928879566e-36
4.2958724473788834e-36
5.0396602096015464e-36
5.91013647780423e-36
6.928520291475877e-36
8.119523796053097e-36
9.511917152067162e-36
1.1139183144630843e-35
1.30402754700848e-35
1.5260496812403103e-35
1.7852515277551736e-35
2.0877540576374044e-35
2.440668458929747e-35
2.8522534670645473e-35
3.332097232653704e-35
3.8913274808448253e-35
4.54285427956904e-35
5.301650379891203e-35
6.185074832205504e-35
7.213246430802957e-35
8.409474511830763e-35
9.80075574355494e-35
1.1418346823205056e-34
1.3298424454486488e-34
1.548284565011647e-34
1.802002331427876e-34
2.0965934244398193e-34
2.4385279188676075e-34
2.835281744900621e-34
3.295490177806741e-34
3.8291243040976425e-34
4.4476938360041485e-34
5.1644801308891775e-34
5.994803825228458e-34
6.956332123397719e-34
8.069431500412698e-34
9.357572397011603e-34
1.0847793418807379e-33
1.2571233614132082e-33
1.4563742615322763e-33
1.6866579805407744e-33
1.952721523909512e-33
2.260024682907737e-33
2.614845033499007e-33
3.0243980995442213e-33
3.496974826049524e-33
4.042098805442596e-33
4.670706037398825e-33
5.3953503858863614e-33
6.230438331898143e-33
7.192497113570175e-33
8.300480904756346e-33
9.576120317267327e-33
1.1044321230693442e-32
1.2733619767982596e-32
1.4676701157211305e-32
1.6910991264201913e-32
1.9479330762614392e-32
2.243074324554645e-32
2.5821310095599044e-32
2.97151666411568e-32
3.418563606072435e-32
3.931651968281709e-32
4.5203564798332564e-32
5.19561338912382e-32
5.969910234240567e-32
6.857501521561324e-32
7.874653774539129e-32
9.039923867031024e-32
1.0374475065709094e-31
1.1902435781201682e-31
1.365130667579339e-31
1.5652422505749434e-31
1.7941475898831982e-31
2.0559111193641957e-31
2.355159750986315e-31
2.6971591391489947e-31
3.0879000684720814e-31
3.5341962796163724e-31
4.04379521454566e-31
4.62550335015415e-31
5.289327999881893e-31
6.046637699597227e-31
6.910343559787474e-31
7.895104264416141e-31
9.017557731689983e-31
1.0296582827397552e-30
1.1753594943124423e-30
1.3412879723713342e-30
1.5301969758069735e-30
1.745206964071829e-30
1.98985354763152e-30
2.2681415643806598e-30
2.5846060470530383e-30
2.9443809399566124e-30
3.3532765277518776e-30
3.817866655840139e-30
4.345586952447996e-30
4.94484540861073e-30
5.625146835421806e-30
6.397232900299835e-30
7.273239647743065e-30
8.266874637538502e-30
9.393616087386111e-30
1.0670936690360533e-29
1.2118555093944479e-29
1.375871838017457e-29
1.5616519279915806e-29
1.7720252292887296e-29
2.0101813373973884e-29
2.2797148391047972e-29
2.5846756166329433e-29
2.929625258896394e-29
3.319700303879834e-29
3.760683119853432e-29
4.2590813263066545e-29
4.8222167591015155e-29
5.458325099590971e-29
6.17666741556074e-29
6.987655004256925e-29
7.902989085976326e-29
8.935817072467769e-29
1.0100907329585936e-28
1.1414844570340838e-28
1.289624825504063e-28
1.45660166421176e-28
1.6447599429342465e-28
1.8567302253499157e-28
2.0954626680704654e-28
2.36426497231243e-28
2.6668447365085464e-28
3.007356707703861e-28
3.390455484461497e-28
3.8213542847621527e-28
4.305890459650828e-28
4.850598507818023e-28
5.4627914286693415e-28
6.150651342530451e-28
6.923330407378689e-28
7.791063172855351e-28
8.765291635410899e-28
9.858804394430072e-28
1.1085891459442924e-27
1.2462516424432244e-27
1.4006507908463941e-27
1.5737772364056934e-27
1.7678530577875553e-27
1.985358043448929e-27
2.2290588785490978e-27
2.5020415565652406e-27
2.807747362787944e-27
3.150012813247085e-27
3.5331139727024916e-27
3.9618156194812234e-27
4.4414257735703426e-27
4.9778561579023515e-27
5.5776892217013785e-27
6.248252417017625e-27
6.997700508559422e-27
7.835106723649932e-27
8.770563719803847e-27
9.815295364245482e-27
1.0981780441070951e-26
1.2283889592745762e-26
1.373703677999817e-26
1.5358346830049375e-26
1.7166840707996126e-26
1.9183640341125578e-26
2.143219500477823e-26
2.3938531478932575e-26
2.6731530404706645e-26
2.984323151122389e-26
3.330917064784149e-26
3.716875184666018e-26
4.1465657958008194e-26
4.624830374967559e-26
5.1570335742011385e-26
5.749118346849698e-26
6.40766673085925e-26
7.139966853993681e-26
7.954086780457823e-26
8.8589558782807e-26
9.864454452343515e-26
1.098151245956603e-25
1.2222218201097654e-25
1.3599937971951934e-25
1.5129447742084525e-25
1.6827078045066525e-25
1.8710873362184234e-25
2.0800767411606607e-25
2.311877588537657e-25
2.5689208322164757e-25
2.8538900962236004e-25
3.169747260391814e-25
3.5197605669472877e-25
3.907535489384593e-25
4.3370486273972625e-25
4.812684916061292e-25
5.339278464096588e-25
5.922157365033483e-25
6.567192856709117e-25
7.280853238916862e-25
8.070262996493796e-25
8.943267615892327e-25
9.908504627656865e-25
1.0975481455483566e-24
1.2154660705056581e-24
1.3457553582935655e-24
1.4896822197863815e-24
1.6486391564321472e-24
1.8241572201508558e-24
2.0179194300585808e-24
2.2317754519586952e-24
2.4677576559376583e-24
2.7280986776125654e-24
3.015250619653615e-24
3.331906042232451e-24
3.681020904091899e-24
4.065839630091231e-24
4.489922496428897e-24
4.9571755413978156e-24
5.471883227570979e-24
6.038744100884253e-24
6.662909713276549e-24
7.350027098522622e-24
8.106285115766627e-24
8.938465002216434e-24
9.85399550562222e-24
1.086101299875554e-23
1.1968427012270182e-23
1.3185991659323259e-23
1.4524383465331726e-23
1.5995286159524816e-23
1.7611483031734591e-23
1.9386957508475036e-23
2.133700265702356e-23
2.3478340385339598e-23
2.582925116948143e-23
2.840971520918445e-23
3.124156598672444e-23
3.4348657284663227e-23
3.775704480487105e-23
4.149518362498338e-23
4.559414282954849e-23
5.008783876228938e-23
5.501328846355236e-23
6.041088498401125e-23
6.632469640250087e-23
7.28027905234654e-23
7.989758738845803e-23
8.766624190756147e-23
9.617105910113573e-23
1.0547994464122778e-22
1.1566689359605357e-22
1.2681252051162308e-22
1.3900463421267555e-22
1.5233886097239137e-22
1.6691931998761464e-22
1.8285935540580978e-22
2.0028232948236457e-22
2.1932248180489024e-22
2.40125859905492e-22
2.6285132699580152e-22
2.8767165300362746e-22
3.1477469556797635e-22
3.4436467816189935e-22
3.7666357306409164e-22
4.119125974915848e-22
4.5037383184184e-22
4.923319696742332e-22
5.380962097936814e-22
5.880023015842962e-22
6.424147555846532e-22
7.017292321998584e-22
7.6637512241611145e-22
8.36818335422825e-22
9.13564309162797e-22
9.97161261025425e-22
1.0882036971793029e-21
1.1873362004118657e-21
1.2952575178147608e-21
1.412724971226973e-21
1.540559215034909e-21
1.679649367732374e-21
1.8309585455773684e-21
1.995529828748604e-21
2.1744926926201635e-21
2.369069939137152e-21
2.580585165810736e-21
2.81047081255656e-21
3.0602768294987574e-21
3.3316800119552064e-21
3.6264940521316746e-21
3.946680360585403e-21
4.294359714300729e-21
4.671824792252233e-21
5.08155366364554e-21
5.526224298626032e-21
6.008730176166211e-21
6.532197069083257e-21
7.100001091746542e-21
7.71578810200361e-21
8.383494555236023e-21
9.10736991525302e-21
9.892000733990438e-21
1.0742336519712022e-20
1.166371752166491e-20
1.2661904567925293e-20
1.3743111102547537e-20
1.491403757810687e-20
1.6181908370370423e-20
1.755451139315638e-20
1.904024060351599e-20
2.0648141600212594e-20
2.2387960532170024e-20
2.427019654810208e-20
2.6306158034067126e-20
2.850802290214253e-20
3.0888903211008024e-20
3.346291441784325e-20
3.6245249580845676e-20
3.925225885273409e-20
4.2501534628093323e-20
4.601200273122626e-20
4.98040200565797e-20
5.389947910070593e-20
5.83219198533969e-20
6.309664954598159e-20
6.825087078713378e-20
7.38138186507636e-20
7.98169073170549e-20
8.629388690627695e-20
9.328101118612606e-20
1.0081721687677335e-19
1.0894431532411035e-19
1.1770719736056062e-19
1.271540522249261e-19
1.373366014677427e-19
1.4831034882715844e-19
1.6013484712222156e-19
1.7287398327622242e-19
1.8659628265224619e-19
2.0137523395693742e-19
2.1728963604648315e-19
2.3442396805176034e-19
2.528687843270269e-19
2.727211358195831e-19
2.9408501955588735e-19
3.170718580438208e-19
3.418010105007372e-19
3.6840031793360573e-19
3.9700668422065682e-19
4.2776669547456816e-19
4.608372801048927e-19
4.963864121437182e-19
5.345938605522511e-19
5.756519873897643e-19
6.197665978980231e-19
6.671578457371918e-19
7.180611968010988e-19
7.727284552437535e-19
8.314288555633385e-19
8.9445022481733e-19
9.621002192816952e-19
1.0347076401205895e-18
1.1126238328996106e-18
1.1962241760585129e-18
1.2859096637558216e-18
1.382108588813161e-18
1.4852783321107048e-18
1.5959072627876549e-18
1.7145167621886507e-18
1.8416633684477775e-18
1.9779410595598143e-18
2.1239836767827385e-18
2.2804674988888193e-18
2.4481139759158495e-18
2.627692631866939e-18
2.820024146343129e-18
3.0259836256522474e-18
3.2465040745316103e-18
3.4825800802422865e-18
3.735271721452088e-18
4.005708715011551e-18
4.295094814457893e-18
4.6047124748438604e-18
4.935927799296617e-18
5.290195783557e-18
5.6690658756425816e-18
6.074187868714476e-18
6.507318146215567e-18
6.970326299382933e-18
7.465202138330508e-18
7.994063119041238e-18
8.559162209816423e-18
9.16289622199263e-18
9.807814631071992e-18
1.0496628915803957e-17
1.1232222444232945e-17
1.2017660937260257e-17
1.28562035418985e-17
1.3751314548088848e-17
1.4706675784746663e-17
1.5726199732567065e-17
1.6814043393100515e-17
1.7974622955662507e-17
1.9212629305821194e-17
2.0533044421468947e-17
2.1941158704880062e-17
2.344258930164805e-17
2.5043299460033e-17
2.6749618986984183e-17
2.856826586000751e-17
3.050636905705002e-17
3.257149266976406e-17
3.47716613688153e-17
3.7115387293399533e-17
3.961169844075676e-17
4.227016863531864e-17
4.510094916109227e-17
4.8114802145113036e-17
5.132313578414535e-17
5.4738041511443386e-17
5.837233320515417e-17
6.223958854501927e-17
6.635419262925531e-17
7.073138396905102e-17
7.538730298383998e-17
8.03390431265875e-17
8.560470477459224e-17
9.120345202795688e-17
9.715557256472204e-17
1.0348254070894526e-16
1.102070838754681e-16
1.1735325256309463e-16
1.249464940760375e-16
1.330137301622245e-16
1.4158343876592266e-16
1.5068574010167033e-16
1.603524872662124e-16
1.7061736161548977e-16
1.8151597314435998e-16
1.9308596611799461e-16
2.053671302154868e-16
2.1840151745849656e-16
2.3223356521037143e-16
2.469102255445925e-16
2.624811012950936e-16
2.7899858911564443e-16
2.965180298903908e-16
3.1509786685355114e-16
3.347998117924837e-16
3.556890197257224e-16
3.778342724650779e-16
4.013081714898861e-16
4.2618734058050215e-16
4.52552638678723e-16
4.804893834635306e-16
5.100875861528482e-16
5.414421980645273e-16
5.746533694939962e-16
6.098267214903869e-16
6.470736311392898e-16
6.865115309867241e-16
7.282642232674386e-16
7.724622096293025e-16
8.192430370765536e-16
8.687516608856428e-16
9.211408252809945e-16
9.76571462691567e-16
1.0352131124454402e-15
1.0972443597961148e-15
1.162853296213316e-15
1.2322380019106563e-15
1.3056070516249593e-15
1.3831800447045118e-15
1.4651881606096997e-15
1.551874740975303e-15
1.6434958994334657e-15
1.7403211604461042e-15
1.842634128449148e-15
1.950733188664786e-15
2.06493224099551e-15
2.185561468472187e-15
2.3129681417906205e-15
2.447517461533304e-15
2.589593439741416e-15
2.7395998225682205e-15
2.8979610558191094e-15
3.0651232952550855e-15
3.241555463615441e-15
3.4277503563936116e-15
3.6242257984843545e-15
3.831525853904868e-15
4.0502220908834e-15
4.28091490469932e-15
4.524234900757042e-15
4.7808443404728596e-15
5.051438652659901e-15
5.3367480132007654e-15
5.637538995910737e-15
5.954616297607174e-15
6.288824540522538e-15
6.6410501553189365e-15
7.0122233480940596e-15
7.40332015489654e-15
7.815364587411178e-15
8.249430873612364e-15
8.706645797335448e-15
9.18819114086532e-15
9.695306234803658e-15
1.0229290619635407e-14
1.0791506823589712e-14
1.1383383261562553e-14
1.2006417260053028e-14
1.2662178213250205e-14
1.3352310875607763e-14
1.4078538796437404e-14
1.4842667902270988e-14
1.5646590232945577e-14
1.6492287837601004e-14
1.7381836836998906e-14
1.8317411658823127e-14
1.9301289452855626e-14
2.0335854693191395e-14
2.1423603974906827e-14
2.256715101288147e-14
2.376923185074374e-14
2.503271028821528e-14
2.6360583535417624e-14
2.775598810303062e-14
2.922220593749791e-14
3.076267081082686e-14
3.238097497485289e-14
3.408087609021648e-14
3.58663044406429e-14
3.774137044352086e-14
3.971037246813947e-14
4.177780497337435e-14
4.394836697700578e-14
4.622697086930545e-14
4.8618751583949006e-14
5.112907613979774e-14
5.376355356753698e-14
5.652804523567497e-14
5.94286755908845e-14
6.247184332821714e-14
6.566423300722267e-14
6.90128271306026e-14
7.252491870254483e-14
7.620812428453445e-14
8.007039756698431e-14
8.412004347570396e-14
8.83657328328342e-14
9.281651759256688e-14
9.748184667262985e-14
1.0237158240325517e-13
1.0749601761603316e-13
1.1286589339585973e-13
1.1849241751990164e-13
1.243872836083491e-13
1.305626910125051e-13
1.3703136546664472e-13
1.4380658053090602e-13
1.5090217985342132e-13
1.5833260028075436e-13
1.6611289584674487e-13
1.7425876267074204e-13
1.8278656479731278e-13
1.9171336101046238e-13
2.010569326739953e-13
2.108358125111007e-13
2.2106931472591763e-13
2.317775658940142e-13
2.4298153727111474e-13
2.547030781936459e-13
2.66964950734507e-13
2.7979086563909146e-13
2.9320551958547944e-13
3.07234633814e-13
3.2190499417288097e-13
3.372444926280451e-13
3.5328217028673464e-13
3.700482619860539e-13
3.875742424992272e-13
4.058928744138776e-13
4.2503825773842546e-13
4.450458812942682e-13
4.659526759533679e-13
4.877970697824684e-13
5.106190451571805e-13
5.344601979110235e-13
5.593637985865373e-13
5.853748558574202e-13
6.12540182193015e-13
6.409084618382538e-13
6.705303211846928e-13
7.014584016101714e-13
7.337474348672824e-13
7.67454321102853e-13
8.026382095933979e-13
8.393605822836648e-13
8.776853402182934e-13
9.176788929588415e-13
9.59410251081562e-13
1.0029511218535874e-12
1.0483760081885102e-12
1.0957623109847676e-12
1.1451904349536757e-12
1.1967438980465221e-12
1.25050944459383e-12
1.3065771622724816e-12
1.3650406030203114e-12
1.425996908020549e-12
1.4895469368825728e-12
1.5557954011482802e-12
1.624851002257853e-12
1.6968265741114164e-12
1.7718392303680518e-12
1.850010516626325e-12
1.931466567635678e-12
2.0163382696910547e-12
2.104761428368329e-12
2.1968769417614613e-12
2.292830979387669e-12
2.39277516693043e-12
2.4968667769958646e-12
2.6052689260615123e-12
2.7181507778027498e-12
2.83568775298572e-12
2.9580617461219776e-12
3.0854613490840154e-12
3.218082081887496e-12
3.3561266308500574e-12
3.499805094343629e-12
3.649335236361298e-12
3.804942748127313e-12
3.966861517983072e-12
4.135333909789764e-12
4.310611050092854e-12
4.492953124301887e-12
4.682629682143464e-12
4.879919952654316e-12
5.085113168985984e-12
5.29850890330164e-12
5.520417412050609e-12
5.751159991916081e-12
5.991069346736006e-12
6.2404899657077884e-12
6.499778513192465e-12
6.769304230444529e-12
7.04944934959943e-12
7.340609520261526e-12
7.643194249040825e-12
7.957627352399478e-12
8.284347423172977e-12
8.623808311145769e-12
8.97647961853677e-12
9.342847208081904e-12
9.723413730597829e-12
1.0118699164181789e-11
1.0529241371394214e-11
1.095559667259724e-11
1.1398340436253876e-11
1.1858067686646634e-11
1.2335393729481237e-11
1.2830954795856998e-11
1.3345408705091504e-11
1.3879435546904976e-11
1.4433738383474828e-11
1.5009043971890657e-11
1.5606103507544208e-11
1.6225693389009807e-11
1.686861600497543e-11
1.7535700543806165e-11
1.8227803826326396e-11
1.8945811162430738e-11
1.9690637232136156e-11
2.0463226991714372e-11
2.1264556605547357e-11
2.2095634404371527e-11
2.2957501870584876e-11
2.385123465131461e-11
2.4777943599947923e-11
2.5738775846857382e-11
2.6734915900055523e-11
2.776758677654234e-11
2.8838051165114924e-11
2.994761262143711e-11
3.109761679617204e-11
3.228945269701414e-11
3.352455398545623e-11
3.480440030916751e-11
3.613051867085555e-11
3.750448483452552e-11
3.892792477005031e-11
4.040251613700363e-11
4.192998980871033e-11
4.3512131437508275e-11
4.5150783062217676e-11
4.6847844758853595e-11
4.8605276335625335e-11
5.0425099073298234e-11
5.230939751200871e-11
5.426032128565666e-11
5.628008700500744e-11
5.837098019068225e-11
6.053535725721152e-11
6.277564754938333e-11
6.509435543211072e-11
6.749406243510177e-11
6.997742945360763e-11
7.254719900658616e-11
7.520619755361039e-11
7.795733787191304e-11
8.080362149424221e-11
8.374814121324497e-11
8.679408364317032e-11
8.99447318545715e-11
9.320346807290506e-11
9.657377644759965e-11
1.0005924588785362e-10
1.036635729782629e-10
1.0739056496065356e-10
1.112441427952335e-10
1.1522834429819684e-10
1.1934732735831202e-10
1.2360537323424502e-10
1.2800688993447084e-10
1.3255641568158202e-10
1.3725862246292868e-10
1.4211831966947213e-10
1.4714045782485318e-10
1.5233013240664047e-10
1.576925877618316e-10
1.6323322111865635e-10
1.6895758669682601e-10
1.7487139991836233e-10
1.8098054172123493e-10
1.8729106297801988e-10
1.938091890218926e-10
2.0054132428225259e-10
2.074940570323886e-10
2.146741642515537e-10
2.2208861660396888e-10
2.2974458353719724e-10
2.376494385025114e-10
2.4581076429978453e-10
2.5423635854963057e-10
2.629342392954091e-10
2.7191265073792835e-10
2.81180069105559e-10
2.9074520866269293e-10
3.0061702785936043e-10
3.1080473562504786e-10
3.213177978096391e-10
3.321659437746145e-10
3.433591731375593e-10
3.5490776267321796e-10
3.6682227337424866e-10
3.7911355767504737e-10
3.917927668418998e-10
4.0487135853294227e-10
4.183611045313287e-10
4.322740986551891e-10
4.4662276484789417e-10
4.6141986545236364e-10
4.7667850967302e-10
4.924121622292903e-10
5.086346522043653e-10
5.253601820932476e-10
5.426033370539532e-10
5.603790943660099e-10
5.787028331002605e-10
5.975903439987551e-10
6.170578396019158e-10
6.371219645448622e-10
6.577998061427254e-10
6.791089051536406e-10
7.010672668405379e-10
7.236933722193426e-10
7.47006189581835e-10
7.710251862646616e-10
7.957703406747373e-10
8.212621545761659e-10
8.475216656435139e-10
8.745704602867046e-10
9.024306867525679e-10
9.311250685084346e-10
9.60676917913031e-10
9.91110150180201e-10
1.0224492976408843e-9
1.0547195243090956e-9
1.0879466407574332e-9
1.1221571193081374e-9
1.1573781095453576e-9
1.1936374541548172e-9
1.2309637050967627e-9
1.2693861401185785e-9
1.3089347796131336e-9
1.3496404038293694e-9
1.391534570441513e-9
1.4346496324836278e-9
1.4790187566558986e-9
1.5246759420098118e-9
1.5716560390186646e-9
1.619994769040855e-9
1.6697287441825982e-9
1.7208954875677022e-9
1.773533454021265e-9
1.8276820511751991e-9
1.883381661002622e-9
1.9406736617892548e-9
1.9996004505491124e-9
2.0602054658928474e-9
2.1225332113562327e-9
2.186629279197473e-9
2.252540374670992e-9
2.320314340786613e-9
2.390000183562139e-9
2.4616480977783354e-9
2.535309493244734e-9
2.611037021585419e-9
2.68888460355348e-9
2.768907456883582e-9
2.8511621246916128e-9
2.9357065044310532e-9
3.022599877415377e-9
3.1119029389163908e-9
3.203677828847996e-9
3.297988163045755e-9
3.394899065151822e-9
3.494477199116045e-9
3.5967908023229926e-9
3.7019097193561157e-9
3.809905436409013e-9
3.920851116355267e-9
4.034821634487215e-9
4.151893614935456e-9
4.2721454677796e-9
4.395657426862519e-9
4.5225115883188855e-9
4.65279194983054e-9
4.7865844506198395e-9
4.923977012193916e-9
5.065059579851003e-9
5.209924164962635e-9
5.358664888042821e-9
5.511378022618214e-9
5.668162039911283e-9
5.82911765435029e-9
5.994347869918658e-9
6.163958027358064e-9
6.338055852237786e-9
6.516751503905311e-9
6.700157625331069e-9
6.88838939386268e-9
7.081564572901688e-9
7.279803564518903e-9
7.483229463021501e-9
7.691968109488533e-9
7.906148147288131e-9
8.125901078593677e-9
8.351361321912763e-9
8.582666270645973e-9
8.819956352690548e-9
9.063375091105852e-9
9.31306916585604e-9
9.56918847664785e-9
9.831886206878588e-9
1.0101318888713211e-8
1.037764646930584e-8
1.066103237818483e-8
1.0951643595811955e-8
1.1249650723368297e-8
1.1555228053700987e-8
1.1868553643559771e-8
1.2189809387058929e-8
1.2519181090417868e-8
1.2856858547991497e-8
1.3203035619612187e-8
1.3557910309260417e-8
1.3921684845086183e-8
1.4294565760798674e-8
1.4676763978447282e-8
1.5068494892611097e-8
1.5469978456021206e-8
1.588143926663324e-8
1.6303106656174843e-8
1.6735214780186006e-8
1.717800270957758e-8
1.7631714523726616e-8
1.809659940513392e-8
1.8572911735663376e-8
1.9060911194388965e-8
1.9560862857068952e-8
2.0073037297274692e-8
2.0597710689193655e-8
2.1135164912134136e-8
2.168568765675242e-8
2.224957253303102e-8
2.282711918002752e-8
2.341863337742481e-8
2.4024427158902767e-8
2.4644818927361633e-8
2.5280133572018854e-8
2.5930702587409554e-8
2.6596864194313156e-8
2.7278963462637902e-8
2.7977352436284416e-8
2.8692390260022166e-8
2.9424443308400797e-8
3.017388531672962e-8
3.094109751414858e-8
3.1726468758824835e-8
3.2530395675298616e-8
3.3353282794012825e-8
3.419554269305127e-8
3.505759614212102e-8
3.593987224880287e-8
3.684280860710764e-8
3.776685144836234e-8
3.871245579446499e-8
3.96800856135323e-8
4.067021397797974e-8
4.1683323225059166e-8
4.271990511989491e-8
4.378046102104277e-8
4.4865502048614384e-8
4.5975549254992035e-8
4.711113379817778e-8
4.827279711780133e-8
4.9461091113836716e-8
5.067657832802378e-8
5.191983212811698e-8
5.319143689488269e-8
5.4491988211970576e-8
5.58220930586573e-8
5.718237000551042e-8
5.8573448658767495e-8
5.999597363313817e-8
6.145059721406976e-8
6.293798710784284e-8
6.445882288120685e-8
6.601379692959879e-8
6.760361469430922e-8
6.922899488288721e-8
7.089066969281109e-8
7.258938503848027e-8
7.432590078155965e-8
7.610099096472634e-8
7.791544404885497e-8
7.977006315369419e-8
8.166566630206566e-8
8.360308666764419e-8
8.558317282634943e-8
8.760678901140772e-8
8.967481537211749e-8
9.178814823637625e-8
9.39477003770034e-8
9.615440128191931e-8
9.840919742821395e-8
1.00713052560169e-7
1.0306694797126506e-7
1.0547188279023897e-7
1.0792887427122753e-7
1.1043895808805958e-7
1.1300318863273389e-7
1.1562263931815032e-7
1.1829840288512667e-7
1.2103159171377343e-7
1.238233381392591e-7
1.2667479477204084e-7
1.2958713482259013e-7
1.3256155243069183e-7
1.3559926299935165e-7
1.387015035333815e-7
1.4186953298270752e-7
1.451046325904692e-7
1.4840810624595177e-7
1.5178128084242883e-7
1.552255066399499e-7
1.5874215763315506e-7
1.6233263192415772e-7
1.6599835210056953e-7
1.6974076561871334e-7
1.7356134519210197e-7
1.7746158918522898e-7
1.8144302201286401e-7
1.8550719454419785e-7
1.8965568451368113e-7
1.9389009693624577e-7
1.982120645287671e-7
2.026232481370942e-7
2.071253371688664e-7
2.117200500321445e-7
2.1640913457996777e-7
2.2119436856085805e-7
2.2607756007538544e-7
2.3106054803882188e-7
2.3614520264999442e-7
2.413334258663657e-7
2.466271518854586e-7
2.520283476326509e-7
2.575390132554668e-7
2.631611826243443e-7
2.688969238401164e-7
2.7474833974808643e-7
2.8071756845891706e-7
2.8680678387634276e-7
2.9301819623181066e-7
2.993540526260998e-7
3.05816637578037e-7
3.124082735803418e-7
3.1913132166272504e-7
3.2598818196228225e-7
3.32981294301302e-7
3.401131387725334e-7
3.473862363320312e-7
3.548031493996273e-7
3.6236648246715517e-7
3.7007888271446267e-7
3.7794304063335107e-7
3.8596169065947983e-7
3.941376118123713e-7
4.024736283435521e-7
4.1097261039298377e-7
4.196374746538004e-7
4.284711850455179e-7
4.374767533957437e-7
4.4665724013053106e-7
4.560157549734243e-7
4.65555457653343e-7
4.752795586213395e-7
4.851913197763942e-7
4.952940552002718e-7
5.055911319016169e-7
5.160859705693021e-7
5.26782046335218e-7
5.37682889546526e-7
5.487920865475358e-7
5.601132804712631e-7
5.716501720408302e-7
5.834065203807286e-7
5.953861438381535e-7
6.075929208144168e-7
6.200307906066316e-7
6.327037542597e-7
6.456158754287943e-7
6.58771281252357e-7
6.721741632358152e-7
6.858287781460405e-7
6.997394489167608e-7
7.139105655649254e-7
7.283465861182689e-7
7.430520375540578e-7
7.580315167492661e-7
7.73289691442181e-7
7.888313012056692e-7
8.046611584321112e-7
8.207841493302523e-7
8.372052349339604e-7
8.539294521231487e-7
8.709619146568627e-7
8.88307814218767e-7
9.059724214750771e-7
9.239610871451306e-7
9.422792430846663e-7
9.609324033820185e-7
9.799261654672535e-7
9.992662112345238e-7
1.0189583081776587e-6
1.0390083105390352e-6
1.0594221604723332e-6
1.0802058892186388e-6
1.1013656182965254e-6
1.1229075607061095e-6
1.1448380221471765e-6
1.167163402251606e-6
1.1898901958301657e-6
1.2130249941338849e-6
1.2365744861300832e-6
1.2605454597933098e-6
1.2849448034112095e-6
1.309779506905617e-6
1.335056663168877e-6
1.36078346941569e-6
1.3869672285505303e-6
1.413615350550867e-6
1.4407353538662903e-6
1.468334866833777e-6
1.496421629109134e-6
1.5250034931149763e-6
1.554088425505158e-6
1.5836845086460846e-6
1.6137999421148218e-6
1.6444430442144215e-6
1.6756222535063762e-6
1.7073461303606334e-6
1.7396233585231153e-6
1.7724627467010974e-6
1.8058732301664808e-6
1.8398638723772928e-6
1.8744438666174045e-6
1.909622537654846e-6
1.9454093434187343e-6
1.9818138766951512e-6
2.0188458668420378e-6
2.056515181523157e-6
2.0948318284620824e-6
2.1338059572149966e-6
2.1734478609640148e-6
2.213767978330133e-6
2.254776895206534e-6
2.2964853466123218e-6
2.3389042185668184e-6
2.3820445499847753e-6
2.425917534592491e-6
2.470534522865311e-6
2.5159070239864233e-6
2.5620467078274397e-6
2.6089654069507543e-6
2.6566751186340377e-6
2.705188006917002e-6
2.7545164046706848e-6
2.8046728156904362e-6
2.8556699168072056e-6
2.9075205600311506e-6
2.9602377747096523e-6
3.013834769713423e-6
3.0683249356455952e-6
3.1237218470748887e-6
3.1800392647931754e-6
3.2372911380975415e-6
3.295491607097231e-6
3.3546550050455644e-6
3.414795860697245e-6
3.475928900691105e-6
3.538069051958759e-6
3.601231444159139e-6
3.6654314121395183e-6
3.7306844984228367e-6
3.7970064557221075e-6
3.864413249481599e-6
3.932921060445593e-6
4.0025462872545005e-6
4.073305549069054e-6
4.145215688222381e-6
4.218293772900733e-6
4.292557099852548e-6
4.3680231971268395e-6
4.444709826840476e-6
4.522634987975121e-6
4.601816919203947e-6
4.682274101748323e-6
4.764025262265021e-6
4.847089375763904e-6
4.931485668556641e-6
5.017233621236668e-6
5.104352971690667e-6
5.1928637181418405e-6
5.282786122225412e-6
5.374140712096525e-6
5.466948285570908e-6
5.561229913298621e-6
5.657006941971207e-6
5.754300997562503e-6
5.853133988603562e-6
5.9535281094918145e-6
6.055505843835073e-6
6.159089967830345e-6
6.2643035536782125e-6
6.371169973032697e-6
6.4797129004872995e-6
6.5899563170972905e-6
6.701924513938796e-6
6.8156420957048554e-6
6.931133984339053e-6
7.048425422706655e-6
7.167541978304154e-6
7.288509547007094e-6
7.411354356856862e-6
7.536102971886572e-6
7.662782295986859e-6
7.791419576811133e-6
7.922042409721613e-6
8.054678741775903e-6
8.189356875754741e-6
8.326105474231184e-6
8.464953563681765e-6
8.605930538639846e-6
8.749066165891819e-6
8.894390588716206e-6
9.041934331166437e-6
9.191728302397403e-6
9.343803801036461e-6
9.49819251959905e-6
9.65492654894964e-6
9.814038382808079e-6
9.975560922302206e-6
0.000010139527480566595
0.000010305971787388616
0.000010474927993901414
0.000010646430677325004
0.000010820514845755333
0.000010997215943002293
0.000011176569853476658
0.000011358612907126778
0.00001154338188442526
0.000011730914021406196
0.000011921247014753637
0.000012114419026941078
0.000012310468691423582
0.000012509435117881682
0.000012711357897518995
0.000012916277108412496
0.000013124233320917618
0.00001333526760312702
0.000013549421526384958
0.000013766737170856843
0.000013987257131154839
0.000014211024522020213
0.000014438082984062506
0.000014668476689556478
0.000014902250348297283
0.000015139449213514116
0.000015380119087843284
0.00001562430632936108
0.00001587205785767697
0.0000161234211600878
0.000016378444297793314
0.000016637175912174096
0.0000168996652311318
0.000017165962075492954
0.000017436116865476376
0.000017710180627225157
0.00001798820499940372
0.000018270242239860352
0.000018556345232356283
0.000018846567493361448
0.00001914096317891771
0.00001943958709157058
0.000019742494687369323
0.00002004974208293673
0.000020361386062608857
0.00002067748408564573
0.000020998094293523352
0.000021323275517246363
0.000021653087284837108
0.000021987589828794186
0.00002232684409367703
0.000022670911743755152
0.000023019855170732457
0.000023373737501548256
0.00002373262260625478
0.000024096575105972584
0.00002446566038092418
0.00002483994457854689
0.0000252194946216854
0.000025604378216864905
0.000025994663862645756
0.000026390420858059993
0.000026791719311130856
0.00002719863014747598
0.0000276112251189947
0.000028029576812641
0.0000284537586592752
0.00002888384494263783
0.000029319910808339592
0.00002976203227301224
0.000030210286233512007
0.000030664750476220295
0.00003112550368643594
0.00003159262545785856
0.000032066196302165035
0.00003254629765344377
0.000033033011904135684
0.00003352642236254038
0.00003402661331512488
0.000034533670010399676
0.000035047678674304775
0.00003556872652045869
0.0000360969017605084
0.000036632293614578476
0.00003717499232182357
0.000037725089151081844
0.000038282676411633475
0.00003884784746406223
0.00003942069673122412
0.000040001319709321285
0.00004058981297908381
0.000041186274217060105
0.000041790802207016836
0.0000424034968514493
0.00004302445918320316
0.00004365379137720918
0.00004429159676233124
0.000044937979833329294
0.00004559304626293799
0.000046256902914062316
0.000046929657852091165
0.00004761142035732939
0.00004830230093755116
0.00004900241134067365
0.000049711864567553385
0.00005043077488490638
0.000051159257838352844
0.00005189743026558767
0.000052645410309678135
0.00005340331743248989
0.00005417127242824208
0.0000549493974371933
0.000055737815959459706
0.0000565366528689657
0.00005734603442752927
0.000058166088299082874
0.00005899694356403115
0.00005983873073374661
0.000060691581765205344
0.0000615556300757625
0.00006243101055807083
0.00006331785959514161
0.00006421631507555123
0.000065126516408793
0.00006604860454077688
0.00006698272196947809
0.00006792901276073514
0.00006888762256420048
0.00006985869862944338
0.00007084238982220773
0.00007183884664082514
0.00007284822123278602
0.00007387066741146913
0.00007490634067303112
0.00007595539821345859
0.0000770179989457824
0.00007809430351745818
0.00007918447432791139
0.00008028867554625209
0.00008140707312915787
0.00008253983483892849
0.00008368713026171292
0.00008484913082591058
0.00008602600982074883
0.00008721794241503734
0.00008842510567610249
0.00008964767858890179
0.00009088584207532114
0.00009213977901365695
0.000093409674258283
0.00009469571465950651
0.00009599808908361151
0.0000973169884330963
0.00009865260566710115
0.00010000513582203336
0.00010137477603238575
0.00010276172555175774
0.00010416618577407236
0.00010558836025499984
0.00010702845473358039
0.00010848667715405792
0.00010996323768791836
0.00011145834875613941
0.00011297222505165043
0.00011450508356200839
0.00011605714359228741
0.00011762862678818848
0.0001192197571593659
0.00012083076110297869
0.000122461867427464
0.000124113307376538
0.00012578531465342233
0.00012747812544530493
0.00012919197844802875
0.00013092711489101947
0.00013268377856244604
0.00013446221583462314
0.0001362626756896537
0.00013808540974531464
0.0001399306722811888
0.00014179872026504558
0.00014368981337947064
0.00014560421404874883
0.00014754218746083794
0.0001495040016153389
0.0001514899273204267
0.000153500238241154
0.00015553521092256202
0.00015759512481813178
0.00015968026231850228
0.00016179090878046295
0.00016392735255621956
0.0001660898850229385
0.00016827880061257047
0.00017049439684195647
0.00017273697434321987
0.00017500683689444481
0.00017730429145064772
0.0001796296481750385
0.00018198322047058063
0.00018436532501184968
0.0001867762817771912
0.0001892164140811863
0.00019168604860742046
0.00019418551544156696
0.00019671514810477912
0.00019927528358740115
0.00020186626238299628
0.00020448842852269848
0.00020714212960988587
0.00020982771685518624
0.00021254554511180996
0.00021529597291121804
0.00021807936249903118
0.00022089607987176146
0.00022374649481292385
0.00022663098093045632
0.00022954991569400782
0.00023250368047268005
0.00023549266057311939
0.00023851724527797606
0.00024157782788471766
0.0002446748057448184
0.00024780858030330977
0.0002509795571387128
0.00025418814600333846
0.000257434760863979
0.00026071981994297086
0.0002640437457596577
0.0002674069651722352
0.000270809909419995
0.00027425301416596616
0.0002777367195399597
0.0002812614701820177
0.00028482771528627387
0.0002884359086452261
0.0002920865086944277
0.00029577997855759913
0.0002995167860921668
0.0003032974039352282
0.0003071223095499522
0.00031099198527241893
0.000314906918358895
0.00031886760103356045
0.0003228745305366829
0.00032692820917324446
0.00033102914436202775
0.000335177848685166
0.0003393748399381574
0.0003436206411803517
0.00034791578078591234
0.0003522607924952586
0.0003566562154669911
0.0003611025943303077
0.0003656004792379126
0.0003701504259194218
0.00037475299573527484
0.0003794087557311494
0.00038411827869289246
0.0003888821432019668
0.00039370093369141626
0.0003985752405023641
0.0004035056599410364
0.000408492794336326
0.00041353725209789785
0.0004186396477748376
0.0004238006021148564
0.0004290207421240494
0.0004343007011272176
0.0004396411188287563
0.0004450426413741175
0.0004505059214118486
0.0004560316181562147
0.0004616203974504107
0.0004672729318303683
0.0004729899005891585
0.00047877198984200395
0.00048461989259190316
0.0004905343087958657
0.0004965159454317766
0.0005025655165658832
0.0005086837434209213
0.0005148713544448762
0.0005211290853803963
0.0005274576793348517
0.0005338578868510579
0.0005403304659786569
0.0005468761823461733
0.0005534958092337479
0.0005601901276465495
0.0005669599263888838
0.0005738060021389872
0.000580729159524538
0.0005877302111988559
0.0005948099779178444
0.0006019692886176238
0.0006092089804929255
0.0006165298990761917
0.0006239328983174429
0.0006314188406648764
0.0006389885971462335
0.0006466430474509254
0.0006543830800129273
0.0006622095920944557
0.0006701234900940065
0.000678125688755655
0.0006862171125420775
0.0006943986948809989
0.0007026713784586839
0.0007110361153084306
0.0007194938668998969
0.0007280456042292666
0.0007366923079102582
0.0007454349678578199
0.0007542745849907071
0.0007632121689441968
0.0007722487397294895
0.0007813853274433363
0.0007906229723642994
0.0007999627250499019
0.0008094056464346912
0.0008189528079292331
0.0008286052915200151
0.0008383641898699745
0.0008482306064215985
0.0008582056554977146
0.0008682904624065056
0.0008784861635458678
0.0008887939065090782
0.0008992148501914454
0.000909750164897966
0.000920401032451986
0.0009311686463048812
0.00094205421164677
0.0009530589455182537
0.0009641840769232073
0.0009754308469426346
0.0009868005088495807
0.0009982943282251199
0.0010099135830754383
0.0010216595639500044
0.0010335335740608526
0.0010455369294029798
0.0010576709588758686
0.001069937004406158
0.0010823364210714435
0.0010948705772252582
0.0011075408546232061
0.0011203486485502916
0.0011332953679494234
0.0011463824355511382
0.0011596112880045302
0.0011729833760094042
0.0011865001644496714
0.0012001631325279914
0.0012139737739016703
0.0012279335968198382
0.0012420441242619
0.0012563068940772985
0.001270723459126564
0.0012852953874224959
0.001300024262278569
0.001314911682447117
0.0013299592622701096
0.0013451686318263897
0.0013605414370797464
0.0013760793400305607
0.0013917840188672527
0.001407657168119752
0.0014237004988165633
0.0014399157386322376
0.0014563046320581502
0.00147286894055313
0.0014896104427062561
0.0015065309343990725
0.001523632228969305
0.0015409161573761133
0.0015583845683668697
0.0015760393286455314
0.0015938823230425474
0.0016119154546863864
0.0016301406451766566
0.0016485598347588226
0.0016671749825005976
0.0016859880664699583
0.0017050010839148098
0.0017242160514443624
0.0017436350052121821
0.0017632600011009611
0.0017830931149090082
0.0018031364425384804
0.0018233921001853857
0.0018438622245313464
0.0018645489729371713
0.0018854545236382087
0.0019065810759415572
0.0019279308504250965
0.0019495060891383887
0.001971309055805442
0.0019933420360293904
0.0020156073374990686
0.0020381072901975153
0.0020608442466124384
0.002083820581948632
0.0021070386943423847
0.002130501005077883
0.0021542099588056436
0.0021781680237629836
0.002202377691996547
0.002226841479586906
0.002251561926875267
0.002276541598692289
0.0023017830845890415
0.0023272889990701086
0.0023530619818288782
0.0023791046979850386
0.0024054198383242605
0.00243201011954015
0.00245887828447844
0.0024860271023834615
0.002513459369146932
0.002541177907559048
0.0025691855675619188
0.0025974852265053844
0.002626079789405211
0.0026549721892036877
0.0026841653870326577
0.0027136623724790332
0.0027434661638527295
0.0027735798084571562
0.002804006382862202
0.0028347489931797656
0.0028658107753418765
0.0028971948953813898
0.0029289045497153127
0.0029609429654307673
0.0029933134005736242
0.003026019144439823
0.0030590635178694265
0.003092449873543384
0.003126181596283112
0.003160262103352818
0.0031946948447646806
0.0032294833035868553
0.0032646309962543574
0.0033001414728828513
0.0033360183175853686
0.0033722651487919563
0.003408885619572322
0.003445883417961497
0.003483262267288519
0.003521025926508189
0.0035591781905359113
0.0035977228905856662
0.0036366638945111275
0.003676005107149965
0.0037157504706713433
0.0037559039649266903
0.0037964696078036826
0.0038374514555836016
0.003878853603301944
0.003920680185112455
0.003962935374654522
0.004005623385424002
0.004048748471147503
0.004092314968021277
0.004136327131468248
0.004180789326727352
0.004225706067444178
0.004271081768555201
0.0043169209332290775
0.0043632281075847
0.00441000788109429
0.0044572648869902805
0.004505003802675963
0.004553229350139982
0.004601946296374665
0.004651159453798582
0.004700873680681462
0.0047510938815762795
0.004801825007752061
0.004853072057632457
0.004904840077237986
0.004957134160632453
0.005009959450373489
0.0050633211379673285
0.00511722446432778
0.005171674720239478
0.005226677246825473
0.005282237436019174
0.005338360731040652
0.005395052626877403
0.005452318670769609
0.005510164462699877
0.0055685956558875465
0.005627617957287633
0.005687237128094382
0.005747458984249516
0.005808289396955237
0.005869734293191973
0.005931799656240962
0.005994491526211716
0.006057816000574347
0.006121779234696918
0.006186387442387719
0.006251646896442689
0.006317563929197785
0.006384144933086674
0.0064513963612034715
0.006519324727870768
0.006587936609212997
0.006657238643735016
0.006727237532906205
0.0067979400417498975
0.006869352999438364
0.006941483299893309
0.0070143379023919275
0.007087923832178673
0.007162248181082633
0.007237318108140706
0.007313140840226588
0.007389723672685544
0.007467073969975143
0.007545199166311965
0.0076241067663242535
0.007703804345710721
0.007784299551905427
0.007865600104748889
0.007947713797165398
0.00803064849584663
0.008114412141941679
0.008199012751753406
0.008284458417441395
0.008370757307731326
0.008457917668631005
0.008545947824153088
0.008634856177044441
0.00872465120952472
0.008815341484019986
0.008906935643926696
0.008999442414359373
0.009092870602916756
0.00918722910045302
0.009282526881855912
0.009378773006832252
0.009475976620700733
0.009574146955192066
0.009673293329256564
0.009773425149879276
0.009874551912902627
0.009976683203856791
0.010079828698797746
0.010183998165153058
0.010289201462575694
0.010395448543805575
0.010502749455539312
0.010611114339307892
0.010720553432362638
0.010831077068569285
0.010942695679310504
0.011055419794396702
0.011169260042985366
0.011284227154508882
0.011400331959611041
0.011517585391092239
0.01163599848486342
0.01175558238107713
0.01187634832443021
0.011998307666142485
0.012121471864285457
0.012245852484761609
0.01237146120304727
0.012498309804112394
0.012626410184177178
0.01275577435156705
0.012886414427759478
0.013018342648439842
0.013151571364567577
0.013286113043451982
0.013421980269838115
0.013559185747002864
0.01369774229786095
0.013837662866081523
0.013978960517214884
0.014121648439829802
0.014265739946805349
0.01441124847590317
0.014558187591830337
0.014706570986815123
0.014856412481951175
0.01500772602839971
0.015160525708602865
0.015314825737508283
0.015470640463805162
0.01562798437117171
0.015786872079534206
0.015947318346337794
0.016109338067913034
0.016272946280464485
0.01643815816179302
0.016604989032364653
0.016773454356697342
0.016943569744704342
0.017115350953049807
0.017288813886517203
0.017463974599390347
0.01764084929684719
0.017819454336366773
0.017999806229148964
0.018181921641547603
0.018365817396516885
0.01855151047507113
0.018739018017758156
0.01892835732614636
0.01911954586432555
0.019312601260421756
0.01950754130812607
0.0197043839682378
0.019903147370221717
0.020103849813780036
0.020306509770438828
0.020511145885149188
0.0207177769779033
0.02092642204536547
0.021137100262518395
0.021349830984324608
0.021564633747403358
0.021781528271723156
0.022000534462309967
0.022221672410971224
0.022444962398035964
0.022670424894110985
0.022898080561853433
0.023127950257759752
0.023360055033971244
0.02359441614009655
0.02383105502505076
0.024069993338911896
0.024311252934794424
0.024554855870740255
0.024800824411627287
0.025049181031095616
0.02529994841026447
0.025553149452541207
0.02580880726643034
0.026066945180244036
0.0263275867409595
0.02659075571625514
0.02685647609656933
0.027124772097158523
0.027395668160214444
0.02766918895696091
0.02794535938979011
0.028224204594414652
0.02850574994203973
0.02879002104155524
0.029077043741748538
0.02936684413353733
0.029659448552223775
0.02995488357976901
0.03025317604708913
0.030554353036372404
0.03085844188341784
0.03116547017999561
0.03147546577622954
0.031788456783001094
0.0321044715743765
0.03242353879005568
0.032745687337844345
0.03307094639614891
0.03339934541649439
0.03373091412606599
0.034065682530273936
0.034403680915342454
0.03474493985092229
0.0350894901927281
0.0354373630851997
0.03578858996418846
0.036143202559668304
0.036501232898472215
0.03686271330705362
0.03722767641427392
0.03759615515421559
0.037968182769021454
0.03834379281176026
0.038723019149318874
0.039105895965321366
0.03949245776307502
0.039882739368543835
0.0402767759333495
0.040674602937800314
0.04107625619394808
0.04148177184867354
0.04189118638680005
0.04230453663423672
0.042721859761150234
0.04314319328516618
0.043568575074600324
0.043998043351719536
0.04443163669603319
0.04486939404761503
0.04531135471045571
0.04575755835584669
0.04620804502579531
0.0466628551364716
0.04712202948168719
0.04758560923640617
0.04805363596028892
0.04852615160126848
0.049003198499160266
0.049484819389305094
0.04997105740624633
0.05046195608744074
0.05095755937700406
0.05145791162949098
0.05196305761371076
0.05247304251657748
0.05298791194699657
0.05350771193978722
0.054032488959640954
0.054562289905117446
0.05509716211267658
0.05563715336074878
0.05618231187384251
0.056732686326689895
0.057288325848431285
0.05784928002683778
0.05841559891257379
0.058987333023498574
0.059564533349007735
0.06014725135441507
0.06073553898537528
0.06132944867234721
0.06192903333509852
0.06253434638725282
0.06314544174087804
0.06376237381111798
0.06438519752086647
0.06501396830548507
0.06564874211756454
0.0662895754317299
0.06693652524949116
0.06758964910413787
0.06824900506567956
0.06891465174583226
0.06958664830305082
0.07026505444760785
0.07094993044672006
0.07164133712972208
0.072339335893288
0.07304398870670167
0.07375535811717276
0.07447350725521604
0.07519849984005281
0.07593040018509044
0.07666927320343847
0.07741518441347886
0.07816819994448759
0.0789283865423085
0.07969581157508003
0.08047054303901466
0.08125264956423196
0.08204220042064594
0.08283926552390697
0.08364391544139832
0.0844562213982889
0.08527625528364184
0.0861040896565795
0.08693979775250599
0.08778345348938718
0.08863513147408884
0.0894949070087737
0.0903628560973577
0.0912390554520263
0.0921235824998107
0.09301651538922573
0.09391793299696836
0.09482791493467935
0.09574654155576641
0.09667389438441143
0.09761005446311088
0.09855510432494843
0.099509128291356
0.10047221007798131
0.10144443463571852
0.10242588770679985
0.10341665583214144
0.10441682635875868
0.10542648744724886
0.1064457280793444
0.10747463806553466
0.10851330805276016
0.10956182953217629
0.11062029484699062
0.11168879720038295
0.11276743066344198
0.11385629018329094
0.11495547159117239
0.11606507161066654
0.11718518786597334
0.11831591889027204
0.11945736413415778
0.12060962397415663
0.12177279972131946
0.12294699362989515
0.12413230890608457
0.12532884971687594
0.1265367211989607
0.12775602946773412
0.1289868816263773
0.13022938577502496
0.13148365102001627
0.1327497874832341
0.13402790631152786
0.13531811968622606
0.13662054083273534
0.13793528403022962
0.13926246462142838
0.14060219902246535
0.1419546047328496
0.1433198003455182
0.14469790555698178
0.14608904117756472
0.14749332914174001
0.14891089251855996
0.15034185552218346
0.1517863435225002
0.15324448305585445
0.15471640183586766
0.15620222876436118
0.15770209394238027
0.1592161286813202
0.16074446551415594
0.1622872382067752
0.16384458176941702
0.16541663246821575
0.1670035278368523
0.1686054066883143
0.1702224091267629
0.17185467655951192
0.17350235170911668
0.17516557862557486
0.17684450269864121
0.17853927067025532
0.18025003064708514
0.18197693211318655
0.1837201259427808
0.18547976441314878
0.18725600121764627
0.1890489914788395
0.1908588917617622
0.19268586008729444
0.19453005594566736
0.19639164031009176
0.19827077565051307
0.20016762594749415
0.20208235670622637
0.20401513497067042
0.20596612933782804
0.20793550997214755
0.209923448620059
0.21193011862464947
0.21395569494046843
0.21600035414847535
0.2180642744711218
0.2201476357875764
0.2222506196490883
0.22437340929449529
0.22651618966587317
0.22867914742433196
0.23086247096595772
0.2330663504379015
0.2352909777546189
0.23753654661425844
0.23980325251520265
0.24209129277276137
0.24440086653602183
0.24673217480485132
0.2490854204470624
0.25146080821573075
0.2538585447666792
0.2562788386761206
0.25872190045846516
0.26118794258429107
0.26367717949848496
0.2661898276385471
0.26872610545306735
0.2712862334203732
0.27387043406734823
0.27647893198842816
0.2791119538647688
0.28176972848359577
0.284452486757725
0.2871604617452909
0.28989388866960664
0.29265300493925867
0.29543805016836283
0.29824926619701064
0.3010868971119092
0.3039511892672074
0.306842391305519
0.3097607541791387
0.3127065311714547
0.31567997791855956
0.3186813524310617
0.32171091511609795
0.32476892879955266
0.3278556587484779
0.3309713726937256
0.3341163408527882
0.3372908359528483
0.340495133254046
0.3437295105729584
0.346994248306298
0.35028962945483005
0.3536159396475123
0.35697346716585693
0.36036250296851935
0.36378334071610574
0.3672362767962514
0.37072161034885076
0.37423964329159937
0.3777906803457368
0.38137502906203175
0.38499299984700935
0.38864490598942136
0.39233106368696274
0.396051792073232
0.39980741324494556
0.4035982522894015
0.407424637312198
0.4112868994652095
0.4151853729748214
0.4191203951704248
0.4230923065131769
0.42710145062502897
0.43114817431801866
0.4352328276238372
0.43935576382367203
0.4435173394783193
0.44771791445858133
0.4519578519759445
0.45623751861353723
0.46055728435738025
0.46491752262792163
0.4693186103118682
0.4737609277943062
0.4782448589911097
0.4827707913817216
0.4873391160420887
0.4919502276780507
0.4966045246319525
0.5013024090243727
0.5060442866271971
0.5108305670053045
0.5156616635247908
0.5205379933881948
0.5254599776700497
0.5304280413527648
0.535442613362837
0.5405041266074009
0.5456130180111154
0.550769728553391
0.5559747033059645
0.5612283914708194
0.5665312464184578
0.5718837257265276
0.5772862912188063
0.582739409004548
0.5882435495181901
0.5937991875594333
0.5994068023336866
0.6050668774928947
0.6107799011767361
0.6165463660542044
0.6223667693655792
0.6282416129647788
0.6341714033621104
0.6401566517674141
0.6461978741336037
0.6522955912006175
0.6584503285397686
0.6646626165985103
0.6709329907456162
0.6772619913167738
0.6836501636606072
0.6900980581851202
0.6966062304045725
0.7031752409867913
0.709805655800912
0.7164980459655755
0.7232529878975592
0.7300710633608647
0.7369528595162566
0.7438989689712643
0.7509099898306416
0.7579865257472974
0.7651291859736946
0.7723385854137309
0.7796153446750911
0.7869600901220907
0.7943734539290095
0.8018560741339115
0.8094085946929716
0.8170316655353023
0.8247259426182825
0.8324920879834083
0.8403307698126558
0.848242662485363
0.856228446635643
0.8642888092103289
0.8724244435274486
0.8806360493352502
0.8889243328717693
0.8972900069249432
0.9057337908932913
0.9142564108471515
0.9228585995904812
0.9315410967232376
0.9403046487043276
0.94915000891515
0.9580779377237139
0.9670892025493614
0.9761845779280857
0.9853648455784495
0.9946307944681231
1.003983220881029
1.0134229284851133
1.022950728400746
1.0325674392697464
1.0422738873250614
1.0520709064610714
1.0619593383045627
1.0719400322863482
1.082013845713555
1.0921816438425778
1.1024442999527102
1.1128026954204577
1.123257719794539
1.1338102708715745
1.144461254772493
1.155211586019623
1.1660621876145156
1.1770139911164799
1.1880679367218472
1.1992249733439655
1.2104860586939419
1.221852159362129
1.233324250900359
1.244903317904869
1.2565903541003935
1.2683863624242242
1.2802923263728412
1.292309313840794
1.3044383895286873
1.316680502998571
1.329036744489889
1.3415081740366053
1.354095861499619
1.3668008866577854
1.3796243392997676
1.3925673193167494
1.405630936795991
1.4188163121152664
1.4321245760381611
1.4455568698102668
1.4591143452562507
1.4727981648778372
1.4866095019526884
1.5005495406342042
1.5146194760522405
1.5288205144147622
1.5431538731104504
1.55762078081222
1.5722224773373632
1.5869602147210915
1.6018352558850326
1.616848875693905
1.6320023608289627
1.6472970098974273
1.6627341335429318
1.6783150545569894
1.6940411079914897
1.7099136412722336
1.7259340143135338
1.7421036043890439
1.7584237875333875
1.7748959609076431
1.791521545974741
1.8083019617870126
1.8252386456563043
1.842333048215355
1.859586633541155
1.8770008792794564
1.8945772767704037
1.9123173311753616
1.9302225616048985
1.948294501247959
1.9665346975022346
1.9849447121057349
2.0035261212697515
2.022280515812201
2.041209501293905
2.060314698154429
2.0795977418500287
2.099060282992698
2.1187039874905227
2.138530536689308
2.158541627515536
2.1787389726206334
2.199124300526592
2.219699355772914
2.240465899064936
2.2614257074235224
2.28258057433613
2.303932309909298
2.3254827410225194
2.3472337114835584
2.369187082185202
2.391344731263446
2.4137085542571755
2.436280464269286
2.459062392129332
2.48205628655766
2.5052641143310574
2.528687860449953
2.5523295283071574
2.576191139858145
2.600274735792952
2.624582375709628
2.6491161382893167
2.6738781214727827
2.6988704426393793
2.7240952387860817
2.749554666709755
2.7752509031903325
2.8011861451758278
2.8273626099690774
2.8537825354162085
2.880448180096835
2.9073618235160406
2.934525766298117
2.961942330382098
2.98961385921913
3.0175427179716126
3.045731293714257
3.0741819956369363
3.102897255249451
3.1318795265881967
3.161131286424707
3.1906550344761624
3.2204532936178363
3.250528610097491
3.2808835537517975
3.3115207182247093
3.3424427211878966
3.373652204563198
3.405151834747145
3.4369443028375586
3.4690323248622312
3.5014186420097597
3.534106020862469
3.567097253631535
3.6003951583942384
3.634002579333477
3.6679223869794235
3.7021574784534637
3.736710777714401
3.771585235806889
3.8067838311122215
3.842309569601415
3.8781654850906264
3.914354639498949
3.9508801231085937
3.987745054827483
4.024952582454238
4.062505882945688
4.100408162686781
4.13866265776305
4.1772726342355675
4.216241388418459
4.255572247158975
4.295268568120167
4.335333740066176
4.375771183150155
4.416584349204863
4.4577767220359465
4.499351817717939
4.541313184892991
4.583664405072365
4.626409092940744
4.669550896663325
4.713093498195772
4.7570406135970265
4.8013959933450625
4.846163422655419
4.891346721802909
4.936949746446118
4.982976387954958
5.029430573741295
5.076316267592579
5.1236374700086005
5.171398218541371
5.219602588138073
5.268254691487307
5.317358679368423
5.366918741004175
5.416939104416588
5.467424036786113
5.51837784481418
5.56980487508899
5.6217095144548095
5.674096190384582
5.726969371356076
5.780333558959642
5.834193322329543
5.888553252366526
5.9434179717381905
5.998792167021677
6.054680560819032
6.111087919469145
6.168019053452607
6.225478817800352
6.283472112506069
6.34200388294238
6.401079120280946
6.460702861916398
6.520880191894256
6.581616241342717
6.642916188908554
6.704785261196944
6.767228733215415
6.830251928821933
6.893860221177049
6.958059033200322
7.022853838030909
7.088250159492442
7.154253572562179
7.220869703844556
7.288104232049055
7.355962888472523
7.424451457485979
7.493575777025866
7.563341739089923
7.633755290237581
7.704822432095042
7.776549221864979
7.848941772840997
7.922005982069388
7.99574889516048
8.07017597824277
8.145293847071427
8.221108903279609
8.297627607779651
8.374856481311722
8.45280210499765
8.531471120899862
8.610870232585428
8.691006205695386
8.771885868519332
8.853516112575317
8.935903893195098
9.019056230114794
9.102980208071095
9.187682977402892
9.273171754658478
9.359453823208431
9.44653653386414
9.534427305502035
9.623133625693614
9.712663051341323
9.803023209320235
9.894221797125795
9.98626658352745
10.079165409228372
10.172926187531303
10.267556905010549
10.363065622190138
10.459460474228361
10.556749671608559
10.654941500836339
10.754044325143251
10.854066585196941
10.9550167998179
11.056903566702886
11.15973556315495
11.263521546820279
11.368270356431879
11.473990912560053
11.580692218369935
11.688383360385936
11.797073509263337
11.906771920566987
12.017487935557174
12.129230981982875
12.242010574882235
12.355836317390503
12.470717901555467
12.58666510916035
12.703687812554472
12.821795975491403
12.940999653975096
13.061308997113596
13.182734247980896
13.305285744486625
13.42897392025376
13.553809305504629
13.679802527954893
13.806964313715984
13.935305488205774
14.064836977067777
14.195569807098728
14.327515107184835
14.460684109246747
14.595088149193092
14.730738667883017
14.86764721209754
15.005825435519908
15.145285099725053
15.28603807517816
15.428096342242517
15.571471992196681
15.716177228261024
15.862224366633855
16.00962583753704
16.15839418627134
16.308542074281565
16.46008228023145
16.613027701088672
16.76739135321971
16.923186373494968
17.080426020404094
17.239123675114158
17.399292842873848
17.560947153760235
17.72410036410078
17.888766357648272
18.054959146469486
18.22269287256795
18.391981808797073
18.562840360143355
18.735283064949332
18.9093245961478
19.084979762507526
19.262263509890413
19.441190922520295
19.621777224263603
19.804037779921668
19.98798809653516
20.173643824700527
20.361020759898675
20.550134843835785
20.7410021657968
20.933638964011113
21.128061627031233
21.32428669512388
21.522330861674302
21.722210974603247
21.92394403779724
22.12754721255212
22.33303781902976
22.540433337728537
22.74975141096707
22.96100984438204
23.174226608439575
23.389419839960862
23.606607843661607
23.825809093706102
24.04704223527528
24.270326086149574
24.49567963830634
24.72312205953194
24.95267269504891
25.184351069158122
25.418176886896163
25.65417003570794
25.892350587134956
26.132738798519046
26.375355114721923
26.620220169860747
26.86735478905951
27.11677999021698
27.368516985790546
27.622587184597048
27.879012193629944
28.13781381989348
28.39901407225364
28.662635163306405
28.92869951126324
29.197229741854027
29.46824869024753
29.741779402989838
30.0178381382701
30.296469376346714
30.57767580463652
30.861488336629222
31.147931105465354
31.4370284676751
31.728805005245693
32.023285527707976
32.320495074242174
32.62045891580335
32.92320255726625
33.228751739590344
33.53713244200448
33.848370884212194
34.162493528617155
34.47952708256918
34.79949850063122
35.12243498686718
35.448363997150935
35.777313241496884
36.10931068641169
36.444384557268094
36.78256334070073
37.123875787023856
37.46835091267163
37.816018002660996
38.16690661307715
38.521046573582346
38.87846798994755
39.23920124660783
39.60327700924117
39.970726227371294
40.3415801369944
40.71587026323058
41.09362842299921
41.474886727719586
41.85967758603633
42.248033706570055
42.639988100693344
43.0355740853329
43.43482528579691
43.83777563862913
44.24445939448914
44.654911121059364
45.06916570597887
45.48725835980438
45.90922461899875
46.335100348946995
46.764921747000244
47.19872534554784
47.63654801511807
48.07842696750726
48.52439975893809
48.97450429324693
49.42877882510103
49.88726196324486
50.34999267377718
50.817010283457975
51.28835448304863
51.76406533067048
52.2441832552196
52.72874905978805
53.217803925184214
53.711389413206305
54.20954747050379
54.71232043191358
55.21975102410916
55.731882369226774
56.24875798852505
56.7704218060786
57.29691815250584
57.828291768731326
58.36458780978225
58.90585184862172
59.45212988001518
60.00346832443507
60.55991403199919
61.121514286448026
61.68831680915631
62.26036976318391
62.83772175736285
63.42042185042265
64.00851955515367
64.60206484260925
65.20110814634631
65.80570036670575
66.41589287513169
67.03173751853173
67.65328662367624
68.28059300163959
68.91370995228205
69.55269126877253
70.19759124215418
70.84846466595145
71.50536684082054
72.16835357924195
72.83748121025731
73.51280658424953
74.19438707776723
74.88228059839435
75.57654558966375
76.27724103601737
76.98442646781183
77.69816196637007
78.4185081690803
79.1455262745417
79.87927804775798
80.61982582537871
81.36723252098973
82.12156163045164
82.8828772372887
83.65124401812662
84.42672724818131
85.20939280679838
85.99930718304347
86.79653748134491
87.60115142718807
88.41321737286246
89.23280430326265
90.05998184174179
90.89482025602031
91.73739046414892
92.58776404052614
93.44601322197295
94.31221091386224
95.18643069630548
96.0687468303973
96.95923426451657
97.85796864068696
98.76502630099579
99.68048429407203
100.60442038162518
101.5369130450434
102.4780414920537
103.42788566344353
104.38652623984419
105.35404464857727
106.33052307056468
107.31604444730188
108.31069248789672
109.31455167617277
110.32770727783772
111.35024534771989
112.38225273706954
113.4238171009301
114.4750269055746
115.53597143595175
116.60674080346656
117.68742595338638
118.77811867267506
119.87891159776382
120.989898222411
122.11117290563648
123.24283087972782
124.38496825832203
125.53768204456107
126.70107013932343
127.87523134953068
129.06026539653325
130.25627292457145
131.46335550931545
132.6816156664855
133.91115686054982
135.15208351350535
136.404501013737
137.66851572496182
138.94423499525365
140.23176716615222
141.53122158337948
142.8427086001046
144.1663395952103
145.502226976888
146.8504841936193
148.21122574380442
149.5845671854757
150.97062514610528
152.3695173324996
153.78136254078854
155.20628066650497
156.64439271475885
158.09582081050425
159.5606882089025
161.039119305781
162.5312396481882
164.03717594504647
165.55705607790438
167.0910091117872
168.6391653061488
170.20165612592425
171.77861425268517
173.37017359589768
174.9764693042858
176.5976377772981
178.23381667668176
179.88449747444258
181.55176278324024
183.2338117310732
184.93143461049965
186.64477557215085
188.3739801006835
190.11919502712442
191.88056854132893
193.65825020455566
195.45239096215616
197.26314315638407
199.09066053932
200.93509828591857
202.79661300717456
204.67536276341147
206.5715070776943
208.4852069493626
210.41662486769428
212.3659248256901
214.33327233399126
216.31883443492035
218.32277971665727
220.34527832754173
222.3865019905121
224.44662401767553
226.5258193250128
228.62426444722075
230.74213755269054
232.8796184586256
235.03688864629868
237.21413127645036
239.4115312048307
241.62927499788333
243.86755094857617
246.12654909237656
248.40646122337773
250.70748091057004
253.0298035142666
255.37362620267885
257.7391479686455
260.12656964651785
262.5360939291987
264.9679253853428
267.42227047671133
269.89933757569213
272.3993369829787
274.9224809454135
277.46898367399757
280.0390613620648
282.632932203627
285.25081641188444
287.8929362379142
290.55951598952373
293.2507820502861
295.9669628987456
298.7082891278045
301.4749934642893
304.2673107886948
307.085478155114
309.92973481135266
312.8003222192265
315.6974840750502
318.6214663303133
321.572517212549
324.5508872463948
327.5568292747432
330.59059848061577
333.6524524081861
336.7426509850484
339.8614565441666
343.00913384613415
346.18595010163585
349.39217499412206
352.6280807026874
355.8939419251669
359.19003590157286
362.5166424370933
365.87404392661585
369.26252537816765
372.6823744372264
376.1338814111267
379.6173392936893
383.1330437975298
386.6812933482605
390.2623891577136
393.87663521656066
397.524338325954
401.2058081354483
404.92135714942435
408.67130076812424
412.4559573104747
416.27564804108874
420.1306971975309
424.0214320178208
427.9481827681999
431.91128277115297
435.91106843368823
439.94787927587936
444.02205795967313
448.13395031796125
452.2839053839208
456.4722754206319
460.69941595096077
464.965685787726
469.27144706414214
473.6170652645418
478.0029092553879
482.4293513165692
486.896767172982
491.40553602641387
495.95604058771374
500.548667109261
505.18380541773905
509.8618489472085
514.5831947724864
519.3482436428378
524.1574000159752
529.0110720923734
533.9096718499036
538.8536150787867
543.8433214168709
548.8792143852328
553.9617214241124
559.0912739291782
564.2683072881262
569.4932609176217
574.7665783005793
580.0887070237899
585.4600988158937
590.8812095857078
596.3524994609058
601.8744328270568
607.4474783670231
613.0721091007274
618.7488024252822
624.4780401554947
630.2603085647444
636.0960984262404
641.9859050546589
647.9302283481667
653.9295728308334
659.9844476954374
666.0953668466659
672.2628489447143
678.4874174492936
684.7696006640381
691.10993178133
697.5089489275351
703.9671952086577
710.4852187564218
717.063572774771
723.7028155868056
730.403510682152
737.1662267647706
743.9915378011981
750.8800230692574
757.8322672071887
764.848860263266
771.9303977458417
779.0774806738854
786.2907156279651
793.5707148017093
800.9180960537554
808.3334829601624
815.8175048673139
823.3707969453202
830.9940002418977
838.6877617367618
846.452734396515
854.2895772300449
862.1989553444361
870.1815400013967
878.2380086742089
886.369045105208
894.5753393637884
902.8575879049497
911.2164936283891
919.652765938127
928.1671208027008
936.7602808159047
945.4329752580932
954.1859401580558
963.0199183554604
971.9356595638775
980.9339204343823
990.0154646197531
999.1810628392569
1008.4314929440391
1017.767539983113
1027.1899962699663
1036.6996614497812
1046.297342567272
1055.983854135157
1065.7600182032638
1075.6266644282696
1085.5846301440868
1095.634760432903
1105.7779081968806
1116.014934230514
1126.346707293657
1136.7741041852312
1147.2980098176117
1157.9193172917026
1168.6389279727043
1179.4577515665917
1190.3767061972842
1201.3967184845417
1212.5187236225847
1223.7436654594258
1235.0724965769452
1246.5061788640517
1258.045681136565
1269.6919841428762
1281.4460757236943
1293.3089533575603
1305.2816237531356
1317.3651029346183
1329.5604163279306
1341.8685988477264
1354.2906949851795
1366.8277588966084
1379.4808544929012
1392.2510555297843
1405.1394456989035
1418.1471187197824
1431.2751784325947
1444.5247388918244
1457.8969244607702
1471.39286990695
1485.0137204983466
1498.7606321006
1512.63477127505
1526.63731537771
1540.76945265915
1555.0323823653116
1569.427314839243
1583.9554716237863
1598.6180855652083
1613.4164009177962
1628.35167344941
1643.4251705480283
1658.638171329268
1673.9919667448978
1689.487859692362
1705.1271651253237
1720.9112101652017
1736.8413342137849
1752.9188890668502
1769.145239028848
1785.5217610286436
1802.049844736342
1818.7308926811727
1835.5663203704871
1852.5575564098413
1869.7060426241928
1887.013234180226
1904.4805997098047
1922.109621434564
1939.9017952916618
1957.8586310606845
1975.9816524917428
1994.2723974347286
2012.7324179697923
2031.363280539017
2050.166566079304
2069.143870156505
2088.296803100769
2107.626990143181
2127.1360715536193
2146.8257027799295
2166.697554588356
2186.753313205284
2206.9946804603087
2227.423373930594
2248.0411270866016
2268.8496894391405
2289.8508266878034
2311.0463208707533
2332.437970515909
2354.027590793525
2375.817013670192
2397.8080880642424
2420.0026800026126
2442.4026727791606
2465.009967114416
2487.8264813168566
2510.8541514456233
2534.0949314748004
2557.5507934591546
2581.223727701454
2605.1157429213094
2629.22886642561
2653.5651442804683
2678.12664148485
2702.915442145723
2727.933649654896
2753.18338686743
2778.6667962817696
2804.38604022147
2830.3433010186686
2856.540781199214
2882.9807036695106
2909.665311905118
2936.596870141071
2963.7776635639684
2991.209998505844
3018.8962026398162
3046.838625177576
3075.0396370686644
3103.501631201631
3132.2270226070286
3161.2182486623
3190.477769298548
3220.0080672092326
3249.8116480607914
3279.8910407052063
3310.248797394543
3340.887493997478
3371.8097302178167
3403.0181298150474
3434.5153408269266
3466.304035794128
3498.3869119869755
3530.7666916342528
3563.446122154164
3596.4279763873974
3629.7150528323773
3663.3101758826538
3697.2161960665426
3731.4359902889187
3765.9724620752972
3800.8285418181613
3836.007187025555
3871.511382571972
3907.344140951623
3943.5085025339313
3980.00753582155
4016.8443377105873
4054.022033753426
4091.54377842379
4129.412755384442
4167.632177757192
4206.205288395556
4245.135360159793
4284.42569619463
4324.079630209412
4364.100526760999
4404.491781539113
4445.256821654488
4486.399105929554
4527.9221251919125
4569.829402570432
4612.1244937941865
4654.810987494045
4697.892505507188
4741.372703184289
4785.255269699685
4829.5439283642845
4874.242436941495
4919.354587965953
4964.884209065328
5010.835163284976
5057.2113494157165
5104.016702324528
5151.2551932884335
5198.930830331325
5247.047658564055
5295.609760527535
5344.621256539151
5394.086305042253
5444.009102958941
5494.393886046157
5545.244929254948
5596.566547093208
5648.363093991642
5700.638964673211
5753.398594525915
5806.646459979132
5860.387078883282
5914.62501089321
5969.364857854877
6024.611264195889
6080.368917319377
6136.642548001769
6193.436930794
6250.756884426692
6308.607272218831
6366.993002490436
6425.91902897886
6485.39035125915
6545.4120151680745
6605.989113232266
6667.126785100182
6728.830217978192
6791.104647070533
6853.955356023561
6917.387677373853
6981.406993000704
7046.018734582603
7111.228384058121
7177.041474090843
7243.463588538877
7310.500362928406
7378.157484931902
7446.440694850544
7515.355786101253
7584.908605708114
7655.105054798489
7725.9510891035015
7797.452719463459
7869.616012337598
7942.447090318894
8015.952132653304
8090.137375764131
8165.009113780954
8240.573699073713
8316.837542791438
8393.80711540635
8471.488947262544
8549.8896291302
8629.015812764528
8708.874211470205
8789.471600670751
8870.814818483466
8952.910766299387
9035.766409368896
9119.388777392489
9203.784965117246
9288.962132938585
9374.92750750784
9461.688382345177
9549.252118458495
9637.626144967715
9726.817959735208
9816.835130001682
9907.68529302828
9999.37615674438
10091.915500401596
10185.311175233614
10279.571105122279
10374.703287269853
10470.715792877336
10567.61676782936
10665.41444241957
10764.117096375852
10863.733112395428
10964.270942072537
11065.739115204626
11168.146240516164
11271.501006388758
11375.812168821349
11481.088602647298
11587.339227499626
11694.573072593303
11802.799206977574
11912.02682677138
12022.265198981275
12133.523676362045
12245.811698210278
12359.138791164964
12473.514570015883
12588.948717049043
12705.451067748614
12823.031485771588
12941.699946741543
13061.46651858706
13182.341362396042
13304.33473327744
13427.456981231559
13551.718552027742
13677.12998809084
13803.701929395264
13931.44511436787
14060.370380798731
14190.488666760704
14321.81101153719
14454.348556558802
14588.112546348355
14723.114329474947
14859.36535951652
14996.877196031664
15135.661505540145
15275.730062512677
15417.094750369723
15559.767692822621
15703.7606032263
15849.086088935477
15995.756349011594
16143.783826933666
16293.181081320654
16443.960786997133
16596.13573606828
16749.718839005345
16904.723125740587
17061.16174677296
17219.047974283385
17378.395203261007
17539.216952639188
17701.52686644269
17865.338714944864
18030.666395836022
18197.523935402267
18365.925489715573
18535.885345834442
18707.41792301619
18880.537773939875
19055.25958594115
19231.5981822581
19409.56852328858
19589.18570785968
19770.46497450826
19953.42170277404
20138.071414503902
20324.42977516903
20512.512595193515
20702.335831295903
20893.91558784259
21087.26811821429
21282.409826184485
21479.357267311392
21678.12715034208
21878.736338630235
22081.2018515664
22285.540866022147
22491.770717806827
22699.908903138643
22909.97308012847
23121.9810702783
23335.950859992605
23551.90060210465
23769.84861741606
23989.813396251324
24211.81360002606
24435.868062830512
24661.9957930269
24890.2159748623
25120.547970095733
25353.011319641115
25587.625745224475
25824.411151057484
26063.387625525582
26304.57544289244
26547.99506501959
26793.667143102582
27041.61251942253
27291.852229114633
27544.40750195211
27799.299764147745
28056.5506401711
28316.181954583273
28578.21573388798
28842.674208400615
29109.579814133554
29378.955194700015
29650.82320323439
29925.20690433156
30202.129576002935
30481.614711651655
30763.68602206523
31048.36743742734
31335.68310934755
31625.657412910467
31918.31494874318
32213.680545102634
32511.779259981446
32812.63638323403
33116.27743872156
33422.72818647771
33732.014624893505
34044.16299292321
34359.1997723098
34677.15168983207
34998.04571957119
35321.909085199826
35648.76926229078
35978.653980648356
36311.5912266607
36647.60924567346
36986.736544386724
37329.001893272434
37674.43432901589
38023.06315697817
38374.917953683085
38730.02856932526
39088.42513030332
39450.138041774735
39815.19799023599
40183.635946124945
40555.483166449
40930.77119743584
41309.53187721036
41691.79733849493
42077.60001133581
42466.972625853756
42859.948215021155
43256.5601174637
43656.84198028916
44060.827761941146
44468.551735080546
44880.04848949224
45295.35293502022
45714.500304528156
46137.52615688927
46564.466380001846
46995.357193834825
47430.235153499205
47869.137152350224
48312.10042511614
48759.16255105781
49210.36145715582
49665.73542132864
50125.323075679065
50589.163409772336
51057.29577394281
51529.759882633014
52006.595817761845
52487.84403212567
52973.54535282901
53463.740984749296
53958.472514030975
54457.78191161454
54961.71153679608
55470.30414082151
55983.602870512485
56501.65127192746
57024.49329405491
57552.17329254246
58084.736033459005
58622.22669709273
59164.69088178361
59712.17460779185
60264.72432120152
60822.38689786118
61385.209647359836
61953.24031704104
62526.5270960525
63105.11861943514
63689.063972247866
64278.41269373242
64873.21478151504
65473.52069584892
66079.38136389368
66690.8481840367
67307.97303025247
67930.80825650372
68559.40670118284
69193.82169159339
69834.10704847507
70480.31709056851
71132.50663922411
71790.73102305173
72455.0460826152
73125.50817516852
73802.1741794378
74485.10150044519
75174.34807437978
75869.97237351161
76572.03341115265
77280.59074666227
77995.70449050063
78717.43530932724
79445.84443114801
80180.99365050856
80922.94533373768
81671.76242423618
82427.50844781857
83190.24751810009
83960.04434193726
84736.96422491562
85521.07307689123
86312.43741758038
87111.12438220417
87917.20172718212
88730.73783588147
89551.80172441725
90380.46304750796
91216.79210438342
92060.85984474947
92912.73787480593
93772.49846332183
94640.2145477653
95515.95974049187
96399.80833498819
97291.83531217558
98192.11634676944
99100.72781370052
100017.74679459225
100943.25108430133
101877.31919751554
102820.03037541606
103771.46459239794
104731.7025628562
105700.82574803098
106678.91636292027
107666.05738325205
108662.3325525257
109667.82638911372
110682.62419343354
111706.81205518231
112740.47686064118
113783.7063000449
114836.58887502183
115899.21390610053
116971.67154028843
118054.05275871757
119146.44938436405
120248.9540898365
121361.66040523868
122484.66272610235
123618.05632139716
124761.93734160985
125916.4028269035
127081.55071534732
128257.47985122651
129444.28999342729
130642.08182389796
131850.95695607146
133071.01794396577
134302.3682902859
135545.11245519342
136799.35586578277
138065.20492453562
139342.76701847021
140632.15052824985
141933.46483737847
143246.82034147828
144572.32845765614
145910.10163395436
147260.25335889068
148622.8981710844
149998.15166897478
151386.13052062524
152786.95247362283
154200.73636506466
155627.60213164112
157067.67081980858
158521.06459605938
159987.90675728425
161468.32174123288
162962.43513706885
164470.37369602534
165992.26534215582
167528.2391831874
169078.42552147212
170642.95586504255
172221.96293876492
173815.58069560176
175423.94432797233
177047.19027922372
178685.4562552034
180338.88123594303
182007.60548744598
183691.77057358975
185391.51936813063
187106.9960668286
188838.34619967546
190585.71664324397
192349.2556331445
194129.11277660314
195925.43906514972
197738.38688743033
199568.11004213116
201414.76375102907
203278.50467215505
205159.49091308884
207057.8820443661
208973.83911302025
210907.52465623917
212859.1027151583
214828.73884877292
216816.600147985
218822.855249776
220847.67435151502
222891.2292253933
224953.6932330006
227035.24134002687
229136.05013110896
231256.2978248074
233396.1642887281
235555.83105477665
237735.48133456294
239935.30003493853
242155.47377368572
244396.19089534887
246657.64148720805
248940.01739540967
251243.51224123657
253568.3214375372
255914.64220529847
258282.6735903812
260672.61648039997
263084.67362177087
265519.0496369043
267975.95104156976
270455.58626240905
272958.1656546228
275483.90151980985
278033.0081239822
280605.7017157375
283202.20054460724
285822.7248795665
288467.4970277261
291136.74135318474
293830.684296067
296549.5543917291
299293.58229014947
302063.0007754907
304858.04478585155
307678.9514331938
310525.9600234588
313399.31207686587
316299.2513484045
319226.0238485074
322179.8778639256
325161.06397878553
328169.8350958514
331206.4464579744
334271.1556697506
337364.2227193684
340485.91000066913
343636.4823354008
346816.2069956899
350025.35372670577
353264.19476955396
356533.0048843602
359832.06137358875
363161.6441055561
366522.0355381829
369913.52074294694
373336.3874290712
376790.9259679282
380277.4294176743
383796.1935481079
387347.5168657627
390931.70063922845
394549.0489247099
398199.86859181675
401884.4693496009
405603.16377282474
409356.2673284818
413144.0984025523
416966.9783270196
420825.2314071226
424719.18494887225
428649.16928681236
432615.5178120482
436618.56700052135
440658.6564415624
444736.128866688
448851.330178687
453004.60948095267
457196.3191071061
461426.814650882
465696.454996291
470005.60234807164
474354.62226240843
478743.8836779501
483173.75894710026
487644.6238676112
492156.85771445587
496710.84327201184
501306.9668665227
505945.6183988798
510627.1913776915
515352.082952671
520120.6939483191
524933.4288979373
529790.6960779335
534692.9075424674
539640.4791583949
544633.8306405578
549673.385587378
554759.5715168016
559892.8199025575
565073.5662107673
570302.2499368784
575579.3146429566
580905.2079953041
586280.3818024454
591705.292053444
597180.3989565962
602706.1669784613
608283.0648832698
613911.5657726837
619592.1471259369
625325.2908403327
631111.4832721308
636951.2152778
642844.9822556635
648793.2841879186
654796.625683057
660855.5160186632
666970.4691846275
673142.003926738
679370.643790696
685656.9171665204
692001.3573333799
698404.5025048233
704866.8958744458
711389.0856619589
717971.6251597095
724615.0727796002
731319.9921004768
738086.9519159227
744916.5262825232
751809.2945685517
758765.8415031296
765786.7572258174
772872.6373366906
780024.082946853
787241.7007294376
794526.1029710664
801877.9076237975
809297.7383575399
816786.2246129652
824344.0016549
831971.7106262224
839669.9986022408
847439.5186455994
855280.9298616645
863194.8974544477
871182.0927830338
879243.1934185775
887378.8832015891
895589.8523002394
903876.7972687166
912240.4211063536
920681.4333172803
929200.5499705933
937798.4937611168
946475.9940706984
955233.7870300945
964072.615581403
972993.2295411037
981996.3856636503
991082.8477056847
1.0002533864908064e6
1.0095087799749856e6
1.0188498133125347e6
1.0282772789227373e6
1.0377919765570456e6
1.0473947133669492e6
1.0570863039724242e6
1.066867570531058e6
1.076739342807776e6
1.0867024582452495e6
1.0967577620349175e6
1.1069061071887065e6
1.117148354611372e6
1.1274853731735505e6
1.137918039785442e6
1.1484472394712286e6
1.159073865444126e6
1.169798819182175e6
1.1806230105046986e6
1.1915473576495019e6
1.2025727873507466e6
1.2137002349175871e6
1.224930644313494e6
1.236264968236353e6
1.2477041681992612e6
1.2592492146121138e6
1.2709010868639098e6
1.2826607734058306e6
1.294529271835149e6
1.3065075889797588e6
1.3185967409836447e6
1.3307977533930864e6
1.3431116612436317e6
1.3555395091479304e6
1.3680823513843135e6
1.3807412519862629e6
1.39351728483265e6
1.4064115337388506e6
1.4194250925486723e6
1.4325590652271614e6
1.4458145659542384e6
1.4591927192192308e6
1.472694659916245e6
1.4863215334404686e6
1.500074495785302e6
1.5139547136404566e6
1.5279633644908972e6
1.542101636716752e6
1.5563707296941048e6
1.5707718538967643e6
1.5853062309989159e6
1.5999750939787934e6
1.6147796872232489e6
1.629721266633326e6
1.6448010997308032e6
1.6600204657657044e6
1.675380655824838e6
1.6908829729413008e6
1.7065287322050421e6
1.7223192608743927e6
1.738255898488689e6
1.7543399969818802e6
1.7705729207972402e6
1.7869560470030897e6
1.8034907654096375e6
1.8201784786868594e6
1.837020602483506e6
1.8540185655471804e6
1.871173809845553e6
1.8884877906886663e6
1.9059619768524182e6
1.923597850703127e6
1.9413969083233208e6
1.9593606596386058e6
1.9774906285458033e6
1.9957883530421823e6
2.0142553853527843e6
2.0328932920746238e6
2.0517036542910226e6
2.0706880677216197e6
2.0898481428402108e6
2.109185505032888e6
2.128701794721751e6
2.1483986675075456e6
2.168277794310143e6
2.188340861510252e6
2.208589571092514e6
2.2290256407898394e6
2.2496508042291705e6
2.2704668110785084e6
2.2914754271953763e6
2.3126784347765762e6
2.3340776325094225e6
2.3556748357242798e6
2.377471876548603e6
2.399470604062319e6
2.421672884454722e6
2.4440806011827514e6
2.4666956551308e6
2.4895199647719357e6
2.512555466330683e6
2.535804113947238e6
2.5592678798432695e6
2.582948754489204e6
2.606848746773111e6
2.630969884171068e6
2.655314212919211e6
2.6798837981872703e6
2.704680724253799e6
2.7297070946829505e6
2.754965032502967e6
2.7804566803862285e6
2.8061842008310705e6
2.8321497763451836e6
2.8583556096307985e6
2.8848039237715076e6
2.9114969624208887e6
2.9384369899927997e6
2.9656262918535033e6
2.9930671745155067e6
3.0207619658332653e6
3.0487130152006317e6
3.0769226937501067e6
3.105393394554106e6
3.1341275328278695e6
3.1631275461343843e6
3.192395894591146e6
3.2219350610788804e6
3.251747551452144e6
3.281835894751918e6
3.3122026434201207e6
3.3428503735161815e6
3.373781684935518e6
3.404999201630131e6
3.436505571831163e6
3.4683034682735885e6
3.5003955884228908e6
3.5327846547039645e6
3.565473414731985e6
3.5984646415455546e6
3.6317611338418922e6
3.665365716214299e6
3.6992812393917185e6
3.7335105804806203e6
3.768056643209024e6
3.802922358172861e6
3.838110683084542e6
3.8736246030239114e6
3.909467130691422e6
3.9456413066637544e6
3.9821501996517135e6
4.0189969067605822e6
4.056184553752814e6
4.0937162953132517e6
4.131595315316678e6
4.1698248270979584e6
4.208408073724598e6
4.24734832827189e6
4.286648894100517e6
4.326313105136857e6
4.366344326155721e6
4.406745953065873e6
4.447521413198023e6
4.488674165595658e6
4.530207701308388e6
4.57212554368819e6
4.614431248688207e6
4.657128405164474e6
4.700220635180321e6
4.743711594313407e6
4.787604971966814e6
4.831904491680555e6
4.87661391144838e6
4.921737024036406e6
4.967277657304774e6
5.01323967453246e6
5.059626974744914e6
5.106443493044898e6
5.153693200946219e6
5.201380106710744e6
5.249508255688311e6
5.2980817306600055e6
5.3471046521844e6
5.396581178947226e6
5.446515508114039e6
5.496911875686377e6
5.547774556861012e6
5.5991078663927e6
5.650916158960122e6
5.703203829535396e6
5.7559753137568e6
5.809235088305155e6
5.862987671283519e6
5.917237622600457e6
5.971989544356927e6
6.027248081236608e6
6.083017920899973e6
6.139303794381894e6
6.196110476493044e6
6.2534427862248765e6
6.3113055871585095e6
6.3697037878772e6
6.4286423423828725e6
6.488126250516257e6
6.548160558381115e6
6.608750358772245e6
6.669900791607562e6
6.731617044364057e6
6.793904352517955e6
6.856767999988722e6
6.92021331958743e6
6.984245693469026e6
7.048870553589032e6
7.11409338216421e6
7.179919712137757e6
7.246355127648531e6
7.313405264504916e6
7.381075810662752e6
7.449372506708009e6
7.518301146343609e6
7.587867576881059e6
7.658077699736353e6
7.72893747093072e6
7.800452901595075e6
7.872630058482831e6
7.945475064480249e6
8.018994099128793e6
8.093193399148479e6
8.168079258967111e6
8.243658031254073e6
8.31993612745942e6
8.396920018357564e6
8.4746162345964e6
8.553031367251122e6
8.63217206838352e6
8.71204505160613e6
8.792657092651883e6
8.874015029948784e6
8.956125765200438e6
9.038996263970168e6
9.122633556273978e6
9.207044737175435e6
9.292236967388047e6
9.378217473882517e6
9.464993550500087e6
9.552572558570988e6
9.640961927539159e6
9.730169155592296e6
9.820201810298104e6
9.911067529246107e6
1.0002774020695683e7
1.0095329064229848e7
1.0188740511415342e7
1.0283016286468504e7
1.0378164386927705e7
1.0474192884331584e7
1.0571109924903942e7
1.0668923730244622e7
1.0767642598027136e7
1.0867274902702397e7
1.0967829096209254e7
1.1069313708691472e7
1.1171737349221203e7
1.1275108706529558e7
1.13794365497434e7
1.1484729729129493e7
1.1590997176845083e7
1.169824790769577e7
1.1806491019900111e7
1.191573569586156e7
1.20259912029473e7
1.2137266894274516e7
1.2249572209503718e7
1.2362916675639661e7
1.2477309907839313e7
1.2592761610227812e7
1.270928157672136e7
1.2826879691858336e7
1.2945565931637576e7
1.3065350364364855e7
1.3186243151506778e7
1.3308254548553014e7
1.3431394905886073e7
1.3555674669659523e7
1.368110438268396e7
1.3807694685321562e7
1.393545631638852e7
1.4064400114066264e7
1.4194537016820583e7
1.4325878064329833e7
1.445843439842123e7
1.4592217264016178e7
1.4727238010084046e7
1.4863508090605069e7
1.5001039065541795e7
1.513984260182002e7
1.5279930474318147e7
1.5421314566866428e7
1.5564006873254733e7
1.5708019498250335e7
1.5853364658624457e7
1.6000054684188886e7
1.6148102018841717e7
1.629751920983845e7
1.6448318955732869e7
1.6600514037541483e7
1.6754117366163407e7
1.6909141971961055e7
1.706560100586521e7
1.722350774049103e7
1.738287557126359e7
1.7543718017554525e7
1.77060487238287e7
1.7869881460801795e7
1.8035230126608398e7
1.820210874798113e7
1.837053148144036e7
1.854051261449535e7
1.8712066566856004e7
1.888520789165639e7
1.9059951276689053e7
1.9236311545651212e7
1.9414303673780955e7
1.9593942731523246e7
1.977524397231417e7
1.9958222776159473e7
2.014289466537427e7
2.032927530590011e7
2.0517380508633666e7
2.0707226230768137e7
2.0898828577146966e7
2.109220380162981e7
2.1287368308471657e7
2.148433865371411e7
2.16831315465902e7
2.188376385094148e7
2.2086252586648896e7
2.229061493107643e7
2.249686822052842e7
2.2705029951719973e7
2.291511778326154e7
2.312714953715665e7
2.334114320031397e7
2.3557116926072907e7
2.377508903574394e7
2.3995078020162426e7
2.4217102541257564e7
2.4441181433635123e7
2.4667333706175674e7
2.489557854364662e7
2.51259353083301e7
2.535842354166519e7
2.5593062965905916e7
2.582987348579391e7
2.606887519024745e7
2.631008835406516e7
2.655353343964633e7
2.6799231098726396e7
2.7047202174129214e7
2.7297467701534785e7
2.7550048911264192e7
2.7804967230080094e7
2.8062244283004854e7
2.8321901895154573e7
2.858396209359099e7
2.884844710918955e7
2.9115379378525782e7
2.9384781545778196e7
2.965667646464954e7
2.9931087200305205e7
3.02080370313302e7
3.04875494517035e7
3.076964817279151e7
3.1054357125358872e7
3.1341700461599622e7
3.1631702557184804e7
3.192438801333122e7
3.2219781658887755e7
3.251790855244217e7
3.281879398444622e7
3.312246347936176e7
3.3428942797825456e7
3.373825793883445e7
3.405043514195154e7
3.436550088953154e7
3.468348190896735e7
3.5004405174957655e7
3.5328297911794916e7
3.565518759567511e7
3.598510195702822e7
3.631806898287107e7
3.665411691918098e7
3.699327427329253e7
3.73355698163151e7
3.7681032585574366e7
3.802969188707481e7
3.838157729798651e7