1.7956853835935955e-228
5.836453089225697e-228
1.8918811526521535e-227
6.116000355963812e-227
1.9718444252609896e-226
6.340331613762051e-226
2.0332377374155535e-225
6.502852273070182e-225
2.0742534513429575e-224
6.59879481329317e-224
2.09370241456646e-223
6.625451217341623e-223
2.0910710489513705e-222
6.582298574860998e-222
2.0665430637961175e-221
6.471009845684961e-221
2.0209845848179663e-220
6.295350212297843e-220
1.9558941661034176e-219
6.060967733721694e-219
1.8733216549334955e-218
5.775094378248553e-218
1.7757619830901599e-217
5.446179311006814e-217
1.666031484860345e-216
5.083480079486003e-216
1.5471351792032712e-215
4.696638839612543e-215
1.4221335649069448e-214
4.29526999982753e-214
1.2940169006744546e-213
3.88858286007167e-213
1.1655937804687384e-212
3.4850583974844003e-212
1.039399220115653e-211
3.0921938364721892e-211
9.176256248640876e-211
2.716322626314205e-210
8.020780959241579e-210
2.362511510967864e-209
6.941537297150711e-209
2.034531015445885e-208
5.948430084151228e-208
1.7348912775328084e-207
5.047501747852907e-207
1.4649319664202994e-206
4.241286817307334e-206
1.2249531479474494e-205
3.529274160699959e-205
1.0143733398889992e-204
2.9084338522777047e-204
8.319015001266963e-204
2.3737686392305783e-203
6.7571107740514e-203
1.9188554525838916e-202
5.436062594492996e-202
1.536349393627668e-201
4.331728997030735e-201
1.2184302778746969e-200
3.419090368404803e-200
9.571793861538071e-200
2.6733222775547697e-199
7.448809678040261e-199
2.070629370328816e-198
5.742488571293478e-198
1.5888486441564974e-197
4.3858307662108886e-197
1.2078430251114934e-196
3.318644484048988e-196
9.097140302283492e-196
2.4879709037585078e-195
6.788663028163825e-195
1.848094015517967e-194
5.019575852806702e-194
1.3602396399010744e-193
3.6776599007923223e-193
9.92059491501642e-193
2.6700301170469397e-192
7.16983509028541e-192
1.9209630145749908e-191
5.1350884748252203e-191
1.3696140586115477e-190
3.644786366266516e-190
9.67769195723029e-190
2.5638912201359473e-189
6.777315691148643e-189
1.7875096149667966e-188
4.704070615345944e-188
1.2351971298668415e-187
3.2362191645400216e-187
8.460207151213523e-187
2.2068239749267114e-186
5.743811971428997e-186
1.491697475019031e-185
3.865551854303162e-185
9.995272658468856e-185
2.5788872829786255e-184
6.639369252080688e-184
1.705611839152399e-183
4.372146063790958e-183
1.1183361500886989e-182
2.8544041255822894e-182
7.269860916519716e-182
1.8475935344964978e-181
4.68552861886644e-181
1.1857270300535835e-180
2.99424228923919e-180
7.545141323052277e-180
1.8972657067259344e-179
4.760706301132676e-179
1.1920629429341043e-178
2.978610086525465e-178
7.427059367031736e-178
1.8480384465694676e-177
4.588788769742809e-177
1.1370516058924221e-176
2.8116380420519763e-176
6.938056753852847e-176
1.7085101360646295e-175
4.1985624049426876e-175
1.0296486855148864e-174
2.5199097533370434e-174
6.154466609157048e-174
1.5000557998245006e-173
3.648698809346613e-173
8.856951367389023e-173
2.145597150297024e-172
5.187185932337104e-172
1.2515182290600643e-171
3.013466007161993e-171
7.241377397882761e-171
1.736616193346041e-170
4.1563900418946856e-170
9.92797172352111e-170
2.366674606530875e-169
5.63056979617527e-169
1.336915336318926e-168
3.168073225094139e-168
7.49252571752389e-168
1.7684996290074243e-167
4.166077769836361e-167
9.794841365522922e-167
2.2983546037978492e-166
5.382551749309631e-166
1.2580934312278783e-165
2.934898083586214e-165
6.833300915353191e-165
1.5879155324839287e-164
3.6828625518010806e-164
8.52524398716267e-164
1.969668957072254e-163
4.541995511495633e-163
1.045367789506946e-162
2.4013883108381103e-162
5.505901554979917e-162
1.2599959986543614e-161
2.8779713249520458e-161
6.561184126135211e-161
1.4929949702309545e-160
3.390913450852983e-160
7.687040827133456e-160
1.739352753693675e-159
3.928294342517979e-159
8.8554393488297e-159
1.9925434793063237e-158
4.475061034047095e-158
1.003195177948919e-157
2.244755668532007e-157
5.013623673260875e-157
1.1177257198235823e-156
2.48726152321234e-156
5.524744361494772e-156
1.2249243880139461e-155
2.71090662763562e-155
5.988662551968221e-155
1.3205563782126583e-154
2.906683109828622e-154
6.38636697559308e-154
1.4006425064573956e-153
3.0663362853492343e-153
6.700899541742328e-153
1.461736423850764e-152
3.182947355168408e-152
6.918565406643749e-152
1.5011726210005964e-151
3.2514343019767066e-151
7.029927839590879e-151
1.517260160397041e-150
3.2689201227582384e-150
7.030486666058333e-150
1.5094024507307711e-149
3.2349311775205245e-149
6.920972451230874e-149
1.478131318799417e-148
3.1514068894727786e-148
6.707230619499377e-148
1.425053035794688e-147
3.0225227097909656e-147
6.399714463592326e-147
1.3527134915471365e-146
2.8543482591844236e-146
6.012647246459454e-146
1.2643980681566814e-145
2.654379162121637e-145
5.5629458423600816e-145
1.1638878571000702e-144
2.4309922091420456e-144
5.069017719407454e-144
1.055197001240246e-143
2.1928779676716235e-143
4.549547808500953e-143
9.423159188295709e-143
1.948502722467478e-142
4.022382487515597e-142
8.289822538485717e-142
1.7056435623916965e-141
3.503597081782503e-141
7.184962614460024e-141
1.4710281904077678e-140
3.0068048793481723e-140
6.135908905113842e-140
1.2500966779156499e-139
2.5427342333430093e-139
5.163600537663152e-139
1.0468880105016906e-138
2.1190702563168824e-138
4.2824237793433223e-138
8.64041688228018e-138
1.7405324662394213e-137
3.500527888308624e-137
7.028951356347139e-137
1.4091418505105361e-136
2.8205101187284263e-136
5.636518984032739e-136
1.1246211206476484e-135
2.2403456522582667e-135
4.455935882026791e-135
8.848701063361997e-135
1.7544394006359654e-134
3.47309806911098e-134
6.864629646979513e-134
1.354690633609765e-133
2.6692401774627823e-133
5.251232422049871e-133
1.0314838697018572e-132
2.0229856404945394e-132
3.961447104952197e-132
7.74545908793992e-132
1.5120781742912056e-131
2.9473834125859623e-131
5.736352938273594e-131
1.1147396720933919e-130
2.1629721946586325e-130
4.190538355512121e-130
8.10646706764523e-130
1.565805650406502e-129
3.019882376002618e-129
5.815534574977311e-129
1.1182481809751283e-128
2.1470254876683684e-128
4.1161210193288574e-128
7.879388172224496e-128
1.5060929324796898e-127
2.874533947563402e-127
5.478239193576528e-127
1.0424947915879607e-126
1.980923138988956e-126
3.758578751479373e-126
7.12104037895074e-126
1.347188822667205e-125
2.544955435738379e-125
4.80064993231133e-125
9.042520303385289e-125
1.7007872663072444e-124
3.194353637465747e-124
5.9908704840567305e-124
1.1219467532021161e-123
2.0981250877761958e-123
3.9180390135033095e-123
7.306103400402683e-123
1.3604543642344936e-122
2.529674664782191e-122
4.697094673090912e-122
8.709221234965493e-122
1.6125608513649585e-121
2.981543102801272e-121
5.504979045183462e-121
1.01498880049935e-120
1.868784541999002e-120
3.435983078566077e-120
6.308672670861853e-120
1.1567021911450227e-119
2.1178885187260575e-119
3.8724337126519114e-119
7.070752387946052e-119
1.2892863477791885e-118
2.3476677433091303e-118
4.269025486460487e-118
7.752237994043254e-118
1.4058307780582084e-117
2.545938803574338e-117
4.604401600397446e-117
8.315916329547737e-117
1.4998922396214748e-116
2.701620776623747e-116
4.8596438970939523e-116
8.729745413846876e-116
1.5660914726163843e-115
2.805772298064926e-115
5.020058843284382e-115
8.96990019409176e-115
1.6006270811120773e-114
2.8524483047200114e-114
5.076586598498877e-114
9.023053441069635e-114
1.601637728667113e-113
2.8392615126221813e-113
5.026644299357842e-113
8.887587195241825e-113
1.5693646306186468e-112
2.7675750927040472e-112
4.874295244746368e-112
8.573584063391313e-112
1.506095261642743e-111
2.6423066406637722e-111
4.629733781873755e-111
8.10162494083234e-111
1.4159008469558288e-110
2.471379383004302e-110
4.308173072898542e-110
7.500587487498096e-110
1.3042087375512556e-109
2.2649044282898656e-109
3.928302020725019e-109
6.804768169787648e-109
1.177271223709132e-108
2.034209642869721e-108
3.510525447422492e-108
6.05071960150334e-108
1.0416016531535222e-107
1.790841982580873e-107
3.075212185414793e-107
5.2741971197518367e-107
9.034462347985702e-107
1.5456607662033214e-106
2.64115080174724e-106
4.507550329213272e-106
7.683472891495962e-106
1.3081132818798043e-105
2.2243605167383437e-105
3.77779375815453e-105
6.408343287155098e-105
1.0857477981541548e-104
1.837337832855439e-104
3.1054686756609965e-104
5.242573929344141e-104
8.839800160789265e-104
1.488750769409165e-103
2.5042887999164307e-103
4.2075653835769666e-103
7.060940835028252e-103
1.1835338739640309e-102
1.9814650414248667e-102
3.313453785452091e-102
5.534334152963872e-102
9.232960283932345e-102
1.5385402342064286e-101
2.5607678980977043e-101
4.2572211327787016e-101
7.069325810273691e-101
1.1725375027489968e-100
1.942556232772672e-100
3.2145465880013057e-100
5.313323619473469e-100
8.772318286800694e-100
1.4466557856795896e-99
2.382977240893928e-99
3.9208441599516e-99
6.443849758206578e-99
1.0578363975297787e-98
1.7346026836989155e-98
2.8411297057583146e-98
4.6482852895079857e-98
7.596373009414535e-98
1.2400314634197288e-97
2.021962811033131e-97
3.2932809083715964e-97
5.357974702368578e-97
8.707428622274594e-97
1.4135060759239687e-96
2.2920550068013625e-96
3.712556718296999e-96
6.006797148730078e-96
9.708133548598264e-96
1.5673014050519282e-95
2.527518852455224e-95
4.071575350977519e-95
6.551757756081093e-95
1.0531289608959896e-94
1.6909654526866994e-94
2.712179633848523e-94
4.3454402506364707e-94
6.954754581169679e-94
1.1118945583238254e-93
1.7757435335606238e-93
2.832910085048528e-93
4.5146316118651895e-93
7.1870371571496615e-93
1.1429219381509065e-92
1.815613548370016e-92
2.8811872585742274e-92
4.5673241618785736e-92
7.232617873342373e-92
1.1441252959922355e-91
1.8079944241889805e-91
2.854086051815646e-91
4.50074657837385e-91
7.090071555262286e-91
1.115748409284175e-90
1.7540120408468344e-90
2.754549200788129e-90
4.321367471867867e-90
6.77244665659898e-90
1.060290191485362e-89
1.658286920837876e-89
2.590904524820731e-89
4.043905195953804e-89
6.305352356435508e-89
9.821495233683901e-89
1.5282933594967247e-88
2.3757334834205555e-88
3.6893647648820635e-88
5.723601158246536e-88
8.870580129853771e-88
1.3734111786279413e-87
2.1243008619795284e-87
3.282459390320341e-87
5.067007900322211e-87
7.814004839819041e-87
1.2038340821772323e-86
1.852812384065242e-86
2.848846775508598e-86
4.376032684474302e-86
6.715321693084915e-86
1.0295059587614974e-85
1.5767675030334193e-85
2.4125936677947248e-85
3.687902281908641e-85
5.631891690640349e-85
8.592307630542467e-85
1.3096249505158667e-84
1.9941904175775672e-84
3.033680441585407e-84
4.610600768106596e-84
7.000525483842866e-84
1.0619159723914336e-83
1.6092999820519207e-83
2.436532171774116e-83
3.6855009827245894e-83
5.569434425758534e-83
8.408466218816177e-83
1.2682782312473682e-82
1.9111963045718812e-82
2.8773321356530733e-82
4.327823790293118e-82
6.50346713939973e-82
9.76375935240549e-82
1.464491473411275e-81
2.1945992058702156e-81
3.2856636338808935e-81
4.91463668994699e-81
7.34448062672235e-81
1.0965615943195102e-80
1.6357169661331188e-80
2.4377400015150065e-80
3.6297074135024095e-80
5.399602265669525e-80
8.025253278142709e-80
1.191690434447204e-79
1.767977730117356e-79
2.620593495430759e-79
3.8809045105077206e-79
5.742190303565702e-79
8.488567883280323e-79
1.2537310533590606e-78
1.8500707720592534e-78
2.7276408850951387e-78
4.01792492056572e-78
5.913343439515062e-78
8.695247151773745e-78
1.2774655008761157e-77
1.875148771697999e-77
2.7500618064716575e-77
4.029676925991341e-77
5.899564092165226e-77
8.629634649307421e-77
1.2612133349484371e-76
1.84165901294958e-76
2.686923364041005e-76
3.916765643509639e-76
5.704623719588884e-76
8.301458242844843e-76
1.20700924211673e-75
1.7534624933450305e-75
2.545147142715442e-75
3.691141457091082e-75
5.348607270828213e-75
7.743794243029591e-75
1.1202135387614496e-74
1.6191332414917236e-74
2.338298553805849e-74
3.3740675363448107e-74
4.864574470437225e-74
7.007676587587721e-74
1.0086539330751122e-73
1.4506080880303938e-73
2.0844841825476076e-73
2.992874743217219e-73
4.293591588221982e-73
6.154545652115133e-73
8.814854751336385e-73
1.2614761379081545e-72
1.8038002913188757e-72
2.577176809572341e-72
3.679146992249682e-72
5.248050900967299e-72
7.479933246520552e-72
1.0652388519615039e-71
1.5158166465354052e-71
2.15524948083275e-71
3.0619664751035703e-71
4.3466644922588104e-71
6.165458971260793e-71
8.738343370005353e-71
1.2375079478529078e-70
1.751148100619888e-70
2.4760222286310212e-70
3.498193045312014e-70
4.938457987970053e-70
6.966234660048721e-70
9.818943586094902e-70
1.3829043452079027e-69
1.946171056688078e-69
2.736731231561913e-69
3.8454426161528703e-69
5.399136960319958e-69
7.574726390231527e-69
1.0618787350934063e-68
1.487472808207086e-68
2.0820447169314724e-68
2.9120494298881406e-68
4.069826254771632e-68
5.683582853682806e-68
7.93119234560231e-68
1.1059245260782644e-67
1.5409337745628717e-67
2.1454316958053542e-67
2.984821732862459e-67
4.149500716147192e-67
5.76431599035377e-67
8.001565336198667e-67
1.1098853478770585e-66
1.5383601188234038e-66
2.1306660347525085e-66
2.9488383837362204e-66
4.0781718006912446e-66
5.635854345029616e-66
7.782774325383928e-66
1.0739653843329951e-65
1.4809078395355295e-65
2.0405555178112595e-65
2.8096496114741657e-65
3.865805535736031e-65
5.315114985346579e-65
7.302488305315034e-65
1.0025714762585361e-64
1.3754563394505342e-64
1.885671271921878e-64
2.5832925358866697e-64
3.536472941154845e-64
4.837900710794992e-64
6.613542324493108e-64
9.03446854359143e-64
1.2332839507369902e-63
1.6823496232089774e-63
2.293310413881256e-63
3.123946222972253e-63
4.252448638378969e-63
5.784557314592761e-63
7.863165284040648e-63
1.0681238296403733e-62
1.4499179434383094e-62
1.9668152239996594e-62
2.6661385141744494e-62
3.6116159229862564e-62
4.8890086270871775e-62
6.613648836566513e-62
8.9405292972429e-62
1.2077798704161214e-61
1.6304800358952868e-61
2.1996167033286436e-61
2.9653983310538162e-61
3.995068728238642e-61
5.378625863579617e-61
7.236439877197514e-61
9.729394141242522e-61
1.307237586532261e-60
1.7552210482323795e-60
2.355148754518725e-60
3.1580192268309373e-60
4.2317671807810546e-60
5.666827566744007e-60
7.58350765700613e-60
1.0141748210827118e-59
1.3554039370501331e-59
1.8102499556740308e-59
2.41614442458132e-59
3.2227189653636386e-59
4.295738475163205e-59
5.722288379885486e-59
7.617611299741213e-59
1.0134111713368624e-58
1.3473208394702852e-58
1.7900925104707167e-58
2.3768385282122555e-58
3.1538735836426074e-58
4.1822493994771214e-58
5.542392244723643e-58
7.340183454826949e-58
9.714926850552096e-58
1.2849781917593268e-57
1.69854171329102e-57
2.243786594298294e-57
2.9621864184369505e-57
3.908133231246778e-57
5.152916466286359e-57
6.789913466320085e-57
8.94135627180997e-57
1.1767147820946853e-56
1.5476341055822542e-56
2.0342075914487186e-56
2.672100371652966e-56
3.507853133419527e-56
4.602160846171856e-56
6.0341285526866645e-56
7.906791977127617e-56
1.035427443711295e-55
1.355105935198509e-55
1.77239963487136e-55
2.316783733004074e-55
3.0265328081853843e-55
3.951317537476293e-55
5.15555873540427e-55
6.72275696800103e-55
8.761078120356536e-55
1.1410554898697443e-54
1.4852366171281885e-54
1.932078647654901e-54
2.51185648210397e-54
3.26367050676291e-54
4.2379892512001905e-54
5.499915884949306e-54
7.133382120709676e-54
9.246529636057954e-54
1.1978611179233513e-53
1.5508835286697131e-53
2.0067695332469146e-53
2.595147219166426e-53
3.3540788663949146e-53
4.332433375857004e-53
5.592917963414393e-53
7.215950065223103e-53
9.304599441138164e-53
1.199089262504965e-52
1.5443850619656244e-52
1.987973043618518e-52
2.557506723965366e-52
3.2883273406177483e-52
4.225575244920381e-52
5.42687404917989e-52
6.96574095343452e-52
8.935917250541363e-52
1.1456864172454606e-51
1.468073372251889e-51
1.8801205358739777e-51
2.40646816384817e-51
3.078446457575571e-51
3.935869622133702e-51
5.029305026489254e-51
6.422941679669002e-51
8.198214290070576e-51
1.0458379390363997e-50
1.3334290437617313e-50
1.6991681995468545e-50
2.164035226213669e-50
2.7545732300591018e-50
3.5043454307319046e-50
4.45576862893653e-50
5.662419427656053e-50
7.191933521732715e-50
9.129648584846145e-50
1.1583178982142941e-49
1.4688157549599478e-49
1.8615438276716264e-49
2.3580126721493517e-49
2.9852895863897314e-49
3.777415818730834e-49
4.777180541730171e-49
6.038340216439727e-49
7.628393690169892e-49
9.632050338241576e-49
1.2155562027422669e-48
1.5332131190150114e-48
1.932865876051803e-48
2.4354159486620952e-48
3.067025109828042e-48
3.860422154644432e-48
4.856529944027635e-48
6.106490230519062e-48
7.67418220327117e-48
9.639353508294043e-48
1.2101510670159167e-47
1.518475059927024e-47
1.904375773300834e-47
2.387124419259491e-47
2.990717542554291e-47
3.745020394698562e-47
4.687183242390191e-47
5.863394866635396e-47
7.331052424286749e-47
9.161445171419854e-47
1.1443072057400292e-46
1.4285740829624934e-46
1.782563019002353e-46
2.223153811704999e-46
2.771259042155243e-46
3.4527746027226334e-46
4.299751189898588e-46
5.351837408286705e-46
6.658056574126253e-46
8.278993295789535e-46
1.0289483003308844e-45
1.278191847815006e-45
1.587031292345246e-45
1.969529021611577e-45
2.4430210912487223e-45
3.028868881565937e-45
3.7533809245805334e-45
4.648942875678805e-45
5.755401954370803e-45
7.121762337316251e-45
8.808260339849115e-45
1.0888903236233852e-44
1.3454573808292873e-44
1.661682485893323e-44
2.0512514805744885e-44
2.53094680753799e-44
3.121338355319578e-44
3.8476262253672465e-44
4.740668341307653e-44
5.838232847259211e-44
7.186523745514034e-44
8.84203850969877e-44
1.0873828845324844e-43
1.3366250797705177e-43
1.642230855940493e-43
2.0167718244787944e-43
2.4755844345692856e-43
3.0373693481520808e-43
3.72491885155977e-43
4.565999245438731e-43
5.594420736856569e-43
6.851334078176377e-43
8.386801284850054e-43
1.0261697492241975e-42
1.2550012707296658e-42
1.534163626581911e-42
1.874572368859699e-42
2.289476589900942e-42
2.7949505089633747e-42
3.4104870703618115e-42
4.159714398096349e-42
5.071260144638151e-42
6.179793793923027e-42
7.527282992171901e-42
9.16450717732907e-42
1.1152880387723519e-41
1.356664542573488e-41
1.649551385709111e-41
2.0047841026810163e-41
2.4354442827131257e-41
2.957318190598557e-41
3.5894476003419895e-41
4.3547910916173325e-41
5.28101761282833e-41
6.401458348926267e-41
7.7562479751813e-41
9.393692381703714e-41
1.1371907097425094e-40
1.37607791394424e-40
1.6644315115961951e-40
2.012345041667643e-40
2.4319408585540318e-40
2.9377716904123478e-40
3.547300431089974e-40
4.281473162405638e-40
5.165403230823376e-40
6.229187553826301e-40
7.508880301925873e-40
9.047653804741732e-40
1.0897182096438538e-39
1.3119289103151852e-39
1.578791126655475e-39
1.8991433609773477e-39
2.283546913871615e-39
2.7446164332759006e-39
3.29741286650223e-39
3.9599104017359644e-39
4.753551100344584e-39
5.703903415454232e-39
6.841443732427522e-39
8.202483531500138e-39
9.830268853703534e-39
1.1776283556008866e-38
1.4101793496394686e-38
1.6879675441975807e-38
2.0196582316156554e-38
2.41555055962376e-38
2.8878806477315203e-38
3.4511800108203137e-38
4.1226992103262264e-38
4.92290840178575e-38
5.876088498483319e-38
7.01102907592897e-38
8.36185196083483e-38
9.968982751117167e-38
1.1880296381698014e-37
1.4152467379563915e-37
1.6852560751203615e-37
2.0059905645112323e-37
2.3868301181269193e-37
2.838861231293402e-37
3.3751823486418912e-37
4.011262942748351e-37
4.765365588258094e-37
5.6590418897541775e-37
6.717714959716357e-37
7.971363284366702e-37
9.455323318277455e-37
1.1211231051494365e-36
1.3288126191124117e-36
1.5743746542275095e-36
1.864604476825028e-36
2.207496505969995e-36
2.6124523443791783e-36
3.090524271434415e-36
3.654700133949563e-36
4.32023654612038e-36
5.105048445301367e-36
6.030164360180234e-36
7.120258278130564e-36
8.40427076508913e-36
9.916134043593852e-36
1.1695618112050973e-35
1.3789317742783222e-35
1.6251803386464229e-35
1.9146962703543688e-35
2.2549563717073144e-35
2.6547075525270795e-35
3.1241788229479707e-35
3.675328034159455e-35
4.322128957236766e-35
5.080905172261938e-35
5.970718258549228e-35
7.013818952463239e-35
8.236171295888703e-35
9.668061363074322e-35
1.1344803957646249e-34
1.3307562750881432e-34
1.5604301728034145e-34
1.8290888568710752e-34
2.143237376403746e-34
2.5104472929477683e-34
2.9395283978528356e-34
3.440727566015258e-34
4.025958952453473e-34
4.7090703773488255e-34
5.506151479515582e-34
6.435890061581823e-34
7.51998401833719e-34
8.783617350782904e-34
1.0256010043097818e-33
1.1971053041533048e-33
1.3968041250100161e-33
1.6292519378425296e-33
1.899725767734122e-33
2.2143377117432447e-33
2.5801646450323493e-33
3.005397689356234e-33
3.499514395651835e-33
4.073477024358902e-33
4.7399608008542875e-33
5.5136165876488144e-33
6.411373059649464e-33
7.452784205000341e-33
8.66042881453635e-33
1.0060369582111634e-32
1.168268053246599e-32
1.356205274141143e-32
1.5738489736146122e-32
1.8258105585303924e-32
2.117404053616956e-32
2.4547511161055246e-32
2.844901437099541e-32
3.2959707382239403e-32
3.8172988824199196e-32
4.4196309707053866e-32
5.115324698063188e-32
5.918587697795665e-32
6.845749122055037e-32
7.915570295061684e-32
9.149599944161824e-32
1.0572580272869823e-31
1.2212911001374637e-31
1.4103179477070278e-31
1.6280766065782773e-31
1.8788535290571121e-31
2.1675624608707747e-31
2.4998344330396864e-31
2.8821204009655104e-31
3.3218082706135397e-31
3.8273562857804323e-31
4.40844501532577e-31
5.076150478877996e-31
5.843141288326451e-31
6.7239030654065715e-31
7.734993828467217e-31
8.895334530435328e-31
1.022653948213347e-30
1.1753292018470488e-30
1.3503771468532505e-30
1.5510138284376337e-30
1.7809085078587754e-30
2.0442462330138462e-30
2.345798865595756e-30
2.69100568277696e-30
3.0860648158187427e-30
3.538036950659957e-30
4.0549628986537656e-30
4.6459968517150025e-30
5.32155736800449e-30
6.093498395079651e-30
6.975302930668968e-30
7.98230225085599e-30
9.131924005846799e-30
1.0443972899597531e-29
1.1940948136851675e-29
1.3648402345763625e-29
1.559534727307978e-29
1.7814712209501864e-29
2.0343861843858372e-29
2.3225181075669732e-29
2.6506735247141035e-29
3.024301529951369e-29
3.449577852813498e-29
3.9334996920446225e-29
4.4839926527569794e-29
5.110031296175317e-29
5.821774994870205e-29
6.630720991872537e-29
7.549876791851804e-29
8.5939542694646e-29
9.779588167113432e-29
1.112558197521265e-28
1.2653184546435125e-28
1.4386401195643554e-28
1.6352343483970596e-28
1.8581622384171862e-28
2.1108790080692907e-28
2.3972836278461373e-28
2.721774558632809e-28
3.0893123312489254e-28
3.5054897868827565e-28
3.9766108938870993e-28
4.509779163078343e-28
5.112996802463884e-28
5.795275884538164e-28
6.566762946438012e-28
7.438878606943144e-28
8.42447396639337e-28
9.538005758027342e-28
1.0795732444308132e-27
1.2215933701873669e-27
1.381915601660853e-27
1.5628487418898053e-27
1.7669864731794104e-27
1.9972417085149828e-27
2.256884987089434e-27
2.549587378286723e-27
2.879468410404434e-27
3.2511495979859914e-27
3.669814205476219e-27
4.141273955656477e-27
4.6720434697019384e-27
5.269423312520066e-27
5.941592613156439e-27
6.69771233648163e-27
7.548040400136891e-27
8.50405996103273e-27
9.578622339816617e-27
1.0786106211118148e-26
1.2142594863570057e-26
1.3666073528351342e-26
1.5376648990156942e-26
1.7296793932196154e-26
1.945161872928022e-26
2.186917369287437e-26
2.458078509180921e-26
2.7621428625319406e-26
3.103014441439917e-26
3.4850498006895375e-26
3.9131092365182703e-26
4.3926136327192214e-26
4.929607560662141e-26
5.530829303185692e-26
6.203788542093224e-26
6.956852525842193e-26
7.79934161860532e-26
8.74163522499898e-26
9.79528918720941e-26
1.0973165863946701e-25
1.2289578224575688e-25
1.3760449428035576e-25
1.5403489505911416e-25
1.7238390933608962e-25
1.9287045054366182e-25
2.1573781519433306e-25
2.412563312577787e-25
2.697262867206349e-25
3.0148116716322247e-25
3.3689123407020313e-25
3.763674787535601e-25
4.203659902342807e-25
4.693927792303255e-25
5.240091045661689e-25
5.848373528851655e-25
6.525675275496938e-25
7.279644080930489e-25
8.118754475885353e-25
9.052394818695825e-25
1.0090963317254352e-24
1.1245973870637821e-24
1.2530172706391194e-24
1.3957666883577374e-24
1.5544065834639627e-24
1.730663723162009e-24
1.926447858526689e-24
2.1438706119876095e-24
2.3852662613540046e-24
2.653214605369273e-24
2.950566113289511e-24
3.280469580079675e-24
3.646402529671871e-24
4.052204631471528e-24
4.502114420113413e-24
5.0008096355210405e-24
5.553451529828193e-24
6.1657335198720556e-24
6.843934599013949e-24
7.594977960216774e-24
8.426495323901697e-24
9.346897509382695e-24
1.0365451837997224e-23
1.1492367009703689e-23
1.2738886153338596e-23
1.4117388814248696e-23
1.564150271215071e-23
1.732622617721632e-23
1.9188062254114304e-23
2.1245165552554962e-23
2.351750301942754e-23
2.602702991248223e-23
2.879788236945047e-23
3.1856588090190506e-23
3.523229678379635e-23
3.8957032178382205e-23
4.306596754953027e-23
4.759772689502495e-23
5.259471406978991e-23
5.810347239685236e-23
6.417507748405116e-23
7.086556624906428e-23
7.823640530796846e-23
8.635500233271157e-23
9.529526411643969e-23
1.0513820551198207e-22
1.1597261373052432e-22
1.2789577287532982e-22
1.4101425400048483e-22
1.5544477644815336e-22
1.7131514660331728e-22
1.8876528102673474e-22
2.0794832100903707e-22
2.290318466816131e-22
2.5219919920147364e-22
2.7765092033747506e-22
3.056063195478402e-22
3.363051794761765e-22
3.700096116980598e-22
4.070060755265273e-22
4.476075737396348e-22
4.921560402306277e-22
5.410249358097217e-22
5.946220697106457e-22
6.533926657843969e-22
7.17822693902851e-22
7.884424887567733e-22
8.658306800224528e-22
9.50618459801844e-22
1.0434942153192668e-21
1.1452085570984928e-21
1.2565797752550002e-21
1.378499759137069e-21
1.5119404183440227e-21
1.6579606461613118e-21
1.8177138696890965e-21
1.9924562344275393e-21
2.1835554748280224e-21
2.392500526352816e-21
2.6209119389173816e-21
2.870553156251577e-21
3.1433427307205265e-21
3.4413675485304385e-21
3.766897146022155e-21
4.1223992039683045e-21
4.510556313455179e-21
4.934284114093768e-21
5.396750912986136e-21
5.901398901127941e-21
6.45196709277241e-21
7.052516122785386e-21
7.707455047197213e-21
8.421570303090938e-21
9.200056995666136e-21
1.0048552692884344e-20
1.0973173921543959e-20
1.1980555573063901e-20
1.307789344268806e-20
1.427299014238106e-20
1.557430464538839e-20
1.699100573942226e-20
1.8533029685722768e-20
2.0211142403000437e-20
2.2037006518500992e-20
2.4023253653341e-20
2.6183562335855157e-20
2.853274196518341e-20
3.108682327774136e-20
3.386315580177383e-20
3.6880512819948596e-20
4.015920439713454e-20
4.3721199070183893e-20
4.7590254838989446e-20
5.179206014334885e-20
5.6354385558582e-20
6.13072469944395e-20
6.668308123702383e-20
7.25169347322029e-20
7.884666657184406e-20
8.571316671107345e-20
9.316059051627559e-20
1.0123661081963405e-19
1.0999268873729754e-19
1.1948436459474154e-19
1.2977157039526465e-19
1.40918965365755e-19
1.5299629621874727e-19
1.6607878388124146e-19
1.8024753855972005e-19
1.9559000513720588e-19
2.1220044103309315e-19
2.301804287996684e-19
2.496394258821006e-19
2.7069535413082503e-19
2.934752318282054e-19
3.1811585117495113e-19
3.447645043773472e-19
3.735797616839309e-19
4.0473230494139637e-19
4.384058204740062e-19
4.747979553406199e-19
5.141213412881809e-19
5.566046910024945e-19
6.02493971555954e-19
6.520536602698103e-19
7.055680885454603e-19
7.633428795778332e-19
8.257064862432457e-19
8.930118358581994e-19
9.656380889325408e-19
1.0439925194953483e-18
1.128512525052103e-18
1.2196677747436368e-18
1.3179625048171393e-18
1.4239379710947792e-18
1.538175068732289e-18
1.6612971302057519e-18
1.793972913146231e-18
1.9369197903668804e-18
2.0909071551915954e-18
2.256760056007668e-18
2.435363074821794e-18
2.627664465510673e-18
2.8346805684173866e-18
3.0575005189665325e-18
3.2972912690455495e-18
3.5553029410436066e-18
3.832874535641787e-18
4.131440015727645e-18
4.452534790152422e-18
4.797802622478066e-18
5.169002991365693e-18
5.568018930852567e-18
5.9968653804451214e-18
6.4576980767365626e-18
6.952823020132119e-18
7.484706552254062e-18
8.05598608168674e-18
8.669481497940459e-18
9.328207315841209e-18
1.0035385595022912e-17
1.0794459681794222e-17
1.1609108823400254e-17
1.248326370758843e-17
1.3421122983446809e-17
1.4427170822693993e-17
1.55061955840065e-17
1.6663309646531502e-17
1.7903970482524814e-17
1.9234003043008115e-17
2.0659623534549853e-17
2.2187464669667285e-17
2.3824602478015613e-17
2.5578584770408822e-17
2.745746135288903e-17
2.9469816093476515e-17
3.1624800949963486e-17
3.3932172073107836e-17
3.640232810594771e-17
3.904635080657791e-17
4.1876048128781015e-17
4.4903999902236604e-17
4.814360626182951e-17
5.160913898368299e-17
5.5315795894168016e-17
5.927975852709789e-17
6.351825321384778e-17
6.804961580102894e-17
7.289336020088029e-17
7.807025099045206e-17
8.360238028727734e-17
8.951324914127593e-17
9.582785369544542e-17
1.0257277638117325e-16
1.0977628242813744e-16
1.1746842198338678e-16
1.256811381497556e-16
1.3444838126989307e-16
1.4380622979928657e-16
1.5379301812944787e-16
1.6444947174120292e-16
1.758188500876238e-16
1.8794709762677306e-16
2.008830034459561e-16
2.146783699418846e-16
2.293881910447712e-16
2.450708404993274e-16
2.6178827074156305e-16
2.796062229376921e-16
2.985944487798529e-16
3.188269446634808e-16
3.4038219890225077e-16
3.6334345266958436e-16
3.877989753897886e-16
4.13842355338086e-16
4.415728062461518e-16
4.710954907494274e-16
5.025218615533237e-16
5.359700212388495e-16
5.715651016729299e-16
6.094396640360862e-16
6.497341205291161e-16
6.925971788722858e-16
7.381863107639157e-16
7.86668245522071e-16
8.382194901912706e-16
8.93026877458174e-16
9.512881427838153e-16
1.0132125322276104e-15
1.079021442507725e-15
1.1489490949163153e-15
1.2232432447835793e-15
1.302165928265365e-15
1.3859942483111574e-15
1.4750212017572484e-15
1.569556549579419e-15
1.669927732435207e-15
1.776480833723279e-15
1.8895815924915954e-15
2.0096164686556023e-15
2.1369937629357137e-15
2.2721447945372792e-15
2.415525138883864e-15
2.567615928661892e-15
2.728925221189288e-15
2.8999894350396936e-15
3.081374859628455e-15
3.2736792409516965e-15
3.4775334472307607e-15
3.693603218237615e-15
3.922591002268786e-15
4.165237884908362e-15
4.422325613906424e-15
4.69467872468777e-15
4.983166771206503e-15
5.288706667066354e-15
5.612265142044231e-15
5.954861319375407e-15
6.317569419394682e-15
6.701521595366061e-15
7.107910907589741e-15
7.537994442132585e-15
7.993096580804804e-15
8.474612429283563e-15
8.98401141058534e-15
9.522841031385938e-15
1.009273082901427e-14
1.0695396507267055e-14
1.1332644269543525e-14
1.2006375358146948e-14
1.2718590808978535e-14
1.347139643122492e-14
1.4267008022049474e-14
1.510775682670108e-14
1.5996095254896288e-14
1.6934602864765665e-14
1.7925992626130466e-14
1.8973117475344175e-14
2.0078977174447034e-14
2.1246725487884763e-14
2.2479677690594806e-14
2.378131842180528e-14
2.5155309899486018e-14
2.6605500510975386e-14
2.8135933795941478e-14
2.975085783846657e-14
3.145473508572903e-14
3.325225261142732e-14
3.514833284283306e-14
3.714814477107839e-14
3.9257115665075903e-14
4.1480943310246105e-14
4.382560879407509e-14
4.6297389861360964e-14
4.890287486291057e-14
5.1648977322350434e-14
5.454295114668826e-14
5.759240650720948e-14
6.080532641836074e-14
6.419008404326844e-14
6.775546075569013e-14
7.151066498926979e-14
7.546535190618194e-14
7.962964391842e-14
8.401415209626507e-14
8.862999849972976e-14
9.348883947014612e-14
9.8602889920402e-14
1.039849486638128e-13
1.0964842482302849e-13
1.156073653619648e-13
1.218764837852678e-13
1.284711900514992e-13
1.354076217478652e-13
1.4270267657610344e-13
1.503740462008756e-13
1.5844025151394633e-13
1.6692067936925273e-13
1.7583562084604917e-13
1.8520631109925563e-13
1.9505497085833205e-13
2.0540484963810377e-13
2.1628027072729477e-13
2.277066780227377e-13
2.3971068477973364e-13
2.523201243514168e-13
2.6556410299259014e-13
2.794730548060538e-13
2.9407879891227144e-13
3.0941459892584693e-13
3.255152248253845e-13
3.424170173060299e-13
3.6015795470730587e-13
3.787777226117679e-13
3.983177862135156e-13
4.1882146555867446e-13
4.4033401376371104e-13
4.629026983207302e-13
4.865768856028267e-13
5.114081286861005e-13
5.374502586090956e-13
5.647594791941661e-13
5.933944655596917e-13
6.234164664559946e-13
6.548894105625649e-13
6.878800168882902e-13
7.224579094214969e-13
7.586957361808598e-13
7.966692928237326e-13
8.364576509729163e-13
8.78143291428667e-13
9.21812242437565e-13
9.675542231958802e-13
1.0154627927702147e-12
1.0656355046246096e-12
1.118174066948709e-12
1.1731845089882768e-12
1.2307773535851949e-12
1.2910677961411534e-12
1.3541758902252265e-12
1.4202267400533133e-12
1.4893507000734136e-12
1.5616835819286556e-12
1.637366868870848e-12
1.7165479383196685e-12
1.7993802922513565e-12
1.8860237960902346e-12
1.9766449264097734e-12
2.0714170272690493e-12
2.170520576136679e-12
2.2741434592223035e-12
2.3824812567262233e-12
2.495737538301738e-12
2.614124169065863e-12
2.737861626504922e-12
2.8671793286309015e-12
3.002315973755991e-12
3.143519892262267e-12
3.2910494107561634e-12
3.4451732290069382e-12
3.60617081008177e-12
3.774332784100498e-12
3.949961366046843e-12
4.133370788083632e-12
4.3248877468349744e-12
4.524851866108415e-12
4.733616175547072e-12
4.951547605712324e-12
5.179027500114856e-12
5.416452144723918e-12
5.664233315501716e-12
5.92279884452323e-12
6.192593205259514e-12
6.4740781176163225e-12
6.767733173338829e-12
7.074056482407585e-12
7.393565341070483e-12
7.726796922170959e-12
8.074308988453171e-12
8.436680629540442e-12
8.814513023305987e-12
9.208430222370429e-12
9.619079966483277e-12
1.0047134521564786e-11
1.0493291546206491e-11
1.0958274986446863e-11
1.144283599966574e-11
1.1947753908457221e-11
1.2473837185369657e-11
1.3021924469418677e-11
1.3592885615309145e-11
1.41876227763203e-11
1.4807071521839078e-11
1.5452201990546447e-11
1.612402008029357e-11
1.6823568675724716e-11
1.7551928914738512e-11
1.8310221494898775e-11
1.9099608020943096e-11
1.9921292394558286e-11
2.0776522247629235e-11
2.1666590420189932e-11
2.2592836484345816e-11
2.355664831545798e-11
2.4559463711922313e-11
2.5602772064899736e-11
2.6688116079398206e-11
2.7817093548128715e-11
2.899135917960851e-11
3.021262648200205e-11
3.148266970424723e-11
3.280332583603119e-11
3.41764966682378e-11
3.560415091550989e-11
3.708832640262614e-11
3.8631132316416e-11
4.023475152499484e-11
4.190144296612595e-11
4.3633544106578266e-11
4.5433473474371156e-11
4.730373326586548e-11
4.9246912030123384e-11
5.1265687429963473e-11
5.3362829088305584e-11
5.554120151331668e-11
5.7803767110968005e-11
6.015358928469266e-11
6.259383562429754e-11
6.512778118972666e-11
6.775881188398995e-11
7.049042792841133e-11
7.332624743470862e-11
7.627001007965336e-11
7.932558088438086e-11
8.249695410104542e-11
8.578825720953857e-11
8.920375502707905e-11
9.274785393351522e-11
9.642510621528134e-11
1.0024021453096756e-10
1.0419803650157591e-10
1.08303589428558e-10
1.1256205514283546e-10
1.1697878498803792e-10
1.215593049413025e-10
1.2630932087499987e-10
1.3123472396288982e-10
1.363415962342041e-10
1.4163621627931837e-10
1.4712506511065658e-10
1.528148321826453e-10
1.5871242157452523e-10
1.6482495833998313e-10
1.7115979502758593e-10
1.777245183761404e-10
1.8452695618912904e-10
1.9157518439251743e-10
1.9887753428025182e-10
2.064425999519285e-10
2.1427924594712287e-10
2.2239661508105183e-10
2.3080413648623326e-10
2.395115338650136e-10
2.485288339578132e-10
2.5786637523215645e-10
2.6753481679753347e-10
2.7754514755136573e-10
2.879086955613174e-10
2.9863713768944947e-10
3.097425094636443e-10
3.2123721520202513e-10
3.3313403839603535e-10
3.454461523580819e-10
3.5818713113965514e-10
3.7137096072606985e-10
3.8501205051393924e-10
3.9912524507778725e-10
4.137258362321416e-10
4.2882957539574613e-10
4.444526862644916e-10
4.606118777999533e-10
4.773243575403666e-10
4.946078452412266e-10
5.124805868525572e-10
5.309613688403293e-10
5.500695328593354e-10
5.698249907852627e-10
5.902482401135661e-10
6.113603797331465e-10
6.331831260827208e-10
6.557388296981907e-10
6.790504921591799e-10
7.031417834433203e-10
7.2803705969682e-10
7.537613814301248e-10
7.80340532147544e-10
8.078010374200055e-10
8.36170184410038e-10
8.654760418585717e-10
8.957474807326562e-10
9.270141944183107e-10
9.593067212511454e-10
9.92656465725432e-10
1.027095721113723e-9
1.0626576924306402e-9
1.099376519928766e-9
1.1372873031376363e-9
1.1764261254566083e-9
1.2168300793128854e-9
1.2585372918958823e-9
1.3015869514796393e-9
1.3460193343447415e-9
1.391875832311946e-9
1.4391989808992954e-9
1.4880324881153292e-9
1.5384212639005848e-9
1.590411450230403e-9
1.6440504518916354e-9
1.6993869679466914e-9
1.7564710238978815e-9
1.8153540045660796e-9
1.8760886876968827e-9
1.9387292783088603e-9
2.0033314437975347e-9
2.06995234981e-9
2.138650696904391e-9
2.20948675800951e-9
2.2825224166993385e-9
2.3578212062981226e-9
2.43544834983128e-9
2.5154708008383414e-9
2.597957285063581e-9
2.682978343041065e-9
2.770606373590258e-9
2.8609156782394998e-9
2.953982506593817e-9
3.049885102665117e-9
3.1487037521815466e-9
3.250520830894724e-9
3.3554208539020457e-9
3.4634905260034447e-9
3.5748187931102095e-9
3.6894968947258377e-9
3.807618417517115e-9
3.9292793499959225e-9
4.054578138330485e-9
4.183615743307203e-9
4.316495698462379e-9
4.453324169405383e-9
4.594210014353376e-9
4.7392648458996685e-9
4.888603094036254e-9
5.042342070453461e-9
5.200602034137771e-9
5.363506258291194e-9
5.531181098594208e-9
5.703756062836048e-9
5.881363881934916e-9
6.064140582372877e-9
6.2522255600682235e-9
6.445761655711135e-9
6.64489523158581e-9
6.849776249905606e-9
7.0605583526851955e-9
7.27739894317671e-9
7.500459268894714e-9
7.7299045062578e-9
7.965903846871964e-9
8.208630585484721e-9
8.458262209635327e-9
8.714980491031318e-9
8.978971578677166e-9
9.250426093785846e-9
9.52953922650016e-9
9.816510834455298e-9
1.0111545543210028e-8
1.0414852848578912e-8
1.0726647220893822e-8
1.1047148211227576e-8
1.1376580559609166e-8
1.1715174305263748e-8
1.2063164898908085e-8
1.242079331713512e-8
1.2788306178919195e-8
1.3165955864276757e-8
1.355400063511406e-8
1.3952704758298572e-8
1.4362338630985865e-8
1.4783178908239357e-8
1.5215508632975824e-8
1.565961736827512e-8
1.6115801332087624e-8
1.6584363534377954e-8
1.7065613916740756e-8
1.755986949452792e-8
1.8067454501521943e-8
1.8588700537198147e-8
1.9123946716609764e-8
1.9673539822940187e-8
2.0237834462757405e-8
2.081719322401538e-8
2.1411986836838382e-8
2.2022594337134516e-8
2.264940323307481e-8
2.3292809674485296e-8
2.39532186251895e-8
2.463104403834956e-8
2.5326709034844062e-8
2.6040646084732915e-8
2.6773297191847136e-8
2.7525114081555042e-8
2.8296558391744853e-8
2.90881018670743e-8
2.9900226556530096e-8
3.073342501434798e-8
3.158820050433711e-8
3.2465067207660825e-8
3.33645504341191e-8
3.428718683697022e-8
3.523352463142516e-8
3.6204123816651914e-8
3.719955640162525e-8
3.8220406634661595e-8
3.926727123677156e-8
4.034075963887479e-8
4.14414942229233e-8
4.2570110566993934e-8
4.372725769439719e-8
4.4913598326863495e-8
4.612980914185577e-8
4.737658103407169e-8
4.8654619381183404e-8
4.996464431388056e-8
5.130739099026609e-8
5.268360987467024e-8
5.409406702094107e-8
5.5539544360240174e-8
5.702083999349089e-8
5.8538768488420814e-8
6.009416118134575e-8
6.168786648372923e-8
6.332075019357691e-8
6.49936958117367e-8
6.670760486316072e-8
6.846339722320306e-8
7.026201144900576e-8
7.210440511605264e-8
7.399155515994337e-8
7.592445822346887e-8
7.790413100904004e-8
7.993161063655442e-8
8.200795500675313e-8
8.413424317015497e-8
8.631157570161886e-8
8.854107508062515e-8
9.082388607732977e-8
9.316117614447693e-8
9.555413581523335e-8
9.800397910702663e-8
1.0051194393145136e-7
1.0307929251033161e-7
1.0570731179799919e-7
1.0839731390988202e-7
1.1115063655746162e-7
1.1396864348969441e-7
1.1685272494095974e-7
1.198042980856313e-7
1.2282480749932953e-7
1.259157256269628e-7
1.2907855325761033e-7
1.3231482000635707e-7
1.35626084803137e-7
1.3901393638869263e-7
1.424799938177135e-7
1.460259069692602e-7
1.4965335706453636e-7
1.5336405719212366e-7
1.5715975284073416e-7
1.6104222243960335e-7
1.6501327790658034e-7
1.690747652040352e-7
1.732285649026443e-7
1.774765927531753e-7
1.8182080026633489e-7
1.8626317530080052e-7
1.908057426595024e-7
1.9545056469427995e-7
2.0019974191897396e-7
2.050554136310899e-7
2.1001975854209084e-7
2.1509499541645335e-7
2.202833837195506e-7
2.2558722427450343e-7
2.3100885992804976e-7
2.3655067622558827e-7
2.422151020954483e-7
2.480046105425337e-7
2.539217193514038e-7
2.5996899179893536e-7
2.6614903737663117e-7
2.724645125227313e-7
2.789181213641744e-7
2.855126164685812e-7
2.922507996063119e-7
2.9913552252275927e-7
3.0616968772093925e-7
3.133562492545411e-7
3.206982135315034e-7
3.281986401282718e-7
3.3586064261481314e-7
3.4368738939055014e-7
3.516821045312657e-7
3.59848068647212e-7
3.6818861975234677e-7
3.767071541450598e-7
3.8540712730030824e-7
3.9429205477340535e-7
4.033655131155061e-7
4.1263114080099074e-7
4.220926391667903e-7
4.317537733638562e-7
4.416183733208292e-7
4.516903347201127e-7
4.6197361998639406e-7
4.724722592878272e-7
4.83190351549939e-7
4.941320654824449e-7
5.053016406190635e-7
5.167033883705031e-7
5.283416930907167e-7
5.402210131566068e-7
5.523458820612644e-7
5.647209095209445e-7
5.773507825958409e-7
5.902402668248942e-7
6.033942073746677e-7
6.168175302025489e-7
6.30515243234306e-7
6.444924375562634e-7
6.587542886221182e-7
6.733060574746628e-7
6.881530919824741e-7
7.033008280917772e-7
7.187547910935825e-7
7.345205969063261e-7
7.506039533740574e-7
7.67010661580457e-7
7.837466137910503e-7
8.008178082887067e-7
8.182303341033415e-7
8.359903717789151e-7
8.541042123185419e-7
8.725782447399438e-7
8.914189609530219e-7
9.10632957205727e-7
9.302269355470718e-7
9.502077053075886e-7
9.705821845972866e-7
9.913574018213872e-7
1.012540497213891e-6
1.0341387243892858e-6
1.056159451912417e-6
1.0786101648868576e-6
1.1014984665617862e-6
1.124832079957739e-6
1.1486188495112064e-6
1.1728667427384642e-6
1.1975838519186497e-6
1.2227783957963908e-6
1.248458721304075e-6
1.2746333053040504e-6
1.3013107563508196e-6
1.3284998164735779e-6
1.356209362979093e-6
1.3844484102753135e-6
1.413226111715749e-6
1.442551761464931e-6
1.4724347963850373e-6
1.5028847979440081e-6
1.5339114941452422e-6
1.5655247614791545e-6
1.5977346268967227e-6
1.630551269805355e-6
1.6639850240870872e-6
1.6980463801395593e-6
1.7327459869397397e-6
1.7680946541308564e-6
1.8041033541324602e-6
1.8407832242741788e-6
1.8781455689530112e-6
1.9162018618147363e-6
1.9549637479593248e-6
1.9944430461708965e-6
2.0346517511721304e-6
2.075602035903665e-6
2.1173062538284166e-6
2.1597769412613323e-6
2.2030268197245396e-6
2.247068798328361e-6
2.2919159761782415e-6
2.3375816448079714e-6
2.384079290639321e-6
2.4314225974684578e-6
2.479625448979201e-6
2.5287019312836382e-6
2.5786663354900144e-6
2.629533160298459e-6
2.6813171146245293e-6
2.7340331202510824e-6
2.7876963145086373e-6
2.842322052983688e-6
2.897925912257643e-6
2.9545236926733368e-6
3.012131421131769e-6
3.070765353918584e-6
3.13044197956041e-6
3.191178021711676e-6
3.2529904420717592e-6
3.315896443333241e-6
3.379913472160996e-6
3.4450592222029228e-6
3.5113516371321348e-6
3.5788089137212943e-6
3.647449504948993e-6
3.7172921231388586e-6
3.7883557431312724e-6
3.860659605488416e-6
3.934223226640452e-6
4.0090663676178054e-6
4.085209106436817e-6
4.162671772360441e-6
4.241474983812949e-6
4.3216396448818965e-6
4.403186948763075e-6
4.486138381241256e-6
4.570515724206459e-6
4.656341059206722e-6
4.743636771037059e-6
4.832425551365462e-6
4.92273040239581e-6
5.014574640568488e-6
5.1079819002985e-6
5.2029761377520375e-6
5.299581634661109e-6
5.397823002177431e-6
5.497725184764959e-6
5.599313464132385e-6
5.702613463205e-6
5.807651150137164e-6
5.914452842364938e-6
6.023045210699941e-6
6.133455283464086e-6
6.245710450666338e-6
6.359838468221012e-6
6.475867462208871e-6
6.593825933180479e-6
6.7137427605030375e-6
6.835647206750369e-6
6.959568922137043e-6
7.085537948996418e-6
7.213584726303687e-6
7.343740094243428e-6
7.476035298823126e-6
7.610501996532024e-6
7.747172259046458e-6
7.886078577981634e-6
8.027253869690611e-6
8.17073148011042e-6
8.316545189656376e-6
8.46472921816427e-6
8.615318229881621e-6
8.76834733850772e-6
8.923852112283455e-6
9.0818685791308e-6
9.242433231843131e-6
9.405583033325919e-6
9.57135542188921e-6
9.739788316591319e-6
9.910920122635175e-6
0.00001008478973681701
0.000010261436553028333
0.000010440900467811316
0.000010623221885968474
0.000010808441726226413
0.000010996601426955226
0.000011187742951944196
0.000011381908796226128
0.000011579141991973635
0.000011779486114436834
0.000011982985287945799
0.000012189684191970172
0.000012399628067236487
0.000012612862721905026
0.000012829434537805598
0.00001304939047673396
0.00001327277808680806
0.000013499645508885909
0.000013730041483044585
0.000013964015355121822
0.000014201617083319698
0.000014442897244872167
0.000014687907042775673
0.000014936698312584865
0.00001518932352927241
0.00001544583581415492
0.00001570628894188446
0.00001597073734750702
0.000016239236133587762
0.00001651184107740467
0.00001678860863820976
0.000017069595964560205
0.00001735486090171818
0.00001764446199912143
0.000017938458517924638
0.00001823691043861201
0.000018539878468682037
0.000018847424050404885
0.0000191596093686534
0.000019476497358807636
0.00001979815171473449
0.000020124636896842278
0.00002045601814021147
0.000020792361462802036
0.000021133733673737885
0.000021480202381669672
0.000021831836003215827
0.00002218870377148358
0.000022550875744669076
0.000022918422814739332
0.000023291416716194904
0.000023669930034915346
0.000024054036217086876
0.000024443809578214752
0.000024839325312218665
0.000025240659500614993
0.000025647889121783147
0.000026061092060320233
0.00002648034711648813
0.000026905734015718426
0.000027337333418267997
0.000027775226579639163
0.000028219497106703734
0.000028670227474954595
0.000029127502531127396
0.00002959140775695631
0.000030062029628607555
0.000030539455626943116
0.0000310237742478808
0.00003151507501284987
0.000032013448479344265
0.0000325189862515741
0.00003303178099121573
0.00003355192642826192
0.000034079517371972755
0.00003461464972192814
0.00003515742047918289
0.00003570792775752519
0.00003626627079483962
0.00003683254996457527
0.00003740686678732054
0.00003798932394248442
0.00003858002528008704
0.0000391790758326581
0.00003978658182724655
0.00004040265069754064
0.00004102739109610058
0.00004166091290670378
0.0000423033272568048
0.00004295474653010991
0.00004361528437926855
0.00004428505573868103
0.00004496417683742558
0.00004565276521230396
0.00004635093972100794
0.00004705882055540695
0.00004777652925495883
0.00004850418872024389
0.0000492419232266237
0.000049989858438026276
0.00005074812142085816
0.00005151684065804454
0.00005229614606319907
0.00005308616899492383
0.00005388704227124186
0.00005469890018416154
0.000055521878514376045
0.000056356114546097475
0.00005720174708202817
0.0000580589164584692
0.0000589277645605687
0.00005980843483770945
0.00006070107231903967
0.00006160582362914445
0.00006252283700386397
0.00006345226230625482
0.00006439425104269997
0.00006534895637916552
0.000066316533157608
0.00006729713791253183
0.00006829092888769946
0.00006929806605299472
0.00007031871112144118
0.00007135302756637813
0.00007240118063879189
0.00007346333738480965
0.00007453966666335053
0.00007563033916394269
0.0000767355274247
0.00007785540585046813
0.00007899015073113356
0.00008013994026010336
0.00008130495455295387
0.00008248537566624993
0.00008368138761653882
0.00008489317639951662
0.00008612093000937205
0.00008736483845830776
0.00008862509379624035
0.00008990189013068145
0.00009119542364680222
0.00009250589262768114
0.0000938334974747386
0.00009517844072835786
0.0000965409270886975
0.00009792116343669265
0.00009931935885527749
0.00010073572465067023
0.0001021704743741152
0.00010362382384356499
0.00010509599116568987
0.00010658719675806552
0.00010809766337156301
0.0001096276161129447
0.00011117728246766872
0.00011274689232290182
0.00011433667799074381
0.00011594687423166578
0.00011757771827816393
0.00011922944985862853
0.00012090231122143618
0.0001225965471592595
0.0001243124050336023
0.0001260501347995595
0.00012780998903080552
0.0001295922229448105
0.00013139709442829033
0.00013322486406288904
0.00013507579515109828
0.00013695015374241409
0.00013884820865973525
0.00014077023152600333
0.00014271649679108782
0.00014468728175891934
0.00014668286661487107
0.00014870353445339306
0.00015074957130590015
0.0001528212661689158
0.00015491891103247606
0.00015704280090879434
0.00015919323386118906
0.00016137051103327804
0.00016357493667844226
0.00016580681818955967
0.00016806646612901204
0.00017035419425897057
0.00017267031957195677
0.00017501516232168785
0.00017738904605420292
0.00017979229763927956
0.00018222524730213515
0.00018468822865542415
0.00018718157873152727
0.00018970563801514058
0.00019226075047615974
0.00019484726360287537
0.00019746552843546454
0.00020011589959980736
0.00020279873534157343
0.00020551439756069155
0.00020826325184607295
0.00021104566751068777
0.00021386201762695452
0.00021671267906245824
0.00021959803251599713
0.00022251846255396293
0.00022547435764705523
0.00022846611020733493
0.00023149411662561943
0.00023455877730922187
0.00023766049672004083
0.00024079968341299819
0.00024397675007483446
0.0002471921135632613
0.00025044619494647225
0.0002537394195430244
0.0002570722169620824
0.0002604450211440363
0.00026385827039541657
0.00026731240745444054
0.0002708078795030571
0.00027434513820772294
0.00027792463979368296
0.00028154684506289626
0.00028521221944356875
0.00028892123303387077
0.0002926743606460569
0.00029647208185099564
0.0003003148810231094
0.00030420324738573073
0.00030813767505687536
0.00031211866309544277
0.0003161467155478387
0.000320222341495034
0.000324346055100052
0.0003285183756559028
0.00033273982763395424
0.0003370109203379737
0.0003413322499273017
0.0003457042955187778
0.00035012762318473184
0.00035460278402973467
0.00035913033463650144
0.00036371083711748416
0.0003683448591669457
0.00037303297411351324
0.0003777757609732179
0.00038257380450302836
0.0003874276952548753
0.00039233802963018296
0.0003973054099348961
0.0004023304444350274
0.0004074137474127102
0.0004125559392227764
0.0004177576463498552
0.00042301950146600133
0.00042834214348885937
0.0004337262176403637
0.00043917237550598534
0.00044468127509452636
0.00045025358089846666
0.0004558899639548757
0.0004615911019068822
0.00046735767906572016
0.00047319038647333994
0.0004790899219656154
0.0004850569902361211
0.0004910923029005147
0.0004971965785615019
0.0005033705428744205
0.0005096149286134164
0.0005159304757382504
0.0005223179314617026
0.0005287780503176277
0.0005353115942296235
0.0005419193325803433
0.0005486020422814493
0.0005553605078442174
0.0005621955214507941
0.000569107883026123
0.0005760984003105235
0.0005831678889329594
0.0005903171724849785
0.0005975470825953429
0.0006048584590053433
0.0006122521496448308
0.0006197290107089312
0.0006272899067354948
0.0006349357106832461
0.0006426673040106719
0.0006504855767556389
0.0006583914276157462
0.0006663857640294301
0.00067446950225782
0.0006826435674673563
0.0006909088938131687
0.0006992664245232442
0.0007077171119675547
0.0007162619178067636
0.0007249018129846889
0.000733637777878061
0.0007424708023691335
0.0007514018859346424
0.0007604320377355976
0.0007695622767079016
0.0007787936316538179
0.0007881271413510845
0.0007975638545787592
0.0008071048303123905
0.0008167511377514529
0.0008265038564320232
0.0008363640763234621
0.0008463328979260027
0.0008564114323547219
0.0008666008014976629
0.0008769021380272552
0.0008873165855613633
0.0008978452987504408
0.000908489443380683
0.0009192501964781516
0.0009301287464138553
0.0009411262930098226
0.0009522440476461423
0.0009634832333690204
0.0009748450849998283
0.0009863308492451654
0.0009979417848079552
0.0010096791624995649
0.001021544265352974
0.0010335383887369977
0.0010456628404715586
0.0010579189409440548
0.0010703080232267836
0.001082831433195488
0.0010954905296489733
0.001108286684429866
0.0011212212825464725
0.001134295722295797
0.0011475114153876704
0.0011608697870700779
0.0011743722762556038
0.0011880203356487765
0.001201815431876184
0.001215759045614571
0.0012298526717233712
0.0012440978193768602
0.0012584960121978393
0.00127304878839259
0.001287757700887065
0.0013026243174643572
0.0013176502209034432
0.001332837009119221
0.001348186295303852
0.0013636997080694075
0.001379378891591868
0.0013952255057564306
0.0014112412263041945
0.0014274277449802032
0.0014437867696828572
0.001460320024614729
0.001477029250434777
0.0014939162044119761
0.0015109826605803765
0.0015282304098956125
0.0015456612603928599
0.0015632770373462687
0.0015810795834298795
0.001599070758880036
0.0016172524416593113
0.0016356265276219596
0.0016541949306809048
0.0016729595829762898
0.0016919224350455918
0.0017110854559953155
0.0017304506336742972
0.0017500199748486092
0.001769795505378097
0.0017897792703945703
0.0018099733344816285
0.0018303797818561866
0.0018510007165516758
0.0018718382626029474
0.0018928945642329126
0.0019141717860408998
0.0019356721131927853
0.001957397751612876
0.0019793509281775925
0.002001533890910948
0.0020239489091818425
0.0020465982739031998
0.002069484297732969
0.0020926093152769656
0.002115975683293636
0.0021395857809007037
0.00216344200978375
0.002187546794406728
0.0022119025822244518
0.0022365118438970404
0.0022613770735063848
0.0022865007887746024
0.002311885531284538
0.00233753386670233
0.002363448385002013
0.002389631700692259
0.002416086453045172
0.002442815306327275
0.0024698209500325754
0.002497106099117885
0.002524673494240227
0.0025525259019965724
0.0025806661151656822
0.0026090969529523073
0.0026378212612335867
0.002666841912807778
0.0026961618076452995
0.0027257838731420832
0.0027557110649852512
0.002785946365024689
0.0028164927850353252
0.002847353364696347
0.0028785311724150962
0.0029100293055949558
0.002941850890905666
0.002973999084556189
0.003006477072570101
0.003039288071063555
0.0030724353265258234
0.0031059221161024533
0.0031397517465248763
0.0031739275597529137
0.0032084529253399757
0.0032433312459414537
0.003278565956324793
0.0033141605236688336
0.0033501184478659375
0.003386443261826901
0.0034231385317887338
0.0034602078576252727
0.0034976548731607076
0.00353548324648601
0.003573696680278309
0.0036122989121232505
0.0036512937148403214
0.0036906848968112356
0.0037304763023113577
0.003770671811844206
0.0038112753424790853
0.0038522908481918383
0.003893722320208757
0.003935573787353738
0.003977849316398636
0.0040205530124168545
0.004063689019140277
0.004107261519319458
0.004151274735087225
0.004195732928325614
0.0042406404010362254
0.0042860014957140655
0.004331820595731475
0.004378102125692027
0.004424850551855505
0.004472070382498538
0.004519766168312959
0.004567942502800968
0.0046166040226739745
0.004665755408255109
0.004715401383885513
0.0047655467183344005
0.004816196225212909
0.0048673547633873646
0.004919027237418944
0.0049712185979617724
0.005023933842210889
0.0050771780143310016
0.0051309562058940664
0.005185273556320754
0.005240135253326191
0.005295546533369684
0.0053515126821088305
0.005408039034857577
0.005465130977048838
0.005522793944701145
0.005581033424889797
0.005639854956222367
0.005699264129318544
0.005759266587294551
0.00581986802625197
0.005881074195771166
0.0059428908994092755
0.006005323995202813
0.006068379396174976
0.006132063070847309
0.006196381043757748
0.006261339395980321
0.006326944265652769
0.0063932018485075275
0.006460118398407978
0.00652770022788969
0.006595953708706615
0.006664885272382467
0.006734501410767123
0.0068048086765982565
0.00687581368406819
0.00694752310939593
0.007019943691404651
0.007093082232104409
0.007166945597280407
0.00724154071708656
0.007316874586644731
0.007392954266649438
0.007469786883978222
0.007547379632307625
0.007625739772735
0.007704874634405973
0.007784791615147806
0.007865498182108653
0.00794700187240268
0.008029310293761253
0.00811243112519014
0.008196372117632805
0.008281141094639894
0.00836674595304493
0.00845319466364624
0.00854049527189528
0.008628655898591304
0.008717684740582531
0.008807590071473751
0.008898380242340565
0.008990063682450254
0.009082648899989278
0.009176144482797632
0.009270559099109923
0.009365901498303375
0.009462180511652806
0.009559405053092555
0.009657584119985494
0.009756726793899226
0.009856842241389462
0.00995793971479065
0.010060028553013944
0.010163118182352684
0.010267218117295158
0.010372337961345096
0.010478487407849688
0.010585676240835286
0.010693914335850903
0.01080321166081953
0.010913578276897321
0.011025024339340815
0.011137560098382142
0.011251195900112386
0.011365942187373189
0.011481809500656508
0.011598808479012884
0.01171694986096801
0.011836244485447872
0.011956703292712447
0.012078337325298096
0.012201157728968662
0.012325175753675463
0.012450402754526115
0.012576850192762374
0.01270452963674709
0.01283345276296027
0.012963631357004424
0.0130950773146192
0.01322780264270547
0.013361819460358882
0.013497139999913067
0.013633776607992452
0.013771741746574891
0.013911047994064115
0.014051708046372215
0.014193734718012026
0.014337140943199822
0.014481939776968076
0.014628144396288695
0.01477576810120654
0.014924824315983576
0.015075326726094608
0.015227288600187424
0.015380724149671425
0.015535647171486984
0.015692071728519812
0.01585001201496182
0.01600948235753348
0.016170497216715693
0.016333071187992963
0.016497219003108285
0.016662955531329453
0.0168302957807273
0.016999254899465726
0.017169848177103687
0.017342091045909246
0.017515999082185884
0.01769158800761102
0.017868873690586998
0.018047872147604598
0.018228599544619244
0.018411072198439862
0.018595306578130733
0.018781319306426215
0.018969127161158828
0.019158747076700303
0.01935019614541611
0.01954349161913362
0.019738650910623618
0.019935691595095735
0.02013463141170773
0.02033548826508871
0.02053828022687652
0.020743025537269415
0.020949742606592017
0.021158450016875902
0.021369166523454837
0.021581911056574702
0.02179670272301854
0.022013560807746378
0.02223250477555071
0.022453554272726696
0.022676729128758524
0.022902049358020912
0.02312953516149659
0.02335920692850981
0.023591085238475615
0.023825190862665685
0.024061544765990248
0.02430016810879677
0.024541082248685158
0.02478430874233984
0.025029869347378872
0.025277786024220067
0.025528080937964596
0.02578077646029796
0.026035895171408575
0.02629345986192411
0.026553493534865996
0.026816019407621707
0.027081060913935574
0.02734864170591806
0.02761878565607357
0.02789151685934703
0.02816685963518951
0.028444838529643048
0.028725478317444687
0.029008804004150048
0.029294840828276693
0.029583614263467065
0.02987515002067204
0.030169474050354028
0.03046661254471101
0.030766591939921022
0.031069438918407234
0.031375180411124644
0.03168384359986702
0.031995455919596336
0.03231004506080031
0.03262763897183479
0.0329482658613629
0.03327195420074159
0.03359873272646789
0.033928630442640405
0.03426167662344339
0.034597900815654226
0.03493733284117381
0.035280002799580414
0.035625941070707594
0.03597517831724542
0.036327745487366364
0.03668367381737504
0.03704299483438296
0.037405740359007615
0.037771942508097
0.03814163369747915
0.03851484664473727
0.038891614372010296
0.039271970208819895
0.03965594779492329
0.040043581083192684
0.04043490434252132
0.04082995216075644
0.04122875944765956
0.04163136143789393
0.042037793694040045
0.04244809210963873
0.042862292912823056
0.043280432667180194
0.04370254827822988
0.04412867699378529
0.04455885640997534
0.04499312447103944
0.04543151947485418
0.04587408007563999
0.04632084528726802
0.046771854486597125
0.047227147416842384
0.04768676419097433
0.048150745295150094
0.04861913159217603
0.0490919643250026
0.04956928512025151
0.0500511359917757
0.05053755934425219
0.05102859797680823
0.05152429508668119
0.052024694272912
0.052529839540073335
0.05303977530203186
0.05355454638574567
0.0540741980350967
0.05459877591475889
0.05512832611410167
0.05566289515070977
0.05620252997593984
0.05674727797671021
0.05729718698094028
0.057852305261313464
0.05841268153940347
0.058978364989838536
0.05954940524578728
0.06012585239821708
0.060707757007432424
0.06129517010269792
0.061888143187739365
0.06248672824514483
0.06309097774080637
0.06370094462840342
0.06431668235392697
0.06493824486024623
0.06556568659171727
0.0661990624988348
0.06683842804292611
0.06748383920088975
0.06813535246997732
0.06879302487261936
0.06945691396129675
0.07012707782345638
0.07080357508647327
0.07148646492265774
0.07217580705430951
0.0728716617588185
0.07357408987381292
0.07428315280235485
0.07499891251818436
0.07572143157101166
0.07645077309185888
0.07718700079845071
0.07793017900065541
0.07868037260597628
0.07943764712509348
0.08020206867745777
0.08097370399693571
0.08175262043750728
0.08253888597901643
0.0833325692329743
0.08413373944841691
0.08494246651781709
0.08575882097301733
0.08658287403123346
0.08741469754140599
0.08825436402997525
0.0891019466972078
0.08995751942344453
0.09082115677540675
0.0916929340125601
0.09257292709353752
0.09346121268262239
0.09435786815629074
0.09526297160981476
0.09617660186392724
0.09709883847154747
0.09802976172457041
0.09896945266071706
0.09991799307044996
0.10087546550395196
0.10184195327816921
0.10281754048392056
0.10380231199307208
0.10479635346577691
0.10579975135778526
0.10681259292781857
0.10783496624501417
0.10886696019643866
0.10990866449466984
0.11096016968544999
0.11202156715540938
0.11309294913986184
0.1141744087306716
0.1152660398841942
0.11636793742929
0.11748019707541238
0.11860291542077045
0.1197361899605682
0.12088011909531877
0.12203480213923644
0.12320033932870657
0.12437683183083323
0.12556438175206677
0.12676309214691048
0.1279730670267087
0.12919441136851578
0.1304272311240473
0.13167163322871417
0.13292772561074082
0.13419561720036674
0.13547541793913498
0.13676723878926433
0.13807119174311075
0.1393873898327148
0.14071594713943775
0.14205697880368745
0.14341060103473402
0.1447769311206159
0.14615608743813882
0.1475481894629658
0.1489533577798022
0.15037171409267377
0.15180338123530074
0.15324848318156778
0.15470714505609018
0.15617949314487928
0.1576656549061056
0.15916575898096164
0.16067993520462578
0.1622083146173276
0.16375102947551548
0.16530821326312772
0.1668800007029674
0.16846652776818433
0.17006793169386114
0.17168435098870805
0.17331592544686555
0.17496279615981664
0.17662510552840852
0.17830299727498658
0.1799966164556402
0.18170610947256277
0.1834316240865239
0.18517330942946075
0.18693131601718224
0.18870579576219346
0.19049690198663774
0.19230478943535861
0.1941296142890826
0.19597153417772564
0.1978307081938198
0.19970729690606642
0.20160146237301485
0.20351336815686677
0.20544317933740883
0.20739106252607423
0.20935718588013466
0.21134171911702399
0.21334483352879274
0.2153667019966996
0.21740749900593495
0.21946740066048226
0.22154658469811678
0.2236452305055441
0.2257635191336766
0.22790163331305271
0.2300597574694003
0.23223807773934094
0.23443678198624343
0.2366560598162199
0.23889610259427388
0.24115710346059527
0.2434392573470073
0.2457427609935659
0.24806781296531208
0.25041461366918055
0.2527833653710623
0.2551742722130261
0.2575875402307115
0.26002337737085257
0.2624819935089962
0.2649636004673687
0.26746841203290916
0.26999664397547163
0.27254851406619524
0.27512424209604386
0.2777240498945183
0.28034816134854146
0.2829968024215176
0.28567020117256897
0.2883685877759504
0.2910921945406438
0.29384125593013216
0.2966160085823611
0.2994166913298788
0.3022435452201689
0.30509681353616663
0.3079767430818474
0.31088357923081694
0.31381757183576564
0.3167789761218242
0.3197680455115877
0.32278503714234985
0.32583021053590255
0.3289038276206645
0.3320061527538101
0.33513745274401335
0.33829799687399387
0.3414880569234714
0.3447079071922985
0.34795782452380153
0.35123808832834386
0.35454898060709994
0.3578907859760561
0.3612637916902298
0.3646682876681139
0.36810456651634765
0.37157292355461596
0.3750736568407783
0.3786070671962321
0.3821734582315088
0.3857731363721088
0.3894064108845737
0.39307359390280106
0.3967750004546041
0.40051094848851254
0.40428175890082874
0.40808775556292665
0.4119292653488103
0.4158066181629212
0.41972014696820914
0.42367018781445814
0.4276570798668773
0.43168116543495416
0.4357427900015782
0.43984230225243165
0.4439800541056517
0.4481564007417706
0.4523717006339291
0.45662631557837285
0.4609206107252274
0.465254954609563
0.46962971918274277
0.47404527984406264
0.47850201547268423
0.4830003084598633
0.48754054474147573
0.4921231138308478
0.49674840885188415
0.501416826572509
0.5061287674384135
0.5108846356071151
0.5156848389823347
0.5205297892486891
0.5254199019067064
0.5303555963081664
0.5353372956917648
0.5403654272191114
0.5454404220110584
0.550562715184367
0.555732745888714
0.5609509573440369
0.5662177968782303
0.5715337159651854
0.5768991702631893
0.5823146196536696
0.5877805282803078
0.5932973645885079
0.5988656013652327
0.6044857157792094
0.6101581894215065
0.6158835083464855
0.6216621631131348
0.6274946488267826
0.6333814651811975
0.6393231165010795
0.6453201117849416
0.651372964748394
0.6574821938678204
0.6636483224244696
0.6698718785489419
0.6761533952661007
0.6824934105403889
0.688892467321573
0.6953511135909051
0.7018699024077147
0.7084493919564321
0.7150901455940439
0.7217927318979929
0.7285577247145151
0.7353857032074318
0.7422772519073865
0.7492329607615408
0.756253425183728
0.7633392461050763
0.7704910300250918
0.7777093890632264
0.7849949410109078
0.7923483093840659
0.7997701234761352
0.8072610184115545
0.8148216351997541
0.8224526207896516
0.8301546281246471
0.8379283161981256
0.8457743501094797
0.8536934011206422
0.8616861467131524
0.8697532706457393
0.8778954630124465
0.8861134203012772
0.8944078454534538
0.9027794479230817
0.9112289437375128
0.9197570555581921
0.9283645127420808
0.9370520514036536
0.9458204144774628
0.9546703517812878
0.9636026200798645
0.9726179831492092
0.9817172118415302
0.9909010841507505
1.0001703852786252
1.009525907701486
1.0189684512375852
1.0284988231150782
1.0381178380406306
1.047826318268652
1.0576250936711882
1.0675150018084398
1.0774968879999511
1.0875716053964464
1.0977400150523107
1.1080029859988725
1.118361395318096
1.1288161282172224
1.1393680781039799
1.1500181466624986
1.1607672439299361
1.1716162883738197
1.1825662069700906
1.1936179352818825
1.2047724175390198
1.216030606718261
1.2273934646242748
1.2388619619713739
1.2504370784660002
1.2621198028899776
1.2739111331845303
1.2858120765350858
1.297823649456853
1.3099468778811998
1.322182797242833
1.3345324525677722
1.346996898562152
1.35957719970184
1.372274430322879
1.3850896747127774
1.39802402720264
1.4110785922601417
1.4242544845833789
1.437552829195579
1.4509747615406825
1.4645214275798266
1.4781939838887015
1.4919935977557712
1.5059214472816456
1.5199787214788838
1.5341666202921491
1.5484863550235335
1.562939147951759
1.5775262327574253
1.5922488545477638
1.6071082699624242
1.6221057472802307
1.6372425665269397
1.6525200195839804
1.667939410298211
1.6835020545926898
1.6992092805784687
1.7150624286674176
1.7310628516861064
1.7472119149907246
1.7635109965830802
1.7799614872276541
1.7965647905697613
1.8133223232547802
1.8302355150485061
1.8473058089585994
1.864534661357188
1.881923542104564
1.8994739346740568
1.917187336278051
1.9350652579951693
1.9531092248986321
1.9713207761858138
1.9897014653089797
2.0082528601072593
2.026976542939811
2.0458741108202467
2.0649471755522844
2.0841973638666533
2.1036263175592853
2.1232356936307606
2.1430271644270644
2.163002417781639
2.1831631571587393
2.2035111017981364
2.224047986861145
2.2447755635780067
2.2656955993966355
2.286809878132746
2.3081202001213623
2.3296283823697386
2.3513362587116817
2.373245679963321
2.3953585140802987
2.41767664631643
2.44020197938383
2.462936433614512
2.485881947123493
2.5090404759734075
2.532413994340633
2.556004494682967
2.5798139879088553
2.603844503548171
2.628098089924592
2.6525768143295663
2.6772827631978786
2.7022180422848647
2.7273847768452435
2.7527851118136084
2.778421211986601
2.804295262206759
2.830409467548071
2.8567660535032435
2.883367266172707
2.9102153724553688
2.937312660241128
2.964661438605179
2.9922640380041097
3.020122810473806
3.048240129829207
3.0766183918658903
3.1052600145635303
3.1341674382912497
3.1633431260148424
3.1927895635059547
3.222509259553158
3.2525047461750196
3.2827785788351043
3.3133333366590008
3.344171622653332
3.3752960639267946
3.4067093119132625
3.4384140425969414
3.47041295673959
3.5027087801098973
3.5353042637149064
3.5682021840336593
3.6014053432529396
3.6349165695052363
3.668738717108887
3.702874666810467
3.7373273260294
3.772099629104835
3.8071945375448215
3.842615040277782
3.8783641539060594
3.9144448373018546
3.9508603009109295
3.9876137466992225
4.024708032434481
4.062146436239457
4.099932146224648
4.138068380018299
4.176558385039643
4.215405438774621
4.254612849054193
4.294183954335185
4.334122123983768
4.3744307585615285
4.4151132901142285
4.45617318246318
4.497613931499394
4.539439065480364
4.581652145329665
4.624256764939294
4.667256551474795
4.710655165683266
4.754456302204132
4.798663689149537
4.843281091325667
4.888312306237851
4.933761167261071
4.979631543260441
5.025927338919668
5.072652495072583
5.1198109890377275
5.167406834956043
5.215444084131654
5.263926825375874
5.312859199616754
5.362245344116677
5.412089459553233
5.462395819545986
5.513168690534512
5.56441239377667
5.616131290536009
5.668329782452049
5.721012311913982
5.774183362437815
5.8278474590470095
5.88200916865666
5.936673100461201
5.991843906325731
6.047526281180935
6.103724963422162
6.16044473530969
6.217690423377756
6.275466898842278
6.333779078014912
6.392631922720417
6.452030440717904
6.511979686125947
6.572484759851666
6.633550810023755
6.695183032429527
6.757386670956013
6.820167018035113
6.883529415092914
6.947479253003098
7.012021972544636
7.0771630648636235
7.14290807193945
7.209262587055279
7.2762322552728405
7.343822773911693
7.412039893032806
7.4808894159267405
7.550377199606279
7.6205091553036075
7.691291248972126
7.762729501792927
7.834829990685862
7.907598848825468
7.9810422661611184
8.055166489944288
8.129977825256162
8.20548263554469
8.281687343164261
8.358598429920919
8.436222437622583
8.514565968634331
8.593635686438878
8.673438316202217
8.753980645344459
8.83526952411602
8.917311866179109
9.000114649194552
9.083684915414151
9.168029772278405
9.253156393019896
9.339072017272084
9.425783951683917
9.51329957054002
9.601626316386644
9.690771700663413
9.780743304340936
9.871548778564252
9.963195845302364
10.055692298003613
10.149046002257249
10.24326489646105
10.338356992495171
10.434330376402201
10.531193209073473
10.62895372694184
10.727620242680713
10.827201145909713
10.927704903906701
11.029140062326599
11.131515245926625
11.234839159298408
11.339120587606862
11.444368397335792
11.550591537040509
11.6577990381074
11.766000015520437
11.875203668634882
11.985419281958091
12.096656225937586
12.208923957756351
12.322232022135593
12.436590052144792
12.552007770019422
12.668494987986064
12.786061609095269
12.904717628062087
13.024473132114355
13.145338301848925
13.267323412095658
13.390438832789584
13.51469502985099
13.640102566073773
13.766672102021952
13.894414396934366
14.023340309638039
14.153460799469697
14.284786927205927
14.41732985600202
14.551100852339427
14.68611128698177
14.822372635940264
14.959896481447498
15.098694512940487
15.238778528052825
15.380160433615927
15.522852246669624
15.6668660954821
15.812214220579135
15.95890897578315
16.10696282926152
16.25638836458486
16.407198281795043
16.559405398482916
16.71302265087633
16.868063094937895
17.02453990747311
17.182466387248674
17.34185595612116
17.502722135338573
17.66507864892241
17.82893928622904
17.994317931943137
18.161228662624858
18.32968566296368
18.499703248937518
18.67129586902771
18.844478105445226
19.01926467536831
19.19567043219139
19.373710366785737
19.55339960877161
19.73475342780247
19.917787234860587
20.102516583565215
20.2889571714924
20.477124841507187
20.667035583108337
20.858705533785056
21.052150980386674
21.247388360504843
21.44443426386848
21.643305433751685
21.844018768394697
22.046591322438
22.251040308369554
22.45738309798569
22.66563722386526
22.875820380857597
23.087950427584158
23.302045387954134
23.518123452693956
23.736202980891097
23.956301682293113
24.17844071517521
24.402636495336804
24.628908890293758
24.85727712459951
25.087760600735788
25.32037890075889
25.555151787961705
25.792099208550837
26.031241293339257
26.27259835945466
26.516190912063603
26.762039646111795
27.010165448080084
27.26058939775701
27.513332770027766
27.768417036679622
28.025863868223876
28.285695135735
28.547932912706667
28.81259947692484
29.079717312358355
29.349309111067
29.621397775126976
29.896006418574572
30.173158369367613
30.45287717136498
30.735186586324662
31.020110595920148
31.307673403775453
31.597899437519143
31.89081335085716
32.18644002566501
32.48480457409919
32.785932340728145
33.089848904683045
33.396580081828475
33.706151926952955
34.01859073598012
34.33392304820009
34.65217564852144
34.97337556974431
35.29755009485427
35.62472675933751
35.95493335351747
36.28819792491307
36.62454878061878
36.9640144897066
37.30662388565052
37.65240606877312
38.001390408715
38.35360654692711
38.70908439918576
39.067854158131574
39.42994629583115
39.795391566363115
40.1642210084277
40.53646594798053
40.91215800089093
41.29132907562469
41.67401137595166
42.06023740367845
42.45003996140653
42.84345215531553
43.24050739797258
43.64123941116758
44.045682228774616
44.45387019963999
44.86583799049685
45.28162058890679
45.701253306228935
46.124771780616065
46.552211980038656
46.98361020533718
47.41900309330221
47.858427619783235
48.301921102826284
48.7495212058405
49.20126594079398
49.65719367143931
50.11734311656888
50.58175335330037
51.050463820392416
51.52351432159138
52.00094502880636
52.48279648632247
52.969109613041674
53.45992570674949
53.95528644764027
54.45523390098392
54.959810521994754
55.46905915857163
55.983023055147974
56.50174585636139
57.02527161075694
57.55364477452493
58.08691021527293
58.62511321583295
59.16829947810394
59.71651512692943
60.26980671401149
60.82822122186055
61.39180606778239
61.960609107900964
62.53467864121961
63.1140634137188
63.69881262249277
64.2889759199236
64.88460341789455
65.48574569204193
66.09245378604652
66.70477921596472
67.32277397459966
67.94649053591304
68.57598185947715
69.21130139496911
69.8525030867055
70.49964137822005
71.15277121688275
71.81194805856258
72.47722787233256
73.14866714521901
73.8263228869944
74.51025263501455
75.2005144591006
75.89716696646633
76.60026930669112
77.30988117673839
78.02606282602115
78.7488750615139
79.47837925291228
80.21463733784019
80.95771182710486
81.70766581000132
82.464562959665
83.22846753847453
83.99944440350436
84.77755901202781
85.56287742707082
86.35546632301752
87.15539299126732
87.9627253459445
88.77753192966073
89.59988191933066
90.42982412639697
91.2674920309763
92.1128937313941
92.96612200666239
93.82724929434745
94.6963487023606
95.57349401516136
96.45875970001744
97.35222091332355
98.25395350697804
99.16403403481854
100.08253975911781
101.00954865713868
101.94513942775059
102.88939149810695
103.84238503038392
104.80420092858243
105.7749208453921
106.75462718911967
107.74340313068097
108.74133261065748
109.74850034641835
110.76499183930875
111.7908933819041
112.82629206533167
113.87127578666012
114.92593325635671
115.990354005815
117.06462839495018
118.14884761986629
119.24310372059394
120.34748958889924
121.46209897616525
122.5870265013467
123.72236765899771
124.86821882737428
126.02467727661127
127.19184117697561
128.36980960719526
129.55868256286624
130.75856096493598
131.96954666826642
133.19174247027573
134.4252521196603
135.6701803251973
136.9266327646285
138.19471609362643
139.4745379548441
140.7662069870474
142.0698328343324
143.38552615542858
144.71339863308717
146.0535629835572
147.4061329661483
148.7712233928833
150.14895013823838
151.53943014897527
152.94278145406315
154.35912317470013
155.78857553438976
157.23125986918703
158.68729863796207
160.15681543296353
161.6399349896394
163.1367831982222
164.64748711373892
166.17217496695977
167.71097617527718
169.26402135368608
170.83144232586608
172.4133721353651
174.0099450568886
175.6212966076896
177.24756355906936
178.8888839479784
180.54539708873105
182.21724358482206
183.90456534085945
185.6075055746002
187.3262088291046
189.0608209849979
190.8114892728476
192.57836228565486
194.3615899914621
196.16132374607537
197.9777163059076
199.81092184093674
201.66109594778797
203.5283956629333
205.41297947601544
207.31500734329532
209.23464070122176
211.17204248012843
213.12737711805795
215.10081057471248
217.092510345534
219.10264547591566
221.1313865755433
223.17890583287002
225.24537702972637
227.33097555606238
229.43587842482935
231.5602642869977
233.7043134467131
235.86820787659536
238.0521312331757
240.25626887247955
242.4808078657515
244.72593701532753
246.9918468706529
249.2787297444487
251.5867797290275
253.91619271276068
256.26716639669814
258.6399003113406
261.0345958335696
263.4514562037305
265.8906865428769
268.3524938701729
270.8370871204567
273.344677161967
275.875476814234
278.42970086613275
281.0075660941088
283.60929128056824
286.23509723243916
288.8852067999057
291.55984489531437
294.2592385122556
296.9836167448228
299.7332108070475
302.508254052517
305.3089819941709
308.13563232428265
310.9884449346259
313.86766193682644
316.7735276829024
319.70628878599655
322.66619414129724
325.6534949471562
328.66844472639997
331.7112993478367
334.7823170479681
337.8817584528934
341.0098866004253
344.1669669624015
347.35326746702253
350.56905852219757
353.8146130377622
357.0902064489839
360.39611673987497
363.73262446677427
367.10001278215157
370.4985674586281
373.92857691322246
377.39033223182025
380.8841271938689
384.41025829729995
387.96902478368776
391.5607286636334
395.18567474238847
398.84417064571454
402.53652684598063
406.26305668850614
410.02407641814085
413.81990520609816
417.65086517703224
421.5172814363657
425.4194821024405
429.3577983163157
433.3325642965671
437.34411735007393
441.3927979049676
445.47894953951504
449.6029190112648
453.76505628646873
457.96571456976966
462.20525033416783
466.4840233512648
470.80239672178453
475.1607369063779
479.55941375671426
483.9988005468576
488.47927400493495
493.0012143450978
497.5650052997784
502.1710341522454
506.8196917694584
511.5113726352318
516.246474883699
521.0254003330901
525.8485545198239
530.7163467329085
535.6291900486672
540.5855590854356
545.591701440668
550.6422149231568
555.7394703925353
560.8839003939005
566.075941474855
571.3160342225451
576.6046233010363
581.9421574890403
587.3290897179855
592.765877110447
598.252981018923
603.7908670649781
609.3800051787437
615.0208696387857
620.7139391123455
626.4596966959394
632.2586299563552
638.1112309720046
644.0179963746803
649.979427391679
655.9960298883342
662.0683144109224
668.1967962299841
674.3819953840367
680.6244367236878
686.9246499561696
693.2831696902717
699.7005354816994
706.1772918788466
712.7139884689931
719.3111799249318
725.9694260520241
732.6892918356936
739.4713474893524
746.316168502787
753.224335690968
760.1964352433366
767.233058773527
774.3348033695592
781.5022716444959
788.7360717875652
796.0368176157548
803.4051286258889
810.8416300471871
818.3469528943007
825.921734020849
833.5666161734482
841.2822480462372
849.0692843359163
856.928385797281
864.8602192992871
872.8654578816178
880.9447808117874
889.0988736427648
897.3284282711345
905.6341429957961
914.0167225772019
922.4768782971489
931.0153280191223
939.6327962491919
948.3300141974811
957.107719840198
965.966657982243
974.9075803203929
983.9312455067586
993.038419214407
1002.229874200433
1011.5063903727695
1020.8687548560345
1030.317762058317
1039.85421373856
1049.478919074593
1059.192694731764
1068.996364932233
1078.8907615252867
1088.8767240563366
1098.95509984049
1109.1267440328759
1119.3925197015808
1129.7532979008677
1140.2099577450706
1150.7633865055204
1161.4144795931527
1172.1641407781842
1183.0132821679695
1193.9628243019313
1205.0136962653296
1216.166835708528
1227.4231889701102
1238.7837111453503
1250.24936616722
1261.8211268881873
1273.4999751627315
1285.286901930645
1297.1829073011017
1309.1890006375
1321.306200643091
1333.5355354474068
1345.8780426934752
1358.334769625849
1370.906773179458
1383.5951200692634
1396.4008868807591
1409.3251601613038
1422.3690365122957
1435.5336226822053
1448.8200356604702
1462.2294027722432
1475.7628617740465
1489.4215609502771
1503.2066592106319
1517.1193261884202
1531.1607423397927
1545.3320990438779
1559.6345987038621
1574.0694548489942
1588.6378922375275
1603.3411469606292
1618.1804665472441
1633.1571100699277
1648.272348251656
1663.5274635736314
1678.9237503840839
1694.4625150080687
1710.1450758582969
1725.972763546982
1741.9469209987133
1758.0689035643932
1774.3400791362135
1790.7618282637004
1807.335544270835
1824.062633374251
1840.944514802539
1857.982620916637
1875.1783973313513
1892.5333030379902
1910.0488105281422
1927.7264059185893
1945.5675890773848
1963.5738737510903
1981.7467876931985
2000.087872793736
2018.5986852100693
2037.2807954989241
2056.1357887496183
2075.165264718536
2094.370837964838
2113.7541379874356
2133.3168093632294
2153.0605118866215
2172.986920710326
2193.0977264874787
2213.3946355150724
2233.8793698786817
2254.5536675985963
2275.4192827772217
2296.477985747933
2317.731563225205
2339.1818184562453
2360.8305713739305
2382.6796587512035
2404.73093435692
2426.9862691130884
2449.4475512535905
2472.1166864843813
2494.9955981451417
2518.0862273724556
2541.390533264479
2564.910493047137
2588.6481022418693
2612.6053748349073
2636.7843434481333
2661.1870595115215
2685.8155934371607
2710.672034794897
2735.7584924896137
2761.0770949401162
2786.62999025971
2812.4193464384343
2838.4473515269724
2864.7162138222748
2891.228162054905
2917.9854455781096
2944.990334558628
2972.2451201692975
2999.7521147834073
3027.513652170882
3055.5320876962446
3083.8097985184486
3112.3491837925344
3141.152664873157
3170.2226855200015
3199.5617121051014
3229.172233822063
3259.056762897235
3289.2178348028274
3319.658008472014
3350.379866516013
3381.386015443174
3412.6790858801014
3444.261732794823
3476.1366357220195
3508.3064989903332
3540.774051951801
3573.5420492133776
3606.6132708706277
3639.9905227435747
3673.6766366147313
3707.6744704693065
3741.9869102146954
3776.6168625401497
3811.5672699337365
3846.841096161609
3882.4413339045336
3918.371003534777
3954.6331533723546
3991.230859943584
4028.1672282421373
4065.445391992394
4103.068513915326
4141.039785996775
4179.362429758273
4218.039696530275
4257.074867728058
4296.471255130024
4336.2322011587075
4376.361079164277
4416.861293710756
4457.73628086478
4498.98950848716
4540.624476527022
4582.644717318746
4625.053795881612
4667.855310222239
4711.052891639811
4754.650205034142
4798.650949216573
4843.058857223763
4887.877696634353
4933.111269888605
4978.763414610981
5024.838003935671
5071.338946835189
5118.27018845198
5165.635710433079
5213.4395312679235
5261.685706629221
5310.378329717026
5359.521531605963
5409.119481595696
5459.176387564606
5509.696496326777
5560.684093992252
5612.143506330642
5664.079099138091
5716.495278607651
5769.396491703062
5822.787226536008
5876.672012746852
5931.055421888905
5985.942067816243
6041.336607075108
6097.243739298951
6153.668207607104
6210.614799007165
6268.0883448010645
6326.093720994972
6384.6358487128855
6443.719694614151
6503.350271314773
6563.532637812646
6624.271899916752
6685.5732106802725
6747.44177083776
6809.8828292462995
6872.9016833308315
6936.5036795335045
7000.694213767254
7065.478731873543
7130.862730084358
7196.851755488457
7263.451406501942
7330.667333343237
7398.505238512329
7466.970877274604
7536.070058149026
7605.808643400944
7676.1925495393525
7747.227747818837
7818.9202647461125
7891.276182591323
7964.301639903916
8038.0028320335
8112.386011655325
8187.4574893008075
8263.223633892745
8339.69087328576
8416.865694811444
8494.754645828816
8573.364334279686
8652.701429249237
8732.77266153178
8813.584824201775
8895.144773190053
8977.459427865482
9060.535771621895
9144.380852470573
9229.001783638087
9314.405744169775
9400.599979538734
9487.591802260496
9575.388592513349
9663.99779876441
9753.426938401533
9843.683598370993
9934.775435821106
10026.71017875184
10119.495626670392
10213.139651252786
10307.650197011713
10403.035281970468
10499.302998343126
10596.46151322103
10694.519069265612
10793.483985407674
10893.364657553118
10994.16955929506
11095.907242632884
11198.586338697523
11302.21555848376
11406.803693589256
11512.359616960202
11618.892283644185
11726.410731549824
11834.9240822134
11944.441541572807
12054.972400748335
12166.526036831065
12279.111913678109
12392.739582715716
12507.418683749285
12623.15894578137
12739.970187836798
12857.862319795853
12976.845343234714
13096.929352274185
13218.124534435745
13340.44117150597
13463.889640408666
13588.4804140852
13714.224062382904
13841.131252951847
13969.212752149588
14098.479425954802
14228.942240888786
14360.612264945987
14493.50066853276
14627.61872541512
14762.977813674985
14899.589416675572
15037.465124035369
15176.616632611489
15317.055747491753
15458.79438299636
15601.844563688384
15746.218425394043
15891.928216232014
16038.986297652682
16187.40514548662
16337.19735100297
16488.375621977724
16640.952783771507
16794.941780417837
16950.355675721014
17107.20765436448
17265.51102302915
17425.27921152248
17586.52577391744
17749.26438970268
17913.508864942607
18079.273133449035
18246.57125796275
18415.417431346872
18585.82597779058
18757.811354024514
18931.38815054692
19106.571092861654
19283.375042727068
19461.8149994171
19641.906100993434
19823.66362558986
20007.102992708205
20192.239764526574
20379.089647219313
20567.668492289675
20757.992297914177
20950.077210300144
21143.93952505506
21339.595688569323
21537.062299411045
21736.356109734534
21937.494026701017
22140.493113913297
22345.37059286296
22552.14384439157
22760.830410164865
22971.447994161197
23184.01446417295
23398.547853322816
23615.066361593028
23833.58835736985
24054.13237900132
24276.717136370273
24501.361512481242
24728.08456506267
24956.905528183142
25187.843813883654
25420.91901382373
25656.150900944056
25893.559431143272
26133.164744971375
26374.987169337826
26619.047219236367
26865.365599484885
27113.963206482378
27364.861129981033
27618.0806548759
27873.64326301004
28131.57063499725
28391.884652060897
28654.60739789062
28919.76116051521
29187.368434193828
29457.451921323827
29730.03453436693
30005.13939779272
30282.78985004061
30563.009445499432
30845.82195650563
31131.2513753601
31419.321916363147
31710.05801786921
32003.484371463055
32299.625817035223
32598.507503387737
32900.15478601685
33204.59325503179
33511.848737326065
33821.947298768035
34134.91520808119
34450.77909049605
34769.56570564508
35091.302141910295
35416.015607179485
35743.73369055334
36074.48419379876
36408.29517593068
36745.19495559299
37085.21211346024
37428.37549466284
37774.714146823215
38124.25757716238
38477.035377422784
38833.077475250386
39192.41407520973
39555.075661346935
39921.09299977486
40290.49714128406
40663.31942397585
41039.59147592173
41419.345217845555
41802.61286583223
42189.42693405994
42579.82023755912
42973.82589499539
43371.47733147991
43772.80828140418
44177.852791302335
44586.645222738865
44999.22025522406
45415.61288915557
45835.858448787774
46259.99258522818
46688.05167045866
47120.07084540428
47556.08793298084
47996.139531236535
48440.26297147424
48888.49593042068
49340.876433423386
49797.4428576758
50258.23393547352
50723.28875749939
51192.64677614029
51666.347808833205
52144.43204144392
52626.94003167487
53113.912712507095
53605.39139567137
54101.41777515373
54602.03393073163
55107.28233154453
55617.20583969566
56131.847713889045
56651.251613098146
57175.46160027054
57704.52214606552
58238.47813262605
58777.37485738704
59321.258036917265
59870.17381079845
60424.168745538205
60983.2898385216
61547.58452199683
62117.10066710002
62691.88658791534
63271.99104557439
63857.46325239179
64448.35287604086
65044.71004376609
65646.58534663646
66254.02984383624
66867.0950669973
67485.83302456969
68110.29620623469
68740.53758735633
69376.6106334767
70018.56930485026
70666.46806102246
71320.36186544878
71980.30619015815
72646.35702045774
73318.57085968342
73997.00473399195
74681.71619719965
75372.76333566365
76070.20477321057
76774.09967610857
77484.50775808771
78201.48928540436
78925.10508195472
79655.4165344337
80392.4855975433
81136.37479924741
81887.14724607732
82644.86662848367
83409.59722624088
84181.40391389902
84960.35216628807
85746.50806407105
86539.93829935144
87340.71018132902
88148.89164201122
88964.55124197478
89787.75817618298
90618.5822798543
91457.09403438788
92303.36457334133
93157.46568846653
94019.4698357982
94889.45014180201
95767.48040957669
96653.63512511608
97547.9894636266
98450.61929590585
99361.60119477741
100281.01244158803
101208.93103276222
102145.43568642013
103090.60584905375
104044.52170226829
105007.2641695821
105978.91492329375
106959.55639140826
107949.27176463108
108948.145003425
109956.2608451315
110973.70481116128
112000.56321424665
113036.9231657662
114082.87258313186
115138.50019724984
116203.89556004504
117279.1490520605
118364.35189012211
119459.59613507896
120564.97469961052
121680.58135611123
122806.5107446427
123942.8583809646
125089.7206646354
126247.19488719157
127415.3792403995
128594.37282458718
129784.27565704878
130985.18868053136
132197.21377179612
133420.45375026247
134655.01238672883
135900.9944121772
137158.50552665553
138427.6524082471
139708.54272211718
141001.28512964974
142305.98929766176
143622.76590770972
144951.7266654762
146292.98431024837
147646.6526244795
149012.84644344365
150391.68166497466
151783.27525930092
153187.7452789652
154605.21086884174
156035.79227624132
157479.61086111394
158936.78910634166
160407.4506281322
161891.7201865017
163389.7236958618
164901.5882356982
166427.44206135347
167967.41461490485
169521.63653614742
171090.23967367352
172673.357096061
174271.12310315855
175883.67323748066
177511.14429570452
179153.67434027584
180811.4027111197
182484.47003746207
184173.0182497583
185877.1905917349
187597.13163253904
189332.98727900512
191084.90478802938
192853.03277906467
194637.5212467253
196438.5215735141
198256.18654266186
200090.67035109026
201942.1286224903
203810.7184205264
205696.59826215976
207599.9281310935
209520.86949134732
211459.58530095214
213416.24002577626
215390.99965347516
217384.0317075744
219395.50526167863
221425.59095381718
223474.46100091608
225542.2892134111
227629.2510099889
229735.52343247092
231861.2851608297
234006.71652834854
236171.99953691772
238357.3178724756
240562.8569205883
242788.80378218065
245035.34728940242
247302.67802165332
249590.98832174434
251900.47231221944
254231.32591181883
256583.7468521032
258957.93469422337
261354.09084585356
263772.41857827286
266213.1230436126
268676.4112922568
271162.49229040946
273671.5769378182
276203.8780856678
278759.61055463465
281338.99115311244
283942.2386956016
286569.57402127486
289221.2200127076
291897.40161478904
294598.34585380065
297324.2818566796
300075.44087045116
302852.05628185015
305654.363637115
308482.60066197393
311337.0072818071
314217.82564200467
317125.30012850254
320059.67738851975
323021.20635147655
326010.13825011684
329026.72664181463
332071.2274300891
335143.8988863091
338245.00167160586
341374.7988589821
344533.55595563195
347721.54092546075
350939.02421182103
354186.27876045025
357463.58004262875
360771.2060785449
364109.437460884
367478.55737862585
370878.85164107516
374310.6087020988
377774.11968460394
381269.6784052271
384797.58139926434
388358.12794582534
391951.62009321834
395578.3626842159
399238.663383358
402932.83270125615
406661.1840209041
410424.0336261053
414221.7007268362
418054.5074866954
421922.77905022795
425826.84357051237
429767.0322369946
433743.67930358567
437757.1221170154
441807.70114545175
445895.7600073792
450021.6455007549
454185.7076324198
458388.2996477988
462629.7780608582
466910.50268435787
471230.8366603671
475591.1464910755
479991.80206988135
484433.1767127712
488915.6471899861
493439.59375798947
498005.4001917172
502613.4538171402
507264.14554411604
511957.8698995567
516695.025060889
521476.012889841
526301.2389665247
531171.1126238481
536086.046982234
541046.4589846707
546052.7694320751
551105.4030190001
556204.7883696487
561351.3580742477
566545.5487257339
571787.8009568001
577078.5594772653
582418.2731118101
587807.3948380402
593246.3818249238
598735.6954715628
604275.8014463463
609867.1697264392
615510.2746376666
621205.5948947365
626953.6136418638
632754.8184937407
638609.7015769184
644518.7595715395
650482.4937534832
656501.4100368816
662576.0190170429
668706.8360137594
674894.3811150306
681139.1792211729
687441.76008936
693802.6583785487
700222.4136948485
706701.5706372841
713240.6788440065
719840.2930389083
726500.9730786894
733223.2840003513
740007.7960691183
746855.0848268286
753765.7311407466
760740.3212528488
767779.4468295428
774883.7050118732
782053.6984661632
789290.0354351558
796593.3297895935
803964.2010803112
811403.2745907783
818911.1813901562
826488.5583868185
834136.0483823932
841854.3001262827
849643.9683707074
857505.7139262351
865440.203717859
873448.1108415499
881530.114621376
889686.9006671169
897919.1609324344
906227.5937735618
914612.904008557
923075.8029770857
931617.0086007671
940237.2454440751
948937.2447758097
957717.7446311185
966579.4898741227
975523.2322610865
984549.7305042058
993659.7503359554
1.0028540645740632e6
1.012133453187052e6
1.0214987033604212e6
1.0309506095634096e6
1.040489973616408e6
1.0501176047589574e6
1.0598343197184233e6
1.0696409427792514e6
1.0795383058529212e6
1.0895272485484888e6
1.099608618243841e6
1.1097832701575558e6
1.1200520674214652e6
1.130415881153868e6
1.140875590533437e6
1.1514320828737866e6
1.16208625369876e6
1.1728390068183856e6
1.1836912544055579e6
1.1946439170734056e6
1.2056979239534044e6
1.21685421277418e6
1.2281137299410726e6
1.239477430616403e6
1.2509462788005203e6
1.2625212474135624e6
1.2742033183780003e6
1.2859934827019288e6
1.297892740563144e6
1.309902101393973e6
1.3220225839669318e6
1.334255216481113e6
1.3466010366494474e6
1.359061091786702e6
1.371636438898347e6
1.3843281447702146e6
1.3971372860589868e6
1.4100649493835503e6
1.4231122314171512e6
1.4362802389804502e6
1.449570089135394e6
1.4629829092799984e6
1.476519837243961e6
1.4901820213852178e6
1.5039706206873225e6
1.5178868048577972e6
1.531931754427335e6
1.5461066608499663e6
1.5604127266041092e6
1.5748511652946032e6
1.5894232017556317e6
1.6041300721546565e6
1.6189730240972491e6
1.6339533167329663e6
1.649072220862123e6
1.6643310190436332e6
1.6797310057037813e6
1.6952734872460542e6
1.7109597821619415e6
1.726791221142806e6
1.7427691471927518e6
1.7588949157425659e6
1.775169894764682e6
1.7915954648892533e6
1.808173019521249e6
1.8249039649586729e6
1.8417897205118497e6
1.8588317186238451e6
1.8760314049919576e6
1.893390238690378e6
1.9109096922939506e6
1.9285912520031088e6
1.9464364177699331e6
1.96444670342541e6
1.9826236368078333e6
2.0009687598924397e6
2.0194836289221814e6
2.0381698145397794e6
2.057028901920932e6
2.0760624909088137e6
2.0952721961497648e6
2.1146596472302917e6
2.134226488815276e6
2.1539743807875304e6
2.1739049983885633e6
2.19402003236074e6
2.214321189090664e6
2.2348101907539703e6
2.255488775461388e6
2.2763586974062165e6
2.2974217270130995e6
2.3186796510882545e6
2.340134272971009e6
2.3617874126868085e6
2.383640907101592e6
2.4056966100776372e6
2.4279563926307964e6
2.4504221430892465e6
2.473095767253651e6
2.495979188558858e6
2.5190743482370405e6
2.5423832054824e6
2.5659077376173367e6
2.589649940260218e6
2.613611827494656e6
2.6377954320405046e6
2.6622028054257124e6
2.68683601816124e6
2.7116971599161294e6
2.7367883396948883e6
2.7621116860164427e6
2.7876693470946527e6
2.8134634910205873e6
2.8394963059464185e6
2.8657700002710735e6
2.892286802827537e6
2.9190489630719707e6
2.946058751274485e6
2.9733184587117913e6
3.000830397861501e6
3.0285969025983713e6
3.056620328392217e6
3.0849030525077963e6
3.113447474206408e6
3.1422560149494954e6
3.1713311186039904e6
3.2006752516496913e6
3.230290903388449e6
3.260180586155377e6
3.2903468355319314e6
3.3207922105610557e6
3.3515192939642183e6
3.382530692360565e6
3.413829036487966e6
3.4454169814262684e6
3.4772972068224503e6
3.5094724171180073e6
3.5419453417783156e6
3.5747187355242195e6
3.607795378565681e6
3.641178076837671e6
3.6748696622381397e6
3.708872992868319e6
3.7431909532751115e6
3.777826454695854e6
3.8127824353052126e6
3.848061860464464e6
3.883667722973169e6
3.9196030433227983e6
3.9558708699531304e6
3.992474279510863e6
4.0294163771105395e6
4.066700296598039e6
4.1043292008163244e6
4.1423062818738506e6
4.180634761415273e6
4.219317890894799e6
4.258358951851968e6
4.2977612561900765e6
4.337528146457074e6
4.37766299612918e6
4.418169209896978e6
4.459050223954339e6
4.50030950628981e6
4.541950556980908e6
4.583976908490945e6
4.626392125968775e6
4.669199807551147e6
4.7124035846680235e6
4.756007122350541e6
4.8000141195420185e6
4.844428309411671e6
4.889253459671332e6
4.9344933728950685e6
4.980151886841734e6
5.026232874780573e6
5.072740245819739e6
5.119677945237971e6
5.167049954819212e6
5.214860293190454e6
5.263113016162564e6
5.311812217074434e6
5.360962027140134e6
5.410566615799439e6
5.4606301910714675e6
5.511156999911715e6
5.562151328572254e6
5.613617502965427e6
5.665559889030719e6
5.717982893105237e6
5.770890962297378e6
5.824288584864221e6
5.8781802905921275e6
5.932570651181139e6
5.98746428063269e6
6.04286583563157e6
6.098780015978542e6
6.155211564933329e6
6.212165269664655e6
6.269645961603755e6
6.327658516918802e6
6.38620785688603e6
6.445298948317674e6
6.5049368039833745e6
6.5651264830353325e6
6.625873091437606e6
6.687181782399092e6
6.749057756810841e6
6.811506263687125e6
6.874532600610827e6
6.938142114182713e6
7.002340200475128e6
7.067132305489637e6
7.132523925619101e6
7.198520608113859e6
7.265127951552397e6
7.332351606316184e6
7.4001972750691e6
7.468670713241098e6
7.53777772951655e6
7.607524186326894e6
7.677916000348044e6
7.748959143002221e6
7.820659640964643e6
7.893023576674587e6
7.9660570888515655e6
8.039766373015923e6
8.114157682014532e6
8.189237326551097e6
8.265011675721661e6
8.341487157554724e6
8.418670259556703e6
8.496567529262148e6
8.57518557478925e6
8.654531065400377e6
8.734610732067889e6
8.815431368045025e6
8.896999829442313e6
8.979323035809064e6
9.06240797072049e6
9.14626168237004e6
9.230891284167163e6
9.316303955341132e6
9.4025069415497e6
9.489507555493977e6
9.577313177538602e6
9.665931256337991e6
9.755369309468098e6
9.845634924064212e6
9.936735757464485e6
1.0028679537859663e7
1.012147406494852e7
1.0215127210599624e7
1.0309646919519037e7
1.0405041209924359e7
1.0501318174224813e7
1.0598485979707863e7
1.069655286923192e7
1.0795527161925703e7
1.089541725389386e7
1.0996231618929341e7
1.1097978809232077e7
1.1200667456134642e7
1.1304306270834317e7
1.1408904045132196e7
1.1514469652178848e7
1.162101204722722e7
1.1728540268392136e7
1.1837063437417189e7
1.1946590760448366e7
1.20571315288152e7
1.216869511981876e7
1.228129099752736e7
1.2394928713579198e7
1.2509617907992788e7
1.262536830998462e7
1.274218973879461e7
1.286009210451892e7
1.2979085408950856e7
1.3099179746429091e7
1.3220385304694211e7
1.3342712365752716e7
1.346617130674951e7
1.3590772600847926e7
1.3716526818118451e7
1.384344462643516e7
1.3971536792380864e7
1.4100814182160316e7
1.4231287762521338e7
1.4362968601688089e7
1.4495867870295575e7
1.4629996842340102e7
1.4765366896135129e7
1.4901989515276268e7
1.50398762896157e7
1.5179038916245101e7
1.5319489200488161e7
1.546123905690177e7
1.5604300510287045e7
1.5748685696709132e7
1.5894406864526967e7
1.6041476375432026e7
1.618990670549733e7
1.6339710446235439e7
1.6490900305666951e7
1.6643489109398227e7
1.6797489801709652e7
1.6952915446653463e7
1.7109779229162306e7
1.726809445616735e7
1.7427874557727467e7
1.7589133088168338e7
1.775188372723224e7
1.79161402812387e7
1.8081916684255477e7
1.8249226999280777e7
1.841808541943612e7
1.8588506269170478e7
1.876050400547525e7
1.893409321911091e7
1.9109288635844417e7
1.9286105117698837e7
1.94645576642137e7
1.9644661413717713e7
1.982643164461282e7
2.0009883776670337e7
2.019503337233892e7
2.0381896138065036e7
2.0570487925624866e7
2.0760824733469583e7
2.095292270808204e7
2.1146798145346887e7
2.1342467491932567e7
2.153994734668695e7
2.1739254462044936e7
2.1940405745450124e7
2.214341826078852e7
2.2348309229836628e7
2.2555096033721916e7
2.2763796214397673e7
2.2974427476130717e7
2.318700768700369e7
2.3401554880428378e7
2.3618087256684113e7
2.38366231844489e7
2.4057181202366438e7
2.4279780020616118e7
2.4504438522500858e7
2.4731175766048357e7
2.496001098562843e7
2.519096359358407e7
2.542405318187882e7
2.5659299523758143e7
2.589672257542743e7
2.6136342477744423e7
2.6378179557928126e7
2.662225433128282e7
2.686858750293973e7
2.7117199969609305e7
2.7368112821360137e7
2.7621347343403604e7
2.7876925017900985e7
2.8134867525785282e7
2.8395196748601157e7
2.8657934770360373e7
2.892310387941591e7
2.9190726570352085e7
2.9460825545893405e7
2.9733423718829833e7
3.000854421396111e7
3.02862103700579e7
3.056644574184218e7
3.084927410198483e7
3.1134719443122886e7
3.1422805979894314e7
3.1713558150992703e7
3.2007000621239834e7
3.2303158283678565e7
3.260205626168411e7
3.2903719911095608e7
3.3208174822366986e7
3.3515446822737508e7
3.382556197842334e7
3.4138546596828096e7
3.445442722877515e7
3.4773230670759425e7
3.509498396722102e7
3.541971441283902e7
3.574744955484738e7
3.6078217195371166e7
3.64120453937857e7
3.6748962469096385e7
3.708899700234145e7
3.743217783901584e7
3.7778534091519155e7
3.812809514162432e7
3.848089064297081e7
3.88369505235797e7
3.919630498839291e7
3.9558984521835014e7
3.9925019890399925e7
4.029444214526005e7
4.066728262490122e7
4.1043572957780465e7
4.142334506500957e7
4.180663116306259e7
4.2193463766509324e7
4.258387569077283e7
4.2977900054914e7
4.3375570284440346e7
4.3776920114142135e7
4.418198359095358e7
4.4590795076841705e7
4.5003389251720525e7
4.541980111639388e7
4.584006599552372e7
4.626421954062748e7
4.6692297733101696e7
4.712433688727514e7
4.7560373653488636e7
4.8000445021204814e7
4.84445883221453e7
4.8892841198104165e7
4.934524174477034e7
4.980182830522115e7
5.026263961218178e7
5.0727714756767504e7
5.119709319179887e7
5.1670814735149555e7
5.21489195731232e7
5.263144826386333e7
5.3118441740793094e7
5.3609941316088475e7
5.4105988684181996e7
5.460662592530078e7
5.511189550903496e7
5.5621840297941744e7
5.6136503551180355e7
5.665592892818257e7
5.718016049235577e7
5.770924271482144e7
5.824322052132388e7
5.8782139123228334e7
5.932604428087303e7
5.98749821343059e7
6.042899925050277e7
6.098814262731903e7
6.155245969747551e7
6.21219983325829e7
6.269680684720261e7
6.327693400294494e7
6.3862429012606226e7
6.445334154434299e7
6.5049721725885905e7
6.565162014879155e7
6.625908787273488e7
6.687217642983988e7
6.749093782905191e7
6.811542456054874e7
6.874568960019445e7
6.938178641403231e7
7.002376896282122e7
7.067169170661251e7
7.132560960937083e7
7.198557814363562e7
7.265165329522797e7
7.332389156799898e7
7.400234998862413e7
7.468708611143956e7
7.537815802332598e7
7.607562434863484e7
7.67795442541627e7
7.74899774541691e7
7.820698421544361e7
7.893062536241718e7
7.966096228232263e7
8.039805693040161e7
8.114197183516109e7
8.189277010367674e7
8.265051542694755e7
8.341527208529739e7
8.41871049538295e7
8.496607950792846e7
8.575226182881576e7
8.654571860915446e7
8.734651715870792e7
8.815472541004847e7
8.897041192432167e7
8.979364589706084e7
9.062449716405846e7
9.146303620728904e7
9.230933416088963e7
9.31634628171922e7
9.402549463281687e7
9.489550273481518e7
9.577356092687602e7
9.665974369558473e7
9.755412621674334e7
9.845678436174634e7
9.936779470401843e7
1.0028723452550879e8
1.0121518182324868e8
1.0215171531596625e8
1.0309691445076577e8
1.0405085940986606e8
1.050136311174036e8
1.0598531124629618e8
1.0696598222517242e8
1.0795572724536316e8
1.0895463026795997e8
1.0996277603093602e8
1.1098025005633646e8
1.1200713865753116e8
1.1304352894653882e8
1.1408950884141509e8
1.1514516707371217e8