1.7991891349155727e-228
5.847867383940057e-228
1.8955895903048955e-227
6.128016404534984e-227
1.9757273936515803e-226
6.352845730716934e-226
2.0372600277884993e-225
6.515746228374025e-225
2.0783757656465093e-224
6.611939217474981e-224
2.0978825295498005e-223
6.6387094526218874e-223
2.0952651223842625e-222
6.595531071486258e-222
2.0707070150761488e-221
6.484078479800404e-221
2.0250754775437772e-220
6.3081225952139486e-220
1.9598715208141482e-219
6.073321172735921e-219
1.8771486260158881e-218
5.786919315085166e-218
1.779406344229533e-217
5.457382082851196e-217
1.6694663813546232e-216
5.093984895833528e-216
1.5503396216818937e-215
4.706388921373751e-215
1.4250926560716835e-214
4.304227880776087e-214
1.2967218031908695e-213
3.896729900500932e-213
1.1680414488207331e-212
3.492393602231623e-212
1.0415919310900983e-211
3.0987321016257633e-211
9.195703496954835e-211
2.7220925594242942e-210
8.037857617081519e-210
2.3675529780904142e-209
6.956384185612603e-209
2.0388925655923665e-208
5.961211403322028e-208
1.7386275826789705e-207
5.058397150912545e-207
1.4681013953648573e-206
4.2504840662113986e-206
1.227615567543889e-205
3.536962616780505e-205
1.0165882100813379e-204
2.9147989686185352e-204
8.337263021678377e-204
2.378987538641726e-203
6.772000896093264e-203
1.9230936009070311e-202
5.448096732976072e-202
1.5397583167443595e-201
4.34136252008086e-201
1.2211462242250065e-200
3.426729213753663e-200
9.593228052779129e-200
2.6793224219239546e-199
7.465566585488631e-199
2.075298177804641e-198
5.755466348975521e-198
1.5924476230961832e-197
4.3957881495390327e-197
1.2105915547442597e-196
3.3262136359583184e-196
9.117936691608891e-196
2.4936715604951714e-195
6.804253540424888e-195
1.852348008070939e-194
5.031156590087721e-194
1.3633850779080653e-193
3.686183711078515e-193
9.943640961122618e-193
2.6762469809640896e-192
7.18656759094544e-192
1.9254563326439874e-191
5.1471275342001186e-191
1.3728324532014114e-190
3.653370759678106e-190
9.700537725705037e-190
2.5699576056516626e-189
6.793388232524383e-189
1.791758467329642e-188
4.715277721766088e-188
1.238146656609358e-187
3.24396468101967e-187
8.480502187782436e-187
2.2121300441387033e-186
5.7576540655870625e-186
1.4953005947874814e-185
3.8749103446778274e-185
1.001952676509365e-184
2.5851594747918514e-184
6.655554155751497e-184
1.7097791875993072e-183
4.3828531323537845e-183
1.1210811642219611e-182
2.8614264998628424e-182
7.287787226315112e-182
1.852159866696587e-181
4.6971355105013097e-181
1.1886710334862294e-180
3.0016936704076457e-180
7.563961056079019e-180
1.9020088961327237e-179
4.7726354627477586e-179
1.1950568197947348e-178
2.986108072206521e-178
7.445798264814343e-178
1.8527118614385675e-177
4.600419783758986e-177
1.1399402621011671e-176
2.8187973534586052e-176
6.955763788713277e-176
1.7128805411895248e-175
4.2093270789837024e-175
1.0322946588636727e-174
2.526400243554202e-174
6.170354967968809e-174
1.5039372331635861e-173
3.6581615910492865e-173
8.879974326731986e-173
2.1511872704320174e-172
5.200731613057449e-172
1.2547939149651795e-171
3.021371472026558e-171
7.260417897179114e-171
1.741192941575897e-170
4.167369110218076e-170
9.95425658729963e-170
2.3729548972475936e-169
5.645545578940475e-169
1.3404793311859644e-168
3.176538174088661e-168
7.5125913723653665e-168
1.7732467032011655e-167
4.177286188929391e-167
9.821253915246481e-167
2.304566524157498e-166
5.397132939401896e-166
1.2615093973662378e-165
2.9428851920413614e-165
6.851939931662058e-165
1.5922567916674526e-164
3.692954376438491e-164
8.548658593379685e-164
1.9750910771182076e-163
4.5545274549505895e-163
1.0482587134639365e-162
2.408044501668185e-162
5.52119789830741e-162
1.2635045201827771e-161
2.8860035752159643e-161
6.579538043584411e-161
1.4971809841000296e-160
3.40044261445686e-160
7.70869257774192e-160
1.7442631578406255e-159
3.9394098506512583e-159
8.880554230297884e-159
1.9982074961679e-158
4.4878110695589194e-158
1.0060599730037845e-157
2.2511806648071313e-157
5.028006730427058e-157
1.1209396051716419e-156
2.4944297582630977e-156
5.540703102046908e-156
1.2284708175817279e-155
2.7187733212822614e-155
6.006080746283405e-155
1.3244060689004654e-154
2.915176130216355e-154
6.40507008998636e-154
1.4047538420834862e-153
3.075357623693294e-153
6.72065921894049e-153
1.466056698396422e-152
3.192376390469964e-152
6.939107721218506e-152
1.5056400686029894e-151
3.261132684583231e-151
7.050944837667192e-151
1.5218066410631873e-150
3.2787379428390944e-150
7.051650366475156e-150
1.513956594246204e-149
3.2447139542561213e-149
6.941950236775506e-149
1.4826218834512901e-148
3.161002835965297e-148
6.727700814002394e-148
1.4294122191783335e-147
3.0317897074976117e-147
6.419380889524946e-147
1.3568799400142093e-146
2.8631600157804095e-146
6.031251685737649e-146
1.2683193675404868e-145
2.6626301213934482e-145
5.580277560261547e-145
1.1675223447858808e-144
2.4386009169318463e-144
5.0849195239418863e-144
1.0585148103997997e-143
2.199788755483401e-143
4.563918463315536e-143
9.452992404219427e-143
1.954685729898604e-142
4.035175632259806e-142
8.31624871720789e-142
1.711093262300913e-141
3.514817101709965e-141
7.208024729667016e-141
1.475760691918004e-140
3.016500377812406e-140
6.155739644975923e-140
1.254146152919368e-139
2.5509898817248532e-139
5.180403967599006e-139
1.0503026165202837e-138
2.1259978242458095e-138
4.2964557972327795e-138
8.668793473475555e-138
1.7462617810072017e-137
3.5120770141203587e-137
7.052194834306639e-137
1.4138123172248879e-136
2.829879873218211e-136
5.655286487000423e-136
1.1283742774813492e-135
2.2478394238634302e-135
4.470874805125274e-135
8.878435163881542e-135
1.7603483268260984e-134
3.484822239980281e-134
6.887855789793759e-134
1.3592846758556822e-133
2.6783128946602613e-133
5.269122235572396e-133
1.0350059710945209e-132
2.0299091619389473e-132
3.9750359616712655e-132
7.772089079379463e-132
1.5172888362551206e-131
2.9575634663210533e-131
5.756211329748858e-131
1.1186075826018356e-130
2.1704944598590418e-130
4.2051453967729165e-130
8.134788732448882e-130
1.5712886690074606e-129
3.030481417345097e-129
5.835992467076912e-129
1.1221909752089915e-128
2.1546129713633767e-128
4.1307005435569174e-128
7.907361384867282e-128
1.5114520865445348e-127
2.8847858985807917e-127
5.497821988128384e-127
1.0462298909081896e-126
1.988036755631758e-126
3.772106983559625e-126
7.14672986320738e-126
1.3520600112320169e-125
2.554178626123021e-125
4.818087886715355e-125
9.075441793770306e-125
1.7069935907312945e-124
3.20603684098507e-124
6.012832051639273e-124
1.1260690579634495e-123
2.1058517807968758e-123
3.932500916902264e-123
7.333132832449905e-123
1.365498996077367e-122
2.5390763249656066e-122
4.7145916717796025e-122
8.741738044125197e-122
1.6185953202485306e-121
2.9927261037034432e-121
5.5256741319959715e-121
1.0188132341779456e-120
1.8758421804268317e-120
3.448989129887584e-120
6.332607300032601e-120
1.1611006903271706e-119
2.1259605026534748e-119
3.887226683679397e-119
7.097825068055105e-119
1.2942341143482368e-118
2.3566978032341045e-118
4.285483481053559e-118
7.782193000637037e-118
1.4112754223368628e-117
2.555821570464574e-117
4.622315820317479e-117
8.348344983075702e-117
1.505754605913547e-116
2.712204326310609e-116
4.878725087762147e-116
8.764100943549838e-116
1.5722688797765574e-115
2.816864954021657e-115
5.0399511859758795e-115
9.005525510121693e-115
1.6069987801159005e-114
2.863829210714761e-114
5.096887943010484e-114
9.059219440100156e-114
1.608072085585086e-113
2.850693984954883e-113
5.046930784639255e-113
8.923537817233771e-113
1.5757273132100227e-112
2.7788213926253877e-112
4.894147777218298e-112
8.608583440496975e-112
1.5122575803241529e-111
2.653142633783879e-111
4.64876362909846e-111
8.135001778042883e-111
1.4217473965448018e-110
2.4816076004059358e-110
4.326044012768008e-110
7.531772307283342e-110
1.3096436024704164e-109
2.274364299126346e-109
3.9447470199864725e-109
6.8333201326031495e-109
1.1822222222334485e-108
2.0427840795005704e-108
3.52535662432891e-108
6.076341075192925e-108
1.0460223660682246e-107
1.7984599915135986e-107
3.088323699364474e-107
5.296735756318283e-107
9.073158440227992e-107
1.5522962482674613e-106
2.652515161647572e-106
4.526989862482376e-106
7.716684986080454e-106
1.3137805987632755e-105
2.234019485070787e-105
3.79423585558914e-105
6.436298199444659e-105
1.0904949672370433e-104
1.845389542833025e-104
3.119108840078943e-104
5.265653639333485e-104
8.878805274384991e-104
1.4953348388013659e-103
2.5153894930380363e-103
4.2262588494095584e-103
7.092383169374728e-103
1.188816211391123e-102
1.990328946258028e-102
3.3283101584502765e-102
5.559204992518611e-102
9.274547438950073e-102
1.545486002020503e-101
2.5723549983421435e-101
4.276528536804647e-101
7.101460105941752e-101
1.177879585680661e-100
1.951426783081555e-100
3.2292591989950745e-100
5.337697761890223e-100
8.812652212025903e-100
1.4533225381743907e-99
2.393984064791224e-99
3.938995750561773e-99
6.473749916002855e-99
1.0627561078443353e-98
1.7426883157419858e-98
2.8544035873442255e-98
4.670051987675855e-98
7.632026244881344e-98
1.2458648161631545e-97
2.03149629302131e-97
3.30884414781532e-97
5.383353129400819e-97
8.748766365934307e-97
1.4202319279829063e-96
2.3029861966264743e-96
3.7303030359074914e-96
6.035575827686969e-96
9.754751839701549e-96
1.5748447823857917e-95
2.5397115667797864e-95
4.091261516826543e-95
6.583508152047536e-95
1.058244194884121e-94
1.6991975652592104e-94
2.7254135267734133e-94
4.3666920414200845e-94
6.988845297274565e-94
1.1173572975375693e-93
1.7844877245853802e-93
2.846891937001486e-93
4.536964594268851e-93
7.222671337609034e-93
1.1486016449349616e-92
1.8246568123011737e-92
2.8955707958679773e-92
4.590177437843556e-92
7.268890126987862e-92
1.1498763173626442e-91
1.817103217279544e-91
2.868498015271939e-91
4.523525490027192e-91
7.126037488335861e-91
1.1214212328356445e-90
1.7629504007398677e-90
2.7686183569584553e-90
4.3434898059591645e-90
6.807196076179237e-90
1.0657429831088015e-89
1.6668345566664893e-89
2.6042898801472685e-89
4.064844951237802e-89
6.338076788676618e-89
9.872584830420036e-89
1.536261439339537e-88
2.3881481979639244e-88
3.7086881257786153e-88
5.753647559576825e-88
8.917253282503098e-88
1.3806539985337887e-87
2.1355291904774633e-87
3.299849022814142e-87
5.093912997332201e-87
7.855590976524222e-87
1.2102555370822273e-86
1.862718197172986e-86
2.864112578041541e-86
4.399535665555432e-86
6.751471088820072e-86
1.0350605856464087e-85
1.5852942912429767e-85
2.4256702355429344e-85
3.7079368848495515e-85
5.662557000665312e-85
8.639199181251662e-85
1.3167884199245187e-84
2.0051233022909872e-84
3.050350212408791e-84
4.63599347212975e-84
7.039168737752411e-84
1.0677912013621774e-83
1.618224057358891e-83
2.4500743937161608e-83
3.706031781464669e-83
5.600530955573239e-83
8.455521580292099e-83
1.2753919771249973e-82
1.9219406648932257e-82
2.8935448862671703e-82
4.352265281271167e-82
6.54027956840771e-82
9.819152745754782e-82
1.4728190591036259e-81
2.2071069451471347e-81
3.304432499385853e-81
4.942774975901776e-81
7.38662684273893e-81
1.1028685791878492e-80
1.6451464550540074e-80
2.4518250581691606e-80
3.650727477336431e-80
5.430943446871016e-80
8.071941087197983e-80
1.1986390668320581e-79
1.778310191453669e-79
2.6359438267128463e-79
3.9036891481219724e-79
5.775979495357032e-79
8.538631898952119e-79
1.2611422212373255e-78
1.8610320603906931e-78
2.7438385131465425e-78
4.04183918336172e-78
5.948619429615075e-78
8.747237047649132e-78
1.2851210629807207e-77
1.8864117824547565e-77
2.7666176787780553e-77
4.053991723955906e-77
5.935242968004624e-77
8.681943409756795e-77
1.2688756734218867e-76
1.852873327644821e-76
2.7033220674953138e-76
3.9407248546152137e-76
5.739599112665521e-76
8.352471216477635e-76
1.2144433263527578e-75
1.7642868968004977e-75
2.560894619336314e-75
3.71403164357079e-75
5.381851777657944e-75
7.792036043735488e-75
1.1272081087678998e-74
1.6292661301366436e-74
2.352965547210497e-74
3.395279718094064e-74
4.8952270363495665e-74
7.0519340406390084e-74
1.0150386981052098e-73
1.4598113793850607e-73
2.0977392518143992e-73
3.0119496418016215e-73
4.321018992246962e-73
6.19395055157691e-73
8.871421291704924e-73
1.2695897400097222e-72
1.815428513047418e-72
2.5938285345489844e-72
3.7029730557152755e-72
5.28211471795241e-72
7.528594477230136e-72
1.0721846545515934e-71
1.5257229621059453e-71
2.169366826897096e-71
3.0820687841458564e-71
4.375266176802581e-71
6.2061211701967025e-71
8.796105671278637e-71
1.2457068043897195e-70
1.762776449507353e-70
2.492501559656692e-70
3.521528627974086e-70
4.97147639035739e-70
7.012916996423995e-70
9.884892707886486e-70
1.3922138405123238e-69
1.9593022660544132e-69
2.755238637947736e-69
3.871507117493088e-69
5.435815925855998e-69
7.626302586405004e-69
1.0691255452341239e-68
1.4976472495273867e-68
2.0963185673457486e-68
2.9320590737497438e-68
4.097855150592954e-68
5.722814975326995e-68
7.986063934633781e-68
1.1135932653907917e-67
1.5516433404147985e-67
2.1603765597375108e-67
3.00566112408779e-67
4.178537720236802e-67
5.8047449950152564e-67
8.057813649984281e-67
1.117705260991831e-66
1.5492236509987452e-66
2.14574660045449e-66
2.969757455223104e-66
4.1071683359602815e-66
5.676017653785959e-66
7.838363889442775e-66
1.0816538237460054e-65
1.4915337218516792e-65
2.055230392995553e-65
2.8299015765432907e-65
3.893733802930524e-65
5.353601236205422e-65
7.355485482883831e-65
1.0098641388268004e-64
1.3854841578806979e-64
1.8994501700434974e-64
2.6022120909860514e-64
3.562432449926619e-64
4.873494305898207e-64
6.662310643945054e-64
9.10124063588478e-64
1.2424196995594724e-63
1.694840300715293e-63
2.3103760007101987e-63
3.147245934802091e-63
4.284237477465588e-63
5.827897851159176e-63
7.922213950946225e-63
1.0761632142815496e-62
1.4608558223792787e-62
1.9816862764926225e-62
2.686343068944443e-62
3.639047864051707e-62
4.9262275808301085e-62
6.664111810185727e-62
9.008902080725534e-62
1.217037421407621e-61
1.643006026452303e-61
2.2165535222692126e-61
2.988283603595956e-61
4.025970650228082e-61
5.420324392335804e-61
7.292669152507425e-61
9.80516660865962e-61
1.317441534506873e-60
1.7689530413319652e-60
2.373616255149964e-60
3.1828386990932146e-60
4.2651011864381085e-60
5.711567329239704e-60
7.643516011177413e-60
1.0222182696998387e-59
1.3661781626267421e-59
1.824672560095855e-59
2.435438138475688e-59
3.2485120419134796e-59
4.330197762078723e-59
5.768295590703895e-59
7.678996355685822e-59
1.0215961431802953e-58
1.3582274588059674e-58
1.8046163753955082e-58
2.3961668422360763e-58
3.179579087172058e-58
4.2164142301043666e-58
5.5877711573000484e-58
7.400418770878008e-58
9.79483135038028e-58
1.2955710913040815e-57
1.7125757522773518e-57
2.2623678622635775e-57
2.9867727361906983e-57
3.940644786200403e-57
5.195880864189473e-57
6.846655785839133e-57
9.016247927727224e-57
1.1865932228786795e-56
1.5606559532881494e-56
2.051362432136974e-56
2.6946859520029436e-56
3.537570267763355e-56
4.641237226434858e-56
6.085480163403776e-56
7.974233407552612e-56
1.0442792734005016e-55
1.3667170391307154e-55
1.787620830711764e-55
2.3367253074122147e-55
3.052642763583015e-55
3.9854831680699275e-55
5.200238408007018e-55
6.781150985824559e-55
8.837350126925418e-55
1.1510118598239549e-54
1.4982256411247857e-54
1.9490139225962116e-54
2.533923762884711e-54
3.292407863749935e-54
4.2753905645497745e-54
5.548564390513735e-54
7.196622631343348e-54
9.328690507379841e-54
1.2085290219076974e-53
1.5647267812062187e-53
2.0247227698027581e-53
2.618417065671342e-53
3.384222182051275e-53
4.3714577408203e-53
5.643410660504002e-53
7.281243539136034e-53
9.388983428341807e-53
1.2099885961297611e-52
1.558454931296036e-52
2.0061253147594143e-52
2.58091251037179e-52
3.318489847817554e-52
4.264422840510621e-52
5.47687910577689e-52
7.030071515236756e-52
9.0186304792293e-52
1.1563152941496929e-51
1.4817240784457076e-51
1.8976423376360607e-51
2.4289462260367395e-51
3.107266591684334e-51
3.9728005916063775e-51
5.076603111694075e-51
6.483483448634932e-51
8.275665089530382e-51
1.0557407048527805e-50
1.3460836160388055e-50
1.715330357310442e-50
2.1846658648542646e-50
2.7808933588943883e-50
3.5379057361989185e-50
4.498537412829661e-50
5.716893713445806e-50
7.261279356302366e-50
9.217878111012018e-50
1.1695373797763152e-49
1.4830750300076458e-49
1.8796567471627646e-49
2.3810083575421387e-49
3.0144686726159296e-49
3.814421208158471e-49
4.8240863654142264e-49
6.0977636282879436e-49
7.703635279542933e-49
9.727270393391601e-49
1.2276001686102819e-48
1.548438976161156e-48
1.9521041302727637e-48
2.4597112207457815e-48
3.097690648517183e-48
3.8991080520243214e-48
4.905308452966881e-48
6.167962416108173e-48
7.751611193544013e-48
9.736830891764725e-48
1.2224164177990715e-47
1.5339003181187597e-47
1.9237650578398425e-47
2.4114839272589337e-47
3.021305687502483e-47
3.78341022358531e-47
4.735340099192511e-47
5.923772977072239e-47
7.406714950580036e-47
9.256213364543422e-47
1.156171046533683e-46
1.4434187161656444e-46
1.8011280460446775e-46
2.246360018450661e-46
2.80025221097595e-46
3.488979779084993e-46
4.34493986458543e-46
5.4082106477925945e-46
6.728347833998454e-46
8.366595514242698e-46
1.0398605631402758e-45
1.2917781402261409e-45
1.6039385829516962e-45
1.9905587898857006e-45
2.4691657426720277e-45
3.061356629847171e-45
3.793731082705599e-45
4.699033936598162e-45
5.817555379049816e-45
7.198845624142961e-45
8.903813751153799e-45
1.1007295536697223e-44
1.3601193564945843e-44
1.6798315310145234e-44
2.0737062084017817e-44
2.558715473502883e-44
3.1556621992824553e-44
3.8900325836378624e-44
4.79303569975808e-44
5.902870482503342e-44
7.266269179452371e-44
8.940376705550135e-44
1.0995037926986184e-43
1.3515580110805717e-43
1.6606196150304105e-43
2.039405635956448e-43
2.5034303401082827e-43
3.0716117201585867e-43
3.7670075643406655e-43
4.61770837357281e-43
5.657920048341396e-43
6.929276071190987e-43
8.482427098850041e-43
1.0378965727296852e-42
1.2693756034993441e-42
1.5517751740624998e-42
1.8961403906277748e-42
2.3158779641625293e-42
2.8272537896983764e-42
3.449993798029642e-42
4.208009186186513e-42
5.1302713790334664e-42
6.251867160790864e-42
7.615270505734972e-42
9.271874926756648e-42
1.1283838880909824e-41
1.372630719888158e-41
1.6690083969071056e-41
2.0284847197671806e-41
2.4643013348325806e-41
2.9924381090757203e-41
3.632170891274872e-41
4.4067411452468844e-41
5.344159541172141e-41
6.478169881085642e-41
7.849404844094871e-41
9.506771119783213e-41
1.1509108736768365e-40
1.3927178003376568e-40
1.6846037714170642e-40
2.036789044183825e-40
2.461548518582152e-40
2.973618480933306e-40
3.5906826063730896e-40
4.333952416275074e-40
5.228860252387751e-40
6.305886226068343e-40
7.601544625537155e-40
9.15956003058568e-40
1.1032269026988822e-39
1.3282290090334828e-39
1.5984512107365477e-39
1.922846134163508e-39
2.312111768721589e-39
2.7790264092777334e-39
3.338846843503514e-39
4.009781529440348e-39
4.81355265283963e-39
5.7760634827654004e-39
6.928190425265951e-39
8.306722688148961e-39
9.955476608158101e-39
1.1926616564402284e-38
1.4282220136586606e-38
1.709613191329854e-38
2.0456158289563351e-38
2.4466664919313106e-38
2.925164944709116e-38
3.4958375014852027e-38
4.17616651516657e-38
4.986897838950419e-38
5.952640175376985e-38
7.102572667486461e-38
8.471279946513563e-38
1.0099737201410493e-37
1.2036471760094061e-37
1.4338932267143126e-37
1.7075101919940378e-37
2.0325398515828955e-37
2.4184911418762516e-37
2.876603415238864e-37
3.42015613732597e-37
4.064833071233023e-37
4.829150367317577e-37
5.734959576454047e-37
6.808038470031798e-37
8.0787847235611e-37
9.583030061348681e-37
1.1362995406409281e-36
1.3468411029151418e-36
1.59578296910528e-36
1.8900165444250816e-36
2.2376496179078178e-36
2.648217430770684e-36
3.132929733241787e-36
3.704959855133721e-36
4.3797828062072074e-36
5.175570575030334e-36
6.11365412526886e-36
7.219063142170665e-36
8.521156376036348e-36
1.0054357513679324e-35
1.1859013923402998e-35
1.3982398416586904e-35
1.6479877409047968e-35
1.9416272616396752e-35
2.2867447758769736e-35
2.6922156772363305e-35
3.1684195833074606e-35
3.7274908210929e-35
4.3836098732897514e-35
5.15334235931262e-35
6.0560331598714e-35
7.114264488454171e-35
8.35438809145586e-35
9.807143348587856e-35
1.1508374878442957e-34
1.3499865367085956e-34
1.5830301772172128e-34
1.8556395859247608e-34
2.1744183255519973e-34
2.547052892236564e-34
2.9824871223266243e-34
3.4911241681112734e-34
4.0850603172315154e-34
4.778355580263584e-34
5.587346717476113e-34
6.531009233102494e-34
7.6313758497834985e-34
8.914020105483753e-34
1.040861501122185e-33
1.2149578194308565e-33
1.4176816655863901e-33
1.653658622431827e-33
1.9282483024047677e-33
2.2476586840697816e-33
2.6190779198407976e-33
3.0508262321519245e-33
3.552530899450747e-33
4.135327772680957e-33
4.812093265162317e-33
5.597711332767122e-33
6.509380617085013e-33
7.566967673232392e-33
8.793413059081215e-33
1.0215198038612798e-32
1.1862880765608778e-32
1.377171208385541e-32
1.5982342528032883e-32
1.8541633759793986e-32
2.1503589553950234e-32
2.493042359146501e-32
2.8893783754595824e-32
3.347615539532832e-32
3.877246920672204e-32
4.489194291939364e-32
5.196019013067315e-32
6.012163421765781e-32
6.954227056243111e-32
8.041282631203005e-32
9.295237370315051e-32
1.07412460709239e-31
1.2408183153765589e-31
1.4329181945361052e-31
1.6542250569132673e-31
1.9090975100525544e-31
2.20253220913127e-31
2.540255421094112e-31
2.9288274613394985e-31
3.375761774472403e-31
3.8896606690994136e-31
4.480369986461471e-31
5.15915528792556e-31
5.938902491499125e-31
6.834346277713506e-31
7.862330026147043e-31
9.042101542007441e-31
1.0395649394775489e-30
1.194808532609663e-30
1.372807890098797e-30
1.5768351385332327e-30
1.810623674499932e-30
2.0784318690745705e-30
2.385115385278573e-30
2.7362092475752927e-30
3.1380209497099808e-30
3.5977360530023626e-30
4.123537913869379e-30
4.724743389460394e-30
5.4119566066748005e-30
6.1972431457367415e-30
7.094327288480985e-30
8.118815317613924e-30
9.288448230904294e-30
1.0623387658585851e-29
1.2146539248788095e-29
1.3883918320862256e-29
1.586506318699468e-29
1.8123502216349073e-29
2.0697281471820008e-29
2.3629560597124297e-29
2.696928558215645e-29
3.077194809950188e-29
3.51004422980947e-29
4.002603127642497e-29
4.562943695401141e-29
5.200206873492217e-29
5.924740823144181e-29
6.748256941303781e-29
7.684005589088938e-29
8.746973967045297e-29
9.954108863520615e-29
1.13245673299758e-28
1.287999870287319e-28
1.4644861800348859e-28
1.6646781577966258e-28
1.891695003694705e-28
2.149057674627692e-28
2.4407394973706173e-28
2.7712230127189163e-28
3.1455637996031437e-28
3.569462115885755e-28
4.04934329036453e-28
4.592447909453728e-28
5.206932963337746e-28
5.90198525144177e-28
6.687948497377457e-28
7.57646579074489e-28
8.58063915919253e-28
9.715208280956214e-28
1.0996750578047871e-27
1.2443905185784148e-27
1.4077623578271824e-27
1.5921449944787691e-27
1.8001834762182087e-27
2.034848539713517e-27
2.2994758003525007e-27
2.5978095458777383e-27
2.9340516614003437e-27
3.312916272141599e-27
3.739690755518788e-27
4.22030384651624e-27
4.761401640426616e-27
5.370432385815925e-27
6.055741058859847e-27
6.826674819032036e-27
7.693700566558067e-27
8.668535955326155e-27
9.764295362351609e-27
1.0995652477925195e-26
1.2379021360801301e-26
1.3932758002002197e-26
1.5677384660927327e-26
1.7635839480642304e-26
1.9833754157756436e-26
2.2299762738839454e-26
2.5065844942591012e-26
2.8167707768186343e-26
3.1645209548652216e-26
3.5542831047633247e-26
3.991019868246824e-26
4.4802665490733303e-26
5.028195604606441e-26
5.641688217780121e-26
6.328413706337547e-26
7.096917604926832e-26
7.956719342245889e-26
8.918420530777736e-26
9.993824991554302e-26
1.1196071751801611e-25
1.2539782380232213e-25
1.404122416431437e-25
1.5718490787236123e-25
1.759170233087921e-25
1.9683226616314304e-25
2.201792409679034e-25
2.4623418741568105e-25
2.753039759423363e-25
3.077294195802401e-25
3.4388893457876254e-25
3.8420258547721007e-25
4.291365539540845e-25
4.79208074594571e-25
5.3499088500723985e-25
5.971212424779112e-25
6.6630456432969195e-25
7.433227549230983e-25
8.290422882965314e-25
9.24423122210708e-25
1.0305285267302134e-24
1.1485359185427147e-24
1.2797488010438261e-24
1.4256099198689613e-24
1.5877157541118041e-24
1.7678324750086692e-24
1.9679135164846975e-24
2.190118915737285e-24
2.436836597096016e-24
2.71070578883777e-24
3.0146427805981034e-24
3.351869248619612e-24
3.725943397476449e-24
4.140794190254335e-24
4.6007589646368484e-24
5.110624760116701e-24
5.6756737118391694e-24
6.301732899591575e-24
6.995229076434794e-24
7.763248740667439e-24
8.61360405752354e-24
9.55490518349876e-24
1.059663959685099e-23
1.1749259092925337e-23
1.3024275162960956e-23
1.4434363540287878e-23
1.599347876884544e-23
1.771697972615478e-23
1.962176711685403e-23
2.172643404416109e-23
2.4051430865837198e-23
2.661924564898558e-23
2.9454601655121384e-23
3.2584673414082195e-23
3.603932308344573e-23
3.985135893997144e-23
4.405681801229596e-23
4.869527504057331e-23
5.381018014029557e-23
5.944922775514594e-23
6.566475970383754e-23
7.251420540549643e-23
8.006056252811931e-23
8.837292176277015e-23
9.752703956839839e-23
1.0760596316791972e-22
1.187007124081369e-22
1.3091102349498344e-22
1.4434616004271727e-22
1.5912579735224527e-22
1.7538098623340852e-22
1.9325520352316364e-22
2.129054965504349e-22
2.3450372990918404e-22
2.582379433023579e-22
2.843138300507516e-22
3.1295634664636284e-22
3.444114645919431e-22
3.7894807670027623e-22
4.1686007103214955e-22
4.584685867383904e-22
5.041244672428979e-22
5.5421092746904495e-22
6.091464531759775e-22
6.693879519439217e-22
7.354341769345856e-22
8.078294462652484e-22
8.871676826794763e-22
9.740968001871836e-22
1.0693234664887483e-21
1.1736182723076773e-21
1.2878213412417247e-21
1.4128484164217322e-21
1.5496974631488937e-21
1.699455829786295e-21
1.863308012518645e-21
2.0425440731898287e-21
2.2385687632915746e-21
2.4529114113368274e-21
2.6872366353198823e-21
2.9433559467750423e-21
3.2232403181089844e-21
3.529033790438e-21
3.863068205123291e-21
4.227879148609532e-21
4.626223207051232e-21
5.0610966346053906e-21
5.535755547198811e-21
6.053737762100333e-21
6.618886412760025e-21
7.235375478191195e-21
7.907737376679578e-21
8.640892784895828e-21
9.440182855571627e-21
1.0311404019880145e-20
1.1260845574547587e-20
1.2295330268631878e-20
1.342225812084996e-20
1.464965371544515e-20
1.5986217242879977e-20
1.7441379571264098e-20
1.9025361655397e-20
2.074923861279412e-20
2.2625008820085288e-20
2.4665668408925653e-20
2.6885291568055014e-20
2.929911708759952e-20
3.1923641613164185e-20
3.477672011093663e-20
3.787767408097402e-20
4.124740809431385e-20
4.490853527059576e-20
4.8885512356804205e-20
5.3204785114575827e-20
5.78949447736169e-20
6.298689636217188e-20
6.85140397826012e-20
7.451246456095151e-20
8.102115926446423e-20
8.80822366502106e-20
9.574117568208633e-20
1.0404708163219061e-19
1.130529655667963e-19
1.2281604460669674e-19
1.3339806444739632e-19
1.448656457263404e-19
1.57290655933048e-19
1.707506086734937e-19
1.853290922233656e-19
2.011162294358319e-19
2.1820917120925936e-19
2.3671262586875167e-19
2.567394269738472e-19
2.7841114223282865e-19
3.0185872638344142e-19
3.2722322109020413e-19
3.5465650511133765e-19
3.8432209820364294e-19
4.1639602246306126e-19
4.510677250419315e-19
4.885410664431674e-19
5.290353788662877e-19
5.727865993728649e-19
6.200484829491103e-19
6.710939008733264e-19
7.262162301456728e-19
7.857308401100032e-19
8.499766827913478e-19
9.193179938922665e-19
9.941461118346834e-19
1.0748814227063563e-18
1.1619754394699461e-18
1.2559130243244825e-18
1.3572147636698734e-18
1.4664395057228724e-18
1.5841870714635153e-18
1.7111011502623315e-18
1.847872392246937e-18
1.995241710220277e-18
2.154003804737577e-18
2.325010926794802e-18
2.509176893472558e-18
2.707481372827728e-18
2.9209744553236637e-18
3.1507815301526585e-18
3.3981084859223228e-18
3.6642472563677166e-18
3.9505817330023475e-18
4.2585940679525705e-18
4.589871391620164e-18
4.946112971305225e-18
5.3291378384879145e-18
5.740892914128789e-18
6.183461663097368e-18
6.6590733106935e-18
7.170112656178601e-18
7.719130520305823e-18
8.308854866013767e-18
8.942202633760042e-18
9.622292335397095e-18
1.0352457453066732e-17
1.1136260692294959e-17
1.197750914133386e-17
1.2880270391809088e-17
1.3848889678921377e-17
1.4888008102798885e-17
1.6002581996150218e-17
1.7197903507083753e-17
1.8479622469914577e-17
1.9853769640906138e-17
2.1326781380287044e-17
2.2905525866468385e-17
2.4597330933259366e-17
2.6410013625972162e-17
2.835191157770636e-17
3.043191631275821e-17
3.2659508590084077e-17
3.5044795906007444e-17
3.7598552282006226e-17
4.033226047033374e-17
4.3258156717594175e-17
4.638927823434731e-17
4.973951352461716e-17
5.332365574587164e-17
5.71574592626158e-17
6.125769958665771e-17
6.564223689063051e-17
7.033008329991775e-17
7.534147417679613e-17
8.0697943622319e-17
8.642240443362047e-17
9.253923276692817e-17
9.907435776997704e-17
1.0605535646141554e-16
1.1351155414958954e-16
1.2147413069839833e-16
1.2997623296421351e-16
1.3905309374473694e-16
1.487421575985832e-16
1.5908321391300487e-16
1.701185376168455e-16
1.818930379563383e-16
1.9445441577298863e-16
2.0785332974533902e-16
2.221435720802151e-16
2.3738225416381243e-16
2.5363000270914383e-16
2.709511669635557e-16
2.894140375687641e-16
3.0909107769565684e-16
3.3005916710771376e-16
3.52399859839511e-16
3.7619965621148287e-16
4.0155028993787743e-16
4.2854903112283267e-16
4.572990059787189e-16
4.879095341425279e-16
5.204964845089863e-16
5.551826505446707e-16
5.920981460943988e-16
6.313808227409662e-16
6.731767098307641e-16
7.176404783323188e-16
7.649359297508999e-16
8.152365113820785e-16
8.687258592483206e-16
9.25598370127938e-16
9.860598041526306e-16
1.0503279195210098e-15
1.1186331409484818e-15
1.191219263551634e-15
1.2683441939446716e-15
1.350280730410478e-15
1.4373173840953027e-15
1.5297592432686919e-15
1.6279288827845733e-15
1.7321673209802263e-15
1.8428350263525343e-15
1.9603129764606465e-15
2.085003771639442e-15
2.217332806062301e-15
2.3577494993118713e-15
2.506728590911821e-15
2.664771501226614e-15
2.832407761898233e-15
3.0101965189151618e-15
3.1987281121915496e-15
3.398625735027734e-15
3.610547177392985e-15
3.8351866570035376e-15
4.0732767423704564e-15
4.325590372174575e-15
4.592942975521913e-15
4.87619469783213e-15
5.176252737324497e-15
5.494073797281841e-15
5.830666659502728e-15
6.187094884585779e-15
6.564479644939274e-15
6.964002696661155e-15
7.386909496705386e-15
7.834512472022975e-15
8.308194447658355e-15
8.809412241076047e-15
9.339700430311062e-15
9.900675303851016e-15
1.0494039000504156e-14
1.1121583847847556e-14
1.1785196908222248e-14
1.2486864741610479e-14
1.3228678395131383e-14
1.4012838629289448e-14
1.484166139154347e-14
1.571758354819147e-14
1.6643168886035578e-14
1.7621114395752388e-14
1.8654256849397904e-14
1.9745579684973476e-14
2.0898220211523588e-14
2.2115477148770406e-14
2.34008185158758e-14
2.4757889884496846e-14
2.619052301193146e-14
2.77027448707715e-14
2.9298787092154797e-14
3.098309584037723e-14
3.276034213735399e-14
3.463543265613183e-14
3.6613521003442764e-14
3.870001951205369e-14
4.090061156450937e-14
4.322126447069221e-14
4.566824292252424e-14
4.8248123050025747e-14
5.096780710390608e-14
5.383453879082262e-14
5.685591928847888e-14
6.003992396874278e-14
6.339491985810215e-14
6.692968386583666e-14
7.065342181150923e-14
7.457578828452487e-14
7.870690736979739e-14
8.305739427481362e-14
8.763837789474943e-14
9.246152435363463e-14
9.753906156102951e-14
1.0288380482510132e-13
1.0850918356456984e-13
1.1442926916350135e-13
1.206588040146247e-13
1.2721323179846858e-13
1.3410872904740993e-13
1.4136223804547237e-13
1.4899150111662598e-13
1.5701509635619455e-13
1.6545247486204038e-13
1.7432399952414928e-13
1.8365098543346036e-13
1.93455741972868e-13
2.037616166556675e-13
2.145930407789691e-13
2.2597557696209842e-13
2.379359686423731e-13
2.505021916033234e-13
2.6370350761297936e-13
2.7757052025264315e-13
2.92135233019304e-13
3.074311097878792e-13
3.2349313772228435e-13
3.4035789272765547e-13
3.5806360753897545e-13
3.7665024254490685e-13
3.961595594487668e-13
4.1663519787233873e-13
4.3812275501153006e-13
4.606698684569024e-13
4.84326302295637e-13
5.091440366157082e-13
5.351773605368443e-13
5.624829688973109e-13
5.911200627295838e-13
6.211504536627223e-13
6.526386723934925e-13
6.856520813733918e-13
7.20260991863143e-13
7.565387855117134e-13
7.945620406215027e-13
8.344106632672534e-13
8.761680234410557e-13
9.199210964020412e-13
9.657606094145707e-13
1.0137811940651855e-12
1.0640815443541637e-12
1.1167645807644074e-12
1.1719376205162459e-12
1.2297125542239518e-12
1.2902060291760794e-12
1.3535396394693705e-12
1.4198401232324491e-12
1.4892395671839158e-12
1.5618756187759583e-12
1.63789170621319e-12
1.7174372664378323e-12
1.8006679817953724e-12
1.8877460250841907e-12
1.9788403136828015e-12
2.0741267730824034e-12
2.1737886096723047e-12
2.278016593752712e-12
2.387009352618163e-12
2.5009736742461247e-12
2.6201248219100873e-12
2.744686860078368e-12
2.874892991971567e-12
3.0109859091618076e-12
3.1532181536094122e-12
3.3018524925430212e-12
3.457162306602908e-12
3.61943199167768e-12
3.788957374879083e-12
3.96604614511096e-12
4.151018298720838e-12
4.344206600594733e-12
4.545957061560892e-12
4.75662943200243e-12
4.976597712818187e-12
5.20625068390597e-12
5.445992450849363e-12
5.696243010363009e-12
5.9574388350871956e-12
6.23003347833723e-12
6.514498199432395e-12
6.811322610244367e-12
7.121015343625564e-12
7.44410474439364e-12
7.78113958356971e-12
8.132689796584837e-12
8.499347246191597e-12
8.881726510834711e-12
9.280465699259355e-12
9.696227292152897e-12
1.0129699011640458e-11
1.058159471947581e-11
1.1052655344793029e-11
1.1543649842304283e-11
1.2055376181858754e-11
1.2588662370295474e-11
1.314436750655435e-11
1.3723382871028849e-11
1.4326633050176427e-11
1.4955077097423152e-11
1.5609709731432478e-11
1.6291562572830112e-11
1.7001705420511864e-11
1.7741247568683557e-11
1.8511339165820073e-11
1.9313172616752364e-11
2.0147984029131607e-11
2.1017054705543055e-11
2.192171268258291e-11
2.2863334318236455e-11
2.3843345928939645e-11
2.4863225477730462e-11
2.5924504314942625e-11
2.7028768972920284e-11
2.8177663016280777e-11
2.937288894927699e-11
3.061621018186636e-11
3.190945305611346e-11
3.3254508934615276e-11
3.465333635265752e-11
3.610796323587348e-11
3.7620489185200944e-11
3.9193087830994465e-11
4.082800925817746e-11
4.252758250438251e-11
4.429421813305638e-11
4.613041088357413e-11
4.803874240043267e-11
5.002188404366823e-11
5.2082599783109105e-11
5.422374917608545e-11
5.64482904373896e-11
5.875928359520417e-11
6.115989374181806e-11
6.365339437903629e-11
6.624317086065884e-11
6.893272393785397e-11
7.172567340197303e-11
7.46257618382011e-11
7.763685848480147e-11
8.076296320395525e-11
8.400821056652432e-11
8.737687405369974e-11
9.087337037852456e-11
9.450226393038069e-11
9.826827134556583e-11
1.0217626620719743e-10
1.0623128387770357e-10
1.104385264672837e-10
1.1480336794175046e-10
1.1933135937328e-10
1.2402823433763735e-10
1.2889991446156405e-10
1.339525151240407e-10
1.391923513152893e-10
1.4462594365737707e-10
1.5026002459046413e-10
1.5610154472919334e-10
1.6215767939072719e-10
1.6843583530512306e-10
1.7494365750416493e-10
1.8168903639898013e-10
1.8868011504873765e-10
1.959252966253829e-10
2.0343325207916406e-10
2.1121292800973304e-10
2.192735547477855e-10
2.2762465465221438e-10
2.362760506279568e-10
2.452378748697081e-10
2.5452057783690426e-10
2.6413493746535744e-10
2.740920686211663e-10
2.844034328025089e-10
2.950808480951719e-10
3.061364993876438e-10
3.175829488518802e-10
3.294331466957805e-10
3.417004421937395e-10
3.543985950015827e-10
3.6754178676245346e-10
3.8114463301024e-10
3.9522219537738447e-10
4.097899941138872e-10
4.2486402092464466e-10
4.4046075213219713e-10
4.565971621722885e-10
4.732907374296065e-10
4.905594904213904e-10
5.084219743365387e-10
5.268972979382407e-10
5.460051408380134e-10
5.657657691494968e-10
5.86200051530191e-10
6.073294756197883e-10
6.291761648836165e-10
6.517628958701501e-10
6.751131158914311e-10
6.992509611356989e-10
7.242012752213976e-10
7.499896282021739e-10
7.766423360324454e-10
8.041864805034231e-10
8.326499296595527e-10
8.620613587056622e-10
8.924502714150454e-10
9.23847022049254e-10
9.562828379898677e-10
9.89789841967694e-10
1.0244010766832561e-9
1.0601505281605337e-9
1.0970731505673307e-9
1.1352048914372264e-9
1.1745827174823766e-9
1.2152446410095494e-9
1.2572297469508505e-9
1.3005782205261303e-9
1.3453313755390525e-9
1.3915316833342109e-9
1.4392228024176467e-9
1.4884496087595458e-9
1.5392582267871491e-9
1.5916960610935921e-9
1.6458118288612385e-9
1.7016555930256365e-9
1.7592787961898322e-9
1.8187342953050034e-9
1.8800763971321264e-9
1.9433608945005506e-9
2.0086451033784647e-9
2.075987900771789e-9
2.145449763467007e-9
2.2170928076348534e-9
2.290980829311032e-9
2.3671793457713413e-9
2.445755637817995e-9
2.5267787929949485e-9
2.6103197497496427e-9
2.6964513425595763e-9
2.785248348041601e-9
2.8767875320629573e-9
2.9711476978725106e-9
3.0684097352718884e-9
3.1686566708453707e-9
3.2719737192690857e-9
3.378448335718744e-9
3.4881702693972353e-9
3.6012316182018303e-9
3.7177268845530754e-9
3.837753032405619e-9
3.961409545463766e-9
4.088798486622674e-9
4.220024558658615e-9
4.3551951661898454e-9
4.49442047893225e-9
4.637813496272019e-9
4.7854901131799975e-9
4.937569187490935e-9
5.094172608572886e-9
5.255425367410502e-9
5.421455628128509e-9
5.592394800979671e-9
5.768377616824137e-9
5.949542203125537e-9
6.136030161491238e-9
6.3279866467828096e-9
6.525560447825241e-9
6.728904069741244e-9
6.938173817940426e-9
7.153529883790175e-9
7.375136431998854e-9
7.60316168973915e-9
7.83777803754272e-9
8.079162101994974e-9
8.327494850256555e-9
8.582961686473879e-9
8.845752550029583e-9
9.116062015778052e-9
9.394089396184959e-9
9.680038845517705e-9
9.974119466005189e-9
1.0276545416081996e-8
1.0587536020719959e-8
1.0907315883884766e-8
1.1236115003155078e-8
1.1574168886537335e-8
1.192171867151428e-8
1.2279011246361734e-8
1.2646299373772183e-8
1.3023841816821115e-8
1.3411903467315322e-8
1.3810755476560079e-8
1.4220675388585853e-8
1.4641947275871493e-8
1.507486187760671e-8
1.551971674053122e-8
1.5976816362394175e-8
1.6446472338072586e-8
1.6929003508393698e-8
1.7424736111700757e-8
1.7934003938207324e-8
1.8457148487182268e-8
1.8994519127011546e-8
1.9546473258177843e-8
2.011337647920796e-8
2.069560275562843e-8
2.1293534591981042e-8
2.1907563206940002e-8
2.2538088711583083e-8
2.3185520290859645e-8
2.3850276388309715e-8
2.453278489407743e-8
2.5233483336274552e-8
2.5952819075738612e-8
2.6691249504242407e-8
2.7449242246200295e-8
2.822727536393039e-8
2.9025837566518127e-8
2.9845428422341656e-8
3.0686558575306995e-8
3.1549749964852634e-8
3.243553604977483e-8
3.33444620359334e-8
3.427708510789059e-8
3.5233974664544405e-8
3.621571255881071e-8
3.722289334140128e-8
3.825612450884054e-8
3.9316026755568306e-8
4.040323423047325e-8
4.151839479770735e-8
4.266217030192338e-8
4.3835236837990835e-8
4.503828502524629e-8
4.627202028635005e-8
4.7537163130806206e-8
4.8834449443218764e-8
5.0164630776342986e-8
5.152847464900715e-8
5.2926764848963003e-8
5.436030174074308e-8
5.582990257858497e-8
5.7336401824500776e-8
5.888065147156091e-8
6.046352137243409e-8
6.208589957334189e-8
6.374869265338345e-8
6.545282606938857e-8
6.719924450634745e-8
6.898891223348819e-8
7.0822813466087e-8
7.270195273307938e-8
7.462735525056112e-8
7.660006730124354e-8
7.862115661995796e-8
8.069171278527444e-8
8.281284761733155e-8
8.498569558194173e-8
8.721141420107333e-8
8.949118446977463e-8
9.18262112796435e-8
9.4217723848907e-8
9.666697615921883e-8
9.917524739924253e-8
1.017438424151229e-7
1.043740921679239e-7
1.0706735419813248e-7
1.098250130973074e-7
1.1264848098697946e-7
1.1553919800487777e-7
1.1849863279859523e-7
1.2152828302676745e-7
1.2462967586787923e-7
1.278043685367717e-7
1.310539488089996e-7
1.3438003555303052e-7
1.377842792705226e-7
1.4126836264466927e-7
1.4483400109677493e-7
1.484829433511285e-7
1.522169720083048e-7
1.5603790412697392e-7
1.5994759181434637e-7
1.6394792282533505e-7
1.6804082117057094e-7
1.7222824773334527e-7
1.7651220089562455e-7
1.8089471717321356e-7
1.8537787186021004e-7
1.899637796828303e-7
1.9465459546275287e-7
1.994525147900615e-7
2.0435977470593445e-7
2.0937865439516578e-7
2.1451147588866891e-7
2.1976060477604293e-7
2.251284509283646e-7
2.3061746923128448e-7
2.3623016032858747e-7
2.41969071376303e-7
2.478367968075345e-7
2.538359791080773e-7
2.599693096030131e-7
2.662395292543511e-7
2.7264942946989533e-7
2.7920185292342267e-7
2.858996943863449e-7
2.9274590157094434e-7
2.997434759853692e-7
3.068954738004588e-7
3.142050067286034e-7
3.216752429147127e-7
3.293094078394889e-7
3.371107852350878e-7
3.4508271801336594e-7
3.53228609206802e-7
3.615519229222846e-7
3.700561853078644e-7
3.7874498553267117e-7
3.8762197678006853e-7
3.966908772543197e-7
4.059554712007091e-7
4.1541960993952477e-7
4.2508721291384055e-7
4.349622687513851e-7
4.4504883634056526e-7
4.5535104592088563e-7
4.6587310018783305e-7
4.766192754124706e-7
4.875939225758212e-7
4.988014685182905e-7
5.102464171041954e-7
5.219333504016639e-7
5.338669298779629e-7
5.460518976105618e-7
5.584930775139463e-7
5.711953765824736e-7
5.84163786149374e-7
5.974033831621172e-7
6.109193307200319e-7
6.247168831540827e-7
6.388013798099107e-7
6.531782539327371e-7
6.678530302558745e-7
6.828313271321477e-7
6.981188579286152e-7
7.137214324391507e-7
7.296449583149293e-7
7.458954425131431e-7
7.624789927640337e-7
7.794018190565036e-7
7.966702351424375e-7
8.142906600600203e-7
8.322696196761231e-7
8.506137482481012e-7
8.693297866173997e-7
8.884245973001144e-7
9.07905149475459e-7
9.277785200152913e-7
9.480519126955454e-7
9.687326460218632e-7
9.898281583812359e-7
1.011346009765896e-6
1.0332938835183368e-6
1.0556795880978276e-6
1.0785110588685141e-6
1.1017963599094468e-6
1.125543685846625e-6
1.1497613637074361e-6
1.1744578547975437e-6
1.199641756600631e-6
1.2253218047010454e-6
1.2515068747297798e-6
1.2782059843337966e-6
1.305428295169156e-6
1.3331831149180013e-6
1.3614798993297724e-6
1.3903282542867825e-6
1.4197379378945195e-6
1.4497188625967714e-6
1.4802810973160068e-6
1.5114348696190428e-6
1.5431905679084685e-6
1.5755587436399067e-6
1.6085501135655007e-6
1.6421755620037507e-6
1.67644614313611e-6
1.7113730833304713e-6
1.7469677834920184e-6
1.7832418214409206e-6
1.820206954319036e-6
1.857875121023333e-6
1.8962584446683263e-6
1.935369235076834e-6
1.975219991299723e-6
2.0158234041646048e-6
2.0571923588541467e-6
2.0993399375138694e-6
2.1422794218901215e-6
2.1860242959981466e-6
2.230588248820891e-6
2.275985177038496e-6
2.3222291877891235e-6
2.3693346014610675e-6
2.417315954516799e-6
2.466188002348884e-6
2.5159657221684775e-6
2.566664315926328e-6
2.6182992132668886e-6
2.6708860745156637e-6
2.7244407937002686e-6
2.778979501605301e-6
2.8345185688616753e-6
2.891074609070356e-6
2.948664481961184e-6
3.0073052965868114e-6
3.0670144145523845e-6
3.1278094532811707e-6
3.1897082893157193e-6
3.2527290616572705e-6
3.316890175140492e-6
3.382210303846232e-6
3.448708394551935e-6
3.51640367021989e-6
3.5853156335240475e-6
3.6554640704153116e-6
3.726869053726225e-6
3.7995509468147967e-6
3.873530407248441e-6
3.948828390527879e-6
4.025466153851826e-6
4.103465259922417e-6
4.182847580792201e-6
4.263635301752612e-6
4.34585092526481e-6
4.429517281840724e-6
4.514657499519422e-6
4.601295077006119e-6
4.689453818695659e-6
4.779157873359475e-6
4.870431731429432e-6
4.963300229234338e-6
5.057788553282086e-6
5.1539222445871875e-6
5.2517272030448755e-6
5.3512296918514756e-6
5.452456341972094e-6
5.55543415665551e-6
5.660190515997282e-6
5.766753181550858e-6
5.875150300987853e-6
5.98541041280715e-6
6.097562451094192e-6
6.211635750329884e-6
6.327660050250654e-6
6.445665500759058e-6
6.56568266688643e-6
6.687742533807119e-6
6.8118765119056095e-6
6.938116441896198e-6
7.06649459999659e-6
7.197043703154972e-6
7.329796914332019e-6
7.464787847837342e-6
7.602050574721804e-6
7.741619628225446e-6
7.883530009282174e-6
8.027817192081085e-6
8.174517129685705e-6
8.323666259710681e-6
8.47530151005765e-6
8.629460304709682e-6
8.786180569585492e-6
8.945500738453968e-6
9.10745975890925e-6
9.272097098406945e-6
9.439452750362485e-6
9.609567240311446e-6
9.782481632133227e-6
9.958237534337887e-6
0.00001013687710641734
0.000010318443065260884
0.000010502978691636441
0.000010690527836737129
0.000010881134928794826
0.000011074844979760196
0.000011271703592050866
0.00001147175696536754
0.0000116750519035792
0.000011881635821677606
0.00001209155675280225
0.000012304863355335548
0.000012521604920070203
0.000012741831377449354
0.000012965593304872212
0.000013192941934088457
0.000013423929158651256
0.000013658607541452175
0.000013897030322330805
0.000014139251425759601
0.000014385325468606122
0.000014635307767972079
0.000014889254349111252
0.000015147221953425465
0.000015409268046540755
0.00001567545082646332
0.000015945829231816975
0.000016220462950161737
0.000016499412426395325
0.000016782738871237756
0.00001707050426979986
0.000017362771390236424
0.000017659603792485053
0.000017961065837090994
0.000018267222694119343
0.000018578140352154582
0.000018893885627389448
0.00001921452617280225
0.000019540130487425518
0.000019870767925704604
0.00002020650870694887
0.000020547423924875392
0.000020893585557246047
0.00002124506647559904
0.00002160194045507557
0.000021964282184343836
0.000022332167275614844
0.000022705672274765642
0.00002308487467155193
0.000023469852909924892
0.00002386068639844763
0.000024257455520812773
0.000024660241646462847
0.000025069127141313367
0.000025484195378580812
0.000025905530749714642
0.000026333218675436578
0.000026767345616886008
0.000027207999086874103
0.000027655267661246014
0.00002810924099035427
0.000028570009810641502
0.0000290376659563371
0.000029512302371264747
0.000029994013120765828
0.000030482893403742632
0.00003097903956478748
0.000031482549106490374
0.000031993520352539896
0.00003251205420655628
0.00003303825067208143
0.00003357221235796787
0.000034114042744931434
0.0000346638465478115
0.00003522172972869144
0.00003578779951014582
0.00003636216438861377
0.0000369449341479009
0.00003753621987281077
0.000038136133962906396
0.000038744790146403765
0.000039362303494198164
0.00003998879043402466
0.000040624368764753796
0.00004126915767082381
0.00004192327773681082
0.00004258685096213778
0.00004326000077592411
0.000043942852051976236
0.000044635531123922114
0.00004533816580048844
0.000046050885380924766
0.000046773820670573335
0.000047507103996587876
0.00004825086922380107
0.0000490052517707436
0.00004977038862581476
0.0000505464183636076
0.00005133348116138769
0.00005213171881572974
0.000052941274759311054
0.0000537622940778648
0.000054594923527293525
0.000055439311550945696
0.00005629560829705502
0.000057163965636345314
0.000058044537179802175
0.0000589374782966129
0.00005984294613227572
0.00006076109962688083
0.00006169209953356367
0.00006263610843713368
0.00006359329077287775
0.00006456381284554249
0.00006554784284849488
0.00006654555088306464
0.00006755710897806825
0.00006858269110951834
0.00006962247322051752
0.00007067663324134188
0.00007174535110971105
0.00007282880879125259
0.00007392719030015623
0.00007504068172002497
0.00007616947122492085
0.00007731374910061029
0.0000784737077660085
0.00007964954179482624
0.00008084144793741999
0.00008204962514284737
0.00008327427458113176
0.00008451559966573296
0.00008577380607623323
0.0000870491017812322
0.00008834169706146169
0.0000896518045331125
0.00009097963917138575
0.00009232541833426058
0.00009368936178648832
0.00009507169172381072
0.00009647263279740477
0.00009789241213855903
0.00009933125938357912
0.00010078940669892854
0.00010226708880660504
0.00010376454300975446
0.00010528200921852473
0.0001068197299761633
0.00010837795048535811
0.0001099569186348264
0.00011155688502615117
0.00011317810300087159
0.00011482082866782445
0.00011648532093077044
0.0001181718415161466
0.00011988065500134035
0.0001216120288429687
0.00012336623340555023
0.0001251435419904218
0.00012694423086492446
0.00012876857929186242
0.0001306168695592393
0.00013248938701027115
0.00013438642007368055
0.00013630826029427463
0.00013825520236380965
0.00014022754415215187
0.00014222558673868254
0.0001442496344440966
0.00014629999486239647
0.00014837697889323655
0.00015048090077456066
0.00015261207811554295
0.0001547708319298386
0.0001569574866691438
0.00015917237025707087
0.00016141581412333826
0.00016368815323828214
0.00016598972614768873
0.00016832087500795272
0.0001706819456215651
0.00017307328747293105
0.00017549525376452392
0.00017794820145337613
0.0001804324912879105
0.00018294848784511706
0.00018549655956806953
0.0001880770788038269
0.00019069042184161763
0.0001933369689514545
0.0001960171044230717
0.00019873121660523235
0.0002014796979454065
0.00020426294502981534
0.00020708135862385288
0.0002099353437076467
0.00021282530954341524
0.00021575166966467552
0.00021871484197054903
0.00022171524874192695
0.00022475331668944535
0.00022782947699661842
0.00023094416536338376
0.000234097822050043
0.00023729089192163093
0.00024052382449265528
0.00024379707397232503
0.0002471110993101352
0.0002504663642419119
0.0002538633373362758
0.00025730249204154206
0.00026078430673305726
0.00026430926476097975
0.00026787785449850453
0.0002714905693905381
0.00027514790800282863
0.0002788503740715531
0.0002825984765533701
0.00028639272967593616
0.00029023365298889677
0.0002941217714153525
0.0002980576153038016
0.00030204172048057555
0.00030607462830275605
0.00031015688571158965
0.00031428904528032293
0.00031847166529279337
0.00032270530976864477
0.0003269905485174011
0.00033132795722617286
0.00033571811749113833
0.00034016161688076203
0.0003446590489933305
0.0003492110135150226
0.0003538181162785249
0.0003584809693221923
0.0003632001909497619
0.00036797640579062197
0.0003728102448606481
0.0003777023456236012
0.0003826533520531048
0.0003876639146951936
0.000392734690731454
0.00039786634404274723
0.0004030595248787506
0.00040831497189677975
0.000413633308279513
0.0004190152457489323
0.00042446148265917803
0.00042997272445870915
0.00043554968375830933
0.00044119308039973173
0.00044690364152498235
0.00045268210164624897
0.00045852920271648693
0.0004644456942006577
0.00047043233314764116
0.0004764898842628075
0.0004826191199812795
0.000488820820541868
0.0004950957740617049
0.0005014447766115681
0.0005078686322919119
0.0005143681533096082
0.000520944160055401
0.0005275974811820879
0.0005343289536834282
0.0005411394229737878
0.0005480297429685326
0.0005550007761651652
0.0005620533937252267
0.0005691884755569514
0.0005764069103987117
0.0005837095959032222
0.000591097438722548
0.0005985713545938877
0.0006061322684261782
0.0006137811143874888
0.0006215188359932503
0.000629346386195283
0.0006372647274716857
0.0006452748319175418
0.0006533776813364828
0.0006615742673330997
0.0006698655914062258
0.0006782526650430815
0.0006867365098143115
0.0006953181574698893
0.000703998650035938
0.0007127790399124425
0.0007216603899718809
0.0007306437736587656
0.0007397302750901358
0.0007489209891569599
0.0007582170216265142
0.0007676194892456921
0.000777129519845295
0.0007867482524452926
0.0007964768373610609
0.000806316436310619
0.0008162682225228656
0.000826333380846827
0.0008365131078619175
0.0008468086119840821
0.0008572211135828935
0.0008677518451271903
0.0008784020512258429
0.000889172988800623
0.0009000659271872654
0.0009110821482531447
0.0009222229465160606
0.0009334896292641212
0.0009448835166767564
0.000956405941963655
0.0009680582514207156
0.0009798418046556103
0.0009917579746458976
0.0010038081478826709
0.0010159937244985007
0.0010283161183965834
0.0010407767573665716
0.0010533770832748541
0.0010661185521084414
0.0010790026341687838
0.0010920308141920078
0.0011052045914854622
0.0011185254800655528
0.0011319950087968515
0.001145614721532521
0.001159386177256028
0.0011733109502242067
0.0011873906301116382
0.0012016268221563835
0.0012160211473069863
0.0012305752423713264
0.001245290760165898
0.001260169369667454
0.0012752127561655663
0.0012904226214167347
0.001305800683799903
0.001321348678473464
0.0013370683575336909
0.0013529614901746844
0.0013690298628497822
0.0013852752794345099
0.001401699561391009
0.0014183045479340569
0.0014350920961985747
0.0014520640814084341
0.0014692223970484194
0.001486568955034566
0.0015041056858893375
0.00152183453891682
0.001539757482379857
0.001557876503678864
0.001576193609532291
0.0015947108261587849
0.0016134301994610422
0.0016323537952113876
0.0016514836992390803
0.0016708220176193597
0.001690370876864287
0.0017101324241153256
0.001730108827337755
0.001750302275516886
0.0017707149788561017
0.0017913491689767569
0.001812207099119943
0.0018332910443501335
0.0018546033017607282
0.0018761461906815248
0.0018979220528881186
0.0019199332528132599
0.0019421821777601872
0.0019646712381179484
0.001987402867578733
0.0020103795233572344
0.002033603686412054
0.0020570778616691822
0.0020808045782475587
0.0021047863896867317
0.0021290258741766613
0.0021535256347896456
0.002178288299714423
0.002203316522492468
0.002228612982256466
0.002254180383971043
0.002280021458675725
0.0023061389637301652
0.002332535683061669
0.002359214427415017
0.002386178034604634
0.0024134293697690907
0.002440971325628003
0.0024688068227413165
0.002496938809771001
0.0025253702637452035
0.002554104190324872
0.002583143624072831
0.0026124916287254126
0.002642151297466587
0.0026721257532046714
0.0027024181488516045
0.002733031667604848
0.002763969523231892
0.0027952349603574426
0.0028268312547532594
0.0028587617136307114
0.0028910296759360778
0.0029236385126485626
0.002956591627081143
0.0029898924551841595
0.003023544465851813
0.0030575511612314313
0.0030919160770357295
0.003126642782857851
0.003161734882489498
0.003197196014241874
0.00323302985126975
0.0032692401018984633
0.0033058305099540114
0.0033428048550962247
0.0033801669531550106
0.003417920657079707
0.0034560698551186955
0.00349461847379098
0.0035335704772384243
0.003572929867296095
0.0036127006840536396
0.0036528870062140966
0.003693492951456086
0.0037345226767993675
0.0037759803789738132
0.0038178702943836434
0.0038601967010931603
0.003902963915469073
0.003946176299482403
0.003989838252783312
0.004033954218305753
0.004078528681374695
0.0041235661701035245
0.0041690712557951705
0.004215048553346916
0.004261502721658708
0.004308438464046872
0.004355860528658422
0.004403773708892516
0.004452182843824176
0.0045010928186323285
0.004550508565031767
0.004600435061709202
0.004650877334763344
0.004701840458149087
0.004753329554125855
0.004805349793710092
0.004857906397131965
0.0049110046342963724
0.004964649825248217
0.005018847340641975
0.005073602602215715
0.005128921083269462
0.005184808309148078
0.005241269857728594
0.005298311359912094
0.005355938500120223
0.005414157016802918
0.005472972702917286
0.005532391406478711
0.00559241903104883
0.005653061536262383
0.005714324938352106
0.005776215310678505
0.005838738784264513
0.005901901548335184
0.005965709850862392
0.006030169999114579
0.0060952883602072025
0.006161071361680844
0.006227525492039071
0.006294657301337454
0.006362473401753497
0.006430980468172635
0.006500185238767871
0.0065700945155963
0.0066407151651960775
0.006712054119188577
0.0067841183748881375
0.0068569149959160905
0.006930451112820897
0.0070047339237063605
0.007079770694854603
0.007155568761376694
0.007232135527847681
0.007309478468958224
0.007387605130170236
0.00746652312837858
0.007546240152578925
0.007626763964541846
0.0077081023994928395
0.007790263366800295
0.007873254850666707
0.007957084910829422
0.00804176168326635
0.008127293380908576
0.008213688294359648
0.008300954792621424
0.00838910132382683
0.008478136415979306
0.008568068677699218
0.008658906798977198
0.00875065955193441
0.008843335791590037
0.008936944456635756
0.009031494570217577
0.009126995240724769
0.009223455662586288
0.009320885117074535
0.00941929297311661
0.009518688688113067
0.00961908180876439
0.009720481971905042
0.009822898905345321
0.009926342428721091
0.010030822454351312
0.010136348988103637
0.010242932130268022
0.010350582076438448
0.010459309118402878
0.010569123645041477
0.010680036143233144
0.010792057198770546
0.010905197497283593
0.011019467825171572
0.01113487907054386
0.011251442224169444
0.011369168380435293
0.01148806873831354
0.011608154602337783
0.011729437383588363
0.011851928600686836
0.011975639880799738
0.012100582960651602
0.012226769687547413
0.01235421202040461
0.012482922030794673
0.012612911903994337
0.012744193940046602
0.012876780554831716
0.013010684281147888
0.013145917769802253
0.01328249379071189
0.013420425234015052
0.013559725111192779
0.013700406556200919
0.013842482826612634
0.013985967304771583
0.014130873498955766
0.014277215044552208
0.014425005705242615
0.014574259374199892
0.014724990075295995
0.014877211964320828
0.015030939330212552
0.015186186596299302
0.015342968321552453
0.015501299201851514
0.01566119407126083
0.01582266790331807
0.015985735812334697
0.016150413054708587
0.01631671503024879
0.016484657283512612
0.016654255505155112
0.016825525533291138
0.01699848335487001
0.017173145107063033
0.017349527078663794
0.01752764571150158
0.017707517601867798
0.017889159501955815
0.01807258832131397
0.018257821128312278
0.018444875151622596
0.018633767781712697
0.018824516572354042
0.019017139284004853
0.019211653857562856
0.019408077926914777
0.019606430217115604
0.019806728940042186
0.020008992661748888
0.020213240122546522
0.02041949023862777
0.020627762103705975
0.020838074990668927
0.021050448353248267
0.021264901827704116
0.02148145523452588
0.021700128580147186
0.021920942058679966
0.022143916053661308
0.02236907113981834
0.022596428084849005
0.02282600785121945
0.023057831597978088
0.02329192068258657
0.023528296662767643
0.02376698129837021
0.024007996553251688
0.024251364597178002
0.024497107807740955
0.02474524877229351
0.024995810289903227
0.025248815373323494
0.025504287250983283
0.025762249368995363
0.026022725393183094
0.026285739211126036
0.026551314934224652
0.02681947689978399
0.027090249673116865
0.027363658049666555
0.02763972705714905
0.027918481957715457
0.028199948250134096
0.028484151671993398
0.028771118201924482
0.0290608740618452
0.029353445719224384
0.029648859889367357
0.029947143537722806
0.03024832388221063
0.03055242839557189
0.030859484807740145
0.031169521108235135
0.031482565548578464
0.03179864664473177
0.03211779317955754
0.0324400342053027
0.0327653990461053
0.03309391730052455
0.03342561884409412
0.03376053383189925
0.03409869270117796
0.03444012617394596
0.034784865259646296
0.035132941257823486
0.03548438576082246
0.03583923065651243
0.036197508131036144
0.03655925067158473
0.036924491069198095
0.03729326242159144
0.03766559813600802
0.03804153193209807
0.03842109784482513
0.03880433022739847
0.03919126375423573
0.03958193342394101
0.03997637456233393
0.04037462282548401
0.040776714202783775
0.041182685020049355
0.041592571942656226
0.04200641197866704
0.04242424248206363
0.04284610115593365
0.04327202605572446
0.04370205559251968
0.04413622853634602
0.04457458401951102
0.04501716153997156
0.04546400096473347
0.045915142533283285
0.04637062686105099
0.04683049494290568
0.047294788156682935
0.0477635482667456
0.0482368174275769
0.048714638187407504
0.04919705349187585
0.049684106687722634
0.050175841526519174
0.05067230216843094
0.05117353318601553
0.051679579568056105
0.052190486723598446
0.05270630048518665
0.05322706711380204
0.053752833302179386
0.05428364617880165
0.054819553312685995
0.05536060271693545
0.05590684285135737
0.05645832262979693
0.05701509142154477
0.057577199058415185
0.05814469583560702
0.05871763251830616
0.05929606034547811
0.059880031034270885
0.060469596784458075
0.061064810282923904
0.06166572470818922
0.06227239373497989
0.06288487153898138
0.06350321280090578
0.06412747271208184
0.06475770697859082
0.06539397182620336
0.06603632400520794
0.06668482079528405
0.06733952001042029
0.0680004800038785
0.06866775967320357
0.06934141846527989
0.0700215163814345
0.07070811398267192
0.07140127239456616
0.07210105331250279
0.07280751900830448
0.07352073233340756
0.07424075672564462
0.07496765621436327
0.07570149542592067
0.07644233958922889
0.07719025454263446
0.07794530673458386
0.07870756323658139
0.07947709174424553
0.08025396058425625
0.08103823872021595
0.08182999575856452
0.08262930195454979
0.08343622821825253
0.08425084612066798
0.08507322789984334
0.0859034464670726
0.08674157541314784
0.08758768901466979
0.08844186224041614
0.08930417075776854
0.09017469093920005
0.09105349986882186
0.09194067534899167
0.09283629590698235
0.09374044080171287
0.09465319003054165
0.09557462433612289
0.09650482521332608
0.09744387491622032
0.09839185646512265
0.09934885365371232
0.10031495105621047
0.10129023403462666
0.10227478874607283
0.10326870215014423
0.10427206201636967
0.10528495693173014
0.10630747630824754
0.10733971039064372
0.10838175026406992
0.10943368785868138
0.1104956159703583
0.11156762823944767
0.1126498192114775
0.11374228428236549
0.11484511974623038
0.11595842279377713
0.11708229152060305
0.11821682493562119
0.119362122969521
0.12051828648332763
0.12168541727703705
0.12286361809833048
0.12405299265137
0.12525364560567578
0.1264656826050848
0.1276892102767942
0.12892433624048608
0.1301711691175391
0.13142981854032437
0.13270039516158705
0.13398301066391616
0.1352777777693016
0.136584810248778
0.13790422293216176
0.13923613171787425
0.1405806535828585
0.14193790659258756
0.1433080099111642
0.14469108381151596
0.14608724968568332
0.1474966300552043
0.1489193485815939
0.15035553007692232
0.1518053005144897
0.15326878703960084
0.15474611798043875
0.1562374228590404
0.15774283240237238
0.15926247855351036
0.16079649448292216
0.16234501459985468
0.16390817456382703
0.16548611129622937
0.16707896299203007
0.1686868691315908
0.17030997049259114
0.17194840916206366
0.17360232854854113
0.17527187339431483
0.17695718978780853
0.1786584251760644
0.18037572837734747
0.182109249593865
0.18385914042460394
0.18562555387828777
0.18740864438645355
0.1892085678166491
0.19102548148575385
0.19285954417342152
0.1947109161356489
0.1965797591184691
0.19846623637177235
0.20037051266325498
0.20229275429249635
0.2042331291051682
0.20619180650737406
0.2081689574801219
0.21016475459393089
0.21217937202357393
0.2142129855629562
0.21626577264013178
0.2183379123324584
0.22042958538189508
0.2225409742104386
0.2246722629357046
0.2268236373866528
0.2289952851194576
0.23118739543352596
0.23340015938766318
0.23563376981638898
0.23788842134640528
0.2401643104132138
0.24246163527789205
0.24478059604402003
0.24712139467476724
0.2494842350101363
0.25186932278436636
0.25427686564349766
0.25670707316310093
0.259160156866167
0.26163633024116495
0.26413580876026765
0.2666588098977448
0.2692055531485268
0.27177626004694067
0.27437115418561975
0.27699046123458854
0.27963440896052266
0.2823032272461908
0.2849971481100728
0.2877164057261618
0.29046123644394906
0.2932318788085949
0.2960285735812844
0.2988515637597728
0.30170109459912237
0.3045774136326289
0.3074807706929451
0.31041141793339266
0.3133696098494899
0.31635560330064805
0.31936965753209773
0.32241203419700437
0.32548299737879094
0.32858281361366815
0.33171175191337077
0.3348700837881061
0.3380580832697262
0.3412760269350845
0.3445241939296422
0.3478028659912757
0.3511123274743075
0.35445286537376053
0.3578247693498371
0.36122833175262337
0.3646638476470243
0.36813161483792867
0.37163193389560645
0.3751651081813427
0.37873144387330815
0.3823312499926701
0.3859648384299429
0.3896325239715868
0.3933346243268472
0.39707146015484823
0.40084335509193303
0.40465063746625884
0.4084936336939278
0.41237267616071405
0.4162881044131802
0.420240255589569
0.42422947177806836
0.4282560982427024
0.43232048345280594
0.4364229791125688
0.4405639401912622
0.44474372495333825
0.44896269498900604
0.45322121524505865
0.45751965405597783
0.46185838317533445
0.4662377778074829
0.4706582166394981
0.4751200818735207
0.47962375925928624
0.4841696381270142
0.48875811142058934
0.49338957573105036
0.4980644313303899
0.5027830822056654
0.5075459360934282
0.5123534045144689
0.5172059028088856
0.5221038501714801
0.5270476696874733
0.5320377883685629
0.5370746371893039
0.5421586511238352
0.5472902691829374
0.5524699344514432
0.557698094125986
0.5629751995531034
0.5683017062676895
0.5736780740318075
0.57910476687386
0.5845822531281171
0.5901110054746201
0.5956915009794473
0.6013242211353547
0.6070096519027921
0.612748283751303
0.6185406117013024
0.6243871353662461
0.6302883589951844
0.6362447915157178
0.6422569465773433
0.6483253425952089
0.6544505027942644
0.6606329552538291
0.6668732329525695
0.6731718738138903
0.6795294207517517
0.6859464217169049
0.6924234297435584
0.6989610029964808
0.7055597048185277
0.7122201037786233
0.7189427737201743
0.7257282938099419
0.7325772485873552
0.7394902280142922
0.7464678275253154
0.753510648078372
0.7606192962059701
0.7677943840668182
0.7750365294979539
0.7823463560673474
0.7897244931269949
0.7971715758665039
0.8046882453671738
0.8122751486565774
0.8199329387636479
0.8276622747742768
0.835463821887424
0.84333825147175
0.8512862411227697
0.8593084747205415
0.8674056424878793
0.8755784410491191
0.8838275734894103
0.8921537494145761
0.9005576850115107
0.9090401031091495
0.9176017332399934
0.92624331170221
0.9349655816223053
0.9437692930183759
0.9526552028639506
0.9616240751524165
0.9706766809620507
0.9798137985216449
0.9890362132767434
0.9983447179564893
1.007740112641098
1.0172232048299432
1.0267948095102888
1.0364557492266386
1.046206854150745
1.0560489621522557
1.0659829188700196
1.0760095777840453
1.0861298002881365
1.0963444557631943
1.1066544216511929
1.1170605835298528
1.1275638351879904
1.1381650787015805
1.148865224510508
1.1596651914960423
1.1705659070590022
1.1815683071987446
1.1926733365926885
1.2038819486767716
1.2151951057265549
1.2266137789390914
1.2381389485155627
1.2497716037446702
1.2615127430868067
1.2733633742590031
1.285324514320664
1.2973971897600898
1.3095824365818123
1.3218813003947232
1.3342948365010385
1.3468241099860632
1.3594701958088038
1.372234178893419
1.3851171542215004
1.3981202269252342
1.4112445123813981
1.4244911363062491
1.4378612348512765
1.451355954699823
1.4649764531647294
1.4787238982866153
1.4925994689333282
1.5066043549002313
1.5207397570113494
1.5350068872215354
1.5494069687195564
1.5639412360321223
1.578610935128892
1.593417323528441
1.6083616704052237
1.6234452566975068
1.6386693752163195
1.6540353307554017
1.6695444402021757
1.6851980326497398
1.7009974495099072
1.7169440446272777
1.7330391843943767
1.749284247867862
1.765680626885791
1.7822297261859892
1.798932963525512
1.8157917698011983
1.8328075891713587
1.8499818791785847
1.8673161108736789
1.884811768940759
1.9024703518234989
1.9202933718525508
1.9382823553741328
1.9564388428798112
1.9747643891374929
1.9932605633237341
2.0119289491569345
2.0307711449241017
2.049788764047906
2.068983434578956
2.08835679976273
2.1079105180725546
2.127646263350619
2.1475657249502804
2.1676706078797046
2.1879626329468174
2.208443536905612
2.229115072603805
2.2499790091318594
2.271037131973382
2.292291243156926
2.3137431614091826
2.3353947223096077
2.3572477784464603
2.3793041995743094
2.40156587277297
2.4240347026079396
2.446712611292286
2.4696015388500827
2.4927034432813002
2.516020300728261
2.53955410564363
2.563306870959948
2.587280628260743
2.611477427953228
2.6358993394425836
2.6605484513078768
2.6854268714795797
2.710536727418757
2.7358801662979007
2.761459355183427
2.7872764812198927
2.8133337518158807
2.839633394831637
2.8661776587684304
2.8929688129596514
2.920009147763712
2.9473009747587042
2.9748466269388714
3.002648458912892
3.0307088471040102
3.059030189952004
3.087614908117036
3.1164654446853763
3.145584265377052
3.17497385875539
3.2046367364385206
3.2345754333128394
3.2647925077484232
3.2952905418164646
3.3260721415087096
3.3571399369589154
3.3884965826663755
3.420144757721511
3.452087166033534
3.4843265365602347
3.5168656235398954
3.5497072067253272
3.582854091620115
3.6163091097170126
3.6500751187385516
3.6841550028798924
3.7185516730539105
3.753268067138552
3.788307150226481
3.8236719148770346
3.8593653813705187
3.895390597964842
3.93175064115454
3.9684486159321954
4.005487656052256
4.04287092429733
4.08060161274692
4.118682943048643
4.157118166691996
4.1959105652845885
4.235063450831016
4.274580166014229
4.3144640844795825
4.354718611121452
4.395347182372555
4.436353266495909
4.477740363879505
4.51951200733372
4.56167176239148
4.604223227611165
4.64717003488239
4.690515849734529
4.734264371648175
4.77841933436942
4.822984506227083
4.867963690452853
4.9133607255044085
4.9591794853915285
5.0054238800051944
5.0520978554496905
5.099205394378176
5.146750516330283
5.194737163674696
5.243169614751723
5.29205213622791
5.341388535433053
5.391183180729346
5.441440320261254
5.492164241517918
5.543359271697428
5.595029778074388
5.647180168370943
5.699814891131176
5.7529384360990345
5.80655533459969
5.860670159924496
5.915287527719431
5.970412096377231
6.026048567433053
6.082201685963869
6.138876240991534
6.196077065889557
6.253809038793717
6.312077083016352
6.3708861664869
6.430241306046758
6.490147562122884
6.550610042954976
6.611633904089404
6.6732243488170955
6.735386628615514
6.798126043594717
6.861447942947533
6.925357725403888
6.989860839689408
7.054962804005798
7.1206691316500645
7.186985420460876
7.253917365520726
7.3214706523215245
7.389651039432974
7.458464338751364
7.527916415993204
7.598013191193438
7.668760639208219
7.740164790222371
7.8122317302615585
7.88496760170916
7.958378603827966
8.032470993286669
8.107251084691914
8.18272525112189
8.258899924671661
8.335781596996707
8.41337681986494
8.491692205713115
8.570734428208427
8.650510222815255
8.731026387367201
8.812289782644388
8.894307332956119
8.977086026728927
9.06063291710005
9.144955122516436
9.230059827339229
9.315954282453934
9.402645805886143
9.49014178342301
9.57844966924048
9.667576986536286
9.757531328168868
9.8483203573021
9.939951808056072
10.032433486163947
10.125773269634674
10.219979109422079
10.315059030100084
10.411021130544007
10.50787358461842
10.605624641870747
10.704282628233605
10.803855946728945
10.90435307818407
11.005782581950342
11.108153096630673
11.211473340812915
11.31575211381016
11.420998296407955
11.527220851618425
11.634428825441294
11.742631347632061
11.851837632477226
11.962056979576651
12.073298774633281
12.185572490250017
12.298887686734153
12.41325401290902
12.528681206933367
12.645179097128217
12.762757602811352
12.881426735139575
13.001196597958772
13.122077388661744
13.244079399054161
13.367213016228323
13.491488723445146
13.616917101024248
13.743508827242316
13.87127467923976
14.000225533935705
14.1303723689516
14.261726263543181
14.394298399541249
14.52810006230094
14.663142641660077
14.799437632906049
14.936996637751871
15.075831365321264
15.21595363314268
15.35737536815273
15.500108607708816
15.644165500611063
15.78955830813383
15.936299405066684
16.084401280765068
16.233876540210588
16.38473790508128
16.536998214831574
16.69067042778247
16.84576762222163
17.002302997513727
17.16028987522106
17.319741700234523
17.4806720419151
17.643094595245813
17.807023181994445
17.972471751886935
18.139454383791712
18.307985286914942
18.47807880200673
18.649749402578784
18.823011696133022
18.9978804254017
19.174370469599047
19.35249684568449
19.53227470963719
19.713719357743173
19.896846227893615
20.081670900895446
20.26820910179412
20.456476701208505
20.646489716678225
20.83826431402347
21.03181680871721
21.227163667270457
21.424321508629944
21.623307105589035
21.824137386211632
22.02682943526903
22.231400495690508
22.437867970026886
22.64624942192792
22.856562577633255
23.06882532747724
23.283055694298213
23.499271971251954
23.717492538595565
23.93773590368133
24.160020829646534
24.384366223782713
24.610791168406664
24.839314922480316
25.069956923245577
25.302736787874377
25.537674315133767
25.774789487066684
26.01410247068801
26.255633619696727
26.499403476203305
26.74543277247377
26.993742432689345
27.244353574722602
27.49728751193027
27.752565754962106
28.010210013586995
28.27024219853575
28.532684423360923
28.797559006313865
29.064888472239254
29.334695554487055
29.607003196842076
29.88183455547167
30.15921300089113
30.439162119947518
30.721705717821738
31.006867820049177
31.294672674558935
31.585144753732095
31.878307664362502
32.17418961033569
32.47281247357957
32.77420273736519
33.07838602787912
33.38538820851544
33.695235382070614
34.00795389295936
34.3235703294507
34.64211152592468
34.96360456515004
35.288076780582934
35.61555575868711
35.946069341275184
36.2796456278718
36.61631297809886
36.956100014082516
37.29903562288236
37.64514895894343
37.994469446570804
38.34702678242688
38.70285093805197
39.061972162408324
39.42442098444721
39.79022821570037
40.159424952895066
40.532042580593355
40.90811277385596
41.287667500930695
41.67073902596559
42.057359911747504
42.44756302246572
42.841381526501344
43.23884889924244
43.639998925925084
44.04486570450094
44.45348364853136
44.86588749010791
45.2821122828004
45.70219340463197
46.1261665610815
46.554067788114246
46.98593345524021
47.42180026860085
47.86170527408446
48.30568586047025
48.75377976260165
49.206025064588836
49.66246020304102
50.123123970328585
50.58805551787535
51.05729435948158
51.53088037467717
52.00885381210667
52.49125529294474
52.97812581434401
53.46950675291433
53.96543986823429
54.46596730639556
54.97113160357958
55.480975689667645
55.99554289188423
56.51487693847431
57.03902196241426
57.568022505157415
58.10192352041433
58.64077037796771
59.184608867523
59.73348520259439
60.2874460244267
60.846538405953986
61.41080985579423
61.980308322281175
62.555082197533864
63.13518032156323
63.72065198641709
64.31154694036333
64.90791539211185
65.50980801507555
66.11727595167076
66.73037081765756
67.34914470652008
67.97365019388738
68.60394034199547
69.24006870392051
69.88208932919632
70.5300567668019
71.18402607085027
71.84405280528854
72.51019304745341
73.1825033945627
73.86104096736871
74.54586341529134
75.23702892131072
75.93459620690474
76.63862453703246
77.34917372516334
78.06630413835325
78.79007670236754
79.5205529068511
80.25779481054664
81.00186504656108
81.75282682768106
82.51074395173674
83.27568080701641
84.04770237772992
84.826874249524
85.61326261504749
86.40693427956886
87.20795666664517
88.01639782384376
88.83232642851684
89.65581179362941
90.48692387364159
91.32573327044423
92.17231123935116
93.02672969514506
93.88906121818091
94.75937906054436
95.63775715226868
96.52427010760785
97.41899323136857
98.32200252530075
99.23337469454648
100.15318715414952
101.08151803562446
102.01844619358728
102.96405121244632
103.9184134131561
104.88161386003294
105.8537343676342
106.83485750770093
107.82506661616438
108.8244458002183
109.83307994545555
110.85105472307158
111.8784565971343
112.91537283192129
113.96189149932445
115.01810148632393
116.08409250253055
117.15995508779854
118.24578061990826
119.34166132232049
120.44766226466706
121.563961407323
122.69056953603061
123.82761034329161
124.97518039981281
126.13337717003569
127.30229902040705
128.48204522772542
129.6727159875657
130.87441242278138
132.0872365920848
133.31129149870816
134.54668109914314
135.7935103119628
137.0518850267241
138.3219121129531
139.60369942921366
140.89735583225928
142.2029911862706
143.52071637217784
144.85064329706915
146.19288490368643
147.54755518000948
148.91476916892796
150.2946429780033
151.68729378932113
153.09283986943387
154.51140057939736
155.94309638489773
157.38804886647412
158.84638072983512
160.31821581627054
161.80367911315966
163.30289676457727
164.81599608199693
166.34310555509387
167.8843548626476
169.43987488354566
171.0097977078886
172.59425664819912
174.19338625073289
175.80732230689554
177.43620186476488
179.08016324071968
180.73934603117615
182.41389112443287
184.10394071262516
185.80963830379108
187.53112873404766
189.26855817988024
191.02207417054666
192.79182560059442
194.5779627424953
196.38063725939523
198.20000221798432
200.03621210148324
201.88942282275246
203.75979173752114
205.64747765774877
207.55264086506025
209.47544312440664
211.41604769775012
213.37461935814775
215.3513244028457
217.34633066872598
219.3598075456525
221.39192599106894
223.44285854450396
225.51277934221113
227.6018641319447
229.71029028787095
231.83823682561993
233.98588441747185
236.15341540769109
238.34101382799358
240.5488654131661
242.77715761682126
245.02607962730747
247.2958223837565
249.5865785922885
251.89854274236075
254.23191112327027
256.58688184080853
258.96365483407135
261.3624318924217
263.7834166726133
266.2268147160684
268.6928334663197
271.18168228660954
273.69357247765504
276.2287172955774
278.7873319699943
281.36963372228263
283.9758417840094
286.606177415533
289.26086392477595
291.94012668617296
294.64419315979285
297.37329291063725
300.1276576281207
302.90752114572615
305.7131194608467
308.5446907548095
311.40247541308315
314.2867160456757
317.1976575077174
320.1355469202375
323.1006336911302
326.09316953631725
329.1134085011045
332.1616069817374
335.2380237471541
338.34291996094197
341.47655920349655
344.6392074943841
347.8311333149145
351.0526076309186
354.30390391573934
357.58529817343555
360.8970689621985
364.2394974179873
367.6128672783829
371.0174649066589
374.4535793160818
377.9215021944305
381.42152792874464
384.953953630303
388.51907915983094
392.11720715294257
395.7486430458186
399.4136951011195
403.11267443414215
406.84589503921427
410.61367381633636
414.4163305980694
418.2541881766706
422.12757233147966
426.03681185656126
429.9822385885991
433.96418743505296
437.9829964025727
442.0390066256744
446.13256239568796
450.2640111899634
454.4337037013554
458.6419938679761
462.8892389029743
467.1757993256641
471.50203899114854
475.868325121659
480.2750283376388
484.72252268918527
489.21118568778803
493.7413983383559
498.3135451715445
502.9280142763813
507.58519733319235
512.2854896468307
517.029290180221
521.8170015882049
526.649030251704
531.5257863122
536.4476837065305
541.4151402020115
546.4285774318778
551.48842093106
556.5951001722859
561.7490486025179
566.9507036858199
572.2005069164203
577.4989038917774
582.8463443269619
588.2432820985869
593.6901752833195
599.1874861967406
604.735681432574
610.3352319022692
615.9866128749563
621.6903040177698
627.4467894365434
633.2565577168822
639.1201019656168
645.0379198526387
651.0105136531231
657.0383902901443
663.1220613776828
669.2620432640326
675.4588570756073
681.713028761156
688.0250891363842
694.3955739289878
700.8250238241097
707.3139845102066
713.8630067253489
720.4700565598782
727.1434642239083
733.8760266542299
740.6709050030349
747.5286759660513
754.4499215755385
761.4352292496695
768.4851918423652
775.6004076935959
782.7814806801417
790.0290202668311
797.343641558243
804.7259653508967
812.1766181859182
819.6962324021972
827.2854461900398
834.944903645302
842.6752548240495
850.4771557976946
858.3512687086716
866.2982618265994
874.3188096049914
882.4135927384636
890.5832982204962
898.8286194017119
907.1502560487006
915.5489144033903
924.0253072429623
932.580153940325
941.2141805251454
949.9281197454434
958.7227111297625
967.5987010499075
976.5568427842693
985.597896581729
994.7226297261644
1003.931816601538
1013.2262387576033
1022.6066849762058
1032.0739513382046
1041.6288412910137
1051.272165716763
1061.0047430010964
1070.8273991026003
1080.7409676228792
1090.7462898772794
1100.8442149662626
1111.0355998474458
1121.321309408302
1131.7022165395433
1142.1792022091654
1152.7531555372013
1163.4249738711414
1174.1955628620735
1185.0658365415104
1196.036717398939
1207.1091364600854
1218.2840333658967
1229.562356452263
1240.9450628304749
1252.4331184684183
1264.0274982725314
1275.7291861705112
1287.5391751947918
1299.4584675667877
1311.4880747815018
1323.6290176950229
1335.882326608619
1348.249041357818
1360.730211400201
1373.326895904451
1386.0401638401959
1398.8710940687151
1411.8207754344514
1424.8903068574
1438.0807974268596
1451.3933664934298
1464.829143767106
1478.3892694110436
1492.0748941388072
1505.8871793119943
1519.82729703876
1533.8964303030502
1548.095772941413
1562.4265299358979
1576.8899173845302
1591.4871626278853
1606.2195044007779
1621.0881928579524
1636.0944897382344
1651.2396684558248
1666.5250142083087
1681.9518240857183
1697.5214071805524
1713.2350846988447
1729.0941900722546
1745.100069071188
1761.2540799189703
1777.5575934070798
1794.0119930114365
1810.61867500977
1827.3790486000898
1844.2945360202243
1861.366572668485
1878.596607225446
1895.9861017768376
1913.5365319375933
1931.2493869770394
1949.1261699452252
1967.1683978004603
1985.3776015379908
2003.755326319893
2022.3031316061592
2041.0225912870012
2059.9152938163643
2078.9828423466997
2098.2268548649695
2117.648964329901
2137.250818810533
2157.034081626031
2177.000431486799
2197.1515626368887
2217.489184997744
2238.015024313262
2258.7308222961947
2279.6383367759186
2300.7393418475613
2322.0356280225033
2343.529002380287
2365.221288721921
2387.1143277246065
2409.209977097892
2431.510111741274
2454.0166239032665
2476.7314233419193
2499.656437486846
2522.7936116027345
2546.1449089543826
2569.7123109732483
2593.4978174255516
2617.5034465819235
2641.731235388636
2666.183239640402
2690.861534154784
2715.7682129482178
2740.9053894136564
2766.275196499866
2791.879786892373
2817.7213331960934
2843.8020281196514
2870.1240846613928
2896.6897362971317
2923.5012371696307
2950.560862279843
2977.8709076798796
3005.4336906678536
3033.2515499844103
3061.326846011199
3089.6619609710465
3118.259299130131
3147.121287001896
3176.2503735529126
3205.6490304106756
3235.319752073251
3265.2650561209043
3295.4874834297016
3325.989598387039
3356.7739891092174
3387.843267660994
3419.200070277182
3450.8470575863053
3482.786914836304
3515.0223521223425
3547.5561046167295
3580.390932800949
3613.529622699847
3646.9749861180026
3680.729860878243
3714.797111062411
3749.179627254339
3783.8803267850653
3818.9021539803307
3854.2480804103657
3889.921105141987
3925.9242549930104
3962.2605847890504
3998.933177622664
4035.9451451149207
4073.2996276793574
4110.999794788415
4149.048845242316
4187.450007440429
4226.206539655159
4265.321730308366
4304.798898250332
4344.641393041322
4384.85259523573
4425.435916668895
4466.394800746527
4507.732722736831
4549.453190065333
4591.559742612435
4634.055953013722
4676.945426963038
4720.231803518393
4763.918755410662
4808.00998935517
4852.5092463661595
4897.420302074157
4942.7469670462515
4988.493089078747
5034.662543676714
5081.259254076613
5128.287171885304
5175.7502872620935
5223.652627287913
5271.998256306973
5320.791276271515
5370.035827089863
5419.736086977573
5469.896272811934
5520.520640489676
5571.613485288057
5623.179142229179
5675.22198644784
5727.746433562618
5780.756940050532
5834.258003625047
5888.254163617707
5942.750001363127
5997.750140587759
6053.259247802072
6109.282032696456
6165.8232485407625
6222.88769258755
6280.480206479054
6338.605676657929
6397.269034781782
6456.47525814156
6516.229370083764
6576.536440436634
6637.40158594025
6698.829970680568
6760.826806527551
6823.397353577304
6886.546920598281
6950.280865481708
7014.604595696072
7079.5235687458735
7145.043292634607
7211.169326332038
7277.907280245779
7345.2628166972645
7413.241650402093
7481.849548954835
7551.092333318316
7620.975878317456
7691.506113137626
7762.68902182767
7834.530643807536
7907.037074380647
7980.214465250972
8054.069025044901
8128.607019837968
8203.834773686409
8279.75866916367
8356.385147901834
8433.720711138152
8511.771920266505
8590.54539739408
8670.04782590313
8750.28595101793
8831.266580377061
8912.996584610866
8995.482897924361
9078.73251868544
9162.752510018636
9247.550000404259
9333.132184283164
9419.506322667068
9506.67974375455
9594.6598435527
9683.454086504555
9773.070006122398
9863.515205626745
9954.79735859146
10046.92420959465
10139.903574875745
10233.743342998507
10328.45147552029
10424.036007667422
10520.505049016932
10617.866784184385
10716.129473518351
10815.301453801048
10915.391138955703
11016.407020760174
11118.35766956753
11221.251735032914
11325.097946847485
11429.9051154789
11535.682132918748
11642.4379734369
11750.181694342846
11858.922436754023
11968.669426371325
12079.431974261712
12191.219477648148
12304.041420706752
12417.907375371406
12532.827002145763
12648.810050922797
12765.866361811897
12884.005865973642
13003.238586462325
13123.5746390762
13245.024233215649
13367.597672749325
13491.30535688821
13616.157781067834
13742.16553783864
13869.339317764596
13997.689910330102
14127.228204855282
14257.965191419777
14389.911961795082
14523.079710385497
14657.47973517772
14793.123438699426
14930.022328986443
15068.18802055907
15207.632235407418
15348.366803985758
15490.403666216156
15633.754872501448
15778.43258474733
15924.449077394358
16071.816738458921
16220.548070584491
16370.6556921019
16522.152338100157
16675.050861506475
16829.364234176926
16985.10554799659
17142.28801599048
17300.924973444125
17461.029879035184
17622.616315974858
17785.69799316046
17950.28874633822
18116.40253927711
18284.053464953337
18453.255746746036
18624.02373964363
18796.37193146199
18970.314944073074
19145.867534645673
19323.044596897045
19501.861162356614
19682.33240164094
19864.4736257409
20048.300287320344
20233.827982027207
20421.07244981628
20610.049576284793
20800.775394019707
20993.2660839581
21187.53797675955
21383.607554191833
21581.491450528873
21781.20645396191
21982.76950802388
22186.197713026457
22391.508327511045
22598.718769712657
22807.846619037693
23018.909617555066
23231.925671501613
23446.912852800724
23663.88940059589
23882.873722797485
24103.884397644924
24326.94017528213
24552.05997934864
24779.26290858458
25008.568238451204
25239.99542276575
25473.56409535209
25709.29407170593
25947.20535067625
26187.318116161507
26429.652738822126
26674.22977780839
26921.069982504767
27170.194294289846
27421.623848313237
27675.37997528803
27931.484203300846
28189.958259637664
28450.824072627445
28714.103773501887
28979.81969827341
29247.99438962942
29518.650598845197
29791.811287713506
30067.49963049282
30345.73901587298
30626.553048959686
30909.965553276452
31196.000572786274
31484.682373930627
31776.035447688744
32070.084511654622
32366.854512134403
32666.370626262196
32968.65826413638
33273.74307097458
33581.65092929
33892.407961086275
34206.04053007426
34522.5752439078
34842.03895644158
35164.458770008576
35489.86203771983
35818.27636578427
36149.729615851276
36484.24990737352
36821.86561999314
37162.60539594862
37506.498142505094
37853.57303440607
38203.85951634911
38557.387305482924
38914.186393929034
39274.28705132551
39637.71982739521
40004.515554537094
40374.70535044221
40748.320620733044
41125.39306162791
41505.954662629956
41890.03770924048
42277.674785698575
42668.898813882624
43063.74291341107
43462.240615783165
43864.42572808939
44270.332370236414
44679.99497784223
45093.448305156795
45510.72737690254
45931.867693143344
46356.9049331447
46785.8752145036
47218.81481415706
47655.760517324714
48096.74939278003
48541.81885229272
48991.00665380327
49444.35090462521
49901.89006467872
50363.66286387226
50829.70864491099
51300.06686319437
51774.77742199193
52253.88059379679
52737.41702374298
53225.427733052304
53717.95412251562
54215.037976003594
54716.72146401257
55223.04714724082
55734.0579802001
56249.797314858675
56770.30890431983
57295.63690653258
57825.825888038715
58360.92082775253
58900.967120777284
59446.01058225539
59996.09745125573
60551.27439469572
61111.58851130045
61677.087335597906
62247.81936328128
62823.83144863058
63405.17402191632
63991.89588024813
64584.04679840791
65181.67701174133
65784.83722042052
66393.57859374408
67007.95277447886
67628.01188323997
68253.80852291326
68885.39578311659
69522.82724470492
70166.15698431406
70815.4395789498
71470.73011061623
72132.08417098975
72799.5578661339
73473.2078212601
74153.09118553011
74839.26563690524
75531.78938703802
76230.72118621168
76936.12032832362
77648.04665591463
78366.56056524672
79091.72301142552
79823.5955135725
80562.2401600421
81307.71961369063
82060.09711719035
82819.43649839592
83585.80217575793
84359.25916378868
85139.87307857627
85927.71014335225
86722.83719410817
87525.3216852667
88335.23169540263
89152.63593301944
89977.60374237651
90810.20510937333
91650.5106674848
92498.591703755
93354.52016484286
94218.36866312711
95090.21048286484
95970.11958640948
96858.1706204838
97754.43892251393
98659.00052701886
99571.93217206196
100493.31130575939
101423.21609285168
102361.72542133305
103308.9189091452
104264.87691092995
105229.68052484716
106203.41159945328
107186.15274064589
108177.98731866994
109178.99947519196
110189.27413043578
111208.89699038862
112237.95455407012
113276.53412087134
114324.72379795903
115382.61250775206
116450.28999546258
117527.84683671124
118615.37444520918
119712.96508051454
120820.71185585723
121938.70874603953
123067.05059540656
124205.83312589387
125355.15294514575
126515.10755471248
127685.79535831987
128867.31567021871
130059.76872360804
131263.25567913987
132477.87863349897
133703.74062806575
134940.9456576557
136189.59867934333
137449.80562136357
138721.67339210038
140005.3098891533
141300.82400849357
142608.32565369905
143927.92574527944
145259.7362300857
146603.87009080497
147960.441355548
149329.5651075191
150711.35749478207
152105.93574011003
153513.41815093294
154933.9241293703
156367.5741823638
157814.48993189685
159274.79412531495
160748.61064573546
162236.06452256022
163737.28194207855
165252.39025817494
166781.51800313033
168324.79489852738
169882.35186625324
171454.32103960833
173040.8357745125
174642.0306608205
176258.04153373727
177889.00548534302
179535.06087622108
181196.34734719744
182873.0058311837
184565.17856513636
186273.00910211902
187996.64232348456
189736.22445116096
191491.90306005994
193263.82709059233
195052.1468613062
196857.0140816353
198678.58186477228
200517.00474065373
202372.43866907325
204245.041052908
206134.97075147476
208042.38809400317
209967.4548932396
211910.33445917067
213871.1916128815
215850.19270053267
217847.50560747634
219863.2997724943
221897.74620217498
223951.01748541734
226023.28780807488
228114.73296772843
230225.53038860345
232355.85913661757
234505.8999345734
236675.83517748813
238865.8489480677
241076.12703232124
243306.85693532325
245558.22789711814
247830.43090877595
250123.65872859154
252438.10589844026
254773.96876027726
257131.4454727971
259510.73602824032
261912.042269363
264335.56790655555
266781.51853512693
269250.1016527428
271741.52667703014
274256.0049633426
276793.7498226869
279354.9765398224
281939.9023915207
284548.7466650004
287181.7306765269
289839.0777901896
292521.01343684713
295227.765133255
297959.56250136124
300716.6372877909
303499.2233835005
306307.5568436236
309141.87590749195
312002.4210188492
314889.434846245
317803.1623036236
320743.8505710969
323711.7491159183
326707.1097136386
329730.1864694719
332781.23583984445
335860.51665415673
338968.29013673443
342104.81992899446
345270.37211180374
348465.2152280577
351689.620305455
354943.86087949405
358228.21301667404
361542.95533791743
364888.3690422016
368264.7379304173
371672.3484294406
375111.48961643426
378582.4532433669
382085.53376176674
385621.02834769577
389189.2369269646
392790.4622005701
396425.0096703801
400093.1876650434
403795.3073661515
407531.68283463054
411302.63103739
415108.47187420505
418949.52820486086
422826.1258765335
426738.59375144
430687.26373472856
434672.4708026425
438694.55303092836
442753.85162352264
446850.7109414914
450985.478532247
455158.505159027
459370.1448306538
463620.7548315613
467910.69575210946
472240.3315191678
476610.0294269928
481020.1601683814
485471.09786612267
489963.2201047282
494496.9079624723
499072.54604370863
503690.52251150744
508351.2291205744
513055.06125049083
517802.4179392526
522593.7019171163
527429.3196402873
532309.6813273238
537235.2009915421
542206.2964760975
547223.389491888
552286.9056513718
557397.2745051656
562554.9295784777
567760.3084078908
573013.8525784728
578316.0077612419
583667.2237509697
589067.9545043424
594518.6581784636
600019.7971697296
605571.838153045
611175.2521214216
616830.5144259229
622538.104815999
628298.5074801757
634112.2110871349
639979.7088271657
645901.4984540041
651878.0823270549
657909.9674540148
663997.665533873
670141.6930003276
676342.5710655882
682600.8257645993
688916.9879996539
695291.5935854428
701725.1832944971
708218.3029030719
714771.5032374375
721385.3402206138
728060.374919521
734797.1735925898
741596.3077377793
748458.3541410763
755383.8949254093
762373.5176000441
769427.8151104099
776547.3858884133
783732.83390319
790984.7687123541
798303.805513694
805690.5651973754
813145.6743985942
820669.7655507554
828263.4769391026
835927.452754884
843662.34314998
851468.8042920767
859347.4984203124
867299.0939014682
875324.2652866576
883423.693368558
891598.0652391526
899848.0743480312
908174.4205611998
916577.8102204689
925058.9562033562
933618.5779835766
942257.4016920608
950976.1601785694
959775.5930738468
968656.4468523752
977619.4748957002
986665.4375563264
995795.1022222382
1.0050092433819831e6
1.014308642690386e6
1.0236940890348412e6
1.0331663786022543e6
1.0427263149465632e6
1.0523747090569267e6
1.0621123794264977e6
1.071940152121881e6
1.0818588608531873e6
1.091869347044779e6
1.1019724599066284e6
1.1121690565063753e6
1.1224600018420203e6
1.1328461689153146e6
1.1433284388058016e6
1.1539077007455851e6
1.1645848521947346e6
1.175360798917443e6
1.186236455058846e6
1.1972127432225838e6
1.2082905945490524e6
1.2194709487944085e6
1.2307547544102794e6
1.2421429686242258e6
1.253636557520941e6
1.2652364961242143e6
1.276943768479626e6
1.2887593677380483e6
1.300684296239872e6
1.3127195656000571e6
1.3248661967939297e6
1.3371252202438137e6
1.3494976759064205e6
1.3619846133610904e6
1.3745870918988104e6
1.387306180612098e6
1.4001429584856632e6
1.4130985144879771e6
1.4261739476636115e6
1.4393703672265098e6
1.452688892654045e6
1.4661306537820238e6
1.4796967909005028e6
1.4933884548505363e6
1.5072068071217963e6
1.5211530199511112e6
1.5352282764218946e6
1.5494337705645226e6
1.5637707074576141e6
1.5782403033302678e6
1.5928437856652224e6
1.6075823933030053e6
1.6224573765470048e6
1.6374699972695545e6
1.6526215290189553e6
1.66791325712754e6
1.683346478820685e6
1.6989225033268726e6
1.7146426519887412e6
1.730508258375192e6
1.7465206683944943e6
1.7626812404084941e6
1.7789913453478012e6
1.7954523668281343e6
1.8120657012676545e6
1.8288327580054533e6
1.8457549594210966e6
1.8628337410552779e6
1.8800705517316218e6
1.8974668536795597e6
1.9150241226584003e6
1.9327438480824942e6
1.9506275331476096e6
1.9686766949584167e6
1.9868928646572297e6
2.0052775875538453e6
2.023832423256677e6
2.0425589458050265e6
2.0614587438026373e6
2.0805334205524283e6
2.0997845941925403e6
2.1192138978335653e6
2.138822979697124e6
2.158613503255644e6
2.178587147373524e6
2.198745606449501e6
2.219090590560435e6
2.2396238256063387e6
2.2603470534568215e6
2.28126203209882e6
2.3023705357857626e6
2.323674355188056e6
2.345175297545011e6
2.366875186818126e6
2.3887758638458494e6
2.41087918649971e6
2.4331870298419427e6
2.4557012862845333e6
2.478423865749782e6
2.50135669583229e6
2.5245017219625087e6
2.5478609075717507e6
2.5714362342587723e6
2.5952297019578516e6
2.619243329108467e6
2.6434791528264964e6
2.667939229077067e6
2.6926256328489194e6
2.7175404583304757e6
2.7426858190874523e6
2.7680638482421935e6
2.7936766986545883e6
2.8195265431047375e6
2.845615574477235e6
2.8719460059472397e6
2.8985200711681633e6
2.9253400244612168e6
2.9524081410065866e6
2.9797267170364936e6
3.0072980700299395e6
3.035124538909346e6
3.063208484238917e6
3.091552288424945e6
3.1201583559178617e6
3.149029113416246e6
3.1781670100726583e6
3.207574517701435e6
3.237254130988336e6
3.2672083677022117e6
3.297439768908551e6
3.32795089918508e6
3.3587443468392813e6
3.3898227241279995e6
3.421188667479001e6
3.4528448377146656e6
3.48479392027769e6
3.5170386254590824e6
3.5495816886273017e6
3.5824258704614793e6
3.615573957184846e6
3.6490287608012417e6
3.682793119333723e6
3.716869897065246e6
3.751261984781704e6
3.785972300017117e6
3.821003787301168e6
3.85635941840894e6
3.8920421926130746e6
3.9280551369381356e6
3.964401306417476e6
4.0010837843523077e6
4.0381056825733567e6
4.0754701417047516e6
4.113180331430534e6
4.1512394507634537e6
4.189650728316445e6
4.228417422576414e6
4.267542822180749e6
4.307030246196225e6
4.346883044400627e6
4.387104597566849e6
4.427698317749762e6
4.468667648575591e6
4.510016065534116e6
4.551747076273408e6
4.593864220897497e6
4.636371072266577e6
4.6792712363001825e6
4.722568352283014e6
4.766266093173722e6
4.810368165916428e6
4.854878311755259e6
4.899800306551633e6
4.945137961104672e6
4.990895121474372e6
5.037075669307968e6
5.0836835221691225e6
5.130722633870294e6
5.178196994808318e6
5.226110632302557e6
5.274467610936775e6
5.32327203290395e6
5.372528038354171e6
5.4222398057459695e6
5.472411552200638e6
5.5230475338601135e6
5.574152046247923e6
5.625729424633649e6
5.67778404440064e6
5.730320321417238e6
5.783342712411312e6
5.836855715348411e6
5.890863869813222e6
5.945371757394807e6
6.0003840020751115e6
6.055905270621365e6
6.111940272981842e6
6.168493762685527e6
6.225570537245252e6
6.283175438564788e6
6.341313353349457e6
6.399989213520812e6
6.45920799663492e6
6.518974726304658e6
6.579294472625872e6
6.640172352607438e6
6.701613530605411e6
6.76362321876104e6
6.826206677443013e6
6.889369215693604e6
6.953116191679143e6
7.017453013144445e6
7.082385137871674e6
7.147918074143223e6
7.214057381209076e6
7.280808669758327e6
7.348177602395222e6
7.416169894119434e6
7.48479131281098e6
7.554047679719386e6
7.623944869957655e6
7.694488813000505e6
7.765685493187541e6
7.8375409502307335e6
7.910061279726942e6
7.983252633674872e6
8.057121220984355e6
8.131673308053166e6
8.206915219224351e6
8.282853337386275e6
8.3594941044439655e6
8.43684402195169e6
8.514909651607782e6
8.59369761582522e6
8.673214598293517e6
8.753467344545584e6
8.83446266253012e6
8.916207423188932e6
8.998708561040012e6
9.081973074765634e6
9.166008027806204e6
9.250820548959289e6
9.336417832984552e6
9.422807141213916e6
9.509995802167704e6
9.597991212176178e6
9.686800836007118e6
9.776432207498934e6
9.866892930199899e6
9.958190678013034e6
1.0050333195847232e7
1.0143328300274132e7
1.0237183880191313e7
1.0331907897491425e7
1.0427508387737755e7
1.0523993460845655e7
1.0621371301770777e7
1.0719650171203194e7
1.0818838406268332e7
1.0918944421234049e7
1.1019976708224628e7
1.1121943837940954e7
1.1224854460387774e7
1.1328717305607332e7
1.143354118442005e7
1.1539334989171885e7
1.1646107694488777e7
1.1753868358037824e7
1.1862626121295817e7
1.197239021032457e7
1.2083169936553756e7
1.2194974697570672e7
1.2307813977917269e7
1.2421697349895239e7
1.2536634474377569e7
1.2652635101628361e7
1.2769709072129749e7
1.2887866317416871e7
1.3007116860920243e7
1.312747081881613e7
1.3248938400884606e7
1.3371529911375845e7
1.3495255749884037e7
1.3620126412229754e7
1.37461524913502e7
1.3873344678197946e7
1.4001713762647703e7
1.4131270634411827e7
1.4262026283963906e7
1.4393991803471258e7
1.4527178387735752e7
1.466159733514364e7
1.4797260048623795e7
1.4934178036615262e7
1.507236291404334e7
1.5211826403305057e7
1.535258033526339e7
1.5494636650251132e7
1.5638007399083558e7
1.5782704744080942e7
1.592874096010008e7
1.6076128435575783e7
1.6224879673571574e7
1.6375007292840613e7
1.6526524028895877e7
1.6679442735090746e7
1.683377638370922e7
1.6989538067066498e7
1.7146740998619437e7
1.7305398514087714e7
1.746552407258481e7
1.7627131257760085e7
1.779023377895074e7
1.7954845472345166e7
1.8120980302156314e7
1.8288652361806642e7
1.8457875875123367e7
1.862866519754534e7
1.8801034817340635e7
1.8974999356834747e7
1.9150573573654905e7
1.932777236197613e7
1.9506610753788482e7
1.9687103920171537e7
1.9869267172581043e7
2.005311596414816e7
2.0238665890990015e7
2.042593269353306e7
2.0614932257847987e7
2.080568061699779e7
2.0998193952397443e7
2.119248859518697e7
2.1388581027616426e7
2.1586487884444557e7
2.1786225954349477e7
2.198781218135333e7
2.219126366625924e7
2.2396597668102354e7
2.2603831605613586e7
2.28129830586977e7
2.3024069769924153e7
2.3237109646032624e7
2.345212075945186e7
2.36691213498327e7
2.388812982559563e7
2.4109164765492085e7
2.433224492018075e7
2.4557389213818014e7
2.4784616745663524e7
2.5013946791700125e7
2.524539880626942e7
2.547899242372162e7
2.571474746008171e7
2.5952683914729957e7
2.6192821972098827e7
2.6435182003385063e7
2.66797845682779e7
2.692665041670298e7
2.717580049058299e7
2.742725592561359e7
2.7681038053057015e7
2.7937168401551064e7
2.819566869893592e7
2.8456560874096777e7
2.871986705882471e7
2.8985609589693468e7
2.925381100995504e7
2.952449407145127e7
2.979768173654464e7
3.0073397180065528e7
3.035166379127873e7
3.063250517586707e7
3.0915945157934412e7
3.1202007782023452e7
3.1490717315166943e7
3.178209824892915e7
3.207617530149523e7
3.2372973419764597e7
3.2672517781467967e7
3.297483379730243e7
3.3279947113087848e7
3.3587883611941636e7
3.389866941647522e7
3.421233089100926e7
3.452889464381095e7
3.484838752935055e7
3.517083665058001e7
3.54962693612316e7
3.582471326814017e7
3.615619623357947e7
3.6490746377634116e7
3.682839208057904e7
3.716916198528903e7
3.75130849996678e7
3.786019029910125e7
3.821050732893136e7
3.856406580695507e7
3.8920895725944385e7
3.928102735619151e7
3.964449124807594e7
4.0011318234656796e7
4.038153943428775e7
4.075518625325752e7
4.1132290388453335e7
4.151288383005059e7
4.1896998864225894e7
4.228466807589664e7
4.2675924351484455e7
4.30708008817057e7
4.34693311643865e7
4.387154900730486e7
4.427748853105846e7
4.4687184171958715e7
4.51006706849529e7
4.5517983146571495e7
4.5939156957904644e7
4.6364227847604506e7
4.679323187491679e7
4.722620543273913e7
4.766318525070894e7
4.810420839831847e7
4.854931228806022e7
4.89985346786001e7
4.945191367798111e7
4.9909487746855155e7
5.037129570174697e7
5.083737671834568e7
5.1307770334829144e7
5.178251645521728e7
5.226165535275777e7
5.2745227673341796e7
5.323327443895294e7
5.372583705114612e7
5.4222957294560745e7
5.472467734046443e7
5.523103975033113e7
5.5742087479451105e7
5.625786388057559e7
5.677841270759341e7
5.730377811924383e7
5.7834004682861574e7
5.8369137378158316e7
5.890922160103763e7
5.945430316744678e7
6.000442831726232e7
6.05596437182139e7
6.111999646984187e7
6.168553410749391e7
6.225630460635643e7
6.283235638552547e7
6.341373831211309e7
6.40004997053937e7
6.459269034098701e7
6.5190360407942615e7
6.579356070050321e7
6.6402342342762634e7
6.7016756978345186e7
6.763685672872856e7
6.826269419766408e7
6.889432247564058e7
6.95317951443868e7
7.017516628141786e7
7.08244904646218e7
7.147982277689028e7
7.214121881079039e7
7.280873467328191e7
7.348242699047533e7
7.41623529124371e7
7.484857011803636e7
7.554113681983897e7
7.624011176904482e7
7.694555426047266e7
7.765752419510484e7
7.837608185475159e7
7.910128825318721e7
7.983320491046537e7
8.057189391587704e7
8.131741793321913e7
8.206984020610917e7
8.282922456335104e7
8.359563542434958e7
8.436913780457476e7
8.514979732107788e7
8.59376801980571e7
8.67328532724761e7
8.753538399973303e7
8.834534045938379e7
8.916279136091632e7
8.998780604958034e7
9.08204545122687e7
9.166080738345599e7
9.250893595118895e7
9.336491216313519e7
9.422880863268542e7
9.510069864511476e7
9.598065616379803e7
9.686875583648553e7
9.776507300163409e7
9.86696836947998e7
9.958266465508617e7
1.0050409333165608e8
1.0143404789030004e8
1.0237260722006862e8
1.0331985093996301e8
1.0427585940569106e8
1.0524071371648234e8
1.0621449572196896e8
1.07197288029128e8
1.0818917400929031e8
1.0919023780521151e8
1.1020056433821175e8
1.1122023931537749e8
1.1224934923683435e8
1.1328798140308303e8
1.1433622392240675e8
1.1539416571834402e8
1.164618965372337e8
1.1753950695582667e8
1.1862708838897121e8
1.1972473309736605e8
1.2083253419538866e8
1.2195058565899254e8
1.2307898233368114e8
1.2421781994255108e8
1.2536719509441648e8
1.2652720529199998e8
1.2769794894020724e8
1.2887952535447249e8
1.3007203476918551e8
1.3127557834619257e8
1.3249025818338019e8
1.3371617732333425e8
1.3495343976208314e8
1.3620215045791778e8
1.374624153402973e8
1.387343413188334e8
1.4001803629236126e8
1.413136091580911e8
1.426211698208475e8
1.439408292023914e8
1.4527269925083104e8
1.46616892950117e8
1.47973524329629e8
1.4934270847384626e8
1.507245615321132e8
1.521192007284899e8
1.5352674437169868e8