1.
1.1
1.2
1.3
1.4
1.5
1.6
1.7000000000000002
1.8
1.9
2.
2.1
2.2
2.3
2.4000000000000004
2.5
2.6
2.7
2.8
2.9000000000000004
3.
3.1
3.2
3.3000000000000003
3.4000000000000004
3.5
3.6
3.7
3.8000000000000003
3.9000000000000004
4.
4.1
4.2
4.300000000000001
4.4
4.5
4.6
4.7
4.800000000000001
4.9
5.
5.1000000000000005
5.2
5.3
5.4
5.5
5.6000000000000005
5.7
5.800000000000001
5.9
6.
6.1000000000000005
6.2
6.300000000000001
6.4
6.5
6.6000000000000005
6.7
6.800000000000001
6.9
7.
7.1000000000000005
7.2
7.300000000000001
7.4
7.5
7.6000000000000005
7.7
7.800000000000001
7.9
8.
8.100000000000001
8.2
8.3
8.4
8.5
8.600000000000001
8.7
8.8
8.9
9.
9.1
9.200000000000001
9.3
9.4
9.5
9.6
9.700000000000001
9.8
9.9
10.
10.1
10.200000000000001
10.3
10.4
10.5
10.600000000000001
10.700000000000001
10.8
10.9
11.
11.100000000000001
11.200000000000001
11.3
11.4
11.5
11.600000000000001
11.700000000000001
11.8
11.9
12.
12.100000000000001
12.200000000000001
12.3
12.4
12.5
12.600000000000001
12.700000000000001
12.8
12.9
13.
13.100000000000001
13.200000000000001
13.3
13.4
13.5
13.600000000000001
13.700000000000001
13.8
13.9
14.
14.100000000000001
14.200000000000001
14.3
14.4
14.5
14.600000000000001
14.700000000000001
14.8
14.9
15.
15.100000000000001
15.200000000000001
15.3
15.4
15.5
15.600000000000001
15.700000000000001
15.8
15.9
16.
16.1
16.200000000000003
16.3
16.4
16.5
16.6
16.700000000000003
16.8
16.9
17.
17.1
17.2
17.3
17.400000000000002
17.5
17.6
17.7
17.8
17.900000000000002
18.
18.1
18.2
18.3
18.400000000000002
18.5
18.6
18.7
18.8
18.900000000000002
19.
19.1
19.2
19.3
19.400000000000002
19.5
19.6
19.7
19.8
19.900000000000002
20.
20.1
20.200000000000003
20.3
20.400000000000002
20.5
20.6
20.700000000000003
20.8
20.900000000000002
21.
21.1
21.200000000000003
21.3
21.400000000000002
21.5
21.6
21.700000000000003
21.8
21.900000000000002
22.
22.1
22.200000000000003
22.3
22.400000000000002
22.5
22.6
22.700000000000003
22.8
22.900000000000002
23.
23.1
23.200000000000003
23.3
23.400000000000002
23.5
23.6
23.700000000000003
23.8
23.900000000000002
24.
24.1
24.200000000000003
24.3
24.400000000000002
24.5
24.6
24.700000000000003
24.8
24.900000000000002
25.
25.1
25.200000000000003
25.3
25.400000000000002
25.5
25.6
25.700000000000003
25.8
25.900000000000002
26.
26.1
26.200000000000003
26.3
26.400000000000002
26.5
26.6
26.700000000000003
26.8
26.900000000000002
27.
27.1
27.200000000000003
27.3
27.400000000000002
27.5
27.6
27.700000000000003
27.8
27.900000000000002
28.
28.1
28.200000000000003
28.3
28.400000000000002
28.5
28.6
28.700000000000003
28.8
28.900000000000002
29.
29.1
29.200000000000003
29.3
29.400000000000002
29.5
29.6
29.700000000000003
29.8
29.900000000000002
30.
30.1
30.200000000000003
30.3
30.400000000000002
30.5
30.6
30.700000000000003
30.8
30.900000000000002
31.
31.1
31.200000000000003
31.3
31.400000000000002
31.5
31.6
31.700000000000003
31.8
31.900000000000002
32.
32.1
32.2
32.3
32.400000000000006
32.5
32.6
32.7
32.8
32.900000000000006
33.
33.1
33.2
33.300000000000004
33.4
33.5
33.6
33.7
33.800000000000004
33.9
34.
34.1
34.2
34.300000000000004
34.4
34.5
34.6
34.7
34.800000000000004
34.9
35.
35.1
35.2
35.300000000000004
35.4
35.5
35.6
35.7
35.800000000000004
35.9
36.
36.1
36.2
36.300000000000004
36.4
36.5
36.6
36.7
36.800000000000004
36.9
37.
37.1
37.2
37.300000000000004
37.4
37.5
37.6
37.7
37.800000000000004
37.9
38.
38.1
38.2
38.300000000000004
38.4
38.5
38.6
38.7
38.800000000000004
38.9
39.
39.1
39.2
39.300000000000004
39.400000000000006
39.5
39.6
39.7
39.800000000000004
39.900000000000006
40.
40.1
40.2
40.300000000000004
40.400000000000006
40.5
40.6
40.7
40.800000000000004
40.900000000000006
41.
41.1
41.2
41.300000000000004
41.400000000000006
41.5
41.6
41.7
41.800000000000004
41.900000000000006
42.
42.1
42.2
42.300000000000004
42.400000000000006
42.5
42.6
42.7
42.800000000000004
42.900000000000006
43.
43.1
43.2
43.300000000000004
43.400000000000006
43.5
43.6
43.7
43.800000000000004
43.900000000000006
44.
44.1
44.2
44.300000000000004
44.400000000000006
44.5
44.6
44.7
44.800000000000004
44.900000000000006
45.
45.1
45.2
45.300000000000004
45.400000000000006
45.5
45.6
45.7
45.800000000000004
45.900000000000006
46.
46.1
46.2
46.300000000000004
46.400000000000006
46.5
46.6
46.7
46.800000000000004
46.900000000000006
47.
47.1
47.2
47.300000000000004
47.400000000000006
47.5
47.6
47.7
47.800000000000004
47.900000000000006
48.
48.1
48.2
48.300000000000004
48.400000000000006
48.5
48.6
48.7
48.800000000000004
48.900000000000006
49.
49.1
49.2
49.300000000000004
49.400000000000006
49.5
49.6
49.7
49.800000000000004
49.900000000000006
50.
50.1
50.2
50.300000000000004
50.400000000000006
50.5
50.6
50.7
50.800000000000004
50.900000000000006
51.
51.1
51.2
51.300000000000004
51.400000000000006
51.5
51.6
51.7
51.800000000000004
51.900000000000006
52.
52.1
52.2
52.300000000000004
52.400000000000006
52.5
52.6
52.7
52.800000000000004
52.900000000000006
53.
53.1
53.2
53.300000000000004
53.400000000000006
53.5
53.6
53.7
53.800000000000004
53.900000000000006
54.
54.1
54.2
54.300000000000004
54.400000000000006
54.5
54.6
54.7
54.800000000000004
54.900000000000006
55.
55.1
55.2
55.300000000000004
55.400000000000006
55.5
55.6
55.7
55.800000000000004
55.900000000000006
56.
56.1
56.2
56.300000000000004
56.400000000000006
56.5
56.6
56.7
56.800000000000004
56.900000000000006
57.
57.1
57.2
57.300000000000004
57.400000000000006
57.5
57.6
57.7
57.800000000000004
57.900000000000006
58.
58.1
58.2
58.300000000000004
58.400000000000006
58.5
58.6
58.7
58.800000000000004
58.900000000000006
59.
59.1
59.2
59.300000000000004
59.400000000000006
59.5
59.6
59.7
59.800000000000004
59.900000000000006
60.
60.1
60.2
60.300000000000004
60.400000000000006
60.5
60.6
60.7
60.800000000000004
60.900000000000006
61.
61.1
61.2
61.300000000000004
61.400000000000006
61.5
61.6
61.7
61.800000000000004
61.900000000000006
62.
62.1
62.2
62.300000000000004
62.400000000000006
62.5
62.6
62.7
62.800000000000004
62.900000000000006
63.
63.1
63.2
63.300000000000004
63.400000000000006
63.5
63.6
63.7
63.800000000000004
63.900000000000006
64.
64.1
64.2
64.30000000000001
64.4
64.5
64.6
64.7
64.80000000000001
64.9
65.
65.10000000000001
65.2
65.3
65.4
65.5
65.60000000000001
65.7
65.8
65.9
66.
66.10000000000001
66.2
66.3
66.4
66.5
66.60000000000001
66.7
66.8
66.9
67.
67.10000000000001
67.2
67.3
67.4
67.5
67.60000000000001
67.7
67.8
67.9
68.
68.10000000000001
68.2
68.3
68.4
68.5
68.60000000000001
68.7
68.8
68.9
69.
69.10000000000001
69.2
69.3
69.4
69.5
69.60000000000001
69.7
69.8
69.9
70.
70.10000000000001
70.2
70.3
70.4
70.5
70.60000000000001
70.7
70.8
70.9
71.
71.10000000000001
71.2
71.3
71.4
71.5
71.60000000000001
71.7
71.8
71.9
72.
72.10000000000001
72.2
72.3
72.4
72.5
72.60000000000001
72.7
72.8
72.9
73.
73.10000000000001
73.2
73.3
73.4
73.5
73.60000000000001
73.7
73.8
73.9
74.
74.10000000000001
74.2
74.3
74.4
74.5
74.60000000000001
74.7
74.8
74.9
75.
75.10000000000001
75.2
75.3
75.4
75.5
75.60000000000001
75.7
75.8
75.9
76.
76.10000000000001
76.2
76.3
76.4
76.5
76.60000000000001
76.7
76.8
76.9
77.
77.10000000000001
77.2
77.3
77.4
77.5
77.60000000000001
77.7
77.80000000000001
77.9
78.
78.10000000000001
78.2
78.30000000000001
78.4
78.5
78.60000000000001
78.7
78.80000000000001
78.9
79.
79.10000000000001
79.2
79.30000000000001
79.4
79.5
79.60000000000001
79.7
79.80000000000001
79.9
80.
80.10000000000001
80.2
80.30000000000001
80.4
80.5
80.60000000000001
80.7
80.80000000000001
80.9
81.
81.10000000000001
81.2
81.30000000000001
81.4
81.5
81.60000000000001
81.7
81.80000000000001
81.9
82.
82.10000000000001
82.2
82.30000000000001
82.4
82.5
82.60000000000001
82.7
82.80000000000001
82.9
83.
83.10000000000001
83.2
83.30000000000001
83.4
83.5
83.60000000000001
83.7
83.80000000000001
83.9
84.
84.10000000000001
84.2
84.30000000000001
84.4
84.5
84.60000000000001
84.7
84.80000000000001
84.9
85.
85.10000000000001
85.2
85.30000000000001
85.4
85.5
85.60000000000001
85.7
85.80000000000001
85.9
86.
86.10000000000001
86.2
86.30000000000001
86.4
86.5
86.60000000000001
86.7
86.80000000000001
86.9
87.
87.10000000000001
87.2
87.30000000000001
87.4
87.5
87.60000000000001
87.7
87.80000000000001
87.9
88.
88.10000000000001
88.2
88.30000000000001
88.4
88.5
88.60000000000001
88.7
88.80000000000001
88.9
89.
89.10000000000001
89.2
89.30000000000001
89.4
89.5
89.60000000000001
89.7
89.80000000000001
89.9
90.
90.10000000000001
90.2
90.30000000000001
90.4
90.5
90.60000000000001
90.7
90.80000000000001
90.9
91.
91.10000000000001
91.2
91.30000000000001
91.4
91.5
91.60000000000001
91.7
91.80000000000001
91.9
92.
92.10000000000001
92.2
92.30000000000001
92.4
92.5
92.60000000000001
92.7
92.80000000000001
92.9
93.
93.10000000000001
93.2
93.30000000000001
93.4
93.5
93.60000000000001
93.7
93.80000000000001
93.9
94.
94.10000000000001
94.2
94.30000000000001
94.4
94.5
94.60000000000001
94.7
94.80000000000001
94.9
95.
95.10000000000001
95.2
95.30000000000001
95.4
95.5
95.60000000000001
95.7
95.80000000000001
95.9
96.
96.10000000000001
96.2
96.30000000000001
96.4
96.5
96.60000000000001
96.7
96.80000000000001
96.9
97.
97.10000000000001
97.2
97.30000000000001
97.4
97.5
97.60000000000001
97.7
97.80000000000001
97.9
98.
98.10000000000001
98.2
98.30000000000001
98.4
98.5
98.60000000000001
98.7
98.80000000000001
98.9
99.
99.10000000000001
99.2
99.30000000000001
99.4
99.5
99.60000000000001
99.7
99.80000000000001
99.9
100.
100.10000000000001
100.2
100.30000000000001
100.4
100.5
100.60000000000001
100.7
100.80000000000001
100.9
101.
101.10000000000001
101.2
101.30000000000001
101.4
101.5
101.60000000000001
101.7
101.80000000000001
101.9
102.
102.10000000000001
102.2
102.30000000000001
102.4
102.5
102.60000000000001
102.7
102.80000000000001
102.9
103.
103.10000000000001
103.2
103.30000000000001
103.4
103.5
103.60000000000001
103.7
103.80000000000001
103.9
104.
104.10000000000001
104.2
104.30000000000001
104.4
104.5
104.60000000000001
104.7
104.80000000000001
104.9
105.
105.10000000000001
105.2
105.30000000000001
105.4
105.5
105.60000000000001
105.7
105.80000000000001
105.9
106.
106.10000000000001
106.2
106.30000000000001
106.4
106.5
106.60000000000001
106.7
106.80000000000001
106.9
107.
107.10000000000001
107.2
107.30000000000001
107.4
107.5
107.60000000000001
107.7
107.80000000000001
107.9
108.
108.10000000000001
108.2
108.30000000000001
108.4
108.5
108.60000000000001
108.7
108.80000000000001
108.9
109.
109.10000000000001
109.2
109.30000000000001
109.4
109.5
109.60000000000001
109.7
109.80000000000001
109.9
110.
110.10000000000001
110.2
110.30000000000001
110.4
110.5
110.60000000000001
110.7
110.80000000000001
110.9
111.
111.10000000000001
111.2
111.30000000000001
111.4
111.5
111.60000000000001
111.7
111.80000000000001
111.9
112.
112.10000000000001
112.2
112.30000000000001
112.4
112.5
112.60000000000001
112.7
112.80000000000001
112.9
113.
113.10000000000001
113.2
113.30000000000001
113.4
113.5
113.60000000000001
113.7
113.80000000000001
113.9
114.
114.10000000000001
114.2
114.30000000000001
114.4
114.5
114.60000000000001
114.7
114.80000000000001
114.9
115.
115.10000000000001
115.2
115.30000000000001
115.4
115.5
115.60000000000001
115.7
115.80000000000001
115.9
116.
116.10000000000001
116.2
116.30000000000001
116.4
116.5
116.60000000000001
116.7
116.80000000000001
116.9
117.
117.10000000000001
117.2
117.30000000000001
117.4
117.5
117.60000000000001
117.7
117.80000000000001
117.9
118.
118.10000000000001
118.2
118.30000000000001
118.4
118.5
118.60000000000001
118.7
118.80000000000001
118.9
119.
119.10000000000001
119.2
119.30000000000001
119.4
119.5
119.60000000000001
119.7
119.80000000000001
119.9
120.
120.10000000000001
120.2
120.30000000000001
120.4
120.5
120.60000000000001
120.7
120.80000000000001
120.9
121.
121.10000000000001
121.2
121.30000000000001
121.4
121.5
121.60000000000001
121.7
121.80000000000001
121.9
122.
122.10000000000001
122.2
122.30000000000001
122.4
122.5
122.60000000000001
122.7
122.80000000000001
122.9
123.
123.10000000000001
123.2
123.30000000000001
123.4
123.5
123.60000000000001
123.7
123.80000000000001
123.9
124.
124.10000000000001
124.2
124.30000000000001
124.4
124.5
124.60000000000001
124.7
124.80000000000001
124.9
125.
125.10000000000001
125.2
125.30000000000001
125.4
125.5
125.60000000000001
125.7
125.80000000000001
125.9
126.
126.10000000000001
126.2
126.30000000000001
126.4
126.5
126.60000000000001
126.7
126.80000000000001
126.9
127.
127.10000000000001
127.2
127.30000000000001
127.4
127.5
127.60000000000001
127.7
127.80000000000001
127.9
128.
128.10000000000002
128.2
128.3
128.4
128.5
128.60000000000002
128.7
128.8
128.9
129.
129.1
129.20000000000002
129.3
129.4
129.5
129.6
129.70000000000002
129.8
129.9
130.
130.1
130.20000000000002
130.3
130.4
130.5
130.6
130.70000000000002
130.8
130.9
131.
131.1
131.20000000000002
131.3
131.4
131.5
131.6
131.70000000000002
131.8
131.9
132.
132.1
132.20000000000002
132.3
132.4
132.5
132.6
132.70000000000002
132.8
132.9
133.
133.1
133.20000000000002
133.3
133.4
133.5
133.6
133.70000000000002
133.8
133.9
134.
134.1
134.20000000000002
134.3
134.4
134.5
134.6
134.70000000000002
134.8
134.9
135.
135.1
135.20000000000002
135.3
135.4
135.5
135.6
135.70000000000002
135.8
135.9
136.
136.1
136.20000000000002
136.3
136.4
136.5
136.6
136.70000000000002
136.8
136.9
137.
137.1
137.20000000000002
137.3
137.4
137.5
137.6
137.70000000000002
137.8
137.9
138.
138.1
138.20000000000002
138.3
138.4
138.5
138.6
138.70000000000002
138.8
138.9
139.
139.1
139.20000000000002
139.3
139.4
139.5
139.6
139.70000000000002
139.8
139.9
140.
140.1
140.20000000000002
140.3
140.4
140.5
140.6
140.70000000000002
140.8
140.9
141.
141.1
141.20000000000002
141.3
141.4
141.5
141.6
141.70000000000002
141.8
141.9
142.
142.1
142.20000000000002
142.3
142.4
142.5
142.6
142.70000000000002
142.8
142.9
143.
143.1
143.20000000000002
143.3
143.4
143.5
143.6
143.70000000000002
143.8
143.9
144.
144.1
144.20000000000002
144.3
144.4
144.5
144.6
144.70000000000002
144.8
144.9
145.
145.1
145.20000000000002
145.3
145.4
145.5
145.6
145.70000000000002
145.8
145.9
146.
146.1
146.20000000000002
146.3
146.4
146.5
146.6
146.70000000000002
146.8
146.9
147.
147.1
147.20000000000002
147.3
147.4
147.5
147.6
147.70000000000002
147.8
147.9
148.
148.1
148.20000000000002
148.3
148.4
148.5
148.6
148.70000000000002
148.8
148.9
149.
149.1
149.20000000000002
149.3
149.4
149.5
149.6
149.70000000000002
149.8
149.9
150.
150.1
150.20000000000002
150.3
150.4
150.5
150.6
150.70000000000002
150.8
150.9
151.
151.1
151.20000000000002
151.3
151.4
151.5
151.6
151.70000000000002
151.8
151.9
152.
152.1
152.20000000000002
152.3
152.4
152.5
152.6
152.70000000000002
152.8
152.9
153.
153.1
153.20000000000002
153.3
153.4
153.5
153.6
153.70000000000002
153.8
153.9
154.
154.1
154.20000000000002
154.3
154.4
154.5
154.60000000000002
154.70000000000002
154.8
154.9
155.
155.10000000000002
155.20000000000002
155.3
155.4
155.5
155.60000000000002
155.70000000000002
155.8
155.9
156.
156.10000000000002
156.20000000000002
156.3
156.4
156.5
156.60000000000002
156.70000000000002
156.8
156.9
157.
157.10000000000002
157.20000000000002
157.3
157.4
157.5
157.60000000000002
157.70000000000002
157.8
157.9
158.
158.10000000000002
158.20000000000002
158.3
158.4
158.5
158.60000000000002
158.70000000000002
158.8
158.9
159.
159.10000000000002
159.20000000000002
159.3
159.4
159.5
159.60000000000002
159.70000000000002
159.8
159.9
160.
160.10000000000002
160.20000000000002
160.3
160.4
160.5
160.60000000000002
160.70000000000002
160.8
160.9
161.
161.10000000000002
161.20000000000002
161.3
161.4
161.5
161.60000000000002
161.70000000000002
161.8
161.9
162.
162.10000000000002
162.20000000000002
162.3
162.4
162.5
162.60000000000002
162.70000000000002
162.8
162.9
163.
163.10000000000002
163.20000000000002
163.3
163.4
163.5
163.60000000000002
163.70000000000002
163.8
163.9
164.
164.10000000000002
164.20000000000002
164.3
164.4
164.5
164.60000000000002
164.70000000000002
164.8
164.9
165.
165.10000000000002
165.20000000000002
165.3
165.4
165.5
165.60000000000002
165.70000000000002
165.8
165.9
166.
166.10000000000002
166.20000000000002
166.3
166.4
166.5
166.60000000000002
166.70000000000002
166.8
166.9
167.
167.10000000000002
167.20000000000002
167.3
167.4
167.5
167.60000000000002
167.70000000000002
167.8
167.9
168.
168.10000000000002
168.20000000000002
168.3
168.4
168.5
168.60000000000002
168.70000000000002
168.8
168.9
169.
169.10000000000002
169.20000000000002
169.3
169.4
169.5
169.60000000000002
169.70000000000002
169.8
169.9
170.
170.10000000000002
170.20000000000002
170.3
170.4
170.5
170.60000000000002
170.70000000000002
170.8
170.9
171.
171.10000000000002
171.20000000000002
171.3
171.4
171.5
171.60000000000002
171.70000000000002
171.8
171.9
172.
172.10000000000002
172.20000000000002
172.3
172.4
172.5
172.60000000000002
172.70000000000002
172.8
172.9
173.
173.10000000000002
173.20000000000002
173.3
173.4
173.5
173.60000000000002
173.70000000000002
173.8
173.9
174.
174.10000000000002
174.20000000000002
174.3
174.4
174.5
174.60000000000002
174.70000000000002
174.8
174.9
175.
175.10000000000002
175.20000000000002
175.3
175.4
175.5
175.60000000000002
175.70000000000002
175.8
175.9
176.
176.10000000000002
176.20000000000002
176.3
176.4
176.5
176.60000000000002
176.70000000000002
176.8
176.9
177.
177.10000000000002
177.20000000000002
177.3
177.4
177.5
177.60000000000002
177.70000000000002
177.8
177.9
178.
178.10000000000002
178.20000000000002
178.3
178.4
178.5
178.60000000000002
178.70000000000002
178.8
178.9
179.
179.10000000000002
179.20000000000002
179.3
179.4
179.5
179.60000000000002
179.70000000000002
179.8
179.9
180.
180.10000000000002
180.20000000000002
180.3
180.4
180.5
180.60000000000002
180.70000000000002
180.8
180.9
181.
181.10000000000002
181.20000000000002
181.3
181.4
181.5
181.60000000000002
181.70000000000002
181.8
181.9
182.
182.10000000000002
182.20000000000002
182.3
182.4
182.5
182.60000000000002
182.70000000000002
182.8
182.9
183.
183.10000000000002
183.20000000000002
183.3
183.4
183.5
183.60000000000002
183.70000000000002
183.8
183.9
184.
184.10000000000002
184.20000000000002
184.3
184.4
184.5
184.60000000000002
184.70000000000002
184.8
184.9
185.
185.10000000000002
185.20000000000002
185.3
185.4
185.5
185.60000000000002
185.70000000000002
185.8
185.9
186.
186.10000000000002
186.20000000000002
186.3
186.4
186.5
186.60000000000002
186.70000000000002
186.8
186.9
187.
187.10000000000002
187.20000000000002
187.3
187.4
187.5
187.60000000000002
187.70000000000002
187.8
187.9
188.
188.10000000000002
188.20000000000002
188.3
188.4
188.5
188.60000000000002
188.70000000000002
188.8
188.9
189.
189.10000000000002
189.20000000000002
189.3
189.4
189.5
189.60000000000002
189.70000000000002
189.8
189.9
190.
190.10000000000002
190.20000000000002
190.3
190.4
190.5
190.60000000000002
190.70000000000002
190.8
190.9
191.
191.10000000000002
191.20000000000002
191.3
191.4
191.5
191.60000000000002
191.70000000000002
191.8
191.9
192.
192.10000000000002
192.20000000000002
192.3
192.4
192.5
192.60000000000002
192.70000000000002
192.8
192.9
193.
193.10000000000002
193.20000000000002
193.3
193.4
193.5
193.60000000000002
193.70000000000002
193.8
193.9
194.
194.10000000000002
194.20000000000002
194.3
194.4
194.5
194.60000000000002
194.70000000000002
194.8
194.9
195.
195.10000000000002
195.20000000000002
195.3
195.4
195.5
195.60000000000002
195.70000000000002
195.8
195.9
196.
196.10000000000002
196.20000000000002
196.3
196.4
196.5
196.60000000000002
196.70000000000002
196.8
196.9
197.
197.10000000000002
197.20000000000002
197.3
197.4
197.5
197.60000000000002
197.70000000000002
197.8
197.9
198.
198.10000000000002
198.20000000000002
198.3
198.4
198.5
198.60000000000002
198.70000000000002
198.8
198.9
199.
199.10000000000002
199.20000000000002
199.3
199.4
199.5
199.60000000000002
199.70000000000002
199.8
199.9
200.
200.10000000000002
200.20000000000002
200.3
200.4
200.5
200.60000000000002
200.70000000000002
200.8
200.9
201.
201.10000000000002
201.20000000000002
201.3
201.4
201.5
201.60000000000002
201.70000000000002
201.8
201.9
202.
202.10000000000002
202.20000000000002
202.3
202.4
202.5
202.60000000000002
202.70000000000002
202.8
202.9
203.
203.10000000000002
203.20000000000002
203.3
203.4
203.5
203.60000000000002
203.70000000000002
203.8
203.9
204.
204.10000000000002
204.20000000000002
204.3
204.4
204.5
204.60000000000002
204.70000000000002
204.8
204.9
205.
205.10000000000002
205.20000000000002
205.3
205.4
205.5
205.60000000000002
205.70000000000002
205.8
205.9
206.
206.10000000000002
206.20000000000002
206.3
206.4
206.5
206.60000000000002
206.70000000000002
206.8
206.9
207.
207.10000000000002
207.20000000000002
207.3
207.4
207.5
207.60000000000002
207.70000000000002
207.8
207.9
208.
208.10000000000002
208.20000000000002
208.3
208.4
208.5
208.60000000000002
208.70000000000002
208.8
208.9
209.
209.10000000000002
209.20000000000002
209.3
209.4
209.5
209.60000000000002
209.70000000000002
209.8
209.9
210.
210.10000000000002
210.20000000000002
210.3
210.4
210.5
210.60000000000002
210.70000000000002
210.8
210.9
211.
211.10000000000002
211.20000000000002
211.3
211.4
211.5
211.60000000000002
211.70000000000002
211.8
211.9
212.
212.10000000000002
212.20000000000002
212.3
212.4
212.5
212.60000000000002
212.70000000000002
212.8
212.9
213.
213.10000000000002
213.20000000000002
213.3
213.4
213.5
213.60000000000002
213.70000000000002
213.8
213.9
214.
214.10000000000002
214.20000000000002
214.3
214.4
214.5
214.60000000000002
214.70000000000002
214.8
214.9
215.
215.10000000000002
215.20000000000002
215.3
215.4
215.5
215.60000000000002
215.70000000000002
215.8
215.9
216.
216.10000000000002
216.20000000000002
216.3
216.4
216.5
216.60000000000002
216.70000000000002
216.8
216.9
217.
217.10000000000002
217.20000000000002
217.3
217.4
217.5
217.60000000000002
217.70000000000002
217.8
217.9
218.
218.10000000000002
218.20000000000002
218.3
218.4
218.5
218.60000000000002
218.70000000000002
218.8
218.9
219.
219.10000000000002
219.20000000000002
219.3
219.4
219.5
219.60000000000002
219.70000000000002
219.8
219.9
220.
220.10000000000002
220.20000000000002
220.3
220.4
220.5
220.60000000000002
220.70000000000002
220.8
220.9
221.
221.10000000000002
221.20000000000002
221.3
221.4
221.5
221.60000000000002
221.70000000000002
221.8
221.9
222.
222.10000000000002
222.20000000000002
222.3
222.4
222.5
222.60000000000002
222.70000000000002
222.8
222.9
223.
223.10000000000002
223.20000000000002
223.3
223.4
223.5
223.60000000000002
223.70000000000002
223.8
223.9
224.
224.10000000000002
224.20000000000002
224.3
224.4
224.5
224.60000000000002
224.70000000000002
224.8
224.9
225.
225.10000000000002
225.20000000000002
225.3
225.4
225.5
225.60000000000002
225.70000000000002
225.8
225.9
226.
226.10000000000002
226.20000000000002
226.3
226.4
226.5
226.60000000000002
226.70000000000002
226.8
226.9
227.
227.10000000000002
227.20000000000002
227.3
227.4
227.5
227.60000000000002
227.70000000000002
227.8
227.9
228.
228.10000000000002
228.20000000000002
228.3
228.4
228.5
228.60000000000002
228.70000000000002
228.8
228.9
229.
229.10000000000002
229.20000000000002
229.3
229.4
229.5
229.60000000000002
229.70000000000002
229.8
229.9
230.
230.10000000000002
230.20000000000002
230.3
230.4
230.5
230.60000000000002
230.70000000000002
230.8
230.9
231.
231.10000000000002
231.20000000000002
231.3
231.4
231.5
231.60000000000002
231.70000000000002
231.8
231.9
232.
232.10000000000002
232.20000000000002
232.3
232.4
232.5
232.60000000000002
232.70000000000002
232.8
232.9
233.
233.10000000000002
233.20000000000002
233.3
233.4
233.5
233.60000000000002
233.70000000000002
233.8
233.9
234.
234.10000000000002
234.20000000000002
234.3
234.4
234.5
234.60000000000002
234.70000000000002
234.8
234.9
235.
235.10000000000002
235.20000000000002
235.3
235.4
235.5
235.60000000000002
235.70000000000002
235.8
235.9
236.
236.10000000000002
236.20000000000002
236.3
236.4
236.5
236.60000000000002
236.70000000000002
236.8
236.9
237.
237.10000000000002
237.20000000000002
237.3
237.4
237.5
237.60000000000002
237.70000000000002
237.8
237.9
238.
238.10000000000002
238.20000000000002
238.3
238.4
238.5
238.60000000000002
238.70000000000002
238.8
238.9
239.
239.10000000000002
239.20000000000002
239.3
239.4
239.5
239.60000000000002
239.70000000000002
239.8
239.9
240.
240.10000000000002
240.20000000000002
240.3
240.4
240.5
240.60000000000002
240.70000000000002
240.8
240.9
241.
241.10000000000002
241.20000000000002
241.3
241.4
241.5
241.60000000000002
241.70000000000002
241.8
241.9
242.
242.10000000000002
242.20000000000002
242.3
242.4
242.5
242.60000000000002
242.70000000000002
242.8
242.9
243.
243.10000000000002
243.20000000000002
243.3
243.4
243.5
243.60000000000002
243.70000000000002
243.8
243.9
244.
244.10000000000002
244.20000000000002
244.3
244.4
244.5
244.60000000000002
244.70000000000002
244.8
244.9
245.
245.10000000000002
245.20000000000002
245.3
245.4
245.5
245.60000000000002
245.70000000000002
245.8
245.9
246.
246.10000000000002
246.20000000000002
246.3
246.4
246.5
246.60000000000002
246.70000000000002
246.8
246.9
247.
247.10000000000002
247.20000000000002
247.3
247.4
247.5
247.60000000000002
247.70000000000002
247.8
247.9
248.
248.10000000000002
248.20000000000002
248.3
248.4
248.5
248.60000000000002
248.70000000000002
248.8
248.9
249.
249.10000000000002
249.20000000000002
249.3
249.4
249.5
249.60000000000002
249.70000000000002
249.8
249.9
250.
250.10000000000002
250.20000000000002
250.3
250.4
250.5
250.60000000000002
250.70000000000002
250.8
250.9
251.
251.10000000000002
251.20000000000002
251.3
251.4
251.5
251.60000000000002
251.70000000000002
251.8
251.9
252.
252.10000000000002
252.20000000000002
252.3
252.4
252.5
252.60000000000002
252.70000000000002
252.8
252.9
253.
253.10000000000002
253.20000000000002
253.3
253.4
253.5
253.60000000000002
253.70000000000002
253.8
253.9
254.
254.10000000000002
254.20000000000002
254.3
254.4
254.5
254.60000000000002
254.70000000000002
254.8
254.9
255.
255.10000000000002
255.20000000000002
255.3
255.4
255.5
255.60000000000002
255.70000000000002
255.8
255.9
256.
256.1
256.20000000000005
256.3
256.4
256.5
256.6
256.70000000000005
256.8
256.9
257.
257.1
257.2
257.3
257.40000000000003
257.5
257.6
257.7
257.8
257.90000000000003
258.
258.1
258.2
258.3
258.40000000000003
258.5
258.6
258.7
258.8
258.90000000000003
259.
259.1
259.2
259.3
259.40000000000003
259.5
259.6
259.7
259.8
259.90000000000003
260.
260.1
260.2
260.3
260.40000000000003
260.5
260.6
260.7
260.8
260.90000000000003
261.
261.1
261.2
261.3
261.40000000000003
261.5
261.6
261.7
261.8
261.90000000000003
262.
262.1
262.2
262.3
262.40000000000003
262.5
262.6
262.7
262.8
262.90000000000003
263.
263.1
263.2
263.3
263.40000000000003
263.5
263.6
263.7
263.8
263.90000000000003
264.
264.1
264.2
264.3
264.40000000000003
264.5
264.6
264.7
264.8
264.90000000000003
265.
265.1
265.2
265.3
265.40000000000003
265.5
265.6
265.7
265.8
265.90000000000003
266.
266.1
266.2
266.3
266.40000000000003
266.5
266.6
266.7
266.8
266.90000000000003
267.
267.1
267.2
267.3
267.40000000000003
267.5
267.6
267.7
267.8
267.90000000000003
268.
268.1
268.2
268.3
268.40000000000003
268.5
268.6
268.7
268.8
268.90000000000003
269.
269.1
269.2
269.3
269.40000000000003
269.5
269.6
269.7
269.8
269.90000000000003
270.
270.1
270.2
270.3
270.40000000000003
270.5
270.6
270.7
270.8
270.90000000000003
271.
271.1
271.2
271.3
271.40000000000003
271.5
271.6
271.7
271.8
271.90000000000003
272.
272.1
272.2
272.3
272.40000000000003
272.5
272.6
272.7
272.8
272.90000000000003
273.
273.1
273.2
273.3
273.40000000000003
273.5
273.6
273.7
273.8
273.90000000000003
274.
274.1
274.2
274.3
274.40000000000003
274.5
274.6
274.7
274.8
274.90000000000003
275.
275.1
275.2
275.3
275.40000000000003
275.5
275.6
275.7
275.8
275.90000000000003
276.
276.1
276.2
276.3
276.40000000000003
276.5
276.6
276.7
276.8
276.90000000000003
277.
277.1
277.2
277.3
277.40000000000003
277.5
277.6
277.7
277.8
277.90000000000003
278.
278.1
278.2
278.3
278.40000000000003
278.5
278.6
278.7
278.8
278.90000000000003
279.
279.1
279.2
279.3
279.40000000000003
279.5
279.6
279.7
279.8
279.90000000000003
280.
280.1
280.2
280.3
280.40000000000003
280.5
280.6
280.7
280.8
280.90000000000003
281.
281.1
281.2
281.3
281.40000000000003
281.5
281.6
281.7
281.8
281.90000000000003
282.
282.1
282.2
282.3
282.40000000000003
282.5
282.6
282.7
282.8
282.90000000000003
283.
283.1
283.2
283.3
283.40000000000003
283.5
283.6
283.7
283.8
283.90000000000003
284.
284.1
284.2
284.3
284.40000000000003
284.5
284.6
284.7
284.8
284.90000000000003
285.
285.1
285.2
285.3
285.40000000000003
285.5
285.6
285.7
285.8
285.90000000000003
286.
286.1
286.2
286.3
286.40000000000003
286.5
286.6
286.7
286.8
286.90000000000003
287.
287.1
287.2
287.3
287.40000000000003
287.5
287.6
287.7
287.8
287.90000000000003
288.
288.1
288.2
288.3
288.40000000000003
288.5
288.6
288.7
288.8
288.90000000000003
289.
289.1
289.2
289.3
289.40000000000003
289.5
289.6
289.7
289.8
289.90000000000003
290.
290.1
290.2
290.3
290.40000000000003
290.5
290.6
290.7
290.8
290.90000000000003
291.
291.1
291.2
291.3
291.40000000000003
291.5
291.6
291.7
291.8
291.90000000000003
292.
292.1
292.2
292.3
292.40000000000003
292.5
292.6
292.7
292.8
292.90000000000003
293.
293.1
293.2
293.3
293.40000000000003
293.5
293.6
293.7
293.8
293.90000000000003
294.
294.1
294.2
294.3
294.40000000000003
294.5
294.6
294.7
294.8
294.90000000000003
295.
295.1
295.2
295.3
295.40000000000003
295.5
295.6
295.7
295.8
295.90000000000003
296.
296.1
296.2
296.3
296.40000000000003
296.5
296.6
296.7
296.8
296.90000000000003
297.
297.1
297.2
297.3
297.40000000000003
297.5
297.6
297.7
297.8
297.90000000000003
298.
298.1
298.2
298.3
298.40000000000003
298.5
298.6
298.7
298.8
298.90000000000003
299.
299.1
299.2
299.3
299.40000000000003
299.5
299.6
299.7
299.8
299.90000000000003
300.
300.1
300.2
300.3
300.40000000000003
300.5
300.6
300.7
300.8
300.90000000000003
301.
301.1
301.2
301.3
301.40000000000003
301.5
301.6
301.7
301.8
301.90000000000003
302.
302.1
302.2
302.3
302.40000000000003
302.5
302.6
302.7
302.8
302.90000000000003
303.
303.1
303.2
303.3
303.40000000000003
303.5
303.6
303.7
303.8
303.90000000000003
304.
304.1
304.2
304.3
304.40000000000003
304.5
304.6
304.7
304.8
304.90000000000003
305.
305.1
305.2
305.3
305.40000000000003
305.5
305.6
305.7
305.8
305.90000000000003
306.
306.1
306.2
306.3
306.40000000000003
306.5
306.6
306.7
306.8
306.90000000000003
307.
307.1
307.2
307.3
307.40000000000003
307.5
307.6
307.7
307.8
307.90000000000003
308.
308.1
308.20000000000005
308.3
308.40000000000003
308.5
308.6
308.70000000000005
308.8
308.90000000000003
309.
309.1
309.20000000000005
309.3
309.40000000000003
309.5
309.6
309.70000000000005
309.8
309.90000000000003
310.
310.1
310.20000000000005
310.3
310.40000000000003
310.5
310.6
310.70000000000005
310.8
310.90000000000003
311.
311.1
311.20000000000005
311.3
311.40000000000003
311.5
311.6
311.70000000000005
311.8
311.90000000000003
312.
312.1
312.20000000000005
312.3
312.40000000000003
312.5
312.6
312.70000000000005
312.8
312.90000000000003
313.
313.1
313.20000000000005
313.3
313.40000000000003
313.5
313.6
313.70000000000005
313.8
313.90000000000003
314.
314.1
314.20000000000005
314.3
314.40000000000003
314.5
314.6
314.70000000000005
314.8
314.90000000000003
315.
315.1
315.20000000000005
315.3
315.40000000000003
315.5
315.6
315.70000000000005
315.8
315.90000000000003
316.
316.1
316.20000000000005
316.3
316.40000000000003
316.5
316.6
316.70000000000005
316.8
316.90000000000003
317.
317.1
317.20000000000005
317.3
317.40000000000003
317.5
317.6
317.70000000000005
317.8
317.90000000000003
318.
318.1
318.20000000000005
318.3
318.40000000000003
318.5
318.6
318.70000000000005
318.8
318.90000000000003
319.
319.1
319.20000000000005
319.3
319.40000000000003
319.5
319.6
319.70000000000005
319.8
319.90000000000003
320.
320.1
320.20000000000005
320.3
320.40000000000003
320.5
320.6
320.70000000000005
320.8
320.90000000000003
321.
321.1
321.20000000000005
321.3
321.40000000000003
321.5
321.6
321.70000000000005
321.8
321.90000000000003
322.
322.1
322.20000000000005
322.3
322.40000000000003
322.5
322.6
322.70000000000005
322.8
322.90000000000003
323.
323.1
323.20000000000005
323.3
323.40000000000003
323.5
323.6
323.70000000000005
323.8
323.90000000000003
324.
324.1
324.20000000000005
324.3
324.40000000000003
324.5
324.6
324.70000000000005
324.8
324.90000000000003
325.
325.1
325.20000000000005
325.3
325.40000000000003
325.5
325.6
325.70000000000005
325.8
325.90000000000003
326.
326.1
326.20000000000005
326.3
326.40000000000003
326.5
326.6
326.70000000000005
326.8
326.90000000000003
327.
327.1
327.20000000000005
327.3
327.40000000000003
327.5
327.6
327.70000000000005
327.8
327.90000000000003
328.
328.1
328.20000000000005
328.3
328.40000000000003
328.5
328.6
328.70000000000005
328.8
328.90000000000003
329.
329.1
329.20000000000005
329.3
329.40000000000003
329.5
329.6
329.70000000000005
329.8
329.90000000000003
330.
330.1
330.20000000000005
330.3
330.40000000000003
330.5
330.6
330.70000000000005
330.8
330.90000000000003
331.
331.1
331.20000000000005
331.3
331.40000000000003
331.5
331.6
331.70000000000005
331.8
331.90000000000003
332.
332.1
332.20000000000005
332.3
332.40000000000003
332.5
332.6
332.70000000000005
332.8
332.90000000000003
333.
333.1
333.20000000000005
333.3
333.40000000000003
333.5
333.6
333.70000000000005
333.8
333.90000000000003
334.
334.1
334.20000000000005
334.3
334.40000000000003
334.5
334.6
334.70000000000005
334.8
334.90000000000003
335.
335.1
335.20000000000005
335.3
335.40000000000003
335.5
335.6
335.70000000000005
335.8
335.90000000000003
336.
336.1
336.20000000000005
336.3
336.40000000000003
336.5
336.6
336.70000000000005
336.8
336.90000000000003
337.
337.1
337.20000000000005
337.3
337.40000000000003
337.5
337.6
337.70000000000005
337.8
337.90000000000003
338.
338.1
338.20000000000005
338.3
338.40000000000003
338.5
338.6
338.70000000000005
338.8
338.90000000000003
339.
339.1
339.20000000000005
339.3
339.40000000000003
339.5
339.6
339.70000000000005
339.8
339.90000000000003
340.
340.1
340.20000000000005
340.3
340.40000000000003
340.5
340.6
340.70000000000005
340.8
340.90000000000003
341.
341.1
341.20000000000005
341.3
341.40000000000003
341.5
341.6
341.70000000000005
341.8
341.90000000000003
342.
342.1
342.20000000000005
342.3
342.40000000000003
342.5
342.6
342.70000000000005
342.8
342.90000000000003
343.
343.1
343.20000000000005
343.3
343.40000000000003
343.5
343.6
343.70000000000005
343.8
343.90000000000003
344.
344.1
344.20000000000005
344.3
344.40000000000003
344.5
344.6
344.70000000000005
344.8
344.90000000000003
345.
345.1
345.20000000000005
345.3
345.40000000000003
345.5
345.6
345.70000000000005
345.8
345.90000000000003
346.
346.1
346.20000000000005
346.3
346.40000000000003
346.5
346.6
346.70000000000005
346.8
346.90000000000003
347.
347.1
347.20000000000005
347.3
347.40000000000003
347.5
347.6
347.70000000000005
347.8
347.90000000000003
348.
348.1
348.20000000000005
348.3
348.40000000000003
348.5
348.6
348.70000000000005
348.8
348.90000000000003
349.
349.1
349.20000000000005
349.3
349.40000000000003
349.5
349.6
349.70000000000005
349.8
349.90000000000003
350.
350.1
350.20000000000005
350.3
350.40000000000003
350.5
350.6
350.70000000000005
350.8
350.90000000000003
351.
351.1
351.20000000000005
351.3
351.40000000000003
351.5
351.6
351.70000000000005
351.8
351.90000000000003
352.
352.1
352.20000000000005
352.3
352.40000000000003
352.5
352.6
352.70000000000005
352.8
352.90000000000003
353.
353.1
353.20000000000005
353.3
353.40000000000003
353.5
353.6
353.70000000000005
353.8
353.90000000000003
354.
354.1
354.20000000000005
354.3
354.40000000000003
354.5
354.6
354.70000000000005
354.8
354.90000000000003
355.
355.1
355.20000000000005
355.3
355.40000000000003
355.5
355.6
355.70000000000005
355.8
355.90000000000003
356.
356.1
356.20000000000005
356.3
356.40000000000003
356.5
356.6
356.70000000000005
356.8
356.90000000000003
357.
357.1
357.20000000000005
357.3
357.40000000000003
357.5
357.6
357.70000000000005
357.8
357.90000000000003
358.
358.1
358.20000000000005
358.3
358.40000000000003
358.5
358.6
358.70000000000005
358.8
358.90000000000003
359.
359.1
359.20000000000005
359.3
359.40000000000003
359.5
359.6
359.70000000000005
359.8
359.90000000000003
360.
360.1
360.20000000000005
360.3
360.40000000000003
360.5
360.6
360.70000000000005
360.8
360.90000000000003
361.
361.1
361.20000000000005
361.3
361.40000000000003
361.5
361.6
361.70000000000005
361.8
361.90000000000003
362.
362.1
362.20000000000005
362.3
362.40000000000003
362.5
362.6
362.70000000000005
362.8
362.90000000000003
363.
363.1
363.20000000000005
363.3
363.40000000000003
363.5
363.6
363.70000000000005
363.8
363.90000000000003
364.
364.1
364.20000000000005
364.3
364.40000000000003
364.5
364.6
364.70000000000005
364.8
364.90000000000003
365.
365.1
365.20000000000005
365.3
365.40000000000003
365.5
365.6
365.70000000000005
365.8
365.90000000000003
366.
366.1
366.20000000000005
366.3
366.40000000000003
366.5
366.6
366.70000000000005
366.8
366.90000000000003
367.
367.1
367.20000000000005
367.3
367.40000000000003
367.5
367.6
367.70000000000005
367.8
367.90000000000003
368.
368.1
368.20000000000005
368.3
368.40000000000003
368.5
368.6
368.70000000000005
368.8
368.90000000000003
369.
369.1
369.20000000000005
369.3
369.40000000000003
369.5
369.6
369.70000000000005
369.8
369.90000000000003
370.
370.1
370.20000000000005
370.3
370.40000000000003
370.5
370.6
370.70000000000005
370.8
370.90000000000003
371.
371.1
371.20000000000005
371.3
371.40000000000003
371.5
371.6
371.70000000000005
371.8
371.90000000000003
372.
372.1
372.20000000000005
372.3
372.40000000000003
372.5
372.6
372.70000000000005
372.8
372.90000000000003
373.
373.1
373.20000000000005
373.3
373.40000000000003
373.5
373.6
373.70000000000005
373.8
373.90000000000003
374.
374.1
374.20000000000005
374.3
374.40000000000003
374.5
374.6
374.70000000000005
374.8
374.90000000000003
375.
375.1
375.20000000000005
375.3
375.40000000000003
375.5
375.6
375.70000000000005
375.8
375.90000000000003
376.
376.1
376.20000000000005
376.3
376.40000000000003
376.5
376.6
376.70000000000005
376.8
376.90000000000003
377.
377.1
377.20000000000005
377.3
377.40000000000003
377.5
377.6
377.70000000000005
377.8
377.90000000000003
378.
378.1
378.20000000000005
378.3
378.40000000000003
378.5
378.6
378.70000000000005
378.8
378.90000000000003
379.
379.1
379.20000000000005
379.3
379.40000000000003
379.5
379.6
379.70000000000005
379.8
379.90000000000003
380.
380.1
380.20000000000005
380.3
380.40000000000003
380.5
380.6
380.70000000000005
380.8
380.90000000000003
381.
381.1
381.20000000000005
381.3
381.40000000000003
381.5
381.6
381.70000000000005
381.8
381.90000000000003
382.
382.1
382.20000000000005
382.3
382.40000000000003
382.5
382.6
382.70000000000005
382.8
382.90000000000003
383.
383.1
383.20000000000005
383.3
383.40000000000003
383.5
383.6
383.70000000000005
383.8
383.90000000000003
384.
384.1
384.20000000000005
384.3
384.40000000000003
384.5
384.6
384.70000000000005
384.8
384.90000000000003
385.
385.1
385.20000000000005
385.3
385.40000000000003
385.5
385.6
385.70000000000005
385.8
385.90000000000003
386.
386.1
386.20000000000005
386.3
386.40000000000003
386.5
386.6
386.70000000000005
386.8
386.90000000000003
387.
387.1
387.20000000000005
387.3
387.40000000000003
387.5
387.6
387.70000000000005
387.8
387.90000000000003
388.
388.1
388.20000000000005
388.3
388.40000000000003
388.5
388.6
388.70000000000005
388.8
388.90000000000003
389.
389.1
389.20000000000005
389.3
389.40000000000003
389.5
389.6
389.70000000000005
389.8
389.90000000000003
390.
390.1
390.20000000000005
390.3
390.40000000000003
390.5
390.6
390.70000000000005
390.8
390.90000000000003
391.
391.1
391.20000000000005
391.3
391.40000000000003
391.5
391.6
391.70000000000005
391.8
391.90000000000003
392.
392.1
392.20000000000005
392.3
392.40000000000003
392.5
392.6
392.70000000000005
392.8
392.90000000000003
393.
393.1
393.20000000000005
393.3
393.40000000000003
393.5
393.6
393.70000000000005
393.8
393.90000000000003
394.
394.1
394.20000000000005
394.3
394.40000000000003
394.5
394.6
394.70000000000005
394.8
394.90000000000003
395.
395.1
395.20000000000005
395.3
395.40000000000003
395.5
395.6
395.70000000000005
395.8
395.90000000000003
396.
396.1
396.20000000000005
396.3
396.40000000000003
396.5
396.6
396.70000000000005
396.8
396.90000000000003
397.
397.1
397.20000000000005
397.3
397.40000000000003
397.5
397.6
397.70000000000005
397.8
397.90000000000003
398.
398.1
398.20000000000005
398.3
398.40000000000003
398.5
398.6
398.70000000000005
398.8
398.90000000000003
399.
399.1
399.20000000000005
399.3
399.40000000000003
399.5
399.6
399.70000000000005
399.8
399.90000000000003
400.
400.1
400.20000000000005
400.3
400.40000000000003
400.5
400.6
400.70000000000005
400.8
400.90000000000003
401.
401.1
401.20000000000005
401.3
401.40000000000003
401.5
401.6
401.70000000000005
401.8
401.90000000000003
402.
402.1
402.20000000000005
402.3
402.40000000000003
402.5
402.6
402.70000000000005
402.8
402.90000000000003
403.
403.1
403.20000000000005
403.3
403.40000000000003
403.5
403.6
403.70000000000005
403.8
403.90000000000003
404.
404.1
404.20000000000005
404.3
404.40000000000003
404.5
404.6
404.70000000000005
404.8
404.90000000000003
405.
405.1
405.20000000000005
405.3
405.40000000000003
405.5
405.6
405.70000000000005
405.8
405.90000000000003
406.
406.1
406.20000000000005
406.3
406.40000000000003
406.5
406.6
406.70000000000005
406.8
406.90000000000003
407.
407.1
407.20000000000005
407.3
407.40000000000003
407.5
407.6
407.70000000000005
407.8
407.90000000000003
408.
408.1
408.20000000000005
408.3
408.40000000000003
408.5
408.6
408.70000000000005
408.8
408.90000000000003
409.
409.1
409.20000000000005
409.3
409.40000000000003
409.5
409.6
409.70000000000005
409.8
409.90000000000003
410.
410.1
410.20000000000005
410.3
410.40000000000003
410.5
410.6
410.70000000000005
410.8
410.90000000000003
411.
411.1
411.20000000000005
411.3
411.40000000000003
411.5
411.6
411.70000000000005
411.8
411.90000000000003
412.
412.1
412.20000000000005
412.3
412.40000000000003
412.5
412.6
412.70000000000005
412.8
412.90000000000003
413.
413.1
413.20000000000005
413.3
413.40000000000003
413.5
413.6
413.70000000000005
413.8
413.90000000000003
414.
414.1
414.20000000000005
414.3
414.40000000000003
414.5
414.6
414.70000000000005
414.8
414.90000000000003
415.
415.1
415.20000000000005
415.3
415.40000000000003
415.5
415.6
415.70000000000005
415.8
415.90000000000003
416.
416.1
416.20000000000005
416.3
416.40000000000003
416.5
416.6
416.70000000000005
416.8
416.90000000000003
417.
417.1
417.20000000000005
417.3
417.40000000000003
417.5
417.6
417.70000000000005
417.8
417.90000000000003
418.
418.1
418.20000000000005
418.3
418.40000000000003
418.5
418.6
418.70000000000005
418.8
418.90000000000003
419.
419.1
419.20000000000005
419.3
419.40000000000003
419.5
419.6
419.70000000000005
419.8
419.90000000000003
420.
420.1
420.20000000000005
420.3
420.40000000000003
420.5
420.6
420.70000000000005
420.8
420.90000000000003
421.
421.1
421.20000000000005
421.3
421.40000000000003
421.5
421.6
421.70000000000005
421.8
421.90000000000003
422.
422.1
422.20000000000005
422.3
422.40000000000003
422.5
422.6
422.70000000000005
422.8
422.90000000000003
423.
423.1
423.20000000000005
423.3
423.40000000000003
423.5
423.6
423.70000000000005
423.8
423.90000000000003
424.
424.1
424.20000000000005
424.3
424.40000000000003
424.5
424.6
424.70000000000005
424.8
424.90000000000003
425.
425.1
425.20000000000005
425.3
425.40000000000003
425.5
425.6
425.70000000000005
425.8
425.90000000000003
426.
426.1
426.20000000000005
426.3
426.40000000000003
426.5
426.6
426.70000000000005
426.8
426.90000000000003
427.
427.1
427.20000000000005
427.3
427.40000000000003
427.5
427.6
427.70000000000005
427.8
427.90000000000003
428.
428.1
428.20000000000005
428.3
428.40000000000003
428.5
428.6
428.70000000000005
428.8
428.90000000000003
429.
429.1
429.20000000000005
429.3
429.40000000000003
429.5
429.6
429.70000000000005
429.8
429.90000000000003
430.
430.1
430.20000000000005
430.3
430.40000000000003
430.5
430.6
430.70000000000005
430.8
430.90000000000003
431.
431.1
431.20000000000005
431.3
431.40000000000003
431.5
431.6
431.70000000000005
431.8
431.90000000000003
432.
432.1
432.20000000000005
432.3
432.40000000000003
432.5
432.6
432.70000000000005
432.8
432.90000000000003
433.
433.1
433.20000000000005
433.3
433.40000000000003
433.5
433.6
433.70000000000005
433.8
433.90000000000003
434.
434.1
434.20000000000005
434.3
434.40000000000003
434.5
434.6
434.70000000000005
434.8
434.90000000000003
435.
435.1
435.20000000000005
435.3
435.40000000000003
435.5
435.6
435.70000000000005
435.8
435.90000000000003
436.
436.1
436.20000000000005
436.3
436.40000000000003
436.5
436.6
436.70000000000005
436.8
436.90000000000003
437.
437.1
437.20000000000005
437.3
437.40000000000003
437.5
437.6
437.70000000000005
437.8
437.90000000000003
438.
438.1
438.20000000000005
438.3
438.40000000000003
438.5
438.6
438.70000000000005
438.8
438.90000000000003
439.
439.1
439.20000000000005
439.3
439.40000000000003
439.5
439.6
439.70000000000005
439.8
439.90000000000003
440.
440.1
440.20000000000005
440.3
440.40000000000003
440.5
440.6
440.70000000000005
440.8
440.90000000000003
441.
441.1
441.20000000000005
441.3
441.40000000000003
441.5
441.6
441.70000000000005
441.8
441.90000000000003
442.
442.1
442.20000000000005
442.3
442.40000000000003
442.5
442.6
442.70000000000005
442.8
442.90000000000003
443.
443.1
443.20000000000005
443.3
443.40000000000003
443.5
443.6
443.70000000000005
443.8
443.90000000000003
444.
444.1
444.20000000000005
444.3
444.40000000000003
444.5
444.6
444.70000000000005
444.8
444.90000000000003
445.
445.1
445.20000000000005
445.3
445.40000000000003
445.5
445.6
445.70000000000005
445.8
445.90000000000003
446.
446.1
446.20000000000005
446.3
446.40000000000003
446.5
446.6
446.70000000000005
446.8
446.90000000000003
447.
447.1
447.20000000000005
447.3
447.40000000000003
447.5
447.6
447.70000000000005
447.8
447.90000000000003
448.
448.1
448.20000000000005
448.3
448.40000000000003
448.5
448.6
448.70000000000005
448.8
448.90000000000003
449.
449.1
449.20000000000005
449.3
449.40000000000003
449.5
449.6
449.70000000000005
449.8
449.90000000000003
450.
450.1
450.20000000000005
450.3
450.40000000000003
450.5
450.6
450.70000000000005
450.8
450.90000000000003
451.
451.1
451.20000000000005
451.3
451.40000000000003
451.5
451.6
451.70000000000005
451.8
451.90000000000003
452.
452.1
452.20000000000005
452.3
452.40000000000003
452.5
452.6
452.70000000000005
452.8
452.90000000000003
453.
453.1
453.20000000000005
453.3
453.40000000000003
453.5
453.6
453.70000000000005
453.8
453.90000000000003
454.
454.1
454.20000000000005
454.3
454.40000000000003
454.5
454.6
454.70000000000005
454.8
454.90000000000003
455.
455.1
455.20000000000005
455.3
455.40000000000003
455.5
455.6
455.70000000000005
455.8
455.90000000000003
456.
456.1
456.20000000000005
456.3
456.40000000000003
456.5
456.6
456.70000000000005
456.8
456.90000000000003
457.
457.1
457.20000000000005
457.3
457.40000000000003
457.5
457.6
457.70000000000005
457.8
457.90000000000003
458.
458.1
458.20000000000005
458.3
458.40000000000003
458.5
458.6
458.70000000000005
458.8
458.90000000000003
459.
459.1
459.20000000000005
459.3
459.40000000000003
459.5
459.6
459.70000000000005
459.8
459.90000000000003
460.
460.1
460.20000000000005
460.3
460.40000000000003
460.5
460.6
460.70000000000005
460.8
460.90000000000003
461.
461.1
461.20000000000005
461.3
461.40000000000003
461.5
461.6
461.70000000000005
461.8
461.90000000000003
462.
462.1
462.20000000000005
462.3
462.40000000000003
462.5
462.6
462.70000000000005
462.8
462.90000000000003
463.
463.1
463.20000000000005
463.3
463.40000000000003
463.5
463.6
463.70000000000005
463.8
463.90000000000003
464.
464.1
464.20000000000005
464.3
464.40000000000003
464.5
464.6
464.70000000000005
464.8
464.90000000000003
465.
465.1
465.20000000000005
465.3
465.40000000000003
465.5
465.6
465.70000000000005
465.8
465.90000000000003
466.
466.1
466.20000000000005
466.3
466.40000000000003
466.5
466.6
466.70000000000005
466.8
466.90000000000003
467.
467.1
467.20000000000005
467.3
467.40000000000003
467.5
467.6
467.70000000000005
467.8
467.90000000000003
468.
468.1
468.20000000000005
468.3
468.40000000000003
468.5
468.6
468.70000000000005
468.8
468.90000000000003
469.
469.1
469.20000000000005
469.3
469.40000000000003
469.5
469.6
469.70000000000005
469.8
469.90000000000003
470.
470.1
470.20000000000005
470.3
470.40000000000003
470.5
470.6
470.70000000000005
470.8
470.90000000000003
471.
471.1
471.20000000000005
471.3
471.40000000000003
471.5
471.6
471.70000000000005
471.8
471.90000000000003
472.
472.1
472.20000000000005
472.3
472.40000000000003
472.5
472.6
472.70000000000005
472.8
472.90000000000003
473.
473.1
473.20000000000005
473.3
473.40000000000003
473.5
473.6
473.70000000000005
473.8
473.90000000000003
474.
474.1
474.20000000000005
474.3
474.40000000000003
474.5
474.6
474.70000000000005
474.8
474.90000000000003
475.
475.1
475.20000000000005
475.3
475.40000000000003
475.5
475.6
475.70000000000005
475.8
475.90000000000003
476.
476.1
476.20000000000005
476.3
476.40000000000003
476.5
476.6
476.70000000000005
476.8
476.90000000000003
477.
477.1
477.20000000000005
477.3
477.40000000000003
477.5
477.6
477.70000000000005
477.8
477.90000000000003
478.
478.1
478.20000000000005
478.3
478.40000000000003
478.5
478.6
478.70000000000005
478.8
478.90000000000003
479.
479.1
479.20000000000005
479.3
479.40000000000003
479.5
479.6
479.70000000000005
479.8
479.90000000000003
480.
480.1
480.20000000000005
480.3
480.40000000000003
480.5
480.6
480.70000000000005
480.8
480.90000000000003
481.
481.1
481.20000000000005
481.3
481.40000000000003
481.5
481.6
481.70000000000005
481.8
481.90000000000003
482.
482.1
482.20000000000005
482.3
482.40000000000003
482.5
482.6
482.70000000000005
482.8
482.90000000000003
483.
483.1
483.20000000000005
483.3
483.40000000000003
483.5
483.6
483.70000000000005
483.8
483.90000000000003
484.
484.1
484.20000000000005
484.3
484.40000000000003
484.5
484.6
484.70000000000005
484.8
484.90000000000003
485.
485.1
485.20000000000005
485.3
485.40000000000003
485.5
485.6
485.70000000000005
485.8
485.90000000000003
486.
486.1
486.20000000000005
486.3
486.40000000000003
486.5
486.6
486.70000000000005
486.8
486.90000000000003
487.
487.1
487.20000000000005
487.3
487.40000000000003
487.5
487.6
487.70000000000005
487.8
487.90000000000003
488.
488.1
488.20000000000005
488.3
488.40000000000003
488.5
488.6
488.70000000000005
488.8
488.90000000000003
489.
489.1
489.20000000000005
489.3
489.40000000000003
489.5
489.6
489.70000000000005
489.8
489.90000000000003
490.
490.1
490.20000000000005
490.3
490.40000000000003
490.5
490.6
490.70000000000005
490.8
490.90000000000003
491.
491.1
491.20000000000005
491.3
491.40000000000003
491.5
491.6
491.70000000000005
491.8
491.90000000000003
492.
492.1
492.20000000000005
492.3
492.40000000000003
492.5
492.6
492.70000000000005
492.8
492.90000000000003
493.
493.1
493.20000000000005
493.3
493.40000000000003
493.5
493.6
493.70000000000005
493.8
493.90000000000003
494.
494.1
494.20000000000005
494.3
494.40000000000003
494.5
494.6
494.70000000000005
494.8
494.90000000000003
495.
495.1
495.20000000000005
495.3
495.40000000000003
495.5
495.6
495.70000000000005
495.8
495.90000000000003
496.
496.1
496.20000000000005
496.3
496.40000000000003
496.5
496.6
496.70000000000005
496.8
496.90000000000003
497.
497.1
497.20000000000005
497.3
497.40000000000003
497.5
497.6
497.70000000000005
497.8
497.90000000000003
498.
498.1
498.20000000000005
498.3
498.40000000000003
498.5
498.6
498.70000000000005
498.8
498.90000000000003
499.
499.1
499.20000000000005
499.3
499.40000000000003
499.5
499.6
499.70000000000005
499.8
499.90000000000003
500.
500.1
500.20000000000005
500.3
500.40000000000003
500.5
500.6
500.70000000000005
500.8
500.90000000000003
501.
501.1
501.20000000000005
501.3
501.40000000000003
501.5
501.6
501.70000000000005
501.8
501.90000000000003
502.
502.1
502.20000000000005
502.3
502.40000000000003
502.5
502.6
502.70000000000005
502.8
502.90000000000003
503.
503.1
503.20000000000005
503.3
503.40000000000003
503.5
503.6
503.70000000000005
503.8
503.90000000000003
504.
504.1
504.20000000000005
504.3
504.40000000000003
504.5
504.6
504.70000000000005
504.8
504.90000000000003
505.
505.1
505.20000000000005
505.3
505.40000000000003
505.5
505.6
505.70000000000005
505.8
505.90000000000003
506.
506.1
506.20000000000005
506.3
506.40000000000003
506.5
506.6
506.70000000000005
506.8
506.90000000000003
507.
507.1
507.20000000000005
507.3
507.40000000000003
507.5
507.6
507.70000000000005
507.8
507.90000000000003
508.
508.1
508.20000000000005
508.3
508.40000000000003
508.5
508.6
508.70000000000005
508.8
508.90000000000003
509.
509.1
509.20000000000005
509.3
509.40000000000003
509.5
509.6
509.70000000000005
509.8
509.90000000000003
510.
510.1
510.20000000000005
510.3
510.40000000000003
510.5
510.6
510.70000000000005
510.8
510.90000000000003
511.
511.1
511.20000000000005
511.3
511.40000000000003
511.5
511.6
511.70000000000005
511.8
511.90000000000003
512.
512.1
512.2
512.3
512.4000000000001
512.5
512.6
512.7
512.8
512.9000000000001
513.
513.1
513.2
513.3000000000001
513.4
513.5
513.6
513.7
513.8000000000001
513.9
514.
514.1
514.2
514.3000000000001
514.4
514.5
514.6
514.7
514.8000000000001
514.9
515.
515.1
515.2
515.3000000000001
515.4
515.5
515.6
515.7
515.8000000000001
515.9
516.
516.1
516.2
516.3000000000001
516.4
516.5
516.6
516.7
516.8000000000001
516.9
517.
517.1
517.2
517.3000000000001
517.4
517.5
517.6
517.7
517.8000000000001
517.9
518.
518.1
518.2
518.3000000000001
518.4
518.5
518.6
518.7
518.8000000000001
518.9
519.
519.1
519.2
519.3000000000001
519.4
519.5
519.6
519.7
519.8000000000001
519.9
520.
520.1
520.2
520.3000000000001
520.4
520.5
520.6
520.7
520.8000000000001
520.9
521.
521.1
521.2
521.3000000000001
521.4
521.5
521.6
521.7
521.8000000000001
521.9
522.
522.1
522.2
522.3000000000001
522.4
522.5
522.6
522.7
522.8000000000001
522.9
523.
523.1
523.2
523.3000000000001
523.4
523.5
523.6
523.7
523.8000000000001
523.9
524.
524.1
524.2
524.3000000000001
524.4
524.5
524.6
524.7
524.8000000000001
524.9
525.
525.1
525.2
525.3000000000001
525.4
525.5
525.6
525.7
525.8000000000001
525.9
526.
526.1
526.2
526.3000000000001
526.4
526.5
526.6
526.7
526.8000000000001
526.9
527.
527.1
527.2
527.3000000000001
527.4
527.5
527.6
527.7
527.8000000000001
527.9
528.
528.1
528.2
528.3000000000001
528.4
528.5
528.6
528.7
528.8000000000001
528.9
529.
529.1
529.2
529.3000000000001
529.4
529.5
529.6
529.7
529.8000000000001
529.9
530.
530.1
530.2
530.3000000000001
530.4
530.5
530.6
530.7
530.8000000000001
530.9
531.
531.1
531.2
531.3000000000001
531.4
531.5
531.6
531.7
531.8000000000001
531.9
532.
532.1
532.2
532.3000000000001
532.4
532.5
532.6
532.7
532.8000000000001
532.9
533.
533.1
533.2
533.3000000000001
533.4
533.5
533.6
533.7
533.8000000000001
533.9
534.
534.1
534.2
534.3000000000001
534.4
534.5
534.6
534.7
534.8000000000001
534.9
535.
535.1
535.2
535.3000000000001
535.4
535.5
535.6
535.7
535.8000000000001
535.9
536.
536.1
536.2
536.3000000000001
536.4
536.5
536.6
536.7
536.8000000000001
536.9
537.
537.1
537.2
537.3000000000001
537.4
537.5
537.6
537.7
537.8000000000001
537.9
538.
538.1
538.2
538.3000000000001
538.4
538.5
538.6
538.7
538.8000000000001
538.9
539.
539.1
539.2
539.3000000000001
539.4
539.5
539.6
539.7
539.8000000000001
539.9
540.
540.1
540.2
540.3000000000001
540.4
540.5
540.6
540.7
540.8000000000001
540.9
541.
541.1
541.2
541.3000000000001
541.4
541.5
541.6
541.7
541.8000000000001
541.9
542.
542.1
542.2
542.3000000000001
542.4
542.5
542.6
542.7
542.8000000000001
542.9
543.
543.1
543.2
543.3000000000001
543.4
543.5
543.6
543.7
543.8000000000001
543.9
544.
544.1
544.2
544.3000000000001
544.4
544.5
544.6
544.7
544.8000000000001
544.9
545.
545.1
545.2
545.3000000000001
545.4
545.5
545.6
545.7
545.8000000000001
545.9
546.
546.1
546.2
546.3000000000001
546.4
546.5
546.6
546.7
546.8000000000001
546.9
547.
547.1
547.2
547.3000000000001
547.4
547.5
547.6
547.7
547.8000000000001
547.9
548.
548.1
548.2
548.3000000000001
548.4
548.5
548.6
548.7
548.8000000000001
548.9
549.
549.1
549.2
549.3000000000001
549.4
549.5
549.6
549.7
549.8000000000001
549.9
550.
550.1
550.2
550.3000000000001
550.4
550.5
550.6
550.7
550.8000000000001
550.9
551.
551.1
551.2
551.3000000000001
551.4
551.5
551.6
551.7
551.8000000000001
551.9
552.
552.1
552.2
552.3000000000001
552.4
552.5
552.6
552.7
552.8000000000001
552.9
553.
553.1
553.2
553.3000000000001
553.4
553.5
553.6
553.7
553.8000000000001
553.9
554.
554.1
554.2
554.3000000000001
554.4
554.5
554.6
554.7
554.8000000000001
554.9
555.
555.1
555.2
555.3000000000001
555.4
555.5
555.6
555.7
555.8000000000001
555.9
556.
556.1
556.2
556.3000000000001
556.4
556.5
556.6
556.7
556.8000000000001
556.9
557.
557.1
557.2
557.3000000000001
557.4
557.5
557.6
557.7
557.8000000000001
557.9
558.
558.1
558.2
558.3000000000001
558.4
558.5
558.6
558.7
558.8000000000001
558.9
559.
559.1
559.2
559.3000000000001
559.4
559.5
559.6
559.7
559.8000000000001
559.9
560.
560.1
560.2
560.3000000000001
560.4
560.5
560.6
560.7
560.8000000000001
560.9
561.
561.1
561.2
561.3000000000001
561.4
561.5
561.6
561.7
561.8000000000001
561.9
562.
562.1
562.2
562.3000000000001
562.4
562.5
562.6
562.7
562.8000000000001
562.9
563.
563.1
563.2
563.3000000000001
563.4
563.5
563.6
563.7
563.8000000000001
563.9
564.
564.1
564.2
564.3000000000001
564.4
564.5
564.6
564.7
564.8000000000001
564.9
565.
565.1
565.2
565.3000000000001
565.4
565.5
565.6
565.7
565.8000000000001
565.9
566.
566.1
566.2
566.3000000000001
566.4
566.5
566.6
566.7
566.8000000000001
566.9
567.
567.1
567.2
567.3000000000001
567.4
567.5
567.6
567.7
567.8000000000001
567.9
568.
568.1
568.2
568.3000000000001
568.4
568.5
568.6
568.7
568.8000000000001
568.9
569.
569.1
569.2
569.3000000000001
569.4
569.5
569.6
569.7
569.8000000000001
569.9
570.
570.1
570.2
570.3000000000001
570.4
570.5
570.6
570.7
570.8000000000001
570.9
571.
571.1
571.2
571.3000000000001
571.4
571.5
571.6
571.7
571.8000000000001
571.9
572.
572.1
572.2
572.3000000000001
572.4
572.5
572.6
572.7
572.8000000000001
572.9
573.
573.1
573.2
573.3000000000001
573.4
573.5
573.6
573.7
573.8000000000001
573.9
574.
574.1
574.2
574.3000000000001
574.4
574.5
574.6
574.7
574.8000000000001
574.9
575.
575.1
575.2
575.3000000000001
575.4
575.5
575.6
575.7
575.8000000000001
575.9
576.
576.1
576.2
576.3000000000001
576.4
576.5
576.6
576.7
576.8000000000001
576.9
577.
577.1
577.2
577.3000000000001
577.4
577.5
577.6
577.7
577.8000000000001
577.9
578.
578.1
578.2
578.3000000000001
578.4
578.5
578.6
578.7
578.8000000000001
578.9
579.
579.1
579.2
579.3000000000001
579.4
579.5
579.6
579.7
579.8000000000001
579.9
580.
580.1
580.2
580.3000000000001
580.4
580.5
580.6
580.7
580.8000000000001
580.9
581.
581.1
581.2
581.3000000000001
581.4
581.5
581.6
581.7
581.8000000000001
581.9
582.
582.1
582.2
582.3000000000001
582.4
582.5
582.6
582.7
582.8000000000001
582.9
583.
583.1
583.2
583.3000000000001
583.4
583.5
583.6
583.7
583.8000000000001
583.9
584.
584.1
584.2
584.3000000000001
584.4
584.5
584.6
584.7
584.8000000000001
584.9
585.
585.1
585.2
585.3000000000001
585.4
585.5
585.6
585.7
585.8000000000001
585.9
586.
586.1
586.2
586.3000000000001
586.4
586.5
586.6
586.7
586.8000000000001
586.9
587.
587.1
587.2
587.3000000000001
587.4
587.5
587.6
587.7
587.8000000000001
587.9
588.
588.1
588.2
588.3000000000001
588.4
588.5
588.6
588.7
588.8000000000001
588.9
589.
589.1
589.2
589.3000000000001
589.4
589.5
589.6
589.7
589.8000000000001
589.9
590.
590.1
590.2
590.3000000000001
590.4
590.5
590.6
590.7
590.8000000000001
590.9
591.
591.1
591.2
591.3000000000001
591.4
591.5
591.6
591.7
591.8000000000001
591.9
592.
592.1
592.2
592.3000000000001
592.4
592.5
592.6
592.7
592.8000000000001
592.9
593.
593.1
593.2
593.3000000000001
593.4
593.5
593.6
593.7
593.8000000000001
593.9
594.
594.1
594.2
594.3000000000001
594.4
594.5
594.6
594.7
594.8000000000001
594.9
595.
595.1
595.2
595.3000000000001
595.4
595.5
595.6
595.7
595.8000000000001
595.9
596.
596.1
596.2
596.3000000000001
596.4
596.5
596.6
596.7
596.8000000000001
596.9
597.
597.1
597.2
597.3000000000001
597.4
597.5
597.6
597.7
597.8000000000001
597.9
598.
598.1
598.2
598.3000000000001
598.4
598.5
598.6
598.7
598.8000000000001
598.9
599.
599.1
599.2
599.3000000000001
599.4
599.5
599.6
599.7
599.8000000000001
599.9
600.
600.1
600.2
600.3000000000001
600.4
600.5
600.6
600.7
600.8000000000001
600.9
601.
601.1
601.2
601.3000000000001
601.4
601.5
601.6
601.7
601.8000000000001
601.9
602.
602.1
602.2
602.3000000000001
602.4
602.5
602.6
602.7
602.8000000000001
602.9
603.
603.1
603.2
603.3000000000001
603.4
603.5
603.6
603.7
603.8000000000001
603.9
604.
604.1
604.2
604.3000000000001
604.4
604.5
604.6
604.7
604.8000000000001
604.9
605.
605.1
605.2
605.3000000000001
605.4
605.5
605.6
605.7
605.8000000000001
605.9
606.
606.1
606.2
606.3000000000001
606.4
606.5
606.6
606.7
606.8000000000001
606.9
607.
607.1
607.2
607.3000000000001
607.4
607.5
607.6
607.7
607.8000000000001
607.9
608.
608.1
608.2
608.3000000000001
608.4
608.5
608.6
608.7
608.8000000000001
608.9
609.
609.1
609.2
609.3000000000001
609.4
609.5
609.6
609.7
609.8000000000001
609.9
610.
610.1
610.2
610.3000000000001
610.4
610.5
610.6
610.7
610.8000000000001
610.9
611.
611.1
611.2
611.3000000000001
611.4
611.5
611.6
611.7
611.8000000000001
611.9
612.
612.1
612.2
612.3000000000001
612.4
612.5
612.6
612.7
612.8000000000001
612.9
613.
613.1
613.2
613.3000000000001
613.4
613.5
613.6
613.7
613.8000000000001
613.9
614.
614.1
614.2
614.3000000000001
614.4
614.5
614.6
614.7
614.8000000000001
614.9
615.
615.1
615.2
615.3000000000001
615.4000000000001
615.5
615.6
615.7
615.8000000000001
615.9000000000001
616.
616.1
616.2
616.3000000000001
616.4000000000001
616.5
616.6
616.7
616.8000000000001
616.9000000000001
617.
617.1
617.2
617.3000000000001
617.4000000000001
617.5
617.6
617.7
617.8000000000001
617.9000000000001
618.
618.1
618.2
618.3000000000001
618.4000000000001
618.5
618.6
618.7
618.8000000000001
618.9000000000001
619.
619.1
619.2
619.3000000000001
619.4000000000001
619.5
619.6
619.7
619.8000000000001
619.9000000000001
620.
620.1
620.2
620.3000000000001
620.4000000000001
620.5
620.6
620.7
620.8000000000001
620.9000000000001
621.
621.1
621.2
621.3000000000001
621.4000000000001
621.5
621.6
621.7
621.8000000000001
621.9000000000001
622.
622.1
622.2
622.3000000000001
622.4000000000001
622.5
622.6
622.7
622.8000000000001
622.9000000000001
623.
623.1
623.2
623.3000000000001
623.4000000000001
623.5
623.6
623.7
623.8000000000001
623.9000000000001
624.
624.1
624.2
624.3000000000001
624.4000000000001
624.5
624.6
624.7
624.8000000000001
624.9000000000001
625.
625.1
625.2
625.3000000000001
625.4000000000001
625.5
625.6
625.7
625.8000000000001
625.9000000000001
626.
626.1
626.2
626.3000000000001
626.4000000000001
626.5
626.6
626.7
626.8000000000001
626.9000000000001
627.
627.1
627.2
627.3000000000001
627.4000000000001
627.5
627.6
627.7
627.8000000000001
627.9000000000001
628.
628.1
628.2
628.3000000000001
628.4000000000001
628.5
628.6
628.7
628.8000000000001
628.9000000000001
629.
629.1
629.2
629.3000000000001
629.4000000000001
629.5
629.6
629.7
629.8000000000001
629.9000000000001
630.
630.1
630.2
630.3000000000001
630.4000000000001
630.5
630.6
630.7
630.8000000000001
630.9000000000001
631.
631.1
631.2
631.3000000000001
631.4000000000001
631.5
631.6
631.7
631.8000000000001
631.9000000000001
632.
632.1
632.2
632.3000000000001
632.4000000000001
632.5
632.6
632.7
632.8000000000001
632.9000000000001
633.
633.1
633.2
633.3000000000001
633.4000000000001
633.5
633.6
633.7
633.8000000000001
633.9000000000001
634.
634.1
634.2
634.3000000000001
634.4000000000001
634.5
634.6
634.7
634.8000000000001
634.9000000000001
635.
635.1
635.2
635.3000000000001
635.4000000000001
635.5
635.6
635.7
635.8000000000001
635.9000000000001
636.
636.1
636.2
636.3000000000001
636.4000000000001
636.5
636.6
636.7
636.8000000000001
636.9000000000001
637.
637.1
637.2
637.3000000000001
637.4000000000001
637.5
637.6
637.7
637.8000000000001
637.9000000000001
638.
638.1
638.2
638.3000000000001
638.4000000000001
638.5
638.6
638.7
638.8000000000001
638.9000000000001
639.
639.1
639.2
639.3000000000001
639.4000000000001
639.5
639.6
639.7
639.8000000000001
639.9000000000001
640.
640.1
640.2
640.3000000000001
640.4000000000001
640.5
640.6
640.7
640.8000000000001
640.9000000000001
641.
641.1
641.2
641.3000000000001
641.4000000000001
641.5
641.6
641.7
641.8000000000001
641.9000000000001
642.
642.1
642.2
642.3000000000001
642.4000000000001
642.5
642.6
642.7
642.8000000000001
642.9000000000001
643.
643.1
643.2
643.3000000000001
643.4000000000001
643.5
643.6
643.7
643.8000000000001
643.9000000000001
644.
644.1
644.2
644.3000000000001
644.4000000000001
644.5
644.6
644.7
644.8000000000001
644.9000000000001
645.
645.1
645.2
645.3000000000001
645.4000000000001
645.5
645.6
645.7
645.8000000000001
645.9000000000001
646.
646.1
646.2
646.3000000000001
646.4000000000001
646.5
646.6
646.7
646.8000000000001
646.9000000000001
647.
647.1
647.2
647.3000000000001
647.4000000000001
647.5
647.6
647.7
647.8000000000001
647.9000000000001
648.
648.1
648.2
648.3000000000001
648.4000000000001
648.5
648.6
648.7
648.8000000000001
648.9000000000001
649.
649.1
649.2
649.3000000000001
649.4000000000001
649.5
649.6
649.7
649.8000000000001
649.9000000000001
650.
650.1
650.2
650.3000000000001
650.4000000000001
650.5
650.6
650.7
650.8000000000001
650.9000000000001
651.
651.1
651.2
651.3000000000001
651.4000000000001
651.5
651.6
651.7
651.8000000000001
651.9000000000001
652.
652.1
652.2
652.3000000000001
652.4000000000001
652.5
652.6
652.7
652.8000000000001
652.9000000000001
653.
653.1
653.2
653.3000000000001
653.4000000000001
653.5
653.6
653.7
653.8000000000001
653.9000000000001
654.
654.1
654.2
654.3000000000001
654.4000000000001
654.5
654.6
654.7
654.8000000000001
654.9000000000001
655.
655.1
655.2
655.3000000000001
655.4000000000001
655.5
655.6
655.7
655.8000000000001
655.9000000000001
656.
656.1
656.2
656.3000000000001
656.4000000000001
656.5
656.6
656.7
656.8000000000001
656.9000000000001
657.
657.1
657.2
657.3000000000001
657.4000000000001
657.5
657.6
657.7
657.8000000000001
657.9000000000001
658.
658.1
658.2
658.3000000000001
658.4000000000001
658.5
658.6
658.7
658.8000000000001
658.9000000000001
659.
659.1
659.2
659.3000000000001
659.4000000000001
659.5
659.6
659.7
659.8000000000001
659.9000000000001
660.
660.1
660.2
660.3000000000001
660.4000000000001
660.5
660.6
660.7
660.8000000000001
660.9000000000001
661.
661.1
661.2
661.3000000000001
661.4000000000001
661.5
661.6
661.7
661.8000000000001
661.9000000000001
662.
662.1
662.2
662.3000000000001
662.4000000000001
662.5
662.6
662.7
662.8000000000001
662.9000000000001
663.
663.1
663.2
663.3000000000001
663.4000000000001
663.5
663.6
663.7
663.8000000000001
663.9000000000001
664.
664.1
664.2
664.3000000000001
664.4000000000001
664.5
664.6
664.7
664.8000000000001
664.9000000000001
665.
665.1
665.2
665.3000000000001
665.4000000000001
665.5
665.6
665.7
665.8000000000001
665.9000000000001
666.
666.1
666.2
666.3000000000001
666.4000000000001
666.5
666.6
666.7
666.8000000000001
666.9000000000001
667.
667.1
667.2
667.3000000000001
667.4000000000001
667.5
667.6
667.7
667.8000000000001
667.9000000000001
668.
668.1
668.2
668.3000000000001
668.4000000000001
668.5
668.6
668.7
668.8000000000001
668.9000000000001
669.
669.1
669.2
669.3000000000001
669.4000000000001
669.5
669.6
669.7
669.8000000000001
669.9000000000001
670.
670.1
670.2
670.3000000000001
670.4000000000001
670.5
670.6
670.7
670.8000000000001
670.9000000000001
671.
671.1
671.2
671.3000000000001
671.4000000000001
671.5
671.6
671.7
671.8000000000001
671.9000000000001
672.
672.1
672.2
672.3000000000001
672.4000000000001
672.5
672.6
672.7
672.8000000000001
672.9000000000001
673.
673.1
673.2
673.3000000000001
673.4000000000001
673.5
673.6
673.7
673.8000000000001
673.9000000000001
674.
674.1
674.2
674.3000000000001
674.4000000000001
674.5
674.6
674.7
674.8000000000001
674.9000000000001
675.
675.1
675.2
675.3000000000001
675.4000000000001
675.5
675.6
675.7
675.8000000000001
675.9000000000001
676.
676.1
676.2
676.3000000000001
676.4000000000001
676.5
676.6
676.7
676.8000000000001
676.9000000000001
677.
677.1
677.2
677.3000000000001
677.4000000000001
677.5
677.6
677.7
677.8000000000001
677.9000000000001
678.
678.1
678.2
678.3000000000001
678.4000000000001
678.5
678.6
678.7
678.8000000000001
678.9000000000001
679.
679.1
679.2
679.3000000000001
679.4000000000001
679.5
679.6
679.7
679.8000000000001
679.9000000000001
680.
680.1
680.2
680.3000000000001
680.4000000000001
680.5
680.6
680.7
680.8000000000001
680.9000000000001
681.
681.1
681.2
681.3000000000001
681.4000000000001
681.5
681.6
681.7
681.8000000000001
681.9000000000001
682.
682.1
682.2
682.3000000000001
682.4000000000001
682.5
682.6
682.7
682.8000000000001
682.9000000000001
683.
683.1
683.2
683.3000000000001
683.4000000000001
683.5
683.6
683.7
683.8000000000001
683.9000000000001
684.
684.1
684.2
684.3000000000001
684.4000000000001
684.5
684.6
684.7
684.8000000000001
684.9000000000001
685.
685.1
685.2
685.3000000000001
685.4000000000001
685.5
685.6
685.7
685.8000000000001
685.9000000000001
686.
686.1
686.2
686.3000000000001
686.4000000000001
686.5
686.6
686.7
686.8000000000001
686.9000000000001
687.
687.1
687.2
687.3000000000001
687.4000000000001
687.5
687.6
687.7
687.8000000000001
687.9000000000001
688.
688.1
688.2
688.3000000000001
688.4000000000001
688.5
688.6
688.7
688.8000000000001
688.9000000000001
689.
689.1
689.2
689.3000000000001
689.4000000000001
689.5
689.6
689.7
689.8000000000001
689.9000000000001
690.
690.1
690.2
690.3000000000001
690.4000000000001
690.5
690.6
690.7
690.8000000000001
690.9000000000001
691.
691.1
691.2
691.3000000000001
691.4000000000001
691.5
691.6
691.7
691.8000000000001
691.9000000000001
692.
692.1
692.2
692.3000000000001
692.4000000000001
692.5
692.6
692.7
692.8000000000001
692.9000000000001
693.
693.1
693.2
693.3000000000001
693.4000000000001
693.5
693.6
693.7
693.8000000000001
693.9000000000001
694.
694.1
694.2
694.3000000000001
694.4000000000001
694.5
694.6
694.7
694.8000000000001
694.9000000000001
695.
695.1
695.2
695.3000000000001
695.4000000000001
695.5
695.6
695.7
695.8000000000001
695.9000000000001
696.
696.1
696.2
696.3000000000001
696.4000000000001
696.5
696.6
696.7
696.8000000000001
696.9000000000001
697.
697.1
697.2
697.3000000000001
697.4000000000001
697.5
697.6
697.7
697.8000000000001
697.9000000000001
698.
698.1
698.2
698.3000000000001
698.4000000000001
698.5
698.6
698.7
698.8000000000001
698.9000000000001
699.
699.1
699.2
699.3000000000001
699.4000000000001
699.5
699.6
699.7
699.8000000000001
699.9000000000001
700.
700.1
700.2
700.3000000000001
700.4000000000001
700.5
700.6
700.7
700.8000000000001
700.9000000000001
701.
701.1
701.2
701.3000000000001
701.4000000000001
701.5
701.6
701.7
701.8000000000001
701.9000000000001
702.
702.1
702.2
702.3000000000001
702.4000000000001
702.5
702.6
702.7
702.8000000000001
702.9000000000001
703.
703.1
703.2
703.3000000000001
703.4000000000001
703.5
703.6
703.7
703.8000000000001
703.9000000000001
704.
704.1
704.2
704.3000000000001
704.4000000000001
704.5
704.6
704.7
704.8000000000001
704.9000000000001
705.
705.1
705.2
705.3000000000001
705.4000000000001
705.5
705.6
705.7
705.8000000000001
705.9000000000001
706.
706.1
706.2
706.3000000000001
706.4000000000001
706.5
706.6
706.7
706.8000000000001
706.9000000000001
707.
707.1
707.2
707.3000000000001
707.4000000000001
707.5
707.6
707.7
707.8000000000001
707.9000000000001
708.
708.1
708.2
708.3000000000001
708.4000000000001
708.5
708.6
708.7
708.8000000000001
708.9000000000001
709.
709.1
709.2
709.3000000000001
709.4000000000001
709.5
709.6
709.7
709.8000000000001
709.9000000000001
710.
710.1
710.2
710.3000000000001
710.4000000000001
710.5
710.6
710.7
710.8000000000001
710.9000000000001
711.
711.1
711.2
711.3000000000001
711.4000000000001
711.5
711.6
711.7
711.8000000000001
711.9000000000001
712.
712.1
712.2
712.3000000000001
712.4000000000001
712.5
712.6
712.7
712.8000000000001
712.9000000000001
713.
713.1
713.2
713.3000000000001
713.4000000000001
713.5
713.6
713.7
713.8000000000001
713.9000000000001
714.
714.1
714.2
714.3000000000001
714.4000000000001
714.5
714.6
714.7
714.8000000000001
714.9000000000001
715.
715.1
715.2
715.3000000000001
715.4000000000001
715.5
715.6
715.7
715.8000000000001
715.9000000000001
716.
716.1
716.2
716.3000000000001
716.4000000000001
716.5
716.6
716.7
716.8000000000001
716.9000000000001
717.
717.1
717.2
717.3000000000001
717.4000000000001
717.5
717.6
717.7
717.8000000000001
717.9000000000001
718.
718.1
718.2
718.3000000000001
718.4000000000001
718.5
718.6
718.7
718.8000000000001
718.9000000000001
719.
719.1
719.2
719.3000000000001
719.4000000000001
719.5
719.6
719.7
719.8000000000001
719.9000000000001
720.
720.1
720.2
720.3000000000001
720.4000000000001
720.5
720.6
720.7
720.8000000000001
720.9000000000001
721.
721.1
721.2
721.3000000000001
721.4000000000001
721.5
721.6
721.7
721.8000000000001
721.9000000000001
722.
722.1
722.2
722.3000000000001
722.4000000000001
722.5
722.6
722.7
722.8000000000001
722.9000000000001
723.
723.1
723.2
723.3000000000001
723.4000000000001
723.5
723.6
723.7
723.8000000000001
723.9000000000001
724.
724.1
724.2
724.3000000000001
724.4000000000001
724.5
724.6
724.7
724.8000000000001
724.9000000000001
725.
725.1
725.2
725.3000000000001
725.4000000000001
725.5
725.6
725.7
725.8000000000001
725.9000000000001
726.
726.1
726.2
726.3000000000001
726.4000000000001
726.5
726.6
726.7
726.8000000000001
726.9000000000001
727.
727.1
727.2
727.3000000000001
727.4000000000001
727.5
727.6
727.7
727.8000000000001
727.9000000000001
728.
728.1
728.2
728.3000000000001
728.4000000000001
728.5
728.6
728.7
728.8000000000001
728.9000000000001
729.
729.1
729.2
729.3000000000001
729.4000000000001
729.5
729.6
729.7
729.8000000000001
729.9000000000001
730.
730.1
730.2
730.3000000000001
730.4000000000001
730.5
730.6
730.7
730.8000000000001
730.9000000000001
731.
731.1
731.2
731.3000000000001
731.4000000000001
731.5
731.6
731.7
731.8000000000001
731.9000000000001
732.
732.1
732.2
732.3000000000001
732.4000000000001
732.5
732.6
732.7
732.8000000000001
732.9000000000001
733.
733.1
733.2
733.3000000000001
733.4000000000001
733.5
733.6
733.7
733.8000000000001
733.9000000000001
734.
734.1
734.2
734.3000000000001
734.4000000000001
734.5
734.6
734.7
734.8000000000001
734.9000000000001
735.
735.1
735.2
735.3000000000001
735.4000000000001
735.5
735.6
735.7
735.8000000000001
735.9000000000001
736.
736.1
736.2
736.3000000000001
736.4000000000001
736.5
736.6
736.7
736.8000000000001
736.9000000000001
737.
737.1
737.2
737.3000000000001
737.4000000000001
737.5
737.6
737.7
737.8000000000001
737.9000000000001
738.
738.1
738.2
738.3000000000001
738.4000000000001
738.5
738.6
738.7
738.8000000000001
738.9000000000001
739.
739.1
739.2
739.3000000000001
739.4000000000001
739.5
739.6
739.7
739.8000000000001
739.9000000000001
740.
740.1
740.2
740.3000000000001
740.4000000000001
740.5
740.6
740.7
740.8000000000001
740.9000000000001
741.
741.1
741.2
741.3000000000001
741.4000000000001
741.5
741.6
741.7
741.8000000000001
741.9000000000001
742.
742.1
742.2
742.3000000000001
742.4000000000001
742.5
742.6
742.7
742.8000000000001
742.9000000000001
743.
743.1
743.2
743.3000000000001
743.4000000000001
743.5
743.6
743.7
743.8000000000001
743.9000000000001
744.
744.1
744.2
744.3000000000001
744.4000000000001
744.5
744.6
744.7
744.8000000000001
744.9000000000001
745.
745.1
745.2
745.3000000000001
745.4000000000001
745.5
745.6
745.7
745.8000000000001
745.9000000000001
746.
746.1
746.2
746.3000000000001
746.4000000000001
746.5
746.6
746.7
746.8000000000001
746.9000000000001
747.
747.1
747.2
747.3000000000001
747.4000000000001
747.5
747.6
747.7
747.8000000000001
747.9000000000001
748.
748.1
748.2
748.3000000000001
748.4000000000001
748.5
748.6
748.7
748.8000000000001
748.9000000000001
749.
749.1
749.2
749.3000000000001
749.4000000000001
749.5
749.6
749.7
749.8000000000001
749.9000000000001
750.
750.1
750.2
750.3000000000001
750.4000000000001
750.5
750.6
750.7
750.8000000000001
750.9000000000001
751.
751.1
751.2
751.3000000000001
751.4000000000001
751.5
751.6
751.7
751.8000000000001
751.9000000000001
752.
752.1
752.2
752.3000000000001
752.4000000000001
752.5
752.6
752.7
752.8000000000001
752.9000000000001
753.
753.1
753.2
753.3000000000001
753.4000000000001
753.5
753.6
753.7
753.8000000000001
753.9000000000001
754.
754.1
754.2
754.3000000000001
754.4000000000001
754.5
754.6
754.7
754.8000000000001
754.9000000000001
755.
755.1
755.2
755.3000000000001
755.4000000000001
755.5
755.6
755.7
755.8000000000001
755.9000000000001
756.
756.1
756.2
756.3000000000001
756.4000000000001
756.5
756.6
756.7
756.8000000000001
756.9000000000001
757.
757.1
757.2
757.3000000000001
757.4000000000001
757.5
757.6
757.7
757.8000000000001
757.9000000000001
758.
758.1
758.2
758.3000000000001
758.4000000000001
758.5
758.6
758.7
758.8000000000001
758.9000000000001
759.
759.1
759.2
759.3000000000001
759.4000000000001
759.5
759.6
759.7
759.8000000000001
759.9000000000001
760.
760.1
760.2
760.3000000000001
760.4000000000001
760.5
760.6
760.7
760.8000000000001
760.9000000000001
761.
761.1
761.2
761.3000000000001
761.4000000000001
761.5
761.6
761.7
761.8000000000001
761.9000000000001
762.
762.1
762.2
762.3000000000001
762.4000000000001
762.5
762.6
762.7
762.8000000000001
762.9000000000001
763.
763.1
763.2
763.3000000000001
763.4000000000001
763.5
763.6
763.7
763.8000000000001
763.9000000000001
764.
764.1
764.2
764.3000000000001
764.4000000000001
764.5
764.6
764.7
764.8000000000001
764.9000000000001
765.
765.1
765.2
765.3000000000001
765.4000000000001
765.5
765.6
765.7
765.8000000000001
765.9000000000001
766.
766.1
766.2
766.3000000000001
766.4000000000001
766.5
766.6
766.7
766.8000000000001
766.9000000000001
767.
767.1
767.2
767.3000000000001
767.4000000000001
767.5
767.6
767.7
767.8000000000001
767.9000000000001
768.
768.1
768.2
768.3000000000001
768.4000000000001
768.5
768.6
768.7
768.8000000000001
768.9000000000001
769.
769.1
769.2
769.3000000000001
769.4000000000001
769.5
769.6
769.7
769.8000000000001
769.9000000000001
770.
770.1
770.2
770.3000000000001
770.4000000000001
770.5
770.6
770.7
770.8000000000001
770.9000000000001
771.
771.1
771.2
771.3000000000001
771.4000000000001
771.5
771.6
771.7
771.8000000000001
771.9000000000001
772.
772.1
772.2
772.3000000000001
772.4000000000001
772.5
772.6
772.7
772.8000000000001
772.9000000000001
773.
773.1
773.2
773.3000000000001
773.4000000000001
773.5
773.6
773.7
773.8000000000001
773.9000000000001
774.
774.1
774.2
774.3000000000001
774.4000000000001
774.5
774.6
774.7
774.8000000000001
774.9000000000001
775.
775.1
775.2
775.3000000000001
775.4000000000001
775.5
775.6
775.7
775.8000000000001
775.9000000000001
776.
776.1
776.2
776.3000000000001
776.4000000000001
776.5
776.6
776.7
776.8000000000001
776.9000000000001
777.
777.1
777.2
777.3000000000001
777.4000000000001
777.5
777.6
777.7
777.8000000000001
777.9000000000001
778.
778.1
778.2
778.3000000000001
778.4000000000001
778.5
778.6
778.7
778.8000000000001
778.9000000000001
779.
779.1
779.2
779.3000000000001
779.4000000000001
779.5
779.6
779.7
779.8000000000001
779.9000000000001
780.
780.1
780.2
780.3000000000001
780.4000000000001
780.5
780.6
780.7
780.8000000000001
780.9000000000001
781.
781.1
781.2
781.3000000000001
781.4000000000001
781.5
781.6
781.7
781.8000000000001
781.9000000000001
782.
782.1
782.2
782.3000000000001
782.4000000000001
782.5
782.6
782.7
782.8000000000001
782.9000000000001
783.
783.1
783.2
783.3000000000001
783.4000000000001
783.5
783.6
783.7
783.8000000000001
783.9000000000001
784.
784.1
784.2
784.3000000000001
784.4000000000001
784.5
784.6
784.7
784.8000000000001
784.9000000000001
785.
785.1
785.2
785.3000000000001
785.4000000000001
785.5
785.6
785.7
785.8000000000001
785.9000000000001
786.
786.1
786.2
786.3000000000001
786.4000000000001
786.5
786.6
786.7
786.8000000000001
786.9000000000001
787.
787.1
787.2
787.3000000000001
787.4000000000001
787.5
787.6
787.7
787.8000000000001
787.9000000000001
788.
788.1
788.2
788.3000000000001
788.4000000000001
788.5
788.6
788.7
788.8000000000001
788.9000000000001
789.
789.1
789.2
789.3000000000001
789.4000000000001
789.5
789.6
789.7
789.8000000000001
789.9000000000001
790.
790.1
790.2
790.3000000000001
790.4000000000001
790.5
790.6
790.7
790.8000000000001
790.9000000000001
791.
791.1
791.2
791.3000000000001
791.4000000000001
791.5
791.6
791.7
791.8000000000001
791.9000000000001
792.
792.1
792.2
792.3000000000001
792.4000000000001
792.5
792.6
792.7
792.8000000000001
792.9000000000001
793.
793.1
793.2
793.3000000000001
793.4000000000001
793.5
793.6
793.7
793.8000000000001
793.9000000000001
794.
794.1
794.2
794.3000000000001
794.4000000000001
794.5
794.6
794.7
794.8000000000001
794.9000000000001
795.
795.1
795.2
795.3000000000001
795.4000000000001
795.5
795.6
795.7
795.8000000000001
795.9000000000001
796.
796.1
796.2
796.3000000000001
796.4000000000001
796.5
796.6
796.7
796.8000000000001
796.9000000000001
797.
797.1
797.2
797.3000000000001
797.4000000000001
797.5
797.6
797.7
797.8000000000001
797.9000000000001
798.
798.1
798.2
798.3000000000001
798.4000000000001
798.5
798.6
798.7
798.8000000000001
798.9000000000001
799.
799.1
799.2
799.3000000000001
799.4000000000001
799.5
799.6
799.7
799.8000000000001
799.9000000000001
800.
800.1
800.2
800.3000000000001
800.4000000000001
800.5
800.6
800.7
800.8000000000001
800.9000000000001
801.
801.1
801.2
801.3000000000001
801.4000000000001
801.5
801.6
801.7
801.8000000000001
801.9000000000001
802.
802.1
802.2
802.3000000000001
802.4000000000001
802.5
802.6
802.7
802.8000000000001
802.9000000000001
803.
803.1
803.2
803.3000000000001
803.4000000000001
803.5
803.6
803.7
803.8000000000001
803.9000000000001
804.
804.1
804.2
804.3000000000001
804.4000000000001
804.5
804.6
804.7
804.8000000000001
804.9000000000001
805.
805.1
805.2
805.3000000000001
805.4000000000001
805.5
805.6
805.7
805.8000000000001
805.9000000000001
806.
806.1
806.2
806.3000000000001
806.4000000000001
806.5
806.6
806.7
806.8000000000001
806.9000000000001
807.
807.1
807.2
807.3000000000001
807.4000000000001
807.5
807.6
807.7
807.8000000000001
807.9000000000001
808.
808.1
808.2
808.3000000000001
808.4000000000001
808.5
808.6
808.7
808.8000000000001
808.9000000000001
809.
809.1
809.2
809.3000000000001
809.4000000000001
809.5
809.6
809.7
809.8000000000001
809.9000000000001
810.
810.1
810.2
810.3000000000001
810.4000000000001
810.5
810.6
810.7
810.8000000000001
810.9000000000001
811.
811.1
811.2
811.3000000000001
811.4000000000001
811.5
811.6
811.7
811.8000000000001
811.9000000000001
812.
812.1
812.2
812.3000000000001
812.4000000000001
812.5
812.6
812.7
812.8000000000001
812.9000000000001
813.
813.1
813.2
813.3000000000001
813.4000000000001
813.5
813.6
813.7
813.8000000000001
813.9000000000001
814.
814.1
814.2
814.3000000000001
814.4000000000001
814.5
814.6
814.7
814.8000000000001
814.9000000000001
815.
815.1
815.2
815.3000000000001
815.4000000000001
815.5
815.6
815.7
815.8000000000001
815.9000000000001
816.
816.1
816.2
816.3000000000001
816.4000000000001
816.5
816.6
816.7
816.8000000000001
816.9000000000001
817.
817.1
817.2
817.3000000000001
817.4000000000001
817.5
817.6
817.7
817.8000000000001
817.9000000000001
818.
818.1
818.2
818.3000000000001
818.4000000000001
818.5
818.6
818.7
818.8000000000001
818.9000000000001
819.
819.1
819.2
819.3000000000001
819.4000000000001
819.5
819.6
819.7
819.8000000000001
819.9000000000001
820.
820.1
820.2
820.3000000000001
820.4000000000001
820.5
820.6
820.7
820.8000000000001
820.9000000000001
821.
821.1
821.2
821.3000000000001
821.4000000000001
821.5
821.6
821.7
821.8000000000001
821.9000000000001
822.
822.1
822.2
822.3000000000001
822.4000000000001
822.5
822.6
822.7
822.8000000000001
822.9000000000001
823.
823.1
823.2
823.3000000000001
823.4000000000001
823.5
823.6
823.7
823.8000000000001
823.9000000000001
824.
824.1
824.2
824.3000000000001
824.4000000000001
824.5
824.6
824.7
824.8000000000001
824.9000000000001
825.
825.1
825.2
825.3000000000001
825.4000000000001
825.5
825.6
825.7
825.8000000000001
825.9000000000001
826.
826.1
826.2
826.3000000000001
826.4000000000001
826.5
826.6
826.7
826.8000000000001
826.9000000000001
827.
827.1
827.2
827.3000000000001
827.4000000000001
827.5
827.6
827.7
827.8000000000001
827.9000000000001
828.
828.1
828.2
828.3000000000001
828.4000000000001
828.5
828.6
828.7
828.8000000000001
828.9000000000001
829.
829.1
829.2
829.3000000000001
829.4000000000001
829.5
829.6
829.7
829.8000000000001
829.9000000000001
830.
830.1
830.2
830.3000000000001
830.4000000000001
830.5
830.6
830.7
830.8000000000001
830.9000000000001
831.
831.1
831.2
831.3000000000001
831.4000000000001
831.5
831.6
831.7
831.8000000000001
831.9000000000001
832.
832.1
832.2
832.3000000000001
832.4000000000001
832.5
832.6
832.7
832.8000000000001
832.9000000000001
833.
833.1
833.2
833.3000000000001
833.4000000000001
833.5
833.6
833.7
833.8000000000001
833.9000000000001
834.
834.1
834.2
834.3000000000001
834.4000000000001
834.5
834.6
834.7
834.8000000000001
834.9000000000001
835.
835.1
835.2
835.3000000000001
835.4000000000001
835.5
835.6
835.7
835.8000000000001
835.9000000000001
836.
836.1
836.2
836.3000000000001
836.4000000000001
836.5
836.6
836.7
836.8000000000001
836.9000000000001
837.
837.1
837.2
837.3000000000001
837.4000000000001
837.5
837.6
837.7
837.8000000000001
837.9000000000001
838.
838.1
838.2
838.3000000000001
838.4000000000001
838.5
838.6
838.7
838.8000000000001
838.9000000000001
839.
839.1
839.2
839.3000000000001
839.4000000000001
839.5
839.6
839.7
839.8000000000001
839.9000000000001
840.
840.1
840.2
840.3000000000001
840.4000000000001
840.5
840.6
840.7
840.8000000000001
840.9000000000001
841.
841.1
841.2
841.3000000000001
841.4000000000001
841.5
841.6
841.7
841.8000000000001
841.9000000000001
842.
842.1
842.2
842.3000000000001
842.4000000000001
842.5
842.6
842.7
842.8000000000001
842.9000000000001
843.
843.1
843.2
843.3000000000001
843.4000000000001
843.5
843.6
843.7
843.8000000000001
843.9000000000001
844.
844.1
844.2
844.3000000000001
844.4000000000001
844.5
844.6
844.7
844.8000000000001
844.9000000000001
845.
845.1
845.2
845.3000000000001
845.4000000000001
845.5
845.6
845.7
845.8000000000001
845.9000000000001
846.
846.1
846.2
846.3000000000001
846.4000000000001
846.5
846.6
846.7
846.8000000000001
846.9000000000001
847.
847.1
847.2
847.3000000000001
847.4000000000001
847.5
847.6
847.7
847.8000000000001
847.9000000000001
848.
848.1
848.2
848.3000000000001
848.4000000000001
848.5
848.6
848.7
848.8000000000001
848.9000000000001
849.
849.1
849.2
849.3000000000001
849.4000000000001
849.5
849.6
849.7
849.8000000000001
849.9000000000001
850.
850.1
850.2
850.3000000000001
850.4000000000001
850.5
850.6
850.7
850.8000000000001
850.9000000000001
851.
851.1
851.2
851.3000000000001
851.4000000000001
851.5
851.6
851.7
851.8000000000001
851.9000000000001
852.
852.1
852.2
852.3000000000001
852.4000000000001
852.5
852.6
852.7
852.8000000000001
852.9000000000001
853.
853.1
853.2
853.3000000000001
853.4000000000001
853.5
853.6
853.7
853.8000000000001
853.9000000000001
854.
854.1
854.2
854.3000000000001
854.4000000000001
854.5
854.6
854.7
854.8000000000001
854.9000000000001
855.
855.1
855.2
855.3000000000001
855.4000000000001
855.5
855.6
855.7
855.8000000000001
855.9000000000001
856.
856.1
856.2
856.3000000000001
856.4000000000001
856.5
856.6
856.7
856.8000000000001
856.9000000000001
857.
857.1
857.2
857.3000000000001
857.4000000000001
857.5
857.6
857.7
857.8000000000001
857.9000000000001
858.
858.1
858.2
858.3000000000001
858.4000000000001
858.5
858.6
858.7
858.8000000000001
858.9000000000001
859.
859.1
859.2
859.3000000000001
859.4000000000001
859.5
859.6
859.7
859.8000000000001
859.9000000000001
860.
860.1
860.2
860.3000000000001
860.4000000000001
860.5
860.6
860.7
860.8000000000001
860.9000000000001
861.
861.1
861.2
861.3000000000001
861.4000000000001
861.5
861.6
861.7
861.8000000000001
861.9000000000001
862.
862.1
862.2
862.3000000000001
862.4000000000001
862.5
862.6
862.7
862.8000000000001
862.9000000000001
863.
863.1
863.2
863.3000000000001
863.4000000000001
863.5
863.6
863.7
863.8000000000001
863.9000000000001
864.
864.1
864.2
864.3000000000001
864.4000000000001
864.5
864.6
864.7
864.8000000000001
864.9000000000001
865.
865.1
865.2
865.3000000000001
865.4000000000001
865.5
865.6
865.7
865.8000000000001
865.9000000000001
866.
866.1
866.2
866.3000000000001
866.4000000000001
866.5
866.6
866.7
866.8000000000001
866.9000000000001
867.
867.1
867.2
867.3000000000001
867.4000000000001
867.5
867.6
867.7
867.8000000000001
867.9000000000001
868.
868.1
868.2
868.3000000000001
868.4000000000001
868.5
868.6
868.7
868.8000000000001
868.9000000000001
869.
869.1
869.2
869.3000000000001
869.4000000000001
869.5
869.6
869.7
869.8000000000001
869.9000000000001
870.
870.1
870.2
870.3000000000001
870.4000000000001
870.5
870.6
870.7
870.8000000000001
870.9000000000001
871.
871.1
871.2
871.3000000000001
871.4000000000001
871.5
871.6
871.7
871.8000000000001
871.9000000000001
872.
872.1
872.2
872.3000000000001
872.4000000000001
872.5
872.6
872.7
872.8000000000001
872.9000000000001
873.
873.1
873.2
873.3000000000001
873.4000000000001
873.5
873.6
873.7
873.8000000000001
873.9000000000001
874.
874.1
874.2
874.3000000000001
874.4000000000001
874.5
874.6
874.7
874.8000000000001
874.9000000000001
875.
875.1
875.2
875.3000000000001
875.4000000000001
875.5
875.6
875.7
875.8000000000001
875.9000000000001
876.
876.1
876.2
876.3000000000001
876.4000000000001
876.5
876.6
876.7
876.8000000000001
876.9000000000001
877.
877.1
877.2
877.3000000000001
877.4000000000001
877.5
877.6
877.7
877.8000000000001
877.9000000000001
878.
878.1
878.2
878.3000000000001
878.4000000000001
878.5
878.6
878.7
878.8000000000001
878.9000000000001
879.
879.1
879.2
879.3000000000001
879.4000000000001
879.5
879.6
879.7
879.8000000000001
879.9000000000001
880.
880.1
880.2
880.3000000000001
880.4000000000001
880.5
880.6
880.7
880.8000000000001
880.9000000000001
881.
881.1
881.2
881.3000000000001
881.4000000000001
881.5
881.6
881.7
881.8000000000001
881.9000000000001
882.
882.1
882.2
882.3000000000001
882.4000000000001
882.5
882.6
882.7
882.8000000000001
882.9000000000001
883.
883.1
883.2
883.3000000000001
883.4000000000001
883.5
883.6
883.7
883.8000000000001
883.9000000000001
884.
884.1
884.2
884.3000000000001
884.4000000000001
884.5
884.6
884.7
884.8000000000001
884.9000000000001
885.
885.1
885.2
885.3000000000001
885.4000000000001
885.5
885.6
885.7
885.8000000000001
885.9000000000001
886.
886.1
886.2
886.3000000000001
886.4000000000001
886.5
886.6
886.7
886.8000000000001
886.9000000000001
887.
887.1
887.2
887.3000000000001
887.4000000000001
887.5
887.6
887.7
887.8000000000001
887.9000000000001
888.
888.1
888.2
888.3000000000001
888.4000000000001
888.5
888.6
888.7
888.8000000000001
888.9000000000001
889.
889.1
889.2
889.3000000000001
889.4000000000001
889.5
889.6
889.7
889.8000000000001
889.9000000000001
890.
890.1
890.2
890.3000000000001
890.4000000000001
890.5
890.6
890.7
890.8000000000001
890.9000000000001
891.
891.1
891.2
891.3000000000001
891.4000000000001
891.5
891.6
891.7
891.8000000000001
891.9000000000001
892.
892.1
892.2
892.3000000000001
892.4000000000001
892.5
892.6
892.7
892.8000000000001
892.9000000000001
893.
893.1
893.2
893.3000000000001
893.4000000000001
893.5
893.6
893.7
893.8000000000001
893.9000000000001
894.
894.1
894.2
894.3000000000001
894.4000000000001
894.5
894.6
894.7
894.8000000000001
894.9000000000001
895.
895.1
895.2
895.3000000000001
895.4000000000001
895.5
895.6
895.7
895.8000000000001
895.9000000000001
896.
896.1
896.2
896.3000000000001
896.4000000000001
896.5
896.6
896.7
896.8000000000001
896.9000000000001
897.
897.1
897.2
897.3000000000001
897.4000000000001
897.5
897.6
897.7
897.8000000000001
897.9000000000001
898.
898.1
898.2
898.3000000000001
898.4000000000001
898.5
898.6
898.7
898.8000000000001
898.9000000000001
899.
899.1
899.2
899.3000000000001
899.4000000000001
899.5
899.6
899.7
899.8000000000001
899.9000000000001
900.
900.1
900.2
900.3000000000001
900.4000000000001
900.5
900.6
900.7
900.8000000000001
900.9000000000001
901.
901.1
901.2
901.3000000000001
901.4000000000001
901.5
901.6
901.7
901.8000000000001
901.9000000000001
902.
902.1
902.2
902.3000000000001
902.4000000000001
902.5
902.6
902.7
902.8000000000001
902.9000000000001
903.
903.1
903.2
903.3000000000001
903.4000000000001
903.5
903.6
903.7
903.8000000000001
903.9000000000001
904.
904.1
904.2
904.3000000000001
904.4000000000001
904.5
904.6
904.7
904.8000000000001
904.9000000000001
905.
905.1
905.2
905.3000000000001
905.4000000000001
905.5
905.6
905.7
905.8000000000001
905.9000000000001
906.
906.1
906.2
906.3000000000001
906.4000000000001
906.5
906.6
906.7
906.8000000000001
906.9000000000001
907.
907.1
907.2
907.3000000000001
907.4000000000001
907.5
907.6
907.7
907.8000000000001
907.9000000000001
908.
908.1
908.2
908.3000000000001
908.4000000000001
908.5
908.6
908.7
908.8000000000001
908.9000000000001
909.
909.1
909.2
909.3000000000001
909.4000000000001
909.5
909.6
909.7
909.8000000000001
909.9000000000001
910.
910.1
910.2
910.3000000000001
910.4000000000001
910.5
910.6
910.7
910.8000000000001
910.9000000000001
911.
911.1
911.2
911.3000000000001
911.4000000000001
911.5
911.6
911.7
911.8000000000001
911.9000000000001
912.
912.1
912.2
912.3000000000001
912.4000000000001
912.5
912.6
912.7
912.8000000000001
912.9000000000001
913.
913.1
913.2
913.3000000000001
913.4000000000001
913.5
913.6
913.7
913.8000000000001
913.9000000000001
914.
914.1
914.2
914.3000000000001
914.4000000000001
914.5
914.6
914.7
914.8000000000001
914.9000000000001
915.
915.1
915.2
915.3000000000001
915.4000000000001
915.5
915.6
915.7
915.8000000000001
915.9000000000001
916.
916.1
916.2
916.3000000000001
916.4000000000001
916.5
916.6
916.7
916.8000000000001
916.9000000000001
917.
917.1
917.2
917.3000000000001
917.4000000000001
917.5
917.6
917.7
917.8000000000001
917.9000000000001
918.
918.1
918.2
918.3000000000001
918.4000000000001
918.5
918.6
918.7
918.8000000000001
918.9000000000001
919.
919.1
919.2
919.3000000000001
919.4000000000001
919.5
919.6
919.7
919.8000000000001
919.9000000000001
920.
920.1
920.2
920.3000000000001
920.4000000000001
920.5
920.6
920.7
920.8000000000001
920.9000000000001
921.
921.1
921.2
921.3000000000001
921.4000000000001
921.5
921.6
921.7
921.8000000000001
921.9000000000001
922.
922.1
922.2
922.3000000000001
922.4000000000001
922.5
922.6
922.7
922.8000000000001
922.9000000000001
923.
923.1
923.2
923.3000000000001
923.4000000000001
923.5
923.6
923.7
923.8000000000001
923.9000000000001
924.
924.1
924.2
924.3000000000001
924.4000000000001
924.5
924.6
924.7
924.8000000000001
924.9000000000001
925.
925.1
925.2
925.3000000000001
925.4000000000001
925.5
925.6
925.7
925.8000000000001
925.9000000000001
926.
926.1
926.2
926.3000000000001
926.4000000000001
926.5
926.6
926.7
926.8000000000001
926.9000000000001
927.
927.1
927.2
927.3000000000001
927.4000000000001
927.5
927.6
927.7
927.8000000000001
927.9000000000001
928.
928.1
928.2
928.3000000000001
928.4000000000001
928.5
928.6
928.7
928.8000000000001
928.9000000000001
929.
929.1
929.2
929.3000000000001
929.4000000000001
929.5
929.6
929.7
929.8000000000001
929.9000000000001
930.
930.1
930.2
930.3000000000001
930.4000000000001
930.5
930.6
930.7
930.8000000000001
930.9000000000001
931.
931.1
931.2
931.3000000000001
931.4000000000001
931.5
931.6
931.7
931.8000000000001
931.9000000000001
932.
932.1
932.2
932.3000000000001
932.4000000000001
932.5
932.6
932.7
932.8000000000001
932.9000000000001
933.
933.1
933.2
933.3000000000001
933.4000000000001
933.5
933.6
933.7
933.8000000000001
933.9000000000001
934.
934.1
934.2
934.3000000000001
934.4000000000001
934.5
934.6
934.7
934.8000000000001
934.9000000000001
935.
935.1
935.2
935.3000000000001
935.4000000000001
935.5
935.6
935.7
935.8000000000001
935.9000000000001
936.
936.1
936.2
936.3000000000001
936.4000000000001
936.5
936.6
936.7
936.8000000000001
936.9000000000001
937.
937.1
937.2
937.3000000000001
937.4000000000001
937.5
937.6
937.7
937.8000000000001
937.9000000000001
938.
938.1
938.2
938.3000000000001
938.4000000000001
938.5
938.6
938.7
938.8000000000001
938.9000000000001
939.
939.1
939.2
939.3000000000001
939.4000000000001
939.5
939.6
939.7
939.8000000000001
939.9000000000001
940.
940.1
940.2
940.3000000000001
940.4000000000001
940.5
940.6
940.7
940.8000000000001
940.9000000000001
941.
941.1
941.2
941.3000000000001
941.4000000000001
941.5
941.6
941.7
941.8000000000001
941.9000000000001
942.
942.1
942.2
942.3000000000001
942.4000000000001
942.5
942.6
942.7
942.8000000000001
942.9000000000001
943.
943.1
943.2
943.3000000000001
943.4000000000001
943.5
943.6
943.7
943.8000000000001
943.9000000000001
944.
944.1
944.2
944.3000000000001
944.4000000000001
944.5
944.6
944.7
944.8000000000001
944.9000000000001
945.
945.1
945.2
945.3000000000001
945.4000000000001
945.5
945.6
945.7
945.8000000000001
945.9000000000001
946.
946.1
946.2
946.3000000000001
946.4000000000001
946.5
946.6
946.7
946.8000000000001
946.9000000000001
947.
947.1
947.2
947.3000000000001
947.4000000000001
947.5
947.6
947.7
947.8000000000001
947.9000000000001
948.
948.1
948.2
948.3000000000001
948.4000000000001
948.5
948.6
948.7
948.8000000000001
948.9000000000001
949.
949.1
949.2
949.3000000000001
949.4000000000001
949.5
949.6
949.7
949.8000000000001
949.9000000000001
950.
950.1
950.2
950.3000000000001
950.4000000000001
950.5
950.6
950.7
950.8000000000001
950.9000000000001
951.
951.1
951.2
951.3000000000001
951.4000000000001
951.5
951.6
951.7
951.8000000000001
951.9000000000001
952.
952.1
952.2
952.3000000000001
952.4000000000001
952.5
952.6
952.7
952.8000000000001
952.9000000000001
953.
953.1
953.2
953.3000000000001
953.4000000000001
953.5
953.6
953.7
953.8000000000001
953.9000000000001
954.
954.1
954.2
954.3000000000001
954.4000000000001
954.5
954.6
954.7
954.8000000000001
954.9000000000001
955.
955.1
955.2
955.3000000000001
955.4000000000001
955.5
955.6
955.7
955.8000000000001
955.9000000000001
956.
956.1
956.2
956.3000000000001
956.4000000000001
956.5
956.6
956.7
956.8000000000001
956.9000000000001
957.
957.1
957.2
957.3000000000001
957.4000000000001
957.5
957.6
957.7
957.8000000000001
957.9000000000001
958.
958.1
958.2
958.3000000000001
958.4000000000001
958.5
958.6
958.7
958.8000000000001
958.9000000000001
959.
959.1
959.2
959.3000000000001
959.4000000000001
959.5
959.6
959.7
959.8000000000001
959.9000000000001
960.
960.1
960.2
960.3000000000001
960.4000000000001
960.5
960.6
960.7
960.8000000000001
960.9000000000001
961.
961.1
961.2
961.3000000000001
961.4000000000001
961.5
961.6
961.7
961.8000000000001
961.9000000000001
962.
962.1
962.2
962.3000000000001
962.4000000000001
962.5
962.6
962.7
962.8000000000001
962.9000000000001
963.
963.1
963.2
963.3000000000001
963.4000000000001
963.5
963.6
963.7
963.8000000000001
963.9000000000001
964.
964.1
964.2
964.3000000000001
964.4000000000001
964.5
964.6
964.7
964.8000000000001
964.9000000000001
965.
965.1
965.2
965.3000000000001
965.4000000000001
965.5
965.6
965.7
965.8000000000001
965.9000000000001
966.
966.1
966.2
966.3000000000001
966.4000000000001
966.5
966.6
966.7
966.8000000000001
966.9000000000001
967.
967.1
967.2
967.3000000000001
967.4000000000001
967.5
967.6
967.7
967.8000000000001
967.9000000000001
968.
968.1
968.2
968.3000000000001
968.4000000000001
968.5
968.6
968.7
968.8000000000001
968.9000000000001
969.
969.1
969.2
969.3000000000001
969.4000000000001
969.5
969.6
969.7
969.8000000000001
969.9000000000001
970.
970.1
970.2
970.3000000000001
970.4000000000001
970.5
970.6
970.7
970.8000000000001
970.9000000000001
971.
971.1
971.2
971.3000000000001
971.4000000000001
971.5
971.6
971.7
971.8000000000001
971.9000000000001
972.
972.1
972.2
972.3000000000001
972.4000000000001
972.5
972.6
972.7
972.8000000000001
972.9000000000001
973.
973.1
973.2
973.3000000000001
973.4000000000001
973.5
973.6
973.7
973.8000000000001
973.9000000000001
974.
974.1
974.2
974.3000000000001
974.4000000000001
974.5
974.6
974.7
974.8000000000001
974.9000000000001
975.
975.1
975.2
975.3000000000001
975.4000000000001
975.5
975.6
975.7
975.8000000000001
975.9000000000001
976.
976.1
976.2
976.3000000000001
976.4000000000001
976.5
976.6
976.7
976.8000000000001
976.9000000000001
977.
977.1
977.2
977.3000000000001
977.4000000000001
977.5
977.6
977.7
977.8000000000001
977.9000000000001
978.
978.1
978.2
978.3000000000001
978.4000000000001
978.5
978.6
978.7
978.8000000000001
978.9000000000001
979.
979.1
979.2
979.3000000000001
979.4000000000001
979.5
979.6
979.7
979.8000000000001
979.9000000000001
980.
980.1
980.2
980.3000000000001
980.4000000000001
980.5
980.6
980.7
980.8000000000001
980.9000000000001
981.
981.1
981.2
981.3000000000001
981.4000000000001
981.5
981.6
981.7
981.8000000000001
981.9000000000001
982.
982.1
982.2
982.3000000000001
982.4000000000001
982.5
982.6
982.7
982.8000000000001
982.9000000000001
983.
983.1
983.2
983.3000000000001
983.4000000000001
983.5
983.6
983.7
983.8000000000001
983.9000000000001
984.
984.1
984.2
984.3000000000001
984.4000000000001
984.5
984.6
984.7
984.8000000000001
984.9000000000001
985.
985.1
985.2
985.3000000000001
985.4000000000001
985.5
985.6
985.7
985.8000000000001
985.9000000000001
986.
986.1
986.2
986.3000000000001
986.4000000000001
986.5
986.6
986.7
986.8000000000001
986.9000000000001
987.
987.1
987.2
987.3000000000001
987.4000000000001
987.5
987.6
987.7
987.8000000000001
987.9000000000001
988.
988.1
988.2
988.3000000000001
988.4000000000001
988.5
988.6
988.7
988.8000000000001
988.9000000000001
989.
989.1
989.2
989.3000000000001
989.4000000000001
989.5
989.6
989.7
989.8000000000001
989.9000000000001
990.
990.1
990.2
990.3000000000001
990.4000000000001
990.5
990.6
990.7
990.8000000000001
990.9000000000001
991.
991.1
991.2
991.3000000000001
991.4000000000001
991.5
991.6
991.7
991.8000000000001
991.9000000000001
992.
992.1
992.2
992.3000000000001
992.4000000000001
992.5
992.6
992.7
992.8000000000001
992.9000000000001
993.
993.1
993.2
993.3000000000001
993.4000000000001
993.5
993.6
993.7
993.8000000000001
993.9000000000001
994.
994.1
994.2
994.3000000000001
994.4000000000001
994.5
994.6
994.7
994.8000000000001
994.9000000000001
995.
995.1
995.2
995.3000000000001
995.4000000000001
995.5
995.6
995.7
995.8000000000001
995.9000000000001
996.
996.1
996.2
996.3000000000001
996.4000000000001
996.5
996.6
996.7
996.8000000000001
996.9000000000001
997.
997.1
997.2
997.3000000000001
997.4000000000001
997.5
997.6
997.7
997.8000000000001
997.9000000000001
998.
998.1
998.2
998.3000000000001
998.4000000000001
998.5
998.6
998.7
998.8000000000001
998.9000000000001
999.
999.1
999.2
999.3000000000001
999.4000000000001
999.5
999.6
999.7
999.8000000000001
999.9000000000001
1000.
1000.1
1000.2
1000.3000000000001
1000.4000000000001
1000.5
1000.6
1000.7
1000.8000000000001
1000.9000000000001
1001.
1001.1
1001.2
1001.3000000000001
1001.4000000000001
1001.5
1001.6
1001.7
1001.8000000000001
1001.9000000000001
1002.
1002.1
1002.2
1002.3000000000001
1002.4000000000001
1002.5
1002.6
1002.7
1002.8000000000001
1002.9000000000001
1003.
1003.1
1003.2
1003.3000000000001
1003.4000000000001
1003.5
1003.6
1003.7
1003.8000000000001
1003.9000000000001
1004.
1004.1
1004.2
1004.3000000000001
1004.4000000000001
1004.5
1004.6
1004.7
1004.8000000000001
1004.9000000000001
1005.
1005.1
1005.2
1005.3000000000001
1005.4000000000001
1005.5
1005.6
1005.7
1005.8000000000001
1005.9000000000001
1006.
1006.1
1006.2
1006.3000000000001
1006.4000000000001
1006.5
1006.6
1006.7
1006.8000000000001
1006.9000000000001
1007.
1007.1
1007.2
1007.3000000000001
1007.4000000000001
1007.5
1007.6
1007.7
1007.8000000000001
1007.9000000000001
1008.
1008.1
1008.2
1008.3000000000001
1008.4000000000001
1008.5
1008.6
1008.7
1008.8000000000001
1008.9000000000001
1009.
1009.1
1009.2
1009.3000000000001
1009.4000000000001
1009.5
1009.6
1009.7
1009.8000000000001
1009.9000000000001
1010.
1010.1
1010.2
1010.3000000000001
1010.4000000000001
1010.5
1010.6
1010.7
1010.8000000000001
1010.9000000000001
1011.
1011.1
1011.2
1011.3000000000001
1011.4000000000001
1011.5
1011.6
1011.7
1011.8000000000001
1011.9000000000001
1012.
1012.1
1012.2
1012.3000000000001
1012.4000000000001
1012.5
1012.6
1012.7
1012.8000000000001
1012.9000000000001
1013.
1013.1
1013.2
1013.3000000000001
1013.4000000000001
1013.5
1013.6
1013.7
1013.8000000000001
1013.9000000000001
1014.
1014.1
1014.2
1014.3000000000001
1014.4000000000001
1014.5
1014.6
1014.7
1014.8000000000001
1014.9000000000001
1015.
1015.1
1015.2
1015.3000000000001
1015.4000000000001
1015.5
1015.6
1015.7
1015.8000000000001
1015.9000000000001
1016.
1016.1
1016.2
1016.3000000000001
1016.4000000000001
1016.5
1016.6
1016.7
1016.8000000000001
1016.9000000000001
1017.
1017.1
1017.2
1017.3000000000001
1017.4000000000001
1017.5
1017.6
1017.7
1017.8000000000001
1017.9000000000001
1018.
1018.1
1018.2
1018.3000000000001
1018.4000000000001
1018.5
1018.6
1018.7
1018.8000000000001
1018.9000000000001
1019.
1019.1
1019.2
1019.3000000000001
1019.4000000000001
1019.5
1019.6
1019.7
1019.8000000000001
1019.9000000000001
1020.
1020.1
1020.2
1020.3000000000001
1020.4000000000001
1020.5
1020.6
1020.7
1020.8000000000001
1020.9000000000001
1021.
1021.1
1021.2
1021.3000000000001
1021.4000000000001
1021.5
1021.6
1021.7
1021.8000000000001
1021.9000000000001
1022.
1022.1
1022.2
1022.3000000000001
1022.4000000000001
1022.5
1022.6
1022.7
1022.8000000000001
1022.9000000000001
1023.
1023.1
1023.2
1023.3000000000001
1023.4000000000001
1023.5
1023.6
1023.7
1023.8000000000001
1023.9000000000001
1024.
1024.1
1024.2
1024.3000000000002
1024.4
1024.5
1024.6
1024.7
1024.8000000000002
1024.9
1025.
1025.1000000000001
1025.2
1025.3
1025.4
1025.5
1025.6000000000001
1025.7
1025.8
1025.9
1026.
1026.1000000000001
1026.2
1026.3
1026.4
1026.5
1026.6000000000001
1026.7
1026.8
1026.9
1027.
1027.1000000000001
1027.2
1027.3
1027.4
1027.5
1027.6000000000001
1027.7
1027.8
1027.9
1028.
1028.1000000000001
1028.2
1028.3
1028.4
1028.5
1028.6000000000001
1028.7
1028.8
1028.9
1029.
1029.1000000000001
1029.2
1029.3
1029.4
1029.5
1029.6000000000001
1029.7
1029.8
1029.9
1030.
1030.1000000000001
1030.2
1030.3
1030.4
1030.5
1030.6000000000001
1030.7
1030.8
1030.9
1031.
1031.1000000000001
1031.2
1031.3
1031.4
1031.5
1031.6000000000001
1031.7
1031.8
1031.9
1032.
1032.1000000000001
1032.2
1032.3
1032.4
1032.5
1032.6000000000001
1032.7
1032.8
1032.9
1033.
1033.1000000000001
1033.2
1033.3
1033.4
1033.5
1033.6000000000001
1033.7
1033.8
1033.9
1034.
1034.1000000000001
1034.2
1034.3
1034.4
1034.5
1034.6000000000001
1034.7
1034.8
1034.9
1035.
1035.1000000000001
1035.2
1035.3
1035.4
1035.5
1035.6000000000001
1035.7
1035.8
1035.9
1036.
1036.1000000000001
1036.2
1036.3
1036.4
1036.5
1036.6000000000001
1036.7
1036.8
1036.9
1037.
1037.1000000000001
1037.2
1037.3
1037.4
1037.5
1037.6000000000001
1037.7
1037.8
1037.9
1038.
1038.1000000000001
1038.2
1038.3
1038.4
1038.5
1038.6000000000001
1038.7
1038.8
1038.9
1039.
1039.1000000000001
1039.2
1039.3
1039.4
1039.5
1039.6000000000001
1039.7
1039.8
1039.9
1040.
1040.1000000000001
1040.2
1040.3
1040.4
1040.5
1040.6000000000001
1040.7
1040.8
1040.9
1041.
1041.1000000000001
1041.2
1041.3
1041.4
1041.5
1041.6000000000001
1041.7
1041.8
1041.9
1042.
1042.1000000000001
1042.2
1042.3
1042.4
1042.5
1042.6000000000001
1042.7
1042.8
1042.9
1043.
1043.1000000000001
1043.2
1043.3
1043.4
1043.5
1043.6000000000001
1043.7
1043.8
1043.9
1044.
1044.1000000000001
1044.2
1044.3
1044.4
1044.5
1044.6000000000001
1044.7
1044.8
1044.9
1045.
1045.1000000000001
1045.2
1045.3
1045.4
1045.5
1045.6000000000001
1045.7
1045.8
1045.9
1046.
1046.1000000000001
1046.2
1046.3
1046.4
1046.5
1046.6000000000001
1046.7
1046.8
1046.9
1047.
1047.1000000000001
1047.2
1047.3
1047.4
1047.5
1047.6000000000001
1047.7
1047.8
1047.9
1048.
1048.1000000000001
1048.2
1048.3
1048.4
1048.5
1048.6000000000001
1048.7
1048.8
1048.9
1049.
1049.1000000000001
1049.2
1049.3
1049.4
1049.5
1049.6000000000001
1049.7
1049.8
1049.9
1050.
1050.1000000000001
1050.2
1050.3
1050.4
1050.5
1050.6000000000001
1050.7
1050.8
1050.9
1051.
1051.1000000000001
1051.2
1051.3
1051.4
1051.5
1051.6000000000001
1051.7
1051.8
1051.9
1052.
1052.1000000000001
1052.2
1052.3
1052.4
1052.5
1052.6000000000001
1052.7
1052.8
1052.9
1053.
1053.1000000000001
1053.2
1053.3
1053.4
1053.5
1053.6000000000001
1053.7
1053.8
1053.9
1054.
1054.1000000000001
1054.2
1054.3
1054.4
1054.5
1054.6000000000001
1054.7
1054.8
1054.9
1055.
1055.1000000000001
1055.2
1055.3
1055.4
1055.5
1055.6000000000001
1055.7
1055.8
1055.9
1056.
1056.1000000000001
1056.2
1056.3
1056.4
1056.5
1056.6000000000001
1056.7
1056.8
1056.9
1057.
1057.1000000000001
1057.2
1057.3
1057.4
1057.5
1057.6000000000001
1057.7
1057.8
1057.9
1058.
1058.1000000000001
1058.2
1058.3
1058.4
1058.5
1058.6000000000001
1058.7
1058.8
1058.9
1059.
1059.1000000000001
1059.2
1059.3
1059.4
1059.5
1059.6000000000001
1059.7
1059.8
1059.9
1060.
1060.1000000000001
1060.2
1060.3
1060.4
1060.5
1060.6000000000001
1060.7
1060.8
1060.9
1061.
1061.1000000000001
1061.2
1061.3
1061.4
1061.5
1061.6000000000001
1061.7
1061.8
1061.9
1062.
1062.1000000000001
1062.2
1062.3
1062.4
1062.5
1062.6000000000001
1062.7
1062.8
1062.9
1063.
1063.1000000000001
1063.2
1063.3
1063.4
1063.5
1063.6000000000001
1063.7
1063.8
1063.9
1064.
1064.1000000000001
1064.2
1064.3
1064.4
1064.5
1064.6000000000001
1064.7
1064.8
1064.9
1065.
1065.1000000000001
1065.2
1065.3
1065.4
1065.5
1065.6000000000001
1065.7
1065.8
1065.9
1066.
1066.1000000000001
1066.2
1066.3
1066.4
1066.5
1066.6000000000001
1066.7
1066.8
1066.9
1067.
1067.1000000000001
1067.2
1067.3
1067.4
1067.5
1067.6000000000001
1067.7
1067.8
1067.9
1068.
1068.1000000000001
1068.2
1068.3
1068.4
1068.5
1068.6000000000001
1068.7
1068.8
1068.9
1069.
1069.1000000000001
1069.2
1069.3
1069.4
1069.5
1069.6000000000001
1069.7
1069.8
1069.9
1070.
1070.1000000000001
1070.2
1070.3
1070.4
1070.5
1070.6000000000001
1070.7
1070.8
1070.9
1071.
1071.1000000000001
1071.2
1071.3
1071.4
1071.5
1071.6000000000001
1071.7
1071.8
1071.9
1072.
1072.1000000000001
1072.2
1072.3
1072.4
1072.5
1072.6000000000001
1072.7
1072.8
1072.9
1073.
1073.1000000000001
1073.2
1073.3
1073.4
1073.5
1073.6000000000001
1073.7
1073.8
1073.9
1074.
1074.1000000000001
1074.2
1074.3
1074.4
1074.5
1074.6000000000001
1074.7
1074.8
1074.9
1075.
1075.1000000000001
1075.2
1075.3
1075.4
1075.5
1075.6000000000001
1075.7
1075.8
1075.9
1076.
1076.1000000000001
1076.2
1076.3
1076.4
1076.5
1076.6000000000001
1076.7
1076.8
1076.9
1077.
1077.1000000000001
1077.2
1077.3
1077.4
1077.5
1077.6000000000001
1077.7
1077.8
1077.9
1078.
1078.1000000000001
1078.2
1078.3
1078.4
1078.5
1078.6000000000001
1078.7
1078.8
1078.9
1079.
1079.1000000000001
1079.2
1079.3
1079.4
1079.5
1079.6000000000001
1079.7
1079.8
1079.9
1080.
1080.1000000000001
1080.2
1080.3
1080.4
1080.5
1080.6000000000001
1080.7
1080.8
1080.9
1081.
1081.1000000000001
1081.2
1081.3
1081.4
1081.5
1081.6000000000001
1081.7
1081.8
1081.9
1082.
1082.1000000000001
1082.2
1082.3
1082.4
1082.5
1082.6000000000001
1082.7
1082.8
1082.9
1083.
1083.1000000000001
1083.2
1083.3
1083.4
1083.5
1083.6000000000001
1083.7
1083.8
1083.9
1084.
1084.1000000000001
1084.2
1084.3
1084.4
1084.5
1084.6000000000001
1084.7
1084.8
1084.9
1085.
1085.1000000000001
1085.2
1085.3
1085.4
1085.5
1085.6000000000001
1085.7
1085.8
1085.9
1086.
1086.1000000000001
1086.2
1086.3
1086.4
1086.5
1086.6000000000001
1086.7
1086.8
1086.9
1087.
1087.1000000000001
1087.2
1087.3
1087.4
1087.5
1087.6000000000001
1087.7
1087.8
1087.9
1088.
1088.1000000000001
1088.2
1088.3
1088.4
1088.5
1088.6000000000001
1088.7
1088.8
1088.9
1089.
1089.1000000000001
1089.2
1089.3
1089.4
1089.5
1089.6000000000001
1089.7
1089.8
1089.9
1090.
1090.1000000000001
1090.2
1090.3
1090.4
1090.5
1090.6000000000001
1090.7
1090.8
1090.9
1091.
1091.1000000000001
1091.2
1091.3
1091.4
1091.5
1091.6000000000001
1091.7
1091.8
1091.9
1092.
1092.1000000000001
1092.2
1092.3
1092.4
1092.5
1092.6000000000001
1092.7
1092.8
1092.9
1093.
1093.1000000000001
1093.2
1093.3
1093.4
1093.5
1093.6000000000001
1093.7
1093.8
1093.9
1094.
1094.1000000000001
1094.2
1094.3
1094.4
1094.5
1094.6000000000001
1094.7
1094.8
1094.9
1095.
1095.1000000000001
1095.2
1095.3
1095.4
1095.5
1095.6000000000001
1095.7
1095.8
1095.9
1096.
1096.1000000000001
1096.2
1096.3
1096.4
1096.5
1096.6000000000001
1096.7
1096.8
1096.9
1097.
1097.1000000000001
1097.2
1097.3
1097.4
1097.5
1097.6000000000001
1097.7
1097.8
1097.9
1098.
1098.1000000000001
1098.2
1098.3
1098.4
1098.5
1098.6000000000001
1098.7
1098.8
1098.9
1099.
1099.1000000000001
1099.2
1099.3
1099.4
1099.5
1099.6000000000001
1099.7
1099.8
1099.9
1100.
1100.1000000000001
1100.2
1100.3
1100.4
1100.5
1100.6000000000001
1100.7
1100.8
1100.9
1101.
1101.1000000000001
1101.2
1101.3
1101.4
1101.5
1101.6000000000001
1101.7
1101.8
1101.9
1102.
1102.1000000000001
1102.2
1102.3
1102.4
1102.5
1102.6000000000001
1102.7
1102.8
1102.9
1103.
1103.1000000000001
1103.2
1103.3
1103.4
1103.5
1103.6000000000001
1103.7
1103.8
1103.9
1104.
1104.1000000000001
1104.2
1104.3
1104.4
1104.5
1104.6000000000001
1104.7
1104.8
1104.9
1105.
1105.1000000000001
1105.2
1105.3
1105.4
1105.5
1105.6000000000001
1105.7
1105.8
1105.9
1106.
1106.1000000000001
1106.2
1106.3
1106.4
1106.5
1106.6000000000001
1106.7
1106.8
1106.9
1107.
1107.1000000000001
1107.2
1107.3
1107.4
1107.5
1107.6000000000001
1107.7
1107.8
1107.9
1108.
1108.1000000000001
1108.2
1108.3
1108.4
1108.5
1108.6000000000001
1108.7
1108.8
1108.9
1109.
1109.1000000000001
1109.2
1109.3
1109.4
1109.5
1109.6000000000001
1109.7
1109.8
1109.9
1110.
1110.1000000000001
1110.2
1110.3
1110.4
1110.5
1110.6000000000001
1110.7
1110.8
1110.9
1111.
1111.1000000000001
1111.2
1111.3
1111.4
1111.5
1111.6000000000001
1111.7
1111.8
1111.9
1112.
1112.1000000000001
1112.2
1112.3
1112.4
1112.5
1112.6000000000001
1112.7
1112.8
1112.9
1113.
1113.1000000000001
1113.2
1113.3
1113.4
1113.5
1113.6000000000001
1113.7
1113.8
1113.9
1114.
1114.1000000000001
1114.2
1114.3
1114.4
1114.5
1114.6000000000001
1114.7
1114.8
1114.9
1115.
1115.1000000000001
1115.2
1115.3
1115.4
1115.5
1115.6000000000001
1115.7
1115.8
1115.9
1116.
1116.1000000000001
1116.2
1116.3
1116.4
1116.5
1116.6000000000001
1116.7
1116.8
1116.9
1117.
1117.1000000000001
1117.2
1117.3
1117.4
1117.5
1117.6000000000001
1117.7
1117.8
1117.9
1118.
1118.1000000000001
1118.2
1118.3
1118.4
1118.5
1118.6000000000001
1118.7
1118.8
1118.9
1119.
1119.1000000000001
1119.2
1119.3
1119.4
1119.5
1119.6000000000001
1119.7
1119.8
1119.9
1120.
1120.1000000000001
1120.2
1120.3
1120.4
1120.5
1120.6000000000001
1120.7
1120.8
1120.9
1121.
1121.1000000000001
1121.2
1121.3
1121.4
1121.5
1121.6000000000001
1121.7
1121.8
1121.9
1122.
1122.1000000000001
1122.2
1122.3
1122.4
1122.5
1122.6000000000001
1122.7
1122.8
1122.9
1123.
1123.1000000000001
1123.2
1123.3
1123.4
1123.5
1123.6000000000001
1123.7
1123.8
1123.9
1124.
1124.1000000000001
1124.2
1124.3
1124.4
1124.5
1124.6000000000001
1124.7
1124.8
1124.9
1125.
1125.1000000000001
1125.2
1125.3
1125.4
1125.5
1125.6000000000001
1125.7
1125.8
1125.9
1126.
1126.1000000000001
1126.2
1126.3
1126.4
1126.5
1126.6000000000001
1126.7
1126.8
1126.9
1127.
1127.1000000000001
1127.2
1127.3
1127.4
1127.5
1127.6000000000001
1127.7
1127.8
1127.9
1128.
1128.1000000000001
1128.2
1128.3
1128.4
1128.5
1128.6000000000001
1128.7
1128.8
1128.9
1129.
1129.1000000000001
1129.2
1129.3
1129.4
1129.5
1129.6000000000001
1129.7
1129.8
1129.9
1130.
1130.1000000000001
1130.2
1130.3
1130.4
1130.5
1130.6000000000001
1130.7
1130.8
1130.9
1131.
1131.1000000000001
1131.2
1131.3
1131.4
1131.5
1131.6000000000001
1131.7
1131.8
1131.9
1132.
1132.1000000000001
1132.2
1132.3
1132.4
1132.5
1132.6000000000001
1132.7
1132.8
1132.9
1133.
1133.1000000000001
1133.2
1133.3
1133.4
1133.5
1133.6000000000001
1133.7
1133.8
1133.9
1134.
1134.1000000000001
1134.2
1134.3
1134.4
1134.5
1134.6000000000001
1134.7
1134.8
1134.9
1135.
1135.1000000000001
1135.2
1135.3
1135.4
1135.5
1135.6000000000001
1135.7
1135.8
1135.9
1136.
1136.1000000000001
1136.2
1136.3
1136.4
1136.5
1136.6000000000001
1136.7
1136.8
1136.9
1137.
1137.1000000000001
1137.2
1137.3
1137.4
1137.5
1137.6000000000001
1137.7
1137.8
1137.9
1138.
1138.1000000000001
1138.2
1138.3
1138.4
1138.5
1138.6000000000001
1138.7
1138.8
1138.9
1139.
1139.1000000000001
1139.2
1139.3
1139.4
1139.5
1139.6000000000001
1139.7
1139.8
1139.9
1140.
1140.1000000000001
1140.2
1140.3
1140.4
1140.5
1140.6000000000001
1140.7
1140.8
1140.9
1141.
1141.1000000000001
1141.2
1141.3
1141.4
1141.5
1141.6000000000001
1141.7
1141.8
1141.9
1142.
1142.1000000000001
1142.2
1142.3
1142.4
1142.5
1142.6000000000001
1142.7
1142.8
1142.9
1143.
1143.1000000000001
1143.2
1143.3
1143.4
1143.5
1143.6000000000001
1143.7
1143.8
1143.9
1144.
1144.1000000000001
1144.2
1144.3
1144.4
1144.5
1144.6000000000001
1144.7
1144.8
1144.9
1145.
1145.1000000000001
1145.2
1145.3
1145.4
1145.5
1145.6000000000001
1145.7
1145.8
1145.9
1146.
1146.1000000000001
1146.2
1146.3
1146.4
1146.5
1146.6000000000001
1146.7
1146.8
1146.9
1147.
1147.1000000000001
1147.2
1147.3
1147.4
1147.5
1147.6000000000001
1147.7
1147.8
1147.9
1148.
1148.1000000000001
1148.2
1148.3
1148.4
1148.5
1148.6000000000001
1148.7
1148.8
1148.9
1149.
1149.1000000000001
1149.2
1149.3
1149.4
1149.5
1149.6000000000001
1149.7
1149.8
1149.9
1150.
1150.1000000000001
1150.2
1150.3
1150.4
1150.5
1150.6000000000001
1150.7
1150.8
1150.9
1151.
1151.1000000000001
1151.2
1151.3
1151.4
1151.5
1151.6000000000001
1151.7
1151.8
1151.9
1152.
1152.1000000000001
1152.2
1152.3
1152.4
1152.5
1152.6000000000001
1152.7
1152.8
1152.9
1153.
1153.1000000000001
1153.2
1153.3
1153.4
1153.5
1153.6000000000001
1153.7
1153.8
1153.9
1154.
1154.1000000000001
1154.2
1154.3
1154.4
1154.5
1154.6000000000001
1154.7
1154.8
1154.9
1155.
1155.1000000000001
1155.2
1155.3
1155.4
1155.5
1155.6000000000001
1155.7
1155.8
1155.9
1156.
1156.1000000000001
1156.2
1156.3
1156.4
1156.5
1156.6000000000001
1156.7
1156.8
1156.9
1157.
1157.1000000000001
1157.2
1157.3
1157.4
1157.5
1157.6000000000001
1157.7
1157.8
1157.9
1158.
1158.1000000000001
1158.2
1158.3
1158.4
1158.5
1158.6000000000001
1158.7
1158.8
1158.9
1159.
1159.1000000000001
1159.2
1159.3
1159.4
1159.5
1159.6000000000001
1159.7
1159.8
1159.9
1160.
1160.1000000000001
1160.2
1160.3
1160.4
1160.5
1160.6000000000001
1160.7
1160.8
1160.9
1161.
1161.1000000000001
1161.2
1161.3
1161.4
1161.5
1161.6000000000001
1161.7
1161.8
1161.9
1162.
1162.1000000000001
1162.2
1162.3
1162.4
1162.5
1162.6000000000001
1162.7
1162.8
1162.9
1163.
1163.1000000000001
1163.2
1163.3
1163.4
1163.5
1163.6000000000001
1163.7
1163.8
1163.9
1164.
1164.1000000000001
1164.2
1164.3
1164.4
1164.5
1164.6000000000001
1164.7
1164.8
1164.9
1165.
1165.1000000000001
1165.2
1165.3
1165.4
1165.5
1165.6000000000001
1165.7
1165.8
1165.9
1166.
1166.1000000000001
1166.2
1166.3
1166.4
1166.5
1166.6000000000001
1166.7
1166.8
1166.9
1167.
1167.1000000000001
1167.2
1167.3
1167.4
1167.5
1167.6000000000001
1167.7
1167.8
1167.9
1168.
1168.1000000000001
1168.2
1168.3
1168.4
1168.5
1168.6000000000001
1168.7
1168.8
1168.9
1169.
1169.1000000000001
1169.2
1169.3
1169.4
1169.5
1169.6000000000001
1169.7
1169.8
1169.9
1170.
1170.1000000000001
1170.2
1170.3
1170.4
1170.5
1170.6000000000001
1170.7
1170.8
1170.9
1171.
1171.1000000000001
1171.2
1171.3
1171.4
1171.5
1171.6000000000001
1171.7
1171.8
1171.9
1172.
1172.1000000000001
1172.2
1172.3
1172.4
1172.5
1172.6000000000001
1172.7
1172.8
1172.9
1173.
1173.1000000000001
1173.2
1173.3
1173.4
1173.5
1173.6000000000001
1173.7
1173.8
1173.9
1174.
1174.1000000000001
1174.2
1174.3
1174.4
1174.5
1174.6000000000001
1174.7
1174.8
1174.9
1175.
1175.1000000000001
1175.2
1175.3
1175.4
1175.5
1175.6000000000001
1175.7
1175.8
1175.9
1176.
1176.1000000000001
1176.2
1176.3
1176.4
1176.5
1176.6000000000001
1176.7
1176.8
1176.9
1177.
1177.1000000000001
1177.2
1177.3
1177.4
1177.5
1177.6000000000001
1177.7
1177.8
1177.9
1178.
1178.1000000000001
1178.2
1178.3
1178.4
1178.5
1178.6000000000001
1178.7
1178.8
1178.9
1179.
1179.1000000000001
1179.2
1179.3
1179.4
1179.5
1179.6000000000001
1179.7
1179.8
1179.9
1180.
1180.1000000000001
1180.2
1180.3
1180.4
1180.5
1180.6000000000001
1180.7
1180.8
1180.9
1181.
1181.1000000000001
1181.2
1181.3
1181.4
1181.5
1181.6000000000001
1181.7
1181.8
1181.9
1182.
1182.1000000000001
1182.2
1182.3
1182.4
1182.5
1182.6000000000001
1182.7
1182.8
1182.9
1183.
1183.1000000000001
1183.2
1183.3
1183.4
1183.5
1183.6000000000001
1183.7
1183.8
1183.9
1184.
1184.1000000000001
1184.2
1184.3
1184.4
1184.5
1184.6000000000001
1184.7
1184.8
1184.9
1185.
1185.1000000000001
1185.2
1185.3
1185.4
1185.5
1185.6000000000001
1185.7
1185.8
1185.9
1186.
1186.1000000000001
1186.2
1186.3
1186.4
1186.5
1186.6000000000001
1186.7
1186.8
1186.9
1187.
1187.1000000000001
1187.2
1187.3
1187.4
1187.5
1187.6000000000001
1187.7
1187.8
1187.9
1188.
1188.1000000000001
1188.2
1188.3
1188.4
1188.5
1188.6000000000001
1188.7
1188.8
1188.9
1189.
1189.1000000000001
1189.2
1189.3
1189.4
1189.5
1189.6000000000001
1189.7
1189.8
1189.9
1190.
1190.1000000000001
1190.2
1190.3
1190.4
1190.5
1190.6000000000001
1190.7
1190.8
1190.9
1191.
1191.1000000000001
1191.2
1191.3
1191.4
1191.5
1191.6000000000001
1191.7
1191.8
1191.9
1192.
1192.1000000000001
1192.2
1192.3
1192.4
1192.5
1192.6000000000001
1192.7
1192.8
1192.9
1193.
1193.1000000000001
1193.2
1193.3
1193.4
1193.5
1193.6000000000001
1193.7
1193.8
1193.9
1194.
1194.1000000000001
1194.2
1194.3
1194.4
1194.5
1194.6000000000001
1194.7
1194.8
1194.9
1195.
1195.1000000000001
1195.2
1195.3
1195.4
1195.5
1195.6000000000001
1195.7
1195.8
1195.9
1196.
1196.1000000000001
1196.2
1196.3
1196.4
1196.5
1196.6000000000001
1196.7
1196.8
1196.9
1197.
1197.1000000000001
1197.2
1197.3
1197.4
1197.5
1197.6000000000001
1197.7
1197.8
1197.9
1198.
1198.1000000000001
1198.2
1198.3
1198.4
1198.5
1198.6000000000001
1198.7
1198.8
1198.9
1199.
1199.1000000000001
1199.2
1199.3
1199.4
1199.5
1199.6000000000001
1199.7
1199.8
1199.9
1200.
1200.1000000000001
1200.2
1200.3
1200.4
1200.5
1200.6000000000001
1200.7
1200.8
1200.9
1201.
1201.1000000000001
1201.2
1201.3
1201.4
1201.5
1201.6000000000001
1201.7
1201.8
1201.9
1202.
1202.1000000000001
1202.2
1202.3
1202.4
1202.5
1202.6000000000001
1202.7
1202.8
1202.9
1203.
1203.1000000000001
1203.2
1203.3
1203.4
1203.5
1203.6000000000001
1203.7
1203.8
1203.9
1204.
1204.1000000000001
1204.2
1204.3
1204.4
1204.5
1204.6000000000001
1204.7
1204.8
1204.9
1205.
1205.1000000000001
1205.2
1205.3
1205.4
1205.5
1205.6000000000001
1205.7
1205.8
1205.9
1206.
1206.1000000000001
1206.2
1206.3
1206.4
1206.5
1206.6000000000001
1206.7
1206.8
1206.9
1207.
1207.1000000000001
1207.2
1207.3
1207.4
1207.5
1207.6000000000001
1207.7
1207.8
1207.9
1208.
1208.1000000000001
1208.2
1208.3
1208.4
1208.5
1208.6000000000001
1208.7
1208.8
1208.9
1209.
1209.1000000000001
1209.2
1209.3
1209.4
1209.5
1209.6000000000001
1209.7
1209.8
1209.9
1210.
1210.1000000000001
1210.2
1210.3
1210.4
1210.5
1210.6000000000001
1210.7
1210.8
1210.9
1211.
1211.1000000000001
1211.2
1211.3
1211.4
1211.5
1211.6000000000001
1211.7
1211.8
1211.9
1212.
1212.1000000000001
1212.2
1212.3
1212.4
1212.5
1212.6000000000001
1212.7
1212.8
1212.9
1213.
1213.1000000000001
1213.2
1213.3
1213.4
1213.5
1213.6000000000001
1213.7
1213.8
1213.9
1214.
1214.1000000000001
1214.2
1214.3
1214.4
1214.5
1214.6000000000001
1214.7
1214.8
1214.9
1215.
1215.1000000000001
1215.2
1215.3
1215.4
1215.5
1215.6000000000001
1215.7
1215.8
1215.9
1216.
1216.1000000000001
1216.2
1216.3
1216.4
1216.5
1216.6000000000001
1216.7
1216.8
1216.9
1217.
1217.1000000000001
1217.2
1217.3
1217.4
1217.5
1217.6000000000001
1217.7
1217.8
1217.9
1218.
1218.1000000000001
1218.2
1218.3
1218.4
1218.5
1218.6000000000001
1218.7
1218.8
1218.9
1219.
1219.1000000000001
1219.2
1219.3
1219.4
1219.5
1219.6000000000001
1219.7
1219.8
1219.9
1220.
1220.1000000000001
1220.2
1220.3
1220.4
1220.5
1220.6000000000001
1220.7
1220.8
1220.9
1221.
1221.1000000000001
1221.2
1221.3
1221.4
1221.5
1221.6000000000001
1221.7
1221.8
1221.9
1222.
1222.1000000000001
1222.2
1222.3
1222.4
1222.5
1222.6000000000001
1222.7
1222.8
1222.9
1223.
1223.1000000000001
1223.2
1223.3
1223.4
1223.5
1223.6000000000001
1223.7
1223.8
1223.9
1224.
1224.1000000000001
1224.2
1224.3
1224.4
1224.5
1224.6000000000001
1224.7
1224.8
1224.9
1225.
1225.1000000000001
1225.2
1225.3
1225.4
1225.5
1225.6000000000001
1225.7
1225.8
1225.9
1226.
1226.1000000000001
1226.2
1226.3
1226.4
1226.5
1226.6000000000001
1226.7
1226.8
1226.9
1227.
1227.1000000000001
1227.2
1227.3
1227.4
1227.5
1227.6000000000001
1227.7
1227.8
1227.9
1228.
1228.1000000000001
1228.2
1228.3
1228.4
1228.5
1228.6000000000001
1228.7
1228.8
1228.9
1229.
1229.1000000000001
1229.2
1229.3
1229.4
1229.5
1229.6000000000001
1229.7
1229.8000000000002
1229.9
1230.
1230.1000000000001
1230.2
1230.3000000000002
1230.4
1230.5
1230.6000000000001
1230.7
1230.8000000000002
1230.9
1231.
1231.1000000000001
1231.2
1231.3000000000002
1231.4
1231.5
1231.6000000000001
1231.7
1231.8000000000002
1231.9
1232.
1232.1000000000001
1232.2
1232.3000000000002
1232.4
1232.5
1232.6000000000001
1232.7
1232.8000000000002
1232.9
1233.
1233.1000000000001
1233.2
1233.3000000000002
1233.4
1233.5
1233.6000000000001
1233.7
1233.8000000000002
1233.9
1234.
1234.1000000000001
1234.2
1234.3000000000002
1234.4
1234.5
1234.6000000000001
1234.7
1234.8000000000002
1234.9
1235.
1235.1000000000001
1235.2
1235.3000000000002
1235.4
1235.5
1235.6000000000001
1235.7
1235.8000000000002
1235.9
1236.
1236.1000000000001
1236.2
1236.3000000000002
1236.4
1236.5
1236.6000000000001
1236.7
1236.8000000000002
1236.9
1237.
1237.1000000000001
1237.2
1237.3000000000002
1237.4
1237.5
1237.6000000000001
1237.7
1237.8000000000002
1237.9
1238.
1238.1000000000001
1238.2
1238.3000000000002
1238.4
1238.5
1238.6000000000001
1238.7
1238.8000000000002
1238.9
1239.
1239.1000000000001
1239.2
1239.3000000000002
1239.4
1239.5
1239.6000000000001
1239.7
1239.8000000000002
1239.9
1240.
1240.1000000000001
1240.2
1240.3000000000002
1240.4
1240.5
1240.6000000000001
1240.7
1240.8000000000002
1240.9
1241.
1241.1000000000001
1241.2
1241.3000000000002
1241.4
1241.5
1241.6000000000001
1241.7
1241.8000000000002
1241.9
1242.
1242.1000000000001
1242.2
1242.3000000000002
1242.4
1242.5
1242.6000000000001
1242.7
1242.8000000000002
1242.9
1243.
1243.1000000000001
1243.2
1243.3000000000002
1243.4
1243.5
1243.6000000000001
1243.7
1243.8000000000002
1243.9
1244.
1244.1000000000001
1244.2
1244.3000000000002
1244.4
1244.5
1244.6000000000001
1244.7
1244.8000000000002
1244.9
1245.
1245.1000000000001
1245.2
1245.3000000000002
1245.4
1245.5
1245.6000000000001
1245.7
1245.8000000000002
1245.9
1246.
1246.1000000000001
1246.2
1246.3000000000002
1246.4
1246.5
1246.6000000000001
1246.7
1246.8000000000002
1246.9
1247.
1247.1000000000001
1247.2
1247.3000000000002
1247.4
1247.5
1247.6000000000001
1247.7
1247.8000000000002
1247.9
1248.
1248.1000000000001
1248.2
1248.3000000000002
1248.4
1248.5
1248.6000000000001
1248.7
1248.8000000000002
1248.9
1249.
1249.1000000000001
1249.2
1249.3000000000002
1249.4
1249.5
1249.6000000000001
1249.7
1249.8000000000002
1249.9
1250.
1250.1000000000001
1250.2
1250.3000000000002
1250.4
1250.5
1250.6000000000001
1250.7
1250.8000000000002
1250.9
1251.
1251.1000000000001
1251.2
1251.3000000000002
1251.4
1251.5
1251.6000000000001
1251.7
1251.8000000000002
1251.9
1252.
1252.1000000000001
1252.2
1252.3000000000002
1252.4
1252.5
1252.6000000000001
1252.7
1252.8000000000002
1252.9
1253.
1253.1000000000001
1253.2
1253.3000000000002
1253.4
1253.5
1253.6000000000001
1253.7
1253.8000000000002
1253.9
1254.
1254.1000000000001
1254.2
1254.3000000000002
1254.4
1254.5
1254.6000000000001
1254.7
1254.8000000000002
1254.9
1255.
1255.1000000000001
1255.2
1255.3000000000002
1255.4
1255.5
1255.6000000000001
1255.7
1255.8000000000002
1255.9
1256.
1256.1000000000001
1256.2
1256.3000000000002
1256.4
1256.5
1256.6000000000001
1256.7
1256.8000000000002
1256.9
1257.
1257.1000000000001
1257.2
1257.3000000000002
1257.4
1257.5
1257.6000000000001
1257.7
1257.8000000000002
1257.9
1258.
1258.1000000000001
1258.2
1258.3000000000002
1258.4
1258.5
1258.6000000000001
1258.7
1258.8000000000002
1258.9
1259.
1259.1000000000001
1259.2
1259.3000000000002
1259.4
1259.5
1259.6000000000001
1259.7
1259.8000000000002
1259.9
1260.
1260.1000000000001
1260.2
1260.3000000000002
1260.4
1260.5
1260.6000000000001
1260.7
1260.8000000000002
1260.9
1261.
1261.1000000000001
1261.2
1261.3000000000002
1261.4
1261.5
1261.6000000000001
1261.7
1261.8000000000002
1261.9
1262.
1262.1000000000001
1262.2
1262.3000000000002
1262.4
1262.5
1262.6000000000001
1262.7
1262.8000000000002
1262.9
1263.
1263.1000000000001
1263.2
1263.3000000000002
1263.4
1263.5
1263.6000000000001
1263.7
1263.8000000000002
1263.9
1264.
1264.1000000000001
1264.2
1264.3000000000002
1264.4
1264.5
1264.6000000000001
1264.7
1264.8000000000002
1264.9
1265.
1265.1000000000001
1265.2
1265.3000000000002
1265.4
1265.5
1265.6000000000001
1265.7
1265.8000000000002
1265.9
1266.
1266.1000000000001
1266.2
1266.3000000000002
1266.4
1266.5
1266.6000000000001
1266.7
1266.8000000000002
1266.9
1267.
1267.1000000000001
1267.2
1267.3000000000002
1267.4
1267.5
1267.6000000000001
1267.7
1267.8000000000002
1267.9
1268.
1268.1000000000001
1268.2
1268.3000000000002
1268.4
1268.5
1268.6000000000001
1268.7
1268.8000000000002
1268.9
1269.
1269.1000000000001
1269.2
1269.3000000000002
1269.4
1269.5
1269.6000000000001
1269.7
1269.8000000000002
1269.9
1270.
1270.1000000000001
1270.2
1270.3000000000002
1270.4
1270.5
1270.6000000000001
1270.7
1270.8000000000002
1270.9
1271.
1271.1000000000001
1271.2
1271.3000000000002
1271.4
1271.5
1271.6000000000001
1271.7
1271.8000000000002
1271.9
1272.
1272.1000000000001
1272.2
1272.3000000000002
1272.4
1272.5
1272.6000000000001
1272.7
1272.8000000000002
1272.9
1273.
1273.1000000000001
1273.2
1273.3000000000002
1273.4
1273.5
1273.6000000000001
1273.7
1273.8000000000002
1273.9
1274.
1274.1000000000001
1274.2
1274.3000000000002
1274.4
1274.5
1274.6000000000001
1274.7
1274.8000000000002
1274.9
1275.
1275.1000000000001
1275.2
1275.3000000000002
1275.4
1275.5
1275.6000000000001
1275.7
1275.8000000000002
1275.9
1276.
1276.1000000000001
1276.2
1276.3000000000002
1276.4
1276.5
1276.6000000000001
1276.7
1276.8000000000002
1276.9
1277.
1277.1000000000001
1277.2
1277.3000000000002
1277.4
1277.5
1277.6000000000001
1277.7
1277.8000000000002
1277.9
1278.
1278.1000000000001
1278.2
1278.3000000000002
1278.4
1278.5
1278.6000000000001
1278.7
1278.8000000000002
1278.9
1279.
1279.1000000000001
1279.2
1279.3000000000002
1279.4
1279.5
1279.6000000000001
1279.7
1279.8000000000002
1279.9
1280.
1280.1000000000001
1280.2
1280.3000000000002
1280.4
1280.5
1280.6000000000001
1280.7
1280.8000000000002
1280.9
1281.
1281.1000000000001
1281.2
1281.3000000000002
1281.4
1281.5
1281.6000000000001
1281.7
1281.8000000000002
1281.9
1282.
1282.1000000000001
1282.2
1282.3000000000002
1282.4
1282.5
1282.6000000000001
1282.7
1282.8000000000002
1282.9
1283.
1283.1000000000001
1283.2
1283.3000000000002
1283.4
1283.5
1283.6000000000001
1283.7
1283.8000000000002
1283.9
1284.
1284.1000000000001
1284.2
1284.3000000000002
1284.4
1284.5
1284.6000000000001
1284.7
1284.8000000000002
1284.9
1285.
1285.1000000000001
1285.2
1285.3000000000002
1285.4
1285.5
1285.6000000000001
1285.7
1285.8000000000002
1285.9
1286.
1286.1000000000001
1286.2
1286.3000000000002
1286.4
1286.5
1286.6000000000001
1286.7
1286.8000000000002
1286.9
1287.
1287.1000000000001
1287.2
1287.3000000000002
1287.4
1287.5
1287.6000000000001
1287.7
1287.8000000000002
1287.9
1288.
1288.1000000000001
1288.2
1288.3000000000002
1288.4
1288.5
1288.6000000000001
1288.7
1288.8000000000002
1288.9
1289.
1289.1000000000001
1289.2
1289.3000000000002
1289.4
1289.5
1289.6000000000001
1289.7
1289.8000000000002
1289.9
1290.
1290.1000000000001
1290.2
1290.3000000000002
1290.4
1290.5
1290.6000000000001
1290.7
1290.8000000000002
1290.9
1291.
1291.1000000000001
1291.2
1291.3000000000002
1291.4
1291.5
1291.6000000000001
1291.7
1291.8000000000002
1291.9
1292.
1292.1000000000001
1292.2
1292.3000000000002
1292.4
1292.5
1292.6000000000001
1292.7
1292.8000000000002
1292.9
1293.
1293.1000000000001
1293.2
1293.3000000000002
1293.4
1293.5
1293.6000000000001
1293.7
1293.8000000000002
1293.9
1294.
1294.1000000000001
1294.2
1294.3000000000002
1294.4
1294.5
1294.6000000000001
1294.7
1294.8000000000002
1294.9
1295.
1295.1000000000001
1295.2
1295.3000000000002
1295.4
1295.5
1295.6000000000001
1295.7
1295.8000000000002
1295.9
1296.
1296.1000000000001
1296.2
1296.3000000000002
1296.4
1296.5
1296.6000000000001
1296.7
1296.8000000000002
1296.9
1297.
1297.1000000000001
1297.2
1297.3000000000002
1297.4
1297.5
1297.6000000000001
1297.7
1297.8000000000002
1297.9
1298.
1298.1000000000001
1298.2
1298.3000000000002
1298.4
1298.5
1298.6000000000001
1298.7
1298.8000000000002
1298.9
1299.
1299.1000000000001
1299.2
1299.3000000000002
1299.4
1299.5
1299.6000000000001
1299.7
1299.8000000000002
1299.9
1300.
1300.1000000000001
1300.2
1300.3000000000002
1300.4
1300.5
1300.6000000000001
1300.7
1300.8000000000002
1300.9
1301.
1301.1000000000001
1301.2
1301.3000000000002
1301.4
1301.5
1301.6000000000001
1301.7
1301.8000000000002
1301.9
1302.
1302.1000000000001
1302.2
1302.3000000000002
1302.4
1302.5
1302.6000000000001
1302.7
1302.8000000000002
1302.9
1303.
1303.1000000000001
1303.2
1303.3000000000002
1303.4
1303.5
1303.6000000000001
1303.7
1303.8000000000002
1303.9
1304.
1304.1000000000001
1304.2
1304.3000000000002
1304.4
1304.5
1304.6000000000001
1304.7
1304.8000000000002
1304.9
1305.
1305.1000000000001
1305.2
1305.3000000000002
1305.4
1305.5
1305.6000000000001
1305.7
1305.8000000000002
1305.9
1306.
1306.1000000000001
1306.2
1306.3000000000002
1306.4
1306.5
1306.6000000000001
1306.7
1306.8000000000002
1306.9
1307.
1307.1000000000001
1307.2
1307.3000000000002
1307.4
1307.5
1307.6000000000001
1307.7
1307.8000000000002
1307.9
1308.
1308.1000000000001
1308.2
1308.3000000000002
1308.4
1308.5
1308.6000000000001
1308.7
1308.8000000000002
1308.9
1309.
1309.1000000000001
1309.2
1309.3000000000002
1309.4
1309.5
1309.6000000000001
1309.7
1309.8000000000002
1309.9
1310.
1310.1000000000001
1310.2
1310.3000000000002
1310.4
1310.5
1310.6000000000001
1310.7
1310.8000000000002
1310.9
1311.
1311.1000000000001
1311.2
1311.3000000000002
1311.4
1311.5
1311.6000000000001
1311.7
1311.8000000000002
1311.9
1312.
1312.1000000000001
1312.2
1312.3000000000002
1312.4
1312.5
1312.6000000000001
1312.7
1312.8000000000002
1312.9
1313.
1313.1000000000001
1313.2
1313.3000000000002
1313.4
1313.5
1313.6000000000001
1313.7
1313.8000000000002
1313.9
1314.
1314.1000000000001
1314.2
1314.3000000000002
1314.4
1314.5
1314.6000000000001
1314.7
1314.8000000000002
1314.9
1315.
1315.1000000000001
1315.2
1315.3000000000002
1315.4
1315.5
1315.6000000000001
1315.7
1315.8000000000002
1315.9
1316.
1316.1000000000001
1316.2
1316.3000000000002
1316.4
1316.5
1316.6000000000001
1316.7
1316.8000000000002
1316.9
1317.
1317.1000000000001
1317.2
1317.3000000000002
1317.4
1317.5
1317.6000000000001
1317.7
1317.8000000000002
1317.9
1318.
1318.1000000000001
1318.2
1318.3000000000002
1318.4
1318.5
1318.6000000000001
1318.7
1318.8000000000002
1318.9
1319.
1319.1000000000001
1319.2
1319.3000000000002
1319.4
1319.5
1319.6000000000001
1319.7
1319.8000000000002
1319.9
1320.
1320.1000000000001
1320.2
1320.3000000000002
1320.4
1320.5
1320.6000000000001
1320.7
1320.8000000000002
1320.9
1321.
1321.1000000000001
1321.2
1321.3000000000002
1321.4
1321.5
1321.6000000000001
1321.7
1321.8000000000002
1321.9
1322.
1322.1000000000001
1322.2
1322.3000000000002
1322.4
1322.5
1322.6000000000001
1322.7
1322.8000000000002
1322.9
1323.
1323.1000000000001
1323.2
1323.3000000000002
1323.4
1323.5
1323.6000000000001
1323.7
1323.8000000000002
1323.9
1324.
1324.1000000000001
1324.2
1324.3000000000002
1324.4
1324.5
1324.6000000000001
1324.7
1324.8000000000002
1324.9
1325.
1325.1000000000001
1325.2
1325.3000000000002
1325.4
1325.5
1325.6000000000001
1325.7
1325.8000000000002
1325.9
1326.
1326.1000000000001
1326.2
1326.3000000000002
1326.4
1326.5
1326.6000000000001
1326.7
1326.8000000000002
1326.9
1327.
1327.1000000000001
1327.2
1327.3000000000002
1327.4
1327.5
1327.6000000000001
1327.7
1327.8000000000002
1327.9
1328.
1328.1000000000001
1328.2
1328.3000000000002
1328.4
1328.5
1328.6000000000001
1328.7
1328.8000000000002
1328.9
1329.
1329.1000000000001
1329.2
1329.3000000000002
1329.4
1329.5
1329.6000000000001
1329.7
1329.8000000000002
1329.9
1330.
1330.1000000000001
1330.2
1330.3000000000002
1330.4
1330.5
1330.6000000000001
1330.7
1330.8000000000002
1330.9
1331.
1331.1000000000001
1331.2
1331.3000000000002
1331.4
1331.5
1331.6000000000001
1331.7
1331.8000000000002
1331.9
1332.
1332.1000000000001
1332.2
1332.3000000000002
1332.4
1332.5
1332.6000000000001
1332.7
1332.8000000000002
1332.9
1333.
1333.1000000000001
1333.2
1333.3000000000002
1333.4
1333.5
1333.6000000000001
1333.7
1333.8000000000002
1333.9
1334.
1334.1000000000001
1334.2
1334.3000000000002
1334.4
1334.5
1334.6000000000001
1334.7
1334.8000000000002
1334.9
1335.
1335.1000000000001
1335.2
1335.3000000000002
1335.4
1335.5
1335.6000000000001
1335.7
1335.8000000000002
1335.9
1336.
1336.1000000000001
1336.2
1336.3000000000002
1336.4
1336.5
1336.6000000000001
1336.7
1336.8000000000002
1336.9
1337.
1337.1000000000001
1337.2
1337.3000000000002
1337.4
1337.5
1337.6000000000001
1337.7
1337.8000000000002
1337.9
1338.
1338.1000000000001
1338.2
1338.3000000000002
1338.4
1338.5
1338.6000000000001
1338.7
1338.8000000000002
1338.9
1339.
1339.1000000000001
1339.2
1339.3000000000002
1339.4
1339.5
1339.6000000000001
1339.7
1339.8000000000002
1339.9
1340.
1340.1000000000001
1340.2
1340.3000000000002
1340.4
1340.5
1340.6000000000001
1340.7
1340.8000000000002
1340.9
1341.
1341.1000000000001
1341.2
1341.3000000000002
1341.4
1341.5
1341.6000000000001
1341.7
1341.8000000000002
1341.9
1342.
1342.1000000000001
1342.2
1342.3000000000002
1342.4
1342.5
1342.6000000000001
1342.7
1342.8000000000002
1342.9
1343.
1343.1000000000001
1343.2
1343.3000000000002
1343.4
1343.5
1343.6000000000001
1343.7
1343.8000000000002
1343.9
1344.
1344.1000000000001
1344.2
1344.3000000000002
1344.4
1344.5
1344.6000000000001
1344.7
1344.8000000000002
1344.9
1345.
1345.1000000000001
1345.2
1345.3000000000002
1345.4
1345.5
1345.6000000000001
1345.7
1345.8000000000002
1345.9
1346.
1346.1000000000001
1346.2
1346.3000000000002
1346.4
1346.5
1346.6000000000001
1346.7
1346.8000000000002
1346.9
1347.
1347.1000000000001
1347.2
1347.3000000000002
1347.4
1347.5
1347.6000000000001
1347.7
1347.8000000000002
1347.9
1348.
1348.1000000000001
1348.2
1348.3000000000002
1348.4
1348.5
1348.6000000000001
1348.7
1348.8000000000002
1348.9
1349.
1349.1000000000001
1349.2
1349.3000000000002
1349.4
1349.5
1349.6000000000001
1349.7
1349.8000000000002
1349.9
1350.
1350.1000000000001
1350.2
1350.3000000000002
1350.4
1350.5
1350.6000000000001
1350.7
1350.8000000000002
1350.9
1351.
1351.1000000000001
1351.2
1351.3000000000002
1351.4
1351.5
1351.6000000000001
1351.7
1351.8000000000002
1351.9
1352.
1352.1000000000001
1352.2
1352.3000000000002
1352.4
1352.5
1352.6000000000001
1352.7
1352.8000000000002
1352.9
1353.
1353.1000000000001
1353.2
1353.3000000000002
1353.4
1353.5
1353.6000000000001
1353.7
1353.8000000000002
1353.9
1354.
1354.1000000000001
1354.2
1354.3000000000002
1354.4
1354.5
1354.6000000000001
1354.7
1354.8000000000002
1354.9
1355.
1355.1000000000001
1355.2
1355.3000000000002
1355.4
1355.5
1355.6000000000001
1355.7
1355.8000000000002
1355.9
1356.
1356.1000000000001
1356.2
1356.3000000000002
1356.4
1356.5
1356.6000000000001
1356.7
1356.8000000000002
1356.9
1357.
1357.1000000000001
1357.2
1357.3000000000002
1357.4
1357.5
1357.6000000000001
1357.7
1357.8000000000002
1357.9
1358.
1358.1000000000001
1358.2
1358.3000000000002
1358.4
1358.5
1358.6000000000001
1358.7
1358.8000000000002
1358.9
1359.
1359.1000000000001
1359.2
1359.3000000000002
1359.4
1359.5
1359.6000000000001
1359.7
1359.8000000000002
1359.9
1360.
1360.1000000000001
1360.2
1360.3000000000002
1360.4
1360.5
1360.6000000000001
1360.7
1360.8000000000002
1360.9
1361.
1361.1000000000001
1361.2
1361.3000000000002
1361.4
1361.5
1361.6000000000001
1361.7
1361.8000000000002
1361.9
1362.
1362.1000000000001
1362.2
1362.3000000000002
1362.4
1362.5
1362.6000000000001
1362.7
1362.8000000000002
1362.9
1363.
1363.1000000000001
1363.2
1363.3000000000002
1363.4
1363.5
1363.6000000000001
1363.7
1363.8000000000002
1363.9
1364.
1364.1000000000001
1364.2
1364.3000000000002
1364.4
1364.5
1364.6000000000001
1364.7
1364.8000000000002
1364.9
1365.
1365.1000000000001
1365.2
1365.3000000000002
1365.4
1365.5
1365.6000000000001
1365.7
1365.8000000000002
1365.9
1366.
1366.1000000000001
1366.2
1366.3000000000002
1366.4
1366.5
1366.6000000000001
1366.7
1366.8000000000002
1366.9
1367.
1367.1000000000001
1367.2
1367.3000000000002
1367.4
1367.5
1367.6000000000001
1367.7
1367.8000000000002
1367.9
1368.
1368.1000000000001
1368.2
1368.3000000000002
1368.4
1368.5
1368.6000000000001
1368.7
1368.8000000000002
1368.9
1369.
1369.1000000000001
1369.2
1369.3000000000002
1369.4
1369.5
1369.6000000000001
1369.7
1369.8000000000002
1369.9
1370.
1370.1000000000001
1370.2
1370.3000000000002
1370.4
1370.5
1370.6000000000001
1370.7
1370.8000000000002
1370.9
1371.
1371.1000000000001
1371.2
1371.3000000000002
1371.4
1371.5
1371.6000000000001
1371.7
1371.8000000000002
1371.9
1372.
1372.1000000000001
1372.2
1372.3000000000002
1372.4
1372.5
1372.6000000000001
1372.7
1372.8000000000002
1372.9
1373.
1373.1000000000001
1373.2
1373.3000000000002
1373.4
1373.5
1373.6000000000001
1373.7
1373.8000000000002
1373.9
1374.
1374.1000000000001
1374.2
1374.3000000000002
1374.4
1374.5
1374.6000000000001
1374.7
1374.8000000000002
1374.9
1375.
1375.1000000000001
1375.2
1375.3000000000002
1375.4
1375.5
1375.6000000000001
1375.7
1375.8000000000002
1375.9
1376.
1376.1000000000001
1376.2
1376.3000000000002
1376.4
1376.5
1376.6000000000001
1376.7
1376.8000000000002
1376.9
1377.
1377.1000000000001
1377.2
1377.3000000000002
1377.4
1377.5
1377.6000000000001
1377.7
1377.8000000000002
1377.9
1378.
1378.1000000000001
1378.2
1378.3000000000002
1378.4
1378.5
1378.6000000000001
1378.7
1378.8000000000002
1378.9
1379.
1379.1000000000001
1379.2
1379.3000000000002
1379.4
1379.5
1379.6000000000001
1379.7
1379.8000000000002
1379.9
1380.
1380.1000000000001
1380.2
1380.3000000000002
1380.4
1380.5
1380.6000000000001
1380.7
1380.8000000000002
1380.9
1381.
1381.1000000000001
1381.2
1381.3000000000002
1381.4
1381.5
1381.6000000000001
1381.7
1381.8000000000002
1381.9
1382.
1382.1000000000001
1382.2
1382.3000000000002
1382.4
1382.5
1382.6000000000001
1382.7
1382.8000000000002
1382.9
1383.
1383.1000000000001
1383.2
1383.3000000000002
1383.4
1383.5
1383.6000000000001
1383.7
1383.8000000000002
1383.9
1384.
1384.1000000000001
1384.2
1384.3000000000002
1384.4
1384.5
1384.6000000000001
1384.7
1384.8000000000002
1384.9
1385.
1385.1000000000001
1385.2
1385.3000000000002
1385.4
1385.5
1385.6000000000001
1385.7
1385.8000000000002
1385.9
1386.
1386.1000000000001
1386.2
1386.3000000000002
1386.4
1386.5
1386.6000000000001
1386.7
1386.8000000000002
1386.9
1387.
1387.1000000000001
1387.2
1387.3000000000002
1387.4
1387.5
1387.6000000000001
1387.7
1387.8000000000002
1387.9
1388.
1388.1000000000001
1388.2
1388.3000000000002
1388.4
1388.5
1388.6000000000001
1388.7
1388.8000000000002
1388.9
1389.
1389.1000000000001
1389.2
1389.3000000000002
1389.4
1389.5
1389.6000000000001
1389.7
1389.8000000000002
1389.9
1390.
1390.1000000000001
1390.2
1390.3000000000002
1390.4
1390.5
1390.6000000000001
1390.7
1390.8000000000002
1390.9
1391.
1391.1000000000001
1391.2
1391.3000000000002
1391.4
1391.5
1391.6000000000001
1391.7
1391.8000000000002
1391.9
1392.
1392.1000000000001
1392.2
1392.3000000000002
1392.4
1392.5
1392.6000000000001
1392.7
1392.8000000000002
1392.9
1393.
1393.1000000000001
1393.2
1393.3000000000002
1393.4
1393.5
1393.6000000000001
1393.7
1393.8000000000002
1393.9
1394.
1394.1000000000001
1394.2
1394.3000000000002
1394.4
1394.5
1394.6000000000001
1394.7
1394.8000000000002
1394.9
1395.
1395.1000000000001
1395.2
1395.3000000000002
1395.4
1395.5
1395.6000000000001
1395.7
1395.8000000000002
1395.9
1396.
1396.1000000000001
1396.2
1396.3000000000002
1396.4
1396.5
1396.6000000000001
1396.7
1396.8000000000002
1396.9
1397.
1397.1000000000001
1397.2
1397.3000000000002
1397.4
1397.5
1397.6000000000001
1397.7
1397.8000000000002
1397.9
1398.
1398.1000000000001
1398.2
1398.3000000000002
1398.4
1398.5
1398.6000000000001
1398.7
1398.8000000000002
1398.9
1399.
1399.1000000000001
1399.2
1399.3000000000002
1399.4
1399.5
1399.6000000000001
1399.7
1399.8000000000002
1399.9
1400.
1400.1000000000001
1400.2
1400.3000000000002
1400.4
1400.5
1400.6000000000001
1400.7
1400.8000000000002
1400.9
1401.
1401.1000000000001
1401.2
1401.3000000000002
1401.4
1401.5
1401.6000000000001
1401.7
1401.8000000000002
1401.9
1402.
1402.1000000000001
1402.2
1402.3000000000002
1402.4
1402.5
1402.6000000000001
1402.7
1402.8000000000002
1402.9
1403.
1403.1000000000001
1403.2
1403.3000000000002
1403.4
1403.5
1403.6000000000001
1403.7
1403.8000000000002
1403.9
1404.
1404.1000000000001
1404.2
1404.3000000000002
1404.4
1404.5
1404.6000000000001
1404.7
1404.8000000000002
1404.9
1405.
1405.1000000000001
1405.2
1405.3000000000002
1405.4
1405.5
1405.6000000000001
1405.7
1405.8000000000002
1405.9
1406.
1406.1000000000001
1406.2
1406.3000000000002
1406.4
1406.5
1406.6000000000001
1406.7
1406.8000000000002
1406.9
1407.
1407.1000000000001
1407.2
1407.3000000000002
1407.4
1407.5
1407.6000000000001
1407.7
1407.8000000000002
1407.9
1408.
1408.1000000000001
1408.2
1408.3000000000002
1408.4
1408.5
1408.6000000000001
1408.7
1408.8000000000002
1408.9
1409.
1409.1000000000001
1409.2
1409.3000000000002
1409.4
1409.5
1409.6000000000001
1409.7
1409.8000000000002
1409.9
1410.
1410.1000000000001
1410.2
1410.3000000000002
1410.4
1410.5
1410.6000000000001
1410.7
1410.8000000000002
1410.9
1411.
1411.1000000000001
1411.2
1411.3000000000002
1411.4
1411.5
1411.6000000000001
1411.7
1411.8000000000002
1411.9
1412.
1412.1000000000001
1412.2
1412.3000000000002
1412.4
1412.5
1412.6000000000001
1412.7
1412.8000000000002
1412.9
1413.
1413.1000000000001
1413.2
1413.3000000000002
1413.4
1413.5
1413.6000000000001
1413.7
1413.8000000000002
1413.9
1414.
1414.1000000000001
1414.2
1414.3000000000002
1414.4
1414.5
1414.6000000000001
1414.7
1414.8000000000002
1414.9
1415.
1415.1000000000001
1415.2
1415.3000000000002
1415.4
1415.5
1415.6000000000001
1415.7
1415.8000000000002
1415.9
1416.
1416.1000000000001
1416.2
1416.3000000000002
1416.4
1416.5
1416.6000000000001
1416.7
1416.8000000000002
1416.9
1417.
1417.1000000000001
1417.2
1417.3000000000002
1417.4
1417.5
1417.6000000000001
1417.7
1417.8000000000002
1417.9
1418.
1418.1000000000001
1418.2
1418.3000000000002
1418.4
1418.5
1418.6000000000001
1418.7
1418.8000000000002
1418.9
1419.
1419.1000000000001
1419.2
1419.3000000000002
1419.4
1419.5
1419.6000000000001
1419.7
1419.8000000000002
1419.9
1420.
1420.1000000000001
1420.2
1420.3000000000002
1420.4
1420.5
1420.6000000000001
1420.7
1420.8000000000002
1420.9
1421.
1421.1000000000001
1421.2
1421.3000000000002
1421.4
1421.5
1421.6000000000001
1421.7
1421.8000000000002
1421.9
1422.
1422.1000000000001
1422.2
1422.3000000000002
1422.4
1422.5
1422.6000000000001
1422.7
1422.8000000000002
1422.9
1423.
1423.1000000000001
1423.2
1423.3000000000002
1423.4
1423.5
1423.6000000000001
1423.7
1423.8000000000002
1423.9
1424.
1424.1000000000001
1424.2
1424.3000000000002
1424.4
1424.5
1424.6000000000001
1424.7
1424.8000000000002
1424.9
1425.
1425.1000000000001
1425.2
1425.3000000000002
1425.4
1425.5
1425.6000000000001
1425.7
1425.8000000000002
1425.9
1426.
1426.1000000000001
1426.2
1426.3000000000002
1426.4
1426.5
1426.6000000000001
1426.7
1426.8000000000002
1426.9
1427.
1427.1000000000001
1427.2
1427.3000000000002
1427.4
1427.5
1427.6000000000001
1427.7
1427.8000000000002
1427.9
1428.
1428.1000000000001
1428.2
1428.3000000000002
1428.4
1428.5
1428.6000000000001
1428.7
1428.8000000000002
1428.9
1429.
1429.1000000000001
1429.2
1429.3000000000002
1429.4
1429.5
1429.6000000000001
1429.7
1429.8000000000002
1429.9
1430.
1430.1000000000001
1430.2
1430.3000000000002
1430.4
1430.5
1430.6000000000001
1430.7
1430.8000000000002
1430.9
1431.
1431.1000000000001
1431.2
1431.3000000000002
1431.4
1431.5
1431.6000000000001
1431.7
1431.8000000000002
1431.9
1432.
1432.1000000000001
1432.2
1432.3000000000002
1432.4
1432.5
1432.6000000000001
1432.7
1432.8000000000002
1432.9
1433.
1433.1000000000001
1433.2
1433.3000000000002
1433.4
1433.5
1433.6000000000001
1433.7
1433.8000000000002
1433.9
1434.
1434.1000000000001
1434.2
1434.3000000000002
1434.4
1434.5
1434.6000000000001
1434.7
1434.8000000000002
1434.9
1435.
1435.1000000000001
1435.2
1435.3000000000002
1435.4
1435.5
1435.6000000000001
1435.7
1435.8000000000002
1435.9
1436.
1436.1000000000001
1436.2
1436.3000000000002
1436.4
1436.5
1436.6000000000001
1436.7
1436.8000000000002
1436.9
1437.
1437.1000000000001
1437.2
1437.3000000000002
1437.4
1437.5
1437.6000000000001
1437.7
1437.8000000000002
1437.9
1438.
1438.1000000000001
1438.2
1438.3000000000002
1438.4
1438.5
1438.6000000000001
1438.7
1438.8000000000002
1438.9
1439.
1439.1000000000001
1439.2
1439.3000000000002
1439.4
1439.5
1439.6000000000001
1439.7
1439.8000000000002
1439.9
1440.
1440.1000000000001
1440.2
1440.3000000000002
1440.4
1440.5
1440.6000000000001
1440.7
1440.8000000000002
1440.9
1441.
1441.1000000000001
1441.2
1441.3000000000002
1441.4
1441.5
1441.6000000000001
1441.7
1441.8000000000002
1441.9
1442.
1442.1000000000001
1442.2
1442.3000000000002
1442.4
1442.5
1442.6000000000001
1442.7
1442.8000000000002
1442.9
1443.
1443.1000000000001
1443.2
1443.3000000000002
1443.4
1443.5
1443.6000000000001
1443.7
1443.8000000000002
1443.9
1444.
1444.1000000000001
1444.2
1444.3000000000002
1444.4
1444.5
1444.6000000000001
1444.7
1444.8000000000002
1444.9
1445.
1445.1000000000001
1445.2
1445.3000000000002
1445.4
1445.5
1445.6000000000001
1445.7
1445.8000000000002
1445.9
1446.
1446.1000000000001
1446.2
1446.3000000000002
1446.4
1446.5
1446.6000000000001
1446.7
1446.8000000000002
1446.9
1447.
1447.1000000000001
1447.2
1447.3000000000002
1447.4
1447.5
1447.6000000000001
1447.7
1447.8000000000002
1447.9
1448.
1448.1000000000001
1448.2
1448.3000000000002
1448.4
1448.5
1448.6000000000001
1448.7
1448.8000000000002
1448.9
1449.
1449.1000000000001
1449.2
1449.3000000000002
1449.4
1449.5
1449.6000000000001
1449.7
1449.8000000000002
1449.9
1450.
1450.1000000000001
1450.2
1450.3000000000002
1450.4
1450.5
1450.6000000000001
1450.7
1450.8000000000002
1450.9
1451.
1451.1000000000001
1451.2
1451.3000000000002
1451.4
1451.5
1451.6000000000001
1451.7
1451.8000000000002
1451.9
1452.
1452.1000000000001
1452.2
1452.3000000000002
1452.4
1452.5
1452.6000000000001
1452.7
1452.8000000000002
1452.9
1453.
1453.1000000000001
1453.2
1453.3000000000002
1453.4
1453.5
1453.6000000000001
1453.7
1453.8000000000002
1453.9
1454.
1454.1000000000001
1454.2
1454.3000000000002
1454.4
1454.5
1454.6000000000001
1454.7
1454.8000000000002
1454.9
1455.
1455.1000000000001
1455.2
1455.3000000000002
1455.4
1455.5
1455.6000000000001
1455.7
1455.8000000000002
1455.9
1456.
1456.1000000000001
1456.2
1456.3000000000002
1456.4
1456.5
1456.6000000000001
1456.7
1456.8000000000002
1456.9
1457.
1457.1000000000001
1457.2
1457.3000000000002
1457.4
1457.5
1457.6000000000001
1457.7
1457.8000000000002
1457.9
1458.
1458.1000000000001
1458.2
1458.3000000000002
1458.4
1458.5
1458.6000000000001
1458.7
1458.8000000000002
1458.9
1459.
1459.1000000000001
1459.2
1459.3000000000002
1459.4
1459.5
1459.6000000000001
1459.7
1459.8000000000002
1459.9
1460.
1460.1000000000001
1460.2
1460.3000000000002
1460.4
1460.5
1460.6000000000001
1460.7
1460.8000000000002
1460.9
1461.
1461.1000000000001
1461.2
1461.3000000000002
1461.4
1461.5
1461.6000000000001
1461.7
1461.8000000000002
1461.9
1462.
1462.1000000000001
1462.2
1462.3000000000002
1462.4
1462.5
1462.6000000000001
1462.7
1462.8000000000002
1462.9
1463.
1463.1000000000001
1463.2
1463.3000000000002
1463.4
1463.5
1463.6000000000001
1463.7
1463.8000000000002
1463.9
1464.
1464.1000000000001
1464.2
1464.3000000000002
1464.4
1464.5
1464.6000000000001
1464.7
1464.8000000000002
1464.9
1465.
1465.1000000000001
1465.2
1465.3000000000002
1465.4
1465.5
1465.6000000000001
1465.7
1465.8000000000002
1465.9
1466.
1466.1000000000001
1466.2
1466.3000000000002
1466.4
1466.5
1466.6000000000001
1466.7
1466.8000000000002
1466.9
1467.
1467.1000000000001
1467.2
1467.3000000000002
1467.4
1467.5
1467.6000000000001
1467.7
1467.8000000000002
1467.9
1468.
1468.1000000000001
1468.2
1468.3000000000002
1468.4
1468.5
1468.6000000000001
1468.7
1468.8000000000002
1468.9
1469.
1469.1000000000001
1469.2
1469.3000000000002
1469.4
1469.5
1469.6000000000001
1469.7
1469.8000000000002
1469.9
1470.
1470.1000000000001
1470.2
1470.3000000000002
1470.4
1470.5
1470.6000000000001
1470.7
1470.8000000000002
1470.9
1471.
1471.1000000000001
1471.2
1471.3000000000002
1471.4
1471.5
1471.6000000000001
1471.7
1471.8000000000002
1471.9
1472.
1472.1000000000001
1472.2
1472.3000000000002
1472.4
1472.5
1472.6000000000001
1472.7
1472.8000000000002
1472.9
1473.
1473.1000000000001
1473.2
1473.3000000000002
1473.4
1473.5
1473.6000000000001
1473.7
1473.8000000000002
1473.9
1474.
1474.1000000000001
1474.2
1474.3000000000002
1474.4
1474.5
1474.6000000000001
1474.7
1474.8000000000002
1474.9
1475.
1475.1000000000001
1475.2
1475.3000000000002
1475.4
1475.5
1475.6000000000001
1475.7
1475.8000000000002
1475.9
1476.
1476.1000000000001
1476.2
1476.3000000000002
1476.4
1476.5
1476.6000000000001
1476.7
1476.8000000000002
1476.9
1477.
1477.1000000000001
1477.2
1477.3000000000002
1477.4
1477.5
1477.6000000000001
1477.7
1477.8000000000002
1477.9
1478.
1478.1000000000001
1478.2
1478.3000000000002
1478.4
1478.5
1478.6000000000001
1478.7
1478.8000000000002
1478.9
1479.
1479.1000000000001
1479.2
1479.3000000000002
1479.4
1479.5
1479.6000000000001
1479.7
1479.8000000000002
1479.9
1480.
1480.1000000000001
1480.2
1480.3000000000002
1480.4
1480.5
1480.6000000000001
1480.7
1480.8000000000002
1480.9
1481.
1481.1000000000001
1481.2
1481.3000000000002
1481.4
1481.5
1481.6000000000001
1481.7
1481.8000000000002
1481.9
1482.
1482.1000000000001
1482.2
1482.3000000000002
1482.4
1482.5
1482.6000000000001
1482.7
1482.8000000000002
1482.9
1483.
1483.1000000000001
1483.2
1483.3000000000002
1483.4
1483.5
1483.6000000000001
1483.7
1483.8000000000002
1483.9
1484.
1484.1000000000001
1484.2
1484.3000000000002
1484.4
1484.5
1484.6000000000001
1484.7
1484.8000000000002
1484.9
1485.
1485.1000000000001
1485.2
1485.3000000000002
1485.4
1485.5
1485.6000000000001
1485.7
1485.8000000000002
1485.9
1486.
1486.1000000000001
1486.2
1486.3000000000002
1486.4
1486.5
1486.6000000000001
1486.7
1486.8000000000002
1486.9
1487.
1487.1000000000001
1487.2
1487.3000000000002
1487.4
1487.5
1487.6000000000001
1487.7
1487.8000000000002
1487.9
1488.
1488.1000000000001
1488.2
1488.3000000000002
1488.4
1488.5
1488.6000000000001
1488.7
1488.8000000000002
1488.9
1489.
1489.1000000000001
1489.2
1489.3000000000002
1489.4
1489.5
1489.6000000000001
1489.7
1489.8000000000002
1489.9
1490.
1490.1000000000001
1490.2
1490.3000000000002
1490.4
1490.5
1490.6000000000001
1490.7
1490.8000000000002
1490.9
1491.
1491.1000000000001
1491.2
1491.3000000000002
1491.4
1491.5
1491.6000000000001
1491.7
1491.8000000000002
1491.9
1492.
1492.1000000000001
1492.2
1492.3000000000002
1492.4
1492.5
1492.6000000000001
1492.7
1492.8000000000002
1492.9
1493.
1493.1000000000001
1493.2
1493.3000000000002
1493.4
1493.5
1493.6000000000001
1493.7
1493.8000000000002
1493.9
1494.
1494.1000000000001
1494.2
1494.3000000000002
1494.4
1494.5
1494.6000000000001
1494.7
1494.8000000000002
1494.9
1495.
1495.1000000000001
1495.2
1495.3000000000002
1495.4
1495.5
1495.6000000000001
1495.7
1495.8000000000002
1495.9
1496.
1496.1000000000001
1496.2
1496.3000000000002
1496.4
1496.5
1496.6000000000001
1496.7
1496.8000000000002
1496.9
1497.
1497.1000000000001
1497.2
1497.3000000000002
1497.4
1497.5
1497.6000000000001
1497.7
1497.8000000000002
1497.9
1498.
1498.1000000000001
1498.2
1498.3000000000002
1498.4
1498.5
1498.6000000000001
1498.7
1498.8000000000002
1498.9
1499.
1499.1000000000001
1499.2
1499.3000000000002
1499.4
1499.5
1499.6000000000001
1499.7
1499.8000000000002
1499.9
1500.
1500.1000000000001
1500.2
1500.3000000000002
1500.4
1500.5
1500.6000000000001
1500.7
1500.8000000000002
1500.9
1501.
1501.1000000000001
1501.2
1501.3000000000002
1501.4
1501.5
1501.6000000000001
1501.7
1501.8000000000002
1501.9
1502.
1502.1000000000001
1502.2
1502.3000000000002
1502.4
1502.5
1502.6000000000001
1502.7
1502.8000000000002
1502.9
1503.
1503.1000000000001
1503.2
1503.3000000000002
1503.4
1503.5
1503.6000000000001
1503.7
1503.8000000000002
1503.9
1504.
1504.1000000000001
1504.2
1504.3000000000002
1504.4
1504.5
1504.6000000000001
1504.7
1504.8000000000002
1504.9
1505.
1505.1000000000001
1505.2
1505.3000000000002
1505.4
1505.5
1505.6000000000001
1505.7
1505.8000000000002
1505.9
1506.
1506.1000000000001
1506.2
1506.3000000000002
1506.4
1506.5
1506.6000000000001
1506.7
1506.8000000000002
1506.9
1507.
1507.1000000000001
1507.2
1507.3000000000002
1507.4
1507.5
1507.6000000000001
1507.7
1507.8000000000002
1507.9
1508.
1508.1000000000001
1508.2
1508.3000000000002
1508.4
1508.5
1508.6000000000001
1508.7
1508.8000000000002
1508.9
1509.
1509.1000000000001
1509.2
1509.3000000000002
1509.4
1509.5
1509.6000000000001
1509.7
1509.8000000000002
1509.9
1510.
1510.1000000000001
1510.2
1510.3000000000002
1510.4
1510.5
1510.6000000000001
1510.7
1510.8000000000002
1510.9
1511.
1511.1000000000001
1511.2
1511.3000000000002
1511.4
1511.5
1511.6000000000001
1511.7
1511.8000000000002
1511.9
1512.
1512.1000000000001
1512.2
1512.3000000000002
1512.4
1512.5
1512.6000000000001
1512.7
1512.8000000000002
1512.9
1513.
1513.1000000000001
1513.2
1513.3000000000002
1513.4
1513.5
1513.6000000000001
1513.7
1513.8000000000002
1513.9
1514.
1514.1000000000001
1514.2
1514.3000000000002
1514.4
1514.5
1514.6000000000001
1514.7
1514.8000000000002
1514.9
1515.
1515.1000000000001
1515.2
1515.3000000000002
1515.4
1515.5
1515.6000000000001
1515.7
1515.8000000000002
1515.9
1516.
1516.1000000000001
1516.2
1516.3000000000002
1516.4
1516.5
1516.6000000000001
1516.7
1516.8000000000002
1516.9
1517.
1517.1000000000001
1517.2
1517.3000000000002
1517.4
1517.5
1517.6000000000001
1517.7
1517.8000000000002
1517.9
1518.
1518.1000000000001
1518.2
1518.3000000000002
1518.4
1518.5
1518.6000000000001
1518.7
1518.8000000000002
1518.9
1519.
1519.1000000000001
1519.2
1519.3000000000002
1519.4
1519.5
1519.6000000000001
1519.7
1519.8000000000002
1519.9
1520.
1520.1000000000001
1520.2
1520.3000000000002
1520.4
1520.5
1520.6000000000001
1520.7
1520.8000000000002
1520.9
1521.
1521.1000000000001
1521.2
1521.3000000000002
1521.4
1521.5
1521.6000000000001
1521.7
1521.8000000000002
1521.9
1522.
1522.1000000000001
1522.2
1522.3000000000002
1522.4
1522.5
1522.6000000000001
1522.7
1522.8000000000002
1522.9
1523.
1523.1000000000001
1523.2
1523.3000000000002
1523.4
1523.5
1523.6000000000001
1523.7
1523.8000000000002
1523.9
1524.
1524.1000000000001
1524.2
1524.3000000000002
1524.4
1524.5
1524.6000000000001
1524.7
1524.8000000000002
1524.9
1525.
1525.1000000000001
1525.2
1525.3000000000002
1525.4
1525.5
1525.6000000000001
1525.7
1525.8000000000002
1525.9
1526.
1526.1000000000001
1526.2
1526.3000000000002
1526.4
1526.5
1526.6000000000001
1526.7
1526.8000000000002
1526.9
1527.
1527.1000000000001
1527.2
1527.3000000000002
1527.4
1527.5
1527.6000000000001
1527.7
1527.8000000000002
1527.9
1528.
1528.1000000000001
1528.2
1528.3000000000002
1528.4
1528.5
1528.6000000000001
1528.7
1528.8000000000002
1528.9
1529.
1529.1000000000001
1529.2
1529.3000000000002
1529.4
1529.5
1529.6000000000001
1529.7
1529.8000000000002
1529.9
1530.
1530.1000000000001
1530.2
1530.3000000000002
1530.4
1530.5
1530.6000000000001
1530.7
1530.8000000000002
1530.9
1531.
1531.1000000000001
1531.2
1531.3000000000002
1531.4
1531.5
1531.6000000000001
1531.7
1531.8000000000002
1531.9
1532.
1532.1000000000001
1532.2
1532.3000000000002
1532.4
1532.5
1532.6000000000001
1532.7
1532.8000000000002
1532.9
1533.
1533.1000000000001
1533.2
1533.3000000000002
1533.4
1533.5
1533.6000000000001
1533.7
1533.8000000000002
1533.9
1534.
1534.1000000000001
1534.2
1534.3000000000002
1534.4
1534.5
1534.6000000000001
1534.7
1534.8000000000002
1534.9
1535.
1535.1000000000001
1535.2
1535.3000000000002
1535.4
1535.5
1535.6000000000001
1535.7
1535.8000000000002
1535.9
1536.
1536.1000000000001
1536.2
1536.3000000000002
1536.4
1536.5
1536.6000000000001
1536.7
1536.8000000000002
1536.9
1537.
1537.1000000000001
1537.2
1537.3000000000002
1537.4
1537.5
1537.6000000000001
1537.7
1537.8000000000002
1537.9
1538.
1538.1000000000001
1538.2
1538.3000000000002
1538.4
1538.5
1538.6000000000001
1538.7
1538.8000000000002
1538.9
1539.
1539.1000000000001
1539.2
1539.3000000000002
1539.4
1539.5
1539.6000000000001
1539.7
1539.8000000000002
1539.9
1540.
1540.1000000000001
1540.2
1540.3000000000002
1540.4
1540.5
1540.6000000000001
1540.7
1540.8000000000002
1540.9
1541.
1541.1000000000001
1541.2
1541.3000000000002
1541.4
1541.5
1541.6000000000001
1541.7
1541.8000000000002
1541.9
1542.
1542.1000000000001
1542.2
1542.3000000000002
1542.4
1542.5
1542.6000000000001
1542.7
1542.8000000000002
1542.9
1543.
1543.1000000000001
1543.2
1543.3000000000002
1543.4
1543.5
1543.6000000000001
1543.7
1543.8000000000002
1543.9
1544.
1544.1000000000001
1544.2
1544.3000000000002
1544.4
1544.5
1544.6000000000001
1544.7
1544.8000000000002
1544.9
1545.
1545.1000000000001
1545.2
1545.3000000000002
1545.4
1545.5
1545.6000000000001
1545.7
1545.8000000000002
1545.9
1546.
1546.1000000000001
1546.2
1546.3000000000002
1546.4
1546.5
1546.6000000000001
1546.7
1546.8000000000002
1546.9
1547.
1547.1000000000001
1547.2
1547.3000000000002
1547.4
1547.5
1547.6000000000001
1547.7
1547.8000000000002
1547.9
1548.
1548.1000000000001
1548.2
1548.3000000000002
1548.4
1548.5
1548.6000000000001
1548.7
1548.8000000000002
1548.9
1549.
1549.1000000000001
1549.2
1549.3000000000002
1549.4
1549.5
1549.6000000000001
1549.7
1549.8000000000002
1549.9
1550.
1550.1000000000001
1550.2
1550.3000000000002
1550.4
1550.5
1550.6000000000001
1550.7
1550.8000000000002
1550.9
1551.
1551.1000000000001
1551.2
1551.3000000000002
1551.4
1551.5
1551.6000000000001
1551.7
1551.8000000000002
1551.9
1552.
1552.1000000000001
1552.2
1552.3000000000002
1552.4
1552.5
1552.6000000000001
1552.7
1552.8000000000002
1552.9
1553.
1553.1000000000001
1553.2
1553.3000000000002
1553.4
1553.5
1553.6000000000001
1553.7
1553.8000000000002
1553.9
1554.
1554.1000000000001
1554.2
1554.3000000000002
1554.4
1554.5
1554.6000000000001
1554.7
1554.8000000000002
1554.9
1555.
1555.1000000000001
1555.2
1555.3000000000002
1555.4
1555.5
1555.6000000000001
1555.7
1555.8000000000002
1555.9
1556.
1556.1000000000001
1556.2
1556.3000000000002
1556.4
1556.5
1556.6000000000001
1556.7
1556.8000000000002
1556.9
1557.
1557.1000000000001
1557.2
1557.3000000000002
1557.4
1557.5
1557.6000000000001
1557.7
1557.8000000000002
1557.9
1558.
1558.1000000000001
1558.2
1558.3000000000002
1558.4
1558.5
1558.6000000000001
1558.7
1558.8000000000002
1558.9
1559.
1559.1000000000001
1559.2
1559.3000000000002
1559.4
1559.5
1559.6000000000001
1559.7
1559.8000000000002
1559.9
1560.
1560.1000000000001
1560.2
1560.3000000000002
1560.4
1560.5
1560.6000000000001
1560.7
1560.8000000000002
1560.9
1561.
1561.1000000000001
1561.2
1561.3000000000002
1561.4
1561.5
1561.6000000000001
1561.7
1561.8000000000002
1561.9
1562.
1562.1000000000001
1562.2
1562.3000000000002
1562.4
1562.5
1562.6000000000001
1562.7
1562.8000000000002
1562.9
1563.
1563.1000000000001
1563.2
1563.3000000000002
1563.4
1563.5
1563.6000000000001
1563.7
1563.8000000000002
1563.9
1564.
1564.1000000000001
1564.2
1564.3000000000002
1564.4
1564.5
1564.6000000000001
1564.7
1564.8000000000002
1564.9
1565.
1565.1000000000001
1565.2
1565.3000000000002
1565.4
1565.5
1565.6000000000001
1565.7
1565.8000000000002
1565.9
1566.
1566.1000000000001
1566.2
1566.3000000000002
1566.4
1566.5
1566.6000000000001
1566.7
1566.8000000000002
1566.9
1567.
1567.1000000000001
1567.2
1567.3000000000002
1567.4
1567.5
1567.6000000000001
1567.7
1567.8000000000002
1567.9
1568.
1568.1000000000001
1568.2
1568.3000000000002
1568.4
1568.5
1568.6000000000001
1568.7
1568.8000000000002
1568.9
1569.
1569.1000000000001
1569.2
1569.3000000000002
1569.4
1569.5
1569.6000000000001
1569.7
1569.8000000000002
1569.9
1570.
1570.1000000000001
1570.2
1570.3000000000002
1570.4
1570.5
1570.6000000000001
1570.7
1570.8000000000002
1570.9
1571.
1571.1000000000001
1571.2
1571.3000000000002
1571.4
1571.5
1571.6000000000001
1571.7
1571.8000000000002
1571.9
1572.
1572.1000000000001
1572.2
1572.3000000000002
1572.4
1572.5
1572.6000000000001
1572.7
1572.8000000000002
1572.9
1573.
1573.1000000000001
1573.2
1573.3000000000002
1573.4
1573.5
1573.6000000000001
1573.7
1573.8000000000002
1573.9
1574.
1574.1000000000001
1574.2
1574.3000000000002
1574.4
1574.5
1574.6000000000001
1574.7
1574.8000000000002
1574.9
1575.
1575.1000000000001
1575.2
1575.3000000000002
1575.4
1575.5
1575.6000000000001
1575.7
1575.8000000000002
1575.9
1576.
1576.1000000000001
1576.2
1576.3000000000002
1576.4
1576.5
1576.6000000000001
1576.7
1576.8000000000002
1576.9
1577.
1577.1000000000001
1577.2
1577.3000000000002
1577.4
1577.5
1577.6000000000001
1577.7
1577.8000000000002
1577.9
1578.
1578.1000000000001
1578.2
1578.3000000000002
1578.4
1578.5
1578.6000000000001
1578.7
1578.8000000000002
1578.9
1579.
1579.1000000000001
1579.2
1579.3000000000002
1579.4
1579.5
1579.6000000000001
1579.7
1579.8000000000002
1579.9
1580.
1580.1000000000001
1580.2
1580.3000000000002
1580.4
1580.5
1580.6000000000001
1580.7
1580.8000000000002
1580.9
1581.
1581.1000000000001
1581.2
1581.3000000000002
1581.4
1581.5
1581.6000000000001
1581.7
1581.8000000000002
1581.9
1582.
1582.1000000000001
1582.2
1582.3000000000002
1582.4
1582.5
1582.6000000000001
1582.7
1582.8000000000002
1582.9
1583.
1583.1000000000001
1583.2
1583.3000000000002
1583.4
1583.5
1583.6000000000001
1583.7
1583.8000000000002
1583.9
1584.
1584.1000000000001
1584.2
1584.3000000000002
1584.4
1584.5
1584.6000000000001
1584.7
1584.8000000000002
1584.9
1585.
1585.1000000000001
1585.2
1585.3000000000002
1585.4
1585.5
1585.6000000000001
1585.7
1585.8000000000002
1585.9
1586.
1586.1000000000001
1586.2
1586.3000000000002
1586.4
1586.5
1586.6000000000001
1586.7
1586.8000000000002
1586.9
1587.
1587.1000000000001
1587.2
1587.3000000000002
1587.4
1587.5
1587.6000000000001
1587.7
1587.8000000000002
1587.9
1588.
1588.1000000000001
1588.2
1588.3000000000002
1588.4
1588.5
1588.6000000000001
1588.7
1588.8000000000002
1588.9
1589.
1589.1000000000001
1589.2
1589.3000000000002
1589.4
1589.5
1589.6000000000001
1589.7
1589.8000000000002
1589.9
1590.
1590.1000000000001
1590.2
1590.3000000000002
1590.4
1590.5
1590.6000000000001
1590.7
1590.8000000000002
1590.9
1591.
1591.1000000000001
1591.2
1591.3000000000002
1591.4
1591.5
1591.6000000000001
1591.7
1591.8000000000002
1591.9
1592.
1592.1000000000001
1592.2
1592.3000000000002
1592.4
1592.5
1592.6000000000001
1592.7
1592.8000000000002
1592.9
1593.
1593.1000000000001
1593.2
1593.3000000000002
1593.4
1593.5
1593.6000000000001
1593.7
1593.8000000000002
1593.9
1594.
1594.1000000000001
1594.2
1594.3000000000002
1594.4
1594.5
1594.6000000000001
1594.7
1594.8000000000002
1594.9
1595.
1595.1000000000001
1595.2
1595.3000000000002
1595.4
1595.5
1595.6000000000001
1595.7
1595.8000000000002
1595.9
1596.
1596.1000000000001
1596.2
1596.3000000000002
1596.4
1596.5
1596.6000000000001
1596.7
1596.8000000000002
1596.9
1597.
1597.1000000000001
1597.2
1597.3000000000002
1597.4
1597.5
1597.6000000000001
1597.7
1597.8000000000002
1597.9
1598.
1598.1000000000001
1598.2
1598.3000000000002
1598.4
1598.5
1598.6000000000001
1598.7
1598.8000000000002
1598.9
1599.
1599.1000000000001
1599.2
1599.3000000000002
1599.4
1599.5
1599.6000000000001
1599.7
1599.8000000000002
1599.9
1600.
1600.1000000000001
1600.2
1600.3000000000002
1600.4
1600.5
1600.6000000000001
1600.7
1600.8000000000002
1600.9
1601.
1601.1000000000001
1601.2
1601.3000000000002
1601.4
1601.5
1601.6000000000001
1601.7
1601.8000000000002
1601.9
1602.
1602.1000000000001
1602.2
1602.3000000000002
1602.4
1602.5
1602.6000000000001
1602.7
1602.8000000000002
1602.9
1603.
1603.1000000000001
1603.2
1603.3000000000002
1603.4
1603.5
1603.6000000000001
1603.7
1603.8000000000002
1603.9
1604.
1604.1000000000001
1604.2
1604.3000000000002
1604.4
1604.5
1604.6000000000001
1604.7
1604.8000000000002
1604.9
1605.
1605.1000000000001
1605.2
1605.3000000000002
1605.4
1605.5
1605.6000000000001
1605.7
1605.8000000000002
1605.9
1606.
1606.1000000000001
1606.2
1606.3000000000002
1606.4
1606.5
1606.6000000000001
1606.7
1606.8000000000002
1606.9
1607.
1607.1000000000001
1607.2
1607.3000000000002
1607.4
1607.5
1607.6000000000001
1607.7
1607.8000000000002
1607.9
1608.
1608.1000000000001
1608.2
1608.3000000000002
1608.4
1608.5
1608.6000000000001
1608.7
1608.8000000000002
1608.9
1609.
1609.1000000000001
1609.2
1609.3000000000002
1609.4
1609.5
1609.6000000000001
1609.7
1609.8000000000002
1609.9
1610.
1610.1000000000001
1610.2
1610.3000000000002
1610.4
1610.5
1610.6000000000001
1610.7
1610.8000000000002
1610.9
1611.
1611.1000000000001
1611.2
1611.3000000000002
1611.4
1611.5
1611.6000000000001
1611.7
1611.8000000000002
1611.9
1612.
1612.1000000000001
1612.2
1612.3000000000002
1612.4
1612.5
1612.6000000000001
1612.7
1612.8000000000002
1612.9
1613.
1613.1000000000001
1613.2
1613.3000000000002
1613.4
1613.5
1613.6000000000001
1613.7
1613.8000000000002
1613.9
1614.
1614.1000000000001
1614.2
1614.3000000000002
1614.4
1614.5
1614.6000000000001
1614.7
1614.8000000000002
1614.9
1615.
1615.1000000000001
1615.2
1615.3000000000002
1615.4
1615.5
1615.6000000000001
1615.7
1615.8000000000002
1615.9
1616.
1616.1000000000001
1616.2
1616.3000000000002
1616.4
1616.5
1616.6000000000001
1616.7
1616.8000000000002
1616.9
1617.
1617.1000000000001
1617.2
1617.3000000000002
1617.4
1617.5
1617.6000000000001
1617.7
1617.8000000000002
1617.9
1618.
1618.1000000000001
1618.2
1618.3000000000002
1618.4
1618.5
1618.6000000000001
1618.7
1618.8000000000002
1618.9
1619.
1619.1000000000001
1619.2
1619.3000000000002
1619.4
1619.5
1619.6000000000001
1619.7
1619.8000000000002
1619.9
1620.
1620.1000000000001
1620.2
1620.3000000000002
1620.4
1620.5
1620.6000000000001
1620.7
1620.8000000000002
1620.9
1621.
1621.1000000000001
1621.2
1621.3000000000002
1621.4
1621.5
1621.6000000000001
1621.7
1621.8000000000002
1621.9
1622.
1622.1000000000001
1622.2
1622.3000000000002
1622.4
1622.5
1622.6000000000001
1622.7
1622.8000000000002
1622.9
1623.
1623.1000000000001
1623.2
1623.3000000000002
1623.4
1623.5
1623.6000000000001
1623.7
1623.8000000000002
1623.9
1624.
1624.1000000000001
1624.2
1624.3000000000002
1624.4
1624.5
1624.6000000000001
1624.7
1624.8000000000002
1624.9
1625.
1625.1000000000001
1625.2
1625.3000000000002
1625.4
1625.5
1625.6000000000001
1625.7
1625.8000000000002
1625.9
1626.
1626.1000000000001
1626.2
1626.3000000000002
1626.4
1626.5
1626.6000000000001
1626.7
1626.8000000000002
1626.9
1627.
1627.1000000000001
1627.2
1627.3000000000002
1627.4
1627.5
1627.6000000000001
1627.7
1627.8000000000002
1627.9
1628.
1628.1000000000001
1628.2
1628.3000000000002
1628.4
1628.5
1628.6000000000001
1628.7
1628.8000000000002
1628.9
1629.
1629.1000000000001
1629.2
1629.3000000000002
1629.4
1629.5
1629.6000000000001
1629.7
1629.8000000000002
1629.9
1630.
1630.1000000000001
1630.2
1630.3000000000002
1630.4
1630.5
1630.6000000000001
1630.7
1630.8000000000002
1630.9
1631.
1631.1000000000001
1631.2
1631.3000000000002
1631.4
1631.5
1631.6000000000001
1631.7
1631.8000000000002
1631.9
1632.
1632.1000000000001
1632.2
1632.3000000000002
1632.4
1632.5
1632.6000000000001
1632.7
1632.8000000000002
1632.9
1633.
1633.1000000000001
1633.2
1633.3000000000002
1633.4
1633.5
1633.6000000000001
1633.7
1633.8000000000002
1633.9
1634.
1634.1000000000001
1634.2
1634.3000000000002
1634.4
1634.5
1634.6000000000001
1634.7
1634.8000000000002
1634.9
1635.
1635.1000000000001
1635.2
1635.3000000000002
1635.4
1635.5
1635.6000000000001
1635.7
1635.8000000000002
1635.9
1636.
1636.1000000000001
1636.2
1636.3000000000002
1636.4
1636.5
1636.6000000000001
1636.7
1636.8000000000002
1636.9
1637.
1637.1000000000001
1637.2
1637.3000000000002
1637.4
1637.5
1637.6000000000001
1637.7
1637.8000000000002
1637.9
1638.
1638.1000000000001
1638.2
1638.3000000000002
1638.4
1638.5
1638.6000000000001
1638.7
1638.8000000000002
1638.9
1639.
1639.1000000000001
1639.2
1639.3000000000002
1639.4
1639.5
1639.6000000000001
1639.7
1639.8000000000002
1639.9
1640.
1640.1000000000001
1640.2
1640.3000000000002
1640.4
1640.5
1640.6000000000001
1640.7
1640.8000000000002
1640.9
1641.
1641.1000000000001
1641.2
1641.3000000000002
1641.4
1641.5
1641.6000000000001
1641.7
1641.8000000000002
1641.9
1642.
1642.1000000000001
1642.2
1642.3000000000002
1642.4
1642.5
1642.6000000000001
1642.7
1642.8000000000002
1642.9
1643.
1643.1000000000001
1643.2
1643.3000000000002
1643.4
1643.5
1643.6000000000001
1643.7
1643.8000000000002
1643.9
1644.
1644.1000000000001
1644.2
1644.3000000000002
1644.4
1644.5
1644.6000000000001
1644.7
1644.8000000000002
1644.9
1645.
1645.1000000000001
1645.2
1645.3000000000002
1645.4
1645.5
1645.6000000000001
1645.7
1645.8000000000002
1645.9
1646.
1646.1000000000001
1646.2
1646.3000000000002
1646.4
1646.5
1646.6000000000001
1646.7
1646.8000000000002
1646.9
1647.
1647.1000000000001
1647.2
1647.3000000000002
1647.4
1647.5
1647.6000000000001
1647.7
1647.8000000000002
1647.9
1648.
1648.1000000000001
1648.2
1648.3000000000002
1648.4
1648.5
1648.6000000000001
1648.7
1648.8000000000002
1648.9
1649.
1649.1000000000001
1649.2
1649.3000000000002
1649.4
1649.5
1649.6000000000001
1649.7
1649.8000000000002
1649.9
1650.
1650.1000000000001
1650.2
1650.3000000000002
1650.4
1650.5
1650.6000000000001
1650.7
1650.8000000000002
1650.9
1651.
1651.1000000000001
1651.2
1651.3000000000002
1651.4
1651.5
1651.6000000000001
1651.7
1651.8000000000002
1651.9
1652.
1652.1000000000001
1652.2
1652.3000000000002
1652.4
1652.5
1652.6000000000001
1652.7
1652.8000000000002
1652.9
1653.
1653.1000000000001
1653.2
1653.3000000000002
1653.4
1653.5
1653.6000000000001
1653.7
1653.8000000000002
1653.9
1654.
1654.1000000000001
1654.2
1654.3000000000002
1654.4
1654.5
1654.6000000000001
1654.7
1654.8000000000002
1654.9
1655.
1655.1000000000001
1655.2
1655.3000000000002
1655.4
1655.5
1655.6000000000001
1655.7
1655.8000000000002
1655.9
1656.
1656.1000000000001
1656.2
1656.3000000000002
1656.4
1656.5
1656.6000000000001
1656.7
1656.8000000000002
1656.9
1657.
1657.1000000000001
1657.2
1657.3000000000002
1657.4
1657.5
1657.6000000000001
1657.7
1657.8000000000002
1657.9
1658.
1658.1000000000001
1658.2
1658.3000000000002
1658.4
1658.5
1658.6000000000001
1658.7
1658.8000000000002
1658.9
1659.
1659.1000000000001
1659.2
1659.3000000000002
1659.4
1659.5
1659.6000000000001
1659.7
1659.8000000000002
1659.9
1660.
1660.1000000000001
1660.2
1660.3000000000002
1660.4
1660.5
1660.6000000000001
1660.7
1660.8000000000002
1660.9
1661.
1661.1000000000001
1661.2
1661.3000000000002
1661.4
1661.5
1661.6000000000001
1661.7
1661.8000000000002
1661.9
1662.
1662.1000000000001
1662.2
1662.3000000000002
1662.4
1662.5
1662.6000000000001
1662.7
1662.8000000000002
1662.9
1663.
1663.1000000000001
1663.2
1663.3000000000002
1663.4
1663.5
1663.6000000000001
1663.7
1663.8000000000002
1663.9
1664.
1664.1000000000001
1664.2
1664.3000000000002
1664.4
1664.5
1664.6000000000001
1664.7
1664.8000000000002
1664.9
1665.
1665.1000000000001
1665.2
1665.3000000000002
1665.4
1665.5
1665.6000000000001
1665.7
1665.8000000000002
1665.9
1666.
1666.1000000000001
1666.2
1666.3000000000002
1666.4
1666.5
1666.6000000000001
1666.7
1666.8000000000002
1666.9
1667.
1667.1000000000001
1667.2
1667.3000000000002
1667.4
1667.5
1667.6000000000001
1667.7
1667.8000000000002
1667.9
1668.
1668.1000000000001
1668.2
1668.3000000000002
1668.4
1668.5
1668.6000000000001
1668.7
1668.8000000000002
1668.9
1669.
1669.1000000000001
1669.2
1669.3000000000002
1669.4
1669.5
1669.6000000000001
1669.7
1669.8000000000002
1669.9
1670.
1670.1000000000001
1670.2
1670.3000000000002
1670.4
1670.5
1670.6000000000001
1670.7
1670.8000000000002
1670.9
1671.
1671.1000000000001
1671.2
1671.3000000000002
1671.4
1671.5
1671.6000000000001
1671.7
1671.8000000000002
1671.9
1672.
1672.1000000000001
1672.2
1672.3000000000002
1672.4
1672.5
1672.6000000000001
1672.7
1672.8000000000002
1672.9
1673.
1673.1000000000001
1673.2
1673.3000000000002
1673.4
1673.5
1673.6000000000001
1673.7
1673.8000000000002
1673.9
1674.
1674.1000000000001
1674.2
1674.3000000000002
1674.4
1674.5
1674.6000000000001
1674.7
1674.8000000000002
1674.9
1675.
1675.1000000000001
1675.2
1675.3000000000002
1675.4
1675.5
1675.6000000000001
1675.7
1675.8000000000002
1675.9
1676.
1676.1000000000001
1676.2
1676.3000000000002
1676.4
1676.5
1676.6000000000001
1676.7
1676.8000000000002
1676.9
1677.
1677.1000000000001
1677.2
1677.3000000000002
1677.4
1677.5
1677.6000000000001
1677.7
1677.8000000000002
1677.9
1678.
1678.1000000000001
1678.2
1678.3000000000002
1678.4
1678.5
1678.6000000000001
1678.7
1678.8000000000002
1678.9
1679.
1679.1000000000001
1679.2
1679.3000000000002
1679.4
1679.5
1679.6000000000001
1679.7
1679.8000000000002
1679.9
1680.
1680.1000000000001
1680.2
1680.3000000000002
1680.4
1680.5
1680.6000000000001
1680.7
1680.8000000000002
1680.9
1681.
1681.1000000000001
1681.2
1681.3000000000002
1681.4
1681.5
1681.6000000000001
1681.7
1681.8000000000002
1681.9
1682.
1682.1000000000001
1682.2
1682.3000000000002
1682.4
1682.5
1682.6000000000001
1682.7
1682.8000000000002
1682.9
1683.
1683.1000000000001
1683.2
1683.3000000000002
1683.4
1683.5
1683.6000000000001
1683.7
1683.8000000000002
1683.9
1684.
1684.1000000000001
1684.2
1684.3000000000002
1684.4
1684.5
1684.6000000000001
1684.7
1684.8000000000002
1684.9
1685.
1685.1000000000001
1685.2
1685.3000000000002
1685.4
1685.5
1685.6000000000001
1685.7
1685.8000000000002
1685.9
1686.
1686.1000000000001
1686.2
1686.3000000000002
1686.4
1686.5
1686.6000000000001
1686.7
1686.8000000000002
1686.9
1687.
1687.1000000000001
1687.2
1687.3000000000002
1687.4
1687.5
1687.6000000000001
1687.7
1687.8000000000002
1687.9
1688.
1688.1000000000001
1688.2
1688.3000000000002
1688.4
1688.5
1688.6000000000001
1688.7
1688.8000000000002
1688.9
1689.
1689.1000000000001
1689.2
1689.3000000000002
1689.4
1689.5
1689.6000000000001
1689.7
1689.8000000000002
1689.9
1690.
1690.1000000000001
1690.2
1690.3000000000002
1690.4
1690.5
1690.6000000000001
1690.7
1690.8000000000002
1690.9
1691.
1691.1000000000001
1691.2
1691.3000000000002
1691.4
1691.5
1691.6000000000001
1691.7
1691.8000000000002
1691.9
1692.
1692.1000000000001
1692.2
1692.3000000000002
1692.4
1692.5
1692.6000000000001
1692.7
1692.8000000000002
1692.9
1693.
1693.1000000000001
1693.2
1693.3000000000002
1693.4
1693.5
1693.6000000000001
1693.7
1693.8000000000002
1693.9
1694.
1694.1000000000001
1694.2
1694.3000000000002
1694.4
1694.5
1694.6000000000001
1694.7
1694.8000000000002
1694.9
1695.
1695.1000000000001
1695.2
1695.3000000000002
1695.4
1695.5
1695.6000000000001
1695.7
1695.8000000000002
1695.9
1696.
1696.1000000000001
1696.2
1696.3000000000002
1696.4
1696.5
1696.6000000000001
1696.7
1696.8000000000002
1696.9
1697.
1697.1000000000001
1697.2
1697.3000000000002
1697.4
1697.5
1697.6000000000001
1697.7
1697.8000000000002
1697.9
1698.
1698.1000000000001
1698.2
1698.3000000000002
1698.4
1698.5
1698.6000000000001
1698.7
1698.8000000000002
1698.9
1699.
1699.1000000000001
1699.2
1699.3000000000002
1699.4
1699.5
1699.6000000000001
1699.7
1699.8000000000002
1699.9
1700.
1700.1000000000001
1700.2
1700.3000000000002
1700.4
1700.5
1700.6000000000001
1700.7
1700.8000000000002
1700.9
1701.
1701.1000000000001
1701.2
1701.3000000000002
1701.4
1701.5
1701.6000000000001
1701.7
1701.8000000000002
1701.9
1702.
1702.1000000000001
1702.2
1702.3000000000002
1702.4
1702.5
1702.6000000000001
1702.7
1702.8000000000002
1702.9
1703.
1703.1000000000001
1703.2
1703.3000000000002
1703.4
1703.5
1703.6000000000001
1703.7
1703.8000000000002
1703.9
1704.
1704.1000000000001
1704.2
1704.3000000000002
1704.4
1704.5
1704.6000000000001
1704.7
1704.8000000000002
1704.9
1705.
1705.1000000000001
1705.2
1705.3000000000002
1705.4
1705.5
1705.6000000000001
1705.7
1705.8000000000002
1705.9
1706.
1706.1000000000001
1706.2
1706.3000000000002
1706.4
1706.5
1706.6000000000001
1706.7
1706.8000000000002
1706.9
1707.
1707.1000000000001
1707.2
1707.3000000000002
1707.4
1707.5
1707.6000000000001
1707.7
1707.8000000000002
1707.9
1708.
1708.1000000000001
1708.2
1708.3000000000002
1708.4
1708.5
1708.6000000000001
1708.7
1708.8000000000002
1708.9
1709.
1709.1000000000001
1709.2
1709.3000000000002
1709.4
1709.5
1709.6000000000001
1709.7
1709.8000000000002
1709.9
1710.
1710.1000000000001
1710.2
1710.3000000000002
1710.4
1710.5
1710.6000000000001
1710.7
1710.8000000000002
1710.9
1711.
1711.1000000000001
1711.2
1711.3000000000002
1711.4
1711.5
1711.6000000000001
1711.7
1711.8000000000002
1711.9
1712.
1712.1000000000001
1712.2
1712.3000000000002
1712.4
1712.5
1712.6000000000001
1712.7
1712.8000000000002
1712.9
1713.
1713.1000000000001
1713.2
1713.3000000000002
1713.4
1713.5
1713.6000000000001
1713.7
1713.8000000000002
1713.9
1714.
1714.1000000000001
1714.2
1714.3000000000002
1714.4
1714.5
1714.6000000000001
1714.7
1714.8000000000002
1714.9
1715.
1715.1000000000001
1715.2
1715.3000000000002
1715.4
1715.5
1715.6000000000001
1715.7
1715.8000000000002
1715.9
1716.
1716.1000000000001
1716.2
1716.3000000000002
1716.4
1716.5
1716.6000000000001
1716.7
1716.8000000000002
1716.9
1717.
1717.1000000000001
1717.2
1717.3000000000002
1717.4
1717.5
1717.6000000000001
1717.7
1717.8000000000002
1717.9
1718.
1718.1000000000001
1718.2
1718.3000000000002
1718.4
1718.5
1718.6000000000001
1718.7
1718.8000000000002
1718.9
1719.
1719.1000000000001
1719.2
1719.3000000000002
1719.4
1719.5
1719.6000000000001
1719.7
1719.8000000000002
1719.9
1720.
1720.1000000000001
1720.2
1720.3000000000002
1720.4
1720.5
1720.6000000000001
1720.7
1720.8000000000002
1720.9
1721.
1721.1000000000001
1721.2
1721.3000000000002
1721.4
1721.5
1721.6000000000001
1721.7
1721.8000000000002
1721.9
1722.
1722.1000000000001
1722.2
1722.3000000000002
1722.4
1722.5
1722.6000000000001
1722.7
1722.8000000000002
1722.9
1723.
1723.1000000000001
1723.2
1723.3000000000002
1723.4
1723.5
1723.6000000000001
1723.7
1723.8000000000002
1723.9
1724.
1724.1000000000001
1724.2
1724.3000000000002
1724.4
1724.5
1724.6000000000001
1724.7
1724.8000000000002
1724.9
1725.
1725.1000000000001
1725.2
1725.3000000000002
1725.4
1725.5
1725.6000000000001
1725.7
1725.8000000000002
1725.9
1726.
1726.1000000000001
1726.2
1726.3000000000002
1726.4
1726.5
1726.6000000000001
1726.7
1726.8000000000002
1726.9
1727.
1727.1000000000001
1727.2
1727.3000000000002
1727.4
1727.5
1727.6000000000001
1727.7
1727.8000000000002
1727.9
1728.
1728.1000000000001
1728.2
1728.3000000000002
1728.4
1728.5
1728.6000000000001
1728.7
1728.8000000000002
1728.9
1729.
1729.1000000000001
1729.2
1729.3000000000002
1729.4
1729.5
1729.6000000000001
1729.7
1729.8000000000002
1729.9
1730.
1730.1000000000001
1730.2
1730.3000000000002
1730.4
1730.5
1730.6000000000001
1730.7
1730.8000000000002
1730.9
1731.
1731.1000000000001
1731.2
1731.3000000000002
1731.4
1731.5
1731.6000000000001
1731.7
1731.8000000000002
1731.9
1732.
1732.1000000000001
1732.2
1732.3000000000002
1732.4
1732.5
1732.6000000000001
1732.7
1732.8000000000002
1732.9
1733.
1733.1000000000001
1733.2
1733.3000000000002
1733.4
1733.5
1733.6000000000001
1733.7
1733.8000000000002
1733.9
1734.
1734.1000000000001
1734.2
1734.3000000000002
1734.4
1734.5
1734.6000000000001
1734.7
1734.8000000000002
1734.9
1735.
1735.1000000000001
1735.2
1735.3000000000002
1735.4
1735.5
1735.6000000000001
1735.7
1735.8000000000002
1735.9
1736.
1736.1000000000001
1736.2
1736.3000000000002
1736.4
1736.5
1736.6000000000001
1736.7
1736.8000000000002
1736.9
1737.
1737.1000000000001
1737.2
1737.3000000000002
1737.4
1737.5
1737.6000000000001
1737.7
1737.8000000000002
1737.9
1738.
1738.1000000000001
1738.2
1738.3000000000002
1738.4
1738.5
1738.6000000000001
1738.7
1738.8000000000002
1738.9
1739.
1739.1000000000001
1739.2
1739.3000000000002
1739.4
1739.5
1739.6000000000001
1739.7
1739.8000000000002
1739.9
1740.
1740.1000000000001
1740.2
1740.3000000000002
1740.4
1740.5
1740.6000000000001
1740.7
1740.8000000000002
1740.9
1741.
1741.1000000000001
1741.2
1741.3000000000002
1741.4
1741.5
1741.6000000000001
1741.7
1741.8000000000002
1741.9
1742.
1742.1000000000001
1742.2
1742.3000000000002
1742.4
1742.5
1742.6000000000001
1742.7
1742.8000000000002
1742.9
1743.
1743.1000000000001
1743.2
1743.3000000000002
1743.4
1743.5
1743.6000000000001
1743.7
1743.8000000000002
1743.9
1744.
1744.1000000000001
1744.2
1744.3000000000002
1744.4
1744.5
1744.6000000000001
1744.7
1744.8000000000002
1744.9
1745.
1745.1000000000001
1745.2
1745.3000000000002
1745.4
1745.5
1745.6000000000001
1745.7
1745.8000000000002
1745.9
1746.
1746.1000000000001
1746.2
1746.3000000000002
1746.4
1746.5
1746.6000000000001
1746.7
1746.8000000000002
1746.9
1747.
1747.1000000000001
1747.2
1747.3000000000002
1747.4
1747.5
1747.6000000000001
1747.7
1747.8000000000002
1747.9
1748.
1748.1000000000001
1748.2
1748.3000000000002
1748.4
1748.5
1748.6000000000001
1748.7
1748.8000000000002
1748.9
1749.
1749.1000000000001
1749.2
1749.3000000000002
1749.4
1749.5
1749.6000000000001
1749.7
1749.8000000000002
1749.9
1750.
1750.1000000000001
1750.2
1750.3000000000002
1750.4
1750.5
1750.6000000000001
1750.7
1750.8000000000002
1750.9
1751.
1751.1000000000001
1751.2
1751.3000000000002
1751.4
1751.5
1751.6000000000001
1751.7
1751.8000000000002
1751.9
1752.
1752.1000000000001
1752.2
1752.3000000000002
1752.4
1752.5
1752.6000000000001
1752.7
1752.8000000000002
1752.9
1753.
1753.1000000000001
1753.2
1753.3000000000002
1753.4
1753.5
1753.6000000000001
1753.7
1753.8000000000002
1753.9
1754.
1754.1000000000001
1754.2
1754.3000000000002
1754.4
1754.5
1754.6000000000001
1754.7
1754.8000000000002
1754.9
1755.
1755.1000000000001
1755.2
1755.3000000000002
1755.4
1755.5
1755.6000000000001
1755.7
1755.8000000000002
1755.9
1756.
1756.1000000000001
1756.2
1756.3000000000002
1756.4
1756.5
1756.6000000000001
1756.7
1756.8000000000002
1756.9
1757.
1757.1000000000001
1757.2
1757.3000000000002
1757.4
1757.5
1757.6000000000001
1757.7
1757.8000000000002
1757.9
1758.
1758.1000000000001
1758.2
1758.3000000000002
1758.4
1758.5
1758.6000000000001
1758.7
1758.8000000000002
1758.9
1759.
1759.1000000000001
1759.2
1759.3000000000002
1759.4
1759.5
1759.6000000000001
1759.7
1759.8000000000002
1759.9
1760.
1760.1000000000001
1760.2
1760.3000000000002
1760.4
1760.5
1760.6000000000001
1760.7
1760.8000000000002
1760.9
1761.
1761.1000000000001
1761.2
1761.3000000000002
1761.4
1761.5
1761.6000000000001
1761.7
1761.8000000000002
1761.9
1762.
1762.1000000000001
1762.2
1762.3000000000002
1762.4
1762.5
1762.6000000000001
1762.7
1762.8000000000002
1762.9
1763.
1763.1000000000001
1763.2
1763.3000000000002
1763.4
1763.5
1763.6000000000001
1763.7
1763.8000000000002
1763.9
1764.
1764.1000000000001
1764.2
1764.3000000000002
1764.4
1764.5
1764.6000000000001
1764.7
1764.8000000000002
1764.9
1765.
1765.1000000000001
1765.2
1765.3000000000002
1765.4
1765.5
1765.6000000000001
1765.7
1765.8000000000002
1765.9
1766.
1766.1000000000001
1766.2
1766.3000000000002
1766.4
1766.5
1766.6000000000001
1766.7
1766.8000000000002
1766.9
1767.
1767.1000000000001
1767.2
1767.3000000000002
1767.4
1767.5
1767.6000000000001
1767.7
1767.8000000000002
1767.9
1768.
1768.1000000000001
1768.2
1768.3000000000002
1768.4
1768.5
1768.6000000000001
1768.7
1768.8000000000002
1768.9
1769.
1769.1000000000001
1769.2
1769.3000000000002
1769.4
1769.5
1769.6000000000001
1769.7
1769.8000000000002
1769.9
1770.
1770.1000000000001
1770.2
1770.3000000000002
1770.4
1770.5
1770.6000000000001
1770.7
1770.8000000000002
1770.9
1771.
1771.1000000000001
1771.2
1771.3000000000002
1771.4
1771.5
1771.6000000000001
1771.7
1771.8000000000002
1771.9
1772.
1772.1000000000001
1772.2
1772.3000000000002
1772.4
1772.5
1772.6000000000001
1772.7
1772.8000000000002
1772.9
1773.
1773.1000000000001
1773.2
1773.3000000000002
1773.4
1773.5
1773.6000000000001
1773.7
1773.8000000000002
1773.9
1774.
1774.1000000000001
1774.2
1774.3000000000002
1774.4
1774.5
1774.6000000000001
1774.7
1774.8000000000002
1774.9
1775.
1775.1000000000001
1775.2
1775.3000000000002
1775.4
1775.5
1775.6000000000001
1775.7
1775.8000000000002
1775.9
1776.
1776.1000000000001
1776.2
1776.3000000000002
1776.4
1776.5
1776.6000000000001
1776.7
1776.8000000000002
1776.9
1777.
1777.1000000000001
1777.2
1777.3000000000002
1777.4
1777.5
1777.6000000000001
1777.7
1777.8000000000002
1777.9
1778.
1778.1000000000001
1778.2
1778.3000000000002
1778.4
1778.5
1778.6000000000001
1778.7
1778.8000000000002
1778.9
1779.
1779.1000000000001
1779.2
1779.3000000000002
1779.4
1779.5
1779.6000000000001
1779.7
1779.8000000000002
1779.9
1780.
1780.1000000000001
1780.2
1780.3000000000002
1780.4
1780.5
1780.6000000000001
1780.7
1780.8000000000002
1780.9
1781.
1781.1000000000001
1781.2
1781.3000000000002
1781.4
1781.5
1781.6000000000001
1781.7
1781.8000000000002
1781.9
1782.
1782.1000000000001
1782.2
1782.3000000000002
1782.4
1782.5
1782.6000000000001
1782.7
1782.8000000000002
1782.9
1783.
1783.1000000000001
1783.2
1783.3000000000002
1783.4
1783.5
1783.6000000000001
1783.7
1783.8000000000002
1783.9
1784.
1784.1000000000001
1784.2
1784.3000000000002
1784.4
1784.5
1784.6000000000001
1784.7
1784.8000000000002
1784.9
1785.
1785.1000000000001
1785.2
1785.3000000000002
1785.4
1785.5
1785.6000000000001
1785.7
1785.8000000000002
1785.9
1786.
1786.1000000000001
1786.2
1786.3000000000002
1786.4
1786.5
1786.6000000000001
1786.7
1786.8000000000002
1786.9
1787.
1787.1000000000001
1787.2
1787.3000000000002
1787.4
1787.5
1787.6000000000001
1787.7
1787.8000000000002
1787.9
1788.
1788.1000000000001
1788.2
1788.3000000000002
1788.4
1788.5
1788.6000000000001
1788.7
1788.8000000000002
1788.9
1789.
1789.1000000000001
1789.2
1789.3000000000002
1789.4
1789.5
1789.6000000000001
1789.7
1789.8000000000002
1789.9
1790.
1790.1000000000001
1790.2
1790.3000000000002
1790.4
1790.5
1790.6000000000001
1790.7
1790.8000000000002
1790.9
1791.
1791.1000000000001
1791.2
1791.3000000000002
1791.4
1791.5
1791.6000000000001
1791.7
1791.8000000000002
1791.9
1792.
1792.1000000000001
1792.2
1792.3000000000002
1792.4
1792.5
1792.6000000000001
1792.7
1792.8000000000002
1792.9
1793.
1793.1000000000001
1793.2
1793.3000000000002
1793.4
1793.5
1793.6000000000001
1793.7
1793.8000000000002
1793.9
1794.
1794.1000000000001
1794.2
1794.3000000000002
1794.4
1794.5
1794.6000000000001
1794.7
1794.8000000000002
1794.9
1795.
1795.1000000000001
1795.2
1795.3000000000002
1795.4
1795.5
1795.6000000000001
1795.7
1795.8000000000002
1795.9
1796.
1796.1000000000001
1796.2
1796.3000000000002
1796.4
1796.5
1796.6000000000001
1796.7
1796.8000000000002
1796.9
1797.
1797.1000000000001
1797.2
1797.3000000000002
1797.4
1797.5
1797.6000000000001
1797.7
1797.8000000000002
1797.9
1798.
1798.1000000000001
1798.2
1798.3000000000002
1798.4
1798.5
1798.6000000000001
1798.7
1798.8000000000002
1798.9
1799.
1799.1000000000001
1799.2
1799.3000000000002
1799.4
1799.5
1799.6000000000001
1799.7
1799.8000000000002
1799.9
1800.
1800.1000000000001
1800.2
1800.3000000000002
1800.4
1800.5
1800.6000000000001
1800.7
1800.8000000000002
1800.9
1801.
1801.1000000000001
1801.2
1801.3000000000002
1801.4
1801.5
1801.6000000000001
1801.7
1801.8000000000002
1801.9
1802.
1802.1000000000001
1802.2
1802.3000000000002
1802.4
1802.5
1802.6000000000001
1802.7
1802.8000000000002
1802.9
1803.
1803.1000000000001
1803.2
1803.3000000000002
1803.4
1803.5
1803.6000000000001
1803.7
1803.8000000000002
1803.9
1804.
1804.1000000000001
1804.2
1804.3000000000002
1804.4
1804.5
1804.6000000000001
1804.7
1804.8000000000002
1804.9
1805.
1805.1000000000001
1805.2
1805.3000000000002
1805.4
1805.5
1805.6000000000001
1805.7
1805.8000000000002
1805.9
1806.
1806.1000000000001
1806.2
1806.3000000000002
1806.4
1806.5
1806.6000000000001
1806.7
1806.8000000000002
1806.9
1807.
1807.1000000000001
1807.2
1807.3000000000002
1807.4
1807.5
1807.6000000000001
1807.7
1807.8000000000002
1807.9
1808.
1808.1000000000001
1808.2
1808.3000000000002
1808.4
1808.5
1808.6000000000001
1808.7
1808.8000000000002
1808.9
1809.
1809.1000000000001
1809.2
1809.3000000000002
1809.4
1809.5
1809.6000000000001
1809.7
1809.8000000000002
1809.9
1810.
1810.1000000000001
1810.2
1810.3000000000002
1810.4
1810.5
1810.6000000000001
1810.7
1810.8000000000002
1810.9
1811.
1811.1000000000001
1811.2
1811.3000000000002
1811.4
1811.5
1811.6000000000001
1811.7
1811.8000000000002
1811.9
1812.
1812.1000000000001
1812.2
1812.3000000000002
1812.4
1812.5
1812.6000000000001
1812.7
1812.8000000000002
1812.9
1813.
1813.1000000000001
1813.2
1813.3000000000002
1813.4
1813.5
1813.6000000000001
1813.7
1813.8000000000002
1813.9
1814.
1814.1000000000001
1814.2
1814.3000000000002
1814.4
1814.5
1814.6000000000001
1814.7
1814.8000000000002
1814.9
1815.
1815.1000000000001
1815.2
1815.3000000000002
1815.4
1815.5
1815.6000000000001
1815.7
1815.8000000000002
1815.9
1816.
1816.1000000000001
1816.2
1816.3000000000002
1816.4
1816.5
1816.6000000000001
1816.7
1816.8000000000002
1816.9
1817.
1817.1000000000001
1817.2
1817.3000000000002
1817.4
1817.5
1817.6000000000001
1817.7
1817.8000000000002
1817.9
1818.
1818.1000000000001
1818.2
1818.3000000000002
1818.4
1818.5
1818.6000000000001
1818.7
1818.8000000000002
1818.9
1819.
1819.1000000000001
1819.2
1819.3000000000002
1819.4
1819.5
1819.6000000000001
1819.7
1819.8000000000002
1819.9
1820.
1820.1000000000001
1820.2
1820.3000000000002
1820.4
1820.5
1820.6000000000001
1820.7
1820.8000000000002
1820.9
1821.
1821.1000000000001
1821.2
1821.3000000000002
1821.4
1821.5
1821.6000000000001
1821.7
1821.8000000000002
1821.9
1822.
1822.1000000000001
1822.2
1822.3000000000002
1822.4
1822.5
1822.6000000000001
1822.7
1822.8000000000002
1822.9
1823.
1823.1000000000001
1823.2
1823.3000000000002
1823.4
1823.5
1823.6000000000001
1823.7
1823.8000000000002
1823.9
1824.
1824.1000000000001
1824.2
1824.3000000000002
1824.4
1824.5
1824.6000000000001
1824.7
1824.8000000000002
1824.9
1825.
1825.1000000000001
1825.2
1825.3000000000002
1825.4
1825.5
1825.6000000000001
1825.7
1825.8000000000002
1825.9
1826.
1826.1000000000001
1826.2
1826.3000000000002
1826.4
1826.5
1826.6000000000001
1826.7
1826.8000000000002
1826.9
1827.
1827.1000000000001
1827.2
1827.3000000000002
1827.4
1827.5
1827.6000000000001
1827.7
1827.8000000000002
1827.9
1828.
1828.1000000000001
1828.2
1828.3000000000002
1828.4
1828.5
1828.6000000000001
1828.7
1828.8000000000002
1828.9
1829.
1829.1000000000001
1829.2
1829.3000000000002
1829.4
1829.5
1829.6000000000001
1829.7
1829.8000000000002
1829.9
1830.
1830.1000000000001
1830.2
1830.3000000000002
1830.4
1830.5
1830.6000000000001
1830.7
1830.8000000000002
1830.9
1831.
1831.1000000000001
1831.2
1831.3000000000002
1831.4
1831.5
1831.6000000000001
1831.7
1831.8000000000002
1831.9
1832.
1832.1000000000001
1832.2
1832.3000000000002
1832.4
1832.5
1832.6000000000001
1832.7
1832.8000000000002
1832.9
1833.
1833.1000000000001
1833.2
1833.3000000000002
1833.4
1833.5
1833.6000000000001
1833.7
1833.8000000000002
1833.9
1834.
1834.1000000000001
1834.2
1834.3000000000002
1834.4
1834.5
1834.6000000000001
1834.7
1834.8000000000002
1834.9
1835.
1835.1000000000001
1835.2
1835.3000000000002
1835.4
1835.5
1835.6000000000001
1835.7
1835.8000000000002
1835.9
1836.
1836.1000000000001
1836.2
1836.3000000000002
1836.4
1836.5
1836.6000000000001
1836.7
1836.8000000000002
1836.9
1837.
1837.1000000000001
1837.2
1837.3000000000002
1837.4
1837.5
1837.6000000000001
1837.7
1837.8000000000002
1837.9
1838.
1838.1000000000001
1838.2
1838.3000000000002
1838.4
1838.5
1838.6000000000001
1838.7
1838.8000000000002
1838.9
1839.
1839.1000000000001
1839.2
1839.3000000000002
1839.4
1839.5
1839.6000000000001
1839.7
1839.8000000000002
1839.9
1840.
1840.1000000000001
1840.2
1840.3000000000002
1840.4
1840.5
1840.6000000000001
1840.7
1840.8000000000002
1840.9
1841.
1841.1000000000001
1841.2
1841.3000000000002
1841.4
1841.5
1841.6000000000001
1841.7
1841.8000000000002
1841.9
1842.
1842.1000000000001
1842.2
1842.3000000000002
1842.4
1842.5
1842.6000000000001
1842.7
1842.8000000000002
1842.9
1843.
1843.1000000000001
1843.2
1843.3000000000002
1843.4
1843.5
1843.6000000000001
1843.7
1843.8000000000002
1843.9
1844.
1844.1000000000001
1844.2
1844.3000000000002
1844.4
1844.5
1844.6000000000001
1844.7
1844.8000000000002
1844.9
1845.
1845.1000000000001
1845.2
1845.3000000000002
1845.4
1845.5
1845.6000000000001
1845.7
1845.8000000000002
1845.9
1846.
1846.1000000000001
1846.2
1846.3000000000002
1846.4
1846.5
1846.6000000000001
1846.7
1846.8000000000002
1846.9
1847.
1847.1000000000001
1847.2
1847.3000000000002
1847.4
1847.5
1847.6000000000001
1847.7
1847.8000000000002
1847.9
1848.
1848.1000000000001
1848.2
1848.3000000000002
1848.4
1848.5
1848.6000000000001
1848.7
1848.8000000000002
1848.9
1849.
1849.1000000000001
1849.2
1849.3000000000002
1849.4
1849.5
1849.6000000000001
1849.7
1849.8000000000002
1849.9
1850.
1850.1000000000001
1850.2
1850.3000000000002
1850.4
1850.5
1850.6000000000001
1850.7
1850.8000000000002
1850.9
1851.
1851.1000000000001
1851.2
1851.3000000000002
1851.4
1851.5
1851.6000000000001
1851.7
1851.8000000000002
1851.9
1852.
1852.1000000000001
1852.2
1852.3000000000002
1852.4
1852.5
1852.6000000000001
1852.7
1852.8000000000002
1852.9
1853.
1853.1000000000001
1853.2
1853.3000000000002
1853.4
1853.5
1853.6000000000001
1853.7
1853.8000000000002
1853.9
1854.
1854.1000000000001
1854.2
1854.3000000000002
1854.4
1854.5
1854.6000000000001
1854.7
1854.8000000000002
1854.9
1855.
1855.1000000000001
1855.2
1855.3000000000002
1855.4
1855.5
1855.6000000000001
1855.7
1855.8000000000002
1855.9
1856.
1856.1000000000001
1856.2
1856.3000000000002
1856.4
1856.5
1856.6000000000001
1856.7
1856.8000000000002
1856.9
1857.
1857.1000000000001
1857.2
1857.3000000000002
1857.4
1857.5
1857.6000000000001
1857.7
1857.8000000000002
1857.9
1858.
1858.1000000000001
1858.2
1858.3000000000002
1858.4
1858.5
1858.6000000000001
1858.7
1858.8000000000002
1858.9
1859.
1859.1000000000001
1859.2
1859.3000000000002
1859.4
1859.5
1859.6000000000001
1859.7
1859.8000000000002
1859.9
1860.
1860.1000000000001
1860.2
1860.3000000000002
1860.4
1860.5
1860.6000000000001
1860.7
1860.8000000000002
1860.9
1861.
1861.1000000000001
1861.2
1861.3000000000002
1861.4
1861.5
1861.6000000000001
1861.7
1861.8000000000002
1861.9
1862.
1862.1000000000001
1862.2
1862.3000000000002
1862.4
1862.5
1862.6000000000001
1862.7
1862.8000000000002
1862.9
1863.
1863.1000000000001
1863.2
1863.3000000000002
1863.4
1863.5
1863.6000000000001
1863.7
1863.8000000000002
1863.9
1864.
1864.1000000000001
1864.2
1864.3000000000002
1864.4
1864.5
1864.6000000000001
1864.7
1864.8000000000002
1864.9
1865.
1865.1000000000001
1865.2
1865.3000000000002
1865.4
1865.5
1865.6000000000001
1865.7
1865.8000000000002
1865.9
1866.
1866.1000000000001
1866.2
1866.3000000000002
1866.4
1866.5
1866.6000000000001
1866.7
1866.8000000000002
1866.9
1867.
1867.1000000000001
1867.2
1867.3000000000002
1867.4
1867.5
1867.6000000000001
1867.7
1867.8000000000002
1867.9
1868.
1868.1000000000001
1868.2
1868.3000000000002
1868.4
1868.5
1868.6000000000001
1868.7
1868.8000000000002
1868.9
1869.
1869.1000000000001
1869.2
1869.3000000000002
1869.4
1869.5
1869.6000000000001
1869.7
1869.8000000000002
1869.9
1870.
1870.1000000000001
1870.2
1870.3000000000002
1870.4
1870.5
1870.6000000000001
1870.7
1870.8000000000002
1870.9
1871.
1871.1000000000001
1871.2
1871.3000000000002
1871.4
1871.5
1871.6000000000001
1871.7
1871.8000000000002
1871.9
1872.
1872.1000000000001
1872.2
1872.3000000000002
1872.4
1872.5
1872.6000000000001
1872.7
1872.8000000000002
1872.9
1873.
1873.1000000000001
1873.2
1873.3000000000002
1873.4
1873.5
1873.6000000000001
1873.7
1873.8000000000002
1873.9
1874.
1874.1000000000001
1874.2
1874.3000000000002
1874.4
1874.5
1874.6000000000001
1874.7
1874.8000000000002
1874.9
1875.
1875.1000000000001
1875.2
1875.3000000000002
1875.4
1875.5
1875.6000000000001
1875.7
1875.8000000000002
1875.9
1876.
1876.1000000000001
1876.2
1876.3000000000002
1876.4
1876.5
1876.6000000000001
1876.7
1876.8000000000002
1876.9
1877.
1877.1000000000001
1877.2
1877.3000000000002
1877.4
1877.5
1877.6000000000001
1877.7
1877.8000000000002
1877.9
1878.
1878.1000000000001
1878.2
1878.3000000000002
1878.4
1878.5
1878.6000000000001
1878.7
1878.8000000000002
1878.9
1879.
1879.1000000000001
1879.2
1879.3000000000002
1879.4
1879.5
1879.6000000000001
1879.7
1879.8000000000002
1879.9
1880.
1880.1000000000001
1880.2
1880.3000000000002
1880.4
1880.5
1880.6000000000001
1880.7
1880.8000000000002
1880.9
1881.
1881.1000000000001
1881.2
1881.3000000000002
1881.4
1881.5
1881.6000000000001
1881.7
1881.8000000000002
1881.9
1882.
1882.1000000000001
1882.2
1882.3000000000002
1882.4
1882.5
1882.6000000000001
1882.7
1882.8000000000002
1882.9
1883.
1883.1000000000001
1883.2
1883.3000000000002
1883.4
1883.5
1883.6000000000001
1883.7
1883.8000000000002
1883.9
1884.
1884.1000000000001
1884.2
1884.3000000000002
1884.4
1884.5
1884.6000000000001
1884.7
1884.8000000000002
1884.9
1885.
1885.1000000000001
1885.2
1885.3000000000002
1885.4
1885.5
1885.6000000000001
1885.7
1885.8000000000002
1885.9
1886.
1886.1000000000001
1886.2
1886.3000000000002
1886.4
1886.5
1886.6000000000001
1886.7
1886.8000000000002
1886.9
1887.
1887.1000000000001
1887.2
1887.3000000000002
1887.4
1887.5
1887.6000000000001
1887.7
1887.8000000000002
1887.9
1888.
1888.1000000000001
1888.2
1888.3000000000002
1888.4
1888.5
1888.6000000000001
1888.7
1888.8000000000002
1888.9
1889.
1889.1000000000001
1889.2
1889.3000000000002
1889.4
1889.5
1889.6000000000001
1889.7
1889.8000000000002
1889.9
1890.
1890.1000000000001
1890.2
1890.3000000000002
1890.4
1890.5
1890.6000000000001
1890.7
1890.8000000000002
1890.9
1891.
1891.1000000000001
1891.2
1891.3000000000002
1891.4
1891.5
1891.6000000000001
1891.7
1891.8000000000002
1891.9
1892.
1892.1000000000001
1892.2
1892.3000000000002
1892.4
1892.5
1892.6000000000001
1892.7
1892.8000000000002
1892.9
1893.
1893.1000000000001
1893.2
1893.3000000000002
1893.4
1893.5
1893.6000000000001
1893.7
1893.8000000000002
1893.9
1894.
1894.1000000000001
1894.2
1894.3000000000002
1894.4
1894.5
1894.6000000000001
1894.7
1894.8000000000002
1894.9
1895.
1895.1000000000001
1895.2
1895.3000000000002
1895.4
1895.5
1895.6000000000001
1895.7
1895.8000000000002
1895.9
1896.
1896.1000000000001
1896.2
1896.3000000000002
1896.4
1896.5
1896.6000000000001
1896.7
1896.8000000000002
1896.9
1897.
1897.1000000000001
1897.2
1897.3000000000002
1897.4
1897.5
1897.6000000000001
1897.7
1897.8000000000002
1897.9
1898.
1898.1000000000001
1898.2
1898.3000000000002
1898.4
1898.5
1898.6000000000001
1898.7
1898.8000000000002
1898.9
1899.
1899.1000000000001
1899.2
1899.3000000000002
1899.4
1899.5
1899.6000000000001
1899.7
1899.8000000000002
1899.9
1900.
1900.1000000000001
1900.2
1900.3000000000002
1900.4
1900.5
1900.6000000000001
1900.7
1900.8000000000002
1900.9
1901.
1901.1000000000001
1901.2
1901.3000000000002
1901.4
1901.5
1901.6000000000001
1901.7
1901.8000000000002
1901.9
1902.
1902.1000000000001
1902.2
1902.3000000000002
1902.4
1902.5
1902.6000000000001
1902.7
1902.8000000000002
1902.9
1903.
1903.1000000000001
1903.2
1903.3000000000002
1903.4
1903.5
1903.6000000000001
1903.7
1903.8000000000002
1903.9
1904.
1904.1000000000001
1904.2
1904.3000000000002
1904.4
1904.5
1904.6000000000001
1904.7
1904.8000000000002
1904.9
1905.
1905.1000000000001
1905.2
1905.3000000000002
1905.4
1905.5
1905.6000000000001
1905.7
1905.8000000000002
1905.9
1906.
1906.1000000000001
1906.2
1906.3000000000002
1906.4
1906.5
1906.6000000000001
1906.7
1906.8000000000002
1906.9
1907.
1907.1000000000001
1907.2
1907.3000000000002
1907.4
1907.5
1907.6000000000001
1907.7
1907.8000000000002
1907.9
1908.
1908.1000000000001
1908.2
1908.3000000000002
1908.4
1908.5
1908.6000000000001
1908.7
1908.8000000000002
1908.9
1909.
1909.1000000000001
1909.2
1909.3000000000002
1909.4
1909.5
1909.6000000000001
1909.7
1909.8000000000002
1909.9
1910.
1910.1000000000001
1910.2
1910.3000000000002
1910.4
1910.5
1910.6000000000001
1910.7
1910.8000000000002
1910.9
1911.
1911.1000000000001
1911.2
1911.3000000000002
1911.4
1911.5
1911.6000000000001
1911.7
1911.8000000000002
1911.9
1912.
1912.1000000000001
1912.2
1912.3000000000002
1912.4
1912.5
1912.6000000000001
1912.7
1912.8000000000002
1912.9
1913.
1913.1000000000001
1913.2
1913.3000000000002
1913.4
1913.5
1913.6000000000001
1913.7
1913.8000000000002
1913.9
1914.
1914.1000000000001
1914.2
1914.3000000000002
1914.4
1914.5
1914.6000000000001
1914.7
1914.8000000000002
1914.9
1915.
1915.1000000000001
1915.2
1915.3000000000002
1915.4
1915.5
1915.6000000000001
1915.7
1915.8000000000002
1915.9
1916.
1916.1000000000001
1916.2
1916.3000000000002
1916.4
1916.5
1916.6000000000001
1916.7
1916.8000000000002
1916.9
1917.
1917.1000000000001
1917.2
1917.3000000000002
1917.4
1917.5
1917.6000000000001
1917.7
1917.8000000000002
1917.9
1918.
1918.1000000000001
1918.2
1918.3000000000002
1918.4
1918.5
1918.6000000000001
1918.7
1918.8000000000002
1918.9
1919.
1919.1000000000001
1919.2
1919.3000000000002
1919.4
1919.5
1919.6000000000001
1919.7
1919.8000000000002
1919.9
1920.
1920.1000000000001
1920.2
1920.3000000000002
1920.4
1920.5
1920.6000000000001
1920.7
1920.8000000000002
1920.9
1921.
1921.1000000000001
1921.2
1921.3000000000002
1921.4
1921.5
1921.6000000000001
1921.7
1921.8000000000002
1921.9
1922.
1922.1000000000001
1922.2
1922.3000000000002
1922.4
1922.5
1922.6000000000001
1922.7
1922.8000000000002
1922.9
1923.
1923.1000000000001
1923.2
1923.3000000000002
1923.4
1923.5
1923.6000000000001
1923.7
1923.8000000000002
1923.9
1924.
1924.1000000000001
1924.2
1924.3000000000002
1924.4
1924.5
1924.6000000000001
1924.7
1924.8000000000002
1924.9
1925.
1925.1000000000001
1925.2
1925.3000000000002
1925.4
1925.5
1925.6000000000001
1925.7
1925.8000000000002
1925.9
1926.
1926.1000000000001
1926.2
1926.3000000000002
1926.4
1926.5
1926.6000000000001
1926.7
1926.8000000000002
1926.9
1927.
1927.1000000000001
1927.2
1927.3000000000002
1927.4
1927.5
1927.6000000000001
1927.7
1927.8000000000002
1927.9
1928.
1928.1000000000001
1928.2
1928.3000000000002
1928.4
1928.5
1928.6000000000001
1928.7
1928.8000000000002
1928.9
1929.
1929.1000000000001
1929.2
1929.3000000000002
1929.4
1929.5
1929.6000000000001
1929.7
1929.8000000000002
1929.9
1930.
1930.1000000000001
1930.2
1930.3000000000002
1930.4
1930.5
1930.6000000000001
1930.7
1930.8000000000002
1930.9
1931.
1931.1000000000001
1931.2
1931.3000000000002
1931.4
1931.5
1931.6000000000001
1931.7
1931.8000000000002
1931.9
1932.
1932.1000000000001
1932.2
1932.3000000000002
1932.4
1932.5
1932.6000000000001
1932.7
1932.8000000000002
1932.9
1933.
1933.1000000000001
1933.2
1933.3000000000002
1933.4
1933.5
1933.6000000000001
1933.7
1933.8000000000002
1933.9
1934.
1934.1000000000001
1934.2
1934.3000000000002
1934.4
1934.5
1934.6000000000001
1934.7
1934.8000000000002
1934.9
1935.
1935.1000000000001
1935.2
1935.3000000000002
1935.4
1935.5
1935.6000000000001
1935.7
1935.8000000000002
1935.9
1936.
1936.1000000000001
1936.2
1936.3000000000002
1936.4
1936.5
1936.6000000000001
1936.7
1936.8000000000002
1936.9
1937.
1937.1000000000001
1937.2
1937.3000000000002
1937.4
1937.5
1937.6000000000001
1937.7
1937.8000000000002
1937.9
1938.
1938.1000000000001
1938.2
1938.3000000000002
1938.4
1938.5
1938.6000000000001
1938.7
1938.8000000000002
1938.9
1939.
1939.1000000000001
1939.2
1939.3000000000002
1939.4
1939.5
1939.6000000000001
1939.7
1939.8000000000002
1939.9
1940.
1940.1000000000001
1940.2
1940.3000000000002
1940.4
1940.5
1940.6000000000001
1940.7
1940.8000000000002
1940.9
1941.
1941.1000000000001
1941.2
1941.3000000000002
1941.4
1941.5
1941.6000000000001
1941.7
1941.8000000000002
1941.9
1942.
1942.1000000000001
1942.2
1942.3000000000002
1942.4
1942.5
1942.6000000000001
1942.7
1942.8000000000002
1942.9
1943.
1943.1000000000001
1943.2
1943.3000000000002
1943.4
1943.5
1943.6000000000001
1943.7
1943.8000000000002
1943.9
1944.
1944.1000000000001
1944.2
1944.3000000000002
1944.4
1944.5
1944.6000000000001
1944.7
1944.8000000000002
1944.9
1945.
1945.1000000000001
1945.2
1945.3000000000002
1945.4
1945.5
1945.6000000000001
1945.7
1945.8000000000002
1945.9
1946.
1946.1000000000001
1946.2
1946.3000000000002
1946.4
1946.5
1946.6000000000001
1946.7
1946.8000000000002
1946.9
1947.
1947.1000000000001
1947.2
1947.3000000000002
1947.4
1947.5
1947.6000000000001
1947.7
1947.8000000000002
1947.9
1948.
1948.1000000000001
1948.2
1948.3000000000002
1948.4
1948.5
1948.6000000000001
1948.7
1948.8000000000002
1948.9
1949.
1949.1000000000001
1949.2
1949.3000000000002
1949.4
1949.5
1949.6000000000001
1949.7
1949.8000000000002
1949.9
1950.
1950.1000000000001
1950.2
1950.3000000000002
1950.4
1950.5
1950.6000000000001
1950.7
1950.8000000000002
1950.9
1951.
1951.1000000000001
1951.2
1951.3000000000002
1951.4
1951.5
1951.6000000000001
1951.7
1951.8000000000002
1951.9
1952.
1952.1000000000001
1952.2
1952.3000000000002
1952.4
1952.5
1952.6000000000001
1952.7
1952.8000000000002
1952.9
1953.
1953.1000000000001
1953.2
1953.3000000000002
1953.4
1953.5
1953.6000000000001
1953.7
1953.8000000000002
1953.9
1954.
1954.1000000000001
1954.2
1954.3000000000002
1954.4
1954.5
1954.6000000000001
1954.7
1954.8000000000002
1954.9
1955.
1955.1000000000001
1955.2
1955.3000000000002
1955.4
1955.5
1955.6000000000001
1955.7
1955.8000000000002
1955.9
1956.
1956.1000000000001
1956.2
1956.3000000000002
1956.4
1956.5
1956.6000000000001
1956.7
1956.8000000000002
1956.9
1957.
1957.1000000000001
1957.2
1957.3000000000002
1957.4
1957.5
1957.6000000000001
1957.7
1957.8000000000002
1957.9
1958.
1958.1000000000001
1958.2
1958.3000000000002
1958.4
1958.5
1958.6000000000001
1958.7
1958.8000000000002
1958.9
1959.
1959.1000000000001
1959.2
1959.3000000000002
1959.4
1959.5
1959.6000000000001
1959.7
1959.8000000000002
1959.9
1960.
1960.1000000000001
1960.2
1960.3000000000002
1960.4
1960.5
1960.6000000000001
1960.7
1960.8000000000002
1960.9
1961.
1961.1000000000001
1961.2
1961.3000000000002
1961.4
1961.5
1961.6000000000001
1961.7
1961.8000000000002
1961.9
1962.
1962.1000000000001
1962.2
1962.3000000000002
1962.4
1962.5
1962.6000000000001
1962.7
1962.8000000000002
1962.9
1963.
1963.1000000000001
1963.2
1963.3000000000002
1963.4
1963.5
1963.6000000000001
1963.7
1963.8000000000002
1963.9
1964.
1964.1000000000001
1964.2
1964.3000000000002
1964.4
1964.5
1964.6000000000001
1964.7
1964.8000000000002
1964.9
1965.
1965.1000000000001
1965.2
1965.3000000000002
1965.4
1965.5
1965.6000000000001
1965.7
1965.8000000000002
1965.9
1966.
1966.1000000000001
1966.2
1966.3000000000002
1966.4
1966.5
1966.6000000000001
1966.7
1966.8000000000002
1966.9
1967.
1967.1000000000001
1967.2
1967.3000000000002
1967.4
1967.5
1967.6000000000001
1967.7
1967.8000000000002
1967.9
1968.
1968.1000000000001
1968.2
1968.3000000000002
1968.4
1968.5
1968.6000000000001
1968.7
1968.8000000000002
1968.9
1969.
1969.1000000000001
1969.2
1969.3000000000002
1969.4
1969.5
1969.6000000000001
1969.7
1969.8000000000002
1969.9
1970.
1970.1000000000001
1970.2
1970.3000000000002
1970.4
1970.5
1970.6000000000001
1970.7
1970.8000000000002
1970.9
1971.
1971.1000000000001
1971.2
1971.3000000000002
1971.4
1971.5
1971.6000000000001
1971.7
1971.8000000000002
1971.9
1972.
1972.1000000000001
1972.2
1972.3000000000002
1972.4
1972.5
1972.6000000000001
1972.7
1972.8000000000002
1972.9
1973.
1973.1000000000001
1973.2
1973.3000000000002
1973.4
1973.5
1973.6000000000001
1973.7
1973.8000000000002
1973.9
1974.
1974.1000000000001
1974.2
1974.3000000000002
1974.4
1974.5
1974.6000000000001
1974.7
1974.8000000000002
1974.9
1975.
1975.1000000000001
1975.2
1975.3000000000002
1975.4
1975.5
1975.6000000000001
1975.7
1975.8000000000002
1975.9
1976.
1976.1000000000001
1976.2
1976.3000000000002
1976.4
1976.5
1976.6000000000001
1976.7
1976.8000000000002
1976.9
1977.
1977.1000000000001
1977.2
1977.3000000000002
1977.4
1977.5
1977.6000000000001
1977.7
1977.8000000000002
1977.9
1978.
1978.1000000000001
1978.2
1978.3000000000002
1978.4
1978.5
1978.6000000000001
1978.7
1978.8000000000002
1978.9
1979.
1979.1000000000001
1979.2
1979.3000000000002
1979.4
1979.5
1979.6000000000001
1979.7
1979.8000000000002
1979.9
1980.
1980.1000000000001
1980.2
1980.3000000000002
1980.4
1980.5
1980.6000000000001
1980.7
1980.8000000000002
1980.9
1981.
1981.1000000000001
1981.2
1981.3000000000002
1981.4
1981.5
1981.6000000000001
1981.7
1981.8000000000002
1981.9
1982.
1982.1000000000001
1982.2
1982.3000000000002
1982.4
1982.5
1982.6000000000001
1982.7
1982.8000000000002
1982.9
1983.
1983.1000000000001
1983.2
1983.3000000000002
1983.4
1983.5
1983.6000000000001
1983.7
1983.8000000000002
1983.9
1984.
1984.1000000000001
1984.2
1984.3000000000002
1984.4
1984.5
1984.6000000000001
1984.7
1984.8000000000002
1984.9
1985.
1985.1000000000001
1985.2
1985.3000000000002
1985.4
1985.5
1985.6000000000001
1985.7
1985.8000000000002
1985.9
1986.
1986.1000000000001
1986.2
1986.3000000000002
1986.4
1986.5
1986.6000000000001
1986.7
1986.8000000000002
1986.9
1987.
1987.1000000000001
1987.2
1987.3000000000002
1987.4
1987.5
1987.6000000000001
1987.7
1987.8000000000002
1987.9
1988.
1988.1000000000001
1988.2
1988.3000000000002
1988.4
1988.5
1988.6000000000001
1988.7
1988.8000000000002
1988.9
1989.
1989.1000000000001
1989.2
1989.3000000000002
1989.4
1989.5
1989.6000000000001
1989.7
1989.8000000000002
1989.9
1990.
1990.1000000000001
1990.2
1990.3000000000002
1990.4
1990.5
1990.6000000000001
1990.7
1990.8000000000002
1990.9
1991.
1991.1000000000001
1991.2
1991.3000000000002
1991.4
1991.5
1991.6000000000001
1991.7
1991.8000000000002
1991.9
1992.
1992.1000000000001
1992.2
1992.3000000000002
1992.4
1992.5
1992.6000000000001
1992.7
1992.8000000000002
1992.9
1993.
1993.1000000000001
1993.2
1993.3000000000002
1993.4
1993.5
1993.6000000000001
1993.7
1993.8000000000002
1993.9
1994.
1994.1000000000001
1994.2
1994.3000000000002
1994.4
1994.5
1994.6000000000001
1994.7
1994.8000000000002
1994.9
1995.
1995.1000000000001
1995.2
1995.3000000000002
1995.4
1995.5
1995.6000000000001
1995.7
1995.8000000000002
1995.9
1996.
1996.1000000000001
1996.2
1996.3000000000002
1996.4
1996.5
1996.6000000000001
1996.7
1996.8000000000002
1996.9
1997.
1997.1000000000001
1997.2
1997.3000000000002
1997.4
1997.5
1997.6000000000001
1997.7
1997.8000000000002
1997.9
1998.
1998.1000000000001
1998.2
1998.3000000000002
1998.4
1998.5
1998.6000000000001
1998.7
1998.8000000000002
1998.9
1999.
1999.1000000000001
1999.2
1999.3000000000002
1999.4
1999.5
1999.6000000000001
1999.7
1999.8000000000002
1999.9
2000.
2000.1000000000001
2000.2
2000.3000000000002
2000.4
2000.5
2000.6000000000001
2000.7
2000.8000000000002
2000.9
2001.
2001.1000000000001
2001.2
2001.3000000000002
2001.4
2001.5
2001.6000000000001
2001.7
2001.8000000000002
2001.9
2002.
2002.1000000000001
2002.2
2002.3000000000002
2002.4
2002.5
2002.6000000000001
2002.7
2002.8000000000002
2002.9
2003.
2003.1000000000001
2003.2
2003.3000000000002
2003.4
2003.5
2003.6000000000001
2003.7
2003.8000000000002
2003.9
2004.
2004.1000000000001
2004.2
2004.3000000000002
2004.4
2004.5
2004.6000000000001
2004.7
2004.8000000000002
2004.9
2005.
2005.1000000000001
2005.2
2005.3000000000002
2005.4
2005.5
2005.6000000000001
2005.7
2005.8000000000002
2005.9
2006.
2006.1000000000001
2006.2
2006.3000000000002
2006.4
2006.5
2006.6000000000001
2006.7
2006.8000000000002
2006.9
2007.
2007.1000000000001
2007.2
2007.3000000000002
2007.4
2007.5
2007.6000000000001
2007.7
2007.8000000000002
2007.9
2008.
2008.1000000000001
2008.2
2008.3000000000002
2008.4
2008.5
2008.6000000000001
2008.7
2008.8000000000002
2008.9
2009.
2009.1000000000001
2009.2
2009.3000000000002
2009.4
2009.5
2009.6000000000001
2009.7
2009.8000000000002
2009.9
2010.
2010.1000000000001
2010.2
2010.3000000000002
2010.4
2010.5
2010.6000000000001
2010.7
2010.8000000000002
2010.9
2011.
2011.1000000000001
2011.2
2011.3000000000002
2011.4
2011.5
2011.6000000000001
2011.7
2011.8000000000002
2011.9
2012.
2012.1000000000001
2012.2
2012.3000000000002
2012.4
2012.5
2012.6000000000001
2012.7
2012.8000000000002
2012.9
2013.
2013.1000000000001
2013.2
2013.3000000000002
2013.4
2013.5
2013.6000000000001
2013.7
2013.8000000000002
2013.9
2014.
2014.1000000000001
2014.2
2014.3000000000002
2014.4
2014.5
2014.6000000000001
2014.7
2014.8000000000002
2014.9
2015.
2015.1000000000001
2015.2
2015.3000000000002
2015.4
2015.5
2015.6000000000001
2015.7
2015.8000000000002
2015.9
2016.
2016.1000000000001
2016.2
2016.3000000000002
2016.4
2016.5
2016.6000000000001
2016.7
2016.8000000000002
2016.9
2017.
2017.1000000000001
2017.2
2017.3000000000002
2017.4
2017.5
2017.6000000000001
2017.7
2017.8000000000002
2017.9
2018.
2018.1000000000001
2018.2
2018.3000000000002
2018.4
2018.5
2018.6000000000001
2018.7
2018.8000000000002
2018.9
2019.
2019.1000000000001
2019.2
2019.3000000000002
2019.4
2019.5
2019.6000000000001
2019.7
2019.8000000000002
2019.9
2020.
2020.1000000000001
2020.2
2020.3000000000002
2020.4
2020.5
2020.6000000000001
2020.7
2020.8000000000002
2020.9
2021.
2021.1000000000001
2021.2
2021.3000000000002
2021.4
2021.5
2021.6000000000001
2021.7
2021.8000000000002
2021.9
2022.
2022.1000000000001
2022.2
2022.3000000000002
2022.4
2022.5
2022.6000000000001
2022.7
2022.8000000000002
2022.9
2023.
2023.1000000000001
2023.2
2023.3000000000002
2023.4
2023.5
2023.6000000000001
2023.7
2023.8000000000002
2023.9
2024.
2024.1000000000001
2024.2
2024.3000000000002
2024.4
2024.5
2024.6000000000001
2024.7
2024.8000000000002
2024.9
2025.
2025.1000000000001
2025.2
2025.3000000000002
2025.4
2025.5
2025.6000000000001
2025.7
2025.8000000000002
2025.9
2026.
2026.1000000000001
2026.2
2026.3000000000002
2026.4
2026.5
2026.6000000000001
2026.7
2026.8000000000002
2026.9
2027.
2027.1000000000001
2027.2
2027.3000000000002
2027.4
2027.5
2027.6000000000001
2027.7
2027.8000000000002
2027.9
2028.
2028.1000000000001
2028.2
2028.3000000000002
2028.4
2028.5
2028.6000000000001
2028.7
2028.8000000000002
2028.9
2029.
2029.1000000000001
2029.2
2029.3000000000002
2029.4
2029.5
2029.6000000000001
2029.7
2029.8000000000002
2029.9
2030.
2030.1000000000001
2030.2
2030.3000000000002
2030.4
2030.5
2030.6000000000001
2030.7
2030.8000000000002
2030.9
2031.
2031.1000000000001
2031.2
2031.3000000000002
2031.4
2031.5
2031.6000000000001
2031.7
2031.8000000000002
2031.9
2032.
2032.1000000000001
2032.2
2032.3000000000002
2032.4
2032.5
2032.6000000000001
2032.7
2032.8000000000002
2032.9
2033.
2033.1000000000001
2033.2
2033.3000000000002
2033.4
2033.5
2033.6000000000001
2033.7
2033.8000000000002
2033.9
2034.
2034.1000000000001
2034.2
2034.3000000000002
2034.4
2034.5
2034.6000000000001
2034.7
2034.8000000000002
2034.9
2035.
2035.1000000000001
2035.2
2035.3000000000002
2035.4
2035.5
2035.6000000000001
2035.7
2035.8000000000002
2035.9
2036.
2036.1000000000001
2036.2
2036.3000000000002
2036.4
2036.5
2036.6000000000001
2036.7
2036.8000000000002
2036.9
2037.
2037.1000000000001
2037.2
2037.3000000000002
2037.4
2037.5
2037.6000000000001
2037.7
2037.8000000000002
2037.9
2038.
2038.1000000000001
2038.2
2038.3000000000002
2038.4
2038.5
2038.6000000000001
2038.7
2038.8000000000002
2038.9
2039.
2039.1000000000001
2039.2
2039.3000000000002
2039.4
2039.5
2039.6000000000001
2039.7
2039.8000000000002
2039.9
2040.
2040.1000000000001
2040.2
2040.3000000000002
2040.4
2040.5
2040.6000000000001
2040.7
2040.8000000000002
2040.9
2041.
2041.1000000000001
2041.2
2041.3000000000002
2041.4
2041.5
2041.6000000000001
2041.7
2041.8000000000002
2041.9
2042.
2042.1000000000001
2042.2
2042.3000000000002
2042.4
2042.5
2042.6000000000001
2042.7
2042.8000000000002
2042.9
2043.
2043.1000000000001
2043.2
2043.3000000000002
2043.4
2043.5
2043.6000000000001
2043.7
2043.8000000000002
2043.9
2044.
2044.1000000000001
2044.2
2044.3000000000002
2044.4
2044.5
2044.6000000000001
2044.7
2044.8000000000002
2044.9
2045.
2045.1000000000001
2045.2
2045.3000000000002
2045.4
2045.5
2045.6000000000001
2045.7
2045.8000000000002
2045.9
2046.
2046.1000000000001
2046.2
2046.3000000000002
2046.4
2046.5
2046.6000000000001
2046.7
2046.8000000000002
2046.9
2047.
2047.1000000000001
2047.2
2047.3000000000002
2047.4
2047.5
2047.6000000000001
2047.7
2047.8000000000002
2047.9
2048.
2048.1000000000004
2048.2
2048.3
2048.4
2048.5
2048.6000000000004
2048.7
2048.8
2048.9
2049.
2049.1
2049.2000000000003
2049.3
2049.4
2049.5
2049.6
2049.7000000000003
2049.8
2049.9
2050.
2050.1
2050.2000000000003
2050.3
2050.4
2050.5
2050.6
2050.7000000000003
2050.8
2050.9
2051.
2051.1
2051.2000000000003
2051.3
2051.4
2051.5
2051.6
2051.7000000000003
2051.8
2051.9
2052.
2052.1
2052.2000000000003
2052.3
2052.4
2052.5
2052.6
2052.7000000000003
2052.8
2052.9
2053.
2053.1
2053.2000000000003
2053.3
2053.4
2053.5
2053.6
2053.7000000000003
2053.8
2053.9
2054.
2054.1
2054.2000000000003
2054.3
2054.4
2054.5
2054.6
2054.7000000000003
2054.8
2054.9
2055.
2055.1
2055.2000000000003
2055.3
2055.4
2055.5
2055.6
2055.7000000000003
2055.8
2055.9
2056.
2056.1
2056.2000000000003
2056.3
2056.4
2056.5
2056.6
2056.7000000000003
2056.8
2056.9
2057.
2057.1
2057.2000000000003
2057.3
2057.4
2057.5
2057.6
2057.7000000000003
2057.8
2057.9
2058.
2058.1
2058.2000000000003
2058.3
2058.4
2058.5
2058.6
2058.7000000000003
2058.8
2058.9
2059.
2059.1
2059.2000000000003
2059.3
2059.4
2059.5
2059.6
2059.7000000000003
2059.8
2059.9
2060.
2060.1
2060.2000000000003
2060.3
2060.4
2060.5
2060.6
2060.7000000000003
2060.8
2060.9
2061.
2061.1
2061.2000000000003
2061.3
2061.4
2061.5
2061.6
2061.7000000000003
2061.8
2061.9
2062.
2062.1
2062.2000000000003
2062.3
2062.4
2062.5
2062.6
2062.7000000000003
2062.8
2062.9
2063.
2063.1
2063.2000000000003
2063.3
2063.4
2063.5
2063.6
2063.7000000000003
2063.8
2063.9
2064.
2064.1
2064.2000000000003
2064.3
2064.4
2064.5
2064.6
2064.7000000000003
2064.8
2064.9
2065.
2065.1
2065.2000000000003
2065.3
2065.4
2065.5
2065.6
2065.7000000000003
2065.8
2065.9
2066.
2066.1
2066.2000000000003
2066.3
2066.4
2066.5
2066.6
2066.7000000000003
2066.8
2066.9
2067.
2067.1
2067.2000000000003
2067.3
2067.4
2067.5
2067.6
2067.7000000000003
2067.8
2067.9
2068.
2068.1
2068.2000000000003
2068.3
2068.4
2068.5
2068.6
2068.7000000000003
2068.8
2068.9
2069.
2069.1
2069.2000000000003
2069.3
2069.4
2069.5
2069.6
2069.7000000000003
2069.8
2069.9
2070.
2070.1
2070.2000000000003
2070.3
2070.4
2070.5
2070.6
2070.7000000000003
2070.8
2070.9
2071.
2071.1
2071.2000000000003
2071.3
2071.4
2071.5
2071.6
2071.7000000000003
2071.8
2071.9
2072.
2072.1
2072.2000000000003
2072.3
2072.4
2072.5
2072.6
2072.7000000000003
2072.8
2072.9
2073.
2073.1
2073.2000000000003
2073.3
2073.4
2073.5
2073.6
2073.7000000000003
2073.8
2073.9
2074.
2074.1
2074.2000000000003
2074.3
2074.4
2074.5
2074.6
2074.7000000000003
2074.8
2074.9
2075.
2075.1
2075.2000000000003
2075.3
2075.4
2075.5
2075.6
2075.7000000000003
2075.8
2075.9
2076.
2076.1
2076.2000000000003
2076.3
2076.4
2076.5
2076.6
2076.7000000000003
2076.8
2076.9
2077.
2077.1
2077.2000000000003
2077.3
2077.4
2077.5
2077.6
2077.7000000000003
2077.8
2077.9
2078.
2078.1
2078.2000000000003
2078.3
2078.4
2078.5
2078.6
2078.7000000000003
2078.8
2078.9
2079.
2079.1
2079.2000000000003
2079.3
2079.4
2079.5
2079.6
2079.7000000000003
2079.8
2079.9
2080.
2080.1
2080.2000000000003
2080.3
2080.4
2080.5
2080.6
2080.7000000000003
2080.8
2080.9
2081.
2081.1
2081.2000000000003
2081.3
2081.4
2081.5
2081.6
2081.7000000000003
2081.8
2081.9
2082.
2082.1
2082.2000000000003
2082.3
2082.4
2082.5
2082.6
2082.7000000000003
2082.8
2082.9
2083.
2083.1
2083.2000000000003
2083.3
2083.4
2083.5
2083.6
2083.7000000000003
2083.8
2083.9
2084.
2084.1
2084.2000000000003
2084.3
2084.4
2084.5
2084.6
2084.7000000000003
2084.8
2084.9
2085.
2085.1
2085.2000000000003
2085.3
2085.4
2085.5
2085.6
2085.7000000000003
2085.8
2085.9
2086.
2086.1
2086.2000000000003
2086.3
2086.4
2086.5
2086.6
2086.7000000000003
2086.8
2086.9
2087.
2087.1
2087.2000000000003
2087.3
2087.4
2087.5
2087.6
2087.7000000000003
2087.8
2087.9
2088.
2088.1
2088.2000000000003
2088.3
2088.4
2088.5
2088.6
2088.7000000000003
2088.8
2088.9
2089.
2089.1
2089.2000000000003
2089.3
2089.4
2089.5
2089.6
2089.7000000000003
2089.8
2089.9
2090.
2090.1
2090.2000000000003
2090.3
2090.4
2090.5
2090.6
2090.7000000000003
2090.8
2090.9
2091.
2091.1
2091.2000000000003
2091.3
2091.4
2091.5
2091.6
2091.7000000000003
2091.8
2091.9
2092.
2092.1
2092.2000000000003
2092.3
2092.4
2092.5
2092.6
2092.7000000000003
2092.8
2092.9
2093.
2093.1
2093.2000000000003
2093.3
2093.4
2093.5
2093.6
2093.7000000000003
2093.8
2093.9
2094.
2094.1
2094.2000000000003
2094.3
2094.4
2094.5
2094.6
2094.7000000000003
2094.8
2094.9
2095.
2095.1
2095.2000000000003
2095.3
2095.4
2095.5
2095.6
2095.7000000000003
2095.8
2095.9
2096.
2096.1
2096.2000000000003
2096.3
2096.4
2096.5
2096.6
2096.7000000000003
2096.8
2096.9
2097.
2097.1
2097.2000000000003
2097.3
2097.4
2097.5
2097.6
2097.7000000000003
2097.8
2097.9
2098.
2098.1
2098.2000000000003
2098.3
2098.4
2098.5
2098.6
2098.7000000000003
2098.8
2098.9
2099.
2099.1
2099.2000000000003
2099.3
2099.4
2099.5
2099.6
2099.7000000000003
2099.8
2099.9
2100.
2100.1
2100.2000000000003
2100.3
2100.4
2100.5
2100.6
2100.7000000000003
2100.8
2100.9
2101.
2101.1
2101.2000000000003
2101.3
2101.4
2101.5
2101.6
2101.7000000000003
2101.8
2101.9
2102.
2102.1
2102.2000000000003
2102.3
2102.4
2102.5
2102.6
2102.7000000000003
2102.8
2102.9
2103.
2103.1
2103.2000000000003
2103.3
2103.4
2103.5
2103.6
2103.7000000000003
2103.8
2103.9
2104.
2104.1
2104.2000000000003
2104.3
2104.4
2104.5
2104.6
2104.7000000000003
2104.8
2104.9
2105.
2105.1
2105.2000000000003
2105.3
2105.4
2105.5
2105.6
2105.7000000000003
2105.8
2105.9
2106.
2106.1
2106.2000000000003
2106.3
2106.4
2106.5
2106.6
2106.7000000000003
2106.8
2106.9
2107.
2107.1
2107.2000000000003
2107.3
2107.4
2107.5
2107.6
2107.7000000000003
2107.8
2107.9
2108.
2108.1
2108.2000000000003
2108.3
2108.4
2108.5
2108.6
2108.7000000000003
2108.8
2108.9
2109.
2109.1
2109.2000000000003
2109.3
2109.4
2109.5
2109.6
2109.7000000000003
2109.8
2109.9
2110.
2110.1
2110.2000000000003
2110.3
2110.4
2110.5
2110.6
2110.7000000000003
2110.8
2110.9
2111.
2111.1
2111.2000000000003
2111.3
2111.4
2111.5
2111.6
2111.7000000000003
2111.8
2111.9
2112.
2112.1
2112.2000000000003
2112.3
2112.4
2112.5
2112.6
2112.7000000000003
2112.8
2112.9
2113.
2113.1
2113.2000000000003
2113.3
2113.4
2113.5
2113.6
2113.7000000000003
2113.8
2113.9
2114.
2114.1
2114.2000000000003
2114.3
2114.4
2114.5
2114.6
2114.7000000000003
2114.8
2114.9
2115.
2115.1
2115.2000000000003
2115.3
2115.4
2115.5
2115.6
2115.7000000000003
2115.8
2115.9
2116.
2116.1
2116.2000000000003
2116.3
2116.4
2116.5
2116.6
2116.7000000000003
2116.8
2116.9
2117.
2117.1
2117.2000000000003
2117.3
2117.4
2117.5
2117.6
2117.7000000000003
2117.8
2117.9
2118.
2118.1
2118.2000000000003
2118.3
2118.4
2118.5
2118.6
2118.7000000000003
2118.8
2118.9
2119.
2119.1
2119.2000000000003
2119.3
2119.4
2119.5
2119.6
2119.7000000000003
2119.8
2119.9
2120.
2120.1
2120.2000000000003
2120.3
2120.4
2120.5
2120.6
2120.7000000000003
2120.8
2120.9
2121.
2121.1
2121.2000000000003
2121.3
2121.4
2121.5
2121.6
2121.7000000000003
2121.8
2121.9
2122.
2122.1
2122.2000000000003
2122.3
2122.4
2122.5
2122.6
2122.7000000000003
2122.8
2122.9
2123.
2123.1
2123.2000000000003
2123.3
2123.4
2123.5
2123.6
2123.7000000000003
2123.8
2123.9
2124.
2124.1
2124.2000000000003
2124.3
2124.4
2124.5
2124.6
2124.7000000000003
2124.8
2124.9
2125.
2125.1
2125.2000000000003
2125.3
2125.4
2125.5
2125.6
2125.7000000000003
2125.8
2125.9
2126.
2126.1
2126.2000000000003
2126.3
2126.4
2126.5
2126.6
2126.7000000000003
2126.8
2126.9
2127.
2127.1
2127.2000000000003
2127.3
2127.4
2127.5
2127.6
2127.7000000000003
2127.8
2127.9
2128.
2128.1
2128.2000000000003
2128.3
2128.4
2128.5
2128.6
2128.7000000000003
2128.8
2128.9
2129.
2129.1
2129.2000000000003
2129.3
2129.4
2129.5
2129.6
2129.7000000000003
2129.8
2129.9
2130.
2130.1
2130.2000000000003
2130.3
2130.4
2130.5
2130.6
2130.7000000000003
2130.8
2130.9
2131.
2131.1
2131.2000000000003
2131.3
2131.4
2131.5
2131.6
2131.7000000000003
2131.8
2131.9
2132.
2132.1
2132.2000000000003
2132.3
2132.4
2132.5
2132.6
2132.7000000000003
2132.8
2132.9
2133.
2133.1
2133.2000000000003
2133.3
2133.4
2133.5
2133.6
2133.7000000000003
2133.8
2133.9
2134.
2134.1
2134.2000000000003
2134.3
2134.4
2134.5
2134.6
2134.7000000000003
2134.8
2134.9
2135.
2135.1
2135.2000000000003
2135.3
2135.4
2135.5
2135.6
2135.7000000000003
2135.8
2135.9
2136.
2136.1
2136.2000000000003
2136.3
2136.4
2136.5
2136.6
2136.7000000000003
2136.8
2136.9
2137.
2137.1
2137.2000000000003
2137.3
2137.4
2137.5
2137.6
2137.7000000000003
2137.8
2137.9
2138.
2138.1
2138.2000000000003
2138.3
2138.4
2138.5
2138.6
2138.7000000000003
2138.8
2138.9
2139.
2139.1
2139.2000000000003
2139.3
2139.4
2139.5
2139.6
2139.7000000000003
2139.8
2139.9
2140.
2140.1
2140.2000000000003
2140.3
2140.4
2140.5
2140.6
2140.7000000000003
2140.8
2140.9
2141.
2141.1
2141.2000000000003
2141.3
2141.4
2141.5
2141.6
2141.7000000000003
2141.8
2141.9
2142.
2142.1
2142.2000000000003
2142.3
2142.4
2142.5
2142.6
2142.7000000000003
2142.8
2142.9
2143.
2143.1
2143.2000000000003
2143.3
2143.4
2143.5
2143.6
2143.7000000000003
2143.8
2143.9
2144.
2144.1
2144.2000000000003
2144.3
2144.4
2144.5
2144.6
2144.7000000000003
2144.8
2144.9
2145.
2145.1
2145.2000000000003
2145.3
2145.4
2145.5
2145.6
2145.7000000000003
2145.8
2145.9
2146.
2146.1
2146.2000000000003
2146.3
2146.4
2146.5
2146.6
2146.7000000000003
2146.8
2146.9
2147.
2147.1
2147.2000000000003
2147.3
2147.4
2147.5
2147.6
2147.7000000000003
2147.8
2147.9
2148.
2148.1
2148.2000000000003
2148.3
2148.4
2148.5
2148.6
2148.7000000000003
2148.8
2148.9
2149.
2149.1
2149.2000000000003
2149.3
2149.4
2149.5
2149.6
2149.7000000000003
2149.8
2149.9
2150.
2150.1
2150.2000000000003
2150.3
2150.4
2150.5
2150.6
2150.7000000000003
2150.8
2150.9
2151.
2151.1
2151.2000000000003
2151.3
2151.4
2151.5
2151.6
2151.7000000000003
2151.8
2151.9
2152.
2152.1
2152.2000000000003
2152.3
2152.4
2152.5
2152.6
2152.7000000000003
2152.8
2152.9
2153.
2153.1
2153.2000000000003
2153.3
2153.4
2153.5
2153.6
2153.7000000000003
2153.8
2153.9
2154.
2154.1
2154.2000000000003
2154.3
2154.4
2154.5
2154.6
2154.7000000000003
2154.8
2154.9
2155.
2155.1
2155.2000000000003
2155.3
2155.4
2155.5
2155.6
2155.7000000000003
2155.8
2155.9
2156.
2156.1
2156.2000000000003
2156.3
2156.4
2156.5
2156.6
2156.7000000000003
2156.8
2156.9
2157.
2157.1
2157.2000000000003
2157.3
2157.4
2157.5
2157.6
2157.7000000000003
2157.8
2157.9
2158.
2158.1
2158.2000000000003
2158.3
2158.4
2158.5
2158.6
2158.7000000000003
2158.8
2158.9
2159.
2159.1
2159.2000000000003
2159.3
2159.4
2159.5
2159.6
2159.7000000000003
2159.8
2159.9
2160.
2160.1
2160.2000000000003
2160.3
2160.4
2160.5
2160.6
2160.7000000000003
2160.8
2160.9
2161.
2161.1
2161.2000000000003
2161.3
2161.4
2161.5
2161.6
2161.7000000000003
2161.8
2161.9
2162.
2162.1
2162.2000000000003
2162.3
2162.4
2162.5
2162.6
2162.7000000000003
2162.8
2162.9
2163.
2163.1
2163.2000000000003
2163.3
2163.4
2163.5
2163.6
2163.7000000000003
2163.8
2163.9
2164.
2164.1
2164.2000000000003
2164.3
2164.4
2164.5
2164.6
2164.7000000000003
2164.8
2164.9
2165.
2165.1
2165.2000000000003
2165.3
2165.4
2165.5
2165.6
2165.7000000000003
2165.8
2165.9
2166.
2166.1
2166.2000000000003
2166.3
2166.4
2166.5
2166.6
2166.7000000000003
2166.8
2166.9
2167.
2167.1
2167.2000000000003
2167.3
2167.4
2167.5
2167.6
2167.7000000000003
2167.8
2167.9
2168.
2168.1
2168.2000000000003
2168.3
2168.4
2168.5
2168.6
2168.7000000000003
2168.8
2168.9
2169.
2169.1
2169.2000000000003
2169.3
2169.4
2169.5
2169.6
2169.7000000000003
2169.8
2169.9
2170.
2170.1
2170.2000000000003
2170.3
2170.4
2170.5
2170.6
2170.7000000000003
2170.8
2170.9
2171.
2171.1
2171.2000000000003
2171.3
2171.4
2171.5
2171.6
2171.7000000000003
2171.8
2171.9
2172.
2172.1
2172.2000000000003
2172.3
2172.4
2172.5
2172.6
2172.7000000000003
2172.8
2172.9
2173.
2173.1
2173.2000000000003
2173.3
2173.4
2173.5
2173.6
2173.7000000000003
2173.8
2173.9
2174.
2174.1
2174.2000000000003
2174.3
2174.4
2174.5
2174.6
2174.7000000000003
2174.8
2174.9
2175.
2175.1
2175.2000000000003
2175.3
2175.4
2175.5
2175.6
2175.7000000000003
2175.8
2175.9
2176.
2176.1
2176.2000000000003
2176.3
2176.4
2176.5
2176.6
2176.7000000000003
2176.8
2176.9
2177.
2177.1
2177.2000000000003
2177.3
2177.4
2177.5
2177.6
2177.7000000000003
2177.8
2177.9
2178.
2178.1
2178.2000000000003
2178.3
2178.4
2178.5
2178.6
2178.7000000000003
2178.8
2178.9
2179.
2179.1
2179.2000000000003
2179.3
2179.4
2179.5
2179.6
2179.7000000000003
2179.8
2179.9
2180.
2180.1
2180.2000000000003
2180.3
2180.4
2180.5
2180.6
2180.7000000000003
2180.8
2180.9
2181.
2181.1
2181.2000000000003
2181.3
2181.4
2181.5
2181.6
2181.7000000000003
2181.8
2181.9
2182.
2182.1
2182.2000000000003
2182.3
2182.4
2182.5
2182.6
2182.7000000000003
2182.8
2182.9
2183.
2183.1
2183.2000000000003
2183.3
2183.4
2183.5
2183.6
2183.7000000000003
2183.8
2183.9
2184.
2184.1
2184.2000000000003
2184.3
2184.4
2184.5
2184.6
2184.7000000000003
2184.8
2184.9
2185.
2185.1
2185.2000000000003
2185.3
2185.4
2185.5
2185.6
2185.7000000000003
2185.8
2185.9
2186.
2186.1
2186.2000000000003
2186.3
2186.4
2186.5
2186.6
2186.7000000000003
2186.8
2186.9
2187.
2187.1
2187.2000000000003
2187.3
2187.4
2187.5
2187.6
2187.7000000000003
2187.8
2187.9
2188.
2188.1
2188.2000000000003
2188.3
2188.4
2188.5
2188.6
2188.7000000000003
2188.8
2188.9
2189.
2189.1
2189.2000000000003
2189.3
2189.4
2189.5
2189.6
2189.7000000000003
2189.8
2189.9
2190.
2190.1
2190.2000000000003
2190.3
2190.4
2190.5
2190.6
2190.7000000000003
2190.8
2190.9
2191.
2191.1
2191.2000000000003
2191.3
2191.4
2191.5
2191.6
2191.7000000000003
2191.8
2191.9
2192.
2192.1
2192.2000000000003
2192.3
2192.4
2192.5
2192.6
2192.7000000000003
2192.8
2192.9
2193.
2193.1
2193.2000000000003
2193.3
2193.4
2193.5
2193.6
2193.7000000000003
2193.8
2193.9
2194.
2194.1
2194.2000000000003
2194.3
2194.4
2194.5
2194.6
2194.7000000000003
2194.8
2194.9
2195.
2195.1
2195.2000000000003
2195.3
2195.4
2195.5
2195.6
2195.7000000000003
2195.8
2195.9
2196.
2196.1
2196.2000000000003
2196.3
2196.4
2196.5
2196.6
2196.7000000000003
2196.8
2196.9
2197.
2197.1
2197.2000000000003
2197.3
2197.4
2197.5
2197.6
2197.7000000000003
2197.8
2197.9
2198.
2198.1
2198.2000000000003
2198.3
2198.4
2198.5
2198.6
2198.7000000000003
2198.8
2198.9
2199.
2199.1
2199.2000000000003
2199.3
2199.4
2199.5
2199.6
2199.7000000000003
2199.8
2199.9
2200.
2200.1
2200.2000000000003
2200.3
2200.4
2200.5
2200.6
2200.7000000000003
2200.8
2200.9
2201.
2201.1
2201.2000000000003
2201.3
2201.4
2201.5
2201.6
2201.7000000000003
2201.8
2201.9
2202.
2202.1
2202.2000000000003
2202.3
2202.4
2202.5
2202.6
2202.7000000000003
2202.8
2202.9
2203.
2203.1
2203.2000000000003
2203.3
2203.4
2203.5
2203.6
2203.7000000000003
2203.8
2203.9
2204.
2204.1
2204.2000000000003
2204.3
2204.4
2204.5
2204.6
2204.7000000000003
2204.8
2204.9
2205.
2205.1
2205.2000000000003
2205.3
2205.4
2205.5
2205.6
2205.7000000000003
2205.8
2205.9
2206.
2206.1
2206.2000000000003
2206.3
2206.4
2206.5
2206.6
2206.7000000000003
2206.8
2206.9
2207.
2207.1
2207.2000000000003
2207.3
2207.4
2207.5
2207.6
2207.7000000000003
2207.8
2207.9
2208.
2208.1
2208.2000000000003
2208.3
2208.4
2208.5
2208.6
2208.7000000000003
2208.8
2208.9
2209.
2209.1
2209.2000000000003
2209.3
2209.4
2209.5
2209.6
2209.7000000000003
2209.8
2209.9
2210.
2210.1
2210.2000000000003
2210.3
2210.4
2210.5
2210.6
2210.7000000000003
2210.8
2210.9
2211.
2211.1
2211.2000000000003
2211.3
2211.4
2211.5
2211.6
2211.7000000000003
2211.8
2211.9
2212.
2212.1
2212.2000000000003
2212.3
2212.4
2212.5
2212.6
2212.7000000000003
2212.8
2212.9
2213.
2213.1
2213.2000000000003
2213.3
2213.4
2213.5
2213.6
2213.7000000000003
2213.8
2213.9
2214.
2214.1
2214.2000000000003
2214.3
2214.4
2214.5
2214.6
2214.7000000000003
2214.8
2214.9
2215.
2215.1
2215.2000000000003
2215.3
2215.4
2215.5
2215.6
2215.7000000000003
2215.8
2215.9
2216.
2216.1
2216.2000000000003
2216.3
2216.4
2216.5
2216.6
2216.7000000000003
2216.8
2216.9
2217.
2217.1
2217.2000000000003
2217.3
2217.4
2217.5
2217.6
2217.7000000000003
2217.8
2217.9
2218.
2218.1
2218.2000000000003
2218.3
2218.4
2218.5
2218.6
2218.7000000000003
2218.8
2218.9
2219.
2219.1
2219.2000000000003
2219.3
2219.4
2219.5
2219.6
2219.7000000000003
2219.8
2219.9
2220.
2220.1
2220.2000000000003
2220.3
2220.4
2220.5
2220.6
2220.7000000000003
2220.8
2220.9
2221.
2221.1
2221.2000000000003
2221.3
2221.4
2221.5
2221.6
2221.7000000000003
2221.8
2221.9
2222.
2222.1
2222.2000000000003
2222.3
2222.4
2222.5
2222.6
2222.7000000000003
2222.8
2222.9
2223.
2223.1
2223.2000000000003
2223.3
2223.4
2223.5
2223.6
2223.7000000000003
2223.8
2223.9
2224.
2224.1
2224.2000000000003
2224.3
2224.4
2224.5
2224.6
2224.7000000000003
2224.8
2224.9
2225.
2225.1
2225.2000000000003
2225.3
2225.4
2225.5
2225.6
2225.7000000000003
2225.8
2225.9
2226.
2226.1
2226.2000000000003
2226.3
2226.4
2226.5
2226.6
2226.7000000000003
2226.8
2226.9
2227.
2227.1
2227.2000000000003
2227.3
2227.4
2227.5
2227.6
2227.7000000000003
2227.8
2227.9
2228.
2228.1
2228.2000000000003
2228.3
2228.4
2228.5
2228.6
2228.7000000000003
2228.8
2228.9
2229.
2229.1
2229.2000000000003
2229.3
2229.4
2229.5
2229.6
2229.7000000000003
2229.8
2229.9
2230.
2230.1
2230.2000000000003
2230.3
2230.4
2230.5
2230.6
2230.7000000000003
2230.8
2230.9
2231.
2231.1
2231.2000000000003
2231.3
2231.4
2231.5
2231.6
2231.7000000000003
2231.8
2231.9
2232.
2232.1
2232.2000000000003
2232.3
2232.4
2232.5
2232.6
2232.7000000000003
2232.8
2232.9
2233.
2233.1
2233.2000000000003
2233.3
2233.4
2233.5
2233.6
2233.7000000000003
2233.8
2233.9
2234.
2234.1
2234.2000000000003
2234.3
2234.4
2234.5
2234.6
2234.7000000000003
2234.8
2234.9
2235.
2235.1
2235.2000000000003
2235.3
2235.4
2235.5
2235.6
2235.7000000000003
2235.8
2235.9
2236.
2236.1
2236.2000000000003
2236.3
2236.4
2236.5
2236.6
2236.7000000000003
2236.8
2236.9
2237.
2237.1
2237.2000000000003
2237.3
2237.4
2237.5
2237.6
2237.7000000000003
2237.8
2237.9
2238.
2238.1
2238.2000000000003
2238.3
2238.4
2238.5
2238.6
2238.7000000000003
2238.8
2238.9
2239.
2239.1
2239.2000000000003
2239.3
2239.4
2239.5
2239.6
2239.7000000000003
2239.8
2239.9
2240.
2240.1
2240.2000000000003
2240.3
2240.4
2240.5
2240.6
2240.7000000000003
2240.8
2240.9
2241.
2241.1
2241.2000000000003
2241.3
2241.4
2241.5
2241.6
2241.7000000000003
2241.8
2241.9
2242.
2242.1
2242.2000000000003
2242.3
2242.4
2242.5
2242.6
2242.7000000000003
2242.8
2242.9
2243.
2243.1
2243.2000000000003
2243.3
2243.4
2243.5
2243.6
2243.7000000000003
2243.8
2243.9
2244.
2244.1
2244.2000000000003
2244.3
2244.4
2244.5
2244.6
2244.7000000000003
2244.8
2244.9
2245.
2245.1
2245.2000000000003
2245.3
2245.4
2245.5
2245.6
2245.7000000000003
2245.8
2245.9
2246.
2246.1
2246.2000000000003
2246.3
2246.4
2246.5
2246.6
2246.7000000000003
2246.8
2246.9
2247.
2247.1
2247.2000000000003
2247.3
2247.4
2247.5
2247.6
2247.7000000000003
2247.8
2247.9
2248.
2248.1
2248.2000000000003
2248.3
2248.4
2248.5
2248.6
2248.7000000000003
2248.8
2248.9
2249.
2249.1
2249.2000000000003
2249.3
2249.4
2249.5
2249.6
2249.7000000000003
2249.8
2249.9
2250.
2250.1
2250.2000000000003
2250.3
2250.4
2250.5
2250.6
2250.7000000000003
2250.8
2250.9
2251.
2251.1
2251.2000000000003
2251.3
2251.4
2251.5
2251.6
2251.7000000000003
2251.8
2251.9
2252.
2252.1
2252.2000000000003
2252.3
2252.4
2252.5
2252.6
2252.7000000000003
2252.8
2252.9
2253.
2253.1
2253.2000000000003
2253.3
2253.4
2253.5
2253.6
2253.7000000000003
2253.8
2253.9
2254.
2254.1
2254.2000000000003
2254.3
2254.4
2254.5
2254.6
2254.7000000000003
2254.8
2254.9
2255.
2255.1
2255.2000000000003
2255.3
2255.4
2255.5
2255.6
2255.7000000000003
2255.8
2255.9
2256.
2256.1
2256.2000000000003
2256.3
2256.4
2256.5
2256.6
2256.7000000000003
2256.8
2256.9
2257.
2257.1
2257.2000000000003
2257.3
2257.4
2257.5
2257.6
2257.7000000000003
2257.8
2257.9
2258.
2258.1
2258.2000000000003
2258.3
2258.4
2258.5
2258.6
2258.7000000000003
2258.8
2258.9
2259.
2259.1
2259.2000000000003
2259.3
2259.4
2259.5
2259.6
2259.7000000000003
2259.8
2259.9
2260.
2260.1
2260.2000000000003
2260.3
2260.4
2260.5
2260.6
2260.7000000000003
2260.8
2260.9
2261.
2261.1
2261.2000000000003
2261.3
2261.4
2261.5
2261.6
2261.7000000000003
2261.8
2261.9
2262.
2262.1
2262.2000000000003
2262.3
2262.4
2262.5
2262.6
2262.7000000000003
2262.8
2262.9
2263.
2263.1
2263.2000000000003
2263.3
2263.4
2263.5
2263.6
2263.7000000000003
2263.8
2263.9
2264.
2264.1
2264.2000000000003
2264.3
2264.4
2264.5
2264.6
2264.7000000000003
2264.8
2264.9
2265.
2265.1
2265.2000000000003
2265.3
2265.4
2265.5
2265.6
2265.7000000000003
2265.8
2265.9
2266.
2266.1
2266.2000000000003
2266.3
2266.4
2266.5
2266.6
2266.7000000000003
2266.8
2266.9
2267.
2267.1
2267.2000000000003
2267.3
2267.4
2267.5
2267.6
2267.7000000000003
2267.8
2267.9
2268.
2268.1
2268.2000000000003
2268.3
2268.4
2268.5
2268.6
2268.7000000000003
2268.8
2268.9
2269.
2269.1
2269.2000000000003
2269.3
2269.4
2269.5
2269.6
2269.7000000000003
2269.8
2269.9
2270.
2270.1
2270.2000000000003
2270.3
2270.4
2270.5
2270.6
2270.7000000000003
2270.8
2270.9
2271.
2271.1
2271.2000000000003
2271.3
2271.4
2271.5
2271.6
2271.7000000000003
2271.8
2271.9
2272.
2272.1
2272.2000000000003
2272.3
2272.4
2272.5
2272.6
2272.7000000000003
2272.8
2272.9
2273.
2273.1
2273.2000000000003
2273.3
2273.4
2273.5
2273.6
2273.7000000000003
2273.8
2273.9
2274.
2274.1
2274.2000000000003
2274.3
2274.4
2274.5
2274.6
2274.7000000000003
2274.8
2274.9
2275.
2275.1
2275.2000000000003
2275.3
2275.4
2275.5
2275.6
2275.7000000000003
2275.8
2275.9
2276.
2276.1
2276.2000000000003
2276.3
2276.4
2276.5
2276.6
2276.7000000000003
2276.8
2276.9
2277.
2277.1
2277.2000000000003
2277.3
2277.4
2277.5
2277.6
2277.7000000000003
2277.8
2277.9
2278.
2278.1
2278.2000000000003
2278.3
2278.4
2278.5
2278.6
2278.7000000000003
2278.8
2278.9
2279.
2279.1
2279.2000000000003
2279.3
2279.4
2279.5
2279.6
2279.7000000000003
2279.8
2279.9
2280.
2280.1
2280.2000000000003
2280.3
2280.4
2280.5
2280.6
2280.7000000000003
2280.8
2280.9
2281.
2281.1
2281.2000000000003
2281.3
2281.4
2281.5
2281.6
2281.7000000000003
2281.8
2281.9
2282.
2282.1
2282.2000000000003
2282.3
2282.4
2282.5
2282.6
2282.7000000000003
2282.8
2282.9
2283.
2283.1
2283.2000000000003
2283.3
2283.4
2283.5
2283.6
2283.7000000000003
2283.8
2283.9
2284.
2284.1
2284.2000000000003
2284.3
2284.4
2284.5
2284.6
2284.7000000000003
2284.8
2284.9
2285.
2285.1
2285.2000000000003
2285.3
2285.4
2285.5
2285.6
2285.7000000000003
2285.8
2285.9
2286.
2286.1
2286.2000000000003
2286.3
2286.4
2286.5
2286.6
2286.7000000000003
2286.8
2286.9
2287.
2287.1
2287.2000000000003
2287.3
2287.4
2287.5
2287.6
2287.7000000000003
2287.8
2287.9
2288.
2288.1
2288.2000000000003
2288.3
2288.4
2288.5
2288.6
2288.7000000000003
2288.8
2288.9
2289.
2289.1
2289.2000000000003
2289.3
2289.4
2289.5
2289.6
2289.7000000000003
2289.8
2289.9
2290.
2290.1
2290.2000000000003
2290.3
2290.4
2290.5
2290.6
2290.7000000000003
2290.8
2290.9
2291.
2291.1
2291.2000000000003
2291.3
2291.4
2291.5
2291.6
2291.7000000000003
2291.8
2291.9
2292.
2292.1
2292.2000000000003
2292.3
2292.4
2292.5
2292.6
2292.7000000000003
2292.8
2292.9
2293.
2293.1
2293.2000000000003
2293.3
2293.4
2293.5
2293.6
2293.7000000000003
2293.8
2293.9
2294.
2294.1
2294.2000000000003
2294.3
2294.4
2294.5
2294.6
2294.7000000000003
2294.8
2294.9
2295.
2295.1
2295.2000000000003
2295.3
2295.4
2295.5
2295.6
2295.7000000000003
2295.8
2295.9
2296.
2296.1
2296.2000000000003
2296.3
2296.4
2296.5
2296.6
2296.7000000000003
2296.8
2296.9
2297.
2297.1
2297.2000000000003
2297.3
2297.4
2297.5
2297.6
2297.7000000000003
2297.8
2297.9
2298.
2298.1
2298.2000000000003
2298.3
2298.4
2298.5
2298.6
2298.7000000000003
2298.8
2298.9
2299.
2299.1
2299.2000000000003
2299.3
2299.4
2299.5
2299.6
2299.7000000000003
2299.8
2299.9
2300.
2300.1
2300.2000000000003
2300.3
2300.4
2300.5
2300.6
2300.7000000000003
2300.8
2300.9
2301.
2301.1
2301.2000000000003
2301.3
2301.4
2301.5
2301.6
2301.7000000000003
2301.8
2301.9
2302.
2302.1
2302.2000000000003
2302.3
2302.4
2302.5
2302.6
2302.7000000000003
2302.8
2302.9
2303.
2303.1
2303.2000000000003
2303.3
2303.4
2303.5
2303.6
2303.7000000000003
2303.8
2303.9
2304.
2304.1
2304.2000000000003
2304.3
2304.4
2304.5
2304.6
2304.7000000000003
2304.8
2304.9
2305.
2305.1
2305.2000000000003
2305.3
2305.4
2305.5
2305.6
2305.7000000000003
2305.8
2305.9
2306.
2306.1
2306.2000000000003
2306.3
2306.4
2306.5
2306.6
2306.7000000000003
2306.8
2306.9
2307.
2307.1
2307.2000000000003
2307.3
2307.4
2307.5
2307.6
2307.7000000000003
2307.8
2307.9
2308.
2308.1
2308.2000000000003
2308.3
2308.4
2308.5
2308.6
2308.7000000000003
2308.8
2308.9
2309.
2309.1
2309.2000000000003
2309.3
2309.4
2309.5
2309.6
2309.7000000000003
2309.8
2309.9
2310.
2310.1
2310.2000000000003
2310.3
2310.4
2310.5
2310.6
2310.7000000000003
2310.8
2310.9
2311.
2311.1
2311.2000000000003
2311.3
2311.4
2311.5
2311.6
2311.7000000000003
2311.8
2311.9
2312.
2312.1
2312.2000000000003
2312.3
2312.4
2312.5
2312.6
2312.7000000000003
2312.8
2312.9
2313.
2313.1
2313.2000000000003
2313.3
2313.4
2313.5
2313.6
2313.7000000000003
2313.8
2313.9
2314.
2314.1
2314.2000000000003
2314.3
2314.4
2314.5
2314.6
2314.7000000000003
2314.8
2314.9
2315.
2315.1
2315.2000000000003
2315.3
2315.4
2315.5
2315.6
2315.7000000000003
2315.8
2315.9
2316.
2316.1
2316.2000000000003
2316.3
2316.4
2316.5
2316.6
2316.7000000000003
2316.8
2316.9
2317.
2317.1
2317.2000000000003
2317.3
2317.4
2317.5
2317.6
2317.7000000000003
2317.8
2317.9
2318.
2318.1
2318.2000000000003
2318.3
2318.4
2318.5
2318.6
2318.7000000000003
2318.8
2318.9
2319.
2319.1
2319.2000000000003
2319.3
2319.4
2319.5
2319.6
2319.7000000000003
2319.8
2319.9
2320.
2320.1
2320.2000000000003
2320.3
2320.4
2320.5
2320.6
2320.7000000000003
2320.8
2320.9
2321.
2321.1
2321.2000000000003
2321.3
2321.4
2321.5
2321.6
2321.7000000000003
2321.8
2321.9
2322.
2322.1
2322.2000000000003
2322.3
2322.4
2322.5
2322.6
2322.7000000000003
2322.8
2322.9
2323.
2323.1
2323.2000000000003
2323.3
2323.4
2323.5
2323.6
2323.7000000000003
2323.8
2323.9
2324.
2324.1
2324.2000000000003
2324.3
2324.4
2324.5
2324.6
2324.7000000000003
2324.8
2324.9
2325.
2325.1
2325.2000000000003
2325.3
2325.4
2325.5
2325.6
2325.7000000000003
2325.8
2325.9
2326.
2326.1
2326.2000000000003
2326.3
2326.4
2326.5
2326.6
2326.7000000000003
2326.8
2326.9
2327.
2327.1
2327.2000000000003
2327.3
2327.4
2327.5
2327.6
2327.7000000000003
2327.8
2327.9
2328.
2328.1
2328.2000000000003
2328.3
2328.4
2328.5
2328.6
2328.7000000000003
2328.8
2328.9
2329.
2329.1
2329.2000000000003
2329.3
2329.4
2329.5
2329.6
2329.7000000000003
2329.8
2329.9
2330.
2330.1
2330.2000000000003
2330.3
2330.4
2330.5
2330.6
2330.7000000000003
2330.8
2330.9
2331.
2331.1
2331.2000000000003
2331.3
2331.4
2331.5
2331.6
2331.7000000000003
2331.8
2331.9
2332.
2332.1
2332.2000000000003
2332.3
2332.4
2332.5
2332.6
2332.7000000000003
2332.8
2332.9
2333.
2333.1
2333.2000000000003
2333.3
2333.4
2333.5
2333.6
2333.7000000000003
2333.8
2333.9
2334.
2334.1
2334.2000000000003
2334.3
2334.4
2334.5
2334.6
2334.7000000000003
2334.8
2334.9
2335.
2335.1
2335.2000000000003
2335.3
2335.4
2335.5
2335.6
2335.7000000000003
2335.8
2335.9
2336.
2336.1
2336.2000000000003
2336.3
2336.4
2336.5
2336.6
2336.7000000000003
2336.8
2336.9
2337.
2337.1
2337.2000000000003
2337.3
2337.4
2337.5
2337.6
2337.7000000000003
2337.8
2337.9
2338.
2338.1
2338.2000000000003
2338.3
2338.4
2338.5
2338.6
2338.7000000000003
2338.8
2338.9
2339.
2339.1
2339.2000000000003
2339.3
2339.4
2339.5
2339.6
2339.7000000000003
2339.8
2339.9
2340.
2340.1
2340.2000000000003
2340.3
2340.4
2340.5
2340.6
2340.7000000000003
2340.8
2340.9
2341.
2341.1
2341.2000000000003
2341.3
2341.4
2341.5
2341.6
2341.7000000000003
2341.8
2341.9
2342.
2342.1
2342.2000000000003
2342.3
2342.4
2342.5
2342.6
2342.7000000000003
2342.8
2342.9
2343.
2343.1
2343.2000000000003
2343.3
2343.4
2343.5
2343.6
2343.7000000000003
2343.8
2343.9
2344.
2344.1
2344.2000000000003
2344.3
2344.4
2344.5
2344.6
2344.7000000000003
2344.8
2344.9
2345.
2345.1
2345.2000000000003
2345.3
2345.4
2345.5
2345.6
2345.7000000000003
2345.8
2345.9
2346.
2346.1
2346.2000000000003
2346.3
2346.4
2346.5
2346.6
2346.7000000000003
2346.8
2346.9
2347.
2347.1
2347.2000000000003
2347.3
2347.4
2347.5
2347.6
2347.7000000000003
2347.8
2347.9
2348.
2348.1
2348.2000000000003
2348.3
2348.4
2348.5
2348.6
2348.7000000000003
2348.8
2348.9
2349.
2349.1
2349.2000000000003
2349.3
2349.4
2349.5
2349.6
2349.7000000000003
2349.8
2349.9
2350.
2350.1
2350.2000000000003
2350.3
2350.4
2350.5
2350.6
2350.7000000000003
2350.8
2350.9
2351.
2351.1
2351.2000000000003
2351.3
2351.4
2351.5
2351.6
2351.7000000000003
2351.8
2351.9
2352.
2352.1
2352.2000000000003
2352.3
2352.4
2352.5
2352.6
2352.7000000000003
2352.8
2352.9
2353.
2353.1
2353.2000000000003
2353.3
2353.4
2353.5
2353.6
2353.7000000000003
2353.8
2353.9
2354.
2354.1
2354.2000000000003
2354.3
2354.4
2354.5
2354.6
2354.7000000000003
2354.8
2354.9
2355.
2355.1
2355.2000000000003
2355.3
2355.4
2355.5
2355.6
2355.7000000000003
2355.8
2355.9
2356.
2356.1
2356.2000000000003
2356.3
2356.4
2356.5
2356.6
2356.7000000000003
2356.8
2356.9
2357.
2357.1
2357.2000000000003
2357.3
2357.4
2357.5
2357.6
2357.7000000000003
2357.8
2357.9
2358.
2358.1
2358.2000000000003
2358.3
2358.4
2358.5
2358.6
2358.7000000000003
2358.8
2358.9
2359.
2359.1
2359.2000000000003
2359.3
2359.4
2359.5
2359.6
2359.7000000000003
2359.8
2359.9
2360.
2360.1
2360.2000000000003
2360.3
2360.4
2360.5
2360.6
2360.7000000000003
2360.8
2360.9
2361.
2361.1
2361.2000000000003
2361.3
2361.4
2361.5
2361.6
2361.7000000000003
2361.8
2361.9
2362.
2362.1
2362.2000000000003
2362.3
2362.4
2362.5
2362.6
2362.7000000000003
2362.8
2362.9
2363.
2363.1
2363.2000000000003
2363.3
2363.4
2363.5
2363.6
2363.7000000000003
2363.8
2363.9
2364.
2364.1
2364.2000000000003
2364.3
2364.4
2364.5
2364.6
2364.7000000000003
2364.8
2364.9
2365.
2365.1
2365.2000000000003
2365.3
2365.4
2365.5
2365.6
2365.7000000000003
2365.8
2365.9
2366.
2366.1
2366.2000000000003
2366.3
2366.4
2366.5
2366.6
2366.7000000000003
2366.8
2366.9
2367.
2367.1
2367.2000000000003
2367.3
2367.4
2367.5
2367.6
2367.7000000000003
2367.8
2367.9
2368.
2368.1
2368.2000000000003
2368.3
2368.4
2368.5
2368.6
2368.7000000000003
2368.8
2368.9
2369.
2369.1
2369.2000000000003
2369.3
2369.4
2369.5
2369.6
2369.7000000000003
2369.8
2369.9
2370.
2370.1
2370.2000000000003
2370.3
2370.4
2370.5
2370.6
2370.7000000000003
2370.8
2370.9
2371.
2371.1
2371.2000000000003
2371.3
2371.4
2371.5
2371.6
2371.7000000000003
2371.8
2371.9
2372.
2372.1
2372.2000000000003
2372.3
2372.4
2372.5
2372.6
2372.7000000000003
2372.8
2372.9
2373.
2373.1
2373.2000000000003
2373.3
2373.4
2373.5
2373.6
2373.7000000000003
2373.8
2373.9
2374.
2374.1
2374.2000000000003
2374.3
2374.4
2374.5
2374.6
2374.7000000000003
2374.8
2374.9
2375.
2375.1
2375.2000000000003
2375.3
2375.4
2375.5
2375.6
2375.7000000000003
2375.8
2375.9
2376.
2376.1
2376.2000000000003
2376.3
2376.4
2376.5
2376.6
2376.7000000000003
2376.8
2376.9
2377.
2377.1
2377.2000000000003
2377.3
2377.4
2377.5
2377.6
2377.7000000000003
2377.8
2377.9
2378.
2378.1
2378.2000000000003
2378.3
2378.4
2378.5
2378.6
2378.7000000000003
2378.8
2378.9
2379.
2379.1
2379.2000000000003
2379.3
2379.4
2379.5
2379.6
2379.7000000000003
2379.8
2379.9
2380.
2380.1
2380.2000000000003
2380.3
2380.4
2380.5
2380.6
2380.7000000000003
2380.8
2380.9
2381.
2381.1
2381.2000000000003
2381.3
2381.4
2381.5
2381.6
2381.7000000000003
2381.8
2381.9
2382.
2382.1
2382.2000000000003
2382.3
2382.4
2382.5
2382.6
2382.7000000000003
2382.8
2382.9
2383.
2383.1
2383.2000000000003
2383.3
2383.4
2383.5
2383.6
2383.7000000000003
2383.8
2383.9
2384.
2384.1
2384.2000000000003
2384.3
2384.4
2384.5
2384.6
2384.7000000000003
2384.8
2384.9
2385.
2385.1
2385.2000000000003
2385.3
2385.4
2385.5
2385.6
2385.7000000000003
2385.8
2385.9
2386.
2386.1
2386.2000000000003
2386.3
2386.4
2386.5
2386.6
2386.7000000000003
2386.8
2386.9
2387.
2387.1
2387.2000000000003
2387.3
2387.4
2387.5
2387.6
2387.7000000000003
2387.8
2387.9
2388.
2388.1
2388.2000000000003
2388.3
2388.4
2388.5
2388.6
2388.7000000000003
2388.8
2388.9
2389.
2389.1
2389.2000000000003
2389.3
2389.4
2389.5
2389.6
2389.7000000000003
2389.8
2389.9
2390.
2390.1
2390.2000000000003
2390.3
2390.4
2390.5
2390.6
2390.7000000000003
2390.8
2390.9
2391.
2391.1
2391.2000000000003
2391.3
2391.4
2391.5
2391.6
2391.7000000000003
2391.8
2391.9
2392.
2392.1
2392.2000000000003
2392.3
2392.4
2392.5
2392.6
2392.7000000000003
2392.8
2392.9
2393.
2393.1
2393.2000000000003
2393.3
2393.4
2393.5
2393.6
2393.7000000000003
2393.8
2393.9
2394.
2394.1
2394.2000000000003
2394.3
2394.4
2394.5
2394.6
2394.7000000000003
2394.8
2394.9
2395.
2395.1
2395.2000000000003
2395.3
2395.4
2395.5
2395.6
2395.7000000000003
2395.8
2395.9
2396.
2396.1
2396.2000000000003
2396.3
2396.4
2396.5
2396.6
2396.7000000000003
2396.8
2396.9
2397.
2397.1
2397.2000000000003
2397.3
2397.4
2397.5
2397.6
2397.7000000000003
2397.8
2397.9
2398.
2398.1
2398.2000000000003
2398.3
2398.4
2398.5
2398.6
2398.7000000000003
2398.8
2398.9
2399.
2399.1
2399.2000000000003
2399.3
2399.4
2399.5
2399.6
2399.7000000000003
2399.8
2399.9
2400.
2400.1
2400.2000000000003
2400.3
2400.4
2400.5
2400.6
2400.7000000000003
2400.8
2400.9
2401.
2401.1
2401.2000000000003
2401.3
2401.4
2401.5
2401.6
2401.7000000000003
2401.8
2401.9
2402.
2402.1
2402.2000000000003
2402.3
2402.4
2402.5
2402.6
2402.7000000000003
2402.8
2402.9
2403.
2403.1
2403.2000000000003
2403.3
2403.4
2403.5
2403.6
2403.7000000000003
2403.8
2403.9
2404.
2404.1
2404.2000000000003
2404.3
2404.4
2404.5
2404.6
2404.7000000000003
2404.8
2404.9
2405.
2405.1
2405.2000000000003
2405.3
2405.4
2405.5
2405.6
2405.7000000000003
2405.8
2405.9
2406.
2406.1
2406.2000000000003
2406.3
2406.4
2406.5
2406.6
2406.7000000000003
2406.8
2406.9
2407.
2407.1
2407.2000000000003
2407.3
2407.4
2407.5
2407.6
2407.7000000000003
2407.8
2407.9
2408.
2408.1
2408.2000000000003
2408.3
2408.4
2408.5
2408.6
2408.7000000000003
2408.8
2408.9
2409.
2409.1
2409.2000000000003
2409.3
2409.4
2409.5
2409.6
2409.7000000000003
2409.8
2409.9
2410.
2410.1
2410.2000000000003
2410.3
2410.4
2410.5
2410.6
2410.7000000000003
2410.8
2410.9
2411.
2411.1
2411.2000000000003
2411.3
2411.4
2411.5
2411.6
2411.7000000000003
2411.8
2411.9
2412.
2412.1
2412.2000000000003
2412.3
2412.4
2412.5
2412.6
2412.7000000000003
2412.8
2412.9
2413.
2413.1
2413.2000000000003
2413.3
2413.4
2413.5
2413.6
2413.7000000000003
2413.8
2413.9
2414.
2414.1
2414.2000000000003
2414.3
2414.4
2414.5
2414.6
2414.7000000000003
2414.8
2414.9
2415.
2415.1
2415.2000000000003
2415.3
2415.4
2415.5
2415.6
2415.7000000000003
2415.8
2415.9
2416.
2416.1
2416.2000000000003
2416.3
2416.4
2416.5
2416.6
2416.7000000000003
2416.8
2416.9
2417.
2417.1
2417.2000000000003
2417.3
2417.4
2417.5
2417.6
2417.7000000000003
2417.8
2417.9
2418.
2418.1
2418.2000000000003
2418.3
2418.4
2418.5
2418.6
2418.7000000000003
2418.8
2418.9
2419.
2419.1
2419.2000000000003
2419.3
2419.4
2419.5
2419.6
2419.7000000000003
2419.8
2419.9
2420.
2420.1
2420.2000000000003
2420.3
2420.4
2420.5
2420.6
2420.7000000000003
2420.8
2420.9
2421.
2421.1
2421.2000000000003
2421.3
2421.4
2421.5
2421.6
2421.7000000000003
2421.8
2421.9
2422.
2422.1
2422.2000000000003
2422.3
2422.4
2422.5
2422.6
2422.7000000000003
2422.8
2422.9
2423.
2423.1
2423.2000000000003
2423.3
2423.4
2423.5
2423.6
2423.7000000000003
2423.8
2423.9
2424.
2424.1
2424.2000000000003
2424.3
2424.4
2424.5
2424.6
2424.7000000000003
2424.8
2424.9
2425.
2425.1
2425.2000000000003
2425.3
2425.4
2425.5
2425.6
2425.7000000000003
2425.8
2425.9
2426.
2426.1
2426.2000000000003
2426.3
2426.4
2426.5
2426.6
2426.7000000000003
2426.8
2426.9
2427.
2427.1
2427.2000000000003
2427.3
2427.4
2427.5
2427.6
2427.7000000000003
2427.8
2427.9
2428.
2428.1
2428.2000000000003
2428.3
2428.4
2428.5
2428.6
2428.7000000000003
2428.8
2428.9
2429.
2429.1
2429.2000000000003
2429.3
2429.4
2429.5
2429.6
2429.7000000000003
2429.8
2429.9
2430.
2430.1
2430.2000000000003
2430.3
2430.4
2430.5
2430.6
2430.7000000000003
2430.8
2430.9
2431.
2431.1
2431.2000000000003
2431.3
2431.4
2431.5
2431.6
2431.7000000000003
2431.8
2431.9
2432.
2432.1
2432.2000000000003
2432.3
2432.4
2432.5
2432.6
2432.7000000000003
2432.8
2432.9
2433.
2433.1
2433.2000000000003
2433.3
2433.4
2433.5
2433.6
2433.7000000000003
2433.8
2433.9
2434.
2434.1
2434.2000000000003
2434.3
2434.4
2434.5
2434.6
2434.7000000000003
2434.8
2434.9
2435.
2435.1
2435.2000000000003
2435.3
2435.4
2435.5
2435.6
2435.7000000000003
2435.8
2435.9
2436.
2436.1
2436.2000000000003
2436.3
2436.4
2436.5
2436.6
2436.7000000000003
2436.8
2436.9
2437.
2437.1
2437.2000000000003
2437.3
2437.4
2437.5
2437.6
2437.7000000000003
2437.8
2437.9
2438.
2438.1
2438.2000000000003
2438.3
2438.4
2438.5
2438.6
2438.7000000000003
2438.8
2438.9
2439.
2439.1
2439.2000000000003
2439.3
2439.4
2439.5
2439.6
2439.7000000000003
2439.8
2439.9
2440.
2440.1
2440.2000000000003
2440.3
2440.4
2440.5
2440.6
2440.7000000000003
2440.8
2440.9
2441.
2441.1
2441.2000000000003
2441.3
2441.4
2441.5
2441.6
2441.7000000000003
2441.8
2441.9
2442.
2442.1
2442.2000000000003
2442.3
2442.4
2442.5
2442.6
2442.7000000000003
2442.8
2442.9
2443.
2443.1
2443.2000000000003
2443.3
2443.4
2443.5
2443.6
2443.7000000000003
2443.8
2443.9
2444.
2444.1
2444.2000000000003
2444.3
2444.4
2444.5
2444.6
2444.7000000000003
2444.8
2444.9
2445.
2445.1
2445.2000000000003
2445.3
2445.4
2445.5
2445.6
2445.7000000000003
2445.8
2445.9
2446.
2446.1
2446.2000000000003
2446.3
2446.4
2446.5
2446.6
2446.7000000000003
2446.8
2446.9
2447.
2447.1
2447.2000000000003
2447.3
2447.4
2447.5
2447.6
2447.7000000000003
2447.8
2447.9
2448.
2448.1
2448.2000000000003
2448.3
2448.4
2448.5
2448.6
2448.7000000000003
2448.8
2448.9
2449.
2449.1
2449.2000000000003
2449.3
2449.4
2449.5
2449.6
2449.7000000000003
2449.8
2449.9
2450.
2450.1
2450.2000000000003
2450.3
2450.4
2450.5
2450.6
2450.7000000000003
2450.8
2450.9
2451.
2451.1
2451.2000000000003
2451.3
2451.4
2451.5
2451.6
2451.7000000000003
2451.8
2451.9
2452.
2452.1
2452.2000000000003
2452.3
2452.4
2452.5
2452.6
2452.7000000000003
2452.8
2452.9
2453.
2453.1
2453.2000000000003
2453.3
2453.4
2453.5
2453.6
2453.7000000000003
2453.8
2453.9
2454.
2454.1
2454.2000000000003
2454.3
2454.4
2454.5
2454.6
2454.7000000000003
2454.8
2454.9
2455.
2455.1
2455.2000000000003
2455.3
2455.4
2455.5
2455.6
2455.7000000000003
2455.8
2455.9
2456.
2456.1
2456.2000000000003
2456.3
2456.4
2456.5
2456.6
2456.7000000000003
2456.8
2456.9
2457.
2457.1
2457.2000000000003
2457.3
2457.4
2457.5
2457.6
2457.7000000000003
2457.8
2457.9
2458.
2458.1
2458.2000000000003
2458.3
2458.4
2458.5
2458.6000000000004
2458.7000000000003
2458.8
2458.9
2459.
2459.1000000000004
2459.2000000000003
2459.3
2459.4
2459.5
2459.6000000000004
2459.7000000000003
2459.8
2459.9
2460.
2460.1000000000004
2460.2000000000003
2460.3
2460.4
2460.5
2460.6000000000004
2460.7000000000003
2460.8
2460.9
2461.
2461.1000000000004
2461.2000000000003
2461.3
2461.4
2461.5
2461.6000000000004
2461.7000000000003
2461.8
2461.9
2462.
2462.1000000000004
2462.2000000000003
2462.3
2462.4
2462.5
2462.6000000000004
2462.7000000000003
2462.8
2462.9
2463.
2463.1000000000004
2463.2000000000003
2463.3
2463.4
2463.5
2463.6000000000004
2463.7000000000003
2463.8
2463.9
2464.
2464.1000000000004
2464.2000000000003
2464.3
2464.4
2464.5
2464.6000000000004
2464.7000000000003
2464.8
2464.9
2465.
2465.1000000000004
2465.2000000000003
2465.3
2465.4
2465.5
2465.6000000000004
2465.7000000000003
2465.8
2465.9
2466.
2466.1000000000004
2466.2000000000003
2466.3
2466.4
2466.5
2466.6000000000004
2466.7000000000003
2466.8
2466.9
2467.
2467.1000000000004
2467.2000000000003
2467.3
2467.4
2467.5
2467.6000000000004
2467.7000000000003
2467.8
2467.9
2468.
2468.1000000000004
2468.2000000000003
2468.3
2468.4
2468.5
2468.6000000000004
2468.7000000000003
2468.8
2468.9
2469.
2469.1000000000004
2469.2000000000003
2469.3
2469.4
2469.5
2469.6000000000004
2469.7000000000003
2469.8
2469.9
2470.
2470.1000000000004
2470.2000000000003
2470.3
2470.4
2470.5
2470.6000000000004
2470.7000000000003
2470.8
2470.9
2471.
2471.1000000000004
2471.2000000000003
2471.3
2471.4
2471.5
2471.6000000000004
2471.7000000000003
2471.8
2471.9
2472.
2472.1000000000004
2472.2000000000003
2472.3
2472.4
2472.5
2472.6000000000004
2472.7000000000003
2472.8
2472.9
2473.
2473.1000000000004
2473.2000000000003
2473.3
2473.4
2473.5
2473.6000000000004
2473.7000000000003
2473.8
2473.9
2474.
2474.1000000000004
2474.2000000000003
2474.3
2474.4
2474.5
2474.6000000000004
2474.7000000000003
2474.8
2474.9
2475.
2475.1000000000004
2475.2000000000003
2475.3
2475.4
2475.5
2475.6000000000004
2475.7000000000003
2475.8
2475.9
2476.
2476.1000000000004
2476.2000000000003
2476.3
2476.4
2476.5
2476.6000000000004
2476.7000000000003
2476.8
2476.9
2477.
2477.1000000000004
2477.2000000000003
2477.3
2477.4
2477.5
2477.6000000000004
2477.7000000000003
2477.8
2477.9
2478.
2478.1000000000004
2478.2000000000003
2478.3
2478.4
2478.5
2478.6000000000004
2478.7000000000003
2478.8
2478.9
2479.
2479.1000000000004
2479.2000000000003
2479.3
2479.4
2479.5
2479.6000000000004
2479.7000000000003
2479.8
2479.9
2480.
2480.1000000000004
2480.2000000000003
2480.3
2480.4
2480.5
2480.6000000000004
2480.7000000000003
2480.8
2480.9
2481.
2481.1000000000004
2481.2000000000003
2481.3
2481.4
2481.5
2481.6000000000004
2481.7000000000003
2481.8
2481.9
2482.
2482.1000000000004
2482.2000000000003
2482.3
2482.4
2482.5
2482.6000000000004
2482.7000000000003
2482.8
2482.9
2483.
2483.1000000000004
2483.2000000000003
2483.3
2483.4
2483.5
2483.6000000000004
2483.7000000000003
2483.8
2483.9
2484.
2484.1000000000004
2484.2000000000003
2484.3
2484.4
2484.5
2484.6000000000004
2484.7000000000003
2484.8
2484.9
2485.
2485.1000000000004
2485.2000000000003
2485.3
2485.4
2485.5
2485.6000000000004
2485.7000000000003
2485.8
2485.9
2486.
2486.1000000000004
2486.2000000000003
2486.3
2486.4
2486.5
2486.6000000000004
2486.7000000000003
2486.8
2486.9
2487.
2487.1000000000004
2487.2000000000003
2487.3
2487.4
2487.5
2487.6000000000004
2487.7000000000003
2487.8
2487.9
2488.
2488.1000000000004
2488.2000000000003
2488.3
2488.4
2488.5
2488.6000000000004
2488.7000000000003
2488.8
2488.9
2489.
2489.1000000000004
2489.2000000000003
2489.3
2489.4
2489.5
2489.6000000000004
2489.7000000000003
2489.8
2489.9
2490.
2490.1000000000004
2490.2000000000003
2490.3
2490.4
2490.5
2490.6000000000004
2490.7000000000003
2490.8
2490.9
2491.
2491.1000000000004
2491.2000000000003
2491.3
2491.4
2491.5
2491.6000000000004
2491.7000000000003
2491.8
2491.9
2492.
2492.1000000000004
2492.2000000000003
2492.3
2492.4
2492.5
2492.6000000000004
2492.7000000000003
2492.8
2492.9
2493.
2493.1000000000004
2493.2000000000003
2493.3
2493.4
2493.5
2493.6000000000004
2493.7000000000003
2493.8
2493.9
2494.
2494.1000000000004
2494.2000000000003
2494.3
2494.4
2494.5
2494.6000000000004
2494.7000000000003
2494.8
2494.9
2495.
2495.1000000000004
2495.2000000000003
2495.3
2495.4
2495.5
2495.6000000000004
2495.7000000000003
2495.8
2495.9
2496.
2496.1000000000004
2496.2000000000003
2496.3
2496.4
2496.5
2496.6000000000004
2496.7000000000003
2496.8
2496.9
2497.
2497.1000000000004
2497.2000000000003
2497.3
2497.4
2497.5
2497.6000000000004
2497.7000000000003
2497.8
2497.9
2498.
2498.1000000000004
2498.2000000000003
2498.3
2498.4
2498.5
2498.6000000000004
2498.7000000000003
2498.8
2498.9
2499.
2499.1000000000004
2499.2000000000003
2499.3
2499.4
2499.5
2499.6000000000004
2499.7000000000003
2499.8
2499.9
2500.
2500.1000000000004
2500.2000000000003
2500.3
2500.4
2500.5
2500.6000000000004
2500.7000000000003
2500.8
2500.9
2501.
2501.1000000000004
2501.2000000000003
2501.3
2501.4
2501.5
2501.6000000000004
2501.7000000000003
2501.8
2501.9
2502.
2502.1000000000004
2502.2000000000003
2502.3
2502.4
2502.5
2502.6000000000004
2502.7000000000003
2502.8
2502.9
2503.
2503.1000000000004
2503.2000000000003
2503.3
2503.4
2503.5
2503.6000000000004
2503.7000000000003
2503.8
2503.9
2504.
2504.1000000000004
2504.2000000000003
2504.3
2504.4
2504.5
2504.6000000000004
2504.7000000000003
2504.8
2504.9
2505.
2505.1000000000004
2505.2000000000003
2505.3
2505.4
2505.5
2505.6000000000004
2505.7000000000003
2505.8
2505.9
2506.
2506.1000000000004
2506.2000000000003
2506.3
2506.4
2506.5
2506.6000000000004
2506.7000000000003
2506.8
2506.9
2507.
2507.1000000000004
2507.2000000000003
2507.3
2507.4
2507.5
2507.6000000000004
2507.7000000000003
2507.8
2507.9
2508.
2508.1000000000004
2508.2000000000003
2508.3
2508.4
2508.5
2508.6000000000004
2508.7000000000003
2508.8
2508.9
2509.
2509.1000000000004
2509.2000000000003
2509.3
2509.4
2509.5
2509.6000000000004
2509.7000000000003
2509.8
2509.9
2510.
2510.1000000000004
2510.2000000000003
2510.3
2510.4
2510.5
2510.6000000000004
2510.7000000000003
2510.8
2510.9
2511.
2511.1000000000004
2511.2000000000003
2511.3
2511.4
2511.5
2511.6000000000004
2511.7000000000003
2511.8
2511.9
2512.
2512.1000000000004
2512.2000000000003
2512.3
2512.4
2512.5
2512.6000000000004
2512.7000000000003
2512.8
2512.9
2513.
2513.1000000000004
2513.2000000000003
2513.3
2513.4
2513.5
2513.6000000000004
2513.7000000000003
2513.8
2513.9
2514.
2514.1000000000004
2514.2000000000003
2514.3
2514.4
2514.5
2514.6000000000004
2514.7000000000003
2514.8
2514.9
2515.
2515.1000000000004
2515.2000000000003
2515.3
2515.4
2515.5
2515.6000000000004
2515.7000000000003
2515.8
2515.9
2516.
2516.1000000000004
2516.2000000000003
2516.3
2516.4
2516.5
2516.6000000000004
2516.7000000000003
2516.8
2516.9
2517.
2517.1000000000004
2517.2000000000003
2517.3
2517.4
2517.5
2517.6000000000004
2517.7000000000003
2517.8
2517.9
2518.
2518.1000000000004
2518.2000000000003
2518.3
2518.4
2518.5
2518.6000000000004
2518.7000000000003
2518.8
2518.9
2519.
2519.1000000000004
2519.2000000000003
2519.3
2519.4
2519.5
2519.6000000000004
2519.7000000000003
2519.8
2519.9
2520.
2520.1000000000004
2520.2000000000003
2520.3
2520.4
2520.5
2520.6000000000004
2520.7000000000003
2520.8
2520.9
2521.
2521.1000000000004
2521.2000000000003
2521.3
2521.4
2521.5
2521.6000000000004
2521.7000000000003
2521.8
2521.9
2522.
2522.1000000000004
2522.2000000000003
2522.3
2522.4
2522.5
2522.6000000000004
2522.7000000000003
2522.8
2522.9
2523.
2523.1000000000004
2523.2000000000003
2523.3
2523.4
2523.5
2523.6000000000004
2523.7000000000003
2523.8
2523.9
2524.
2524.1000000000004
2524.2000000000003
2524.3
2524.4
2524.5
2524.6000000000004
2524.7000000000003
2524.8
2524.9
2525.
2525.1000000000004
2525.2000000000003
2525.3
2525.4
2525.5
2525.6000000000004
2525.7000000000003
2525.8
2525.9
2526.
2526.1000000000004
2526.2000000000003
2526.3
2526.4
2526.5
2526.6000000000004
2526.7000000000003
2526.8
2526.9
2527.
2527.1000000000004
2527.2000000000003
2527.3
2527.4
2527.5
2527.6000000000004
2527.7000000000003
2527.8
2527.9
2528.
2528.1000000000004
2528.2000000000003
2528.3
2528.4
2528.5
2528.6000000000004
2528.7000000000003
2528.8
2528.9
2529.
2529.1000000000004
2529.2000000000003
2529.3
2529.4
2529.5
2529.6000000000004
2529.7000000000003
2529.8
2529.9
2530.
2530.1000000000004
2530.2000000000003
2530.3
2530.4
2530.5
2530.6000000000004
2530.7000000000003
2530.8
2530.9
2531.
2531.1000000000004
2531.2000000000003
2531.3
2531.4
2531.5
2531.6000000000004
2531.7000000000003
2531.8
2531.9
2532.
2532.1000000000004
2532.2000000000003
2532.3
2532.4
2532.5
2532.6000000000004
2532.7000000000003
2532.8
2532.9
2533.
2533.1000000000004
2533.2000000000003
2533.3
2533.4
2533.5
2533.6000000000004
2533.7000000000003
2533.8
2533.9
2534.
2534.1000000000004
2534.2000000000003
2534.3
2534.4
2534.5
2534.6000000000004
2534.7000000000003
2534.8
2534.9
2535.
2535.1000000000004
2535.2000000000003
2535.3
2535.4
2535.5
2535.6000000000004
2535.7000000000003
2535.8
2535.9
2536.
2536.1000000000004
2536.2000000000003
2536.3
2536.4
2536.5
2536.6000000000004
2536.7000000000003
2536.8
2536.9
2537.
2537.1000000000004
2537.2000000000003
2537.3
2537.4
2537.5
2537.6000000000004
2537.7000000000003
2537.8
2537.9
2538.
2538.1000000000004
2538.2000000000003
2538.3
2538.4
2538.5
2538.6000000000004
2538.7000000000003
2538.8
2538.9
2539.
2539.1000000000004
2539.2000000000003
2539.3
2539.4
2539.5
2539.6000000000004
2539.7000000000003
2539.8
2539.9
2540.
2540.1000000000004
2540.2000000000003
2540.3
2540.4
2540.5
2540.6000000000004
2540.7000000000003
2540.8
2540.9
2541.
2541.1000000000004
2541.2000000000003
2541.3
2541.4
2541.5
2541.6000000000004
2541.7000000000003
2541.8
2541.9
2542.
2542.1000000000004
2542.2000000000003
2542.3
2542.4
2542.5
2542.6000000000004
2542.7000000000003
2542.8
2542.9
2543.
2543.1000000000004
2543.2000000000003
2543.3
2543.4
2543.5
2543.6000000000004
2543.7000000000003
2543.8
2543.9
2544.
2544.1000000000004
2544.2000000000003
2544.3
2544.4
2544.5
2544.6000000000004
2544.7000000000003
2544.8
2544.9
2545.
2545.1000000000004
2545.2000000000003
2545.3
2545.4
2545.5
2545.6000000000004
2545.7000000000003
2545.8
2545.9
2546.
2546.1000000000004
2546.2000000000003
2546.3
2546.4
2546.5
2546.6000000000004
2546.7000000000003
2546.8
2546.9
2547.
2547.1000000000004
2547.2000000000003
2547.3
2547.4
2547.5
2547.6000000000004
2547.7000000000003
2547.8
2547.9
2548.
2548.1000000000004
2548.2000000000003
2548.3
2548.4
2548.5
2548.6000000000004
2548.7000000000003
2548.8
2548.9
2549.
2549.1000000000004
2549.2000000000003
2549.3
2549.4
2549.5
2549.6000000000004
2549.7000000000003
2549.8
2549.9
2550.
2550.1000000000004
2550.2000000000003
2550.3
2550.4
2550.5
2550.6000000000004
2550.7000000000003
2550.8
2550.9
2551.
2551.1000000000004
2551.2000000000003
2551.3
2551.4
2551.5
2551.6000000000004
2551.7000000000003
2551.8
2551.9
2552.
2552.1000000000004
2552.2000000000003
2552.3
2552.4
2552.5
2552.6000000000004
2552.7000000000003
2552.8
2552.9
2553.
2553.1000000000004
2553.2000000000003
2553.3
2553.4
2553.5
2553.6000000000004
2553.7000000000003
2553.8
2553.9
2554.
2554.1000000000004
2554.2000000000003
2554.3
2554.4
2554.5
2554.6000000000004
2554.7000000000003
2554.8
2554.9
2555.
2555.1000000000004
2555.2000000000003
2555.3
2555.4
2555.5
2555.6000000000004
2555.7000000000003
2555.8
2555.9
2556.
2556.1000000000004
2556.2000000000003
2556.3
2556.4
2556.5
2556.6000000000004
2556.7000000000003
2556.8
2556.9
2557.
2557.1000000000004
2557.2000000000003
2557.3
2557.4
2557.5
2557.6000000000004
2557.7000000000003
2557.8
2557.9
2558.
2558.1000000000004
2558.2000000000003
2558.3
2558.4
2558.5
2558.6000000000004
2558.7000000000003
2558.8
2558.9
2559.
2559.1000000000004
2559.2000000000003
2559.3
2559.4
2559.5
2559.6000000000004
2559.7000000000003
2559.8
2559.9
2560.
2560.1000000000004
2560.2000000000003
2560.3
2560.4
2560.5
2560.6000000000004
2560.7000000000003
2560.8
2560.9
2561.
2561.1000000000004
2561.2000000000003
2561.3
2561.4
2561.5
2561.6000000000004
2561.7000000000003
2561.8
2561.9
2562.
2562.1000000000004
2562.2000000000003
2562.3
2562.4
2562.5
2562.6000000000004
2562.7000000000003
2562.8
2562.9
2563.
2563.1000000000004
2563.2000000000003
2563.3
2563.4
2563.5
2563.6000000000004
2563.7000000000003
2563.8
2563.9
2564.
2564.1000000000004
2564.2000000000003
2564.3
2564.4
2564.5
2564.6000000000004
2564.7000000000003
2564.8
2564.9
2565.
2565.1000000000004
2565.2000000000003
2565.3
2565.4
2565.5
2565.6000000000004
2565.7000000000003
2565.8
2565.9
2566.
2566.1000000000004
2566.2000000000003
2566.3
2566.4
2566.5
2566.6000000000004
2566.7000000000003
2566.8
2566.9
2567.
2567.1000000000004
2567.2000000000003
2567.3
2567.4
2567.5
2567.6000000000004
2567.7000000000003
2567.8
2567.9
2568.
2568.1000000000004
2568.2000000000003
2568.3
2568.4
2568.5
2568.6000000000004
2568.7000000000003
2568.8
2568.9
2569.
2569.1000000000004
2569.2000000000003
2569.3
2569.4
2569.5
2569.6000000000004
2569.7000000000003
2569.8
2569.9
2570.
2570.1000000000004
2570.2000000000003
2570.3
2570.4
2570.5
2570.6000000000004
2570.7000000000003
2570.8
2570.9
2571.
2571.1000000000004
2571.2000000000003
2571.3
2571.4
2571.5
2571.6000000000004
2571.7000000000003
2571.8
2571.9
2572.
2572.1000000000004
2572.2000000000003
2572.3
2572.4
2572.5
2572.6000000000004
2572.7000000000003
2572.8
2572.9
2573.
2573.1000000000004
2573.2000000000003
2573.3
2573.4
2573.5
2573.6000000000004
2573.7000000000003
2573.8
2573.9
2574.
2574.1000000000004
2574.2000000000003
2574.3
2574.4
2574.5
2574.6000000000004
2574.7000000000003
2574.8
2574.9
2575.
2575.1000000000004
2575.2000000000003
2575.3
2575.4
2575.5
2575.6000000000004
2575.7000000000003
2575.8
2575.9
2576.
2576.1000000000004
2576.2000000000003
2576.3
2576.4
2576.5
2576.6000000000004
2576.7000000000003
2576.8
2576.9
2577.
2577.1000000000004
2577.2000000000003
2577.3
2577.4
2577.5
2577.6000000000004
2577.7000000000003
2577.8
2577.9
2578.
2578.1000000000004
2578.2000000000003
2578.3
2578.4
2578.5
2578.6000000000004
2578.7000000000003
2578.8
2578.9
2579.
2579.1000000000004
2579.2000000000003
2579.3
2579.4
2579.5
2579.6000000000004
2579.7000000000003
2579.8
2579.9
2580.
2580.1000000000004
2580.2000000000003
2580.3
2580.4
2580.5
2580.6000000000004
2580.7000000000003
2580.8
2580.9
2581.
2581.1000000000004
2581.2000000000003
2581.3
2581.4
2581.5
2581.6000000000004
2581.7000000000003
2581.8
2581.9
2582.
2582.1000000000004
2582.2000000000003
2582.3
2582.4
2582.5
2582.6000000000004
2582.7000000000003
2582.8
2582.9
2583.
2583.1000000000004
2583.2000000000003
2583.3
2583.4
2583.5
2583.6000000000004
2583.7000000000003
2583.8
2583.9
2584.
2584.1000000000004
2584.2000000000003
2584.3
2584.4
2584.5
2584.6000000000004
2584.7000000000003
2584.8
2584.9
2585.
2585.1000000000004
2585.2000000000003
2585.3
2585.4
2585.5
2585.6000000000004
2585.7000000000003
2585.8
2585.9
2586.
2586.1000000000004
2586.2000000000003
2586.3
2586.4
2586.5
2586.6000000000004
2586.7000000000003
2586.8
2586.9
2587.
2587.1000000000004
2587.2000000000003
2587.3
2587.4
2587.5
2587.6000000000004
2587.7000000000003
2587.8
2587.9
2588.
2588.1000000000004
2588.2000000000003
2588.3
2588.4
2588.5
2588.6000000000004
2588.7000000000003
2588.8
2588.9
2589.
2589.1000000000004
2589.2000000000003
2589.3
2589.4
2589.5
2589.6000000000004
2589.7000000000003
2589.8
2589.9
2590.
2590.1000000000004
2590.2000000000003
2590.3
2590.4
2590.5
2590.6000000000004
2590.7000000000003
2590.8
2590.9
2591.
2591.1000000000004
2591.2000000000003
2591.3
2591.4
2591.5
2591.6000000000004
2591.7000000000003
2591.8
2591.9
2592.
2592.1000000000004
2592.2000000000003
2592.3
2592.4
2592.5
2592.6000000000004
2592.7000000000003
2592.8
2592.9
2593.
2593.1000000000004
2593.2000000000003
2593.3
2593.4
2593.5
2593.6000000000004
2593.7000000000003
2593.8
2593.9
2594.
2594.1000000000004
2594.2000000000003
2594.3
2594.4
2594.5
2594.6000000000004
2594.7000000000003
2594.8
2594.9
2595.
2595.1000000000004
2595.2000000000003
2595.3
2595.4
2595.5
2595.6000000000004
2595.7000000000003
2595.8
2595.9
2596.
2596.1000000000004
2596.2000000000003
2596.3
2596.4
2596.5
2596.6000000000004
2596.7000000000003
2596.8
2596.9
2597.
2597.1000000000004
2597.2000000000003
2597.3
2597.4
2597.5
2597.6000000000004
2597.7000000000003
2597.8
2597.9
2598.
2598.1000000000004
2598.2000000000003
2598.3
2598.4
2598.5
2598.6000000000004
2598.7000000000003
2598.8
2598.9
2599.
2599.1000000000004
2599.2000000000003
2599.3
2599.4
2599.5
2599.6000000000004
2599.7000000000003
2599.8
2599.9
2600.
2600.1000000000004
2600.2000000000003
2600.3
2600.4
2600.5
2600.6000000000004
2600.7000000000003
2600.8
2600.9
2601.
2601.1000000000004
2601.2000000000003
2601.3
2601.4
2601.5
2601.6000000000004
2601.7000000000003
2601.8
2601.9
2602.
2602.1000000000004
2602.2000000000003
2602.3
2602.4
2602.5
2602.6000000000004
2602.7000000000003
2602.8
2602.9
2603.
2603.1000000000004
2603.2000000000003
2603.3
2603.4
2603.5
2603.6000000000004
2603.7000000000003
2603.8
2603.9
2604.
2604.1000000000004
2604.2000000000003
2604.3
2604.4
2604.5
2604.6000000000004
2604.7000000000003
2604.8
2604.9
2605.
2605.1000000000004
2605.2000000000003
2605.3
2605.4
2605.5
2605.6000000000004
2605.7000000000003
2605.8
2605.9
2606.
2606.1000000000004
2606.2000000000003
2606.3
2606.4
2606.5
2606.6000000000004
2606.7000000000003
2606.8
2606.9
2607.
2607.1000000000004
2607.2000000000003
2607.3
2607.4
2607.5
2607.6000000000004
2607.7000000000003
2607.8
2607.9
2608.
2608.1000000000004
2608.2000000000003
2608.3
2608.4
2608.5
2608.6000000000004
2608.7000000000003
2608.8
2608.9
2609.
2609.1000000000004
2609.2000000000003
2609.3
2609.4
2609.5
2609.6000000000004
2609.7000000000003
2609.8
2609.9
2610.
2610.1000000000004
2610.2000000000003
2610.3
2610.4
2610.5
2610.6000000000004
2610.7000000000003
2610.8
2610.9
2611.
2611.1000000000004
2611.2000000000003
2611.3
2611.4
2611.5
2611.6000000000004
2611.7000000000003
2611.8
2611.9
2612.
2612.1000000000004
2612.2000000000003
2612.3
2612.4
2612.5
2612.6000000000004
2612.7000000000003
2612.8
2612.9
2613.
2613.1000000000004
2613.2000000000003
2613.3
2613.4
2613.5
2613.6000000000004
2613.7000000000003
2613.8
2613.9
2614.
2614.1000000000004
2614.2000000000003
2614.3
2614.4
2614.5
2614.6000000000004
2614.7000000000003
2614.8
2614.9
2615.
2615.1000000000004
2615.2000000000003
2615.3
2615.4
2615.5
2615.6000000000004
2615.7000000000003
2615.8
2615.9
2616.
2616.1000000000004
2616.2000000000003
2616.3
2616.4
2616.5
2616.6000000000004
2616.7000000000003
2616.8
2616.9
2617.
2617.1000000000004
2617.2000000000003
2617.3
2617.4
2617.5
2617.6000000000004
2617.7000000000003
2617.8
2617.9
2618.
2618.1000000000004
2618.2000000000003
2618.3
2618.4
2618.5
2618.6000000000004
2618.7000000000003
2618.8
2618.9
2619.
2619.1000000000004
2619.2000000000003
2619.3
2619.4
2619.5
2619.6000000000004
2619.7000000000003
2619.8
2619.9
2620.
2620.1000000000004
2620.2000000000003
2620.3
2620.4
2620.5
2620.6000000000004
2620.7000000000003
2620.8
2620.9
2621.
2621.1000000000004
2621.2000000000003
2621.3
2621.4
2621.5
2621.6000000000004
2621.7000000000003
2621.8
2621.9
2622.
2622.1000000000004
2622.2000000000003
2622.3
2622.4
2622.5
2622.6000000000004
2622.7000000000003
2622.8
2622.9
2623.
2623.1000000000004
2623.2000000000003
2623.3
2623.4
2623.5
2623.6000000000004
2623.7000000000003
2623.8
2623.9
2624.
2624.1000000000004
2624.2000000000003
2624.3
2624.4
2624.5
2624.6000000000004
2624.7000000000003
2624.8
2624.9
2625.
2625.1000000000004
2625.2000000000003
2625.3
2625.4
2625.5
2625.6000000000004
2625.7000000000003
2625.8
2625.9
2626.
2626.1000000000004
2626.2000000000003
2626.3
2626.4
2626.5
2626.6000000000004
2626.7000000000003
2626.8
2626.9
2627.
2627.1000000000004
2627.2000000000003
2627.3
2627.4
2627.5
2627.6000000000004
2627.7000000000003
2627.8
2627.9
2628.
2628.1000000000004
2628.2000000000003
2628.3
2628.4
2628.5
2628.6000000000004
2628.7000000000003
2628.8
2628.9
2629.
2629.1000000000004
2629.2000000000003
2629.3
2629.4
2629.5
2629.6000000000004
2629.7000000000003
2629.8
2629.9
2630.
2630.1000000000004
2630.2000000000003
2630.3
2630.4
2630.5
2630.6000000000004
2630.7000000000003
2630.8
2630.9
2631.
2631.1000000000004
2631.2000000000003
2631.3
2631.4
2631.5
2631.6000000000004
2631.7000000000003
2631.8
2631.9
2632.
2632.1000000000004
2632.2000000000003
2632.3
2632.4
2632.5
2632.6000000000004
2632.7000000000003
2632.8
2632.9
2633.
2633.1000000000004
2633.2000000000003
2633.3
2633.4
2633.5
2633.6000000000004
2633.7000000000003
2633.8
2633.9
2634.
2634.1000000000004
2634.2000000000003
2634.3
2634.4
2634.5
2634.6000000000004
2634.7000000000003
2634.8
2634.9
2635.
2635.1000000000004
2635.2000000000003
2635.3
2635.4
2635.5
2635.6000000000004
2635.7000000000003
2635.8
2635.9
2636.
2636.1000000000004
2636.2000000000003
2636.3
2636.4
2636.5
2636.6000000000004
2636.7000000000003
2636.8
2636.9
2637.
2637.1000000000004
2637.2000000000003
2637.3
2637.4
2637.5
2637.6000000000004
2637.7000000000003
2637.8
2637.9
2638.
2638.1000000000004
2638.2000000000003
2638.3
2638.4
2638.5
2638.6000000000004
2638.7000000000003
2638.8
2638.9
2639.
2639.1000000000004
2639.2000000000003
2639.3
2639.4
2639.5
2639.6000000000004
2639.7000000000003
2639.8
2639.9
2640.
2640.1000000000004
2640.2000000000003
2640.3
2640.4
2640.5
2640.6000000000004
2640.7000000000003
2640.8
2640.9
2641.
2641.1000000000004
2641.2000000000003
2641.3
2641.4
2641.5
2641.6000000000004
2641.7000000000003
2641.8
2641.9
2642.
2642.1000000000004
2642.2000000000003
2642.3
2642.4
2642.5
2642.6000000000004
2642.7000000000003
2642.8
2642.9
2643.
2643.1000000000004
2643.2000000000003
2643.3
2643.4
2643.5
2643.6000000000004
2643.7000000000003
2643.8
2643.9
2644.
2644.1000000000004
2644.2000000000003
2644.3
2644.4
2644.5
2644.6000000000004
2644.7000000000003
2644.8
2644.9
2645.
2645.1000000000004
2645.2000000000003
2645.3
2645.4
2645.5
2645.6000000000004
2645.7000000000003
2645.8
2645.9
2646.
2646.1000000000004
2646.2000000000003
2646.3
2646.4
2646.5
2646.6000000000004
2646.7000000000003
2646.8
2646.9
2647.
2647.1000000000004
2647.2000000000003
2647.3
2647.4
2647.5
2647.6000000000004
2647.7000000000003
2647.8
2647.9
2648.
2648.1000000000004
2648.2000000000003
2648.3
2648.4
2648.5
2648.6000000000004
2648.7000000000003
2648.8
2648.9
2649.
2649.1000000000004
2649.2000000000003
2649.3
2649.4
2649.5
2649.6000000000004
2649.7000000000003
2649.8
2649.9
2650.
2650.1000000000004
2650.2000000000003
2650.3
2650.4
2650.5
2650.6000000000004
2650.7000000000003
2650.8
2650.9
2651.
2651.1000000000004
2651.2000000000003
2651.3
2651.4
2651.5
2651.6000000000004
2651.7000000000003
2651.8
2651.9
2652.
2652.1000000000004
2652.2000000000003
2652.3
2652.4
2652.5
2652.6000000000004
2652.7000000000003
2652.8
2652.9
2653.
2653.1000000000004
2653.2000000000003
2653.3
2653.4
2653.5
2653.6000000000004
2653.7000000000003
2653.8
2653.9
2654.
2654.1000000000004
2654.2000000000003
2654.3
2654.4
2654.5
2654.6000000000004
2654.7000000000003
2654.8
2654.9
2655.
2655.1000000000004
2655.2000000000003
2655.3
2655.4
2655.5
2655.6000000000004
2655.7000000000003
2655.8
2655.9
2656.
2656.1000000000004
2656.2000000000003
2656.3
2656.4
2656.5
2656.6000000000004
2656.7000000000003
2656.8
2656.9
2657.
2657.1000000000004
2657.2000000000003
2657.3
2657.4
2657.5
2657.6000000000004
2657.7000000000003
2657.8
2657.9
2658.
2658.1000000000004
2658.2000000000003
2658.3
2658.4
2658.5
2658.6000000000004
2658.7000000000003
2658.8
2658.9
2659.
2659.1000000000004
2659.2000000000003
2659.3
2659.4
2659.5
2659.6000000000004
2659.7000000000003
2659.8
2659.9
2660.
2660.1000000000004
2660.2000000000003
2660.3
2660.4
2660.5
2660.6000000000004
2660.7000000000003
2660.8
2660.9
2661.
2661.1000000000004
2661.2000000000003
2661.3
2661.4
2661.5
2661.6000000000004
2661.7000000000003
2661.8
2661.9
2662.
2662.1000000000004
2662.2000000000003
2662.3
2662.4
2662.5
2662.6000000000004
2662.7000000000003
2662.8
2662.9
2663.
2663.1000000000004
2663.2000000000003
2663.3
2663.4
2663.5
2663.6000000000004
2663.7000000000003
2663.8
2663.9
2664.
2664.1000000000004
2664.2000000000003
2664.3
2664.4
2664.5
2664.6000000000004
2664.7000000000003
2664.8
2664.9
2665.
2665.1000000000004
2665.2000000000003
2665.3
2665.4
2665.5
2665.6000000000004
2665.7000000000003
2665.8
2665.9
2666.
2666.1000000000004
2666.2000000000003
2666.3
2666.4
2666.5
2666.6000000000004
2666.7000000000003
2666.8
2666.9
2667.
2667.1000000000004
2667.2000000000003
2667.3
2667.4
2667.5
2667.6000000000004
2667.7000000000003
2667.8
2667.9
2668.
2668.1000000000004
2668.2000000000003
2668.3
2668.4
2668.5
2668.6000000000004
2668.7000000000003
2668.8
2668.9
2669.
2669.1000000000004
2669.2000000000003
2669.3
2669.4
2669.5
2669.6000000000004
2669.7000000000003
2669.8
2669.9
2670.
2670.1000000000004
2670.2000000000003
2670.3
2670.4
2670.5
2670.6000000000004
2670.7000000000003
2670.8
2670.9
2671.
2671.1000000000004
2671.2000000000003
2671.3
2671.4
2671.5
2671.6000000000004
2671.7000000000003
2671.8
2671.9
2672.
2672.1000000000004
2672.2000000000003
2672.3
2672.4
2672.5
2672.6000000000004
2672.7000000000003
2672.8
2672.9
2673.
2673.1000000000004
2673.2000000000003
2673.3
2673.4
2673.5
2673.6000000000004
2673.7000000000003
2673.8
2673.9
2674.
2674.1000000000004
2674.2000000000003
2674.3
2674.4
2674.5
2674.6000000000004
2674.7000000000003
2674.8
2674.9
2675.
2675.1000000000004
2675.2000000000003
2675.3
2675.4
2675.5
2675.6000000000004
2675.7000000000003
2675.8
2675.9
2676.
2676.1000000000004
2676.2000000000003
2676.3
2676.4
2676.5
2676.6000000000004
2676.7000000000003
2676.8
2676.9
2677.
2677.1000000000004
2677.2000000000003
2677.3
2677.4
2677.5
2677.6000000000004
2677.7000000000003
2677.8
2677.9
2678.
2678.1000000000004
2678.2000000000003
2678.3
2678.4
2678.5
2678.6000000000004
2678.7000000000003
2678.8
2678.9
2679.
2679.1000000000004
2679.2000000000003
2679.3
2679.4
2679.5
2679.6000000000004
2679.7000000000003
2679.8
2679.9
2680.
2680.1000000000004
2680.2000000000003
2680.3
2680.4
2680.5
2680.6000000000004
2680.7000000000003
2680.8
2680.9
2681.
2681.1000000000004
2681.2000000000003
2681.3
2681.4
2681.5
2681.6000000000004
2681.7000000000003
2681.8
2681.9
2682.
2682.1000000000004
2682.2000000000003
2682.3
2682.4
2682.5
2682.6000000000004
2682.7000000000003
2682.8
2682.9
2683.
2683.1000000000004
2683.2000000000003
2683.3
2683.4
2683.5
2683.6000000000004
2683.7000000000003
2683.8
2683.9
2684.
2684.1000000000004
2684.2000000000003
2684.3
2684.4
2684.5
2684.6000000000004
2684.7000000000003
2684.8
2684.9
2685.
2685.1000000000004
2685.2000000000003
2685.3
2685.4
2685.5
2685.6000000000004
2685.7000000000003
2685.8
2685.9
2686.
2686.1000000000004
2686.2000000000003
2686.3
2686.4
2686.5
2686.6000000000004
2686.7000000000003
2686.8
2686.9
2687.
2687.1000000000004
2687.2000000000003
2687.3
2687.4
2687.5
2687.6000000000004
2687.7000000000003
2687.8
2687.9
2688.
2688.1000000000004
2688.2000000000003
2688.3
2688.4
2688.5
2688.6000000000004
2688.7000000000003
2688.8
2688.9
2689.
2689.1000000000004
2689.2000000000003
2689.3
2689.4
2689.5
2689.6000000000004
2689.7000000000003
2689.8
2689.9
2690.
2690.1000000000004
2690.2000000000003
2690.3
2690.4
2690.5
2690.6000000000004
2690.7000000000003
2690.8
2690.9
2691.
2691.1000000000004
2691.2000000000003
2691.3
2691.4
2691.5
2691.6000000000004
2691.7000000000003
2691.8
2691.9
2692.
2692.1000000000004
2692.2000000000003
2692.3
2692.4
2692.5
2692.6000000000004
2692.7000000000003
2692.8
2692.9
2693.
2693.1000000000004
2693.2000000000003
2693.3
2693.4
2693.5
2693.6000000000004
2693.7000000000003
2693.8
2693.9
2694.
2694.1000000000004
2694.2000000000003
2694.3
2694.4
2694.5
2694.6000000000004
2694.7000000000003
2694.8
2694.9
2695.
2695.1000000000004
2695.2000000000003
2695.3
2695.4
2695.5
2695.6000000000004
2695.7000000000003
2695.8
2695.9
2696.
2696.1000000000004
2696.2000000000003
2696.3
2696.4
2696.5
2696.6000000000004
2696.7000000000003
2696.8
2696.9
2697.
2697.1000000000004
2697.2000000000003
2697.3
2697.4
2697.5
2697.6000000000004
2697.7000000000003
2697.8
2697.9
2698.
2698.1000000000004
2698.2000000000003
2698.3
2698.4
2698.5
2698.6000000000004
2698.7000000000003
2698.8
2698.9
2699.
2699.1000000000004
2699.2000000000003
2699.3
2699.4
2699.5
2699.6000000000004
2699.7000000000003
2699.8
2699.9
2700.
2700.1000000000004
2700.2000000000003
2700.3
2700.4
2700.5
2700.6000000000004
2700.7000000000003
2700.8
2700.9
2701.
2701.1000000000004
2701.2000000000003
2701.3
2701.4
2701.5
2701.6000000000004
2701.7000000000003
2701.8
2701.9
2702.
2702.1000000000004
2702.2000000000003
2702.3
2702.4
2702.5
2702.6000000000004
2702.7000000000003
2702.8
2702.9
2703.
2703.1000000000004
2703.2000000000003
2703.3
2703.4
2703.5
2703.6000000000004
2703.7000000000003
2703.8
2703.9
2704.
2704.1000000000004
2704.2000000000003
2704.3
2704.4
2704.5
2704.6000000000004
2704.7000000000003
2704.8
2704.9
2705.
2705.1000000000004
2705.2000000000003
2705.3
2705.4
2705.5
2705.6000000000004
2705.7000000000003
2705.8
2705.9
2706.
2706.1000000000004
2706.2000000000003
2706.3
2706.4
2706.5
2706.6000000000004
2706.7000000000003
2706.8
2706.9
2707.
2707.1000000000004
2707.2000000000003
2707.3
2707.4
2707.5
2707.6000000000004
2707.7000000000003
2707.8
2707.9
2708.
2708.1000000000004
2708.2000000000003
2708.3
2708.4
2708.5
2708.6000000000004
2708.7000000000003
2708.8
2708.9
2709.
2709.1000000000004
2709.2000000000003
2709.3
2709.4
2709.5
2709.6000000000004
2709.7000000000003
2709.8
2709.9
2710.
2710.1000000000004
2710.2000000000003
2710.3
2710.4
2710.5
2710.6000000000004
2710.7000000000003
2710.8
2710.9
2711.
2711.1000000000004
2711.2000000000003
2711.3
2711.4
2711.5
2711.6000000000004
2711.7000000000003
2711.8
2711.9
2712.
2712.1000000000004
2712.2000000000003
2712.3
2712.4
2712.5
2712.6000000000004
2712.7000000000003
2712.8
2712.9
2713.
2713.1000000000004
2713.2000000000003
2713.3
2713.4
2713.5
2713.6000000000004
2713.7000000000003
2713.8
2713.9
2714.
2714.1000000000004
2714.2000000000003
2714.3
2714.4
2714.5
2714.6000000000004
2714.7000000000003
2714.8
2714.9
2715.
2715.1000000000004
2715.2000000000003
2715.3
2715.4
2715.5
2715.6000000000004
2715.7000000000003
2715.8
2715.9
2716.
2716.1000000000004
2716.2000000000003
2716.3
2716.4
2716.5
2716.6000000000004
2716.7000000000003
2716.8
2716.9
2717.
2717.1000000000004
2717.2000000000003
2717.3
2717.4
2717.5
2717.6000000000004
2717.7000000000003
2717.8
2717.9
2718.
2718.1000000000004
2718.2000000000003
2718.3
2718.4
2718.5
2718.6000000000004
2718.7000000000003
2718.8
2718.9
2719.
2719.1000000000004
2719.2000000000003
2719.3
2719.4
2719.5
2719.6000000000004
2719.7000000000003
2719.8
2719.9
2720.
2720.1000000000004
2720.2000000000003
2720.3
2720.4
2720.5
2720.6000000000004
2720.7000000000003
2720.8
2720.9
2721.
2721.1000000000004
2721.2000000000003
2721.3
2721.4
2721.5
2721.6000000000004
2721.7000000000003
2721.8
2721.9
2722.
2722.1000000000004
2722.2000000000003
2722.3
2722.4
2722.5
2722.6000000000004
2722.7000000000003
2722.8
2722.9
2723.
2723.1000000000004
2723.2000000000003
2723.3
2723.4
2723.5
2723.6000000000004
2723.7000000000003
2723.8
2723.9
2724.
2724.1000000000004
2724.2000000000003
2724.3
2724.4
2724.5
2724.6000000000004
2724.7000000000003
2724.8
2724.9
2725.
2725.1000000000004
2725.2000000000003
2725.3
2725.4
2725.5
2725.6000000000004
2725.7000000000003
2725.8
2725.9
2726.
2726.1000000000004
2726.2000000000003
2726.3
2726.4
2726.5
2726.6000000000004
2726.7000000000003
2726.8
2726.9
2727.
2727.1000000000004
2727.2000000000003
2727.3
2727.4
2727.5
2727.6000000000004
2727.7000000000003
2727.8
2727.9
2728.
2728.1000000000004
2728.2000000000003
2728.3
2728.4
2728.5
2728.6000000000004
2728.7000000000003
2728.8
2728.9
2729.
2729.1000000000004
2729.2000000000003
2729.3
2729.4
2729.5
2729.6000000000004
2729.7000000000003
2729.8
2729.9
2730.
2730.1000000000004
2730.2000000000003
2730.3
2730.4
2730.5
2730.6000000000004
2730.7000000000003
2730.8
2730.9
2731.
2731.1000000000004
2731.2000000000003
2731.3
2731.4
2731.5
2731.6000000000004
2731.7000000000003
2731.8
2731.9
2732.
2732.1000000000004
2732.2000000000003
2732.3
2732.4
2732.5
2732.6000000000004
2732.7000000000003
2732.8
2732.9
2733.
2733.1000000000004
2733.2000000000003
2733.3
2733.4
2733.5
2733.6000000000004
2733.7000000000003
2733.8
2733.9
2734.
2734.1000000000004
2734.2000000000003
2734.3
2734.4
2734.5
2734.6000000000004
2734.7000000000003
2734.8
2734.9
2735.
2735.1000000000004
2735.2000000000003
2735.3
2735.4
2735.5
2735.6000000000004
2735.7000000000003
2735.8
2735.9
2736.
2736.1000000000004
2736.2000000000003
2736.3
2736.4
2736.5
2736.6000000000004
2736.7000000000003
2736.8
2736.9
2737.
2737.1000000000004
2737.2000000000003
2737.3
2737.4
2737.5
2737.6000000000004
2737.7000000000003
2737.8
2737.9
2738.
2738.1000000000004
2738.2000000000003
2738.3
2738.4
2738.5
2738.6000000000004
2738.7000000000003
2738.8
2738.9
2739.
2739.1000000000004
2739.2000000000003
2739.3
2739.4
2739.5
2739.6000000000004
2739.7000000000003
2739.8
2739.9
2740.
2740.1000000000004
2740.2000000000003
2740.3
2740.4
2740.5
2740.6000000000004
2740.7000000000003
2740.8
2740.9
2741.
2741.1000000000004
2741.2000000000003
2741.3
2741.4
2741.5
2741.6000000000004
2741.7000000000003
2741.8
2741.9
2742.
2742.1000000000004
2742.2000000000003
2742.3
2742.4
2742.5
2742.6000000000004
2742.7000000000003
2742.8
2742.9
2743.
2743.1000000000004
2743.2000000000003
2743.3
2743.4
2743.5
2743.6000000000004
2743.7000000000003
2743.8
2743.9
2744.
2744.1000000000004
2744.2000000000003
2744.3
2744.4
2744.5
2744.6000000000004
2744.7000000000003
2744.8
2744.9
2745.
2745.1000000000004
2745.2000000000003
2745.3
2745.4
2745.5
2745.6000000000004
2745.7000000000003
2745.8
2745.9
2746.
2746.1000000000004
2746.2000000000003
2746.3
2746.4
2746.5
2746.6000000000004
2746.7000000000003
2746.8
2746.9
2747.
2747.1000000000004
2747.2000000000003
2747.3
2747.4
2747.5
2747.6000000000004
2747.7000000000003
2747.8
2747.9
2748.
2748.1000000000004
2748.2000000000003
2748.3
2748.4
2748.5
2748.6000000000004
2748.7000000000003
2748.8
2748.9
2749.
2749.1000000000004
2749.2000000000003
2749.3
2749.4
2749.5
2749.6000000000004
2749.7000000000003
2749.8
2749.9
2750.
2750.1000000000004
2750.2000000000003
2750.3
2750.4
2750.5
2750.6000000000004
2750.7000000000003
2750.8
2750.9
2751.
2751.1000000000004
2751.2000000000003
2751.3
2751.4
2751.5
2751.6000000000004
2751.7000000000003
2751.8
2751.9
2752.
2752.1000000000004
2752.2000000000003
2752.3
2752.4
2752.5
2752.6000000000004
2752.7000000000003
2752.8
2752.9
2753.
2753.1000000000004
2753.2000000000003
2753.3
2753.4
2753.5
2753.6000000000004
2753.7000000000003
2753.8
2753.9
2754.
2754.1000000000004
2754.2000000000003
2754.3
2754.4
2754.5
2754.6000000000004
2754.7000000000003
2754.8
2754.9
2755.
2755.1000000000004
2755.2000000000003
2755.3
2755.4
2755.5
2755.6000000000004
2755.7000000000003
2755.8
2755.9
2756.
2756.1000000000004
2756.2000000000003
2756.3
2756.4
2756.5
2756.6000000000004
2756.7000000000003
2756.8
2756.9
2757.
2757.1000000000004
2757.2000000000003
2757.3
2757.4
2757.5
2757.6000000000004
2757.7000000000003
2757.8
2757.9
2758.
2758.1000000000004
2758.2000000000003
2758.3
2758.4
2758.5
2758.6000000000004
2758.7000000000003
2758.8
2758.9
2759.
2759.1000000000004
2759.2000000000003
2759.3
2759.4
2759.5
2759.6000000000004
2759.7000000000003
2759.8
2759.9
2760.
2760.1000000000004
2760.2000000000003
2760.3
2760.4
2760.5
2760.6000000000004
2760.7000000000003
2760.8
2760.9
2761.
2761.1000000000004
2761.2000000000003
2761.3
2761.4
2761.5
2761.6000000000004
2761.7000000000003
2761.8
2761.9
2762.
2762.1000000000004
2762.2000000000003
2762.3
2762.4
2762.5
2762.6000000000004
2762.7000000000003
2762.8
2762.9
2763.
2763.1000000000004
2763.2000000000003
2763.3
2763.4
2763.5
2763.6000000000004
2763.7000000000003
2763.8
2763.9
2764.
2764.1000000000004
2764.2000000000003
2764.3
2764.4
2764.5
2764.6000000000004
2764.7000000000003
2764.8
2764.9
2765.
2765.1000000000004
2765.2000000000003
2765.3
2765.4
2765.5
2765.6000000000004
2765.7000000000003
2765.8
2765.9
2766.
2766.1000000000004
2766.2000000000003
2766.3
2766.4
2766.5
2766.6000000000004
2766.7000000000003
2766.8
2766.9
2767.
2767.1000000000004
2767.2000000000003
2767.3
2767.4
2767.5
2767.6000000000004
2767.7000000000003
2767.8
2767.9
2768.
2768.1000000000004
2768.2000000000003
2768.3
2768.4
2768.5
2768.6000000000004
2768.7000000000003
2768.8
2768.9
2769.
2769.1000000000004
2769.2000000000003
2769.3
2769.4
2769.5
2769.6000000000004
2769.7000000000003
2769.8
2769.9
2770.
2770.1000000000004
2770.2000000000003
2770.3
2770.4
2770.5
2770.6000000000004
2770.7000000000003
2770.8
2770.9
2771.
2771.1000000000004
2771.2000000000003
2771.3
2771.4
2771.5
2771.6000000000004
2771.7000000000003
2771.8
2771.9
2772.
2772.1000000000004
2772.2000000000003
2772.3
2772.4
2772.5
2772.6000000000004
2772.7000000000003
2772.8
2772.9
2773.
2773.1000000000004
2773.2000000000003
2773.3
2773.4
2773.5
2773.6000000000004
2773.7000000000003
2773.8
2773.9
2774.
2774.1000000000004
2774.2000000000003
2774.3
2774.4
2774.5
2774.6000000000004
2774.7000000000003
2774.8
2774.9
2775.
2775.1000000000004
2775.2000000000003
2775.3
2775.4
2775.5
2775.6000000000004
2775.7000000000003
2775.8
2775.9
2776.
2776.1000000000004
2776.2000000000003
2776.3
2776.4
2776.5
2776.6000000000004
2776.7000000000003
2776.8
2776.9
2777.
2777.1000000000004
2777.2000000000003
2777.3
2777.4
2777.5
2777.6000000000004
2777.7000000000003
2777.8
2777.9
2778.
2778.1000000000004
2778.2000000000003
2778.3
2778.4
2778.5
2778.6000000000004
2778.7000000000003
2778.8
2778.9
2779.
2779.1000000000004
2779.2000000000003
2779.3
2779.4
2779.5
2779.6000000000004
2779.7000000000003
2779.8
2779.9
2780.
2780.1000000000004
2780.2000000000003
2780.3
2780.4
2780.5
2780.6000000000004
2780.7000000000003
2780.8
2780.9
2781.
2781.1000000000004
2781.2000000000003
2781.3
2781.4
2781.5
2781.6000000000004
2781.7000000000003
2781.8
2781.9
2782.
2782.1000000000004
2782.2000000000003
2782.3
2782.4
2782.5
2782.6000000000004
2782.7000000000003
2782.8
2782.9
2783.
2783.1000000000004
2783.2000000000003
2783.3
2783.4
2783.5
2783.6000000000004
2783.7000000000003
2783.8
2783.9
2784.
2784.1000000000004
2784.2000000000003
2784.3
2784.4
2784.5
2784.6000000000004
2784.7000000000003
2784.8
2784.9
2785.
2785.1000000000004
2785.2000000000003
2785.3
2785.4
2785.5
2785.6000000000004
2785.7000000000003
2785.8
2785.9
2786.
2786.1000000000004
2786.2000000000003
2786.3
2786.4
2786.5
2786.6000000000004
2786.7000000000003
2786.8
2786.9
2787.
2787.1000000000004
2787.2000000000003
2787.3
2787.4
2787.5
2787.6000000000004
2787.7000000000003
2787.8
2787.9
2788.
2788.1000000000004
2788.2000000000003
2788.3
2788.4
2788.5
2788.6000000000004
2788.7000000000003
2788.8
2788.9
2789.
2789.1000000000004
2789.2000000000003
2789.3
2789.4
2789.5
2789.6000000000004
2789.7000000000003
2789.8
2789.9
2790.
2790.1000000000004
2790.2000000000003
2790.3
2790.4
2790.5
2790.6000000000004
2790.7000000000003
2790.8
2790.9
2791.
2791.1000000000004
2791.2000000000003
2791.3
2791.4
2791.5
2791.6000000000004
2791.7000000000003
2791.8
2791.9
2792.
2792.1000000000004
2792.2000000000003
2792.3
2792.4
2792.5
2792.6000000000004
2792.7000000000003
2792.8
2792.9
2793.
2793.1000000000004
2793.2000000000003
2793.3
2793.4
2793.5
2793.6000000000004
2793.7000000000003
2793.8
2793.9
2794.
2794.1000000000004
2794.2000000000003
2794.3
2794.4
2794.5
2794.6000000000004
2794.7000000000003
2794.8
2794.9
2795.
2795.1000000000004
2795.2000000000003
2795.3
2795.4
2795.5
2795.6000000000004
2795.7000000000003
2795.8
2795.9
2796.
2796.1000000000004
2796.2000000000003
2796.3
2796.4
2796.5
2796.6000000000004
2796.7000000000003
2796.8
2796.9
2797.
2797.1000000000004
2797.2000000000003
2797.3
2797.4
2797.5
2797.6000000000004
2797.7000000000003
2797.8
2797.9
2798.
2798.1000000000004
2798.2000000000003
2798.3
2798.4
2798.5
2798.6000000000004
2798.7000000000003
2798.8
2798.9
2799.
2799.1000000000004
2799.2000000000003
2799.3
2799.4
2799.5
2799.6000000000004
2799.7000000000003
2799.8
2799.9
2800.
2800.1000000000004
2800.2000000000003
2800.3
2800.4
2800.5
2800.6000000000004
2800.7000000000003
2800.8
2800.9
2801.
2801.1000000000004
2801.2000000000003
2801.3
2801.4
2801.5
2801.6000000000004
2801.7000000000003
2801.8
2801.9
2802.
2802.1000000000004
2802.2000000000003
2802.3
2802.4
2802.5
2802.6000000000004
2802.7000000000003
2802.8
2802.9
2803.
2803.1000000000004
2803.2000000000003
2803.3
2803.4
2803.5
2803.6000000000004
2803.7000000000003
2803.8
2803.9
2804.
2804.1000000000004
2804.2000000000003
2804.3
2804.4
2804.5
2804.6000000000004
2804.7000000000003
2804.8
2804.9
2805.
2805.1000000000004
2805.2000000000003
2805.3
2805.4
2805.5
2805.6000000000004
2805.7000000000003
2805.8
2805.9
2806.
2806.1000000000004
2806.2000000000003
2806.3
2806.4
2806.5
2806.6000000000004
2806.7000000000003
2806.8
2806.9
2807.
2807.1000000000004
2807.2000000000003
2807.3
2807.4
2807.5
2807.6000000000004
2807.7000000000003
2807.8
2807.9
2808.
2808.1000000000004
2808.2000000000003
2808.3
2808.4
2808.5
2808.6000000000004
2808.7000000000003
2808.8
2808.9
2809.
2809.1000000000004
2809.2000000000003
2809.3
2809.4
2809.5
2809.6000000000004
2809.7000000000003
2809.8
2809.9
2810.
2810.1000000000004
2810.2000000000003
2810.3
2810.4
2810.5
2810.6000000000004
2810.7000000000003
2810.8
2810.9
2811.
2811.1000000000004
2811.2000000000003
2811.3
2811.4
2811.5
2811.6000000000004
2811.7000000000003
2811.8
2811.9
2812.
2812.1000000000004
2812.2000000000003
2812.3
2812.4
2812.5
2812.6000000000004
2812.7000000000003
2812.8
2812.9
2813.
2813.1000000000004
2813.2000000000003
2813.3
2813.4
2813.5
2813.6000000000004
2813.7000000000003
2813.8
2813.9
2814.
2814.1000000000004
2814.2000000000003
2814.3
2814.4
2814.5
2814.6000000000004
2814.7000000000003
2814.8
2814.9
2815.
2815.1000000000004
2815.2000000000003
2815.3
2815.4
2815.5
2815.6000000000004
2815.7000000000003
2815.8
2815.9
2816.
2816.1000000000004
2816.2000000000003
2816.3
2816.4
2816.5
2816.6000000000004
2816.7000000000003
2816.8
2816.9
2817.
2817.1000000000004
2817.2000000000003
2817.3
2817.4
2817.5
2817.6000000000004
2817.7000000000003
2817.8
2817.9
2818.
2818.1000000000004
2818.2000000000003
2818.3
2818.4
2818.5
2818.6000000000004
2818.7000000000003
2818.8
2818.9
2819.
2819.1000000000004
2819.2000000000003
2819.3
2819.4
2819.5
2819.6000000000004
2819.7000000000003
2819.8
2819.9
2820.
2820.1000000000004
2820.2000000000003
2820.3
2820.4
2820.5
2820.6000000000004
2820.7000000000003
2820.8
2820.9
2821.
2821.1000000000004
2821.2000000000003
2821.3
2821.4
2821.5
2821.6000000000004
2821.7000000000003
2821.8
2821.9
2822.
2822.1000000000004
2822.2000000000003
2822.3
2822.4
2822.5
2822.6000000000004
2822.7000000000003
2822.8
2822.9
2823.
2823.1000000000004
2823.2000000000003
2823.3
2823.4
2823.5
2823.6000000000004
2823.7000000000003
2823.8
2823.9
2824.
2824.1000000000004
2824.2000000000003
2824.3
2824.4
2824.5
2824.6000000000004
2824.7000000000003
2824.8
2824.9
2825.
2825.1000000000004
2825.2000000000003
2825.3
2825.4
2825.5
2825.6000000000004
2825.7000000000003
2825.8
2825.9
2826.
2826.1000000000004
2826.2000000000003
2826.3
2826.4
2826.5
2826.6000000000004
2826.7000000000003
2826.8
2826.9
2827.
2827.1000000000004
2827.2000000000003
2827.3
2827.4
2827.5
2827.6000000000004
2827.7000000000003
2827.8
2827.9
2828.
2828.1000000000004
2828.2000000000003
2828.3
2828.4
2828.5
2828.6000000000004
2828.7000000000003
2828.8
2828.9
2829.
2829.1000000000004
2829.2000000000003
2829.3
2829.4
2829.5
2829.6000000000004
2829.7000000000003
2829.8
2829.9
2830.
2830.1000000000004
2830.2000000000003
2830.3
2830.4
2830.5
2830.6000000000004
2830.7000000000003
2830.8
2830.9
2831.
2831.1000000000004
2831.2000000000003
2831.3
2831.4
2831.5
2831.6000000000004
2831.7000000000003
2831.8
2831.9
2832.
2832.1000000000004
2832.2000000000003
2832.3
2832.4
2832.5
2832.6000000000004
2832.7000000000003
2832.8
2832.9
2833.
2833.1000000000004
2833.2000000000003
2833.3
2833.4
2833.5
2833.6000000000004
2833.7000000000003
2833.8
2833.9
2834.
2834.1000000000004
2834.2000000000003
2834.3
2834.4
2834.5
2834.6000000000004
2834.7000000000003
2834.8
2834.9
2835.
2835.1000000000004
2835.2000000000003
2835.3
2835.4
2835.5
2835.6000000000004
2835.7000000000003
2835.8
2835.9
2836.
2836.1000000000004
2836.2000000000003
2836.3
2836.4
2836.5
2836.6000000000004
2836.7000000000003
2836.8
2836.9
2837.
2837.1000000000004
2837.2000000000003
2837.3
2837.4
2837.5
2837.6000000000004
2837.7000000000003
2837.8
2837.9
2838.
2838.1000000000004
2838.2000000000003
2838.3
2838.4
2838.5
2838.6000000000004
2838.7000000000003
2838.8
2838.9
2839.
2839.1000000000004
2839.2000000000003
2839.3
2839.4
2839.5
2839.6000000000004
2839.7000000000003
2839.8
2839.9
2840.
2840.1000000000004
2840.2000000000003
2840.3
2840.4
2840.5
2840.6000000000004
2840.7000000000003
2840.8
2840.9
2841.
2841.1000000000004
2841.2000000000003
2841.3
2841.4
2841.5
2841.6000000000004
2841.7000000000003
2841.8
2841.9
2842.
2842.1000000000004
2842.2000000000003
2842.3
2842.4
2842.5
2842.6000000000004
2842.7000000000003
2842.8
2842.9
2843.
2843.1000000000004
2843.2000000000003
2843.3
2843.4
2843.5
2843.6000000000004
2843.7000000000003
2843.8
2843.9
2844.
2844.1000000000004
2844.2000000000003
2844.3
2844.4
2844.5
2844.6000000000004
2844.7000000000003
2844.8
2844.9
2845.
2845.1000000000004
2845.2000000000003
2845.3
2845.4
2845.5
2845.6000000000004
2845.7000000000003
2845.8
2845.9
2846.
2846.1000000000004
2846.2000000000003
2846.3
2846.4
2846.5
2846.6000000000004
2846.7000000000003
2846.8
2846.9
2847.
2847.1000000000004
2847.2000000000003
2847.3
2847.4
2847.5
2847.6000000000004
2847.7000000000003
2847.8
2847.9
2848.
2848.1000000000004
2848.2000000000003
2848.3
2848.4
2848.5
2848.6000000000004
2848.7000000000003
2848.8
2848.9
2849.
2849.1000000000004
2849.2000000000003
2849.3
2849.4
2849.5
2849.6000000000004
2849.7000000000003
2849.8
2849.9
2850.
2850.1000000000004
2850.2000000000003
2850.3
2850.4
2850.5
2850.6000000000004
2850.7000000000003
2850.8
2850.9
2851.
2851.1000000000004
2851.2000000000003
2851.3
2851.4
2851.5
2851.6000000000004
2851.7000000000003
2851.8
2851.9
2852.
2852.1000000000004
2852.2000000000003
2852.3
2852.4
2852.5
2852.6000000000004
2852.7000000000003
2852.8
2852.9
2853.
2853.1000000000004
2853.2000000000003
2853.3
2853.4
2853.5
2853.6000000000004
2853.7000000000003
2853.8
2853.9
2854.
2854.1000000000004
2854.2000000000003
2854.3
2854.4
2854.5
2854.6000000000004
2854.7000000000003
2854.8
2854.9
2855.
2855.1000000000004
2855.2000000000003
2855.3
2855.4
2855.5
2855.6000000000004
2855.7000000000003
2855.8
2855.9
2856.
2856.1000000000004
2856.2000000000003
2856.3
2856.4
2856.5
2856.6000000000004
2856.7000000000003
2856.8
2856.9
2857.
2857.1000000000004
2857.2000000000003
2857.3
2857.4
2857.5
2857.6000000000004
2857.7000000000003
2857.8
2857.9
2858.
2858.1000000000004
2858.2000000000003
2858.3
2858.4
2858.5
2858.6000000000004
2858.7000000000003
2858.8
2858.9
2859.
2859.1000000000004
2859.2000000000003
2859.3
2859.4
2859.5
2859.6000000000004
2859.7000000000003
2859.8
2859.9
2860.
2860.1000000000004
2860.2000000000003
2860.3
2860.4
2860.5
2860.6000000000004
2860.7000000000003
2860.8
2860.9
2861.
2861.1000000000004
2861.2000000000003
2861.3
2861.4
2861.5
2861.6000000000004
2861.7000000000003
2861.8
2861.9
2862.
2862.1000000000004
2862.2000000000003
2862.3
2862.4
2862.5
2862.6000000000004
2862.7000000000003
2862.8
2862.9
2863.
2863.1000000000004
2863.2000000000003
2863.3
2863.4
2863.5
2863.6000000000004
2863.7000000000003
2863.8
2863.9
2864.
2864.1000000000004
2864.2000000000003
2864.3
2864.4
2864.5
2864.6000000000004
2864.7000000000003
2864.8
2864.9
2865.
2865.1000000000004
2865.2000000000003
2865.3
2865.4
2865.5
2865.6000000000004
2865.7000000000003
2865.8
2865.9
2866.
2866.1000000000004
2866.2000000000003
2866.3
2866.4
2866.5
2866.6000000000004
2866.7000000000003
2866.8
2866.9
2867.
2867.1000000000004
2867.2000000000003
2867.3
2867.4
2867.5
2867.6000000000004
2867.7000000000003
2867.8
2867.9
2868.
2868.1000000000004
2868.2000000000003
2868.3
2868.4
2868.5
2868.6000000000004
2868.7000000000003
2868.8
2868.9
2869.
2869.1000000000004
2869.2000000000003
2869.3
2869.4
2869.5
2869.6000000000004
2869.7000000000003
2869.8
2869.9
2870.
2870.1000000000004
2870.2000000000003
2870.3
2870.4
2870.5
2870.6000000000004
2870.7000000000003
2870.8
2870.9
2871.
2871.1000000000004
2871.2000000000003
2871.3
2871.4
2871.5
2871.6000000000004
2871.7000000000003
2871.8
2871.9
2872.
2872.1000000000004
2872.2000000000003
2872.3
2872.4
2872.5
2872.6000000000004
2872.7000000000003
2872.8
2872.9
2873.
2873.1000000000004
2873.2000000000003
2873.3
2873.4
2873.5
2873.6000000000004
2873.7000000000003
2873.8
2873.9
2874.
2874.1000000000004
2874.2000000000003
2874.3
2874.4
2874.5
2874.6000000000004
2874.7000000000003
2874.8
2874.9
2875.
2875.1000000000004
2875.2000000000003
2875.3
2875.4
2875.5
2875.6000000000004
2875.7000000000003
2875.8
2875.9
2876.
2876.1000000000004
2876.2000000000003
2876.3
2876.4
2876.5
2876.6000000000004
2876.7000000000003
2876.8
2876.9
2877.
2877.1000000000004
2877.2000000000003
2877.3
2877.4
2877.5
2877.6000000000004
2877.7000000000003
2877.8
2877.9
2878.
2878.1000000000004
2878.2000000000003
2878.3
2878.4
2878.5
2878.6000000000004
2878.7000000000003
2878.8
2878.9
2879.
2879.1000000000004
2879.2000000000003
2879.3
2879.4
2879.5
2879.6000000000004
2879.7000000000003
2879.8
2879.9
2880.
2880.1000000000004
2880.2000000000003
2880.3
2880.4
2880.5
2880.6000000000004
2880.7000000000003
2880.8
2880.9
2881.
2881.1000000000004
2881.2000000000003
2881.3
2881.4
2881.5
2881.6000000000004
2881.7000000000003
2881.8
2881.9
2882.
2882.1000000000004
2882.2000000000003
2882.3
2882.4
2882.5
2882.6000000000004
2882.7000000000003
2882.8
2882.9
2883.
2883.1000000000004
2883.2000000000003
2883.3
2883.4
2883.5
2883.6000000000004
2883.7000000000003
2883.8
2883.9
2884.
2884.1000000000004
2884.2000000000003
2884.3
2884.4
2884.5
2884.6000000000004
2884.7000000000003
2884.8
2884.9
2885.
2885.1000000000004
2885.2000000000003
2885.3
2885.4
2885.5
2885.6000000000004
2885.7000000000003
2885.8
2885.9
2886.
2886.1000000000004
2886.2000000000003
2886.3
2886.4
2886.5
2886.6000000000004
2886.7000000000003
2886.8
2886.9
2887.
2887.1000000000004
2887.2000000000003
2887.3
2887.4
2887.5
2887.6000000000004
2887.7000000000003
2887.8
2887.9
2888.
2888.1000000000004
2888.2000000000003
2888.3
2888.4
2888.5
2888.6000000000004
2888.7000000000003
2888.8
2888.9
2889.
2889.1000000000004
2889.2000000000003
2889.3
2889.4
2889.5
2889.6000000000004
2889.7000000000003
2889.8
2889.9
2890.
2890.1000000000004
2890.2000000000003
2890.3
2890.4
2890.5
2890.6000000000004
2890.7000000000003
2890.8
2890.9
2891.
2891.1000000000004
2891.2000000000003
2891.3
2891.4
2891.5
2891.6000000000004
2891.7000000000003
2891.8
2891.9
2892.
2892.1000000000004
2892.2000000000003
2892.3
2892.4
2892.5
2892.6000000000004
2892.7000000000003
2892.8
2892.9
2893.
2893.1000000000004
2893.2000000000003
2893.3
2893.4
2893.5
2893.6000000000004
2893.7000000000003
2893.8
2893.9
2894.
2894.1000000000004
2894.2000000000003
2894.3
2894.4
2894.5
2894.6000000000004
2894.7000000000003
2894.8
2894.9
2895.
2895.1000000000004
2895.2000000000003
2895.3
2895.4
2895.5
2895.6000000000004
2895.7000000000003
2895.8
2895.9
2896.
2896.1000000000004
2896.2000000000003
2896.3
2896.4
2896.5
2896.6000000000004
2896.7000000000003
2896.8
2896.9
2897.
2897.1000000000004
2897.2000000000003
2897.3
2897.4
2897.5
2897.6000000000004
2897.7000000000003
2897.8
2897.9
2898.
2898.1000000000004
2898.2000000000003
2898.3
2898.4
2898.5
2898.6000000000004
2898.7000000000003
2898.8
2898.9
2899.
2899.1000000000004
2899.2000000000003
2899.3
2899.4
2899.5
2899.6000000000004
2899.7000000000003
2899.8
2899.9
2900.
2900.1000000000004
2900.2000000000003
2900.3
2900.4
2900.5
2900.6000000000004
2900.7000000000003
2900.8
2900.9
2901.
2901.1000000000004
2901.2000000000003
2901.3
2901.4
2901.5
2901.6000000000004
2901.7000000000003
2901.8
2901.9
2902.
2902.1000000000004
2902.2000000000003
2902.3
2902.4
2902.5
2902.6000000000004
2902.7000000000003
2902.8
2902.9
2903.
2903.1000000000004
2903.2000000000003
2903.3
2903.4
2903.5
2903.6000000000004
2903.7000000000003
2903.8
2903.9
2904.
2904.1000000000004
2904.2000000000003
2904.3
2904.4
2904.5
2904.6000000000004
2904.7000000000003
2904.8
2904.9
2905.
2905.1000000000004
2905.2000000000003
2905.3
2905.4
2905.5
2905.6000000000004
2905.7000000000003
2905.8
2905.9
2906.
2906.1000000000004
2906.2000000000003
2906.3
2906.4
2906.5
2906.6000000000004
2906.7000000000003
2906.8
2906.9
2907.
2907.1000000000004
2907.2000000000003
2907.3
2907.4
2907.5
2907.6000000000004
2907.7000000000003
2907.8
2907.9
2908.
2908.1000000000004
2908.2000000000003
2908.3
2908.4
2908.5
2908.6000000000004
2908.7000000000003
2908.8
2908.9
2909.
2909.1000000000004
2909.2000000000003
2909.3
2909.4
2909.5
2909.6000000000004
2909.7000000000003
2909.8
2909.9
2910.
2910.1000000000004
2910.2000000000003
2910.3
2910.4
2910.5
2910.6000000000004
2910.7000000000003
2910.8
2910.9
2911.
2911.1000000000004
2911.2000000000003
2911.3
2911.4
2911.5
2911.6000000000004
2911.7000000000003
2911.8
2911.9
2912.
2912.1000000000004
2912.2000000000003
2912.3
2912.4
2912.5
2912.6000000000004
2912.7000000000003
2912.8
2912.9
2913.
2913.1000000000004
2913.2000000000003
2913.3
2913.4
2913.5
2913.6000000000004
2913.7000000000003
2913.8
2913.9
2914.
2914.1000000000004
2914.2000000000003
2914.3
2914.4
2914.5
2914.6000000000004
2914.7000000000003
2914.8
2914.9
2915.
2915.1000000000004
2915.2000000000003
2915.3
2915.4
2915.5
2915.6000000000004
2915.7000000000003
2915.8
2915.9
2916.
2916.1000000000004
2916.2000000000003
2916.3
2916.4
2916.5
2916.6000000000004
2916.7000000000003
2916.8
2916.9
2917.
2917.1000000000004
2917.2000000000003
2917.3
2917.4
2917.5
2917.6000000000004
2917.7000000000003
2917.8
2917.9
2918.
2918.1000000000004
2918.2000000000003
2918.3
2918.4
2918.5
2918.6000000000004
2918.7000000000003
2918.8
2918.9
2919.
2919.1000000000004
2919.2000000000003
2919.3
2919.4
2919.5
2919.6000000000004
2919.7000000000003
2919.8
2919.9
2920.
2920.1000000000004
2920.2000000000003
2920.3
2920.4
2920.5
2920.6000000000004
2920.7000000000003
2920.8
2920.9
2921.
2921.1000000000004
2921.2000000000003
2921.3
2921.4
2921.5
2921.6000000000004
2921.7000000000003
2921.8
2921.9
2922.
2922.1000000000004
2922.2000000000003
2922.3
2922.4
2922.5
2922.6000000000004
2922.7000000000003
2922.8
2922.9
2923.
2923.1000000000004
2923.2000000000003
2923.3
2923.4
2923.5
2923.6000000000004
2923.7000000000003
2923.8
2923.9
2924.
2924.1000000000004
2924.2000000000003
2924.3
2924.4
2924.5
2924.6000000000004
2924.7000000000003
2924.8
2924.9
2925.
2925.1000000000004
2925.2000000000003
2925.3
2925.4
2925.5
2925.6000000000004
2925.7000000000003
2925.8
2925.9
2926.
2926.1000000000004
2926.2000000000003
2926.3
2926.4
2926.5
2926.6000000000004
2926.7000000000003
2926.8
2926.9
2927.
2927.1000000000004
2927.2000000000003
2927.3
2927.4
2927.5
2927.6000000000004
2927.7000000000003
2927.8
2927.9
2928.
2928.1000000000004
2928.2000000000003
2928.3
2928.4
2928.5
2928.6000000000004
2928.7000000000003
2928.8
2928.9
2929.
2929.1000000000004
2929.2000000000003
2929.3
2929.4
2929.5
2929.6000000000004
2929.7000000000003
2929.8
2929.9
2930.
2930.1000000000004
2930.2000000000003
2930.3
2930.4
2930.5
2930.6000000000004
2930.7000000000003
2930.8
2930.9
2931.
2931.1000000000004
2931.2000000000003
2931.3
2931.4
2931.5
2931.6000000000004
2931.7000000000003
2931.8
2931.9
2932.
2932.1000000000004
2932.2000000000003
2932.3
2932.4
2932.5
2932.6000000000004
2932.7000000000003
2932.8
2932.9
2933.
2933.1000000000004
2933.2000000000003
2933.3
2933.4
2933.5
2933.6000000000004
2933.7000000000003
2933.8
2933.9
2934.
2934.1000000000004
2934.2000000000003
2934.3
2934.4
2934.5
2934.6000000000004
2934.7000000000003
2934.8
2934.9
2935.
2935.1000000000004
2935.2000000000003
2935.3
2935.4
2935.5
2935.6000000000004
2935.7000000000003
2935.8
2935.9
2936.
2936.1000000000004
2936.2000000000003
2936.3
2936.4
2936.5
2936.6000000000004
2936.7000000000003
2936.8
2936.9
2937.
2937.1000000000004
2937.2000000000003
2937.3
2937.4
2937.5
2937.6000000000004
2937.7000000000003
2937.8
2937.9
2938.
2938.1000000000004
2938.2000000000003
2938.3
2938.4
2938.5
2938.6000000000004
2938.7000000000003
2938.8
2938.9
2939.
2939.1000000000004
2939.2000000000003
2939.3
2939.4
2939.5
2939.6000000000004
2939.7000000000003
2939.8
2939.9
2940.
2940.1000000000004
2940.2000000000003
2940.3
2940.4
2940.5
2940.6000000000004
2940.7000000000003
2940.8
2940.9
2941.
2941.1000000000004
2941.2000000000003
2941.3
2941.4
2941.5
2941.6000000000004
2941.7000000000003
2941.8
2941.9
2942.
2942.1000000000004
2942.2000000000003
2942.3
2942.4
2942.5
2942.6000000000004
2942.7000000000003
2942.8
2942.9
2943.
2943.1000000000004
2943.2000000000003
2943.3
2943.4
2943.5
2943.6000000000004
2943.7000000000003
2943.8
2943.9
2944.
2944.1000000000004
2944.2000000000003
2944.3
2944.4
2944.5
2944.6000000000004
2944.7000000000003
2944.8
2944.9
2945.
2945.1000000000004
2945.2000000000003
2945.3
2945.4
2945.5
2945.6000000000004
2945.7000000000003
2945.8
2945.9
2946.
2946.1000000000004
2946.2000000000003
2946.3
2946.4
2946.5
2946.6000000000004
2946.7000000000003
2946.8
2946.9
2947.
2947.1000000000004
2947.2000000000003
2947.3
2947.4
2947.5
2947.6000000000004
2947.7000000000003
2947.8
2947.9
2948.
2948.1000000000004
2948.2000000000003
2948.3
2948.4
2948.5
2948.6000000000004
2948.7000000000003
2948.8
2948.9
2949.
2949.1000000000004
2949.2000000000003
2949.3
2949.4
2949.5
2949.6000000000004
2949.7000000000003
2949.8
2949.9
2950.
2950.1000000000004
2950.2000000000003
2950.3
2950.4
2950.5
2950.6000000000004
2950.7000000000003
2950.8
2950.9
2951.
2951.1000000000004
2951.2000000000003
2951.3
2951.4
2951.5
2951.6000000000004
2951.7000000000003
2951.8
2951.9
2952.
2952.1000000000004
2952.2000000000003
2952.3
2952.4
2952.5
2952.6000000000004
2952.7000000000003
2952.8
2952.9
2953.
2953.1000000000004
2953.2000000000003
2953.3
2953.4
2953.5
2953.6000000000004
2953.7000000000003
2953.8
2953.9
2954.
2954.1000000000004
2954.2000000000003
2954.3
2954.4
2954.5
2954.6000000000004
2954.7000000000003
2954.8
2954.9
2955.
2955.1000000000004
2955.2000000000003
2955.3
2955.4
2955.5
2955.6000000000004
2955.7000000000003
2955.8
2955.9
2956.
2956.1000000000004
2956.2000000000003
2956.3
2956.4
2956.5
2956.6000000000004
2956.7000000000003
2956.8
2956.9
2957.
2957.1000000000004
2957.2000000000003
2957.3
2957.4
2957.5
2957.6000000000004
2957.7000000000003
2957.8
2957.9
2958.
2958.1000000000004
2958.2000000000003
2958.3
2958.4
2958.5
2958.6000000000004
2958.7000000000003
2958.8
2958.9
2959.
2959.1000000000004
2959.2000000000003
2959.3
2959.4
2959.5
2959.6000000000004
2959.7000000000003
2959.8
2959.9
2960.
2960.1000000000004
2960.2000000000003
2960.3
2960.4
2960.5
2960.6000000000004
2960.7000000000003
2960.8
2960.9
2961.
2961.1000000000004
2961.2000000000003
2961.3
2961.4
2961.5
2961.6000000000004
2961.7000000000003
2961.8
2961.9
2962.
2962.1000000000004
2962.2000000000003
2962.3
2962.4
2962.5
2962.6000000000004
2962.7000000000003
2962.8
2962.9
2963.
2963.1000000000004
2963.2000000000003
2963.3
2963.4
2963.5
2963.6000000000004
2963.7000000000003
2963.8
2963.9
2964.
2964.1000000000004
2964.2000000000003
2964.3
2964.4
2964.5
2964.6000000000004
2964.7000000000003
2964.8
2964.9
2965.
2965.1000000000004
2965.2000000000003
2965.3
2965.4
2965.5
2965.6000000000004
2965.7000000000003
2965.8
2965.9
2966.
2966.1000000000004
2966.2000000000003
2966.3
2966.4
2966.5
2966.6000000000004
2966.7000000000003
2966.8
2966.9
2967.
2967.1000000000004
2967.2000000000003
2967.3
2967.4
2967.5
2967.6000000000004
2967.7000000000003
2967.8
2967.9
2968.
2968.1000000000004
2968.2000000000003
2968.3
2968.4
2968.5
2968.6000000000004
2968.7000000000003
2968.8
2968.9
2969.
2969.1000000000004
2969.2000000000003
2969.3
2969.4
2969.5
2969.6000000000004
2969.7000000000003
2969.8
2969.9
2970.
2970.1000000000004
2970.2000000000003
2970.3
2970.4
2970.5
2970.6000000000004
2970.7000000000003
2970.8
2970.9
2971.
2971.1000000000004
2971.2000000000003
2971.3
2971.4
2971.5
2971.6000000000004
2971.7000000000003
2971.8
2971.9
2972.
2972.1000000000004
2972.2000000000003
2972.3
2972.4
2972.5
2972.6000000000004
2972.7000000000003
2972.8
2972.9
2973.
2973.1000000000004
2973.2000000000003
2973.3
2973.4
2973.5
2973.6000000000004
2973.7000000000003
2973.8
2973.9
2974.
2974.1000000000004
2974.2000000000003
2974.3
2974.4
2974.5
2974.6000000000004
2974.7000000000003
2974.8
2974.9
2975.
2975.1000000000004
2975.2000000000003
2975.3
2975.4
2975.5
2975.6000000000004
2975.7000000000003
2975.8
2975.9
2976.
2976.1000000000004
2976.2000000000003
2976.3
2976.4
2976.5
2976.6000000000004
2976.7000000000003
2976.8
2976.9
2977.
2977.1000000000004
2977.2000000000003
2977.3
2977.4
2977.5
2977.6000000000004
2977.7000000000003
2977.8
2977.9
2978.
2978.1000000000004
2978.2000000000003
2978.3
2978.4
2978.5
2978.6000000000004
2978.7000000000003
2978.8
2978.9
2979.
2979.1000000000004
2979.2000000000003
2979.3
2979.4
2979.5
2979.6000000000004
2979.7000000000003
2979.8
2979.9
2980.
2980.1000000000004
2980.2000000000003
2980.3
2980.4
2980.5
2980.6000000000004
2980.7000000000003
2980.8
2980.9
2981.
2981.1000000000004
2981.2000000000003
2981.3
2981.4
2981.5
2981.6000000000004
2981.7000000000003
2981.8
2981.9
2982.
2982.1000000000004
2982.2000000000003
2982.3
2982.4
2982.5
2982.6000000000004
2982.7000000000003
2982.8
2982.9
2983.
2983.1000000000004
2983.2000000000003
2983.3
2983.4
2983.5
2983.6000000000004
2983.7000000000003
2983.8
2983.9
2984.
2984.1000000000004
2984.2000000000003
2984.3
2984.4
2984.5
2984.6000000000004
2984.7000000000003
2984.8
2984.9
2985.
2985.1000000000004
2985.2000000000003
2985.3
2985.4
2985.5
2985.6000000000004
2985.7000000000003
2985.8
2985.9
2986.
2986.1000000000004
2986.2000000000003
2986.3
2986.4
2986.5
2986.6000000000004
2986.7000000000003
2986.8
2986.9
2987.
2987.1000000000004
2987.2000000000003
2987.3
2987.4
2987.5
2987.6000000000004
2987.7000000000003
2987.8
2987.9
2988.
2988.1000000000004
2988.2000000000003
2988.3
2988.4
2988.5
2988.6000000000004
2988.7000000000003
2988.8
2988.9
2989.
2989.1000000000004
2989.2000000000003
2989.3
2989.4
2989.5
2989.6000000000004
2989.7000000000003
2989.8
2989.9
2990.
2990.1000000000004
2990.2000000000003
2990.3
2990.4
2990.5
2990.6000000000004
2990.7000000000003
2990.8
2990.9
2991.
2991.1000000000004
2991.2000000000003
2991.3
2991.4
2991.5
2991.6000000000004
2991.7000000000003
2991.8
2991.9
2992.
2992.1000000000004
2992.2000000000003
2992.3
2992.4
2992.5
2992.6000000000004
2992.7000000000003
2992.8
2992.9
2993.
2993.1000000000004
2993.2000000000003
2993.3
2993.4
2993.5
2993.6000000000004
2993.7000000000003
2993.8
2993.9
2994.
2994.1000000000004
2994.2000000000003
2994.3
2994.4
2994.5
2994.6000000000004
2994.7000000000003
2994.8
2994.9
2995.
2995.1000000000004
2995.2000000000003
2995.3
2995.4
2995.5
2995.6000000000004
2995.7000000000003
2995.8
2995.9
2996.
2996.1000000000004
2996.2000000000003
2996.3
2996.4
2996.5
2996.6000000000004
2996.7000000000003
2996.8
2996.9
2997.
2997.1000000000004
2997.2000000000003
2997.3
2997.4
2997.5
2997.6000000000004
2997.7000000000003
2997.8
2997.9
2998.
2998.1000000000004
2998.2000000000003
2998.3
2998.4
2998.5
2998.6000000000004
2998.7000000000003
2998.8
2998.9
2999.
2999.1000000000004
2999.2000000000003
2999.3
2999.4
2999.5
2999.6000000000004
2999.7000000000003
2999.8
2999.9
3000.
3000.1000000000004
3000.2000000000003
3000.3
3000.4
3000.5
3000.6000000000004
3000.7000000000003
3000.8
3000.9
3001.
3001.1000000000004
3001.2000000000003
3001.3
3001.4
3001.5
3001.6000000000004
3001.7000000000003
3001.8
3001.9
3002.
3002.1000000000004
3002.2000000000003
3002.3
3002.4
3002.5
3002.6000000000004
3002.7000000000003
3002.8
3002.9
3003.
3003.1000000000004
3003.2000000000003
3003.3
3003.4
3003.5
3003.6000000000004
3003.7000000000003
3003.8
3003.9
3004.
3004.1000000000004
3004.2000000000003
3004.3
3004.4
3004.5
3004.6000000000004
3004.7000000000003
3004.8
3004.9
3005.
3005.1000000000004
3005.2000000000003
3005.3
3005.4
3005.5
3005.6000000000004
3005.7000000000003
3005.8
3005.9
3006.
3006.1000000000004
3006.2000000000003
3006.3
3006.4
3006.5
3006.6000000000004
3006.7000000000003
3006.8
3006.9
3007.
3007.1000000000004
3007.2000000000003
3007.3
3007.4
3007.5
3007.6000000000004
3007.7000000000003
3007.8
3007.9
3008.
3008.1000000000004
3008.2000000000003
3008.3
3008.4
3008.5
3008.6000000000004
3008.7000000000003
3008.8
3008.9
3009.
3009.1000000000004
3009.2000000000003
3009.3
3009.4
3009.5
3009.6000000000004
3009.7000000000003
3009.8
3009.9
3010.
3010.1000000000004
3010.2000000000003
3010.3
3010.4
3010.5
3010.6000000000004
3010.7000000000003
3010.8
3010.9
3011.
3011.1000000000004
3011.2000000000003
3011.3
3011.4
3011.5
3011.6000000000004
3011.7000000000003
3011.8
3011.9
3012.
3012.1000000000004
3012.2000000000003
3012.3
3012.4
3012.5
3012.6000000000004
3012.7000000000003
3012.8
3012.9
3013.
3013.1000000000004
3013.2000000000003
3013.3
3013.4
3013.5
3013.6000000000004
3013.7000000000003
3013.8
3013.9
3014.
3014.1000000000004
3014.2000000000003
3014.3
3014.4
3014.5
3014.6000000000004
3014.7000000000003
3014.8
3014.9
3015.
3015.1000000000004
3015.2000000000003
3015.3
3015.4
3015.5
3015.6000000000004
3015.7000000000003
3015.8
3015.9
3016.
3016.1000000000004
3016.2000000000003
3016.3
3016.4
3016.5
3016.6000000000004
3016.7000000000003
3016.8
3016.9
3017.
3017.1000000000004
3017.2000000000003
3017.3
3017.4
3017.5
3017.6000000000004
3017.7000000000003
3017.8
3017.9
3018.
3018.1000000000004
3018.2000000000003
3018.3
3018.4
3018.5
3018.6000000000004
3018.7000000000003
3018.8
3018.9
3019.
3019.1000000000004
3019.2000000000003
3019.3
3019.4
3019.5
3019.6000000000004
3019.7000000000003
3019.8
3019.9
3020.
3020.1000000000004
3020.2000000000003
3020.3
3020.4
3020.5
3020.6000000000004
3020.7000000000003
3020.8
3020.9
3021.
3021.1000000000004
3021.2000000000003
3021.3
3021.4
3021.5
3021.6000000000004
3021.7000000000003
3021.8
3021.9
3022.
3022.1000000000004
3022.2000000000003
3022.3
3022.4
3022.5
3022.6000000000004
3022.7000000000003
3022.8
3022.9
3023.
3023.1000000000004
3023.2000000000003
3023.3
3023.4
3023.5
3023.6000000000004
3023.7000000000003
3023.8
3023.9
3024.
3024.1000000000004
3024.2000000000003
3024.3
3024.4
3024.5
3024.6000000000004
3024.7000000000003
3024.8
3024.9
3025.
3025.1000000000004
3025.2000000000003
3025.3
3025.4
3025.5
3025.6000000000004
3025.7000000000003
3025.8
3025.9
3026.
3026.1000000000004
3026.2000000000003
3026.3
3026.4
3026.5
3026.6000000000004
3026.7000000000003
3026.8
3026.9
3027.
3027.1000000000004
3027.2000000000003
3027.3
3027.4
3027.5
3027.6000000000004
3027.7000000000003
3027.8
3027.9
3028.
3028.1000000000004
3028.2000000000003
3028.3
3028.4
3028.5
3028.6000000000004
3028.7000000000003
3028.8
3028.9
3029.
3029.1000000000004
3029.2000000000003
3029.3
3029.4
3029.5
3029.6000000000004
3029.7000000000003
3029.8
3029.9
3030.
3030.1000000000004
3030.2000000000003
3030.3
3030.4
3030.5
3030.6000000000004
3030.7000000000003
3030.8
3030.9
3031.
3031.1000000000004
3031.2000000000003
3031.3
3031.4
3031.5
3031.6000000000004
3031.7000000000003
3031.8
3031.9
3032.
3032.1000000000004
3032.2000000000003
3032.3
3032.4
3032.5
3032.6000000000004
3032.7000000000003
3032.8
3032.9
3033.
3033.1000000000004
3033.2000000000003
3033.3
3033.4
3033.5
3033.6000000000004
3033.7000000000003
3033.8
3033.9
3034.
3034.1000000000004
3034.2000000000003
3034.3
3034.4
3034.5
3034.6000000000004
3034.7000000000003
3034.8
3034.9
3035.
3035.1000000000004
3035.2000000000003
3035.3
3035.4
3035.5
3035.6000000000004
3035.7000000000003
3035.8
3035.9
3036.
3036.1000000000004
3036.2000000000003
3036.3
3036.4
3036.5
3036.6000000000004
3036.7000000000003
3036.8
3036.9
3037.
3037.1000000000004
3037.2000000000003
3037.3
3037.4
3037.5
3037.6000000000004
3037.7000000000003
3037.8
3037.9
3038.
3038.1000000000004
3038.2000000000003
3038.3
3038.4
3038.5
3038.6000000000004
3038.7000000000003
3038.8
3038.9
3039.
3039.1000000000004
3039.2000000000003
3039.3
3039.4
3039.5
3039.6000000000004
3039.7000000000003
3039.8
3039.9
3040.
3040.1000000000004
3040.2000000000003
3040.3
3040.4
3040.5
3040.6000000000004
3040.7000000000003
3040.8
3040.9
3041.
3041.1000000000004
3041.2000000000003
3041.3
3041.4
3041.5
3041.6000000000004
3041.7000000000003
3041.8
3041.9
3042.
3042.1000000000004
3042.2000000000003
3042.3
3042.4
3042.5
3042.6000000000004
3042.7000000000003
3042.8
3042.9
3043.
3043.1000000000004
3043.2000000000003
3043.3
3043.4
3043.5
3043.6000000000004
3043.7000000000003
3043.8
3043.9
3044.
3044.1000000000004
3044.2000000000003
3044.3
3044.4
3044.5
3044.6000000000004
3044.7000000000003
3044.8
3044.9
3045.
3045.1000000000004
3045.2000000000003
3045.3
3045.4
3045.5
3045.6000000000004
3045.7000000000003
3045.8
3045.9
3046.
3046.1000000000004
3046.2000000000003
3046.3
3046.4
3046.5
3046.6000000000004
3046.7000000000003
3046.8
3046.9
3047.
3047.1000000000004
3047.2000000000003
3047.3
3047.4
3047.5
3047.6000000000004
3047.7000000000003
3047.8
3047.9
3048.
3048.1000000000004
3048.2000000000003
3048.3
3048.4
3048.5
3048.6000000000004
3048.7000000000003
3048.8
3048.9
3049.
3049.1000000000004
3049.2000000000003
3049.3
3049.4
3049.5
3049.6000000000004
3049.7000000000003
3049.8
3049.9
3050.
3050.1000000000004
3050.2000000000003
3050.3
3050.4
3050.5
3050.6000000000004
3050.7000000000003
3050.8
3050.9
3051.
3051.1000000000004
3051.2000000000003
3051.3
3051.4
3051.5
3051.6000000000004
3051.7000000000003
3051.8
3051.9
3052.
3052.1000000000004
3052.2000000000003
3052.3
3052.4
3052.5
3052.6000000000004
3052.7000000000003
3052.8
3052.9
3053.
3053.1000000000004
3053.2000000000003
3053.3
3053.4
3053.5
3053.6000000000004
3053.7000000000003
3053.8
3053.9
3054.
3054.1000000000004
3054.2000000000003
3054.3
3054.4
3054.5
3054.6000000000004
3054.7000000000003
3054.8
3054.9
3055.
3055.1000000000004
3055.2000000000003
3055.3
3055.4
3055.5
3055.6000000000004
3055.7000000000003
3055.8
3055.9
3056.
3056.1000000000004
3056.2000000000003
3056.3
3056.4
3056.5
3056.6000000000004
3056.7000000000003
3056.8
3056.9
3057.
3057.1000000000004
3057.2000000000003
3057.3
3057.4
3057.5
3057.6000000000004
3057.7000000000003
3057.8
3057.9
3058.
3058.1000000000004
3058.2000000000003
3058.3
3058.4
3058.5
3058.6000000000004
3058.7000000000003
3058.8
3058.9
3059.
3059.1000000000004
3059.2000000000003
3059.3
3059.4
3059.5
3059.6000000000004
3059.7000000000003
3059.8
3059.9
3060.
3060.1000000000004
3060.2000000000003
3060.3
3060.4
3060.5
3060.6000000000004
3060.7000000000003
3060.8
3060.9
3061.
3061.1000000000004
3061.2000000000003
3061.3
3061.4
3061.5
3061.6000000000004
3061.7000000000003
3061.8
3061.9
3062.
3062.1000000000004
3062.2000000000003
3062.3
3062.4
3062.5
3062.6000000000004
3062.7000000000003
3062.8
3062.9
3063.
3063.1000000000004
3063.2000000000003
3063.3
3063.4
3063.5
3063.6000000000004
3063.7000000000003
3063.8
3063.9
3064.
3064.1000000000004
3064.2000000000003
3064.3
3064.4
3064.5
3064.6000000000004
3064.7000000000003
3064.8
3064.9
3065.
3065.1000000000004
3065.2000000000003
3065.3
3065.4
3065.5
3065.6000000000004
3065.7000000000003
3065.8
3065.9
3066.
3066.1000000000004
3066.2000000000003
3066.3
3066.4
3066.5
3066.6000000000004
3066.7000000000003
3066.8
3066.9
3067.
3067.1000000000004
3067.2000000000003
3067.3
3067.4
3067.5
3067.6000000000004
3067.7000000000003
3067.8
3067.9
3068.
3068.1000000000004
3068.2000000000003
3068.3
3068.4
3068.5
3068.6000000000004
3068.7000000000003
3068.8
3068.9
3069.
3069.1000000000004
3069.2000000000003
3069.3
3069.4
3069.5
3069.6000000000004
3069.7000000000003
3069.8
3069.9
3070.
3070.1000000000004
3070.2000000000003
3070.3
3070.4
3070.5
3070.6000000000004
3070.7000000000003
3070.8
3070.9
3071.
3071.1000000000004
3071.2000000000003
3071.3
3071.4
3071.5
3071.6000000000004
3071.7000000000003
3071.8
3071.9
3072.
3072.1000000000004
3072.2000000000003
3072.3
3072.4
3072.5
3072.6000000000004
3072.7000000000003
3072.8
3072.9
3073.
3073.1000000000004
3073.2000000000003
3073.3
3073.4
3073.5
3073.6000000000004
3073.7000000000003
3073.8
3073.9
3074.
3074.1000000000004
3074.2000000000003
3074.3
3074.4
3074.5
3074.6000000000004
3074.7000000000003
3074.8
3074.9
3075.
3075.1000000000004
3075.2000000000003
3075.3
3075.4
3075.5
3075.6000000000004
3075.7000000000003
3075.8
3075.9
3076.
3076.1000000000004
3076.2000000000003
3076.3
3076.4
3076.5
3076.6000000000004
3076.7000000000003
3076.8
3076.9
3077.
3077.1000000000004
3077.2000000000003
3077.3
3077.4
3077.5
3077.6000000000004
3077.7000000000003
3077.8
3077.9
3078.
3078.1000000000004
3078.2000000000003
3078.3
3078.4
3078.5
3078.6000000000004
3078.7000000000003
3078.8
3078.9
3079.
3079.1000000000004
3079.2000000000003
3079.3
3079.4
3079.5
3079.6000000000004
3079.7000000000003
3079.8
3079.9
3080.
3080.1000000000004
3080.2000000000003
3080.3
3080.4
3080.5
3080.6000000000004
3080.7000000000003
3080.8
3080.9
3081.
3081.1000000000004
3081.2000000000003
3081.3
3081.4
3081.5
3081.6000000000004
3081.7000000000003
3081.8
3081.9
3082.
3082.1000000000004
3082.2000000000003
3082.3
3082.4
3082.5
3082.6000000000004
3082.7000000000003
3082.8
3082.9
3083.
3083.1000000000004
3083.2000000000003
3083.3
3083.4
3083.5
3083.6000000000004
3083.7000000000003
3083.8
3083.9
3084.
3084.1000000000004
3084.2000000000003
3084.3
3084.4
3084.5
3084.6000000000004
3084.7000000000003
3084.8
3084.9
3085.
3085.1000000000004
3085.2000000000003
3085.3
3085.4
3085.5
3085.6000000000004
3085.7000000000003
3085.8
3085.9
3086.
3086.1000000000004
3086.2000000000003
3086.3
3086.4
3086.5
3086.6000000000004
3086.7000000000003
3086.8
3086.9
3087.
3087.1000000000004
3087.2000000000003
3087.3
3087.4
3087.5
3087.6000000000004
3087.7000000000003
3087.8
3087.9
3088.
3088.1000000000004
3088.2000000000003
3088.3
3088.4
3088.5
3088.6000000000004
3088.7000000000003
3088.8
3088.9
3089.
3089.1000000000004
3089.2000000000003
3089.3
3089.4
3089.5
3089.6000000000004
3089.7000000000003
3089.8
3089.9
3090.
3090.1000000000004
3090.2000000000003
3090.3
3090.4
3090.5
3090.6000000000004
3090.7000000000003
3090.8
3090.9
3091.
3091.1000000000004
3091.2000000000003
3091.3
3091.4
3091.5
3091.6000000000004
3091.7000000000003
3091.8
3091.9
3092.
3092.1000000000004
3092.2000000000003
3092.3
3092.4
3092.5
3092.6000000000004
3092.7000000000003
3092.8
3092.9
3093.
3093.1000000000004
3093.2000000000003
3093.3
3093.4
3093.5
3093.6000000000004
3093.7000000000003
3093.8
3093.9
3094.
3094.1000000000004
3094.2000000000003
3094.3
3094.4
3094.5
3094.6000000000004
3094.7000000000003
3094.8
3094.9
3095.
3095.1000000000004
3095.2000000000003
3095.3
3095.4
3095.5
3095.6000000000004
3095.7000000000003
3095.8
3095.9
3096.
3096.1000000000004
3096.2000000000003
3096.3
3096.4
3096.5
3096.6000000000004
3096.7000000000003
3096.8
3096.9
3097.
3097.1000000000004
3097.2000000000003
3097.3
3097.4
3097.5
3097.6000000000004
3097.7000000000003
3097.8
3097.9
3098.
3098.1000000000004
3098.2000000000003
3098.3
3098.4
3098.5
3098.6000000000004
3098.7000000000003
3098.8
3098.9
3099.
3099.1000000000004
3099.2000000000003
3099.3
3099.4
3099.5
3099.6000000000004
3099.7000000000003
3099.8
3099.9
3100.
3100.1000000000004
3100.2000000000003
3100.3
3100.4
3100.5
3100.6000000000004
3100.7000000000003
3100.8
3100.9
3101.
3101.1000000000004
3101.2000000000003
3101.3
3101.4
3101.5
3101.6000000000004
3101.7000000000003
3101.8
3101.9
3102.
3102.1000000000004
3102.2000000000003
3102.3
3102.4
3102.5
3102.6000000000004
3102.7000000000003
3102.8
3102.9
3103.
3103.1000000000004
3103.2000000000003
3103.3
3103.4
3103.5
3103.6000000000004
3103.7000000000003
3103.8
3103.9
3104.
3104.1000000000004
3104.2000000000003
3104.3
3104.4
3104.5
3104.6000000000004
3104.7000000000003
3104.8
3104.9
3105.
3105.1000000000004
3105.2000000000003
3105.3
3105.4
3105.5
3105.6000000000004
3105.7000000000003
3105.8
3105.9
3106.
3106.1000000000004
3106.2000000000003
3106.3
3106.4
3106.5
3106.6000000000004
3106.7000000000003
3106.8
3106.9
3107.
3107.1000000000004
3107.2000000000003
3107.3
3107.4
3107.5
3107.6000000000004
3107.7000000000003
3107.8
3107.9
3108.
3108.1000000000004
3108.2000000000003
3108.3
3108.4
3108.5
3108.6000000000004
3108.7000000000003
3108.8
3108.9
3109.
3109.1000000000004
3109.2000000000003
3109.3
3109.4
3109.5
3109.6000000000004
3109.7000000000003
3109.8
3109.9
3110.
3110.1000000000004
3110.2000000000003
3110.3
3110.4
3110.5
3110.6000000000004
3110.7000000000003
3110.8
3110.9
3111.
3111.1000000000004
3111.2000000000003
3111.3
3111.4
3111.5
3111.6000000000004
3111.7000000000003
3111.8
3111.9
3112.
3112.1000000000004
3112.2000000000003
3112.3
3112.4
3112.5
3112.6000000000004
3112.7000000000003
3112.8
3112.9
3113.
3113.1000000000004
3113.2000000000003
3113.3
3113.4
3113.5
3113.6000000000004
3113.7000000000003
3113.8
3113.9
3114.
3114.1000000000004
3114.2000000000003
3114.3
3114.4
3114.5
3114.6000000000004
3114.7000000000003
3114.8
3114.9
3115.
3115.1000000000004
3115.2000000000003
3115.3
3115.4
3115.5
3115.6000000000004
3115.7000000000003
3115.8
3115.9
3116.
3116.1000000000004
3116.2000000000003
3116.3
3116.4
3116.5
3116.6000000000004
3116.7000000000003
3116.8
3116.9
3117.
3117.1000000000004
3117.2000000000003
3117.3
3117.4
3117.5
3117.6000000000004
3117.7000000000003
3117.8
3117.9
3118.
3118.1000000000004
3118.2000000000003
3118.3
3118.4
3118.5
3118.6000000000004
3118.7000000000003
3118.8
3118.9
3119.
3119.1000000000004
3119.2000000000003
3119.3
3119.4
3119.5
3119.6000000000004
3119.7000000000003
3119.8
3119.9
3120.
3120.1000000000004
3120.2000000000003
3120.3
3120.4
3120.5
3120.6000000000004
3120.7000000000003
3120.8
3120.9
3121.
3121.1000000000004
3121.2000000000003
3121.3
3121.4
3121.5
3121.6000000000004
3121.7000000000003
3121.8
3121.9
3122.
3122.1000000000004
3122.2000000000003
3122.3
3122.4
3122.5
3122.6000000000004
3122.7000000000003
3122.8
3122.9
3123.
3123.1000000000004
3123.2000000000003
3123.3
3123.4
3123.5
3123.6000000000004
3123.7000000000003
3123.8
3123.9
3124.
3124.1000000000004
3124.2000000000003
3124.3
3124.4
3124.5
3124.6000000000004
3124.7000000000003
3124.8
3124.9
3125.
3125.1000000000004
3125.2000000000003
3125.3
3125.4
3125.5
3125.6000000000004
3125.7000000000003
3125.8
3125.9
3126.
3126.1000000000004
3126.2000000000003
3126.3
3126.4
3126.5
3126.6000000000004
3126.7000000000003
3126.8
3126.9
3127.
3127.1000000000004
3127.2000000000003
3127.3
3127.4
3127.5
3127.6000000000004
3127.7000000000003
3127.8
3127.9
3128.
3128.1000000000004
3128.2000000000003
3128.3
3128.4
3128.5
3128.6000000000004
3128.7000000000003
3128.8
3128.9
3129.
3129.1000000000004
3129.2000000000003
3129.3
3129.4
3129.5
3129.6000000000004
3129.7000000000003
3129.8
3129.9
3130.
3130.1000000000004
3130.2000000000003
3130.3
3130.4
3130.5
3130.6000000000004
3130.7000000000003
3130.8
3130.9
3131.
3131.1000000000004
3131.2000000000003
3131.3
3131.4
3131.5
3131.6000000000004
3131.7000000000003
3131.8
3131.9
3132.
3132.1000000000004
3132.2000000000003
3132.3
3132.4
3132.5
3132.6000000000004
3132.7000000000003
3132.8
3132.9
3133.
3133.1000000000004
3133.2000000000003
3133.3
3133.4
3133.5
3133.6000000000004
3133.7000000000003
3133.8
3133.9
3134.
3134.1000000000004
3134.2000000000003
3134.3
3134.4
3134.5
3134.6000000000004
3134.7000000000003
3134.8
3134.9
3135.
3135.1000000000004
3135.2000000000003
3135.3
3135.4
3135.5
3135.6000000000004
3135.7000000000003
3135.8
3135.9
3136.
3136.1000000000004
3136.2000000000003
3136.3
3136.4
3136.5
3136.6000000000004
3136.7000000000003
3136.8
3136.9
3137.
3137.1000000000004
3137.2000000000003
3137.3
3137.4
3137.5
3137.6000000000004
3137.7000000000003
3137.8
3137.9
3138.
3138.1000000000004
3138.2000000000003
3138.3
3138.4
3138.5
3138.6000000000004
3138.7000000000003
3138.8
3138.9
3139.
3139.1000000000004
3139.2000000000003
3139.3
3139.4
3139.5
3139.6000000000004
3139.7000000000003
3139.8
3139.9
3140.
3140.1000000000004
3140.2000000000003
3140.3
3140.4
3140.5
3140.6000000000004
3140.7000000000003
3140.8
3140.9
3141.
3141.1000000000004
3141.2000000000003
3141.3
3141.4
3141.5
3141.6000000000004
3141.7000000000003
3141.8
3141.9
3142.
3142.1000000000004
3142.2000000000003
3142.3
3142.4
3142.5
3142.6000000000004
3142.7000000000003
3142.8
3142.9
3143.
3143.1000000000004
3143.2000000000003
3143.3
3143.4
3143.5
3143.6000000000004
3143.7000000000003
3143.8
3143.9
3144.
3144.1000000000004
3144.2000000000003
3144.3
3144.4
3144.5
3144.6000000000004
3144.7000000000003
3144.8
3144.9
3145.
3145.1000000000004
3145.2000000000003
3145.3
3145.4
3145.5
3145.6000000000004
3145.7000000000003
3145.8
3145.9
3146.
3146.1000000000004
3146.2000000000003
3146.3
3146.4
3146.5
3146.6000000000004
3146.7000000000003
3146.8
3146.9
3147.
3147.1000000000004
3147.2000000000003
3147.3
3147.4
3147.5
3147.6000000000004
3147.7000000000003
3147.8
3147.9
3148.
3148.1000000000004
3148.2000000000003
3148.3
3148.4
3148.5
3148.6000000000004
3148.7000000000003
3148.8
3148.9
3149.
3149.1000000000004
3149.2000000000003
3149.3
3149.4
3149.5
3149.6000000000004
3149.7000000000003
3149.8
3149.9
3150.
3150.1000000000004
3150.2000000000003
3150.3
3150.4
3150.5
3150.6000000000004
3150.7000000000003
3150.8
3150.9
3151.
3151.1000000000004
3151.2000000000003
3151.3
3151.4
3151.5
3151.6000000000004
3151.7000000000003
3151.8
3151.9
3152.
3152.1000000000004
3152.2000000000003
3152.3
3152.4
3152.5
3152.6000000000004
3152.7000000000003
3152.8
3152.9
3153.
3153.1000000000004
3153.2000000000003
3153.3
3153.4
3153.5
3153.6000000000004
3153.7000000000003
3153.8
3153.9
3154.
3154.1000000000004
3154.2000000000003
3154.3
3154.4
3154.5
3154.6000000000004
3154.7000000000003
3154.8
3154.9
3155.
3155.1000000000004
3155.2000000000003
3155.3
3155.4
3155.5
3155.6000000000004
3155.7000000000003
3155.8
3155.9
3156.
3156.1000000000004
3156.2000000000003
3156.3
3156.4
3156.5
3156.6000000000004
3156.7000000000003
3156.8
3156.9
3157.
3157.1000000000004
3157.2000000000003
3157.3
3157.4
3157.5
3157.6000000000004
3157.7000000000003
3157.8
3157.9
3158.
3158.1000000000004
3158.2000000000003
3158.3
3158.4
3158.5
3158.6000000000004
3158.7000000000003
3158.8
3158.9
3159.
3159.1000000000004
3159.2000000000003
3159.3
3159.4
3159.5
3159.6000000000004
3159.7000000000003
3159.8
3159.9
3160.
3160.1000000000004
3160.2000000000003
3160.3
3160.4
3160.5
3160.6000000000004
3160.7000000000003
3160.8
3160.9
3161.
3161.1000000000004
3161.2000000000003
3161.3
3161.4
3161.5
3161.6000000000004
3161.7000000000003
3161.8
3161.9
3162.
3162.1000000000004
3162.2000000000003
3162.3
3162.4
3162.5
3162.6000000000004
3162.7000000000003
3162.8
3162.9
3163.
3163.1000000000004
3163.2000000000003
3163.3
3163.4
3163.5
3163.6000000000004
3163.7000000000003
3163.8
3163.9
3164.
3164.1000000000004
3164.2000000000003
3164.3
3164.4
3164.5
3164.6000000000004
3164.7000000000003
3164.8
3164.9
3165.
3165.1000000000004
3165.2000000000003
3165.3
3165.4
3165.5
3165.6000000000004
3165.7000000000003
3165.8
3165.9
3166.
3166.1000000000004
3166.2000000000003
3166.3
3166.4
3166.5
3166.6000000000004
3166.7000000000003
3166.8
3166.9
3167.
3167.1000000000004
3167.2000000000003
3167.3
3167.4
3167.5
3167.6000000000004
3167.7000000000003
3167.8
3167.9
3168.
3168.1000000000004
3168.2000000000003
3168.3
3168.4
3168.5
3168.6000000000004
3168.7000000000003
3168.8
3168.9
3169.
3169.1000000000004
3169.2000000000003
3169.3
3169.4
3169.5
3169.6000000000004
3169.7000000000003
3169.8
3169.9
3170.
3170.1000000000004
3170.2000000000003
3170.3
3170.4
3170.5
3170.6000000000004
3170.7000000000003
3170.8
3170.9
3171.
3171.1000000000004
3171.2000000000003
3171.3
3171.4
3171.5
3171.6000000000004
3171.7000000000003
3171.8
3171.9
3172.
3172.1000000000004
3172.2000000000003
3172.3
3172.4
3172.5
3172.6000000000004
3172.7000000000003
3172.8
3172.9
3173.
3173.1000000000004
3173.2000000000003
3173.3
3173.4
3173.5
3173.6000000000004
3173.7000000000003
3173.8
3173.9
3174.
3174.1000000000004
3174.2000000000003
3174.3
3174.4
3174.5
3174.6000000000004
3174.7000000000003
3174.8
3174.9
3175.
3175.1000000000004
3175.2000000000003
3175.3
3175.4
3175.5
3175.6000000000004
3175.7000000000003
3175.8
3175.9
3176.
3176.1000000000004
3176.2000000000003
3176.3
3176.4
3176.5
3176.6000000000004
3176.7000000000003
3176.8
3176.9
3177.
3177.1000000000004
3177.2000000000003
3177.3
3177.4
3177.5
3177.6000000000004
3177.7000000000003
3177.8
3177.9
3178.
3178.1000000000004
3178.2000000000003
3178.3
3178.4
3178.5
3178.6000000000004
3178.7000000000003
3178.8
3178.9
3179.
3179.1000000000004
3179.2000000000003
3179.3
3179.4
3179.5
3179.6000000000004
3179.7000000000003
3179.8
3179.9
3180.
3180.1000000000004
3180.2000000000003
3180.3
3180.4
3180.5
3180.6000000000004
3180.7000000000003
3180.8
3180.9
3181.
3181.1000000000004
3181.2000000000003
3181.3
3181.4
3181.5
3181.6000000000004
3181.7000000000003
3181.8
3181.9
3182.
3182.1000000000004
3182.2000000000003
3182.3
3182.4
3182.5
3182.6000000000004
3182.7000000000003
3182.8
3182.9
3183.
3183.1000000000004
3183.2000000000003
3183.3
3183.4
3183.5
3183.6000000000004
3183.7000000000003
3183.8
3183.9
3184.
3184.1000000000004
3184.2000000000003
3184.3
3184.4
3184.5
3184.6000000000004
3184.7000000000003
3184.8
3184.9
3185.
3185.1000000000004
3185.2000000000003
3185.3
3185.4
3185.5
3185.6000000000004
3185.7000000000003
3185.8
3185.9
3186.
3186.1000000000004
3186.2000000000003
3186.3
3186.4
3186.5
3186.6000000000004
3186.7000000000003
3186.8
3186.9
3187.
3187.1000000000004
3187.2000000000003
3187.3
3187.4
3187.5
3187.6000000000004
3187.7000000000003
3187.8
3187.9
3188.
3188.1000000000004
3188.2000000000003
3188.3
3188.4
3188.5
3188.6000000000004
3188.7000000000003
3188.8
3188.9
3189.
3189.1000000000004
3189.2000000000003
3189.3
3189.4
3189.5
3189.6000000000004
3189.7000000000003
3189.8
3189.9
3190.
3190.1000000000004
3190.2000000000003
3190.3
3190.4
3190.5
3190.6000000000004
3190.7000000000003
3190.8
3190.9
3191.
3191.1000000000004
3191.2000000000003
3191.3
3191.4
3191.5
3191.6000000000004
3191.7000000000003
3191.8
3191.9
3192.
3192.1000000000004
3192.2000000000003
3192.3
3192.4
3192.5
3192.6000000000004
3192.7000000000003
3192.8
3192.9
3193.
3193.1000000000004
3193.2000000000003
3193.3
3193.4
3193.5
3193.6000000000004
3193.7000000000003
3193.8
3193.9
3194.
3194.1000000000004
3194.2000000000003
3194.3
3194.4
3194.5
3194.6000000000004
3194.7000000000003
3194.8
3194.9
3195.
3195.1000000000004
3195.2000000000003
3195.3
3195.4
3195.5
3195.6000000000004
3195.7000000000003
3195.8
3195.9
3196.
3196.1000000000004
3196.2000000000003
3196.3
3196.4
3196.5
3196.6000000000004
3196.7000000000003
3196.8
3196.9
3197.
3197.1000000000004
3197.2000000000003
3197.3
3197.4
3197.5
3197.6000000000004
3197.7000000000003
3197.8
3197.9
3198.
3198.1000000000004
3198.2000000000003
3198.3
3198.4
3198.5
3198.6000000000004
3198.7000000000003
3198.8
3198.9
3199.
3199.1000000000004
3199.2000000000003
3199.3
3199.4
3199.5
3199.6000000000004
3199.7000000000003
3199.8
3199.9
3200.
3200.1000000000004
3200.2000000000003
3200.3
3200.4
3200.5
3200.6000000000004
3200.7000000000003
3200.8
3200.9
3201.
3201.1000000000004
3201.2000000000003
3201.3
3201.4
3201.5
3201.6000000000004
3201.7000000000003
3201.8
3201.9
3202.
3202.1000000000004
3202.2000000000003
3202.3
3202.4
3202.5
3202.6000000000004
3202.7000000000003
3202.8
3202.9
3203.
3203.1000000000004
3203.2000000000003
3203.3
3203.4
3203.5
3203.6000000000004
3203.7000000000003
3203.8
3203.9
3204.
3204.1000000000004
3204.2000000000003
3204.3
3204.4
3204.5
3204.6000000000004
3204.7000000000003
3204.8
3204.9
3205.
3205.1000000000004
3205.2000000000003
3205.3
3205.4
3205.5
3205.6000000000004
3205.7000000000003
3205.8
3205.9
3206.
3206.1000000000004
3206.2000000000003
3206.3
3206.4
3206.5
3206.6000000000004
3206.7000000000003
3206.8
3206.9
3207.
3207.1000000000004
3207.2000000000003
3207.3
3207.4
3207.5
3207.6000000000004
3207.7000000000003
3207.8
3207.9
3208.
3208.1000000000004
3208.2000000000003
3208.3
3208.4
3208.5
3208.6000000000004
3208.7000000000003
3208.8
3208.9
3209.
3209.1000000000004
3209.2000000000003
3209.3
3209.4
3209.5
3209.6000000000004
3209.7000000000003
3209.8
3209.9
3210.
3210.1000000000004
3210.2000000000003
3210.3
3210.4
3210.5
3210.6000000000004
3210.7000000000003
3210.8
3210.9
3211.
3211.1000000000004
3211.2000000000003
3211.3
3211.4
3211.5
3211.6000000000004
3211.7000000000003
3211.8
3211.9
3212.
3212.1000000000004
3212.2000000000003
3212.3
3212.4
3212.5
3212.6000000000004
3212.7000000000003
3212.8
3212.9
3213.
3213.1000000000004
3213.2000000000003
3213.3
3213.4
3213.5
3213.6000000000004
3213.7000000000003
3213.8
3213.9
3214.
3214.1000000000004
3214.2000000000003
3214.3
3214.4
3214.5
3214.6000000000004
3214.7000000000003
3214.8
3214.9
3215.
3215.1000000000004
3215.2000000000003
3215.3
3215.4
3215.5
3215.6000000000004
3215.7000000000003
3215.8
3215.9
3216.
3216.1000000000004
3216.2000000000003
3216.3
3216.4
3216.5
3216.6000000000004
3216.7000000000003
3216.8
3216.9
3217.
3217.1000000000004
3217.2000000000003
3217.3
3217.4
3217.5
3217.6000000000004
3217.7000000000003
3217.8
3217.9
3218.
3218.1000000000004
3218.2000000000003
3218.3
3218.4
3218.5
3218.6000000000004
3218.7000000000003
3218.8
3218.9
3219.
3219.1000000000004
3219.2000000000003
3219.3
3219.4
3219.5
3219.6000000000004
3219.7000000000003
3219.8
3219.9
3220.
3220.1000000000004
3220.2000000000003
3220.3
3220.4
3220.5
3220.6000000000004
3220.7000000000003
3220.8
3220.9
3221.
3221.1000000000004
3221.2000000000003
3221.3
3221.4
3221.5
3221.6000000000004
3221.7000000000003
3221.8
3221.9
3222.
3222.1000000000004
3222.2000000000003
3222.3
3222.4
3222.5
3222.6000000000004
3222.7000000000003
3222.8
3222.9
3223.
3223.1000000000004
3223.2000000000003
3223.3
3223.4
3223.5
3223.6000000000004
3223.7000000000003
3223.8
3223.9
3224.
3224.1000000000004
3224.2000000000003
3224.3
3224.4
3224.5
3224.6000000000004
3224.7000000000003
3224.8
3224.9
3225.
3225.1000000000004
3225.2000000000003
3225.3
3225.4
3225.5
3225.6000000000004
3225.7000000000003
3225.8
3225.9
3226.
3226.1000000000004
3226.2000000000003
3226.3
3226.4
3226.5
3226.6000000000004
3226.7000000000003
3226.8
3226.9
3227.
3227.1000000000004
3227.2000000000003
3227.3
3227.4
3227.5
3227.6000000000004
3227.7000000000003
3227.8
3227.9
3228.
3228.1000000000004
3228.2000000000003
3228.3
3228.4
3228.5
3228.6000000000004
3228.7000000000003
3228.8
3228.9
3229.
3229.1000000000004
3229.2000000000003
3229.3
3229.4
3229.5
3229.6000000000004
3229.7000000000003
3229.8
3229.9
3230.
3230.1000000000004
3230.2000000000003
3230.3
3230.4
3230.5
3230.6000000000004
3230.7000000000003
3230.8
3230.9
3231.
3231.1000000000004
3231.2000000000003
3231.3
3231.4
3231.5
3231.6000000000004
3231.7000000000003
3231.8
3231.9
3232.
3232.1000000000004
3232.2000000000003
3232.3
3232.4
3232.5
3232.6000000000004
3232.7000000000003
3232.8
3232.9
3233.
3233.1000000000004
3233.2000000000003
3233.3
3233.4
3233.5
3233.6000000000004
3233.7000000000003
3233.8
3233.9
3234.
3234.1000000000004
3234.2000000000003
3234.3
3234.4
3234.5
3234.6000000000004
3234.7000000000003
3234.8
3234.9
3235.
3235.1000000000004
3235.2000000000003
3235.3
3235.4
3235.5
3235.6000000000004
3235.7000000000003
3235.8
3235.9
3236.
3236.1000000000004
3236.2000000000003
3236.3
3236.4
3236.5
3236.6000000000004
3236.7000000000003
3236.8
3236.9
3237.
3237.1000000000004
3237.2000000000003
3237.3
3237.4
3237.5
3237.6000000000004
3237.7000000000003
3237.8
3237.9
3238.
3238.1000000000004
3238.2000000000003
3238.3
3238.4
3238.5
3238.6000000000004
3238.7000000000003
3238.8
3238.9
3239.
3239.1000000000004
3239.2000000000003
3239.3
3239.4
3239.5
3239.6000000000004
3239.7000000000003
3239.8
3239.9
3240.
3240.1000000000004
3240.2000000000003
3240.3
3240.4
3240.5
3240.6000000000004
3240.7000000000003
3240.8
3240.9
3241.
3241.1000000000004
3241.2000000000003
3241.3
3241.4
3241.5
3241.6000000000004
3241.7000000000003
3241.8
3241.9
3242.
3242.1000000000004
3242.2000000000003
3242.3
3242.4
3242.5
3242.6000000000004
3242.7000000000003
3242.8
3242.9
3243.
3243.1000000000004
3243.2000000000003
3243.3
3243.4
3243.5
3243.6000000000004
3243.7000000000003
3243.8
3243.9
3244.
3244.1000000000004
3244.2000000000003
3244.3
3244.4
3244.5
3244.6000000000004
3244.7000000000003
3244.8
3244.9
3245.
3245.1000000000004
3245.2000000000003
3245.3
3245.4
3245.5
3245.6000000000004
3245.7000000000003
3245.8
3245.9
3246.
3246.1000000000004
3246.2000000000003
3246.3
3246.4
3246.5
3246.6000000000004
3246.7000000000003
3246.8
3246.9
3247.
3247.1000000000004
3247.2000000000003
3247.3
3247.4
3247.5
3247.6000000000004
3247.7000000000003
3247.8
3247.9
3248.
3248.1000000000004
3248.2000000000003
3248.3
3248.4
3248.5
3248.6000000000004
3248.7000000000003
3248.8
3248.9
3249.
3249.1000000000004
3249.2000000000003
3249.3
3249.4
3249.5
3249.6000000000004
3249.7000000000003
3249.8
3249.9
3250.
3250.1000000000004
3250.2000000000003
3250.3
3250.4
3250.5
3250.6000000000004
3250.7000000000003
3250.8
3250.9
3251.
3251.1000000000004
3251.2000000000003
3251.3
3251.4
3251.5
3251.6000000000004
3251.7000000000003
3251.8
3251.9
3252.
3252.1000000000004
3252.2000000000003
3252.3
3252.4
3252.5
3252.6000000000004
3252.7000000000003
3252.8
3252.9
3253.
3253.1000000000004
3253.2000000000003
3253.3
3253.4
3253.5
3253.6000000000004
3253.7000000000003
3253.8
3253.9
3254.
3254.1000000000004
3254.2000000000003
3254.3
3254.4
3254.5
3254.6000000000004
3254.7000000000003
3254.8
3254.9
3255.
3255.1000000000004
3255.2000000000003
3255.3
3255.4
3255.5
3255.6000000000004
3255.7000000000003
3255.8
3255.9
3256.
3256.1000000000004
3256.2000000000003
3256.3
3256.4
3256.5
3256.6000000000004
3256.7000000000003
3256.8
3256.9
3257.
3257.1000000000004
3257.2000000000003
3257.3
3257.4
3257.5
3257.6000000000004
3257.7000000000003
3257.8
3257.9
3258.
3258.1000000000004
3258.2000000000003
3258.3
3258.4
3258.5
3258.6000000000004
3258.7000000000003
3258.8
3258.9
3259.
3259.1000000000004
3259.2000000000003
3259.3
3259.4
3259.5
3259.6000000000004
3259.7000000000003
3259.8
3259.9
3260.
3260.1000000000004
3260.2000000000003
3260.3
3260.4
3260.5
3260.6000000000004
3260.7000000000003
3260.8
3260.9
3261.
3261.1000000000004
3261.2000000000003
3261.3
3261.4
3261.5
3261.6000000000004
3261.7000000000003
3261.8
3261.9
3262.
3262.1000000000004
3262.2000000000003
3262.3
3262.4
3262.5
3262.6000000000004
3262.7000000000003
3262.8
3262.9
3263.
3263.1000000000004
3263.2000000000003
3263.3
3263.4
3263.5
3263.6000000000004
3263.7000000000003
3263.8
3263.9
3264.
3264.1000000000004
3264.2000000000003
3264.3
3264.4
3264.5
3264.6000000000004
3264.7000000000003
3264.8
3264.9
3265.
3265.1000000000004
3265.2000000000003
3265.3
3265.4
3265.5
3265.6000000000004
3265.7000000000003
3265.8
3265.9
3266.
3266.1000000000004
3266.2000000000003
3266.3
3266.4
3266.5
3266.6000000000004
3266.7000000000003
3266.8
3266.9
3267.
3267.1000000000004
3267.2000000000003
3267.3
3267.4
3267.5
3267.6000000000004
3267.7000000000003
3267.8
3267.9
3268.
3268.1000000000004
3268.2000000000003
3268.3
3268.4
3268.5
3268.6000000000004
3268.7000000000003
3268.8
3268.9
3269.
3269.1000000000004
3269.2000000000003
3269.3
3269.4
3269.5
3269.6000000000004
3269.7000000000003
3269.8
3269.9
3270.
3270.1000000000004
3270.2000000000003
3270.3
3270.4
3270.5
3270.6000000000004
3270.7000000000003
3270.8
3270.9
3271.
3271.1000000000004
3271.2000000000003
3271.3
3271.4
3271.5
3271.6000000000004
3271.7000000000003
3271.8
3271.9
3272.
3272.1000000000004
3272.2000000000003
3272.3
3272.4
3272.5
3272.6000000000004
3272.7000000000003
3272.8
3272.9
3273.
3273.1000000000004
3273.2000000000003
3273.3
3273.4
3273.5
3273.6000000000004
3273.7000000000003
3273.8
3273.9
3274.
3274.1000000000004
3274.2000000000003
3274.3
3274.4
3274.5
3274.6000000000004
3274.7000000000003
3274.8
3274.9
3275.
3275.1000000000004
3275.2000000000003
3275.3
3275.4
3275.5
3275.6000000000004
3275.7000000000003
3275.8
3275.9
3276.
3276.1000000000004
3276.2000000000003
3276.3
3276.4
3276.5
3276.6000000000004
3276.7000000000003
3276.8
3276.9
3277.
3277.1000000000004
3277.2000000000003
3277.3
3277.4
3277.5
3277.6000000000004
3277.7000000000003
3277.8
3277.9
3278.
3278.1000000000004
3278.2000000000003
3278.3
3278.4
3278.5
3278.6000000000004
3278.7000000000003
3278.8
3278.9
3279.
3279.1000000000004
3279.2000000000003
3279.3
3279.4
3279.5
3279.6000000000004
3279.7000000000003
3279.8
3279.9
3280.
3280.1000000000004
3280.2000000000003
3280.3
3280.4
3280.5
3280.6000000000004
3280.7000000000003
3280.8
3280.9
3281.
3281.1000000000004
3281.2000000000003
3281.3
3281.4
3281.5
3281.6000000000004
3281.7000000000003
3281.8
3281.9
3282.
3282.1000000000004
3282.2000000000003
3282.3
3282.4
3282.5
3282.6000000000004
3282.7000000000003
3282.8
3282.9
3283.
3283.1000000000004
3283.2000000000003
3283.3
3283.4
3283.5
3283.6000000000004
3283.7000000000003
3283.8
3283.9
3284.
3284.1000000000004
3284.2000000000003
3284.3
3284.4
3284.5
3284.6000000000004
3284.7000000000003
3284.8
3284.9
3285.
3285.1000000000004
3285.2000000000003
3285.3
3285.4
3285.5
3285.6000000000004
3285.7000000000003
3285.8
3285.9
3286.
3286.1000000000004
3286.2000000000003
3286.3
3286.4
3286.5
3286.6000000000004
3286.7000000000003
3286.8
3286.9
3287.
3287.1000000000004
3287.2000000000003
3287.3
3287.4
3287.5
3287.6000000000004
3287.7000000000003
3287.8
3287.9
3288.
3288.1000000000004
3288.2000000000003
3288.3
3288.4
3288.5
3288.6000000000004
3288.7000000000003
3288.8
3288.9
3289.
3289.1000000000004
3289.2000000000003
3289.3
3289.4
3289.5
3289.6000000000004
3289.7000000000003
3289.8
3289.9
3290.
3290.1000000000004
3290.2000000000003
3290.3
3290.4
3290.5
3290.6000000000004
3290.7000000000003
3290.8
3290.9
3291.
3291.1000000000004
3291.2000000000003
3291.3
3291.4
3291.5
3291.6000000000004
3291.7000000000003
3291.8
3291.9
3292.
3292.1000000000004
3292.2000000000003
3292.3
3292.4
3292.5
3292.6000000000004
3292.7000000000003
3292.8
3292.9
3293.
3293.1000000000004
3293.2000000000003
3293.3
3293.4
3293.5
3293.6000000000004
3293.7000000000003
3293.8
3293.9
3294.
3294.1000000000004
3294.2000000000003
3294.3
3294.4
3294.5
3294.6000000000004
3294.7000000000003
3294.8
3294.9
3295.
3295.1000000000004
3295.2000000000003
3295.3
3295.4
3295.5
3295.6000000000004
3295.7000000000003
3295.8
3295.9
3296.
3296.1000000000004
3296.2000000000003
3296.3
3296.4
3296.5
3296.6000000000004
3296.7000000000003
3296.8
3296.9
3297.
3297.1000000000004
3297.2000000000003
3297.3
3297.4
3297.5
3297.6000000000004
3297.7000000000003
3297.8
3297.9
3298.
3298.1000000000004
3298.2000000000003
3298.3
3298.4
3298.5
3298.6000000000004
3298.7000000000003
3298.8
3298.9
3299.
3299.1000000000004
3299.2000000000003
3299.3
3299.4
3299.5
3299.6000000000004
3299.7000000000003
3299.8
3299.9
3300.
3300.1000000000004
3300.2000000000003
3300.3
3300.4
3300.5
3300.6000000000004
3300.7000000000003
3300.8
3300.9
3301.
3301.1000000000004
3301.2000000000003
3301.3
3301.4
3301.5
3301.6000000000004
3301.7000000000003
3301.8
3301.9
3302.
3302.1000000000004
3302.2000000000003
3302.3
3302.4
3302.5
3302.6000000000004
3302.7000000000003
3302.8
3302.9
3303.
3303.1000000000004
3303.2000000000003
3303.3
3303.4
3303.5
3303.6000000000004
3303.7000000000003
3303.8
3303.9
3304.
3304.1000000000004
3304.2000000000003
3304.3
3304.4
3304.5
3304.6000000000004
3304.7000000000003
3304.8
3304.9
3305.
3305.1000000000004
3305.2000000000003
3305.3
3305.4
3305.5
3305.6000000000004
3305.7000000000003
3305.8
3305.9
3306.
3306.1000000000004
3306.2000000000003
3306.3
3306.4
3306.5
3306.6000000000004
3306.7000000000003
3306.8
3306.9
3307.
3307.1000000000004
3307.2000000000003
3307.3
3307.4
3307.5
3307.6000000000004
3307.7000000000003
3307.8
3307.9
3308.
3308.1000000000004
3308.2000000000003
3308.3
3308.4
3308.5
3308.6000000000004
3308.7000000000003
3308.8
3308.9
3309.
3309.1000000000004
3309.2000000000003
3309.3
3309.4
3309.5
3309.6000000000004
3309.7000000000003
3309.8
3309.9
3310.
3310.1000000000004
3310.2000000000003
3310.3
3310.4
3310.5
3310.6000000000004
3310.7000000000003
3310.8
3310.9
3311.
3311.1000000000004
3311.2000000000003
3311.3
3311.4
3311.5
3311.6000000000004
3311.7000000000003
3311.8
3311.9
3312.
3312.1000000000004
3312.2000000000003
3312.3
3312.4
3312.5
3312.6000000000004
3312.7000000000003
3312.8
3312.9
3313.
3313.1000000000004
3313.2000000000003
3313.3
3313.4
3313.5
3313.6000000000004
3313.7000000000003
3313.8
3313.9
3314.
3314.1000000000004
3314.2000000000003
3314.3
3314.4
3314.5
3314.6000000000004
3314.7000000000003
3314.8
3314.9
3315.
3315.1000000000004
3315.2000000000003
3315.3
3315.4
3315.5
3315.6000000000004
3315.7000000000003
3315.8
3315.9
3316.
3316.1000000000004
3316.2000000000003
3316.3
3316.4
3316.5
3316.6000000000004
3316.7000000000003
3316.8
3316.9
3317.
3317.1000000000004
3317.2000000000003
3317.3
3317.4
3317.5
3317.6000000000004
3317.7000000000003
3317.8
3317.9
3318.
3318.1000000000004
3318.2000000000003
3318.3
3318.4
3318.5
3318.6000000000004
3318.7000000000003
3318.8
3318.9
3319.
3319.1000000000004
3319.2000000000003
3319.3
3319.4
3319.5
3319.6000000000004
3319.7000000000003
3319.8
3319.9
3320.
3320.1000000000004
3320.2000000000003
3320.3
3320.4
3320.5
3320.6000000000004
3320.7000000000003
3320.8
3320.9
3321.
3321.1000000000004
3321.2000000000003
3321.3
3321.4
3321.5
3321.6000000000004
3321.7000000000003
3321.8
3321.9
3322.
3322.1000000000004
3322.2000000000003
3322.3
3322.4
3322.5
3322.6000000000004
3322.7000000000003
3322.8
3322.9
3323.
3323.1000000000004
3323.2000000000003
3323.3
3323.4
3323.5
3323.6000000000004
3323.7000000000003
3323.8
3323.9
3324.
3324.1000000000004
3324.2000000000003
3324.3
3324.4
3324.5
3324.6000000000004
3324.7000000000003
3324.8
3324.9
3325.
3325.1000000000004
3325.2000000000003
3325.3
3325.4
3325.5
3325.6000000000004
3325.7000000000003
3325.8
3325.9
3326.
3326.1000000000004
3326.2000000000003
3326.3
3326.4
3326.5
3326.6000000000004
3326.7000000000003
3326.8
3326.9
3327.
3327.1000000000004
3327.2000000000003
3327.3
3327.4
3327.5
3327.6000000000004
3327.7000000000003
3327.8
3327.9
3328.
3328.1000000000004
3328.2000000000003
3328.3
3328.4
3328.5
3328.6000000000004
3328.7000000000003
3328.8
3328.9
3329.
3329.1000000000004
3329.2000000000003
3329.3
3329.4
3329.5
3329.6000000000004
3329.7000000000003
3329.8
3329.9
3330.
3330.1000000000004
3330.2000000000003
3330.3
3330.4
3330.5
3330.6000000000004
3330.7000000000003
3330.8
3330.9
3331.
3331.1000000000004
3331.2000000000003
3331.3
3331.4
3331.5
3331.6000000000004
3331.7000000000003
3331.8
3331.9
3332.
3332.1000000000004
3332.2000000000003
3332.3
3332.4
3332.5
3332.6000000000004
3332.7000000000003
3332.8
3332.9
3333.
3333.1000000000004
3333.2000000000003
3333.3
3333.4
3333.5
3333.6000000000004
3333.7000000000003
3333.8
3333.9
3334.
3334.1000000000004
3334.2000000000003
3334.3
3334.4
3334.5
3334.6000000000004
3334.7000000000003
3334.8
3334.9
3335.
3335.1000000000004
3335.2000000000003
3335.3
3335.4
3335.5
3335.6000000000004
3335.7000000000003
3335.8
3335.9
3336.
3336.1000000000004
3336.2000000000003
3336.3
3336.4
3336.5
3336.6000000000004
3336.7000000000003
3336.8
3336.9
3337.
3337.1000000000004
3337.2000000000003
3337.3
3337.4
3337.5
3337.6000000000004
3337.7000000000003
3337.8
3337.9
3338.
3338.1000000000004
3338.2000000000003
3338.3
3338.4
3338.5
3338.6000000000004
3338.7000000000003
3338.8
3338.9
3339.
3339.1000000000004
3339.2000000000003
3339.3
3339.4
3339.5
3339.6000000000004
3339.7000000000003
3339.8
3339.9
3340.
3340.1000000000004
3340.2000000000003
3340.3
3340.4
3340.5
3340.6000000000004
3340.7000000000003
3340.8
3340.9
3341.
3341.1000000000004
3341.2000000000003
3341.3
3341.4
3341.5
3341.6000000000004
3341.7000000000003
3341.8
3341.9
3342.
3342.1000000000004
3342.2000000000003
3342.3
3342.4
3342.5
3342.6000000000004
3342.7000000000003
3342.8
3342.9
3343.
3343.1000000000004
3343.2000000000003
3343.3
3343.4
3343.5
3343.6000000000004
3343.7000000000003
3343.8
3343.9
3344.
3344.1000000000004
3344.2000000000003
3344.3
3344.4
3344.5
3344.6000000000004
3344.7000000000003
3344.8
3344.9
3345.
3345.1000000000004
3345.2000000000003
3345.3
3345.4
3345.5
3345.6000000000004
3345.7000000000003
3345.8
3345.9
3346.
3346.1000000000004
3346.2000000000003
3346.3
3346.4
3346.5
3346.6000000000004
3346.7000000000003
3346.8
3346.9
3347.
3347.1000000000004
3347.2000000000003
3347.3
3347.4
3347.5
3347.6000000000004
3347.7000000000003
3347.8
3347.9
3348.
3348.1000000000004
3348.2000000000003
3348.3
3348.4
3348.5
3348.6000000000004
3348.7000000000003
3348.8
3348.9
3349.
3349.1000000000004
3349.2000000000003
3349.3
3349.4
3349.5
3349.6000000000004
3349.7000000000003
3349.8
3349.9
3350.
3350.1000000000004
3350.2000000000003
3350.3
3350.4
3350.5
3350.6000000000004
3350.7000000000003
3350.8
3350.9
3351.
3351.1000000000004
3351.2000000000003
3351.3
3351.4
3351.5
3351.6000000000004
3351.7000000000003
3351.8
3351.9
3352.
3352.1000000000004
3352.2000000000003
3352.3
3352.4
3352.5
3352.6000000000004
3352.7000000000003
3352.8
3352.9
3353.
3353.1000000000004
3353.2000000000003
3353.3
3353.4
3353.5
3353.6000000000004
3353.7000000000003
3353.8
3353.9
3354.
3354.1000000000004
3354.2000000000003
3354.3
3354.4
3354.5
3354.6000000000004
3354.7000000000003
3354.8
3354.9
3355.
3355.1000000000004
3355.2000000000003
3355.3
3355.4
3355.5
3355.6000000000004
3355.7000000000003
3355.8
3355.9
3356.
3356.1000000000004
3356.2000000000003
3356.3
3356.4
3356.5
3356.6000000000004
3356.7000000000003
3356.8
3356.9
3357.
3357.1000000000004
3357.2000000000003
3357.3
3357.4
3357.5
3357.6000000000004
3357.7000000000003
3357.8
3357.9
3358.
3358.1000000000004
3358.2000000000003
3358.3
3358.4
3358.5
3358.6000000000004
3358.7000000000003
3358.8
3358.9
3359.
3359.1000000000004
3359.2000000000003
3359.3
3359.4
3359.5
3359.6000000000004
3359.7000000000003
3359.8
3359.9
3360.
3360.1000000000004
3360.2000000000003
3360.3
3360.4
3360.5
3360.6000000000004
3360.7000000000003
3360.8
3360.9
3361.
3361.1000000000004
3361.2000000000003
3361.3
3361.4
3361.5
3361.6000000000004
3361.7000000000003
3361.8
3361.9
3362.
3362.1000000000004
3362.2000000000003
3362.3
3362.4
3362.5
3362.6000000000004
3362.7000000000003
3362.8
3362.9
3363.
3363.1000000000004
3363.2000000000003
3363.3
3363.4
3363.5
3363.6000000000004
3363.7000000000003
3363.8
3363.9
3364.
3364.1000000000004
3364.2000000000003
3364.3
3364.4
3364.5
3364.6000000000004
3364.7000000000003
3364.8
3364.9
3365.
3365.1000000000004
3365.2000000000003
3365.3
3365.4
3365.5
3365.6000000000004
3365.7000000000003
3365.8
3365.9
3366.
3366.1000000000004
3366.2000000000003
3366.3
3366.4
3366.5
3366.6000000000004
3366.7000000000003
3366.8
3366.9
3367.
3367.1000000000004
3367.2000000000003
3367.3
3367.4
3367.5
3367.6000000000004
3367.7000000000003
3367.8
3367.9
3368.
3368.1000000000004
3368.2000000000003
3368.3
3368.4
3368.5
3368.6000000000004
3368.7000000000003
3368.8
3368.9
3369.
3369.1000000000004
3369.2000000000003
3369.3
3369.4
3369.5
3369.6000000000004
3369.7000000000003
3369.8
3369.9
3370.
3370.1000000000004
3370.2000000000003
3370.3
3370.4
3370.5
3370.6000000000004
3370.7000000000003
3370.8
3370.9
3371.
3371.1000000000004
3371.2000000000003
3371.3
3371.4
3371.5
3371.6000000000004
3371.7000000000003
3371.8
3371.9
3372.
3372.1000000000004
3372.2000000000003
3372.3
3372.4
3372.5
3372.6000000000004
3372.7000000000003
3372.8
3372.9
3373.
3373.1000000000004
3373.2000000000003
3373.3
3373.4
3373.5
3373.6000000000004
3373.7000000000003
3373.8
3373.9
3374.
3374.1000000000004
3374.2000000000003
3374.3
3374.4
3374.5
3374.6000000000004
3374.7000000000003
3374.8
3374.9
3375.
3375.1000000000004
3375.2000000000003
3375.3
3375.4
3375.5
3375.6000000000004
3375.7000000000003
3375.8
3375.9
3376.
3376.1000000000004
3376.2000000000003
3376.3
3376.4
3376.5
3376.6000000000004
3376.7000000000003
3376.8
3376.9
3377.
3377.1000000000004
3377.2000000000003
3377.3
3377.4
3377.5
3377.6000000000004
3377.7000000000003
3377.8
3377.9
3378.
3378.1000000000004
3378.2000000000003
3378.3
3378.4
3378.5
3378.6000000000004
3378.7000000000003
3378.8
3378.9
3379.
3379.1000000000004
3379.2000000000003
3379.3
3379.4
3379.5
3379.6000000000004
3379.7000000000003
3379.8
3379.9
3380.
3380.1000000000004
3380.2000000000003
3380.3
3380.4
3380.5
3380.6000000000004
3380.7000000000003
3380.8
3380.9
3381.
3381.1000000000004
3381.2000000000003
3381.3
3381.4
3381.5
3381.6000000000004
3381.7000000000003
3381.8
3381.9
3382.
3382.1000000000004
3382.2000000000003
3382.3
3382.4
3382.5
3382.6000000000004
3382.7000000000003
3382.8
3382.9
3383.
3383.1000000000004
3383.2000000000003
3383.3
3383.4
3383.5
3383.6000000000004
3383.7000000000003
3383.8
3383.9
3384.
3384.1000000000004
3384.2000000000003
3384.3
3384.4
3384.5
3384.6000000000004
3384.7000000000003
3384.8
3384.9
3385.
3385.1000000000004
3385.2000000000003
3385.3
3385.4
3385.5
3385.6000000000004
3385.7000000000003
3385.8
3385.9
3386.
3386.1000000000004
3386.2000000000003
3386.3
3386.4
3386.5
3386.6000000000004
3386.7000000000003
3386.8
3386.9
3387.
3387.1000000000004
3387.2000000000003
3387.3
3387.4
3387.5
3387.6000000000004
3387.7000000000003
3387.8
3387.9
3388.
3388.1000000000004
3388.2000000000003
3388.3
3388.4
3388.5
3388.6000000000004
3388.7000000000003
3388.8
3388.9
3389.
3389.1000000000004
3389.2000000000003
3389.3
3389.4
3389.5
3389.6000000000004
3389.7000000000003
3389.8
3389.9
3390.
3390.1000000000004
3390.2000000000003
3390.3
3390.4
3390.5
3390.6000000000004
3390.7000000000003
3390.8
3390.9
3391.
3391.1000000000004
3391.2000000000003
3391.3
3391.4
3391.5
3391.6000000000004
3391.7000000000003
3391.8
3391.9
3392.
3392.1000000000004
3392.2000000000003
3392.3
3392.4
3392.5
3392.6000000000004
3392.7000000000003
3392.8
3392.9
3393.
3393.1000000000004
3393.2000000000003
3393.3
3393.4
3393.5
3393.6000000000004
3393.7000000000003
3393.8
3393.9
3394.
3394.1000000000004
3394.2000000000003
3394.3
3394.4
3394.5
3394.6000000000004
3394.7000000000003
3394.8
3394.9
3395.
3395.1000000000004
3395.2000000000003
3395.3
3395.4
3395.5
3395.6000000000004
3395.7000000000003
3395.8
3395.9
3396.
3396.1000000000004
3396.2000000000003
3396.3
3396.4
3396.5
3396.6000000000004
3396.7000000000003
3396.8
3396.9
3397.
3397.1000000000004
3397.2000000000003
3397.3
3397.4
3397.5
3397.6000000000004
3397.7000000000003
3397.8
3397.9
3398.
3398.1000000000004
3398.2000000000003
3398.3
3398.4
3398.5
3398.6000000000004
3398.7000000000003
3398.8
3398.9
3399.
3399.1000000000004
3399.2000000000003
3399.3
3399.4
3399.5
3399.6000000000004
3399.7000000000003
3399.8
3399.9
3400.
3400.1000000000004
3400.2000000000003
3400.3
3400.4
3400.5
3400.6000000000004
3400.7000000000003
3400.8
3400.9
3401.
3401.1000000000004
3401.2000000000003
3401.3
3401.4
3401.5
3401.6000000000004
3401.7000000000003
3401.8
3401.9
3402.
3402.1000000000004
3402.2000000000003
3402.3
3402.4
3402.5
3402.6000000000004
3402.7000000000003
3402.8
3402.9
3403.
3403.1000000000004
3403.2000000000003
3403.3
3403.4
3403.5
3403.6000000000004
3403.7000000000003
3403.8
3403.9
3404.
3404.1000000000004
3404.2000000000003
3404.3
3404.4
3404.5
3404.6000000000004
3404.7000000000003
3404.8
3404.9
3405.
3405.1000000000004
3405.2000000000003
3405.3
3405.4
3405.5
3405.6000000000004
3405.7000000000003
3405.8
3405.9
3406.
3406.1000000000004
3406.2000000000003
3406.3
3406.4
3406.5
3406.6000000000004
3406.7000000000003
3406.8
3406.9
3407.
3407.1000000000004
3407.2000000000003
3407.3
3407.4
3407.5
3407.6000000000004
3407.7000000000003
3407.8
3407.9
3408.
3408.1000000000004
3408.2000000000003
3408.3
3408.4
3408.5
3408.6000000000004
3408.7000000000003
3408.8
3408.9
3409.
3409.1000000000004
3409.2000000000003
3409.3
3409.4
3409.5
3409.6000000000004
3409.7000000000003
3409.8
3409.9
3410.
3410.1000000000004
3410.2000000000003
3410.3
3410.4
3410.5
3410.6000000000004
3410.7000000000003
3410.8
3410.9
3411.
3411.1000000000004
3411.2000000000003
3411.3
3411.4
3411.5
3411.6000000000004
3411.7000000000003
3411.8
3411.9
3412.
3412.1000000000004
3412.2000000000003
3412.3
3412.4
3412.5
3412.6000000000004
3412.7000000000003
3412.8
3412.9
3413.
3413.1000000000004
3413.2000000000003
3413.3
3413.4
3413.5
3413.6000000000004
3413.7000000000003
3413.8
3413.9
3414.
3414.1000000000004
3414.2000000000003
3414.3
3414.4
3414.5
3414.6000000000004
3414.7000000000003
3414.8
3414.9
3415.
3415.1000000000004
3415.2000000000003
3415.3
3415.4
3415.5
3415.6000000000004
3415.7000000000003
3415.8
3415.9
3416.
3416.1000000000004
3416.2000000000003
3416.3
3416.4
3416.5
3416.6000000000004
3416.7000000000003
3416.8
3416.9
3417.
3417.1000000000004
3417.2000000000003
3417.3
3417.4
3417.5
3417.6000000000004
3417.7000000000003
3417.8
3417.9
3418.
3418.1000000000004
3418.2000000000003
3418.3
3418.4
3418.5
3418.6000000000004
3418.7000000000003
3418.8
3418.9
3419.
3419.1000000000004
3419.2000000000003
3419.3
3419.4
3419.5
3419.6000000000004
3419.7000000000003
3419.8
3419.9
3420.
3420.1000000000004
3420.2000000000003
3420.3
3420.4
3420.5
3420.6000000000004
3420.7000000000003
3420.8
3420.9
3421.
3421.1000000000004
3421.2000000000003
3421.3
3421.4
3421.5
3421.6000000000004
3421.7000000000003
3421.8
3421.9
3422.
3422.1000000000004
3422.2000000000003
3422.3
3422.4
3422.5
3422.6000000000004
3422.7000000000003
3422.8
3422.9
3423.
3423.1000000000004
3423.2000000000003
3423.3
3423.4
3423.5
3423.6000000000004
3423.7000000000003
3423.8
3423.9
3424.
3424.1000000000004
3424.2000000000003
3424.3
3424.4
3424.5
3424.6000000000004
3424.7000000000003
3424.8
3424.9
3425.
3425.1000000000004
3425.2000000000003
3425.3
3425.4
3425.5
3425.6000000000004
3425.7000000000003
3425.8
3425.9
3426.
3426.1000000000004
3426.2000000000003
3426.3
3426.4
3426.5
3426.6000000000004
3426.7000000000003
3426.8
3426.9
3427.
3427.1000000000004
3427.2000000000003
3427.3
3427.4
3427.5
3427.6000000000004
3427.7000000000003
3427.8
3427.9
3428.
3428.1000000000004
3428.2000000000003
3428.3
3428.4
3428.5
3428.6000000000004
3428.7000000000003
3428.8
3428.9
3429.
3429.1000000000004
3429.2000000000003
3429.3
3429.4
3429.5
3429.6000000000004
3429.7000000000003
3429.8
3429.9
3430.
3430.1000000000004
3430.2000000000003
3430.3
3430.4
3430.5
3430.6000000000004
3430.7000000000003
3430.8
3430.9
3431.
3431.1000000000004
3431.2000000000003
3431.3
3431.4
3431.5
3431.6000000000004
3431.7000000000003
3431.8
3431.9
3432.
3432.1000000000004
3432.2000000000003
3432.3
3432.4
3432.5
3432.6000000000004
3432.7000000000003
3432.8
3432.9
3433.
3433.1000000000004
3433.2000000000003
3433.3
3433.4
3433.5
3433.6000000000004
3433.7000000000003
3433.8
3433.9
3434.
3434.1000000000004
3434.2000000000003
3434.3
3434.4
3434.5
3434.6000000000004
3434.7000000000003
3434.8
3434.9
3435.
3435.1000000000004
3435.2000000000003
3435.3
3435.4
3435.5
3435.6000000000004
3435.7000000000003
3435.8
3435.9
3436.
3436.1000000000004
3436.2000000000003
3436.3
3436.4
3436.5
3436.6000000000004
3436.7000000000003
3436.8
3436.9
3437.
3437.1000000000004
3437.2000000000003
3437.3
3437.4
3437.5
3437.6000000000004
3437.7000000000003
3437.8
3437.9
3438.
3438.1000000000004
3438.2000000000003
3438.3
3438.4
3438.5
3438.6000000000004
3438.7000000000003
3438.8
3438.9
3439.
3439.1000000000004
3439.2000000000003
3439.3
3439.4
3439.5
3439.6000000000004
3439.7000000000003
3439.8
3439.9
3440.
3440.1000000000004
3440.2000000000003
3440.3
3440.4
3440.5
3440.6000000000004
3440.7000000000003
3440.8
3440.9
3441.
3441.1000000000004
3441.2000000000003
3441.3
3441.4
3441.5
3441.6000000000004
3441.7000000000003
3441.8
3441.9
3442.
3442.1000000000004
3442.2000000000003
3442.3
3442.4
3442.5
3442.6000000000004
3442.7000000000003
3442.8
3442.9
3443.
3443.1000000000004
3443.2000000000003
3443.3
3443.4
3443.5
3443.6000000000004
3443.7000000000003
3443.8
3443.9
3444.
3444.1000000000004
3444.2000000000003
3444.3
3444.4
3444.5
3444.6000000000004
3444.7000000000003
3444.8
3444.9
3445.
3445.1000000000004
3445.2000000000003
3445.3
3445.4
3445.5
3445.6000000000004
3445.7000000000003
3445.8
3445.9
3446.
3446.1000000000004
3446.2000000000003
3446.3
3446.4
3446.5
3446.6000000000004
3446.7000000000003
3446.8
3446.9
3447.
3447.1000000000004
3447.2000000000003
3447.3
3447.4
3447.5
3447.6000000000004
3447.7000000000003
3447.8
3447.9
3448.
3448.1000000000004
3448.2000000000003
3448.3
3448.4
3448.5
3448.6000000000004
3448.7000000000003
3448.8
3448.9
3449.
3449.1000000000004
3449.2000000000003
3449.3
3449.4
3449.5
3449.6000000000004
3449.7000000000003
3449.8
3449.9
3450.
3450.1000000000004
3450.2000000000003
3450.3
3450.4
3450.5
3450.6000000000004
3450.7000000000003
3450.8
3450.9
3451.
3451.1000000000004
3451.2000000000003
3451.3
3451.4
3451.5
3451.6000000000004
3451.7000000000003
3451.8
3451.9
3452.
3452.1000000000004
3452.2000000000003
3452.3
3452.4
3452.5
3452.6000000000004
3452.7000000000003
3452.8
3452.9
3453.
3453.1000000000004
3453.2000000000003
3453.3
3453.4
3453.5
3453.6000000000004
3453.7000000000003
3453.8
3453.9
3454.
3454.1000000000004
3454.2000000000003
3454.3
3454.4
3454.5
3454.6000000000004
3454.7000000000003
3454.8
3454.9
3455.
3455.1000000000004
3455.2000000000003
3455.3
3455.4
3455.5
3455.6000000000004
3455.7000000000003
3455.8
3455.9
3456.
3456.1000000000004
3456.2000000000003
3456.3
3456.4
3456.5
3456.6000000000004
3456.7000000000003
3456.8
3456.9
3457.
3457.1000000000004
3457.2000000000003
3457.3
3457.4
3457.5
3457.6000000000004
3457.7000000000003
3457.8
3457.9
3458.
3458.1000000000004
3458.2000000000003
3458.3
3458.4
3458.5
3458.6000000000004
3458.7000000000003
3458.8
3458.9
3459.
3459.1000000000004
3459.2000000000003
3459.3
3459.4
3459.5
3459.6000000000004
3459.7000000000003
3459.8
3459.9
3460.
3460.1000000000004
3460.2000000000003
3460.3
3460.4
3460.5
3460.6000000000004
3460.7000000000003
3460.8
3460.9
3461.
3461.1000000000004
3461.2000000000003
3461.3
3461.4
3461.5
3461.6000000000004
3461.7000000000003
3461.8
3461.9
3462.
3462.1000000000004
3462.2000000000003
3462.3
3462.4
3462.5
3462.6000000000004
3462.7000000000003
3462.8
3462.9
3463.
3463.1000000000004
3463.2000000000003
3463.3
3463.4
3463.5
3463.6000000000004
3463.7000000000003
3463.8
3463.9
3464.
3464.1000000000004
3464.2000000000003
3464.3
3464.4
3464.5
3464.6000000000004
3464.7000000000003
3464.8
3464.9
3465.
3465.1000000000004
3465.2000000000003
3465.3
3465.4
3465.5
3465.6000000000004
3465.7000000000003
3465.8
3465.9
3466.
3466.1000000000004
3466.2000000000003
3466.3
3466.4
3466.5
3466.6000000000004
3466.7000000000003
3466.8
3466.9
3467.
3467.1000000000004
3467.2000000000003
3467.3
3467.4
3467.5
3467.6000000000004
3467.7000000000003
3467.8
3467.9
3468.
3468.1000000000004
3468.2000000000003
3468.3
3468.4
3468.5
3468.6000000000004
3468.7000000000003
3468.8
3468.9
3469.
3469.1000000000004
3469.2000000000003
3469.3
3469.4
3469.5
3469.6000000000004
3469.7000000000003
3469.8
3469.9
3470.
3470.1000000000004
3470.2000000000003
3470.3
3470.4
3470.5
3470.6000000000004
3470.7000000000003
3470.8
3470.9
3471.
3471.1000000000004
3471.2000000000003
3471.3
3471.4
3471.5
3471.6000000000004
3471.7000000000003
3471.8
3471.9
3472.
3472.1000000000004
3472.2000000000003
3472.3
3472.4
3472.5
3472.6000000000004
3472.7000000000003
3472.8
3472.9
3473.
3473.1000000000004
3473.2000000000003
3473.3
3473.4
3473.5
3473.6000000000004
3473.7000000000003
3473.8
3473.9
3474.
3474.1000000000004
3474.2000000000003
3474.3
3474.4
3474.5
3474.6000000000004
3474.7000000000003
3474.8
3474.9
3475.
3475.1000000000004
3475.2000000000003
3475.3
3475.4
3475.5
3475.6000000000004
3475.7000000000003
3475.8
3475.9
3476.
3476.1000000000004
3476.2000000000003
3476.3
3476.4
3476.5
3476.6000000000004
3476.7000000000003
3476.8
3476.9
3477.
3477.1000000000004
3477.2000000000003
3477.3
3477.4
3477.5
3477.6000000000004
3477.7000000000003
3477.8
3477.9
3478.
3478.1000000000004
3478.2000000000003
3478.3
3478.4
3478.5
3478.6000000000004
3478.7000000000003
3478.8
3478.9
3479.
3479.1000000000004
3479.2000000000003
3479.3
3479.4
3479.5
3479.6000000000004
3479.7000000000003
3479.8
3479.9
3480.
3480.1000000000004
3480.2000000000003
3480.3
3480.4
3480.5
3480.6000000000004
3480.7000000000003
3480.8
3480.9
3481.
3481.1000000000004
3481.2000000000003
3481.3
3481.4
3481.5
3481.6000000000004
3481.7000000000003
3481.8
3481.9
3482.
3482.1000000000004
3482.2000000000003
3482.3
3482.4
3482.5
3482.6000000000004
3482.7000000000003
3482.8
3482.9
3483.
3483.1000000000004
3483.2000000000003
3483.3
3483.4
3483.5
3483.6000000000004
3483.7000000000003
3483.8
3483.9
3484.
3484.1000000000004
3484.2000000000003
3484.3
3484.4
3484.5
3484.6000000000004
3484.7000000000003
3484.8
3484.9
3485.
3485.1000000000004
3485.2000000000003
3485.3
3485.4
3485.5
3485.6000000000004
3485.7000000000003
3485.8
3485.9
3486.
3486.1000000000004
3486.2000000000003
3486.3
3486.4
3486.5
3486.6000000000004
3486.7000000000003
3486.8
3486.9
3487.
3487.1000000000004
3487.2000000000003
3487.3
3487.4
3487.5
3487.6000000000004
3487.7000000000003
3487.8
3487.9
3488.
3488.1000000000004
3488.2000000000003
3488.3
3488.4
3488.5
3488.6000000000004
3488.7000000000003
3488.8
3488.9
3489.
3489.1000000000004
3489.2000000000003
3489.3
3489.4
3489.5
3489.6000000000004
3489.7000000000003
3489.8
3489.9
3490.
3490.1000000000004
3490.2000000000003
3490.3
3490.4
3490.5
3490.6000000000004
3490.7000000000003
3490.8
3490.9
3491.
3491.1000000000004
3491.2000000000003
3491.3
3491.4
3491.5
3491.6000000000004
3491.7000000000003
3491.8
3491.9
3492.
3492.1000000000004
3492.2000000000003
3492.3
3492.4
3492.5
3492.6000000000004
3492.7000000000003
3492.8
3492.9
3493.
3493.1000000000004
3493.2000000000003
3493.3
3493.4
3493.5
3493.6000000000004
3493.7000000000003
3493.8
3493.9
3494.
3494.1000000000004
3494.2000000000003
3494.3
3494.4
3494.5
3494.6000000000004
3494.7000000000003
3494.8
3494.9
3495.
3495.1000000000004
3495.2000000000003
3495.3
3495.4
3495.5
3495.6000000000004
3495.7000000000003
3495.8
3495.9
3496.
3496.1000000000004
3496.2000000000003
3496.3
3496.4
3496.5
3496.6000000000004
3496.7000000000003
3496.8
3496.9
3497.
3497.1000000000004
3497.2000000000003
3497.3
3497.4
3497.5
3497.6000000000004
3497.7000000000003
3497.8
3497.9
3498.
3498.1000000000004
3498.2000000000003
3498.3
3498.4
3498.5
3498.6000000000004
3498.7000000000003
3498.8
3498.9
3499.
3499.1000000000004
3499.2000000000003
3499.3
3499.4
3499.5
3499.6000000000004
3499.7000000000003
3499.8
3499.9
3500.
3500.1000000000004
3500.2000000000003
3500.3
3500.4
3500.5
3500.6000000000004
3500.7000000000003
3500.8
3500.9
3501.
3501.1000000000004
3501.2000000000003
3501.3
3501.4
3501.5
3501.6000000000004
3501.7000000000003
3501.8
3501.9
3502.
3502.1000000000004
3502.2000000000003
3502.3
3502.4
3502.5
3502.6000000000004
3502.7000000000003
3502.8
3502.9
3503.
3503.1000000000004
3503.2000000000003
3503.3
3503.4
3503.5
3503.6000000000004
3503.7000000000003
3503.8
3503.9
3504.
3504.1000000000004
3504.2000000000003
3504.3
3504.4
3504.5
3504.6000000000004
3504.7000000000003
3504.8
3504.9
3505.
3505.1000000000004
3505.2000000000003
3505.3
3505.4
3505.5
3505.6000000000004
3505.7000000000003
3505.8
3505.9
3506.
3506.1000000000004
3506.2000000000003
3506.3
3506.4
3506.5
3506.6000000000004
3506.7000000000003
3506.8
3506.9
3507.
3507.1000000000004
3507.2000000000003
3507.3
3507.4
3507.5
3507.6000000000004
3507.7000000000003
3507.8
3507.9
3508.
3508.1000000000004
3508.2000000000003
3508.3
3508.4
3508.5
3508.6000000000004
3508.7000000000003
3508.8
3508.9
3509.
3509.1000000000004
3509.2000000000003
3509.3
3509.4
3509.5
3509.6000000000004
3509.7000000000003
3509.8
3509.9
3510.
3510.1000000000004
3510.2000000000003
3510.3
3510.4
3510.5
3510.6000000000004
3510.7000000000003
3510.8
3510.9
3511.
3511.1000000000004
3511.2000000000003
3511.3
3511.4
3511.5
3511.6000000000004
3511.7000000000003
3511.8
3511.9
3512.
3512.1000000000004
3512.2000000000003
3512.3
3512.4
3512.5
3512.6000000000004
3512.7000000000003
3512.8
3512.9
3513.
3513.1000000000004
3513.2000000000003
3513.3
3513.4
3513.5
3513.6000000000004
3513.7000000000003
3513.8
3513.9
3514.
3514.1000000000004
3514.2000000000003
3514.3
3514.4
3514.5
3514.6000000000004
3514.7000000000003
3514.8
3514.9
3515.
3515.1000000000004
3515.2000000000003
3515.3
3515.4
3515.5
3515.6000000000004
3515.7000000000003
3515.8
3515.9
3516.
3516.1000000000004
3516.2000000000003
3516.3
3516.4
3516.5
3516.6000000000004
3516.7000000000003
3516.8
3516.9
3517.
3517.1000000000004
3517.2000000000003
3517.3
3517.4
3517.5
3517.6000000000004
3517.7000000000003
3517.8
3517.9
3518.
3518.1000000000004
3518.2000000000003
3518.3
3518.4
3518.5
3518.6000000000004
3518.7000000000003
3518.8
3518.9
3519.
3519.1000000000004
3519.2000000000003
3519.3
3519.4
3519.5
3519.6000000000004
3519.7000000000003
3519.8
3519.9
3520.
3520.1000000000004
3520.2000000000003
3520.3
3520.4
3520.5
3520.6000000000004
3520.7000000000003
3520.8
3520.9
3521.
3521.1000000000004
3521.2000000000003
3521.3
3521.4
3521.5
3521.6000000000004
3521.7000000000003
3521.8
3521.9
3522.
3522.1000000000004
3522.2000000000003
3522.3
3522.4
3522.5
3522.6000000000004
3522.7000000000003
3522.8
3522.9
3523.
3523.1000000000004
3523.2000000000003
3523.3
3523.4
3523.5
3523.6000000000004
3523.7000000000003
3523.8
3523.9
3524.
3524.1000000000004
3524.2000000000003
3524.3
3524.4
3524.5
3524.6000000000004
3524.7000000000003
3524.8
3524.9
3525.
3525.1000000000004
3525.2000000000003
3525.3
3525.4
3525.5
3525.6000000000004
3525.7000000000003
3525.8
3525.9
3526.
3526.1000000000004
3526.2000000000003
3526.3
3526.4
3526.5
3526.6000000000004
3526.7000000000003
3526.8
3526.9
3527.
3527.1000000000004
3527.2000000000003
3527.3
3527.4
3527.5
3527.6000000000004
3527.7000000000003
3527.8
3527.9
3528.
3528.1000000000004
3528.2000000000003
3528.3
3528.4
3528.5
3528.6000000000004
3528.7000000000003
3528.8
3528.9
3529.
3529.1000000000004
3529.2000000000003
3529.3
3529.4
3529.5
3529.6000000000004
3529.7000000000003
3529.8
3529.9
3530.
3530.1000000000004
3530.2000000000003
3530.3
3530.4
3530.5
3530.6000000000004
3530.7000000000003
3530.8
3530.9
3531.
3531.1000000000004
3531.2000000000003
3531.3
3531.4
3531.5
3531.6000000000004
3531.7000000000003
3531.8
3531.9
3532.
3532.1000000000004
3532.2000000000003
3532.3
3532.4
3532.5
3532.6000000000004
3532.7000000000003
3532.8
3532.9
3533.
3533.1000000000004
3533.2000000000003
3533.3
3533.4
3533.5
3533.6000000000004
3533.7000000000003
3533.8
3533.9
3534.
3534.1000000000004
3534.2000000000003
3534.3
3534.4
3534.5
3534.6000000000004
3534.7000000000003
3534.8
3534.9
3535.
3535.1000000000004
3535.2000000000003
3535.3
3535.4
3535.5
3535.6000000000004
3535.7000000000003
3535.8
3535.9
3536.
3536.1000000000004
3536.2000000000003
3536.3
3536.4
3536.5
3536.6000000000004
3536.7000000000003
3536.8
3536.9
3537.
3537.1000000000004
3537.2000000000003
3537.3
3537.4
3537.5
3537.6000000000004
3537.7000000000003
3537.8
3537.9
3538.
3538.1000000000004
3538.2000000000003
3538.3
3538.4
3538.5
3538.6000000000004
3538.7000000000003
3538.8
3538.9
3539.
3539.1000000000004
3539.2000000000003
3539.3
3539.4
3539.5
3539.6000000000004
3539.7000000000003
3539.8
3539.9
3540.
3540.1000000000004
3540.2000000000003
3540.3
3540.4
3540.5
3540.6000000000004
3540.7000000000003
3540.8
3540.9
3541.
3541.1000000000004
3541.2000000000003
3541.3
3541.4
3541.5
3541.6000000000004
3541.7000000000003
3541.8
3541.9
3542.
3542.1000000000004
3542.2000000000003
3542.3
3542.4
3542.5
3542.6000000000004
3542.7000000000003
3542.8
3542.9
3543.
3543.1000000000004
3543.2000000000003
3543.3
3543.4
3543.5
3543.6000000000004
3543.7000000000003
3543.8
3543.9
3544.
3544.1000000000004
3544.2000000000003
3544.3
3544.4
3544.5
3544.6000000000004
3544.7000000000003
3544.8
3544.9
3545.
3545.1000000000004
3545.2000000000003
3545.3
3545.4
3545.5
3545.6000000000004
3545.7000000000003
3545.8
3545.9
3546.
3546.1000000000004
3546.2000000000003
3546.3
3546.4
3546.5
3546.6000000000004
3546.7000000000003
3546.8
3546.9
3547.
3547.1000000000004
3547.2000000000003
3547.3
3547.4
3547.5
3547.6000000000004
3547.7000000000003
3547.8
3547.9
3548.
3548.1000000000004
3548.2000000000003
3548.3
3548.4
3548.5
3548.6000000000004
3548.7000000000003
3548.8
3548.9
3549.
3549.1000000000004
3549.2000000000003
3549.3
3549.4
3549.5
3549.6000000000004
3549.7000000000003
3549.8
3549.9
3550.
3550.1000000000004
3550.2000000000003
3550.3
3550.4
3550.5
3550.6000000000004
3550.7000000000003
3550.8
3550.9
3551.
3551.1000000000004
3551.2000000000003
3551.3
3551.4
3551.5
3551.6000000000004
3551.7000000000003
3551.8
3551.9
3552.
3552.1000000000004
3552.2000000000003
3552.3
3552.4
3552.5
3552.6000000000004
3552.7000000000003
3552.8
3552.9
3553.
3553.1000000000004
3553.2000000000003
3553.3
3553.4
3553.5
3553.6000000000004
3553.7000000000003
3553.8
3553.9
3554.
3554.1000000000004
3554.2000000000003
3554.3
3554.4
3554.5
3554.6000000000004
3554.7000000000003
3554.8
3554.9
3555.
3555.1000000000004
3555.2000000000003
3555.3
3555.4
3555.5
3555.6000000000004
3555.7000000000003
3555.8
3555.9
3556.
3556.1000000000004
3556.2000000000003
3556.3
3556.4
3556.5
3556.6000000000004
3556.7000000000003
3556.8
3556.9
3557.
3557.1000000000004
3557.2000000000003
3557.3
3557.4
3557.5
3557.6000000000004
3557.7000000000003
3557.8
3557.9
3558.
3558.1000000000004
3558.2000000000003
3558.3
3558.4
3558.5
3558.6000000000004
3558.7000000000003
3558.8
3558.9
3559.
3559.1000000000004
3559.2000000000003
3559.3
3559.4
3559.5
3559.6000000000004
3559.7000000000003
3559.8
3559.9
3560.
3560.1000000000004
3560.2000000000003
3560.3
3560.4
3560.5
3560.6000000000004
3560.7000000000003
3560.8
3560.9
3561.
3561.1000000000004
3561.2000000000003
3561.3
3561.4
3561.5
3561.6000000000004
3561.7000000000003
3561.8
3561.9
3562.
3562.1000000000004
3562.2000000000003
3562.3
3562.4
3562.5
3562.6000000000004
3562.7000000000003
3562.8
3562.9
3563.
3563.1000000000004
3563.2000000000003
3563.3
3563.4
3563.5
3563.6000000000004
3563.7000000000003
3563.8
3563.9
3564.
3564.1000000000004
3564.2000000000003
3564.3
3564.4
3564.5
3564.6000000000004
3564.7000000000003
3564.8
3564.9
3565.
3565.1000000000004
3565.2000000000003
3565.3
3565.4
3565.5
3565.6000000000004
3565.7000000000003
3565.8
3565.9
3566.
3566.1000000000004
3566.2000000000003
3566.3
3566.4
3566.5
3566.6000000000004
3566.7000000000003
3566.8
3566.9
3567.
3567.1000000000004
3567.2000000000003
3567.3
3567.4
3567.5
3567.6000000000004
3567.7000000000003
3567.8
3567.9
3568.
3568.1000000000004
3568.2000000000003
3568.3
3568.4
3568.5
3568.6000000000004
3568.7000000000003
3568.8
3568.9
3569.
3569.1000000000004
3569.2000000000003
3569.3
3569.4
3569.5
3569.6000000000004
3569.7000000000003
3569.8
3569.9
3570.
3570.1000000000004
3570.2000000000003
3570.3
3570.4
3570.5
3570.6000000000004
3570.7000000000003
3570.8
3570.9
3571.
3571.1000000000004
3571.2000000000003
3571.3
3571.4
3571.5
3571.6000000000004
3571.7000000000003
3571.8
3571.9
3572.
3572.1000000000004
3572.2000000000003
3572.3
3572.4
3572.5
3572.6000000000004
3572.7000000000003
3572.8
3572.9
3573.
3573.1000000000004
3573.2000000000003
3573.3
3573.4
3573.5
3573.6000000000004
3573.7000000000003
3573.8
3573.9
3574.
3574.1000000000004
3574.2000000000003
3574.3
3574.4
3574.5
3574.6000000000004
3574.7000000000003
3574.8
3574.9
3575.
3575.1000000000004
3575.2000000000003
3575.3
3575.4
3575.5
3575.6000000000004
3575.7000000000003
3575.8
3575.9
3576.
3576.1000000000004
3576.2000000000003
3576.3
3576.4
3576.5
3576.6000000000004
3576.7000000000003
3576.8
3576.9
3577.
3577.1000000000004
3577.2000000000003
3577.3
3577.4
3577.5
3577.6000000000004
3577.7000000000003
3577.8
3577.9
3578.
3578.1000000000004
3578.2000000000003
3578.3
3578.4
3578.5
3578.6000000000004
3578.7000000000003
3578.8
3578.9
3579.
3579.1000000000004
3579.2000000000003
3579.3
3579.4
3579.5
3579.6000000000004
3579.7000000000003
3579.8
3579.9
3580.
3580.1000000000004
3580.2000000000003
3580.3
3580.4
3580.5
3580.6000000000004
3580.7000000000003
3580.8
3580.9
3581.
3581.1000000000004
3581.2000000000003
3581.3
3581.4
3581.5
3581.6000000000004
3581.7000000000003
3581.8
3581.9
3582.
3582.1000000000004
3582.2000000000003
3582.3
3582.4
3582.5
3582.6000000000004
3582.7000000000003
3582.8
3582.9
3583.
3583.1000000000004
3583.2000000000003
3583.3
3583.4
3583.5
3583.6000000000004
3583.7000000000003
3583.8
3583.9
3584.
3584.1000000000004
3584.2000000000003
3584.3
3584.4
3584.5
3584.6000000000004
3584.7000000000003
3584.8
3584.9
3585.
3585.1000000000004
3585.2000000000003
3585.3
3585.4
3585.5
3585.6000000000004
3585.7000000000003
3585.8
3585.9
3586.
3586.1000000000004
3586.2000000000003
3586.3
3586.4
3586.5
3586.6000000000004
3586.7000000000003
3586.8
3586.9
3587.
3587.1000000000004
3587.2000000000003
3587.3
3587.4
3587.5
3587.6000000000004
3587.7000000000003
3587.8
3587.9
3588.
3588.1000000000004
3588.2000000000003
3588.3
3588.4
3588.5
3588.6000000000004
3588.7000000000003
3588.8
3588.9
3589.
3589.1000000000004
3589.2000000000003
3589.3
3589.4
3589.5
3589.6000000000004
3589.7000000000003
3589.8
3589.9
3590.
3590.1000000000004
3590.2000000000003
3590.3
3590.4
3590.5
3590.6000000000004
3590.7000000000003
3590.8
3590.9
3591.
3591.1000000000004
3591.2000000000003
3591.3
3591.4
3591.5
3591.6000000000004
3591.7000000000003
3591.8
3591.9
3592.
3592.1000000000004
3592.2000000000003
3592.3
3592.4
3592.5
3592.6000000000004
3592.7000000000003
3592.8
3592.9
3593.
3593.1000000000004
3593.2000000000003
3593.3
3593.4
3593.5
3593.6000000000004
3593.7000000000003
3593.8
3593.9
3594.
3594.1000000000004
3594.2000000000003
3594.3
3594.4
3594.5
3594.6000000000004
3594.7000000000003
3594.8
3594.9
3595.
3595.1000000000004
3595.2000000000003
3595.3
3595.4
3595.5
3595.6000000000004
3595.7000000000003
3595.8
3595.9
3596.
3596.1000000000004
3596.2000000000003
3596.3
3596.4
3596.5
3596.6000000000004
3596.7000000000003
3596.8
3596.9
3597.
3597.1000000000004
3597.2000000000003
3597.3
3597.4
3597.5
3597.6000000000004
3597.7000000000003
3597.8
3597.9
3598.
3598.1000000000004
3598.2000000000003
3598.3
3598.4
3598.5
3598.6000000000004
3598.7000000000003
3598.8
3598.9
3599.
3599.1000000000004
3599.2000000000003
3599.3
3599.4
3599.5
3599.6000000000004
3599.7000000000003
3599.8
3599.9
3600.
3600.1000000000004
3600.2000000000003
3600.3
3600.4
3600.5
3600.6000000000004
3600.7000000000003
3600.8
3600.9
3601.
3601.1000000000004
3601.2000000000003
3601.3
3601.4
3601.5
3601.6000000000004
3601.7000000000003
3601.8
3601.9
3602.
3602.1000000000004
3602.2000000000003
3602.3
3602.4
3602.5
3602.6000000000004
3602.7000000000003
3602.8
3602.9
3603.
3603.1000000000004
3603.2000000000003
3603.3
3603.4
3603.5
3603.6000000000004
3603.7000000000003
3603.8
3603.9
3604.
3604.1000000000004
3604.2000000000003
3604.3
3604.4
3604.5
3604.6000000000004
3604.7000000000003
3604.8
3604.9
3605.
3605.1000000000004
3605.2000000000003
3605.3
3605.4
3605.5
3605.6000000000004
3605.7000000000003
3605.8
3605.9
3606.
3606.1000000000004
3606.2000000000003
3606.3
3606.4
3606.5
3606.6000000000004
3606.7000000000003
3606.8
3606.9
3607.
3607.1000000000004
3607.2000000000003
3607.3
3607.4
3607.5
3607.6000000000004
3607.7000000000003
3607.8
3607.9
3608.
3608.1000000000004
3608.2000000000003
3608.3
3608.4
3608.5
3608.6000000000004
3608.7000000000003
3608.8
3608.9
3609.
3609.1000000000004
3609.2000000000003
3609.3
3609.4
3609.5
3609.6000000000004
3609.7000000000003
3609.8
3609.9
3610.
3610.1000000000004
3610.2000000000003
3610.3
3610.4
3610.5
3610.6000000000004
3610.7000000000003
3610.8
3610.9
3611.
3611.1000000000004
3611.2000000000003
3611.3
3611.4
3611.5
3611.6000000000004
3611.7000000000003
3611.8
3611.9
3612.
3612.1000000000004
3612.2000000000003
3612.3
3612.4
3612.5
3612.6000000000004
3612.7000000000003
3612.8
3612.9
3613.
3613.1000000000004
3613.2000000000003
3613.3
3613.4
3613.5
3613.6000000000004
3613.7000000000003
3613.8
3613.9
3614.
3614.1000000000004
3614.2000000000003
3614.3
3614.4
3614.5
3614.6000000000004
3614.7000000000003
3614.8
3614.9
3615.
3615.1000000000004
3615.2000000000003
3615.3
3615.4
3615.5
3615.6000000000004
3615.7000000000003
3615.8
3615.9
3616.
3616.1000000000004
3616.2000000000003
3616.3
3616.4
3616.5
3616.6000000000004
3616.7000000000003
3616.8
3616.9
3617.
3617.1000000000004
3617.2000000000003
3617.3
3617.4
3617.5
3617.6000000000004
3617.7000000000003
3617.8
3617.9
3618.
3618.1000000000004
3618.2000000000003
3618.3
3618.4
3618.5
3618.6000000000004
3618.7000000000003
3618.8
3618.9
3619.
3619.1000000000004
3619.2000000000003
3619.3
3619.4
3619.5
3619.6000000000004
3619.7000000000003
3619.8
3619.9
3620.
3620.1000000000004
3620.2000000000003
3620.3
3620.4
3620.5
3620.6000000000004
3620.7000000000003
3620.8
3620.9
3621.
3621.1000000000004
3621.2000000000003
3621.3
3621.4
3621.5
3621.6000000000004
3621.7000000000003
3621.8
3621.9
3622.
3622.1000000000004
3622.2000000000003
3622.3
3622.4
3622.5
3622.6000000000004
3622.7000000000003
3622.8
3622.9
3623.
3623.1000000000004
3623.2000000000003
3623.3
3623.4
3623.5
3623.6000000000004
3623.7000000000003
3623.8
3623.9
3624.
3624.1000000000004
3624.2000000000003
3624.3
3624.4
3624.5
3624.6000000000004
3624.7000000000003
3624.8
3624.9
3625.
3625.1000000000004
3625.2000000000003
3625.3
3625.4
3625.5
3625.6000000000004
3625.7000000000003
3625.8
3625.9
3626.
3626.1000000000004
3626.2000000000003
3626.3
3626.4
3626.5
3626.6000000000004
3626.7000000000003
3626.8
3626.9
3627.
3627.1000000000004
3627.2000000000003
3627.3
3627.4
3627.5
3627.6000000000004
3627.7000000000003
3627.8
3627.9
3628.
3628.1000000000004
3628.2000000000003
3628.3
3628.4
3628.5
3628.6000000000004
3628.7000000000003
3628.8
3628.9
3629.
3629.1000000000004
3629.2000000000003
3629.3
3629.4
3629.5
3629.6000000000004
3629.7000000000003
3629.8
3629.9
3630.
3630.1000000000004
3630.2000000000003
3630.3
3630.4
3630.5
3630.6000000000004
3630.7000000000003
3630.8
3630.9
3631.
3631.1000000000004
3631.2000000000003
3631.3
3631.4
3631.5
3631.6000000000004
3631.7000000000003
3631.8
3631.9
3632.
3632.1000000000004
3632.2000000000003
3632.3
3632.4
3632.5
3632.6000000000004
3632.7000000000003
3632.8
3632.9
3633.
3633.1000000000004
3633.2000000000003
3633.3
3633.4
3633.5
3633.6000000000004
3633.7000000000003
3633.8
3633.9
3634.
3634.1000000000004
3634.2000000000003
3634.3
3634.4
3634.5
3634.6000000000004
3634.7000000000003
3634.8
3634.9
3635.
3635.1000000000004
3635.2000000000003
3635.3
3635.4
3635.5
3635.6000000000004
3635.7000000000003
3635.8
3635.9
3636.
3636.1000000000004
3636.2000000000003
3636.3
3636.4
3636.5
3636.6000000000004
3636.7000000000003
3636.8
3636.9
3637.
3637.1000000000004
3637.2000000000003
3637.3
3637.4
3637.5
3637.6000000000004
3637.7000000000003
3637.8
3637.9
3638.
3638.1000000000004
3638.2000000000003
3638.3
3638.4
3638.5
3638.6000000000004
3638.7000000000003
3638.8
3638.9
3639.
3639.1000000000004
3639.2000000000003
3639.3
3639.4
3639.5
3639.6000000000004
3639.7000000000003
3639.8
3639.9
3640.
3640.1000000000004
3640.2000000000003
3640.3
3640.4
3640.5
3640.6000000000004
3640.7000000000003
3640.8
3640.9
3641.
3641.1000000000004
3641.2000000000003
3641.3
3641.4
3641.5
3641.6000000000004
3641.7000000000003
3641.8
3641.9
3642.
3642.1000000000004
3642.2000000000003
3642.3
3642.4
3642.5
3642.6000000000004
3642.7000000000003
3642.8
3642.9
3643.
3643.1000000000004
3643.2000000000003
3643.3
3643.4
3643.5
3643.6000000000004
3643.7000000000003
3643.8
3643.9
3644.
3644.1000000000004
3644.2000000000003
3644.3
3644.4
3644.5
3644.6000000000004
3644.7000000000003
3644.8
3644.9
3645.
3645.1000000000004
3645.2000000000003
3645.3
3645.4
3645.5
3645.6000000000004
3645.7000000000003
3645.8
3645.9
3646.
3646.1000000000004
3646.2000000000003
3646.3
3646.4
3646.5
3646.6000000000004
3646.7000000000003
3646.8
3646.9
3647.
3647.1000000000004
3647.2000000000003
3647.3
3647.4
3647.5
3647.6000000000004
3647.7000000000003
3647.8
3647.9
3648.
3648.1000000000004
3648.2000000000003
3648.3
3648.4
3648.5
3648.6000000000004
3648.7000000000003
3648.8
3648.9
3649.
3649.1000000000004
3649.2000000000003
3649.3
3649.4
3649.5
3649.6000000000004
3649.7000000000003
3649.8
3649.9
3650.
3650.1000000000004
3650.2000000000003
3650.3
3650.4
3650.5
3650.6000000000004
3650.7000000000003
3650.8
3650.9
3651.
3651.1000000000004
3651.2000000000003
3651.3
3651.4
3651.5
3651.6000000000004
3651.7000000000003
3651.8
3651.9
3652.
3652.1000000000004
3652.2000000000003
3652.3
3652.4
3652.5
3652.6000000000004
3652.7000000000003
3652.8
3652.9
3653.
3653.1000000000004
3653.2000000000003
3653.3
3653.4
3653.5
3653.6000000000004
3653.7000000000003
3653.8
3653.9
3654.
3654.1000000000004
3654.2000000000003
3654.3
3654.4
3654.5
3654.6000000000004
3654.7000000000003
3654.8
3654.9
3655.
3655.1000000000004
3655.2000000000003
3655.3
3655.4
3655.5
3655.6000000000004
3655.7000000000003
3655.8
3655.9
3656.
3656.1000000000004
3656.2000000000003
3656.3
3656.4
3656.5
3656.6000000000004
3656.7000000000003
3656.8
3656.9
3657.
3657.1000000000004
3657.2000000000003
3657.3
3657.4
3657.5
3657.6000000000004
3657.7000000000003
3657.8
3657.9
3658.
3658.1000000000004
3658.2000000000003
3658.3
3658.4
3658.5
3658.6000000000004
3658.7000000000003
3658.8
3658.9
3659.
3659.1000000000004
3659.2000000000003
3659.3
3659.4
3659.5
3659.6000000000004
3659.7000000000003
3659.8
3659.9
3660.
3660.1000000000004
3660.2000000000003
3660.3
3660.4
3660.5
3660.6000000000004
3660.7000000000003
3660.8
3660.9
3661.
3661.1000000000004
3661.2000000000003
3661.3
3661.4
3661.5
3661.6000000000004
3661.7000000000003
3661.8
3661.9
3662.
3662.1000000000004
3662.2000000000003
3662.3
3662.4
3662.5
3662.6000000000004
3662.7000000000003
3662.8
3662.9
3663.
3663.1000000000004
3663.2000000000003
3663.3
3663.4
3663.5
3663.6000000000004
3663.7000000000003
3663.8
3663.9
3664.
3664.1000000000004
3664.2000000000003
3664.3
3664.4
3664.5
3664.6000000000004
3664.7000000000003
3664.8
3664.9
3665.
3665.1000000000004
3665.2000000000003
3665.3
3665.4
3665.5
3665.6000000000004
3665.7000000000003
3665.8
3665.9
3666.
3666.1000000000004
3666.2000000000003
3666.3
3666.4
3666.5
3666.6000000000004
3666.7000000000003
3666.8
3666.9
3667.
3667.1000000000004
3667.2000000000003
3667.3
3667.4
3667.5
3667.6000000000004
3667.7000000000003
3667.8
3667.9
3668.
3668.1000000000004
3668.2000000000003
3668.3
3668.4
3668.5
3668.6000000000004
3668.7000000000003
3668.8
3668.9
3669.
3669.1000000000004
3669.2000000000003
3669.3
3669.4
3669.5
3669.6000000000004
3669.7000000000003
3669.8
3669.9
3670.
3670.1000000000004
3670.2000000000003
3670.3
3670.4
3670.5
3670.6000000000004
3670.7000000000003
3670.8
3670.9
3671.
3671.1000000000004
3671.2000000000003
3671.3
3671.4
3671.5
3671.6000000000004
3671.7000000000003
3671.8
3671.9
3672.
3672.1000000000004
3672.2000000000003
3672.3
3672.4
3672.5
3672.6000000000004
3672.7000000000003
3672.8
3672.9
3673.
3673.1000000000004
3673.2000000000003
3673.3
3673.4
3673.5
3673.6000000000004
3673.7000000000003
3673.8
3673.9
3674.
3674.1000000000004
3674.2000000000003
3674.3
3674.4
3674.5
3674.6000000000004
3674.7000000000003
3674.8
3674.9
3675.
3675.1000000000004
3675.2000000000003
3675.3
3675.4
3675.5
3675.6000000000004
3675.7000000000003
3675.8
3675.9
3676.
3676.1000000000004
3676.2000000000003
3676.3
3676.4
3676.5
3676.6000000000004
3676.7000000000003
3676.8
3676.9
3677.
3677.1000000000004
3677.2000000000003
3677.3
3677.4
3677.5
3677.6000000000004
3677.7000000000003
3677.8
3677.9
3678.
3678.1000000000004
3678.2000000000003
3678.3
3678.4
3678.5
3678.6000000000004
3678.7000000000003
3678.8
3678.9
3679.
3679.1000000000004
3679.2000000000003
3679.3
3679.4
3679.5
3679.6000000000004
3679.7000000000003
3679.8
3679.9
3680.
3680.1000000000004
3680.2000000000003
3680.3
3680.4
3680.5
3680.6000000000004
3680.7000000000003
3680.8
3680.9
3681.
3681.1000000000004
3681.2000000000003
3681.3
3681.4
3681.5
3681.6000000000004
3681.7000000000003
3681.8
3681.9
3682.
3682.1000000000004
3682.2000000000003
3682.3
3682.4
3682.5
3682.6000000000004
3682.7000000000003
3682.8
3682.9
3683.
3683.1000000000004
3683.2000000000003
3683.3
3683.4
3683.5
3683.6000000000004
3683.7000000000003
3683.8
3683.9
3684.
3684.1000000000004
3684.2000000000003
3684.3
3684.4
3684.5
3684.6000000000004
3684.7000000000003
3684.8
3684.9
3685.
3685.1000000000004
3685.2000000000003
3685.3
3685.4
3685.5
3685.6000000000004
3685.7000000000003
3685.8
3685.9
3686.
3686.1000000000004
3686.2000000000003
3686.3
3686.4
3686.5
3686.6000000000004
3686.7000000000003
3686.8
3686.9
3687.
3687.1000000000004
3687.2000000000003
3687.3
3687.4
3687.5
3687.6000000000004
3687.7000000000003
3687.8
3687.9
3688.
3688.1000000000004
3688.2000000000003
3688.3
3688.4
3688.5
3688.6000000000004
3688.7000000000003
3688.8
3688.9
3689.
3689.1000000000004
3689.2000000000003
3689.3
3689.4
3689.5
3689.6000000000004
3689.7000000000003
3689.8
3689.9
3690.
3690.1000000000004
3690.2000000000003
3690.3
3690.4
3690.5
3690.6000000000004
3690.7000000000003
3690.8
3690.9
3691.
3691.1000000000004
3691.2000000000003
3691.3
3691.4
3691.5
3691.6000000000004
3691.7000000000003
3691.8
3691.9
3692.
3692.1000000000004
3692.2000000000003
3692.3
3692.4
3692.5
3692.6000000000004
3692.7000000000003
3692.8
3692.9
3693.
3693.1000000000004
3693.2000000000003
3693.3
3693.4
3693.5
3693.6000000000004
3693.7000000000003
3693.8
3693.9
3694.
3694.1000000000004
3694.2000000000003
3694.3
3694.4
3694.5
3694.6000000000004
3694.7000000000003
3694.8
3694.9
3695.
3695.1000000000004
3695.2000000000003
3695.3
3695.4
3695.5
3695.6000000000004
3695.7000000000003
3695.8
3695.9
3696.
3696.1000000000004
3696.2000000000003
3696.3
3696.4
3696.5
3696.6000000000004
3696.7000000000003
3696.8
3696.9
3697.
3697.1000000000004
3697.2000000000003
3697.3
3697.4
3697.5
3697.6000000000004
3697.7000000000003
3697.8
3697.9
3698.
3698.1000000000004
3698.2000000000003
3698.3
3698.4
3698.5
3698.6000000000004
3698.7000000000003
3698.8
3698.9
3699.
3699.1000000000004
3699.2000000000003
3699.3
3699.4
3699.5
3699.6000000000004
3699.7000000000003
3699.8
3699.9
3700.
3700.1000000000004
3700.2000000000003
3700.3
3700.4
3700.5
3700.6000000000004
3700.7000000000003
3700.8
3700.9
3701.
3701.1000000000004
3701.2000000000003
3701.3
3701.4
3701.5
3701.6000000000004
3701.7000000000003
3701.8
3701.9
3702.
3702.1000000000004
3702.2000000000003
3702.3
3702.4
3702.5
3702.6000000000004
3702.7000000000003
3702.8
3702.9
3703.
3703.1000000000004
3703.2000000000003
3703.3
3703.4
3703.5
3703.6000000000004
3703.7000000000003
3703.8
3703.9
3704.
3704.1000000000004
3704.2000000000003
3704.3
3704.4
3704.5
3704.6000000000004
3704.7000000000003
3704.8
3704.9
3705.
3705.1000000000004
3705.2000000000003
3705.3
3705.4
3705.5
3705.6000000000004
3705.7000000000003
3705.8
3705.9
3706.
3706.1000000000004
3706.2000000000003
3706.3
3706.4
3706.5
3706.6000000000004
3706.7000000000003
3706.8
3706.9
3707.
3707.1000000000004
3707.2000000000003
3707.3
3707.4
3707.5
3707.6000000000004
3707.7000000000003
3707.8
3707.9
3708.
3708.1000000000004
3708.2000000000003
3708.3
3708.4
3708.5
3708.6000000000004
3708.7000000000003
3708.8
3708.9
3709.
3709.1000000000004
3709.2000000000003
3709.3
3709.4
3709.5
3709.6000000000004
3709.7000000000003
3709.8
3709.9
3710.
3710.1000000000004
3710.2000000000003
3710.3
3710.4
3710.5
3710.6000000000004
3710.7000000000003
3710.8
3710.9
3711.
3711.1000000000004
3711.2000000000003
3711.3
3711.4
3711.5
3711.6000000000004
3711.7000000000003
3711.8
3711.9
3712.
3712.1000000000004
3712.2000000000003
3712.3
3712.4
3712.5
3712.6000000000004
3712.7000000000003
3712.8
3712.9
3713.
3713.1000000000004
3713.2000000000003
3713.3
3713.4
3713.5
3713.6000000000004
3713.7000000000003
3713.8
3713.9
3714.
3714.1000000000004
3714.2000000000003
3714.3
3714.4
3714.5
3714.6000000000004
3714.7000000000003
3714.8
3714.9
3715.
3715.1000000000004
3715.2000000000003
3715.3
3715.4
3715.5
3715.6000000000004
3715.7000000000003
3715.8
3715.9
3716.
3716.1000000000004
3716.2000000000003
3716.3
3716.4
3716.5
3716.6000000000004
3716.7000000000003
3716.8
3716.9
3717.
3717.1000000000004
3717.2000000000003
3717.3
3717.4
3717.5
3717.6000000000004
3717.7000000000003
3717.8
3717.9
3718.
3718.1000000000004
3718.2000000000003
3718.3
3718.4
3718.5
3718.6000000000004
3718.7000000000003
3718.8
3718.9
3719.
3719.1000000000004
3719.2000000000003
3719.3
3719.4
3719.5
3719.6000000000004
3719.7000000000003
3719.8
3719.9
3720.
3720.1000000000004
3720.2000000000003
3720.3
3720.4
3720.5
3720.6000000000004
3720.7000000000003
3720.8
3720.9
3721.
3721.1000000000004
3721.2000000000003
3721.3
3721.4
3721.5
3721.6000000000004
3721.7000000000003
3721.8
3721.9
3722.
3722.1000000000004
3722.2000000000003
3722.3
3722.4
3722.5
3722.6000000000004
3722.7000000000003
3722.8
3722.9
3723.
3723.1000000000004
3723.2000000000003
3723.3
3723.4
3723.5
3723.6000000000004
3723.7000000000003
3723.8
3723.9
3724.
3724.1000000000004
3724.2000000000003
3724.3
3724.4
3724.5
3724.6000000000004
3724.7000000000003
3724.8
3724.9
3725.
3725.1000000000004
3725.2000000000003
3725.3
3725.4
3725.5
3725.6000000000004
3725.7000000000003
3725.8
3725.9
3726.
3726.1000000000004
3726.2000000000003
3726.3
3726.4
3726.5
3726.6000000000004
3726.7000000000003
3726.8
3726.9
3727.
3727.1000000000004
3727.2000000000003
3727.3
3727.4
3727.5
3727.6000000000004
3727.7000000000003
3727.8
3727.9
3728.
3728.1000000000004
3728.2000000000003
3728.3
3728.4
3728.5
3728.6000000000004
3728.7000000000003
3728.8
3728.9
3729.
3729.1000000000004
3729.2000000000003
3729.3
3729.4
3729.5
3729.6000000000004
3729.7000000000003
3729.8
3729.9
3730.
3730.1000000000004
3730.2000000000003
3730.3
3730.4
3730.5
3730.6000000000004
3730.7000000000003
3730.8
3730.9
3731.
3731.1000000000004
3731.2000000000003
3731.3
3731.4
3731.5
3731.6000000000004
3731.7000000000003
3731.8
3731.9
3732.
3732.1000000000004
3732.2000000000003
3732.3
3732.4
3732.5
3732.6000000000004
3732.7000000000003
3732.8
3732.9
3733.
3733.1000000000004
3733.2000000000003
3733.3
3733.4
3733.5
3733.6000000000004
3733.7000000000003
3733.8
3733.9
3734.
3734.1000000000004
3734.2000000000003
3734.3
3734.4
3734.5
3734.6000000000004
3734.7000000000003
3734.8
3734.9
3735.
3735.1000000000004
3735.2000000000003
3735.3
3735.4
3735.5
3735.6000000000004
3735.7000000000003
3735.8
3735.9
3736.
3736.1000000000004
3736.2000000000003
3736.3
3736.4
3736.5
3736.6000000000004
3736.7000000000003
3736.8
3736.9
3737.
3737.1000000000004
3737.2000000000003
3737.3
3737.4
3737.5
3737.6000000000004
3737.7000000000003
3737.8
3737.9
3738.
3738.1000000000004
3738.2000000000003
3738.3
3738.4
3738.5
3738.6000000000004
3738.7000000000003
3738.8
3738.9
3739.
3739.1000000000004
3739.2000000000003
3739.3
3739.4
3739.5
3739.6000000000004
3739.7000000000003
3739.8
3739.9
3740.
3740.1000000000004
3740.2000000000003
3740.3
3740.4
3740.5
3740.6000000000004
3740.7000000000003
3740.8
3740.9
3741.
3741.1000000000004
3741.2000000000003
3741.3
3741.4
3741.5
3741.6000000000004
3741.7000000000003
3741.8
3741.9
3742.
3742.1000000000004
3742.2000000000003
3742.3
3742.4
3742.5
3742.6000000000004
3742.7000000000003
3742.8
3742.9
3743.
3743.1000000000004
3743.2000000000003
3743.3
3743.4
3743.5
3743.6000000000004
3743.7000000000003
3743.8
3743.9
3744.
3744.1000000000004
3744.2000000000003
3744.3
3744.4
3744.5
3744.6000000000004
3744.7000000000003
3744.8
3744.9
3745.
3745.1000000000004
3745.2000000000003
3745.3
3745.4
3745.5
3745.6000000000004
3745.7000000000003
3745.8
3745.9
3746.
3746.1000000000004
3746.2000000000003
3746.3
3746.4
3746.5
3746.6000000000004
3746.7000000000003
3746.8
3746.9
3747.
3747.1000000000004
3747.2000000000003
3747.3
3747.4
3747.5
3747.6000000000004
3747.7000000000003
3747.8
3747.9
3748.
3748.1000000000004
3748.2000000000003
3748.3
3748.4
3748.5
3748.6000000000004
3748.7000000000003
3748.8
3748.9
3749.
3749.1000000000004
3749.2000000000003
3749.3
3749.4
3749.5
3749.6000000000004
3749.7000000000003
3749.8
3749.9
3750.
3750.1000000000004
3750.2000000000003
3750.3
3750.4
3750.5
3750.6000000000004
3750.7000000000003
3750.8
3750.9
3751.
3751.1000000000004
3751.2000000000003
3751.3
3751.4
3751.5
3751.6000000000004
3751.7000000000003
3751.8
3751.9
3752.
3752.1000000000004
3752.2000000000003
3752.3
3752.4
3752.5
3752.6000000000004
3752.7000000000003
3752.8
3752.9
3753.
3753.1000000000004
3753.2000000000003
3753.3
3753.4
3753.5
3753.6000000000004
3753.7000000000003
3753.8
3753.9
3754.
3754.1000000000004
3754.2000000000003
3754.3
3754.4
3754.5
3754.6000000000004
3754.7000000000003
3754.8
3754.9
3755.
3755.1000000000004
3755.2000000000003
3755.3
3755.4
3755.5
3755.6000000000004
3755.7000000000003
3755.8
3755.9
3756.
3756.1000000000004
3756.2000000000003
3756.3
3756.4
3756.5
3756.6000000000004
3756.7000000000003
3756.8
3756.9
3757.
3757.1000000000004
3757.2000000000003
3757.3
3757.4
3757.5
3757.6000000000004
3757.7000000000003
3757.8
3757.9
3758.
3758.1000000000004
3758.2000000000003
3758.3
3758.4
3758.5
3758.6000000000004
3758.7000000000003
3758.8
3758.9
3759.
3759.1000000000004
3759.2000000000003
3759.3
3759.4
3759.5
3759.6000000000004
3759.7000000000003
3759.8
3759.9
3760.
3760.1000000000004
3760.2000000000003
3760.3
3760.4
3760.5
3760.6000000000004
3760.7000000000003
3760.8
3760.9
3761.
3761.1000000000004
3761.2000000000003
3761.3
3761.4
3761.5
3761.6000000000004
3761.7000000000003
3761.8
3761.9
3762.
3762.1000000000004
3762.2000000000003
3762.3
3762.4
3762.5
3762.6000000000004
3762.7000000000003
3762.8
3762.9
3763.
3763.1000000000004
3763.2000000000003
3763.3
3763.4
3763.5
3763.6000000000004
3763.7000000000003
3763.8
3763.9
3764.
3764.1000000000004
3764.2000000000003
3764.3
3764.4
3764.5
3764.6000000000004
3764.7000000000003
3764.8
3764.9
3765.
3765.1000000000004
3765.2000000000003
3765.3
3765.4
3765.5
3765.6000000000004
3765.7000000000003
3765.8
3765.9
3766.
3766.1000000000004
3766.2000000000003
3766.3
3766.4
3766.5
3766.6000000000004
3766.7000000000003
3766.8
3766.9
3767.
3767.1000000000004
3767.2000000000003
3767.3
3767.4
3767.5
3767.6000000000004
3767.7000000000003
3767.8
3767.9
3768.
3768.1000000000004
3768.2000000000003
3768.3
3768.4
3768.5
3768.6000000000004
3768.7000000000003
3768.8
3768.9
3769.
3769.1000000000004
3769.2000000000003
3769.3
3769.4
3769.5
3769.6000000000004
3769.7000000000003
3769.8
3769.9
3770.
3770.1000000000004
3770.2000000000003
3770.3
3770.4
3770.5
3770.6000000000004
3770.7000000000003
3770.8
3770.9
3771.
3771.1000000000004
3771.2000000000003
3771.3
3771.4
3771.5
3771.6000000000004
3771.7000000000003
3771.8
3771.9
3772.
3772.1000000000004
3772.2000000000003
3772.3
3772.4
3772.5
3772.6000000000004
3772.7000000000003
3772.8
3772.9
3773.
3773.1000000000004
3773.2000000000003
3773.3
3773.4
3773.5
3773.6000000000004
3773.7000000000003
3773.8
3773.9
3774.
3774.1000000000004
3774.2000000000003
3774.3
3774.4
3774.5
3774.6000000000004
3774.7000000000003
3774.8
3774.9
3775.
3775.1000000000004
3775.2000000000003
3775.3
3775.4
3775.5
3775.6000000000004
3775.7000000000003
3775.8
3775.9
3776.
3776.1000000000004
3776.2000000000003
3776.3
3776.4
3776.5
3776.6000000000004
3776.7000000000003
3776.8
3776.9
3777.
3777.1000000000004
3777.2000000000003
3777.3
3777.4
3777.5
3777.6000000000004
3777.7000000000003
3777.8
3777.9
3778.
3778.1000000000004
3778.2000000000003
3778.3
3778.4
3778.5
3778.6000000000004
3778.7000000000003
3778.8
3778.9
3779.
3779.1000000000004
3779.2000000000003
3779.3
3779.4
3779.5
3779.6000000000004
3779.7000000000003
3779.8
3779.9
3780.
3780.1000000000004
3780.2000000000003
3780.3
3780.4
3780.5
3780.6000000000004
3780.7000000000003
3780.8
3780.9
3781.
3781.1000000000004
3781.2000000000003
3781.3
3781.4
3781.5
3781.6000000000004
3781.7000000000003
3781.8
3781.9
3782.
3782.1000000000004
3782.2000000000003
3782.3
3782.4
3782.5
3782.6000000000004
3782.7000000000003
3782.8
3782.9
3783.
3783.1000000000004
3783.2000000000003
3783.3
3783.4
3783.5
3783.6000000000004
3783.7000000000003
3783.8
3783.9
3784.
3784.1000000000004
3784.2000000000003
3784.3
3784.4
3784.5
3784.6000000000004
3784.7000000000003
3784.8
3784.9
3785.
3785.1000000000004
3785.2000000000003
3785.3
3785.4
3785.5
3785.6000000000004
3785.7000000000003
3785.8
3785.9
3786.
3786.1000000000004
3786.2000000000003
3786.3
3786.4
3786.5
3786.6000000000004
3786.7000000000003
3786.8
3786.9
3787.
3787.1000000000004
3787.2000000000003
3787.3
3787.4
3787.5
3787.6000000000004
3787.7000000000003
3787.8
3787.9
3788.
3788.1000000000004
3788.2000000000003
3788.3
3788.4
3788.5
3788.6000000000004
3788.7000000000003
3788.8
3788.9
3789.
3789.1000000000004
3789.2000000000003
3789.3
3789.4
3789.5
3789.6000000000004
3789.7000000000003
3789.8
3789.9
3790.
3790.1000000000004
3790.2000000000003
3790.3
3790.4
3790.5
3790.6000000000004
3790.7000000000003
3790.8
3790.9
3791.
3791.1000000000004
3791.2000000000003
3791.3
3791.4
3791.5
3791.6000000000004
3791.7000000000003
3791.8
3791.9
3792.
3792.1000000000004
3792.2000000000003
3792.3
3792.4
3792.5
3792.6000000000004
3792.7000000000003
3792.8
3792.9
3793.
3793.1000000000004
3793.2000000000003
3793.3
3793.4
3793.5
3793.6000000000004
3793.7000000000003
3793.8
3793.9
3794.
3794.1000000000004
3794.2000000000003
3794.3
3794.4
3794.5
3794.6000000000004
3794.7000000000003
3794.8
3794.9
3795.
3795.1000000000004
3795.2000000000003
3795.3
3795.4
3795.5
3795.6000000000004
3795.7000000000003
3795.8
3795.9
3796.
3796.1000000000004
3796.2000000000003
3796.3
3796.4
3796.5
3796.6000000000004
3796.7000000000003
3796.8
3796.9
3797.
3797.1000000000004
3797.2000000000003
3797.3
3797.4
3797.5
3797.6000000000004
3797.7000000000003
3797.8
3797.9
3798.
3798.1000000000004
3798.2000000000003
3798.3
3798.4
3798.5
3798.6000000000004
3798.7000000000003
3798.8
3798.9
3799.
3799.1000000000004
3799.2000000000003
3799.3
3799.4
3799.5
3799.6000000000004
3799.7000000000003
3799.8
3799.9
3800.
3800.1000000000004
3800.2000000000003
3800.3
3800.4
3800.5
3800.6000000000004
3800.7000000000003
3800.8
3800.9
3801.
3801.1000000000004
3801.2000000000003
3801.3
3801.4
3801.5
3801.6000000000004
3801.7000000000003
3801.8
3801.9
3802.
3802.1000000000004
3802.2000000000003
3802.3
3802.4
3802.5
3802.6000000000004
3802.7000000000003
3802.8
3802.9
3803.
3803.1000000000004
3803.2000000000003
3803.3
3803.4
3803.5
3803.6000000000004
3803.7000000000003
3803.8
3803.9
3804.
3804.1000000000004
3804.2000000000003
3804.3
3804.4
3804.5
3804.6000000000004
3804.7000000000003
3804.8
3804.9
3805.
3805.1000000000004
3805.2000000000003
3805.3
3805.4
3805.5
3805.6000000000004
3805.7000000000003
3805.8
3805.9
3806.
3806.1000000000004
3806.2000000000003
3806.3
3806.4
3806.5
3806.6000000000004
3806.7000000000003
3806.8
3806.9
3807.
3807.1000000000004
3807.2000000000003
3807.3
3807.4
3807.5
3807.6000000000004
3807.7000000000003
3807.8
3807.9
3808.
3808.1000000000004
3808.2000000000003
3808.3
3808.4
3808.5
3808.6000000000004
3808.7000000000003
3808.8
3808.9
3809.
3809.1000000000004
3809.2000000000003
3809.3
3809.4
3809.5
3809.6000000000004
3809.7000000000003
3809.8
3809.9
3810.
3810.1000000000004
3810.2000000000003
3810.3
3810.4
3810.5
3810.6000000000004
3810.7000000000003
3810.8
3810.9
3811.
3811.1000000000004
3811.2000000000003
3811.3
3811.4
3811.5
3811.6000000000004
3811.7000000000003
3811.8
3811.9
3812.
3812.1000000000004
3812.2000000000003
3812.3
3812.4
3812.5
3812.6000000000004
3812.7000000000003
3812.8
3812.9
3813.
3813.1000000000004
3813.2000000000003
3813.3
3813.4
3813.5
3813.6000000000004
3813.7000000000003
3813.8
3813.9
3814.
3814.1000000000004
3814.2000000000003
3814.3
3814.4
3814.5
3814.6000000000004
3814.7000000000003
3814.8
3814.9
3815.
3815.1000000000004
3815.2000000000003
3815.3
3815.4
3815.5
3815.6000000000004
3815.7000000000003
3815.8
3815.9
3816.
3816.1000000000004
3816.2000000000003
3816.3
3816.4
3816.5
3816.6000000000004
3816.7000000000003
3816.8
3816.9
3817.
3817.1000000000004
3817.2000000000003
3817.3
3817.4
3817.5
3817.6000000000004
3817.7000000000003
3817.8
3817.9
3818.
3818.1000000000004
3818.2000000000003
3818.3
3818.4
3818.5
3818.6000000000004
3818.7000000000003
3818.8
3818.9
3819.
3819.1000000000004
3819.2000000000003
3819.3
3819.4
3819.5
3819.6000000000004
3819.7000000000003
3819.8
3819.9
3820.
3820.1000000000004
3820.2000000000003
3820.3
3820.4
3820.5
3820.6000000000004
3820.7000000000003
3820.8
3820.9
3821.
3821.1000000000004
3821.2000000000003
3821.3
3821.4
3821.5
3821.6000000000004
3821.7000000000003
3821.8
3821.9
3822.
3822.1000000000004
3822.2000000000003
3822.3
3822.4
3822.5
3822.6000000000004
3822.7000000000003
3822.8
3822.9
3823.
3823.1000000000004
3823.2000000000003
3823.3
3823.4
3823.5
3823.6000000000004
3823.7000000000003
3823.8
3823.9
3824.
3824.1000000000004
3824.2000000000003
3824.3
3824.4
3824.5
3824.6000000000004
3824.7000000000003
3824.8
3824.9
3825.
3825.1000000000004
3825.2000000000003
3825.3
3825.4
3825.5
3825.6000000000004
3825.7000000000003
3825.8
3825.9
3826.
3826.1000000000004
3826.2000000000003
3826.3
3826.4
3826.5
3826.6000000000004
3826.7000000000003
3826.8
3826.9
3827.
3827.1000000000004
3827.2000000000003
3827.3
3827.4
3827.5
3827.6000000000004
3827.7000000000003
3827.8
3827.9
3828.
3828.1000000000004
3828.2000000000003
3828.3
3828.4
3828.5
3828.6000000000004
3828.7000000000003
3828.8
3828.9
3829.
3829.1000000000004
3829.2000000000003
3829.3
3829.4
3829.5
3829.6000000000004
3829.7000000000003
3829.8
3829.9
3830.
3830.1000000000004
3830.2000000000003
3830.3
3830.4
3830.5
3830.6000000000004
3830.7000000000003
3830.8
3830.9
3831.
3831.1000000000004
3831.2000000000003
3831.3
3831.4
3831.5
3831.6000000000004
3831.7000000000003
3831.8
3831.9
3832.
3832.1000000000004
3832.2000000000003
3832.3
3832.4
3832.5
3832.6000000000004
3832.7000000000003
3832.8
3832.9
3833.
3833.1000000000004
3833.2000000000003
3833.3
3833.4
3833.5
3833.6000000000004
3833.7000000000003
3833.8
3833.9
3834.
3834.1000000000004
3834.2000000000003
3834.3
3834.4
3834.5
3834.6000000000004
3834.7000000000003
3834.8
3834.9
3835.
3835.1000000000004
3835.2000000000003
3835.3
3835.4
3835.5
3835.6000000000004
3835.7000000000003
3835.8
3835.9
3836.
3836.1000000000004
3836.2000000000003
3836.3
3836.4
3836.5
3836.6000000000004
3836.7000000000003
3836.8
3836.9
3837.
3837.1000000000004
3837.2000000000003
3837.3
3837.4
3837.5
3837.6000000000004
3837.7000000000003
3837.8
3837.9
3838.
3838.1000000000004
3838.2000000000003
3838.3
3838.4
3838.5
3838.6000000000004
3838.7000000000003
3838.8
3838.9
3839.
3839.1000000000004
3839.2000000000003
3839.3
3839.4
3839.5
3839.6000000000004
3839.7000000000003
3839.8
3839.9
3840.
3840.1000000000004
3840.2000000000003
3840.3
3840.4
3840.5
3840.6000000000004
3840.7000000000003
3840.8
3840.9
3841.
3841.1000000000004
3841.2000000000003
3841.3
3841.4
3841.5
3841.6000000000004
3841.7000000000003
3841.8
3841.9
3842.
3842.1000000000004
3842.2000000000003
3842.3
3842.4
3842.5
3842.6000000000004
3842.7000000000003
3842.8
3842.9
3843.
3843.1000000000004
3843.2000000000003
3843.3
3843.4
3843.5
3843.6000000000004
3843.7000000000003
3843.8
3843.9
3844.
3844.1000000000004
3844.2000000000003
3844.3
3844.4
3844.5
3844.6000000000004
3844.7000000000003
3844.8
3844.9
3845.
3845.1000000000004
3845.2000000000003
3845.3
3845.4
3845.5
3845.6000000000004
3845.7000000000003
3845.8
3845.9
3846.
3846.1000000000004
3846.2000000000003
3846.3
3846.4
3846.5
3846.6000000000004
3846.7000000000003
3846.8
3846.9
3847.
3847.1000000000004
3847.2000000000003
3847.3
3847.4
3847.5
3847.6000000000004
3847.7000000000003
3847.8
3847.9
3848.
3848.1000000000004
3848.2000000000003
3848.3
3848.4
3848.5
3848.6000000000004
3848.7000000000003
3848.8
3848.9
3849.
3849.1000000000004
3849.2000000000003
3849.3
3849.4
3849.5
3849.6000000000004
3849.7000000000003
3849.8
3849.9
3850.
3850.1000000000004
3850.2000000000003
3850.3
3850.4
3850.5
3850.6000000000004
3850.7000000000003
3850.8
3850.9
3851.
3851.1000000000004
3851.2000000000003
3851.3
3851.4
3851.5
3851.6000000000004
3851.7000000000003
3851.8
3851.9
3852.
3852.1000000000004
3852.2000000000003
3852.3
3852.4
3852.5
3852.6000000000004
3852.7000000000003
3852.8
3852.9
3853.
3853.1000000000004
3853.2000000000003
3853.3
3853.4
3853.5
3853.6000000000004
3853.7000000000003
3853.8
3853.9
3854.
3854.1000000000004
3854.2000000000003
3854.3
3854.4
3854.5
3854.6000000000004
3854.7000000000003
3854.8
3854.9
3855.
3855.1000000000004
3855.2000000000003
3855.3
3855.4
3855.5
3855.6000000000004
3855.7000000000003
3855.8
3855.9
3856.
3856.1000000000004
3856.2000000000003
3856.3
3856.4
3856.5
3856.6000000000004
3856.7000000000003
3856.8
3856.9
3857.
3857.1000000000004
3857.2000000000003
3857.3
3857.4
3857.5
3857.6000000000004
3857.7000000000003
3857.8
3857.9
3858.
3858.1000000000004
3858.2000000000003
3858.3
3858.4
3858.5
3858.6000000000004
3858.7000000000003
3858.8
3858.9
3859.
3859.1000000000004
3859.2000000000003
3859.3
3859.4
3859.5
3859.6000000000004
3859.7000000000003
3859.8
3859.9
3860.
3860.1000000000004
3860.2000000000003
3860.3
3860.4
3860.5
3860.6000000000004
3860.7000000000003
3860.8
3860.9
3861.
3861.1000000000004
3861.2000000000003
3861.3
3861.4
3861.5
3861.6000000000004
3861.7000000000003
3861.8
3861.9
3862.
3862.1000000000004
3862.2000000000003
3862.3
3862.4
3862.5
3862.6000000000004
3862.7000000000003
3862.8
3862.9
3863.
3863.1000000000004
3863.2000000000003
3863.3
3863.4
3863.5
3863.6000000000004
3863.7000000000003
3863.8
3863.9
3864.
3864.1000000000004
3864.2000000000003
3864.3
3864.4
3864.5
3864.6000000000004
3864.7000000000003
3864.8
3864.9
3865.
3865.1000000000004
3865.2000000000003
3865.3
3865.4
3865.5
3865.6000000000004
3865.7000000000003
3865.8
3865.9
3866.
3866.1000000000004
3866.2000000000003
3866.3
3866.4
3866.5
3866.6000000000004
3866.7000000000003
3866.8
3866.9
3867.
3867.1000000000004
3867.2000000000003
3867.3
3867.4
3867.5
3867.6000000000004
3867.7000000000003
3867.8
3867.9
3868.
3868.1000000000004
3868.2000000000003
3868.3
3868.4
3868.5
3868.6000000000004
3868.7000000000003
3868.8
3868.9
3869.
3869.1000000000004
3869.2000000000003
3869.3
3869.4
3869.5
3869.6000000000004
3869.7000000000003
3869.8
3869.9
3870.
3870.1000000000004
3870.2000000000003
3870.3
3870.4
3870.5
3870.6000000000004
3870.7000000000003
3870.8
3870.9
3871.
3871.1000000000004
3871.2000000000003
3871.3
3871.4
3871.5
3871.6000000000004
3871.7000000000003
3871.8
3871.9
3872.
3872.1000000000004
3872.2000000000003
3872.3
3872.4
3872.5
3872.6000000000004
3872.7000000000003
3872.8
3872.9
3873.
3873.1000000000004
3873.2000000000003
3873.3
3873.4
3873.5
3873.6000000000004
3873.7000000000003
3873.8
3873.9
3874.
3874.1000000000004
3874.2000000000003
3874.3
3874.4
3874.5
3874.6000000000004
3874.7000000000003
3874.8
3874.9
3875.
3875.1000000000004
3875.2000000000003
3875.3
3875.4
3875.5
3875.6000000000004
3875.7000000000003
3875.8
3875.9
3876.
3876.1000000000004
3876.2000000000003
3876.3
3876.4
3876.5
3876.6000000000004
3876.7000000000003
3876.8
3876.9
3877.
3877.1000000000004
3877.2000000000003
3877.3
3877.4
3877.5
3877.6000000000004
3877.7000000000003
3877.8
3877.9
3878.
3878.1000000000004
3878.2000000000003
3878.3
3878.4
3878.5
3878.6000000000004
3878.7000000000003
3878.8
3878.9
3879.
3879.1000000000004
3879.2000000000003
3879.3
3879.4
3879.5
3879.6000000000004
3879.7000000000003
3879.8
3879.9
3880.
3880.1000000000004
3880.2000000000003
3880.3
3880.4
3880.5
3880.6000000000004
3880.7000000000003
3880.8
3880.9
3881.
3881.1000000000004
3881.2000000000003
3881.3
3881.4
3881.5
3881.6000000000004
3881.7000000000003
3881.8
3881.9
3882.
3882.1000000000004
3882.2000000000003
3882.3
3882.4
3882.5
3882.6000000000004
3882.7000000000003
3882.8
3882.9
3883.
3883.1000000000004
3883.2000000000003
3883.3
3883.4
3883.5
3883.6000000000004
3883.7000000000003
3883.8
3883.9
3884.
3884.1000000000004
3884.2000000000003
3884.3
3884.4
3884.5
3884.6000000000004
3884.7000000000003
3884.8
3884.9
3885.
3885.1000000000004
3885.2000000000003
3885.3
3885.4
3885.5
3885.6000000000004
3885.7000000000003
3885.8
3885.9
3886.
3886.1000000000004
3886.2000000000003
3886.3
3886.4
3886.5
3886.6000000000004
3886.7000000000003
3886.8
3886.9
3887.
3887.1000000000004
3887.2000000000003
3887.3
3887.4
3887.5
3887.6000000000004
3887.7000000000003
3887.8
3887.9
3888.
3888.1000000000004
3888.2000000000003
3888.3
3888.4
3888.5
3888.6000000000004
3888.7000000000003
3888.8
3888.9
3889.
3889.1000000000004
3889.2000000000003
3889.3
3889.4
3889.5
3889.6000000000004
3889.7000000000003
3889.8
3889.9
3890.
3890.1000000000004
3890.2000000000003
3890.3
3890.4
3890.5
3890.6000000000004
3890.7000000000003
3890.8
3890.9
3891.
3891.1000000000004
3891.2000000000003
3891.3
3891.4
3891.5
3891.6000000000004
3891.7000000000003
3891.8
3891.9
3892.
3892.1000000000004
3892.2000000000003
3892.3
3892.4
3892.5
3892.6000000000004
3892.7000000000003
3892.8
3892.9
3893.
3893.1000000000004
3893.2000000000003
3893.3
3893.4
3893.5
3893.6000000000004
3893.7000000000003
3893.8
3893.9
3894.
3894.1000000000004
3894.2000000000003
3894.3
3894.4
3894.5
3894.6000000000004
3894.7000000000003
3894.8
3894.9
3895.
3895.1000000000004
3895.2000000000003
3895.3
3895.4
3895.5
3895.6000000000004
3895.7000000000003
3895.8
3895.9
3896.
3896.1000000000004
3896.2000000000003
3896.3
3896.4
3896.5
3896.6000000000004
3896.7000000000003
3896.8
3896.9
3897.
3897.1000000000004
3897.2000000000003
3897.3
3897.4
3897.5
3897.6000000000004
3897.7000000000003
3897.8
3897.9
3898.
3898.1000000000004
3898.2000000000003
3898.3
3898.4
3898.5
3898.6000000000004
3898.7000000000003
3898.8
3898.9
3899.
3899.1000000000004
3899.2000000000003
3899.3
3899.4
3899.5
3899.6000000000004
3899.7000000000003
3899.8
3899.9
3900.
3900.1000000000004
3900.2000000000003
3900.3
3900.4
3900.5
3900.6000000000004
3900.7000000000003
3900.8
3900.9
3901.
3901.1000000000004
3901.2000000000003
3901.3
3901.4
3901.5
3901.6000000000004
3901.7000000000003
3901.8
3901.9
3902.
3902.1000000000004
3902.2000000000003
3902.3
3902.4
3902.5
3902.6000000000004
3902.7000000000003
3902.8
3902.9
3903.
3903.1000000000004
3903.2000000000003
3903.3
3903.4
3903.5
3903.6000000000004
3903.7000000000003
3903.8
3903.9
3904.
3904.1000000000004
3904.2000000000003
3904.3
3904.4
3904.5
3904.6000000000004
3904.7000000000003
3904.8
3904.9
3905.
3905.1000000000004
3905.2000000000003
3905.3
3905.4
3905.5
3905.6000000000004
3905.7000000000003
3905.8
3905.9
3906.
3906.1000000000004
3906.2000000000003
3906.3
3906.4
3906.5
3906.6000000000004
3906.7000000000003
3906.8
3906.9
3907.
3907.1000000000004
3907.2000000000003
3907.3
3907.4
3907.5
3907.6000000000004
3907.7000000000003
3907.8
3907.9
3908.
3908.1000000000004
3908.2000000000003
3908.3
3908.4
3908.5
3908.6000000000004
3908.7000000000003
3908.8
3908.9
3909.
3909.1000000000004
3909.2000000000003
3909.3
3909.4
3909.5
3909.6000000000004
3909.7000000000003
3909.8
3909.9
3910.
3910.1000000000004
3910.2000000000003
3910.3
3910.4
3910.5
3910.6000000000004
3910.7000000000003
3910.8
3910.9
3911.
3911.1000000000004
3911.2000000000003
3911.3
3911.4
3911.5
3911.6000000000004
3911.7000000000003
3911.8
3911.9
3912.
3912.1000000000004
3912.2000000000003
3912.3
3912.4
3912.5
3912.6000000000004
3912.7000000000003
3912.8
3912.9
3913.
3913.1000000000004
3913.2000000000003
3913.3
3913.4
3913.5
3913.6000000000004
3913.7000000000003
3913.8
3913.9
3914.
3914.1000000000004
3914.2000000000003
3914.3
3914.4
3914.5
3914.6000000000004
3914.7000000000003
3914.8
3914.9
3915.
3915.1000000000004
3915.2000000000003
3915.3
3915.4
3915.5
3915.6000000000004
3915.7000000000003
3915.8
3915.9
3916.
3916.1000000000004
3916.2000000000003
3916.3
3916.4
3916.5
3916.6000000000004
3916.7000000000003
3916.8
3916.9
3917.
3917.1000000000004
3917.2000000000003
3917.3
3917.4
3917.5
3917.6000000000004
3917.7000000000003
3917.8
3917.9
3918.
3918.1000000000004
3918.2000000000003
3918.3
3918.4
3918.5
3918.6000000000004
3918.7000000000003
3918.8
3918.9
3919.
3919.1000000000004
3919.2000000000003
3919.3
3919.4
3919.5
3919.6000000000004
3919.7000000000003
3919.8
3919.9
3920.
3920.1000000000004
3920.2000000000003
3920.3
3920.4
3920.5
3920.6000000000004
3920.7000000000003
3920.8
3920.9
3921.
3921.1000000000004
3921.2000000000003
3921.3
3921.4
3921.5
3921.6000000000004
3921.7000000000003
3921.8
3921.9
3922.
3922.1000000000004
3922.2000000000003
3922.3
3922.4
3922.5
3922.6000000000004
3922.7000000000003
3922.8
3922.9
3923.
3923.1000000000004
3923.2000000000003
3923.3
3923.4
3923.5
3923.6000000000004
3923.7000000000003
3923.8
3923.9
3924.
3924.1000000000004
3924.2000000000003
3924.3
3924.4
3924.5
3924.6000000000004
3924.7000000000003
3924.8
3924.9
3925.
3925.1000000000004
3925.2000000000003
3925.3
3925.4
3925.5
3925.6000000000004
3925.7000000000003
3925.8
3925.9
3926.
3926.1000000000004
3926.2000000000003
3926.3
3926.4
3926.5
3926.6000000000004
3926.7000000000003
3926.8
3926.9
3927.
3927.1000000000004
3927.2000000000003
3927.3
3927.4
3927.5
3927.6000000000004
3927.7000000000003
3927.8
3927.9
3928.
3928.1000000000004
3928.2000000000003
3928.3
3928.4
3928.5
3928.6000000000004
3928.7000000000003
3928.8
3928.9
3929.
3929.1000000000004
3929.2000000000003
3929.3
3929.4
3929.5
3929.6000000000004
3929.7000000000003
3929.8
3929.9
3930.
3930.1000000000004
3930.2000000000003
3930.3
3930.4
3930.5
3930.6000000000004
3930.7000000000003
3930.8
3930.9
3931.
3931.1000000000004
3931.2000000000003
3931.3
3931.4
3931.5
3931.6000000000004
3931.7000000000003
3931.8
3931.9
3932.
3932.1000000000004
3932.2000000000003
3932.3
3932.4
3932.5
3932.6000000000004
3932.7000000000003
3932.8
3932.9
3933.
3933.1000000000004
3933.2000000000003
3933.3
3933.4
3933.5
3933.6000000000004
3933.7000000000003
3933.8
3933.9
3934.
3934.1000000000004
3934.2000000000003
3934.3
3934.4
3934.5
3934.6000000000004
3934.7000000000003
3934.8
3934.9
3935.
3935.1000000000004
3935.2000000000003
3935.3
3935.4
3935.5
3935.6000000000004
3935.7000000000003
3935.8
3935.9
3936.
3936.1000000000004
3936.2000000000003
3936.3
3936.4
3936.5
3936.6000000000004
3936.7000000000003
3936.8
3936.9
3937.
3937.1000000000004
3937.2000000000003
3937.3
3937.4
3937.5
3937.6000000000004
3937.7000000000003
3937.8
3937.9
3938.
3938.1000000000004
3938.2000000000003
3938.3
3938.4
3938.5
3938.6000000000004
3938.7000000000003
3938.8
3938.9
3939.
3939.1000000000004
3939.2000000000003
3939.3
3939.4
3939.5
3939.6000000000004
3939.7000000000003
3939.8
3939.9
3940.
3940.1000000000004
3940.2000000000003
3940.3
3940.4
3940.5
3940.6000000000004
3940.7000000000003
3940.8
3940.9
3941.
3941.1000000000004
3941.2000000000003
3941.3
3941.4
3941.5
3941.6000000000004
3941.7000000000003
3941.8
3941.9
3942.
3942.1000000000004
3942.2000000000003
3942.3
3942.4
3942.5
3942.6000000000004
3942.7000000000003
3942.8
3942.9
3943.
3943.1000000000004
3943.2000000000003
3943.3
3943.4
3943.5
3943.6000000000004
3943.7000000000003
3943.8
3943.9
3944.
3944.1000000000004
3944.2000000000003
3944.3
3944.4
3944.5
3944.6000000000004
3944.7000000000003
3944.8
3944.9
3945.
3945.1000000000004
3945.2000000000003
3945.3
3945.4
3945.5
3945.6000000000004
3945.7000000000003
3945.8
3945.9
3946.
3946.1000000000004
3946.2000000000003
3946.3
3946.4
3946.5
3946.6000000000004
3946.7000000000003
3946.8
3946.9
3947.
3947.1000000000004
3947.2000000000003
3947.3
3947.4
3947.5
3947.6000000000004
3947.7000000000003
3947.8
3947.9
3948.
3948.1000000000004
3948.2000000000003
3948.3
3948.4
3948.5
3948.6000000000004
3948.7000000000003
3948.8
3948.9
3949.
3949.1000000000004
3949.2000000000003
3949.3
3949.4
3949.5
3949.6000000000004
3949.7000000000003
3949.8
3949.9
3950.
3950.1000000000004
3950.2000000000003
3950.3
3950.4
3950.5
3950.6000000000004
3950.7000000000003
3950.8
3950.9
3951.
3951.1000000000004
3951.2000000000003
3951.3
3951.4
3951.5
3951.6000000000004
3951.7000000000003
3951.8
3951.9
3952.
3952.1000000000004
3952.2000000000003
3952.3
3952.4
3952.5
3952.6000000000004
3952.7000000000003
3952.8
3952.9
3953.
3953.1000000000004
3953.2000000000003
3953.3
3953.4
3953.5
3953.6000000000004
3953.7000000000003
3953.8
3953.9
3954.
3954.1000000000004
3954.2000000000003
3954.3
3954.4
3954.5
3954.6000000000004
3954.7000000000003
3954.8
3954.9
3955.
3955.1000000000004
3955.2000000000003
3955.3
3955.4
3955.5
3955.6000000000004
3955.7000000000003
3955.8
3955.9
3956.
3956.1000000000004
3956.2000000000003
3956.3
3956.4
3956.5
3956.6000000000004
3956.7000000000003
3956.8
3956.9
3957.
3957.1000000000004
3957.2000000000003
3957.3
3957.4
3957.5
3957.6000000000004
3957.7000000000003
3957.8
3957.9
3958.
3958.1000000000004
3958.2000000000003
3958.3
3958.4
3958.5
3958.6000000000004
3958.7000000000003
3958.8
3958.9
3959.
3959.1000000000004
3959.2000000000003
3959.3
3959.4
3959.5
3959.6000000000004
3959.7000000000003
3959.8
3959.9
3960.
3960.1000000000004
3960.2000000000003
3960.3
3960.4
3960.5
3960.6000000000004
3960.7000000000003
3960.8
3960.9
3961.
3961.1000000000004
3961.2000000000003
3961.3
3961.4
3961.5
3961.6000000000004
3961.7000000000003
3961.8
3961.9
3962.
3962.1000000000004
3962.2000000000003
3962.3
3962.4
3962.5
3962.6000000000004
3962.7000000000003
3962.8
3962.9
3963.
3963.1000000000004
3963.2000000000003
3963.3
3963.4
3963.5
3963.6000000000004
3963.7000000000003
3963.8
3963.9
3964.
3964.1000000000004
3964.2000000000003
3964.3
3964.4
3964.5
3964.6000000000004
3964.7000000000003
3964.8
3964.9
3965.
3965.1000000000004
3965.2000000000003
3965.3
3965.4
3965.5
3965.6000000000004
3965.7000000000003
3965.8
3965.9
3966.
3966.1000000000004
3966.2000000000003
3966.3
3966.4
3966.5
3966.6000000000004
3966.7000000000003
3966.8
3966.9
3967.
3967.1000000000004
3967.2000000000003
3967.3
3967.4
3967.5
3967.6000000000004
3967.7000000000003
3967.8
3967.9
3968.
3968.1000000000004
3968.2000000000003
3968.3
3968.4
3968.5
3968.6000000000004
3968.7000000000003
3968.8
3968.9
3969.
3969.1000000000004
3969.2000000000003
3969.3
3969.4
3969.5
3969.6000000000004
3969.7000000000003
3969.8
3969.9
3970.
3970.1000000000004
3970.2000000000003
3970.3
3970.4
3970.5
3970.6000000000004
3970.7000000000003
3970.8
3970.9
3971.
3971.1000000000004
3971.2000000000003
3971.3
3971.4
3971.5
3971.6000000000004
3971.7000000000003
3971.8
3971.9
3972.
3972.1000000000004
3972.2000000000003
3972.3
3972.4
3972.5
3972.6000000000004
3972.7000000000003
3972.8
3972.9
3973.
3973.1000000000004
3973.2000000000003
3973.3
3973.4
3973.5
3973.6000000000004
3973.7000000000003
3973.8
3973.9
3974.
3974.1000000000004
3974.2000000000003
3974.3
3974.4
3974.5
3974.6000000000004
3974.7000000000003
3974.8
3974.9
3975.
3975.1000000000004
3975.2000000000003
3975.3
3975.4
3975.5
3975.6000000000004
3975.7000000000003
3975.8
3975.9
3976.
3976.1000000000004
3976.2000000000003
3976.3
3976.4
3976.5
3976.6000000000004
3976.7000000000003
3976.8
3976.9
3977.
3977.1000000000004
3977.2000000000003
3977.3
3977.4
3977.5
3977.6000000000004
3977.7000000000003
3977.8
3977.9
3978.
3978.1000000000004
3978.2000000000003
3978.3
3978.4
3978.5
3978.6000000000004
3978.7000000000003
3978.8
3978.9
3979.
3979.1000000000004
3979.2000000000003
3979.3
3979.4
3979.5
3979.6000000000004
3979.7000000000003
3979.8
3979.9
3980.
3980.1000000000004
3980.2000000000003
3980.3
3980.4
3980.5
3980.6000000000004
3980.7000000000003
3980.8
3980.9
3981.
3981.1000000000004
3981.2000000000003
3981.3
3981.4
3981.5
3981.6000000000004
3981.7000000000003
3981.8
3981.9
3982.
3982.1000000000004
3982.2000000000003
3982.3
3982.4
3982.5
3982.6000000000004
3982.7000000000003
3982.8
3982.9
3983.
3983.1000000000004
3983.2000000000003
3983.3
3983.4
3983.5
3983.6000000000004
3983.7000000000003
3983.8
3983.9
3984.
3984.1000000000004
3984.2000000000003
3984.3
3984.4
3984.5
3984.6000000000004
3984.7000000000003
3984.8
3984.9
3985.
3985.1000000000004
3985.2000000000003
3985.3
3985.4
3985.5
3985.6000000000004
3985.7000000000003
3985.8
3985.9
3986.
3986.1000000000004
3986.2000000000003
3986.3
3986.4
3986.5
3986.6000000000004
3986.7000000000003
3986.8
3986.9
3987.
3987.1000000000004
3987.2000000000003
3987.3
3987.4
3987.5
3987.6000000000004
3987.7000000000003
3987.8
3987.9
3988.
3988.1000000000004
3988.2000000000003
3988.3
3988.4
3988.5
3988.6000000000004
3988.7000000000003
3988.8
3988.9
3989.
3989.1000000000004
3989.2000000000003
3989.3
3989.4
3989.5
3989.6000000000004
3989.7000000000003
3989.8
3989.9
3990.
3990.1000000000004
3990.2000000000003
3990.3
3990.4
3990.5
3990.6000000000004
3990.7000000000003
3990.8
3990.9
3991.
3991.1000000000004
3991.2000000000003
3991.3
3991.4
3991.5
3991.6000000000004
3991.7000000000003
3991.8
3991.9
3992.
3992.1000000000004
3992.2000000000003
3992.3
3992.4
3992.5
3992.6000000000004
3992.7000000000003
3992.8
3992.9
3993.
3993.1000000000004
3993.2000000000003
3993.3
3993.4
3993.5
3993.6000000000004
3993.7000000000003
3993.8
3993.9
3994.
3994.1000000000004
3994.2000000000003
3994.3
3994.4
3994.5
3994.6000000000004
3994.7000000000003
3994.8
3994.9
3995.
3995.1000000000004
3995.2000000000003
3995.3
3995.4
3995.5
3995.6000000000004
3995.7000000000003
3995.8
3995.9
3996.
3996.1000000000004
3996.2000000000003
3996.3
3996.4
3996.5
3996.6000000000004
3996.7000000000003
3996.8
3996.9
3997.
3997.1000000000004
3997.2000000000003
3997.3
3997.4
3997.5
3997.6000000000004
3997.7000000000003
3997.8
3997.9
3998.
3998.1000000000004
3998.2000000000003
3998.3
3998.4
3998.5
3998.6000000000004
3998.7000000000003
3998.8
3998.9
3999.
3999.1000000000004
3999.2000000000003
3999.3
3999.4
3999.5
3999.6000000000004
3999.7000000000003
3999.8
3999.9
4000.