10.955350079729952
10.859318419597912
10.759509838508347
10.657220720884713
10.55354519962423
10.449391150154485
10.345500685327016
10.242471778035174
10.140779131995739
10.040793343008634
9.942797946494863
9.847004267729961
9.753564167178803
9.662580861217764
9.574118034035928
9.488207461952793
9.40485536052148
9.324047645926461
9.245754280252815
9.169932848004507
9.096531490289628
9.025491304093684
8.956748297290904
8.890234975498203
8.825881624418887
8.76361734074959
8.703370855808764
8.64507118856433
8.588648158484654
8.53403278342262
8.481157583404
8.429956807586521
8.380366598663642
8.332325106505802
8.285772436280839
8.24065118619814
8.196905713326533
8.154482624348597
8.113330626772711
8.073400492026956
8.03464500879675
7.997018929070063
7.960478908899141
7.924983445511045
7.890492812088021
7.856968991281478
7.824375608310842
7.792677864323311
7.761842470546245
7.731837583645067
7.702632742602146
7.674198807352259
7.646507899345007
7.619533344151536
7.593249616189873
7.567632285608533
7.542657967340303
7.518304272315982
7.494549760810591
7.4713738978809845
7.448757010843606
7.426680248733384
7.4051255436792855
7.384075574128236
7.363513729846775
7.343424077978829
7.323791333986309
7.304600827652537
7.285838477076628
7.267490760839499
7.249544692174253
7.231987794425276
7.214808077732787
7.197994016881795
7.1815345302568785
7.165418959846688
7.149637052244355
7.134178940592683
7.119035127425101
7.104196468355941
7.08965415657571
7.075399708109355
7.061424947797592
7.0477219959633945
7.034283255727805
7.021101400940996
7.008169364696405
6.9954803283974165
6.983027711347767
6.970805160838288
6.95880654270423
6.947025932328696
6.93545760606905
6.92409603308452
6.912935867544231
6.901971941196252
6.891199256279078
6.880612978758153
6.870208431870877
6.859981089964514
6.849926572612218
6.840040638993174
6.830319182523725
6.820758225726916
6.811353915328636
6.802102517569215
6.793000413719837
6.7840440957937655
6.775230162442901
6.766555315030659
6.7580163538726765
6.7496101746373
6.74133376489817
6.733184200831709
6.725158644052642
6.7172543385810295
6.709468607934664
6.701798852340973
6.694242546062881
6.686797234833382
6.679460533393787
6.672230123130922
6.665103749808837
6.658079221390621
6.651154405946353
6.644327229643339
6.637595674814876
6.6309577781041655
6.624411628679974
6.617955366520933
6.611587180765484
6.60530530812455
6.59910803135434
6.592993677786541
6.586960617913608
6.581007264026632
6.575132068903732
6.5693335245466695
6.563610160963817
6.557960544997411
6.552383279193345
6.546877000711684
6.541440380276291
6.536072121161851
6.5307709582169124
6.52553565692138
6.520365012477095
6.515257848930207
6.510213018324031
6.505229399881199
6.500305899213931
6.49544144756135
6.490635001565007
6.4858855405066995
6.48119206869827
6.47655361276381
6.471969221510706
6.46743796530839
6.46295893548765
6.458531243759631
6.454154021653874
6.4498264199746025
6.445547608274648
6.4413167743462925
6.437133123728456
6.432995879229601
6.428904280465765
6.424857583413217
6.420855059975159
6.416895997561996
6.412979698684669
6.409105480560593
6.405272674731755
6.401480626694532
6.39772869554082
6.394016253610069
6.390342686151867
6.38670739099867
6.383109778248363
6.379549269956285
6.376025299836399
6.372537312971318
6.36908476553085
6.365667124498803
6.362283867407742
6.358934482081466
6.355618466384931
6.3523353279813515
6.349084584096264
6.345865761288346
6.342678395226709
6.339522030474502
6.336396220278605
6.333300526365227
6.3302345187411655
6.327197775500648
6.324189882637452
6.321210433862254
6.318259030424939
6.315335280941796
6.312438801227395
19.12907926097144
18.98783031455373
18.838896808841692
18.684227591376985
18.525536102017707
18.36430154617054
18.20178203822966
18.039033919258824
17.876933589053863
17.716199626890234
17.55741391722553
17.401041102377544
17.247446064563114
17.096909371256135
16.949640752586674
16.805790752268525
16.665460727373006
16.528711382287774
16.395570018222767
16.266036667938316
16.140089269928282
16.017688019529995
15.898779017797892
15.783297323280342
15.67116949748984
15.56231572201677
15.456651553919528
15.35408937615686
15.254539591295325
15.157911599389823
15.06411459466032
14.973058210237308
14.884653035700097
14.798811028272127
14.715445835267866
14.634473042619415
14.555810361971925
14.479377766861333
14.405097586819387
14.332894566842663
14.26269589847384
14.19443122774071
14.128032644352436
14.063434655838954
14.000574149717545
13.939390346263007
13.879824744029763
13.821821059913647
13.765325165236646
13.71028501908212
13.656650599891933
13.604373836155563
13.553408536868535
13.503710322309209
13.455236555575338
13.40794627523155
13.3618001293434
13.316760311110457
13.272790496258603
13.229855782307755
13.187922629795052
13.146958805504005
13.106933327725104
13.067816413553732
13.029579428214793
12.992194836390428
12.955636155516842
12.919877911008044
12.884895593358056
12.850665617068508
12.817165281344877
12.78437273250263
12.752266928022763
12.720827602195763
12.69003523329272
12.659871012202856
12.630316812477309
12.601355161720269
12.572969214269763
12.545142725111909
12.51786002497414
12.491105996544613
12.464866051766782
12.439126110160105
12.413872578119564
12.389092329148685
12.364772684982496
12.340901397558778
12.317466631797744
12.294456949152025
12.271861291890497
12.249668968081378
12.22786963724117
12.206453296618191
12.185410268080325
12.164731185578475
12.144406983158381
12.1244288834948
12.104788386923383
12.085477260946716
12.066487530192134
12.047811466800068
12.029441581222711
12.011370613413758
11.993591524390911
11.976097488153863
11.958881883941109
11.941938288810011
11.925260470525087
11.908842380740376
11.8926781484624
11.876762073780801
11.86108862185462
11.845652417142412
11.830448237865339
11.815471010692615
11.800715805639452
11.786177831167864
11.771852429481385
11.75773507200514
11.743821355042934
11.730106995603748
11.716587827390098
11.70325979694124
11.690118959924527
11.677161477568472
11.664383613231417
11.651781729100032
11.63935228301206
11.627091825398065
11.614996996337142
11.603064522721771
11.591291215527244
11.57967396718135
11.568209749030098
11.5568956088955
11.545728668721683
11.534706122305659
11.523825233109324
11.513083332149385
11.502477815962036
11.492006144639449
11.481665839935093
11.471454483435288
11.46136971479415
11.451409230029691
11.441570779878433
11.431852168206355
11.422251250474012
11.412765932253613
11.403394167796177
11.394133958646714
11.384983352305722
11.375940440935159
11.367003360107176
11.358170287594112
11.34943944219807
11.3408090826187
11.332277506357684
11.323843048658615
11.315504081480967
11.307259012506828
11.299106284179349
11.291044372771555
11.283071787484621
11.275187069574372
11.267388791505137
11.259675556129876
11.252045995895722
11.244498772073955
11.23703257401364
11.229646118418016
11.222338148642887
11.215107434016241
11.207952769178348
11.200872973441646
11.193866890169714
11.186933386174715
11.180071351132645
11.173279697015772
11.166557357541787
11.15990328763891
11.153316462926657
11.146795879211513
11.14034055199723
11.133949516009055
11.127621824731639
11.121356549959996
11.115152781363225
11.109009626060482
11.102926208208856
11.096901668602776
11.090935164284529
11.08502586816558
11.079172968658323
11.073375669317935
11.067633188494057
11.06194475899191
11.056309627742637
11.050727055482502
11.04519631644076
31.56065968962551
31.36407531259733
31.154047908779145
30.93326530931686
30.70417954789268
30.46898142963564
30.2295968802524
29.98769718182716
29.744714409672056
29.50186563051546
29.260173527072368
29.020489302843355
28.783513981751504
28.549818096385668
28.319859536704776
28.093999504373542
27.872516623786574
27.65561932173552
27.443456619030165
27.236127024839767
27.033688480539535
26.836162522832993
26.643542115888057
26.455796292664786
26.272874514995387
26.094710387047094
25.921224810982817
25.752328662540187
25.587925054211883
25.42791124474441
25.272180245742753
25.120622169203877
24.973125353721592
24.829577301818674
24.689865456281524
24.553877839414856
24.421503575720852
24.29263331556923
24.167159574898342
24.04497700381814
23.925982595123415
23.810075842128636
23.697158853866597
23.587136434518907
23.479916132941455
23.375408267285756
23.273525928979602
23.174184969698146
23.077303974415294
22.982804223161814
22.890609643719635
22.800646757141987
22.71284461769839
22.62713474859446
22.543451074603546
22.461729852565423
22.38190960055118
22.303931026360956
22.22773695590709
22.153272261939
22.08048379348298
22.00932030630029
21.939732394606793
21.871672424247052
21.805094467472376
21.7399542394363
21.676209036490345
21.613817676336815
21.552740440074146
21.492939016152068
21.43437644623903
21.377017072991897
21.320826489707834
21.26577149183008
21.211820030272765
21.15894116652457
21.107105029487208
21.056282774001463
21.006446541011204
20.957569419314744
20.909625408851333
20.86258938547065
20.816437067132924
20.771144981487545
20.726690434778856
20.683051482028382
20.640206898443882
20.598136152006607
20.55681937718974
20.51623734976173
20.47637146263026
20.437203702683455
20.39871662858688
20.360893349495925
20.323717504644886
20.287173243775438
20.25124520836858
20.21591851364561
20.18117873130513
20.147011872964093
20.113404374272736
20.080343079674137
20.047815227780436
20.015808437339093
19.984310693763522
19.95331033620372
19.922796045133524
19.89275683043199
19.863182019937785
19.834061248455924
19.80538444719746
19.777141833633628
19.749323901746255
19.721921412657977
19.694925385625552
19.668327089381012
19.64211803380586
19.616289961923968
19.59083484220004
19.565744861130298
19.541012416113514
19.51663010859029
19.49259073743965
19.468887292621844
19.445512949057637
19.42246106073382
19.399725155025813
19.377298927228516
19.355176235286642
19.33335109471661
19.311817673712035
19.290570288425513
19.26960339841944
19.248911602279215
19.228489633382157
19.208332355816072
19.18843476044141
19.1687919610914
19.14939919090462
19.130251798784943
19.11134524598368
19.092675102799443
19.074237045390735
19.05602685269742
19.038040403466383
19.020273673377766
19.002722732267713
18.985383741444057
18.968252951091383
18.951326697762127
18.934601401950395
18.918073565745594
18.901739770562656
18.885596674946214
18.86964101244592
18.85386958956019
18.838279283746118
18.822867041492866
18.807629876456424
18.792564867653404
18.777669157711827
18.76293995117672
18.748374512868796
18.733970166294064
18.719724292102768
18.705634326595792
18.691697760276913
18.67791213644935
18.66427504985488
18.650784145354308
18.63743711664767
18.624231705032802
18.611165698201074
18.598236929068992
18.585443274644327
18.57278265492574
18.560253031834733
18.547852408178855
18.535578826645008
18.523430368822023
18.51140515425146
18.499501339505578
18.48771711729186
18.476050715582897
18.4645003967711
18.453064456847205
18.441741224601905
18.430529060849924
18.419426357675665
18.408431537699812
18.39754305336631
18.38675938624891
18.37607904637676
18.365500571578444
18.355022526843875
18.34464350370345
18.33436211962399
18.32417701742091
18.314086864686125
18.304090353231185
18.294186198545276
49.718854782516736
49.457054646658605
49.17394937848964
48.87299754909873
48.557467284058355
48.23037212608754
47.89444008026563
47.55210506231132
47.20551288824594
46.85653621223739
46.50679452019071
46.15767653061984
45.81036324737211
45.46585053993596
45.12497056657055
44.78841165688213
44.456736473310016
44.13039840441654
43.80975622778707
43.495087131785205
43.18659821403304
42.884436587822144
42.58869823097986
42.29943570867617
42.016664894781684
41.74037080738555
41.470512664102564
41.20702825258737
40.94983770170745
40.69884672938944
40.453949434405196
40.21503069137404
39.9819682010434
39.754634241451754
39.53289715983482
39.31662264005311
39.10567477584358
38.8999169762647
38.699212726262026
38.50342622226975
38.31242290013834
38.12606987038858
37.94423627380026
37.76679356861084
37.59361575909277
37.42457957397054
37.25956460200075
37.09845339105434
36.94113151618176
36.78748762140089
36.63741295004998
36.49080330308175
36.347556087920786
36.207572248869866
36.070755739214874
35.937013474167934
35.806255276733985
35.678393817937234
35.55334455263906
35.43102565199944
35.3113579334797
35.19426478914993
35.079672112949346
34.96750822744627
34.85770381055862
34.750191822620295
34.644907434114295
34.54178795433735
34.44077276121315
34.34180323242917
34.24482267803714
34.14977627462649
34.05661100115372
33.96527557648857
33.87572039871916
33.78789748624125
33.701760420644355
33.61726429139462
33.53436564230603
33.453022419782386
33.373193922806834
33.29484075464947
33.21792477625971
33.14240906130664
33.068257852827294
32.995436521441455
32.92391152508948
32.8536503702489
32.78462157458516
32.71679463099079
32.65013997296823
32.58462894131126
32.520233752040504
32.4569274655492
32.394683956916104
32.33347788734327
32.27328467667758
32.214080476975475
32.15584214707207
32.09854722811623
32.04217392003494
31.986701058891096
31.932108095100055
31.87837507247152
31.825482608044606
31.773411872684548
31.722144572411466
31.67166293043185
31.6219496698451
31.572987996998354
31.524761585463594
31.477254560612536
31.430451484765204
31.384337342889545
31.338897528829982
31.29411783204385
31.249984424825488
31.20648384999863
31.163603009058296
31.121329150744522
31.07964986003065
31.038553047509847
30.99802693916393
30.95806006649971
30.918641257038043
30.87975962514185
30.84140456316986
30.80356573294328
30.766233057513066
30.72939671321625
30.69304712201
30.6571749440726
30.621771070661232
30.586826617216296
30.55233291670331
30.51828151318272
30.484664155599432
30.451472791783328
30.418699562652893
30.3863367966144
30.354377004148994
30.32281287258087
30.291637261019638
30.26084319547036
30.230423864105173
30.20037261269026
30.170682940162614
30.14134849435108
30.112363067836327
30.08372059394455
30.055415142870352
30.02744091792387
29.999792251897578
29.972463603548842
29.945449554193562
29.918744804407456
29.892344170830608
29.866242583072147
29.840435080711124
29.81491681039038
29.789683023000062
29.764729070947823
29.74005040551243
29.715642574278
29.69150121864629
29.667622071423903
29.6440009544823
29.6206337764878
29.597516530699444
29.574645292832113
29.552016218983034
29.5296255436194
29.507469577624835
29.485544706403193
29.4638473880374
29.442374151501674
29.421121594925356
29.40008638390665
29.379265249874575
29.358654988497698
29.338252458137973
29.318054578348303
29.298058328412413
29.278260745925675
29.25865892541557
29.23925001700046
29.22003122508567
29.2009998070953
29.182153072239114
29.163488380313062
29.145003140532523
29.126694810397183
29.108560894586702
29.090598943886
29.072806554139497
29.05518136523318
29.037721060103827
29.0204233637745
29.003286042415475
28.986306902429845
28.969483789563167
75.37329988048855
75.03689919905378
74.66904744120217
74.273942651541
73.85569343992074
73.41820498797875
72.96511026479897
72.49973381107
72.02507831543386
71.54382663657942
71.05835226175388
70.57074398061437
70.08281782174022
69.596146639649
69.11208181598175
68.63177593943041
68.15620431914908
67.68618503013552
67.22239734404845
66.76539850399723
66.31563887109937
65.87347551440739
65.43918434172544
65.01297088234568
64.59497983779816
64.18530351614926
63.783989261223816
63.39104598177547
63.00644987808
62.63014945534805
62.26206990520434
61.902116928550406
61.550180065602845
61.20613559188147
60.86984903246286
60.54117734093001
60.21997078412516
59.906074569029805
59.59933024381613
59.29957690130044
59.00665220964296
58.72039329213565
58.440637475267295
58.1672229219122
57.89998916442336
57.63877755059417
57.38343161385146
57.133797377638416
56.88972360270941
56.651061984974184
56.417667310577365
56.18939757406252
55.96611406473801
55.74768142571773
55.5339676895467
55.32484429382628
55.12018607982016
54.919871276642276
54.72378147329392
54.5318015805252
54.34381978423999
54.159727491938625
53.97941927349588
53.802792797399206
53.62974876342132
53.46019083256872
53.294025555031766
53.131162296760635
52.971513165202786
52.81499293465948
52.66151897165163
52.511011160625586
52.363391830277656
52.218585680731465
52.07651971176197
51.93712315222711
51.80032739083677
51.666065908364075
51.53427421138079
51.4048897675798
51.277851942730805
51.15310193930027
51.03058273675555
50.91023903356135
50.79201719086825
50.675865177885406
50.56173251892256
50.44957024208189
50.339330829574806
50.230968169635865
50.12443751000241
50.01969541292641
49.9166997116831
49.81540946853922
49.71578493414313
49.61778750829777
49.52137970207756
49.42652510124965
49.333188330960475
49.24133502164805
49.150931776141775
49.06194613791095
48.974346560424564
48.88810237758539
48.80318377520183
48.71956176346224
48.63720815037702
48.55609551615474
48.47619718847936
48.39748721865672
48.31994035859915
48.24353203861822
48.1682383459966
48.09403600431046
48.02090235347546
47.94881533048978
47.87775345084872
47.807695790606196
47.73862196905938
47.670512132033735
47.603346935745904
47.53710753122357
47.471775549261636
47.40733308589455
47.34376268836646
47.28104734157996
47.219170455006655
47.15811585004161
47.097867747786125
47.03841075724273
46.979729863907
46.92181041874214
46.864638127521985
46.80819904052897
46.75247954259394
46.69746634346597
46.64314646849927
46.589507249646346
46.536536316746016
46.48422158909574
46.43255126729789
46.38151382537018
46.33109800311074
46.281292798708776
46.23208746159185
46.18347148550173
46.135434601790145
46.08796677292725
46.041058186214784
45.99469924769694
45.948880576262255
45.90359299792912
45.858827540309235
45.8145754272425
45.77082807359729
45.727577080230645
45.68481422910265
45.64253147853981
45.60072095864238
45.55937496683045
45.51848596352452
45.47804656795554
45.43804955410037
45.398487846738234
45.35935451762429
45.320642781776115
45.282345993869654
45.244457644740855
45.20697135798941
45.16988088668132
45.133180110147094
45.09686303087232
45.06092377147761
45.02535657178516
44.99015578596888
44.955315879785644
44.920831427884735
44.886697111193314
44.85290771437533
44.8194581233614
44.786343322947594
44.75355839446094
44.72109851348944
44.68895894767448
44.65713505456419
44.62562227952496
44.5944161537103
44.5635122920845
44.53290639149979
44.502594228825295
44.47257165912596
44.44283461389049
44.41337909930594
44.38420119457855
44.355297050298496
44.32666288684793
44.2982949928506
44.27018972366204
44.242343499898915
44.21475280600649
44.187414188863194
110.62229718654169
110.20258605358376
109.73888488083774
109.2360341254174
108.69894777169662
108.13244029510918
107.54111044602513
106.92926816359454
106.30089337944244
105.65961781962632
105.00872295271185
104.35114890908835
103.68951052988962
103.02611773929985
102.36299822447882
101.70192100264143
101.04441989794908
100.3918162771416
99.74524063041173
99.1056527549137
98.4738604194485
97.85053647320494
97.23623441872928
96.63140250688599
96.03639643493756
95.45149074209147
94.87688900293736
94.3127329203497
93.75911041726636
93.21606282244927
92.68359123972868
92.16166218392009
91.65021256000972
91.14915405560642
90.65837701025191
90.17775381908689
89.7071419226583
89.24638642935996
88.79532241213883
88.35377691666474
87.92157071414103
87.49851982830188
87.08443686287602
86.67913215286421
86.28241476035845
85.89409333328628
85.51397684337813
85.1418752177958
84.77759987720765
84.42096419162775
84.07178386403321
83.72987725061562
83.39506562550017
83.06717339685355
82.74602828049987
82.43146143644759
82.12330757310121
81.82140502337064
81.52559579639615
81.23572560816979
80.95164389394444
80.67320380497966
80.40026219186905
80.13267957642509
79.87032011385949
79.61305154678669
79.36074515239196
79.11327568393997
78.8705213076561
78.63236353588067
78.39868715728593
78.16938016484187
77.94433368212975
77.72344188852314
77.50660194368616
77.29371391177858
77.08468068570173
76.87940791167341
76.67780391437537
76.47977962288313
76.28524849755165
76.09412645800563
75.90633181235378
75.72178518772884
75.5404094622316
75.36212969834352
75.18687307785552
75.01456883834925
74.84514821125467
74.67854436149919
74.51469232875394
74.35352897027741
74.19499290534822
74.03902446127509
73.88556562096757
73.73455997204555
73.5859526574655
73.43969032763505
73.29572109398869
73.15399448399339
73.01446139755271
72.87707406477632
72.7417860050821
72.60855198759539
72.47732799281242
72.34807117549231
72.22073982874392
72.09529334927242
71.97169220375238
71.84989789629284
71.72987293696184
71.61158081133733
71.49498595105243
71.38005370530357
71.26675031329083
71.15504287756025
71.0448993382186
70.93628844799241
70.82917974810299
70.72354354493046
70.6193508874404
70.51657354534763
70.41518398799202
70.31515536390282
70.21646148102707
70.11907678760087
70.02297635364046
69.9281358530325
69.83453154620273
69.74214026334363
69.65093938818141
69.560906842264
69.47202106975246
69.38426102269763
69.29760614678676
69.21203481284388
69.12753052244446
69.0440725662296
68.96164223072353
68.88022123130995
68.79979170047349
68.72033617640898
68.64183759198528
68.5642792640523
68.4876448830789
68.41191850311094
68.33708453203812
68.2631277221596
68.19003316103819
68.11778626263286
68.04637275870121
67.97577869046165
67.90599040050772
67.8369945249653
67.76877798588473
67.70132798386054
67.63463199087062
67.56867774332792
67.5034532353374
67.43894671215172
67.37514666381918
67.31204181901701
67.24962113906494
67.18787381211231
67.12678924749346
67.06635707024586
67.00656711578603
66.94740942473746
66.88887423790636
66.8309519914003
66.77363331188478
66.71690901197387
66.6607700857506
66.60520770441248
66.55021321203888
66.49577812147604
66.441894110336
66.3885530171063
66.33574683736622
66.28346772010732
66.23170796415401
66.18046001468166
66.1297164598292
66.07947002740323
66.0297135816705
65.98044012023705
65.93164277100992
65.88331478924059
65.83544955464617
65.78804056860707
65.7410814514382
65.69456593973206
65.64848788377097
65.60284124500693
65.55762009360683
65.51281860606112
65.46843106285394
65.42445184619348
65.38087543779997
65.33769641675016
65.29490945737679
157.92069292940144
157.40974908842026
156.83983869088468
156.21628337038305
155.54470582683854
154.8307912181077
154.0801155749638
153.2980275050042
152.48957112597708
151.65944017162954
150.8119551598424
149.95105723712786
149.0803137633242
148.20293187971188
147.32177724172152
146.439395831035
145.55803732828375
144.6796789600946
143.8060490613492
142.938649838564
142.07877900205563
141.22755006789768
140.3859112272331
139.5546627492964
138.73447293247614
137.92589265022224
137.12936855963616
136.34525505324189
135.57382504104496
134.81527965229085
134.06975694563337
133.337339713686
132.61806246386917
131.91191765260874
131.21886124465297
130.5388176638416
129.87168419624933
129.21733490138425
128.57562408211425
127.946389359288
127.3294543926251
126.7246312853936
126.13172270666257
125.55052376151045
124.98082363646529
124.4224070446397
123.87505549247473
123.33854838771146
122.8126640061355
122.2971803327814
121.79187579160948
121.29652987617074
120.81092369242953
120.33484042371217
119.86806572667297
119.4103880662062
118.96159899637202
118.52149339363623
118.08986964803707
117.66652981727748
117.25127974819671
116.84392916958365
116.44429175985958
116.05218519276914
115.66743116386976
115.28985540030128
114.91928765603936
114.55556169459209
114.19851526087655
113.84799004381705
113.50383163103274
113.1658894568234
112.83401674452598
112.50807044418839
112.18791116639653
111.87340311299303
111.56441400533652
111.2608150106734
110.9624806671231
110.66928880771653
110.38112048387107
110.0978598886374
109.81939428001898
109.54561390455245
109.27641192152593
109.01168432780796
108.7513298836067
108.49525003923006
108.24334886297046
107.99553297020915
107.75171145381752
107.51179581591796
107.27569990105434
107.04333983081034
106.81463393990327
106.58950271377321
106.36786872767874
106.14965658730354
105.9347928708739
105.72320607277933
105.51482654868687
105.30958646213418
105.10741973258355
104.908261984917
104.71205050034929
104.51872416873434
104.32822344223918
104.14049029035748
103.95546815623445
103.77310191427429
103.5933378289993
103.41612351513155
103.24140789886627
103.06914118030603
102.89927479702598
102.73176138873927
102.56655476303271
102.40360986214247
102.24288273074141
102.08433048470738
101.92791128084534
101.77358428753459
101.62130965627357
101.47104849409547
101.32276283682803
101.17641562317213
101.03197066957378
100.88939264586469
100.74864705164812
100.60970019340658
100.47251916230802
100.33707181268957
100.20332674119682
100.0712532665576
99.94082140997091
99.81200187609038
99.68476603458429
99.55908590225286
99.43493412568554
99.31228396444054
99.19110927473017
99.0713844935958
98.9530846235563
98.83618521771496
98.7206623653106
98.60649267769759
98.49365327474216
98.38212177162069
98.2718762660076
98.1628953256404
98.05515797624932
97.94864368984042
97.84333237332056
97.73920435745339
97.63624038613592
97.53442160598519
97.43372955622547
97.33414615886647
97.23565370916299
97.13823486634743
97.04187264462652
96.9465504044339
96.8522518439304
96.75896099074446
96.66666219394497
96.57534011623932
96.4849797263901
96.39556629184256
96.3070853715574
96.21952280904236
96.13286472557554
96.04709751361575
95.96220783039337
95.87818259167686
95.79500896570843
95.71267436730501
95.63116645211872
95.55047311105221
95.47058246482405
95.39148285867984
95.3131628572448
95.23561123951293
95.15881699396957
95.08276931384258
95.00745759247873
94.93287141884177
94.85900057312796
94.78583502249609
94.71336491690863
94.64158058508046
94.57047253053231
94.50003142774557
94.43024811841593
94.3611136078026
94.29261906117048
94.22475580032301
94.15751530022199
94.0908891856933
94.02486922821521
93.95944734278675
93.89461558487463
220.1077923880246
219.49854090566623
218.81291998429836
218.0565118476456
217.23549116598454
216.3563173866804
215.42550202223848
214.4494382259446
213.43428055595905
212.38586422321515
211.30965477504353
210.21072079565005
209.09372367244126
207.9629197351596
206.82217111895773
205.67496255030395
204.5244219318432
203.37334313656854
202.22420983874042
201.07921953168685
199.9403071301815
198.80916774344385
197.68727834682818
196.5759181863017
195.47618782804307
194.3890268223899
193.31522999195698
192.2554623819832
191.21027292989567
190.18010692304216
189.16531732036893
188.1661750168828
187.1828781300946
186.21556038610507
185.26429868015254
184.32911988276643
183.41000695848396
182.5069044596391
181.61972345320862
180.74834593421514
179.89262877484106
179.05240725424878
178.22749821017635
177.41770284969647
176.6228092531059
175.84259460175102
175.0768271576774
174.32526802032945
173.58767268308029
172.86379241015408
172.15337545247775
171.45616811916838
170.7719157196973
170.10036339027005
169.44125681660154
168.794342864039
168.15937012487666
167.53608939171104
166.92425406478364
166.3236205004487
165.73394830717766
165.15500059485058
164.58654418250123
164.02834976914582
163.4801920718537
162.9418499347851
162.41310641253827
161.89374883080052
161.38356882698707
160.8823623732703
160.3899297841533
159.90607571051177
159.43060912182978
158.96334327816868
158.50409569324643
158.05268808985852
157.6089463487359
157.17270045182119
156.74378442083392
156.3220362519019
155.90729784694898
155.49941494245383
155.09823703612173
154.70361731195322
154.31541256413482
153.93348312012847
153.5576927632899
153.18790865530906
152.8240012587252
152.46584425974137
152.11331449153113
151.76629185820556
151.4246592595863
151.0883025169078
150.75711029955562
150.4309740529294
150.1097879275057
149.79344870916222
149.48185575081374
149.17491090539934
148.87251846025126
148.57458507286873
148.28101970811184
147.9917335768244
147.70664007588934
147.4256547297161
147.14869513315375
146.87568089582072
146.6065335878395
146.3411766869602
146.07953552705615
145.82153724797107
145.56711074669812
145.31618662986625
145.0686971675115
144.82457624810743
144.58375933482995
144.34618342302946
144.11178699888404
143.88050999920773
143.65229377238447
143.42708104040378
143.20481586196792
142.98544359664575
142.76891087004563
142.55516553997998
142.34415666359698
142.13583446545232
141.930150306495
141.72705665394292
141.52650705202385
141.32845609355599
141.13285939234564
140.9396735563782
140.74885616178003
140.56036572752862
140.37416169088885
140.1902043835559
140.0084550084812
139.82887561736456
139.65142908879005
139.4760791069881
139.3027901412046
139.13152742565907
138.9622569400745
138.7949453907606
138.62956019223577
138.46606944936983
138.30444194003266
138.1446470982338
137.98665499773728
137.83043633613792
137.6759624193857
137.5232051467435
137.37213699616578
137.22273101008577
137.07496078159858
136.92880044102765
136.78422464286444
136.6412085530685
136.49972783671842
136.3597586460019
136.22127760853638
136.08426181600842
135.9486888131235
135.81453658685683
135.68178355599565
135.5504085609653
135.42039085392878
135.2917100891545
135.16434631364123
135.03827995799438
134.91349182754652
134.78996309371337
134.66767528557932
134.5466102817061
134.42675030215693
134.30807790073086
134.19057595740034
134.07422767094715
133.9590165517893
133.84492641499529
133.7319413734787
133.62004583136905
133.50922447755235
133.39946227937875
133.29074447653022
133.183056575045
133.07638434149396
132.97071379730454
132.86603121322807
132.76232310394644
132.65957622281456
132.5577775567337
132.45691432115308
132.35697395519625
132.25794411690757
132.1598126786163
132.0625677224155
131.9661975357508
131.87069060711872
300.4353197049325
299.72155186591453
298.91164244795766
298.0111612497652
297.026622145967
295.96510602221565
294.83396365002403
293.6405880248221
292.39224488259424
291.09595065695004
289.75838831075293
288.3858528611461
286.98421979222746
285.5589308072096
284.1149924677928
282.65698419432215
281.18907286574705
279.71503188133295
278.2382630468013
276.7618200461035
275.2884325745289
273.82053045509815
272.3602672516121
270.9095430393918
269.47002610775115
268.0431734539406
266.6302499926003
265.2323464523781
263.85039596604264
262.4851893851125
261.1373893670747
259.8075432944754
258.49609509199735
257.20339601117706
255.9297144535373
254.67524490227655
253.44011603079025
252.22439805356822
251.02810938174915
249.8512226420005
248.69367011363664
247.5553486350799
246.4361240270179
245.3358350759647
244.25429711844623
243.19130526271982
242.14663728182322
241.12005620884034
240.11131266256174
239.12014692921815
238.1462908236467
237.18946935113365
236.2494021892187
235.3258050069706
234.41839063760864
233.52687011885877
232.65095361408055
231.79035122596824
230.944773713509
230.11393312186462
229.2975433339201
228.49532055140574
227.7069837127389
226.93225485404665
226.17085941920504
225.42252652416897
224.68698918035432
223.96398448137427
223.2532537570118
222.55454269793282
221.86760145430276
221.1921847111604
220.52805174312115
219.8749664507317
219.23269738056615
218.6010177309497
217.97970534500732
217.36854269256548
216.76731684228406
216.17581942525436
215.59384659117833
215.02119895812612
214.45768155677197
213.90310376991283
213.35727926799225
212.82002594127653
212.29116582926162
211.770525047829
211.2579337146111
210.75322587297998
210.25623941502332
209.76681600383577
209.28480099541338
208.81004336040618
208.3423956059557
207.8817136978155
207.42785698292826
206.98068811261356
206.5400729664966
206.10588057729464
205.67798305655919
205.25625552145829
204.8405760226716
204.43082547345733
204.02688757994102
203.62864877266807
203.23599813945015
202.84882735953263
202.4670306390999
202.09050464813208
201.7191484586197
201.35286348414058
200.99155342079476
200.63512418949676
200.28348387961353
199.9365426939393
199.59421289499372
199.2564087526283
198.92304649292362
198.59404424835984
198.2693220092396
197.94880157634344
197.63240651479512
197.320062109115
197.01169531943788
196.70723473887233
196.40661055197697
196.10975449433025
195.81659981316864
195.52708122907015
195.24113489865803
194.95869837830003
194.67971058878118
194.40411178092364
194.13184350213217
193.86284856384043
193.59707100983638
193.33445608544304
193.07495020753262
192.81850093535272
192.5650569421416
192.31456798751347
192.0669848905911
191.8222595038665
191.58034468776978
191.34119428592692
191.1047631010862
190.87100687169743
190.6398822491223
190.41134677546228
190.1853588619827
189.96187776812
189.74086358105302
189.52227719582396
189.30608029599316
189.09223533481202
188.88070551690063
188.67145478041385
188.464447779685
188.25964986832955
188.05702708280006
187.85654612637595
187.65817435357798
187.46187975499464
187.2676309425079
187.07539713490897
186.885148143891
186.69685436040862
186.5104867413948
186.32601679682367
186.14341657710995
185.9626586608355
185.78371614279433
185.60656262234497
185.43117219206462
185.25751942669402
185.08557937236557
184.91532753610767
184.74673987561616
184.57979278928605
184.41446310649607
184.25072807813945
184.08856536739322
183.92795304071987
183.76886955909495
183.6112937694544
183.45520489635456
183.3005825338409
183.1474066375174
182.99565751681325
182.84531582743915
182.69636256403084
182.5487790529715
182.4025469453907
182.25764821033422
182.11406512809933
181.97178028373224
181.83077656068275
181.69103713461183
181.5525454673479
181.41528530098807
402.59540122235074
401.77176347971
400.8299361231866
399.77515917847916
398.6140227685441
397.3540233743483
396.0032015814415
394.569854107095
393.0623105094028
391.4887644752607
389.8571500940071
388.1750545174862
386.4496595755689
384.6877060865067
382.8954756854025
381.07878595260723
379.24299544634016
377.39301593486084
375.53332969516504
373.6680102124039
371.80074499246035
369.93485950377885
368.0733415066313
366.2188652196563
364.37381492427363
362.5403077253542
360.7202152778681
358.915184359478
357.1266562225578
355.3558846993817
353.60395306410095
351.871789676827
350.1601824505219
348.46979219185107
346.8011648738449
345.1547429020417
343.53087543743806
341.9298278396325
340.35179029242755
338.7968856722123
337.2651767169213
335.7566725504848
334.2713346145723
332.8090820562301
331.36979661678737
329.9533270642355
328.5594932081984
327.1880895336601
325.83888848679544
324.511643443599
323.2060913895052
321.9219553358699
320.65894649700374
319.41676624944535
318.1951078932952
316.9936582337165
315.8120989991297
314.65010811117503
313.5073608201812
312.3835307186655
311.2782906442638
310.1913134824737
309.12227287865636
308.07084386789427
307.03670343052005
306.0195309804256
305.0190087926142
304.0348223758667
303.0666607958616
302.11421695359485
301.1771878235055
300.25527465530683
299.3481831431533
298.4556235654418
297.5773108982406
296.7129649050566
295.86231020541203
295.0250763244578
294.20099772565345
293.3898138283508
292.5912690119434
291.80511260809163
291.03109888238833
290.268987006701
289.5185410233099
288.77952980185245
288.0517269899904
287.3349109586221
286.62886474239076
285.9333759761567
285.2482368280429
284.5732439296004
283.9081983035827
283.2529052897729
282.6071744692611
281.9708195875241
281.3436584766315
280.72551297685663
280.116208857952
279.5155757403123
278.9234470162256
278.33965977139553
277.76405470688417
277.19647606162266
276.6367715356057
276.08479221387853
275.54039249140783
275.00342999891905
274.47376552976436
273.951262967884
273.43578921690766
272.9272141304369
272.42541044354294
271.93025370550646
271.4416222138179
270.95939694945673
270.48346151345686
270.0137020647674
269.5500072594078
269.0922681909183
268.64037833210125
268.1942334780449
267.7537316904226
267.3187732430531
266.88926056871213
266.46509820717756
266.04619275449386
265.6324528134374
265.22378894516453
264.82011362202445
264.42134118151426
264.0273877813592
263.63817135569417
263.2536115723267
262.8736297910607
262.49814902305644
262.1270938912085
261.760390591517
261.3979668554315
261.0397519131461
260.6856764578239
260.3356726107278
259.98967388723946
259.64761516374284
259.3094326453516
258.97506383446193
258.64444750010796
258.3175236481021
257.9942334919388
257.67451942444404
257.35832499015106
257.04559485838274
256.73627479702554
256.4303116469729
256.12765329722424
255.8282486606218
255.5320476502065
255.2390011561792
254.9490610234504
254.6621800297625
254.37831186436918
254.0974111072595
253.81943320890826
253.5443344705423
253.27207202490627
253.00260381751693
252.73588858839005
252.47188585423004
252.21055589106817
251.95185971733758
251.69575907737413
251.44221642533012
251.1911949094922
250.94265835698945
250.69657125888403
250.45289875563253
250.2116066229081
249.9726612577746
249.7360296652019
249.50167944491488
249.2695787785658
249.03969641722122
248.81200166915707
248.58646438795083
248.36305496086536
248.14174429751426
247.9225038188041
247.70530544614266
247.4901215909096
247.27692514418032
247.0656894666961
246.85638837907632
246.6489961522639
246.44348749819883
246.23983756071388
246.03802190664658
245.8380165171611
245.63979777927577
245.44334247758982
245.24862778620428
245.05563126083268
530.7485652643712
529.810527146365
528.730096182122
527.5118294945324
526.162087192512
524.6885274807566
523.0996810780418
521.4046019817166
519.6125875058322
517.7329588081183
515.7748928160548
513.7472969310605
511.6587187391975
509.51728395071154
507.33065679377745
505.10601802729866
502.8500565793047
500.56897154977554
498.26848194083595
495.9538420011471
493.62986050590865
491.3009226510267
488.9710135311846
486.64374240732775
484.32236715880373
482.00981846715797
479.70872339926257
477.4214281528128
475.1500198020793
472.89634694010425
470.66203915854453
468.44852534074687
466.2570507695436
464.0886930704472
461.94437702481383
459.82488829725634
457.7308861280709
455.66291504539566
453.62141565385366
451.6067345569983
449.61913347035505
447.658797580532
445.7258432039676
443.8203247965992
441.9422413631956
440.0915423124062
438.2681328008319
436.47187860667236
434.7026105707953
432.96012864044536
431.2442055482842
429.55459015703605
427.8910104977341
426.25317652740114
424.64078262998277
423.0535098824559
421.4910281062766
419.9529977226925
418.4390714289273
416.94889571084093
415.4821122063695
414.03835893285185
412.6172713902512
411.21848355125724
409.8416287483311
408.48634046688943
407.15225305304455
405.8390023435927
404.5462262252809
403.27356512978054
402.02066247023527
400.78716502474936
399.5727232717108
398.3769916814241
397.1996289681342
396.0402983061696
394.89866751360375
393.77440920654294
392.6672009268661
391.5767252460068
390.50266984712516
389.44472758782507
388.4025965453672
387.3759800461696
386.3645866812138
385.3681303088446
384.3863300463065
383.4189102512463
382.4656004943005
381.5261355237793
380.60025522337463
379.68770456373005
378.78823354863493
377.9015971565357
377.02755527799053
376.16587264963914
375.31631878520153
374.4786679039721
373.65269885723444
372.83819505297345
372.03494437923325
371.24273912642894
370.46137590889145
369.6906555858981
368.930383182412
368.18036780973375
367.4404225862456
366.71036455840783
365.9900146221521
365.2791974447967
364.5777413875983
363.8854784290365
363.2022440889208
362.5278773533916
361.86222060088505
361.2051195291149
360.5564230831205
359.9159833844238
359.28365566132413
358.65929818036415
358.0427721789856
357.43394179939287
356.83267402363765
356.2388386099331
355.652308030202
355.0729574088611
354.50066446284114
353.9353094428364
353.376775075782
352.8249465085456
352.27971125282767
351.74095913125666
351.2085822246671
350.6824748205451
350.16253336262844
349.6486564016417
349.14074454715217
348.6387004205287
348.142428608983
347.6518356206778
347.16682984088
346.68732148914313
346.2132225774945
345.74444686961317
345.28090984097446
344.82252863994347
344.3692220497974
343.9209104516568
343.47751578830776
343.0389615288909
342.6051726344457
342.17607552428217
341.7515980431684
341.3316694293117
340.91622028311383
340.50518253668645
340.0984894241043
339.69607545238165
339.29787637315405
338.90382915504625
338.51387195671333
338.12794410053635
337.74598604695575
337.3679393694297
336.99374672999835
336.62335185544276
336.25669951402034
335.89373549276405
335.5344065753322
335.17866052039227
334.82644604052797
334.4777127816546
334.13241130293113
333.7904930571558
333.4519103716327
333.1166164294974
332.7845652514914
332.45571167817127
332.13001135254484
331.80742070311976
331.4878969273575
331.1713979755196
330.8578825348984
330.5473100144206
330.2396405296152
329.93483488793674
329.63285457443385
329.33366173775465
329.03721917648124
328.74349032578334
328.4524392443847
328.164030601833
327.8782296660658
327.5950022912655
327.31431490599584
327.0361345016122
326.7604286209394
326.4871653472107
326.2163132932595
325.9478415909593
325.6817198809055
689.5517521056549
688.4955601444124
687.270757075031
685.880836684576
684.3315868665242
682.6305315511464
680.7864459380214
678.8089471376059
676.7081564448283
674.4944264416902
672.1781248855597
669.7694671672372
667.2783895503148
664.714456134294
662.0867933359824
659.4040465490159
656.674354459997
653.905337241671
651.1040954971006
648.2772173929683
645.4307918999482
642.5704264614249
639.701267747819
636.8280244314544
633.9549911449255
631.0860729720423
628.2248099715174
625.3744013555561
622.5377290434911
619.7173803888301
616.9156699401708
614.1346601453617
611.3761809465267
608.6418482431485
605.9330812230586
603.251118578191
600.5970336345486
597.97174843483
595.3760468183888
592.8105865471714
590.2759105285888
587.772457187196
585.300570037009
582.8605065054592
580.4524460585905
578.0764976753306
575.7327067166005
573.4210612327897
571.141497750798
568.8939065794605
566.6781366698202
564.4940000643725
562.3412759671562
560.219714464381
558.1290399232009
556.0689540942665
554.0391389418063
552.0392592232375
550.0689648386335
548.1278929688399
546.215670019572
544.3319133874903
542.4762330629817
540.6482330832282
538.847512848054
537.0736683100486
535.3262930495439
533.6049792441622
531.909318541877
530.2389028457917
528.5933250181832
526.9721795107318
525.3750629272985
523.8015745250875
522.25131665955
520.7238951779441
519.2189197660637
517.7360042522698
516.2747668726207
514.83483050058
513.415822844492
512.0173766157491
510.63912967033076
509.28072512617234
507.94181145861245
506.6220425759822
505.321077877223
504.03858229326363
502.77422631374094
501.5276860005084
500.2986429892653
499.0867844805143
497.8918032209585
496.71339747635284
495.5512709967368
494.40513297489287
493.27469799880714
492.15968599883587
491.059822190221
489.9748370115458
488.90446605965906
487.84845002156135
486.80653460369246
485.778470459024
484.76401311232536
483.7629228839311
482.77496481231685
481.79990857575007
480.8375284132688
479.8876030452067
478.9499155934683
478.02425350173394
477.1104084557585
476.2081763039089
475.31735697807085
474.43775441504283
473.5691764785195
472.71143488175767
471.86434511100435
471.027726349761
470.2014014039446
469.38519662799945
468.5789418520087
467.78247030984403
466.99561856838886
466.2182264578606
465.45013700326035
464.69119635696325
463.94125373246834
463.2001613393151
462.4677743191775
461.7439506831362
461.02855125013366
460.32143958660856
459.62248194730716
458.9315472172667
458.24850685496284
457.5732348366127
456.9056076016235
456.2455039991756
455.59280523592633
454.9473948248225
454.30915853500574
453.6779843427971
453.0537623837448
452.4363849057172
451.82574622302707
451.22174267156856
450.6242725649487
450.0332361515986
449.44853557284284
448.8700748219136
448.29775970388755
447.7314977965301
447.17119841202765
446.6167725595924
446.0681329089171
445.52519375446855
444.98787098059626
444.4560820274431
443.9297458576377
443.40878292375515
442.893115136524
442.38266583376935
441.87735975006933
441.3771229871145
440.8818829847493
440.39156849268414
439.90610954286024
439.4254374224523
438.94948464749615
438.4781849371239
438.011473188395
437.54928545170867
437.0915589067809
436.6382318391786
436.189243617392
435.7445346704352
435.30404646596276
434.86772148888804
434.4355032204929
434.0073361180164
433.5831655947105
433.16293800035277
432.746600602203
432.3341015663955
431.92538993975535
431.5204156320269
431.11912939850765
430.72148282307506
430.32742830159765
429.93691902572186
429.5499089670236
429.1663528615187
428.7862061945196
428.40942518583324
428.03596677529123
427.66578860860176
427.2988490235193
426.93510703632063
426.5745223285839
884.1863297543471
883.0089528795213
881.6348845419299
880.0661555000274
878.3076107110192
876.3663080919333
874.2509807989361
871.9715708581539
869.5388343368154
866.9640138491463
864.25857193063
861.4339779065906
858.5015407968099
855.47228118586
852.3568356220088
849.1653878430172
845.9076218782368
842.5926927933027
839.2292115001645
835.8252406398966
832.3882990563292
828.9253728179125
825.4429311190794
821.9469457075143
818.4429127474916
814.9358762487038
811.4304523712966
807.9308540669267
804.4409156376895
800.9641168941557
797.5036066743103
794.0622255501212
790.6425276005259
787.2468011710603
783.8770885731353
780.5352047016108
777.2227545692072
773.9411497714868
770.6916239075348
767.4752469898278
764.2929388826851
761.1454818126701
758.0335319967421
754.9576304351799
751.9182129166023
748.9156192819665
745.9501019934847
743.0218340530032
740.1309163127651
737.2773842196137
734.461214031731
731.682328544968
728.940602363767
726.2358667496177
723.567914077992
720.9365019327239
718.3413568649332
715.7821778417626
713.2586394084859
710.7703945858977
708.3170775233484
705.8983059263358
703.5136832761815
701.1628008580485
698.845239612346
696.5605718234456
694.3083626585972
692.0881715689446
689.8995535636471
687.7420603672728
685.6152414698399
683.5186450781729
681.451818976564
679.4143113041061
677.4056712555048
675.4254497116293
673.4731998055884
671.5484774296515
669.6508416879262
667.7798552993158
665.9350849549171
664.1161016337039
662.3224808800209
660.553803046151
658.8096535029446
657.0896228212744
655.3933069268495
653.7203072307292
652.0702307376846
650.442690134383
648.8373038592188
647.2536961554606
645.6914971092543
644.1503426738966
642.629874681676
641.1297408444789
639.6495947442578
638.1890958143672
636.7479093126914
635.3257062874204
633.922163536241
632.5369635596699
631.1697945091762
629.8203501306954
628.4883297040835
627.1734379790195
625.8753851078102
624.5938865755212
623.3286631278193
622.079440696877
620.8459503256579
619.6279280908793
618.4251150249099
617.237257036856
616.0641048330431
614.9054138371032
613.760944109842
612.6304602690515
611.5137314094156
610.4105310226435
609.3206369179447
608.2438311429618
607.179899905251
606.1286334943968
605.0898262048386
604.0632762594784
603.0487857341244
602.0461604828281
601.0552100641564
600.0757476684408
599.1075900460365
598.1505574366191
597.2044734995462
596.2691652453001
595.3444629680281
594.4302001791971
593.5262135423638
592.6323428090748
591.7484307558933
590.8743231225602
590.0098685512824
589.1549185271473
588.3093273196645
587.4729519254167
586.645652011825
585.8272898620073
585.0177303207319
584.216840741444
583.4244909343619
582.640553115623
581.8649018574719
581.0974140394736
580.3379688007367
579.5864474931349
578.8427336355066
578.1067128688217
577.3782729122972
576.6573035204457
575.9436964410406
575.2373453739841
574.5381459310564
573.8459955965362
573.1607936886705
572.4824413219819
571.8108413703931
571.1458984311555
570.4875187895653
569.8356103844499
569.1900827744105
568.5508471048026
567.9178160754434
567.2909039090264
566.6700263202325
566.055100485516
565.4460450135617
564.8427799163854
564.2452265810756
563.6533077421562
563.0669474545555
562.4860710671737
561.9106051970303
561.3404777039797
560.7756176659851
560.2159553549345
559.6614222129876
559.1119508294449
558.5674749181204
558.027929295213
557.4932498576633
556.9633735619809
556.4382384035376
555.9177833963123
555.401948553075
554.8906748660078
554.3839042877419
553.8815797128112
553.3836449595059
552.8900447521195
552.4007247035828
551.9156312984692
551.4347118763677
1120.38611257349
1119.085183054886
1117.557779781452
1115.8040589085201
1113.8275303787148
1111.6344251317746
1109.2331124525394
1106.6335814932818
1103.8469916772763
1100.8852909222169
1097.7608972915289
1094.486437970301
1091.0745387930676
1087.5376575254668
1083.8879544532301
1080.13719438372
1076.2966748040994
1072.3771755958264
1068.3889263358617
1064.341587797914
1060.2442447914534
1056.1054079389924
1051.9330223946226
1047.7344818529702
1043.516646492801
1039.2858637492034
1035.0479910182025
1030.808419573252
1026.5720991191515
1022.3435625299725
1018.1269504173753
1013.9260352576663
1009.7442448728968
1005.5846851157927
1001.4501616523488
997.3432007713664
993.266069178489
989.2207927547024
985.2091742768238
981.2328101111159
977.293105901511
973.3912912816918
969.5284336458543
965.7054510168902
961.9231240532342
958.1821072370515
954.4829392870013
950.8260528387145
947.2117834354867
943.6403778706874
940.1120019220739
936.6267475166856
933.1846393633531
929.7856410881075
926.4296609059934
923.116556860994
919.84614166399
916.6181871569137
913.4324284295689
910.2885676139192
907.1862773790797
904.1252041487203
901.1049710611625
898.1251806910692
895.1854175503491
892.2852503846724
889.424234280853
886.6019125992733
883.8178187445249
881.0714777864905
878.3624079432178
875.6901219361079
873.0541282271761
870.4539321474344
867.8890369247704
865.358944619091
862.8631569719141
860.4011761770677
857.9725055786541
855.5766503019819
853.213117822736
850.8814184792734
848.5810659325483
846.3115775778474
844.0724749121931
841.8632838609801
839.6835350671497
837.5327641459437
835.4105119080627
833.3163245538274
831.2497538407499
829.2103572267408
827.1976979909994
825.2113453344878
823.2508744617362
821.315866645599
819.4059092764497
817.5205958971976
815.6595262253906
813.8223061635806
812.0085477990323
810.2178693937726
808.4498953658983
806.7042562629915
804.9805887284234
803.2785354612629
801.5977451704564
799.9378725238855
798.2985780928623
796.6795282925824
795.0803953190045
793.5008570825967
791.9405971393458
790.3993046193973
788.8766741536689
787.3724057987323
785.8862049602612
784.417782315294
782.9668537335494
781.5331401980156
780.1163677250014
778.7162672838352
777.3325747163744
775.9650306564715
774.61338044953
773.2773740722772
771.9567660528594
770.6513153913614
769.3607854808372
768.0849440289358
766.8235629801904
765.576418439038
764.3432905936202
763.1239636404266
761.9182257098139
760.7258687924427
759.5466886666713
758.3804848269259
757.2270604130779
756.0862221408479
754.9577802332531
753.8415483531079
752.7373435365972
751.6449861279197
750.5642997150146
749.495111066371
748.4372500689228
747.3905496670225
746.3548458025051
745.3299773558167
744.3157860882257
743.3121165850894
742.3188162001835
741.3357350010722
740.3627257155221
739.3996436789387
738.4463467828183
737.5026954242057
736.5685524561386
735.6437831390722
734.7282550932675
733.8218382521285
732.9244048164758
732.0358292097424
731.1559880340769
730.284760027337
729.4220260209626
728.5676688987105
727.7215735562364
726.8836268615116
726.0537176160536
725.2317365169637
724.4175761197487
723.6111308019185
722.8122967273414
722.0209718113406
721.2370556865246
720.4604496693293
719.6910567272612
718.9287814468282
718.1735300021446
717.4252101241922
716.6837310707294
715.9490035968329
715.220939926058
714.4994537222055
713.7844600616824
713.0758754064449
712.373617577509
711.6776057290183
710.9877603228585
710.3040031038022
709.626257075179
708.954446475054
708.2884967529072
707.6283345468005
706.9738876610259
706.3250850442157
705.6818567679197
705.0441340056186
704.4118490121855
1404.4653807648315
1403.039133688389
1401.3550915191877
1399.411118937394
1397.2089841303782
1394.7537072525972
1392.0529423296887
1389.1164131412124
1385.955412730972
1382.5823690906764
1379.0104751481201
1375.2533786332015
1371.324926084785
1367.2389547646535
1363.0091262595422
1358.6487958684818
1354.1709123593853
1349.5879432337651
1344.9118212156864
1340.1539082377196
1335.324973716176
1330.4351843794577
1325.4941033334233
1320.5106964165595
1315.4933442182069
1310.4498584089527
1305.3875012681297
1300.3130074936614
1295.2326075487977
1290.152051942618
1285.0766359604277
1280.0112244595352
1274.9602764285146
1269.92786907629
1264.9177212736786
1259.933216216106
1254.9774232138514
1250.0531185466878
1245.1628053443876
1240.308732474245
1235.4929124323403
1230.7171382475426
1225.9829994166312
1221.2918968961333
1216.6450571817525
1212.043545510042
1207.4882782195439
1202.9800343101606
1198.5194662403217
1194.1071100016222
1189.743394510309
1185.4286503542178
1181.163117932806
1176.9469550266535
1172.7802438314786
1168.6629974987072
1164.5951661635056
1160.5766426184946
1156.6072674915995
1152.6868340831375
1148.8150928367672
1144.9917554770816
1141.2164988366612
1137.4889683939864
1133.8087815423164
1130.1755306083232
1126.5887856380866
1123.048096966904
1119.5529975882705
1116.103005336376
1112.6976248954893
1109.3363496486945
1106.018663377596
1102.7440418238066
1099.5119541222834
1096.3218641158792
1093.1732315598147
1090.065513224184
1086.9981639020057
1083.9706373298316
1080.982387027401
1078.0328670623912
1075.1215327458594
1072.2478412635896
1069.4112522481814
1066.6112282963597
1063.8472354356722
1061.1187435444458
1058.4252267285758
1055.7661636584837
1053.1410378693245
1050.5493380273033
1047.990558164763
1045.4641978864936
1042.9697625495548
1040.506763418717
1038.0747177994922
1035.673149150561
1033.3015871772898
1030.9595679078902
1028.6466337536713
1026.3623335547204
1024.106222612256
1021.8778627087952
1019.6768221172063
1017.5026755996221
1015.3550043971313
1013.2333962110849
1011.1374451768011
1009.0667518303853
1007.0209230693332
1004.9995721075321
1003.0023184252292
1001.0287877144895
999.0786118206311
997.1514286800846
995.2468822550852
993.364622465584
991.5043051187229
989.6655918361972
987.8481499798088
986.051652575469
984.2757782359206
982.5202110823902
980.7846406653987
979.0687618849092
977.3722749100045
975.6948850982403
974.0363029148377
972.396243851839
970.7744283473551
969.1705817050151
967.5844340137214
966.0157200677977
964.4641792876225
962.929555640811
961.4115975640245
959.9100578854608
958.4246937480802
956.9552665336215
955.5015417874417
954.0632891442241
952.6402822545845
951.232298712606
949.839119984323
948.4605313371846
947.0963217705016
945.7462839469041
944.4102141248165
943.0879120919562
941.7791810998692
940.4838277994996
939.2016621778037
937.9324974954054
936.6761502252875
935.4324399925275
934.2011895150641
932.9822245454936
931.7753738138913
930.5804689716474
929.3973445363129
928.2258378374419
927.0657889634291
925.9170407093206
924.7794385255972
923.652830467915
922.5370671477896
921.4320016842145
920.3374896562027
919.2533890562327
918.17956024459
917.1158659045946
916.062170998691
915.0183427253962
913.9842504770891
912.9597657986244
911.9447623467647
910.9391158504081
909.9427040716048
908.9554067673441
907.977105652103
907.0076843611356
906.0470284144997
905.0950251817961
904.1515638476178
903.2165353776842
902.2898324856626
901.3713496006487
900.4609828353011
899.5586299546189
898.6641903453431
897.7775649859769
896.898656417407
896.0273687141166
895.1636074559779
894.3072797006134
893.4582939563135
892.6165601554947
891.7819896287002
890.954495079117
890.1339905576071
1743.3468995195458
1741.7941129144178
1739.9508329296796
1737.8122163374917
1735.377874266001
1732.651215493057
1729.6388035324844
1726.3497546669682
1722.7951918111055
1718.9877607279548
1714.9412096418168
1710.6700298678193
1706.1891530910495
1701.513699914592
1696.658773925993
1691.639295571794
1686.4698704178327
1681.1646867989216
1675.7374383518104
1670.2012674325524
1664.5687259139152
1658.8517503228572
1653.0616487031646
1647.209096970254
1641.3041428635893
1635.3562158987072
1629.374141978602
1623.3661615464766
1617.3399503525302
1611.3026420700535
1605.2608521341738
1599.2207022933467
1593.1878454620694
1587.1674905457526
1581.1644269777455
1575.1830487659179
1569.2273778938945
1563.3010869612692
1557.4075209804691
1551.5497182715026
1545.7304304222089
1539.952141294154
1534.2170850711423
1528.5272633573536
1522.8844613409153
1517.2902630453063
1511.7460656960484
1506.2530932337418
1500.8124090070842
1495.4249276811545
1490.0914263971729
1484.8125552202887
1479.5888469118534
1474.4207260621547
1469.308517618605
1464.2524548441672
1459.2526867383492
1454.309284953179
1449.4222502344544
1444.591518417456
1439.8169660048845
1435.0984153533927
1430.4356394937038
1425.8283666079517
1421.2762841865724
1416.7790428857697
1412.3362601053802
1407.9475233057608
1403.6123930811868
1399.3304060061828
1395.1010772701848
1390.9239031149398
1386.7983630881529
1382.7239221260093
1378.7000324763771
1374.7261354737302
1370.801663176105
1366.9260398737097
1363.09868347818
1359.3190068008644
1355.5864187279567
1351.9003252997704
1348.2601307009622
1344.6652381680335
1341.1150508200176
1337.6089724178635
1334.1464080576352
1330.726764802299
1327.349452256556
1324.0138830888475
1320.719473504394
1317.4656436728574
1314.2518181139565
1311.0774260441567
1307.9419016873114
1304.8446845519552
1301.7852196777555
1298.7629578534306
1295.7773558083295
1292.8278763796623
1289.9139886572655
1287.035168107649
1284.1908966789265
1281.3806628881528
1278.6039618924551
1275.8602955452661
1273.1491724388575
1270.470107934305
1267.8226241799216
1265.2062501191322
1262.6205214886809
1260.0649808080123
1257.5391773606013
1255.0426671679413
1252.5750129568723
1250.135784120849
1247.7245566757413
1245.3409132106851
1242.9844428344786
1240.6547411179843
1238.3514100329571
1236.074057887684
1233.8222992598078
1231.595754926659
1229.394051793409
1227.2168228193325
1225.0637069424342
1222.9343490027
1220.8283996641715
1218.7455153360745
1216.685358093178
1214.6475955955598
1212.6319010079465
1210.6379529187639
1208.6654352590435
1206.7140372213044
1204.7834531785186
1202.873382603278
1200.9835299872352
1199.1136047609286
1197.263321214048
1195.4323984162227
1193.6205601383992
1191.8275347748518
1190.05305526589
1188.2968590213095
1186.5586878446175
1184.8382878580762
1183.1354094286025
1181.449807094538
1179.7812394933244
1178.1294692901056
1176.4942631072684
1174.8753914549466
1173.2726286624852
1171.685752810899
1170.1145456663098
1168.5587926143805
1167.0182825957518
1165.4928080424745
1163.9821648154461
1162.4861521428502
1161.0045725595892
1159.5372318477202
1158.0839389778732
1156.6445060516603
1155.2187482450652
1153.806483752798
1152.407533733621
1151.0217222566257
1149.6488762484582
1148.2888254414786
1146.9414023228474
1145.606442084529
1144.2837825741972
1142.9732642470344
1141.6747301184123
1140.388025717443
1139.1129990413851
1137.8495005108966
1136.5973829261206
1135.35650142359
1134.1267134339419
1132.907878640423
1131.6998589381824
1130.5025183943285
1129.3157232087503
1128.1393416756728
1126.9732441459514
1125.817302990089
1124.6713925619451
1123.535389163155
1122.409171008223
1121.292618190284
1120.1856126475277
1119.0880381302663
1117.9997801686313
1116.920726040903
1115.850764742439
1114.7897869552075
1113.7376850179103
2144.5899368997107
2142.90987396537
2140.9054010088857
2138.568555789295
2135.8963739432247
2132.8902411137014
2129.5552366675734
2125.899502735725
2121.9336588580973
2117.6702730084244
2113.1233932736814
2108.308140182753
2103.2403569950975
2097.9363136987677
2092.41245967649
2086.685219722721
2080.7708281522036
2074.6851959994374
2068.4438066891607
2062.061635987033
2055.5530924911905
2048.9319753651084
2042.2114464287788
2035.404014109365
2028.5215271003317
2021.5751758887745
2014.575500585258
2007.532403731081
2000.4551669671646
1993.3524706298026
1986.2324154942523
1979.1025460205738
1971.9698745699457
1964.840906156567
1957.7216633813591
1950.6177112653497
1943.5341817546398
1936.4757977217869
1929.4468963266722
1922.451451634624
1915.4930964175053
1908.5751430865964
1901.7006037250624
1894.872209203192
1888.0924273721012
1881.3634803415305
1874.687360855292
1868.065847784056
1861.5005207598902
1854.9927739804712
1848.5438292134058
1842.1547480328134
1835.8264433213617
1829.5596900714413
1823.3551355192553
1817.2133086452914
1811.1346290741137
1805.1194154056498
1799.1678930091903
1793.2802013103242
1787.456400599845
1781.6964783925341
1776.000355362451
1770.3678908801805
1764.7988881762092
1759.2930991534085
1753.8502288703978
1748.4699397163874
1743.1518552969728
1737.8955640492559
1732.7006226036099
1727.5665589084135
1722.492875133087
1717.479050363875
1712.5245431059247
1707.6287936043905
1702.7912259964978
1698.011250305778
1693.2882642889588
1688.6216551453458
1684.0108010979054
1679.4550728546697
1674.95383495853
1670.506447032968
1666.1122649307817
1661.7706417924105
1657.4809290200305
1653.2424771731835
1649.054636791333
1644.9167591483865
1640.8281969438856
1636.7883049352495
1632.7964405151947
1628.851964238142
1624.9542402992038
1621.102636969083
1617.296526988004
1613.5352879215804
1609.8183024813482
1606.1449588124779
1602.514650751048
1598.9267780530759
1595.380746597363
1591.875968564081
1588.411862590878
1584.987853908184
1581.603374455265
1578.257862978481
1574.950765113097
1571.6815334499142
1568.449627587886
1565.2545141738262
1562.0956669302202
1558.9725666720947
1555.8847013138302
1552.8315658667393
1549.812662428183
1546.8275001629302
1543.8755952774366
1540.9564709876572
1538.069657480964
1535.2146918727115
1532.3911181579456
1529.5984871587088
1526.8363564673955
1524.1042903865266
1521.4018598653388
1518.7286424335173
1516.084222132401
1513.4681894439527
1510.8801412177627
1508.319680596352
1505.7864169389998
1503.2799657443209
1500.7999485717867
1498.3459929623834
1495.9177323585766
1493.5148060237332
1491.1368589611632
1488.7835418328996
1486.4545108783468
1484.1494278329171
1481.867959846746
1479.609779403596
1477.3745642400236
1475.1619972649034
1472.971766479369
1470.8035648972443
1468.6570904660239
1466.5320459884583
1464.4281390447888
1462.3450819156822
1460.282591505903
1458.2403892687546
1456.218201131329
1454.2157574205853
1452.2327927902904
1450.2690461488287
1448.3242605879195
1446.3981833122393
1444.4905655699752
1442.6011625843128
1440.7297334858706
1438.876041246091
1437.0398526115864
1435.220938039448
1433.4190716335181
1431.6340310816336
1429.8655975938195
1428.1135558414612
1426.377693897423
1424.6578031771262
1422.9536783805816
1421.265117435355
1419.5919214404862
1417.9338946113235
1416.2908442252935
1414.6625805685758
1413.0489168836896
1411.4496693179763
1409.864656872966
1408.2937013546214
1406.7366273244538
1405.1932620514835
1403.663435465059
1402.1469801084957
1400.643731093551
1399.1535260557016
1397.6762051102219
1396.211610809055
1394.7595880984527
1393.319984277391
1391.8926489567286
1390.4774340191116
1389.0741935796077
1387.682783947059
1386.3030635861378
1384.934893080103
1383.5781350942325
1382.232654339933
1380.8983175395097
2616.4182803251197
2614.610634700646
2612.443597129959
2609.905684656555
2606.9909406129173
2603.698309680615
2600.0309802162383
2595.995733973943
2591.602328947105
2586.8629305335085
2581.7915987804404
2576.403834354662
2570.7161825017447
2564.7458921322805
2558.5106259343283
2552.028216789723
2545.3164655667442
2538.3929754289697
2531.275018037053
2523.9794273554407
2516.5225171597604
2508.9200187402876
2501.1870356906625
2493.338013045749
2485.386718380457
2477.3462327987495
2469.2289500276465
2461.0465820853674
2452.8101702173544
2444.530099990712
2436.2161196093193
2427.8773606606273
2419.522360633735
2411.1590866588767
2402.7949600131806
2394.436881018524
2386.091254026175
2377.7640122414505
2369.4606421910203
2361.1862076773004
2352.945373099341
2344.7424260490566
2336.5812991160383
2328.4655908545687
2320.3985858831406
2312.3832741006454
2304.4223690145
2296.51832518513
2288.67335479839
2280.8894433832884
2273.1683646967394
2265.5116948005125
2257.9208253579386
2250.3969761797307
2242.9412070493668
2235.554428859109
2228.237414087971
2220.990806652804
2213.8151311633164
2206.7108016112506
2199.678129523196
2192.7173316056515
2185.8285369099767
2179.0117935438566
2172.267074954864
2165.5942858105445
2158.9932674984257
2152.4638032682024
2146.0056230372957
2139.618407879877
2133.3017942184806
2127.0553777362124
2120.878717026715
2114.771336997958
2108.732732045187
2102.7623690073324
2096.859689920488
2091.0241145811956
2085.255042931556
2079.5518572774818
2073.9139243507034
2068.340597224532
2062.8312170927425
2057.385114920414
2052.0016129749674
2046.6800262451948
2041.4196637555228
2036.2198297823775
2031.079824979026
2025.9989474149083
2020.9764935350759
2016.0117590450263
2011.1040397258455
2006.2526321843125
2001.4568345422697
1996.7159470693462
1992.0292727628075
1987.3961178781046
1982.8157924134443
1978.2876105514981
1973.8108910611745
1969.384957662171
1965.0091393548655
1960.6827707179452
1956.4051921759954
1952.1757502391488
1947.9937977167465
1943.8586939068448
1939.7698047632712
1935.7265030418457
1931.7281684272377
1927.774187641887
1923.8639545382716
1919.9968701757593
1916.1723428831801
1912.3897883081859
1908.6486294543947
1904.9482967072586
1901.2882278495144
1897.6678680670354
1894.086669945845
1890.5440934609992
1887.0396059579975
1883.5726821273402
1880.1428039728125
1876.7494607740289
1873.392149043731
1870.0703724803316
1866.7836419161038
1863.5314752614577
1860.3133974456532
1857.1289403543203
1853.9776427641084
1850.859050274763
1847.7727152389289
1844.7181966899232
1841.6950602677484
1838.7028781435467
1835.7412289427261
1832.8096976669492
1829.907875615161
1827.035360303832
1824.1917553865692
1821.3766705732369
1818.5897215487275
1815.8305298914975
1813.0987229919895
1810.3939339710382
1807.715801598365
1805.0639702112446
1802.4380896334228
1799.8378150943668
1797.262807148911
1794.7127315973685
1792.1872594061483
1789.6860666289526
1787.2088343285855
1784.7552484994173
1782.324999990552
1779.9177844297183
1777.5333021479316
1775.1712581049378
1772.831361815476
1770.5133272763767
1768.216872894509
1765.9417214156097
1763.687599853982
1761.4542394231055
1759.2413754671434
1757.0487473933647
1754.8760986054886
1752.7231764379544
1750.5897320892877
1748.4755205655438
1746.3803006063913
1744.303834630414
1742.2458886721925
1740.2062323221473
1738.1846386672985
1736.1808842329438
1734.1947489252477
1732.226015974738
1730.2744718807028
1728.3399063564761
1726.4221122756142
1724.5208856189427
1722.6360254224794
1720.7673337262077
1718.9146155237102
1717.0776787126392
1715.2563340460154
1713.4503950843527
1711.6596781485948
1709.8840022738473
1708.1231891639095
1706.3770631465745
1704.6454511297104
1702.9281825580917
1701.225089370984
1699.5360059604618
1697.8607691304535
3167.7482511750104
3165.813095815423
3163.4826474179063
3160.7415133291106
3157.580333454627
3153.9951921643024
3149.9869714654715
3145.5606916628853
3140.724870598756
3135.490921192074
3129.8725986916184
3123.8855031608937
3117.546638651296
3110.874027822838
3103.886379069877
3096.6028022189707
3089.0425683738285
3081.2249093305063
3073.1688520592165
3064.893083964707
3056.415844936341
3047.7548425408377
3038.9271870675407
3029.949343489304
3020.8370977402124
3011.6055350272395
3002.269028183044
2992.8412343299433
2983.335098360808
2973.7628619521975
2964.136077010151
2954.4656226115485
2944.7617246459313
2935.0339774861854
2925.2913671235224
2915.5422952946224
2905.794604208363
2896.0556015478633
2886.3320854819594
2876.630369470095
2866.956306687027
2857.315313929634
2847.7123948985677
2838.1521627730426
2828.638862018522
2819.1763893850375
2809.768314068719
2800.417897021508
2791.128109404098
2781.901650185413
2772.740962898576
2763.648251568654
2754.6254958315876
2745.674465266992
2736.796732969858
2727.99368838797
2719.2665494530097
2710.6163740340653
2702.0440707425146
2693.550409117432
2685.136029220257
2676.8014506671775
2668.547081127017
2660.3732243117147
2652.2800874856894
2644.2677885194817
2636.3363625121547
2628.4857680059513
2620.7158928157605
2613.0265594949183
2605.41753045794
2597.8885127797403
2590.439162690036
2583.069089780599
2575.777860942205
2568.565004047199
2561.43001139278
2554.3723429192505
2547.391429216786
2540.4866743334223
2533.657458396335
2526.9031400577574
2520.2230587762497
2513.6165369434157
2507.0828818655827
2500.621387609409
2494.231336719827
2487.9120018182875
2481.6626470887522
2475.482529658465
2469.370900880095
2463.3270075214623
2457.3500928686826
2451.4393977482014
2445.594161472869
2439.813622716902
2434.097020324253
2428.4435940546664
2422.8525852714256
2417.3232375745374
2411.8547973803365
2406.4465144658825
2401.097642444477
2395.8074392225103
2390.57516740706
2385.4000946784276
2380.281494128916
2375.2186445698744
2370.2108308091424
2365.2573439008447
2360.3574813694318
2355.5105474096927
2350.7158530643824
2345.9727163810026
2341.2804625491553
2336.6384240198495
2332.045940607994
2327.5023595792745
2323.0070357225263
2318.559331408631
2314.158616636926
2309.8042690700236
2305.495674057901
2301.2322246520675
2297.013321610544
2292.8383733943647
2288.706796156255
2284.618013722108
2280.571457565807
2276.5665667779717
2272.602788029101
2268.6795755275853
2264.7963909730447
2260.9527035053793
2257.1479896499495
2253.381733259197
2249.653425451091
2245.962564544676
2242.3086559930343
2238.6912123139177
2235.1097530183174
2231.5638045372057
2228.052900146654
2224.5765798915572
2221.1343905081326
2217.7258853453905
2214.350624285721
2211.008173664774
2207.698106190742
2204.420000863222
2201.173442891739
2197.95802361406
2194.773340414412
2191.618996641683
2188.4946015277123
2185.399770105738
2182.334123129097
2179.297286990223
2176.2888936400223
2173.308580507688
2170.3559904210033
2167.4307715271707
2164.532577214236
2161.661066033126
2158.815901620353
2155.996752621403
2153.2032926148604
2150.435200037269
2147.69215810878
2144.9738547595825
2142.279982557164
2139.6102386343878
2136.9643246184232
2134.3419465605334
2131.7428148667336
2129.1666442293144
2126.613153559265
2124.082065919574
2121.5731084594286
2119.086012349312
2116.62051271699
2114.176348584405
2111.7532628054605
2109.351002004706
2106.969316516919
2104.607960327564
2102.2666910141493
2099.9452696884646
2097.6434609396892
2095.361032778377
2093.0977565813005
2090.85340703715
2088.627762093096
2086.420602902175
2084.2317137715227
2082.060882111432
2079.907898385216
2077.7725560599
2075.6546515576892
2073.553984208246
2071.4703562017366
3808.2167176358644
3806.154457584457
3803.6602224156995
3800.7143361503977
3797.303633257723
3793.4209209055316
3789.064355245035
3784.2367836231056
3778.945089017248
3773.199560925643
3767.01330789047
3760.401720213615
3753.381986710257
3745.9726660866504
3738.1933113565415
3730.064144337114
3721.6057764670404
3712.83897179745
3703.7844478952197
3694.4627104742985
3684.893917767067
3675.0977709158947
3665.0934269708023
3654.899431398905
3644.5336673293523
3634.0133190633483
3623.354847666308
3612.5739767248324
3601.6856865933614
3590.704215673957
3579.6430674682983
3568.515022314943
3557.3321528785973
3546.1058425934034
3534.846806380696
3523.565113065016
3512.2702090020935
3500.9709425103883
3489.6755887651784
3478.3918748722303
3467.127004888014
3455.8876845961804
3444.680145886667
3433.510170614902
3422.383113845134
3411.3039264043373
3400.2771766920646
3389.307071707582
3378.397477268881
3367.5519374092933
3356.773692946569
3346.0656992268387
3335.4306430519628
3324.8709588037573
3314.3888437824644
3303.9862727799427
3293.6650119103383
3283.4266317227766
3273.272519621792
3263.203891622025
3253.2218034641173
3243.3271611189093
3233.5207307069068
3223.803147859712
3214.1749265496346
3204.6364674131337
3195.188065593063
3185.8299181239227
3176.562130883539
3167.3847251337256
3158.2976436716476
3149.300756612669
3140.3938668246437
3131.576715032698
3122.8489846126818
3114.210306090613
3105.6602613646137
3097.1983876650315
3088.8241812676197
3080.5371009739165
3072.336571372237
3064.221985891947
3056.192709663063
3048.2480821925365
3040.3874198679737
3032.6100182989694
3024.915154505641
3017.3020889634317
3009.770067512752
3002.3183231415114
2994.9460776481874
2987.6525431925816
2980.436923741055
2973.2984164126133
2966.23621273186
2959.2494997944705
2952.337461350536
2945.4992788107816
2938.734132180405
2932.041200922951
2925.419664770575
2918.868704454231
2912.387502398041
2905.975243350914
2899.6311149708945
2893.354308363264
2887.1440185753263
2880.9994450505937
2874.919792044958
2868.904269007245
2862.9520909264465
2857.0624786477274
2851.2346591592704
2845.4678658517905
2839.7613387525234
2834.1143247353566
2828.526077708639
2822.995858782192
2817.5229364148454
2812.106586543847
2806.7460926973417
2801.4407460910666
2796.189845710347
2790.9926983784057
2785.8486188119205
2780.7569296647443
2775.7169615606
2770.7280531155598
2765.7895509510254
2760.9008096979205
2756.0611919927237
2751.270068465978
2746.526817723822
2741.830826323089
2737.1814887404926
2732.578207336337
2728.0203923132303
2723.507461670179
2719.0388411524846
2714.613964197777
2710.2322718785563
2705.893212841516
2701.596243244005
2697.340826687851
2693.126434150836
2688.9525439160707
2684.81864149948
2680.724219575616
2676.668777902012
2672.6518232422377
2668.6728692878564
2664.7314365794264
2660.827052426698
2656.959250828157
2653.127572390039
2649.3315642449297
2645.5707799700776
2641.844779505511
2638.131588796351
2634.4954010893803
2630.8711740940525
2627.280032657838
2623.721567306163
2620.1953744368984
2616.701056239493
2613.238220614514
2609.8064810936467
2606.4054567602147
2603.0347721702306
2599.694057274056
2596.3829473386722
2593.1010828706176
2589.848109539612
2586.623678102887
2583.427444330262
2580.2590689299727
2577.1182174752867
2574.004560331895
2570.9177725861355
2567.8575339740137
2564.8235288110754
2561.815445923112
2558.8329785777114
2555.875824416671
2552.9436853892753
2550.0362676864165
2547.153281675607
2544.2944418368434
2541.4594666993435
2538.64807877915
2535.860004517605
2533.0949742206776
2530.3527219991647
2527.6329857097376
2524.9355068968553
2522.2600307355124
2519.606305974835
2516.9740848825186
2514.3631231900936
2511.7731800390093
2509.2040179275436
4548.209105780652
4546.0204349287815
4543.362455539157
4540.210852048931
4536.5482634157925
4532.36380861046
4527.652498098578
4522.414588381182
4516.654920834524
4510.382273514349
4503.608744904677
4496.349181324023
4488.620654378742
4480.441991050708
4471.833356367885
4462.8158868425535
4453.411371744404
4443.641978627827
4433.530019219209
4423.097751689738
4412.367215416219
4401.360094511729
4390.097606649088
4378.600413974507
4366.888553196479
4354.981382222033
4342.897540990047
4330.654924413383
4318.270665585349
4305.761127629352
4293.141902773537
4280.427817414835
4267.632942100365
4254.77060549939
4241.853411567776
4228.89325922022
4215.9013639252125
4202.888280724792
4189.8639282572385
4176.837613427133
4163.818056424518
4150.813415844786
4137.831313703747
4124.878860179362
4111.962677943385
4099.088925973383
4086.263322758814
4073.491168834628
4060.777368592734
4048.126451335721
4035.5425915492906
4023.0296283798107
4010.5910843117226
3998.2301830464576
3985.94986659014
3973.752811561966
3961.6414447388333
3949.617957854727
3937.684321675594
3925.8422993721815
3914.093459214526
3902.439186612608
3890.880695528228
3879.419039283343
3868.055120790148
3856.7897022279612
3845.6234141916525
3834.5567643358945
3823.590145538934
3812.7238436089556
3801.95804455542
3791.2928414470043
3780.7282408770234
3770.2641690564005
3759.900477553487
3749.636948699221
3739.4733006753117
3729.4091923023775
3719.4442275441743
3709.5779597433184
3699.809895603157
3690.139498929736
3680.5661941471367
3671.089369598778
3661.708380646637
3652.422552579739
3643.231183342682
3634.1335460943674
3625.1288916066123
3616.2164505117767
3607.3954354080365
3598.6650428305106
3590.024455095959
3581.472842028354
3573.009362572277
3564.6331663006035
3556.3433948227084
3548.139183098965
3540.019660667058
3531.983952785291
3524.03118149779
3516.160466626211
3508.3709266923356
3500.6616797756224
3493.031844309643
3485.4805398210187
3478.006887614331
3470.6100114062374
3463.2890379118776
3456.0430973864386
3448.871324124619
3441.7728569205397
3434.7468394905477
3427.792420861152
3420.9087557242833
3414.0950047618535
3407.3503349415714
3400.6739197857564
3394.064939614886
3387.522581767449
3381.046040797597
3374.63451865202
3368.2872248273816
3362.003376509545
3355.7821986957797
3349.6229243010694
3343.5247942495507
3337.4870575520636
3331.508971370763
3325.589801071627
3319.7288202657173
3313.9253108399353
3308.178562978015
3302.4878751724264
3296.852554227835
3291.2719152567233
3285.745281667734
3280.271985147285
3274.8513656349196
3269.48277129292
3264.165558470574
3258.899091663543
3253.682743468704
3248.515894534851
3243.3979335095773
3238.3282569826815
3233.3062694263845
3228.331383132666
3223.403018147953
3218.5206022054426
3213.6835706552697
3208.891366392764
3204.143439784972
3199.4392485956614
3194.778257908981
3190.159940051932
3185.5837745158365
3181.049247876911
3176.5558537161305
3172.103092538463
3167.6904716916306
3163.31750528449
3158.9837141051476
3154.688625538888
3150.431773486035
3146.2126982797995
3142.030946604206
3137.8860714121793
3133.777631843828
3129.7051931450296
3125.6683265863257
3121.666609382225
3117.699624610934
3113.7669611345655
3109.8682135198787
3106.0029819595647
3102.1708721941436
3098.37149543447
3094.6044682849033
3090.8694126671494
3087.1659557448143
3083.493729848673
3079.8523724026822
3076.2415258504184
3072.660837583984
3069.1099598702967
3065.5885497815916
3062.0962691250115
3058.6327843733734
3055.1977665967374
3051.790891394826
3048.411838830257
3045.0602933626224
3041.7359437834066
3038.4384831517364
3035.167608730983
3031.9230219261885
3028.704428222344
3025.511537123499
3022.344062092694
3019.201720492748
5398.887408987364
5396.573270775281
5393.751960073425
5390.394184330909
5386.478011125024
5381.988469042477
5376.917006094211
5371.260867344278
5365.02243761066
5358.208582184533
5350.830008325347
5342.900662458316
5334.437172120747
5325.458337386417
5315.984673403618
5306.0380035287035
5295.641101093133
5284.817376926421
5273.590609227995
5261.984712129341
5250.0235392310415
5237.730718476034
5225.129514884216
5212.242717891215
5199.0925502814
5185.700595964701
5172.087744106836
5158.274147374876
5144.279192299761
5130.121479981204
5115.818815566796
5101.388205125635
5086.845858707429
5072.207198531647
5057.486871388583
5042.698764456576
5027.856023848
5012.971075292517
4998.055646450375
4983.120790422666
4968.176910090248
4953.2337829697535
4938.300586324336
4923.385922309832
4908.49784297404
4893.6438749591325
4878.831043784845
4864.065897614016
4849.3545304225445
4834.702604513393
4820.115372329106
4805.597697530167
4791.154075317227
4776.788651984173
4762.505243696816
4748.307354498114
4734.198193546209
4720.180691595689
4706.257516736132
4692.431089404646
4678.703596691303
4665.077005958112
4651.55307779333
4638.133378323841
4624.819290908863
4611.612027238565
4598.512637861255
4585.522022162725
4572.640937821048
4559.870009759827
4547.209738622392
4534.660508788913
4522.2225959577945
4509.896174312105
4497.681323291063
4485.578033985943
4473.586215179069
4461.705699043763
4449.93624652248
4438.277552399624
4426.729250084776
4415.290916121461
4403.962074435821
4392.742200338955
4381.630724296016
4370.6270354745175
4359.7304850837345
4348.940389516489
4338.256033304032
4327.676671894208
4317.201534262618
4306.829825365881
4296.560728445787
4286.393407192536
4276.32700777491
4266.360660744808
4256.493482823125
4246.724578573669
4237.053041971368
4227.477957870766
4217.998403380419
4208.613449148517
4199.322160564805
4190.123598883551
4181.016822272057
4172.000886789038
4163.074847296804
4154.237758311147
4145.488674792459
4136.826652881534
4128.25075058324
4119.760028401094
4111.35354992562
4103.030382379198
4094.7895971199337
4086.6302701070103
4078.5514823297576
4070.5523202026197
4062.6318759280407
4054.7892478291865
4047.0235406543325
4039.333865854584
4031.7193418366096
4024.1790941918316
4016.712255903578
4009.3179675335136
4001.9953773886427
3994.743641670083
3987.561924604766
3980.4493985611125
3973.405244149729
3966.4286503100416
3959.5188143838122
3952.6749421763466
3945.896248006228
3939.1819547443038
3932.5312938426737
3925.9435053543057
3919.4178379439536
3912.953548890946
3906.5499040844265
3900.20617801156
3893.9216537392117
3887.6956228895756
3881.5273856101717
3875.416250538661
3869.361534762843
3863.362563776217
3857.418671429458
3851.529199878121
3845.6934995268953
3839.9109289706957
3834.180854932846
3828.502652200639
3822.875703558484
3817.2993997188837
3811.7731392514625
3806.296328510206
3800.868381559155
3795.4887200966673
3790.1567733784686
3784.8719781396003
3779.6337785154424
3774.4416259619247
3769.2949791750616
3764.1933040099257
3759.1360733991796
3754.122767271247
3749.1528724682557
3744.2258826637953
3739.3412982806235
3734.498626408358
3729.697380721249
3724.937081396096
3720.2172550303667
3715.5374345605824
3710.897159181015
3706.295974262761
3701.7334312732164
3697.209087696026
3692.7225069515043
3688.2732583176016
3683.8609168514486
3679.4850633114593
3675.1452840800903
3670.8411710872315
3666.57232173427
3662.338338818846
3658.138830460315
3653.9734100259484
3649.8416960578506
3645.7433122006632
3641.6778871300057
3637.6450544817103
3633.6444527818358
3629.67572537785
3625.7385203687154
3621.8324905395807
3617.957293293475
3614.1125905857034
3610.298048858697
6372.218195849293
6369.779747768468
6366.795844611062
6363.231899305536
6359.0610481643225
6354.263838438106
6348.8277449080215
6342.746581194885
6336.019855872123
6328.652110397949
6320.652265319535
6312.032992899594
6302.810127939179
6293.002123775848
6282.629556907146
6271.714681152628
6260.2810304962595
6248.353068560649
6235.955881909309
6223.1149139382815
6209.855735915626
6196.203851689064
6182.184532656975
6167.822679748214
6153.142709353369
6138.168460373349
6122.92311978629
6107.429164369713
6091.70831644504
6075.781511731034
6059.668877598706
6043.389720211204
6026.962519207362
6010.404928747217
5993.733783882015
5976.965111341094
5960.11414394414
5943.195337950998
5926.222392753141
5909.208272392453
5892.165228464931
5875.104824030206
5858.037958203555
5840.974891155698
5823.925269288461
5806.898150391502
5789.902028617717
5772.944859143077
5756.0340824009545
5739.176647802164
5722.379036869999
5705.6472857352255
5688.987006949312
5672.403410585657
5655.901324608245
5639.4852144954175
5623.159202113405
5606.927083840009
5590.792347943797
5574.758191227983
5558.827534951639
5543.0030400433525
5527.287121624653
5511.681962862079
5496.189528168077
5480.811575771753
5465.5496696811115
5450.405191058866
5435.3793490339
5420.473190970633
5405.6876122182275
5391.023365361434
5376.48106899437
5362.0612160382025
5347.764181623139
5333.590230554505
5319.539524382251
5305.6121280924635
5291.8080164388975
5278.127079931866
5264.569130501172
5251.133906849131
5237.821079509065
5224.630255624024
5211.560983459833
5198.612756665978
5185.785018297247
5173.0771646083895
5160.488548633612
5148.018483562018
5135.666245919789
5123.431078569083
5111.312193533492
5099.308774659146
5087.419980120216
5075.644944777156
5063.982782395524
5052.432587732894
5040.993438501002
5029.664397209783
5018.4445128997995
5007.332822769076
4996.328353700084
4985.430123692395
4974.637143206108
4963.948416420992
4953.362942415969
4942.879716273359
4932.497730112025
4922.215974053377
4912.033437123989
4901.949108098333
4891.961976285012
4882.07103225963
4872.275268547339
4862.573680257865
4852.965265675724
4843.449026808159
4834.023969893209
4824.689105870198
4815.443450814761
4806.286026340492
4797.215859969104
4788.2319854709285
4779.333443177513
4770.5192802678785
4761.788551030053
4753.140317099278
4744.573647674315
4736.087619713098
4727.681318109026
4719.353835849005
4711.1042741543915
4702.931742605808
4694.835359252893
4686.81425070986
4678.867552237754
4670.994407814251
4663.1939701917545
4655.465400944576
4647.80787050584
4640.220558194809
4632.702652235269
4625.253349765511
4617.871856840515
4610.557388426831
4603.309168390674
4596.1264294796765
4589.008413298754
4581.954370280519
4574.963559650587
4568.0352493881965
4561.168716182449
4554.3632453845585
4547.618130956324
4540.932675415237
4534.3061897763855
4527.737993491521
4521.227414385428
4514.773788589918
4508.376460475606
4502.034782581706
4495.748115544017
4489.515828021278
4483.337296620112
4477.211905818628
4471.139047888924
4465.118122818565
4459.148538231205
4453.229709306468
4447.361058699193
4441.542016458168
4435.772019944437
4430.050513749316
4424.376949612143
4418.7507863379005
4413.17148971477
4407.638532431687
4402.151393995966
4396.709560651067
4391.312525294556
4385.959787396314
4380.650852917047
4375.385234227145
4370.16245002594
4364.982025261379
4359.843491050195
4354.746384598557
4349.690249123275
4344.6746337735585
4339.699093553386
4334.763189244466
4329.86648732987
4325.008559918295
4320.188984669027
4315.407344717595
4310.663228602122
4305.956230190424
4301.285948607824
4296.651988165719
4292.053958290907
7481.000616581568
7478.43919827947
7475.293726762031
7471.524023399412
7467.097950680543
7461.991196783437
7456.186860985289
7449.674908945955
7442.451551745045
7434.5185894930655
7425.882749532038
7416.555040563488
7406.550137236029
7395.88580449638
7384.582367069101
7372.662226523991
7360.149426294751
7347.06926354528
7333.447945792155
7319.312289564987
7304.689458027246
7289.606734316536
7274.091327338958
7258.170206825217
7241.869964593954
7225.216699146869
7208.235920922666
7190.952475750163
7173.390484255866
7155.573295191507
7137.523450848541
7119.26266291643
7100.811797318454
7082.190866721739
7063.419029567623
7044.514594603891
7025.495030023201
7006.37697642228
6987.176262895293
6967.907925663215
6948.586228719477
6929.22468604198
6909.83608498335
6890.4325105057915
6871.025369974997
6851.625418269821
6832.242783001468
6812.886989668476
6793.566986602048
6774.2911695811
6755.067406017835
6735.9030586333565
6716.805008558998
6697.779677812969
6678.833051113941
6659.970697003562
6641.197788258561
6622.519121580797
6603.939136559759
6585.461933907603
6567.091292971076
6548.83068852864
6530.683306883969
6512.652061269677
6494.739606577039
6476.948353429103
6459.280481615799
6441.737952910559
6424.322523288643
6407.035754567687
6389.879025491315
6372.853542276653
6355.960348646483
6339.200335366637
6322.574249308887
6306.082702059263
6289.726178091209
6273.505042522679
6257.419548475533
6241.469844055235
6225.655978968173
6209.977910793387
6194.435510924864
6179.028570199995
6163.7568042291905
6148.619858441041
6133.617312856833
6118.748686607672
6104.013442206902
6089.410989589935
6074.940689933117
6060.6018592626915
6046.393771864463
6032.315663504224
6018.366734468629
6004.546152435633
5990.85305518328
5977.28655314515
5963.84573182039
5950.52965404588
5937.337362137694
5924.267879908684
5911.320214568681
5898.493358513459
5885.786291008311
5873.197979771856
5860.727382465264
5848.373448092004
5836.135118312825
5824.011328680511
5812.001009798682
5800.103088408733
5788.316488408767
5776.640131808156
5765.072939621248
5753.613832703495
5742.261732533103
5731.015561941234
5719.874245793469
5708.836711625301
5697.901890234113
5687.068716230041
5676.33612854803
5665.703070923171
5655.168492331441
5644.731347397657
5634.3905967726005
5624.145207480952
5613.99415324172
5603.936414762706
5593.970980010496
5584.09684445733
5574.313011306247
5564.618491695663
5555.012304884642
5545.493478419964
5536.061048286025
5526.714059038607
5517.451563923456
5508.272624980584
5499.176313135116
5490.161708275549
5481.227899320113
5472.373984272027
5463.599070264304
5454.9022735947265
5446.282719751678
5437.739543431337
5429.271888546824
5420.878908229812
5412.559764825091
5404.313629878548
5396.139684119007
5388.03711743434
5380.005128842236
5372.042926456017
5364.149727445862
5356.324757995677
5348.567253256085
5340.876457293694
5333.2516230369565
5325.692012218951
5318.196895317231
5310.765551491053
5303.397268516183
5296.091342717457
5288.847078899364
5281.66379027475
5274.540798391914
5267.47743306015
5260.473032274012
5253.526942136341
5246.638516780257
5239.807118290228
5233.0321166223175
5226.312889523773
5219.648822452015
5213.039308493129
5206.48374828001
5199.981549910184
5193.532128863419
5187.134907919214
5180.789317074212
5174.494793459621
5168.2507812587155
5162.056731624464
5155.912102597334
5149.816359023342
5143.768972472391
5137.769421156941
5131.817189851037
5125.911769809774
5120.0526586891965
5114.239360466663
5108.471385361761
5102.748249757718
5097.069476123424
5091.434592935996
5085.843134604003
5080.294641391286
5074.788659341435
8738.894408375232
8736.211513128068
8732.905745471564
8728.931058965343
8724.249718001432
8718.832188741078
8712.6568032928
8705.709268858096
8697.982079049007
8689.473871695915
8680.188766546646
8670.135707304162
8659.327825286826
8647.781836382681
8635.517478653144
8622.556994683975
8608.924660371144
8594.64636008673
8579.74920694682
8564.261206078481
8548.210958259888
8531.627401009613
8514.539584068993
8496.976476208021
8478.966800355585
8460.538894181864
8441.720593423548
8422.539135426905
8403.021080577664
8383.19224948303
8363.077673963584
8342.701560098136
8322.087261739893
8301.257263086227
8280.233169036404
8259.035702211204
8237.684705635886
8216.199150203895
8194.597146143285
8172.895957802387
8151.1120211555235
8129.260963505645
8107.357624928024
8085.41608105927
8063.44966688935
8041.471001261403
8019.492011825958
7997.523960232945
7975.57746737731
7953.6625385424995
7931.788588311091
7909.964465133628
7888.198475465869
7866.498407401164
7844.871553739272
7823.324734445307
7801.864318463413
7780.496244859111
7759.226043272165
7738.058853668824
7716.999445388041
7696.052235481223
7675.221306349324
7654.510422684445
7633.923047726166
7613.462358845079
7593.131262468007
7572.932408360919
7552.868203286711
7532.940824056015
7513.152229989821
7493.504174813103
7473.9982179990375
7454.635735583344
7435.417930468417
7416.34584223666
7397.420356492325
7378.642213750741
7360.01201789355
7341.530244208141
7323.197247028911
7305.013266997719
7286.978437960133
7269.0927935137415
7251.356273224184
7233.768728524009
7216.329928308958
7199.039564245696
7181.897255804505
7164.902555029919
7148.0549510617
7131.35387441816
7114.798701053195
7098.388756198057
7082.123317998248
7066.001620955644
7050.0228591853265
7034.186189496366
7018.490734305183
7002.935584389884
6987.519801493485
6972.2424207835775
6957.102453175711
6942.0988875273
6927.230692708641
6912.496819557269
6897.896202721609
6883.427762399508
6869.090405977107
6854.883029573116
6840.80451949335
6826.853753600188
6813.029602601311
6799.330931261951
6785.756599544552
6772.305463679683
6758.9763771717835
6745.768191743093
6732.6797582190775
6719.709927358389
6706.857550630285
6694.121480942283
6681.500573320686
6668.993685546501
6656.59967874909
6644.317417959825
6632.1457726279095
6620.083617100362
6608.129831068127
6596.283299980105
6584.542915426887
6572.907575495803
6561.376185098868
6549.947656275097
6538.620908468639
6527.394868784004
6516.268472219699
6505.240661881475
6494.310389176271
6483.4766139880485
6472.738304836415
6462.094439019098
6451.544002739165
6441.085991217875
6430.719408793974
6420.443269010234
6410.256594687997
6400.158417990393
6390.147780474967
6380.223733136258
6370.385336439047
6360.631660342737
6350.961784317484
6341.374797352561
6331.869797957431
6322.445894156022
6313.102203474614
6303.837852923744
6294.651978974578
6285.543727530016
6276.512253891013
6267.556722718322
6258.676307990063
6249.870192955371
6241.137570084416
6232.477641015073
6223.889616496455
6215.372716329617
6206.926169305572
6198.549213140911
6190.241094411154
6182.001068482097
6173.828399439266
6165.722360015694
6157.682231518175
6149.707303752108
6141.796874945127
6133.950251669616
6126.166748764255
6118.4456892546905
6110.786404273477
6103.18823297937
6095.650522476084
6088.172627730596
6080.753911491098
6073.393744204665
6066.09150393475
6058.846576278511
6051.658354284124
6044.52623836808
6037.449636232563
6030.427962782936
6023.46064004543
6016.547097085038
6009.686769923672
6002.879101458684
5996.123541381685
5989.419546097785
5982.766578645265
5976.164108615684
5969.611612074504
10160.44789947803
10157.645148779531
10154.180571653753
10150.001998397289
10145.065789946359
10139.336843511013
10132.78834471719
10125.401340009656
10117.164189350806
10108.071946690761
10098.12570478101
10087.331931772613
10075.701819593736
10063.250658157933
10049.997244797676
10035.963334732263
10021.173135667057
10005.652847609164
9989.430247526561
9972.53431745168
9954.994913937873
9936.842476338372
9918.107771129244
9898.821669390873
9879.01495455753
9858.718157612318
9837.961417021608
9816.774360851927
9795.186008680414
9773.224691086787
9750.917984694557
9728.292660905841
9705.3746466447
9682.18899558617
9658.759868500383
9635.110521482859
9611.263300972907
9587.239644581954
9563.060086863192
9538.744269253268
9514.310953506658
9489.778038024493
9465.162576552311
9440.480798786568
9415.748132488103
9390.979226752654
9366.18797613497
9341.387545364076
9316.590394423754
9291.808303804533
9267.052399761938
9242.333179440862
9217.660535748017
9193.043781873763
9168.491675381689
9144.012441799008
9119.61379765406
9095.302972918176
9071.086732819222
9046.97139900245
9022.962870021689
8999.066641150084
8975.287823505136
8951.631162487241
8928.101055534797
8904.701569202407
8881.436455571224
8858.309168002783
8835.322876249778
8812.480480938215
8789.784627437173
8767.237719132809
8744.8419301242
8722.59921735906
8700.511332227572
8678.579831632811
8656.806088556361
8635.191302137408
8613.736507283667
8592.442583832171
8571.310265277602
8550.340147085597
8529.532694607979
8508.888250616452
8488.407042470957
8468.089188938215
8447.934706675696
8427.943516395666
8408.115448723429
8388.450249763515
8368.947586386923
8349.607051252153
8330.428167572187
8311.410393639178
8292.55312711804
8273.85570911983
8255.317428065184
8236.937523347728
8218.71518880707
8200.64957602026
8182.739797420615
8164.9849292520385
8147.384014366923
8129.936064875095
8112.640064651122
8095.49497170684
8078.499720435754
8061.653223735539
8044.9543750146795
8028.40205008896
8011.995108973253
7995.732397573808
7979.612749285979
7963.634986502123
7947.797922034147
7932.100360455001
7916.541099363148
7901.118930573941
7885.832641241569
7870.681014915071
7855.662832531795
7840.776873351452
7826.021915833814
7811.39673846291
7796.900120520488
7782.530842811319
7768.287688342834
7754.169442961463
7740.174895947871
7726.302840573287
7712.552074618886
7698.9214008601975
7685.409627518341
7672.015568679841
7658.738044686692
7645.575882498187
7632.527916026089
7619.592986444488
7606.769942475751
7594.057640653795
7581.454945565948
7568.960730074531
7556.573875519263
7544.293271901547
7532.117818051602
7520.046421779419
7508.078000010417
7496.211478906652
7484.445793974381
7472.779890158774
7461.212721926463
7449.743253336667
7438.3704581015045
7427.093319636151
7415.910831099421
7404.82199542533
7393.825825346193
7382.921343407732
7372.107581976719
7361.383583241549
7350.7483992062525
7340.201091678284
7329.740732250531
7319.366402277883
7309.07719284872
7298.872204751664
7288.75054843787
7278.7113439792265
7268.753721022667
7258.876818740924
7249.079785779933
7239.361780203183
7229.721969433171
7220.159530190243
7210.67364842899
7201.263519272397
7191.928346943934
7182.66734469776
7173.479734747213
7164.36474819172
7155.321624942295
7146.349613645769
7137.447971607833
7128.615964715101
7119.852867356223
7111.157962342241
7102.530540826202
7093.96990222222
7085.475354124006
7077.046212222993
7068.681800226128
7060.3814497733965
7052.144500355184
7043.970299229499
7035.858201339155
7027.8075692289685
7019.817772963019
7011.888190042019
7004.018205320864
6996.207210926397
6988.454606175428
11761.12601236926
11758.205133378466
11754.583417469134
11750.202336810495
11745.012062785634
11738.971593627604
11732.048602924442
11724.219084113174
11715.46685332134
11705.782960822473
11695.165050603138
11683.616698328156
11671.146750337197
11657.768680088142
11643.499973505142
11628.36155080311
11612.377229363345
11595.573229963204
11577.977726973095
11559.62044190671
11540.532278845187
11520.74499967092
11500.29093667737
11479.202739913471
11457.513156534884
11435.254839436035
11412.460182501462
11389.161179923012
11365.389307165737
11341.175421318883
11316.549678730406
11291.54146798809
11266.179356472845
11240.491048867285
11214.503356152818
11188.24217377002
11161.732467749427
11134.998267742487
11108.062665995141
11080.947821410282
11053.674967939252
11026.264426628784
10998.73562072676
10971.107093320728
10943.39652704576
10915.620765454976
10887.795835696743
10859.936972187716
10832.058641011497
10804.174564808545
10776.297747954943
10748.440501856147
10720.614470206732
10692.830654089728
10665.099436808314
10637.43060836034
10609.833389481075
10582.316455192922
10554.887957812742
10527.555549377252
10500.326403456234
10473.20723633078
10446.204327520434
10419.323539649151
10392.570337644678
10365.949807270292
10339.466672991559
10313.12531518373
10286.929786687924
10260.883828726639
10234.990886190557
10209.254122310384
10183.676432728405
10158.260458985427
10133.008601439495
10107.923031633185
10083.005704126737
10058.258367814351
10033.682576741181
10009.279700438445
9985.050933794
9960.997306475556
9937.119691923397
9913.418815929284
9889.89526481778
9866.549493245908
9843.381831636641
9820.392493261388
9797.581580985963
9774.949093694479
9752.494932404668
9730.21890608819
9708.120737208523
9686.200066989015
9664.456460422978
9642.889411037242
9621.498345420354
9600.282627525987
9579.241562761727
9558.374401873101
9537.680344632256
9517.158543340181
9496.808106151293
9476.628100228467
9456.617554736562
9436.775463681934
9417.10078860525
9397.592461134487
9378.249385404706
9359.070440351057
9340.054481880892
9321.200344930898
9302.506845414704
9283.972782066221
9265.596938183739
9247.378083279622
9229.314974640103
9211.406358799592
9193.650972933621
9176.047546174452
9158.594800853034
9141.291453671009
9124.13621680617
9107.127798954594
9090.264906312677
9073.546243501936
9056.970514439487
9040.536423156876
9024.2426745698
9008.087975201248
8992.071033860284
8976.190562278805
8960.44527570832
8944.833893478764
8929.355139521318
8914.007742857002
8898.790438052823
8883.701965647097
8868.74107254555
8853.906512389689
8839.197045898862
8824.611441187373
8810.148474057944
8795.806928272761
8781.585595803263
8767.483277059782
8753.498781102156
8739.630925832189
8725.8785381691
8712.240454208695
8698.715519367288
8685.302588511047
8672.000526071706
8658.80820614923
8645.724512602312
8632.748339127222
8619.878589325755
8607.11417676287
8594.454025014544
8581.897067706479
8569.442248544137
8557.088521334601
8544.834850000749
8532.680208588223
8520.623581265536
8508.663962317829
8496.800356134603
8485.031777191798
8473.357250028566
8461.77580921913
8450.286499339938
8438.888374932518
8427.580500462238
8416.361950273294
8405.231808540144
8394.189169215679
8383.233135976276
8372.362822164094
8361.577350726642
8350.875854153977
8340.257474413615
8329.721362883378
8319.26668028234
8308.892596600008
8298.598291023947
8288.382951865888
8278.245776486583
8268.185971219398
8258.202751292934
8248.295340752578
8238.462972381294
8228.704887619646
8219.02033648514
8209.40857749105
8199.868877564775
8190.400511965758
8181.0027642031555
8171.674925953234
8162.41629697659
8153.226185035281
8144.1039058099
13557.338266065473
13554.301071659957
13550.524044267364
13545.942083259619
13540.498903739675
13534.147292467198
13526.849060303153
13518.574767016089
13509.303282620316
13499.02123791927
13487.72240640636
13475.407050479664
13462.081257141737
13447.756281921895
13432.447914543061
13416.175875698751
13398.963251044253
13380.835965986407
13361.82230294223
13341.952461309786
13321.25815935568
13299.772276489977
13277.52853390348
13254.56121122911
13230.904896715465
13206.594268330588
13181.663903220859
13156.148113011572
13130.08080253552
13103.495349701267
13076.424504353305
13048.900304124903
13020.954005435882
12992.61602793728
12963.915910850195
12934.882279785896
12905.542822765514
12875.924274281702
12846.052406359391
12815.952025679124
12785.646975924363
12755.160144603566
12724.513473679595
12693.727973413232
12662.823738894698
12631.819968798163
12600.734985948668
12569.586259340376
12538.390427289403
12507.163321443735
12475.919991408711
12444.674729777737
12413.441097386294
12382.231948632505
12351.05945672952
12319.935138775028
12288.869880540547
12257.873960898576
12226.957075819506
12196.128361881985
12165.39641925112
12134.769334088069
12104.25470036273
12073.859641048233
12043.590828682125
12013.454505284304
11983.456501626704
11953.602255853171
11923.896831451877
11894.344934585086
11864.950930783758
11835.71886101646
11806.65245714365
11777.755156770034
11749.030117508519
11720.480230670473
11692.108134397455
11663.916226250338
11635.90667527183
11608.081433538955
11580.442247221836
11552.990667165457
11525.728059010766
11498.655612871516
11471.774352582923
11445.085144538083
11418.588706127686
11392.285613798376
11366.176310744579
11340.261114248464
11314.540222682117
11289.013722185684
11263.681593034906
11238.543715710883
11213.599876684635
11188.849773928518
11164.293022166206
11139.929157872442
11115.757644033476
11091.777874678573
11067.98917919269
11044.390826419949
11020.98202856727
10997.761944916947
10974.729685356906
10951.88431373673
10929.22485105733
10906.750278501946
10884.459540315567
10862.351546539718
10840.425175609384
10818.679276818257
10797.112672658472
10775.724161040633
10754.512517399693
10733.476496691983
10712.614835288488
10691.926252769248
10671.409453623484
10651.063128859907
10630.885957531453
10610.876608178485
10591.03374019428
10571.356005116599
10551.84204784872
10532.490507813402
10513.300020042958
10494.269216208477
10475.39672559111
10456.681175998288
10438.121194627402
10419.715408879587
10401.462447125996
10383.360939428832
10365.4095182194
10347.606818935255
10329.951480618429
10312.44214647665
10295.07746440942
10277.856087500602
10260.776674479232
10243.837890150138
10227.038405795825
10210.376899551073
10193.852056751635
10177.462570258336
10161.207140757753
10145.084477040764
10129.093296259962
10113.23232416717
10097.500295331869
10081.89595334176
10066.418050986143
10051.065350423203
10035.836623331905
10020.730651049358
10005.746224694452
9990.882145278385
9976.137223802885
9961.510281346738
9947.000149141231
9932.605668635177
9918.325691549997
9904.15907992551
9890.10470615685
9876.161453023062
9862.328213707833
9848.6038918128
9834.987401363862
9821.477666810864
9808.07362302115
9794.774215267167
9781.578399208678
9768.485140869747
9755.49341661088
9742.602213096652
9729.810527259024
9717.117366256709
9704.521747430776
9692.02269825677
9679.619256293576
9667.31046912924
9655.095394323987
9642.973099350564
9630.942661532219
9619.003167978337
9607.15371551806
9595.393410631954
9583.721369381896
9572.13671733938
9560.63858951228
9549.226130270312
9537.898493269235
9526.654841373958
9515.494346580657
9504.416189937954
9493.419561467392
9482.50366008311
9471.667693510997
9460.910878207276
9450.232439276677
15566.466777677675
15563.315148868129
15559.384769316497
15554.603770584275
15548.90916404731
15542.24723040487
15534.573582807725
15525.85297954931
15516.05895179228
15505.173301015857
15493.185510701163
15480.092107681512
15465.896000742436
15450.605817464966
15434.235254877414
15416.802455086996
15398.32941355946
15378.841424962931
15358.366569362252
15336.935239928422
15314.579712116303
15291.333753379817
15267.232271868863
15242.311002129607
15216.60622556382
15190.154523256711
15162.992558726528
15135.156888159803
15106.683795754763
15077.60915188813
15047.968291935564
15017.795913705246
14987.125991580682
14955.99170560821
14924.425383902828
14892.458456880886
14860.121421957529
14827.44381746952
14794.454204699996
14761.180156989241
14727.648255016082
14693.884087426875
14659.91225607396
14625.756385203435
14591.439134003002
14556.982211985165
14522.406396739783
14487.731553642876
14452.976657156505
14418.159813397666
14383.298283693039
14348.408508871074
14313.506134074392
14278.60603390319
14243.72233772551
14208.868455012298
14174.057100575294
14139.300319603117
14104.60951240691
14069.995458800495
14035.468342052476
14001.037772358515
13966.71280979154
13932.50198669606
13898.413329500238
13864.454379925663
13830.632215580574
13796.953469927093
13763.424351617288
13730.050663196596
13696.837819176326
13663.790863479544
13630.914486267095
13598.213040152343
13565.690555814917
13533.350757025004
13501.197075090942
13469.232662743714
13437.460407472505
13405.882944326286
13374.502668196506
13343.321745596408
13312.342125952551
13281.56555242419
13250.993572266187
13220.627546750966
13190.468660664932
13160.517931394483
13130.77621761665
13101.244227608971
13071.92252719291
13042.81154732497
13013.911591349075
12985.222841923556
12956.745367635689
12928.479129316347
12900.42398606695
12872.579701010429
12844.945946777736
12817.52231074075
12790.308300002385
12763.303346153993
12736.506809810104
12709.917984929883
12683.53610293461
12657.360336629845
12631.389803940947
12605.623571469921
12580.060657881486
12554.70003712596
12529.540641506004
12504.581364594316
12479.821064008791
12455.258564051555
12430.892658217996
12406.722111581526
12382.745663059852
12358.962027567917
12335.369898062778
12311.967947485253
12288.754830603095
12265.729185760147
12242.889636535794
12220.2347933188
12197.76325479952
12175.473609384226
12153.364436535066
12131.43430803925
12109.68178921056
12088.105440026535
12066.703816204117
12045.475470216792
12024.418952255866
12003.532811138566
11982.815595165364
11962.265852929058
11941.882134077734
11921.662990033868
11901.606974671713
11881.71264495477
11861.97856153545
11842.403289318558
11822.985397990466
11803.723462515547
11784.616063601445
11765.661788134727
11746.859229588314
11728.206988402075
11709.703672337908
11691.347896810508
11673.138285195051
11655.07346911292
11637.152088696585
11619.372792834598
11601.734239397745
11584.235095447328
11566.874037426365
11549.649751334688
11532.560932888688
11515.606287666473
11498.784531239246
11482.094389289563
11465.534597717127
11449.103902732875
11432.801060941802
11416.62483941527
11400.574015753267
11384.647378137157
11368.8437253735
11353.16186692931
11337.600622959322
11322.158824325668
11306.835312610325
11291.628940120856
11276.538569889706
11261.563075667502
11246.70134191065
11231.952263763571
11217.314747035929
11202.787708175068
11188.37007423407
11174.060782835522
11159.858782131474
11145.763030759616
11131.772497796088
11117.886162704996
11104.103015285007
11090.422055613026
11076.842293985364
11063.362750856384
11049.982456774957
11036.700452318775
11023.515788026747
11010.427524329607
10997.434731478876
10984.536489474303
10971.731887989921
10959.020026298878
10946.400013197068
10933.870966925762
10921.43201509328
17806.894263317816
17803.630133792845
17799.54847142889
17794.57046397224
17788.626190650193
17781.65514959742
17773.606437581184
17764.438657478146
17754.119619777164
17742.62589440589
17729.942259459654
17716.06108451269
17700.98167836439
17684.7096243833
17667.256121016384
17648.63734043415
17628.87381456295
17607.989854788757
17586.013009282702
17562.973560088736
17538.90406073281
17513.838914079475
17487.81398940583
17460.866277128167
17433.033579254967
17404.354233412952
17374.86686816996
17344.610187332917
17313.622780913407
17281.942960508393
17249.608616930193
17216.657098025647
17183.125104743547
17149.04860363495
17114.46275409984
17079.4018488214
17043.899265954118
17007.987431752168
16971.697792439674
16935.06079423207
16898.105870519616
16860.861435318468
16823.354882182135
16785.612587846823
16747.659919958514
16709.521248297246
16671.21995897619
16632.778471149515
16594.218255814245
16555.55985633782
16516.822910385054
16478.026172956124
16439.187540281382
16400.324074349694
16361.452027874344
16322.586869525781
16283.743309282187
16244.935323769152
16206.17618147715
16167.478467761592
16128.854109543976
16090.314399645617
16051.870020696068
16013.53106856856
15975.307075303235
15937.207031486778
15899.239408063711
15861.412177560607
15823.732834709592
15786.2084164622
15748.845521388388
15711.650328459182
15674.628615214131
15637.7857753175
15601.126835509225
15564.656471958468
15528.379026029206
15492.298519468648
15456.418669030101
15420.742900543213
15385.274362444676
15350.015938783505
15314.970261715034
15280.139723498325
15245.526488011643
15211.132501800941
15176.959504676137
15143.009039870009
15109.28246377441
15075.780955268288
15042.505524651848
15009.457022200952
14976.636146355508
14944.043451555402
14911.679355737193
14879.54414750438
14847.637992983857
14815.960942380661
14784.512936242973
14753.293811448657
14722.303306924716
14691.54106911018
14661.006657173013
14630.69954799103
14600.619140906549
14570.764762264098
14541.135669740346
14511.73105647479
14482.550055009742
14453.591741047538
14424.85513703289
14396.339215567667
14368.042902665451
14339.965080852675
14312.104592122927
14284.46024075088
14257.030795971885
14229.814994533066
14202.811543121597
14176.01912067551
14149.436380582161
14123.061952769418
14096.894445694172
14070.932448232843
14045.174531478144
14019.61925044634
13994.265145698959
13969.110744882804
13944.154564191887
13919.395109754863
13894.830878951232
13870.46036165961
13846.282041441067
13822.294396660476
13798.49590154882
13774.885027208886
13751.460242567196
13728.220015274475
13705.162812557015
13682.287102021275
13659.591352413778
13637.074034338419
13614.733620933133
13592.56858850779
13570.577417145138
13548.75859126653
13527.110600164016
13505.631938500424
13484.32110677894
13463.176611783545
13442.196966991803
13421.380692961184
13400.726317690242
13380.23237695588
13359.897414627718
13339.719982960814
13319.698642867654
13299.831964170487
13280.118525834914
13260.556916185653
13241.145733105384
13221.88358421742
13202.769087053093
13183.80086920455
13164.977568463697
13146.297832948005
13127.760321213787
13109.36370235765
13091.106656106624
13072.987872897647
13055.006053946905
13037.159911309504
13019.448167930064
13001.86955768468
12984.42282541464
12967.106726952443
12949.920029140438
12932.861509842556
12915.92995794946
12899.124173377475
12882.442967061666
12865.885160943411
12849.4495879527
12833.135091985561
12816.940527876824
12800.86476136852
12784.906669074184
12769.065138439282
12753.339067698018
12737.727365826768
12722.228952494279
12706.842758008908
12691.567723263093
12676.402799675194
12661.346949128882
12646.399143910336
12631.558366643283
12616.82361022209
12602.193877743102
12587.668182434247
12573.245547583163
20298.03203833104
20294.657380916127
20290.426595480174
20285.253768226074
20279.061836449077
20271.7832572961
20263.36030918408
20253.745100280084
20242.899350633896
20230.794005474065
20217.408727995484
20202.731311339194
20186.75704172178
20169.48803794146
20150.932586770814
20131.104488983343
20110.022426851407
20087.709360791552
20064.191960307773
20039.500072394054
20013.66622901201
19986.72519407786
19958.71354950682
19929.669319214052
19899.63162951169
19868.640404030793
19836.736091103034
19803.959421432854
19770.351193854982
19735.952086988014
19700.80249464761
19664.942382963105
19628.411167238908
19591.247606712568
19553.48971547634
19515.174687949286
19476.338837404375
19437.017546171628
19397.24522625049
19357.055289171527
19316.480124049267
19275.551082863036
19234.29847209208
19192.751549913763
19150.93852825051
19108.88657902155
19066.621844020756
19024.169447900873
18981.553513799223
18938.797181189104
18895.922625586412
18852.95107978159
18809.90285630437
18766.79737086207
18723.653166522345
18680.487938438986
18637.318558943454
18594.161102847193
18551.0308728194
18507.94242472312
18464.909592807664
18421.945514670497
18379.062655913687
18336.272834431744
18293.58724427758
18251.016479062302
18208.57055485254
18166.258932535868
18124.09053963125
18082.073791526847
18040.216612132244
17998.526453936447
17957.010317466687
17915.674770146226
17874.525964552035
17833.569656075942
17792.811219994423
17752.255667954454
17711.90766388389
17671.771539336532
17631.851308282632
17592.150681356714
17552.673079575387
17513.421647537903
17474.399266123168
17435.608564696835
17397.051932842456
17358.731531630845
17320.64930444165
17282.80698735133
17245.206119101484
17207.84805066143
17170.733954398835
17133.86483287168
17097.241527255108
17060.864725416024
17024.73496964817
16988.852664080172
16953.218081768737
16917.83137148873
16882.692564231715
16847.80157942407
16813.1582308756
16778.762232469075
16744.613203600966
16710.710674383125
16677.054090615078
16643.642818536035
16610.476149365488
16577.55330364118
16544.873435362417
16512.43563594696
16480.238938009075
16448.282318966118
16416.56470448088
16385.084971746488
16353.8419526204
16322.834436613975
16292.061173743603
16261.520877249317
16231.21222618647
16201.133867895887
16171.284420357748
16141.662474434072
16112.266596004682
16083.095328001185
16054.14719234338
16025.420691782294
15996.914311653969
15968.626521547754
15940.555776892967
15912.70052046734
15885.059183830816
15857.630188687861
15830.411948181469
15803.402868121888
15776.601348152892
15750.005782858421
15723.61456281219
15697.426075572792
15671.438706626743
15645.650840281787
15620.060860512684
15594.66715176154
15569.468099694848
15544.462091919055
15519.647518656613
15495.022773384258
15470.5862534352
15446.33636056695
15422.27150149621
15398.39008840252
15374.690539401847
15351.171278991704
15327.830738469014
15304.667356321963
15281.679578679858
15258.865859325155
15236.224660511883
15213.754452933088
15191.453716082811
15169.3209385155
15147.354618086802
15125.55326217662
15103.915387895353
15082.439522273962
15061.124202438814
15039.967975771893
15018.969400057193
14998.127043613877
14977.439485416899
14956.905315205699
14936.523133581513
14916.291552093953
14896.209193317258
14876.274690916915
14856.486689706902
14836.84384569827
14817.344826139337
14797.98830954799
14778.772985736523
14759.697555829303
14740.760732273819
14721.961238845262
14703.297810645143
14684.769194094164
14666.374146919741
14648.111438138389
14629.979848033343
14611.978168127602
14594.105201152714
14576.359761013537
14558.740672749154
14541.2467724903
14523.876907413363
14506.629935691251
14489.504726441313
14472.500159670497
14455.615126217892
14438.848527694876
14422.199276422976
23060.348017695407
23056.864832526302
23052.487156687548
23047.121834595924
23040.684469975175
23033.100238493214
23024.304315173613
23014.241989411494
23002.868534034646
22990.148886740073
22976.057193667526
22960.576256587945
22943.69691759259
22925.417408451936
22905.742686022506
22884.683770185286
22862.25709673021
22838.483894263685
22813.38959151606
22787.003259267105
22759.35708940356
22730.485912297787
22700.42675267998
22669.218423414168
22636.90115602813
22603.516266450973
22569.105854144233
22533.712532645775
22497.37918945791
22460.14877318276
22422.064105825233
22383.16771823442
22343.50170672871
22303.107609040402
22262.026297817534
22220.29789002732
22177.96167071652
22135.05602969311
22091.61840980257
22047.685265575732
22003.292031126268
21958.473096270274
21913.26178993076
21867.690369973494
21821.790018699336
21775.59084329087
21729.121880578474
21682.411105553023
21635.485443109355
21588.370782557147
21541.091994483264
21493.67294959357
21446.136539201812
21398.5046970692
21350.79842233125
21303.037803278017
21255.242041780784
21207.429478182534
21159.617616491407
21111.823149736156
21064.06198536029
21016.3492705476
20968.699417386066
20921.12612778992
20873.64241811141
20826.260643383506
20778.99252114456
20731.849154803702
20684.84105651316
20637.978169519993
20591.269889975672
20544.72508818665
20498.352129293853
20452.158893372587
20406.15279494819
20360.34080192513
20314.72945393074
20269.324880076074
20224.132816139063
20179.158621176437
20134.407293572433
20089.883486533414
20045.59152303877
20001.53541025891
19957.71885345227
19914.1452693534
19870.817799065077
19827.73932046704
19784.912460155057
19742.339604923112
19700.022912802728
19657.96432367232
19616.165569450295
19574.62818388503
19533.35351195488
19492.342718891206
19451.596798837214
19411.11658315499
19370.90274839332
19330.95582392792
19291.276199286258
19251.8641311681
19212.71975017312
19173.843067246424
19135.233979852463
19096.892277887768
19058.817649342287
19021.009685719113
18983.467887221763
18946.191667718307
18909.18035949089
18872.433217779144
18835.94942512571
18799.728095531675
18763.768278429627
18728.068962481528
18692.629079208593
18657.447506459957
18622.523071726606
18587.85455530705
18553.440693330645
18519.28018064457
18485.37167356997
18451.7137925327
18418.30512457402
18385.144225745957
18352.229623396423
18319.559818348556
18287.13328697873
18254.948483197513
18223.003840337762
18191.297772953552
18159.82867853391
18128.594939134942
18097.594922933735
18066.82698570742
18036.28947224062
18005.98071766433
17975.899048729112
17946.042785015496
17916.410240084297
17886.99972256935
17857.809537215282
17828.837985862556
17800.083368382242
17771.543983562507
17743.21812994912
17715.10410664179
17687.200214048513
17659.504754599504
17632.016033422613
17604.732358982008
17577.65204368161
17550.773404434825
17524.094763202233
17497.614447498516
17471.33079087
17445.242133344225
17419.346821852647
17393.64321062785
17368.12966157627
17342.804544627623
17317.666238062033
17292.71312881595
17267.943612767773
17243.35609500404
17218.948990067285
17194.72072218613
17170.669725488755
17146.79444420008
17123.09333282397
17099.564856310626
17076.207490210283
17053.019720813543
17030.000045279252
17007.146971750222
16984.45901945768
16961.934718814755
16939.57261149965
16917.371250529006
16895.329200321794
16873.445036754492
16851.717347207592
16830.144730604276
16808.7257974413
16787.459169812704
16766.343481426706
16745.37737761593
16724.559515341552
16703.888563191605
16683.363201373642
16662.982121702244
16642.744027581444
16622.647633982575
16602.691667417566
16582.874865908117
16563.195978950866
16543.653767478834
16524.247003819386
16504.974471648813
16485.83496594387
26115.394714359947
26111.805018586983
26107.282742445408
26101.727364977804
26095.046982263986
26087.159265662503
26077.992018746798
26067.48340371104
26055.581903091806
26042.24607557147
26027.444156740796
26011.15354782682
25993.360228011203
25974.05811931595
25953.248427212686
25930.938975123594
25907.143546780317
25881.88124691796
25855.175887922065
25827.05540772922
25797.55132242906
25766.69821554961
25734.533264865717
25701.095806693495
25666.426936974036
25630.569147965092
25593.565999015904
25555.46181966893
25516.30144318859
25476.129968542806
25434.992548841146
25392.934204251735
25349.99965746703
25306.233189858038
25261.678516540473
25216.378678670542
25170.37595138748
25123.711765921973
25076.426644491887
25028.560146707434
24980.15082630537
24931.23619712585
24881.852707334885
24832.035720979802
24781.819506044583
24731.23722824624
24680.32094988248
24629.101633105212
24577.609147053525
24525.872278334686
24473.918744391885
24421.77520934341
24369.467301920544
24317.019635169552
24264.455827618738
24211.798525643215
24159.069426789523
24106.289303848218
24053.478029486912
24000.654601277718
23947.83716697266
23895.043049898384
23842.288774357534
23789.590090938178
23736.96200164629
23684.418784787078
23631.97401953195
23579.64061011718
23527.430809628393
23475.356243332677
23423.42793152684
23371.656311876006
23320.051261222103
23268.6221168467
23217.377697176235
23166.326321921893
23115.475831649102
23064.833606774835
23014.406585992936
22964.201284130235
22914.22380943776
22864.47988032298
22814.974841530697
22765.71367978074
22716.701038872332
22667.941234265185
22619.43826714843
22571.19583800885
22523.21735971041
22475.50597009733
22428.06454413318
22380.89570558879
22334.00183829156
22287.38509694911
22241.04741755993
22194.990527423797
22149.215954764513
22103.72503797738
22058.51893451374
22013.59862941461
21968.964943505285
21924.618541262556
21880.559938365855
21836.789508943457
21793.30749252469
21750.114000708578
21707.209023559197
21664.59243573802
21622.264002382522
21580.223384740915
21538.470145571926
21497.003754318484
21455.823592064102
21414.928956279997
21374.319065371215
21333.993063029397
21293.950022399775
21254.188950069663
21214.70878988533
21175.508426604138
21136.586689388416
21097.942355147356
21059.57415173296
21021.480760995903
20983.660821706937
20946.112932349264
20908.835653787042
20871.827511814754
20835.086999593303
20798.612579976136
20762.40268773032
20726.455731657567
20690.77009661843
20655.34414546397
20620.1762208788
20585.26464713907
20550.607731788834
20516.20376723837
20482.051032287534
20448.147793577355
20414.49230697278
20381.082818879615
20347.917567498207
20314.994784016664
20282.3126937461
20249.86951720039
20217.663471122694
20185.69276946113
20153.95562429558
20122.450246717905
20091.174847667353
20060.127638723236
20029.306832856553
19998.71064514249
19968.337293435274
19938.184999007182
19908.2519871531
19878.536487762274
19849.036735858514
19819.75097211032
19790.677443312223
19761.814402838594
19733.160111071054
19704.712835800794
19676.470852606755
19648.432445210798
19620.595905810915
19592.959535393406
19565.5216440249
19538.280551125295
19511.2345857223
19484.382086688478
19457.721402961568
19431.25089374886
19404.968928716327
19378.873888163187
19352.964163182634
19327.23815580928
19301.694279154006
19276.330957526778
19251.14662654791
19226.139733248503
19201.30873616034
19176.652105395922
19152.168322719
19127.85588160614
19103.713287299674
19079.7390568525
19055.931719165193
19032.289815015574
19008.811897081476
18985.49652995664
18962.34229016047
18939.347766141604
18916.511558275946
18893.832278859154
18871.308552094102
18848.93901407341
18826.72231275743
18804.65710794786
18782.74207125725
29485.83723940532
29482.143058261623
29477.478515631195
29471.735617395054
29464.814794843896
29456.626009486296
29447.089442305973
29436.13583574626
29423.70655325414
29409.75341521356
29394.238362948137
29377.132995073665
29358.418013368442
29338.08260880046
29316.123812543847
29292.545831771316
29267.359385705116
29240.581053790454
29212.232644854303
29182.340593651414
29150.93538920441
29118.051037746554
29083.724561809835
29047.99553601273
29010.905659342123
28972.498363150866
28932.818453672
28891.91178755167
28849.824978701996
28806.605134651447
28762.299620507132
28716.95584862653
28670.62109211567
28623.34232031599
28575.166054506924
28526.138242129582
28476.304147923984
28425.708260464617
28374.394212674128
28322.40471498989
28269.78149995217
28216.56527707407
28162.795696941128
28108.51132357282
28053.749614157372
27998.54690534701
27942.93840537045
27886.95819128572
27830.63921075745
27774.01328779904
27717.11113197331
27659.962350592843
27602.595463506143
27545.037920096525
27487.316118157767
27429.455424345255
27371.480195932276
27313.413803629654
27255.278655253023
27197.096220045547
27138.887053485298
27080.670822426033
27022.466330437583
26964.291543228217
26906.1636140455
26848.09890896533
26790.11303199049
26732.22084989058
26674.43651672475
26616.773497996994
26559.244594401735
26501.861965123822
26444.63715066351
26387.58109516241
26330.70416821092
26274.016186122557
26217.52643266375
26161.24367923167
26105.176204475112
26049.33181335664
25993.71785565584
25938.341243916253
25883.208470839687
25828.325626133592
25773.698412818154
25719.33216300109
25665.23185312897
25611.402118724764
25557.847268621776
25504.57129870495
25451.577905170805
25398.870497317504
25346.45220987698
25294.325914901165
25242.49423321436
25190.95954544409
25139.724002642495
25088.789536510416
25038.157869236307
24987.830522961875
24937.808828886198
24888.093936020025
24838.68681960164
24789.58828918555
24740.79899641493
24692.319442488744
24644.149985333897
24596.290846492742
24548.742117736034
24501.503767411035
24454.575646534166
24407.957494637594
24361.648945378594
24315.649531920433
24269.9586920932
24224.57577334271
24179.50003747549
24134.730665207422
24090.266760523504
24046.107354855816
24002.251411086792
23958.69782738434
23915.445440875243
23872.4930311633
23829.839323697932
23787.482992999365
23745.42266574572
23703.656923727605
23662.184306675368
23621.003314963895
23580.112412200044
23539.510027697095
23499.19455884093
23459.164373352083
23419.41781144792
23379.953187908886
23340.768794052736
23301.86289962034
23263.233754576762
23224.879590830897
23186.798623877043
23148.989054361555
23111.44906957763
23074.176844891113
23037.170545100194
23000.428325731602
22963.948334276054
22927.72871136525
22891.767591892996
22856.063106082638
22820.613380503095
22785.41653903551
22750.470703792744
22715.773995993455
22681.32453679283
22647.120448071648
22613.159853185505
22579.44087767581
22545.96164994414
22512.7203018916
22479.71496952451
22446.943793527935
22414.404919808414
22382.09650000717
22350.016691985034
22318.16366028033
22286.535576540853
22255.130619931086
22223.946977515603
22192.98284461988
22162.23642516925
22131.705932007157
22101.389587193506
22071.28562228397
22041.392278591084
22011.70780742805
21982.23047033573
21952.958539294006
21923.89029691762
21895.0240366378
21866.35806286984
21837.89069116748
21809.620248364663
21781.545072705147
21753.66351396066
21725.97393353803
21698.474704575732
21671.164212030562
21644.040852754664
21617.103035563447
21590.34918129488
21563.77772286046
21537.387105288326
21511.17578575886
21485.1422336332
21459.28493047483
21433.60237006485
21408.093058411003
21382.75551375089
21357.588266549632
21332.589859492316
33195.48130025208
33191.684659333754
33186.880215634694
33180.95240902383
33173.79386509924
33165.30664681697
33155.40307816828
33144.006205284306
33131.04995839633
33116.47907318808
33100.2488237154
33082.32461219367
33062.681454161306
33041.303391166475
33018.18285737296
32993.32002141439
32966.722120448
32938.40279963531
32908.38146715262
32876.68267224272
32843.3355116932
32808.37306840265
32771.83188431094
32733.75146887342
32694.173843399018
32653.143120911842
32610.705120696955
32566.907016323174
32521.797015676442
32475.424071361707
32427.837619724472
32379.087346689823
32329.222978603986
32278.294096283673
32226.3499705209
32173.43941735222
32119.610671473794
32064.91127626468
32009.38798896685
31953.086699658375
31896.052362745297
31838.32893978522
31779.959352541006
31720.985445246
31661.44795514064
31601.386490416055
31540.839514770578
31479.844337852654
31418.437110925228
31356.652827145852
31294.52532591042
31232.087300758812
31169.370310387418
31106.404792356134
31043.220079117084
30979.84441602844
30916.30498105027
30852.627905849477
30788.83829806904
30724.96026454224
30661.016935255422
30597.030487884564
30533.022172749646
30469.012338048553
30405.020455248115
30341.06514452417
30277.16420015568
30213.334615789532
30149.59260950354
30085.953648604605
30022.43247410752
29959.043124848115
29895.79896119088
29832.712688298034
29769.79637893208
29707.06149576946
29644.518913206994
29582.178938647077
29520.051333250805
29458.145332152002
29396.46966412716
29335.032570719282
29273.841824815652
29212.904748681383
29152.228231452365
29091.81874609263
29031.68236582234
28971.824780023846
28912.251309633964
28852.966922031545
28793.976245430036
28735.283582785174
28676.8929252285
28618.8079650376
28561.032108154413
28503.56848626294
28446.419968437855
28389.589172375876
28333.07847522117
28276.890023996748
28221.02574565317
28165.48735674614
28110.276372754328
28055.39411704853
28000.84172952328
27946.62017490171
27892.73025072434
27839.172595032174
27785.947693754322
27733.055887810217
27680.497379936034
27628.27224124483
27576.380417529886
27524.821735319823
27473.59590769474
27422.70253987153
27372.141134566806
27321.91109714546
27272.01174056258
27222.442290106308
27173.20188794892
27124.28959751327
27075.704407661313
27027.44523671153
26979.510936291386
26931.900295031322
26884.61204210607
26837.644850628993
26790.99734090529
26744.668083549263
26698.655602470793
26652.958377736264
26607.5748483085
26562.503414670646
26517.742441338196
26473.290259263762
26429.145168138617
26385.30543859506
26341.769314313482
26298.53501403785
26255.600733503277
26212.96464727895
26170.62491053004
26128.57966070149
26086.82701912697
26045.365092565928
26004.19197467149
25963.30574739213
25922.704482309608
25882.386241915854
25842.349080830998
25802.591046965277
25763.11018262674
25723.90452557708
25684.972110037696
25646.310967647954
25607.919128377587
25569.794621395104
25531.935475893977
25494.33972187838
25457.00539091004
25419.93051681786
25383.11313637185
25346.55128992271
25310.24302200869
25274.1863819308
25238.379424297993
25202.82020954323
25167.50680441197
25132.43728242393
25097.60972430945
25063.022218421404
25028.672861123687
24994.559757157414
24960.68101998548
24927.03477211671
24893.619145410205
24860.432281360958
24827.472331367273
24794.737456981067
24762.225830141513
24729.93563339291
24697.865060087428
24666.012314573338
24634.375612369433
24602.953180326123
24571.74325677396
24540.744091660006
24509.95394667262
24479.371095355218
24448.993823209454
24418.82042778831
24388.849218779556
24359.078518080023
24329.506659861087
24300.131990625796
24270.95286925796
24241.967667063676
24213.174767805605
24184.572567730258
24156.15947558875
37269.30119925569
37265.40411787711
37260.46215947779
37254.35211913844
37246.958691385764
37238.17586824407
37227.90789877252
37216.06987220877
37202.58798637852
37187.39955927686
37170.452836191755
37151.70663843791
37131.12989334395
37108.70107898691
37084.407611513016
37058.245197830205
37030.217172034914
37000.33383013107
36968.611774369565
36935.07327583
36899.745661619934
36862.66073122532
36823.854205047974
36783.36520696281
36741.23578177299
36697.51044769139
36652.23578340026
36605.46004880462
36557.232838273325
36507.60476493475
36456.627174440866
36404.35188652118
36350.83096260227
36296.116497760406
36240.26043529381
36183.314402243064
36125.32956424407
36066.35649816627
36006.44508106439
35945.64439405132
35884.002639782804
35821.5670723268
35758.38393827283
35694.498428016464
35629.95463623211
35564.795530621064
35499.06292809332
35432.79747760836
35366.038648963935
35298.8247268807
35231.19280978681
35163.17881275814
35094.81747411763
35026.142365242864
34957.18590317122
34887.97936563094
34818.55290816125
34748.93558301707
34679.15535958348
34609.23914605264
34539.212812140424
34469.10121264313
34398.92821165534
34328.71670728906
34258.48865675159
34188.265101655445
34118.06619344757
34047.91121885897
33977.81862528663
33907.80604603122
33837.89032532321
33768.087543078946
33698.4130393364
33628.88143832688
33559.50667214603
33490.30200399292
33421.28005095094
33352.45280628973
33283.83166127042
33215.42742644119
33147.250352412746
33079.31015010679
33011.61601047267
32944.17662367034
32877.00019771917
32810.09447661436
32743.466757914153
32677.123909802634
32611.072387633372
32545.318249961365
32479.867174070558
32414.72447100555
32349.8951001165
32285.38368312697
32221.19451773455
32157.331590754828
32093.7985908193
32030.598920637964
31967.73570883778
31905.211821387926
31843.02987262302
31781.19223587542
31719.70105372767
31658.55824789611
31597.765528756485
31537.324404522456
31477.23619008748
31417.502015540736
31358.122834367143
31299.099431341798
31240.432430128574
31182.122300592706
31124.16936583664
31066.57380896863
31009.33567961298
30952.454900170676
30895.93127183909
30839.764480399062
30783.954101777417
30728.49960739281
30673.400369292605
30618.655665088103
30564.264682695433
30510.22652488896
30456.540213674107
30403.204694486016
30350.21884022045
30297.581455103093
30245.291278403085
30193.34698799665
30141.747203786286
30090.490490980854
30039.575363241882
29989.000285700862
29938.76367785267
29888.86391632936
29839.29933755933
29790.0682403157
29741.16888815854
29692.599511774595
29644.358311218726
29596.44345806054
29548.85309744015
29501.585350036174
29454.63831394966
29408.010066507075
29361.698665985314
29315.702153262075
29270.01855339412
29224.64587712654
29179.582122335458
29134.825275406936
29090.37331255453
29046.22420107774
29002.375900563948
28958.826364035824
28915.573539046454
28872.61536872423
28829.949792769414
28787.57474840451
28745.48817127986
28703.687996336743
28662.172158629288
28620.93859410689
28579.985240359
28539.310037323325
28498.910927959365
28458.785858888303
28418.932781000858
28379.34965003424
28340.034427119543
28300.985079300768
28262.199580026492
28223.67590961554
28185.412055697456
28147.406013629003
28109.655786887604
28072.159387442607
28034.914836105378
27997.92016285906
27961.173407168855
27924.672618273646
27888.41585545958
27852.401188316726
27816.626696979074
27781.090472348962
27745.790616306287
27710.725241903354
27675.89247354592
27641.290447160867
27606.917310351393
27572.771222539905
27538.850355099392
27505.15289147371
27471.677027287224
27438.420970444255
27405.38294121892
27372.561172335616
27339.953909040665
27307.559409165504
27275.37594318175
41733.467831961614
41729.47231746243
41724.39524232463
41718.10569128661
41710.48031721363
41701.40488457867
41690.7753656827
41678.498648158595
41664.4929133159
41648.68774228137
41631.02400221329
41611.45355917588
41589.93885824496
41566.45240552063
41540.97618120088
41513.50100786312
41484.025893662765
41452.5573662942
41419.10881024606
41383.69981707494
41346.35555606789
41307.10617071269
41265.986204790825
41223.03406060457
41178.29149079962
41131.803124410246
41083.61602709911
41033.77929505742
40982.34368164929
40929.36125560166
40874.88508934182
40818.96897595115
40761.667173122725
40703.034172472595
40643.124492548464
40581.992493899364
40519.69221460913
40456.27722474917
40391.800498270044
40326.314300921484
40259.870092864294
40192.51844471594
40124.30896584751
40055.29024382739
39985.5097939823
39915.01401811885
39843.848171518934
39772.05633738979
39699.68140801278
39626.765071894944
39553.34780628429
39479.468874462866
39405.16632728074
39330.4770084409
39255.43656308738
39180.07944928941
39104.43895205068
39028.54719950707
38952.43518100794
38876.13276680444
38799.668729095334
38723.07076420492
38646.365515690515
38569.57859819683
38492.73462189371
38415.85721735131
38338.969060721065
38262.09189910673
38185.246576021615
38108.45305684049
38031.730454164994
37955.09705303184
37878.570335901
37802.16700736994
37725.90301856675
37649.79359118156
37573.85324110209
37498.095801623494
37422.53444620873
37347.18171077881
37272.049515517065
37197.149186174494
37122.49147486648
37048.08658035423
36973.944167806025
36900.07338803672
36826.482896224385
36753.180870106065
36680.17502765544
36607.472644246096
36535.08056930661
36463.005242472966
36391.25270924598
36319.82863616156
36248.738325482096
36177.98672941845
36107.57846389157
36037.51782184415
35967.8087861116
35898.455041863606
35829.45998862594
35760.826751893524
35692.55819434535
35624.65692667158
35557.12531802383
35489.96550609897
35423.179406867
35356.76872395332
35290.73495768562
35225.07941381575
35159.80321192616
35094.90729353085
35030.39242988064
34966.259229481686
34902.508145336935
34839.13948191928
34776.153401885174
34713.54993253744
34651.32897204552
34589.4902954314
34528.033560329124
34466.95831252552
34406.26399128993
34345.94993449979
34286.01538356962
34226.459488189925
34167.28131088297
34108.47983138166
34050.05395083786
33992.0024958663
33934.324222430005
33877.01781957265
33820.081913003596
33763.51506854099
33707.31579541779
33651.48254945598
33596.013736113746
33540.907713410015
33486.16279473128
33431.77725152466
33377.74931588163
33324.07718301638
33270.75901364277
33217.79293625348
33165.17704930538
33112.90942331409
33060.98810286167
33009.41110852038
32958.17643869553
32907.282071391135
32856.725965900376
32806.50606442441
32756.62029362194
32707.066566092384
32657.8427817947
32608.946829404984
32560.37658761468
32512.129926371843
32464.204708067646
32416.598788670217
32369.310018807817
32322.336244803355
32275.67530966207
32229.325054014196
32183.28331701435
32137.547937199437
32092.116753306436
32046.98760505191
32002.158333874548
31957.626783642238
31913.390801325073
31869.448237635606
31825.79694763767
31782.434791324988
31739.359634170756
31696.56934764932
31654.061809731145
31611.834905352058
31569.886526857812
31528.21457442498
31486.816956459068
31445.6915899708
31404.836400931537
31364.249324608474
31323.928305880603
31283.871299536182
31244.076270552425
31204.541194358135
31165.264057080072
31126.24285577362
31087.475598638397
31048.96030521955
31010.695006595182
30972.677745550605
30934.9065767399
30897.379566835334
30860.09479466514
30823.050351340196
30786.24434037002
30749.674877768564
30713.3400921502
46615.37668516262
46611.28472805603
46606.074937549725
46599.60863487231
46591.75433468183
46582.3894324401
46571.40143756516
46558.68880704857
46544.16143668946
46527.7408656497
46509.360246239994
46488.96412579765
46466.50808195066
46441.95824695602
46415.29075144903
46386.49111301119
46355.55359053788
46322.48052149006
46287.28165573448
46249.973496784274
46210.57865880326
46169.12524568545
46125.64625681889
46080.179022742275
46032.76467276319
45983.44763568849
45932.27517408447
45879.29695191095
45824.56463492736
45768.13152293311
45710.05221265612
45650.382289928144
45589.17804966766
45526.496242122485
45462.39384378993
45396.927851430904
45330.15509761308
45262.13208625501
45192.91484669438
45122.55880486111
45051.11867020323
44978.64833708202
44905.200799425314
44830.82807750009
44755.58115573766
44679.50993061535
44602.66316766717
44525.0884667625
44446.83223485444
44367.939665460755
44288.45472419654
44208.42013973213
44127.87739960018
44046.86675032357
43965.427201379556
43883.59653255743
43801.411304304966
43718.90687069472
43636.11739467431
43553.07586529481
43469.814116640475
43386.36284820783
43302.75164650695
43219.0090076794
43135.162360947084
43051.2380927257
42967.26157125209
42883.25717159198
42799.24830090681
42715.25742387326
42631.30608815941
42547.414949872975
42463.603798906675
42379.89158411489
42296.29643826333
42212.83570270155
42129.52595171422
42046.383016513486
41963.42200883962
41880.6573441432
41798.10276432515
41715.77136001612
41633.675592379455
41551.82731442599
41470.237791831096
41388.91772324745
41307.87726010922
41227.12602592532
41146.67313506126
41066.52721101075
40986.69640415989
40907.18840904722
40828.01048112518
40749.16945302858
40670.67175035672
40592.52340697672
40514.73007985617
40437.297063433274
40360.229303534084
40283.53141084525
40207.207673953
40131.26207195685
40055.698286669314
39980.519714410686
39905.72947740958
39831.33043481925
39757.32519335987
39683.71611759701
39610.505339866126
39537.694769853304
39465.28610384227
39393.280833636796
39321.68025516895
39250.48547680205
39179.69742733791
39109.31686373732
39039.34437856302
38969.78040715352
38900.625234536696
38831.87900209122
38763.54171396441
38695.61324325399
38628.093337961815
38560.98162672721
38494.277624347
38427.980737089645
38362.09026781026
38296.60542087361
38231.52530689111
38166.84894727878
38102.57527864198
38038.70315699316
37975.2313618029
37912.15859992154
37849.48350929862
37787.204662609256
37725.32057071501
37663.82968599493
37602.73040554681
37542.02107426291
37481.69998778493
37421.76539534247
37362.21550247907
37303.04847367008
37244.26243483611
37185.85547575606
37127.82565238298
37070.1709890669
37012.889480687394
36955.9790946997
36899.43777309725
36843.26343429393
36787.45397492851
36732.00727159512
36676.92118250123
36622.19354905696
36567.82219739749
36513.80493984153
36460.139576287955
36406.82389555301
36353.85567665038
36301.2326900162
36248.95269868085
36197.01345939013
36145.41272367706
36094.14823888649
36043.217749154326
35992.61899634297
35942.34972093485
35892.407662885205
35842.79056243616
35793.496160893264
35744.522201366024
35695.86642947383
35647.52659401855
35599.50044762505
35551.78574735101
35504.38025526707
35457.28173900847
35410.48797229947
35363.9967354513
35317.805815834996
35271.91300832974
35226.31611574816
35181.01294923882
35136.0013286675
35091.27908297765
35046.844050530824
35002.69407942833
34958.82702781424
34915.24076416095
34871.93316753779
34828.90212786345
34786.14554614276
34743.66133468861
34701.44741732941
34659.501729602925
34617.82221893675
34576.406844816236
34535.253578940334
34494.360405365514
51943.67583477657
51939.489404639324
51934.14929640497
51927.50902619853
51919.42888722365
51909.77777900675
51898.434577197884
51885.28909451782
51870.24268732292
51853.20856196352
51834.111832214876
51812.88937468109
51789.48952398558
51763.87164427991
51736.00560845312
51705.871211603124
51673.45754094423
51638.76232041671
51601.79124483783
51562.55731547318
51521.08018637556
51477.385528697436
51431.50441838833
51383.472751199355
51333.33068768881
51281.122129924915
51226.89423077309
51170.69693601296
51112.58255902317
51052.60538737985
50990.82132041833
50927.28753658764
50862.06218927367
50795.20412966317
50726.77265516014
50656.82728183856
50585.42753941467
50512.63278724095
50438.50204985964
50363.09387070026
50286.46618256135
50208.67619357802
50129.78028744173
50049.83393670643
49968.89162808291
49887.00679869053
49804.231782302704
49720.6177646864
49636.214747199
49551.07151786554
49465.23562921639
49378.75338222025
49291.669815697845
49204.02870065077
49115.87253898486
49027.24256615008
48938.178757258735
48848.71983628062
48758.90328794801
48668.76537203592
48578.341139711614
48487.66445167586
48396.76799784303
48305.68331833039
48214.44082554907
48123.06982720847
48031.59855006425
47940.05416425661
47848.46280810136
47756.849613209895
47665.23872982691
47573.653352287496
47482.11574450443
47390.64726540789
47299.2683942677
47207.99875583683
47116.85714526225
47025.861552716015
46935.029187705564
46844.37650302758
46753.91921833552
46663.67234329444
46573.650200301665
46483.86644675554
46394.3340968573
46305.065542934666
46216.072576278406
46127.36640748511
46038.957686302354
45950.85652097357
45863.07249708225
45775.61469589635
45688.491712215335
45601.71167172319
45515.282247852025
45429.21067816194
45343.50378024307
45258.16796714711
45173.20926235566
45088.63331429361
45004.44541039582
44920.650490736174
44837.25316122794
44754.25770640482
44671.668101792166
44589.48802587806
44507.72087169384
44426.3697580139
44345.43754018449
44264.926820591354
44184.83995877566
44105.179081208065
44025.946090730446
43947.142675674426
43868.77031866643
43790.830305128155
43713.32373148143
43636.25151306657
43559.614391782714
43483.41294345867
43407.64758496283
43332.31858106
43257.426051023416
43182.96997500952
43108.95020020323
43035.366446741114
42962.21831341947
42889.50528319487
42817.22672848334
42745.381916275306
42673.97001301275
42602.990089384526
42532.441124846424
42462.32201202146
42392.631560926624
42323.36850304109
42254.53149522191
42186.119123472
42118.12990656576
42050.562299537036
41983.414697034525
41916.68543654889
41850.37280151626
41784.47502430255
41718.99028907241
41653.916734547376
41589.25245665669
41524.99551108495
41461.143915719826
41397.69565300396
41334.648672193915
41272.000891529926
41209.75020031935
41147.89446093705
41086.431510745766
41025.359163939116
40964.67521331034
40904.377431949215
40844.463574869886
40784.93138057202
40725.778572537856
40667.0028606673
40608.60194265346
40550.57350530087
40492.915225788165
40435.62477287768
40378.699808073696
40322.13798673106
40265.9369591165
40210.094371423824
40154.607866745064
40099.475085999184
40044.69366881961
39990.26125440269
39936.17548231786
39882.4339932815
39829.0344298955
39775.97443735217
39723.25166410628
39670.86376251607
39618.808389453756
39567.083206887415
39515.685882434445
39464.614089888666
39413.86550972115
39363.43782955645
39313.328744624785
39263.535958191256
39214.05718196297
39164.890136474816
39116.032551454926
39067.4821661703
39019.236729753684
38971.2940015122
38923.651751218546
38876.30775938537
38829.259817523634
38782.50572838538
38736.043306191685
38689.87037684627
38643.98477813547
57748.293943639575
57744.014985655944
57738.54694740341
57731.73550909715
57723.43267179939
57713.49872607154
57701.803757650545
57688.22873643688
57672.666240340244
57655.02086637429
57635.209379400265
57613.160645233096
57588.81539024324
57562.1258246607
57533.055161869546
57501.57706129804
57467.67501818558
57431.34171961124
57392.57838271521
57351.394088030625
57307.80511822622
57261.834310454804
57213.510428279726
57162.86755815248
57109.94453353154
57054.7843889987
56997.43384573566
56937.94282902806
56876.3640178973
56812.75242651217
56747.165016686406
56679.660340504925
56610.29821192808
56539.13940608625
56466.24538488644
56391.67804749996
56315.49950429262
56237.77187264527
56158.557093476804
56077.91676673927
55995.912004775026
55912.60330213232
55828.05042060836
55742.31228833344
55655.44691177297
55567.51129958736
55478.56139735432
55388.652032219696
55297.83686660447
55206.16836015467
55113.69773917749
55020.474972861164
54926.54875562788
54831.966495017936
54736.77430454907
54641.017001039094
54544.73810591996
54447.97985010976
54350.78318204541
54253.18777851063
54155.232057926354
54056.953195797956
53958.38714204137
53859.56863993407
53760.53124646027
53661.30735384028
53561.92821205368
53462.42395218375
53362.8236104273
53263.15515262865
53163.44549921128
53063.72055039264
52964.00521157988
52864.32341885475
52764.69816446579
52665.15152225523
52565.70467295542
52466.37792929821
52367.19076088668
52268.161818785215
52169.3089597896
52070.64927034365
51972.19909007421
51873.97403491976
51775.98901983243
51678.25828103636
51580.795397828435
51483.61331391037
51386.72435824385
51290.14026542214
51193.872195554446
51097.93075366021
51002.32600857319
50907.06751135568
50812.16431322504
50717.62498299591
50623.45762404212
50529.66989078353
50436.269004703485
50343.261769903766
50250.65458820377
50158.453473791684
50066.664067435864
49975.291650264306
49884.34115712146
49793.81718951075
49703.72402813203
49614.065645023446
49524.845715316405
49436.06762861355
49347.734499998725
49259.84918068847
49172.41426833423
49085.43211698479
48998.904846717654
48912.83435294913
48827.22231543143
48742.07020694611
48657.37930170249
48573.150683449516
48489.38525330965
48406.083737342975
48323.246693849745
48240.87452041938
48158.96746073326
48077.52561112976
47996.548926937954
47916.0372285882
47835.990207505885
47756.40743179595
47677.288351724215
47598.632305002626
47520.43852188451
47442.706130076076
47365.43415947024
47288.62154670855
47212.26713957708
47136.369701241514
47060.92791432711
46985.94038484855
46911.405645994746
46837.322161773576
46763.68833052124
46690.502488280945
46617.762912055
46545.46782293539
46473.61538911607
46402.20372879191
46331.23091294753
46260.69496804037
46190.593878581116
46120.92558961571
46051.68800911164
45982.87901025247
45914.496433643486
45846.53808943161
45779.001759342784
45711.88519863941
45645.186138000936
45578.90228533025
45513.031327488396
45447.57093196029
45382.51874845372
45317.87241043432
45253.629536598295
45189.787732285775
45126.34459083618
45063.297694888504
45000.64461762755
44938.382923978985
44876.51017175449
44815.02391274885
44753.92169379093
44693.20105775018
44632.859544499996
44572.89469183987
44513.30403637763
44454.08511437325
44395.235462545665
44336.752618843864
44278.634123183816
44220.877518152025
44163.4803496775
44106.44016767273
44049.75452664545
43993.420986281584
43937.437112001004
43881.80047548676
43826.508655189034
43771.55923680446
43716.94981373199
43662.67798750609
43608.7413682081
43555.13757485657
43501.86423577743
43448.91898895463
43396.2994823623
43344.00337427857
43292.02833358239
43240.372040033566
43189.03218453672
64060.4682590254
64056.09869110578
64050.505095249784
64043.52529498719
64035.00294038505
64024.78961325659
64012.74646749175
63998.745446324785
63982.670124942844
63964.41622880802
63943.89187698128
63921.01759675791
63895.72615187374
63867.96222199537
63837.68196654889
63804.852501421396
63769.45131283479
63731.46562882666
63690.89176531262
63647.734460653024
63602.00620999024
63553.72660833429
63502.921709421826
63449.62340572228
63393.868833579814
63335.6998063274
63275.16227725977
63212.30583357478
63147.18322176516
63079.8499044397
63010.36364815665
62938.78414154515
62865.17264275673
62789.59165511718
62712.10462972838
62632.77569368909
62551.66940255768
62468.85051566048
62384.38379285132
62298.33381134646
62210.76480129156
62121.7404987585
62031.32401491864
61939.577720193716
61846.563142242056
61752.34087669714
61656.97050963592
61560.510550813364
61463.01837675925
61364.5501828904
61265.160943847935
61164.90438132218
61063.83293868026
60961.997761759434
60859.44868523694
60756.23422403042
60652.40156922471
60547.996588060334
60443.06382755515
60337.646521364935
60231.786599521496
60125.52470071587
60018.90018682227
59911.951159384895
59804.71447781283
59697.22577905119
59589.51949851669
59481.62889210573
59373.586059099485
59265.42196580792
59157.16646980874
59048.84834465162
58940.49530491026
58832.134031477115
58723.790197005386
58615.488491414086
58507.25264737933
58399.1054657446
58291.06884078967
58183.16378530483
58075.41045542342
57967.82817517148
57860.43546069835
57753.25004415721
57646.28889720837
57539.56825412266
57433.10363446529
57326.90986534422
57221.00110320971
57115.390855194644
57010.09199998726
56905.116808230574
56800.476962444154
56696.18357646607
56592.2472144142
56488.67790916745
56385.4851803689
56282.678051953524
56180.2650692046
56078.25431534356
55976.65342765863
55875.469613178444
55774.709663897534
55674.37997156045
55574.48654201257
55475.03500912536
55376.03064830395
55277.47838958617
55179.382830341085
55081.74824757602
54984.57860986116
54887.8775888801
54791.64857061605
54695.89466618211
54600.61872230464
54505.82333146914
54411.51084173679
54317.683366240984
54224.34279237233
54131.49079066052
54039.12882336208
53947.25815276168
53855.87984919563
53764.99479880571
53674.60371103056
53584.70712584339
53495.30542074274
53406.39881750423
53317.987388700305
53230.071063995194
53142.64963622214
53055.72276724929
52969.289993641294
52883.350732122744
52797.904284849756
52712.9498444961
52628.48649915931
52544.51323709296
52461.02895127055
52378.032443786564
52295.522430099845
52213.49754312466
52131.95633717422
52050.89729176172
51970.31881526364
51890.21924844948
51810.59686788301
51731.449889198775
51652.77647025825
51574.57471418997
51496.842672316765
51419.57834697489
51342.77969422799
51266.44462647979
51190.57101498875
51115.156692288416
51040.19945451624
50965.69706365416
50891.647249684225
50818.04771266183
50744.89612470942
50672.190131933894
50599.92735626956
50528.10539725008
50456.72183371096
50385.774225425994
50315.260114679004
50245.17702777395
50175.52247648486
50106.29395944835
50037.48896350017
49969.104964958184
49901.139430853276
49833.5898201105
49766.45358468172
49699.72817063179
49633.41101917982
49567.499567697174
49501.991250663574
49436.88350058301
49372.17374886085
49307.859426643234
49243.937965620746
49180.406798796816
49117.263361223006
49054.50509070149
48992.129428456654
48930.13381977648
48868.51571462495
48807.272568226515
48746.40184162375
48685.90100220889
48625.76752423053
48565.99888927609
48506.592586731276
48447.546114217024
48388.85697800492
48330.522693412095
48272.54078517582
48214.908787809174
48157.62424593811
70912.77261025974
70908.31432066389
70902.59751970498
70895.45216275775
70886.71350116297
70876.22432079911
70863.83671543747
70849.4134320883
70832.82883341104
70813.96952532779
70792.73469780304
70769.03622448731
70742.7985634231
70713.95849686798
70682.46474391596
70648.27747526376
70611.36775534708
70571.71693325946
70529.31600041696
70484.16492985818
70436.272009371
70385.65317829023
70332.33137579265
70276.33590679482
70217.70183010088
70156.46937222817
70092.68336931802
70026.39273870172
69957.64998100205
69886.51071309554
69813.03323181429
69737.27810791373
69659.30780955972
69579.18635438141
69496.97898898271
69412.75189469778
69326.57191830606
69238.50632638077
69148.62258192973
69056.9881419894
68963.67027485257
68868.73589564033
68772.2514189666
68674.28262749224
68574.89455521434
68474.15138438993
68372.11635505102
68268.85168612134
68164.41850720398
68058.8768001634
67952.2853496796
67844.70170200636
67736.18213121494
67626.78161225477
67516.55380020806
67405.55101516205
67293.82423216128
67181.42307574571
67068.39581861522
66954.78938399816
66840.64935133327
66726.01996490633
66610.9441451114
66495.46350203303
66379.61835107201
66263.4477303593
66146.98941972596
66030.27996101537
65913.35467954435
65796.2477065355
65678.99200236074
65561.61938044892
65444.160531725734
65326.64504946538
65209.10145444595
65091.55722031044
64974.03879904567
64856.571646499986
64739.18024786908
64621.88814308664
64504.71795206413
64387.69139972906
64270.82934081854
64154.151784389025
64037.677918008325
63921.42613160087
63805.41404092041
63689.65851062893
63574.17567696294
63458.98096997223
63344.08913531816
63229.51425562186
63115.269771354004
63001.36850126059
62887.82266232097
62774.64388923524
62661.84325344066
62549.43128165733
62437.417973964766
62325.81282141193
62214.62482316468
62103.86250319469
61993.53392651502
61883.646714968556
61774.20806257485
61665.22475044285
61556.70316125642
61448.64929334012
61341.06877431313
61233.96687433946
61127.34851898255
61021.218301672634
60915.58049579556
60810.43906641127
60705.797681611046
60601.65972352152
60498.028298964855
60394.90624978278
60292.29616283395
60190.200379672286
60088.62100591538
59987.559920310734
59887.01878350841
59786.99904654797
59687.501959067835
59588.52857724452
59490.07977147014
59392.15623377502
59294.75848500319
59197.886881747916
59101.54162305455
59005.72275689734
58910.430186437196
58815.66367606702
58721.422857251164
58627.70723416493
58534.51618914096
58441.84898792786
58349.70478476732
58258.08262729528
58166.98146127264
58076.40013515107
57986.33740447896
57896.79193615294
57807.7623125194
57719.24703533142
57631.24452956538
57543.753147101976
57456.77117027593
57370.29681529893
57284.32823555953
57198.86352480455
57113.900720205405
57029.437805313566
56945.47271290846
56862.0033277417
56779.02748918084
56696.54299375624
56614.54759761394
56533.039018878175
56452.014939925975
56371.47300957752
56291.4108452042
56211.826034758094
56132.716138724856
56054.078692002826
55975.9112057109
55898.21116892764
55820.97605036379
55744.20329997056
55667.890350485926
55592.03461892099
55516.63350798849
55441.684407475484
55367.18469556205
55293.131740087854
55219.52289976856
55146.35552536362
55073.62696079715
55001.334544233716
54929.47560911029
54858.04748512615
54787.04749919213
54716.472976340505
54646.32124059717
54576.58961581701
54507.27542648427
54438.37599847875
54369.88865980909
54301.810741314606
54234.13957733635
54166.87250635879
54100.00687162316
54033.54002171313
53967.469311114306
53901.79210074806
53836.505758480904
53771.60765960999
53707.09518732588
53642.9657331533
53579.216697370575
78339.1454060936
78334.60025149635
78328.76257406596
78321.45445816629
78312.5027191133
78301.7412716145
78289.0130341509
78274.17140179341
78257.08132903386
78237.62006834667
78215.67761091601
78191.15687442188
78163.9736798401
78134.05655549382
78101.34640252258
78065.79605181278
78027.36973844419
77986.04251596617
77941.7996293979
77894.63586276665
77844.55487426904
77791.56852974939
77735.6962431125
77676.96433050517
77615.40538357805
77551.05766585287
77483.96453513713
77414.17389402822
77341.73766980412
77266.71132438711
77189.15339457255
77109.12506231797
77026.68975457412
76941.91277189631
76854.8609448887
76765.60231739923
76674.20585528601
76580.74117951433
76485.27832230736
76387.88750506123
76288.63893673787
76187.60263146862
76084.84824412932
75980.44492268491
75874.46117614579
75766.96475702393
75658.02255722915
75547.70051639742
75436.06354169548
75323.17543820056
75209.09884900524
75093.89520425012
74977.62467833547
74860.34615461364
74742.11719690808
74622.99402725117
74503.03150927504
74382.28313672869
74260.80102663484
74138.6359166341
74015.83716609931
73892.45276063353
73768.52931959656
73644.1121063308
73519.24504078589
73393.97071426362
73268.33040602892
73142.36410155309
73016.1105121756
72889.60709598866
72762.89007976596
72635.99448177262
72508.95413530772
72381.80171284486
72254.56875064751
72127.28567374889
71999.98182119499
71872.68547146051
71745.42386795617
71618.22324455284
71491.10885105787
71364.10497858377
71237.23498475701
71110.52131872054
70983.98554588802
70857.64837241457
70731.52966935105
70605.64849645479
70480.02312563291
70354.67106399713
70229.60907651353
70104.85320823154
69980.41880608142
69856.32054022973
69732.57242498537
69609.18783925098
69486.17954651554
69363.55971438531
69241.33993365374
69119.53123690854
68998.14411667912
68877.18854312584
68756.67398127516
68636.60940780386
68517.00332737794
68397.86378855127
68279.19839923012
68161.01434170993
68043.31838729067
67926.11691047892
67809.41590278324
67693.22098611074
67577.53742577296
67462.37014310871
67347.72372773224
67233.60244941484
67120.01026960823
67006.95085261803
66894.42757643505
66782.44354323404
66671.00158954647
66560.10429611675
66449.7539974495
66339.95279105596
66230.70254640756
66122.00491360459
66013.86133176717
65906.27303715717
65799.24107103726
65692.76628727576
65586.8493597033
65481.49078922944
65376.690910725345
65272.44989967993
65168.767778635534
65065.64442341041
64963.07956911338
64861.072815957974
64759.62363488095
64658.73137297217
64558.395258720884
64458.61440708428
64359.387824383695
64260.71441303412
64162.59297611163
64065.022221764244
63968.000767471
63871.52714415391
63775.59980014752
63680.2171050307
63585.37735332471
63491.078768062274
63397.319504231324
63304.09765209777
63211.41124041101
63119.25823949608
63027.63656423588
62936.5440769476
62845.978590155864
62755.937869266956
62666.41963514663
62577.421566605095
62488.941302791885
62400.97644550396
62313.52456140943
62226.58318419024
62140.149816605925
62054.22193248149
61968.796978621795
61883.87237665471
61799.44552480576
61715.5137996062
61632.07455753705
61549.125136610906
61466.662857894094
61384.68502697053
61303.18893534985
61222.17186182129
61141.631073755496
61061.563828355516
60981.9673738593
60902.83895069487
60824.175792590046
60745.97512763816
60668.23417932127
60590.950167492374
60514.1203093179
60437.741820182135
60361.81192579763
60286.32781808717
60211.28672337097
60136.68585822685
60062.52244144223
59988.79369471492
59915.496843323956
59842.629116771466
59770.18774939676
59698.1699809635
59626.57305722077
59555.39423043911
59484.63075992254
86374.91763206205
86370.28743600573
86364.33118350123
86356.86309300165
86347.70151626374
86336.6714329012
86323.6064834635
86308.35056873942
86290.75905323538
86270.6996159511
86248.05279317523
86222.71225720759
86194.58487254778
86163.59056781181
86129.66205789283
86092.74444698935
86052.7947392856
86009.78128042334
85963.683149526
85914.48951846751
85862.19899233212
85806.8189425835
85748.36484234052
85686.85961131596
85622.33297639417
85554.82085247547
85484.36474707232
85411.01119118404
85334.8111981756
85255.81975172459
85174.09532335705
85089.69941965118
85002.69615883636
84913.15187623212
84821.13475775589
84726.71450056325
84629.96199976126
84530.9490600519
84429.7481311062
84326.43206543924
84221.07389754454
84113.74664305264
84004.52311669418
83893.47576787746
83780.67653272403
83666.19670144742
83550.10680000416
83432.47648499506
83313.37445084249
83192.86834832042
83071.02471356383
82947.90890673369
82823.5850595622
82698.11603105131
82571.56337064199
82443.98728821804
82315.44663034809
82185.99886221281
82055.70005469993
81924.60487618894
81792.76658857941
81660.23704715169
81527.06670387783
81393.30461382998
81258.998444361
81124.19448675643
80988.93767008166
80853.27157696954
80717.23846111428
80580.87926625744
80444.2336464691
80307.33998754337
80170.23542934451
80032.95588895239
79895.53608447046
79758.00955937103
79620.40870726477
79482.76479699077
79345.10799793432
79207.46740548752
79069.87106657722
78932.34600519083
78794.91824783938
78657.61284890196
78520.45391580292
78383.4646339779
78246.66729158942
78110.08330395911
77973.7332376849
77837.63683441865
77701.81303428036
77566.27999889036
77431.05513400216
77296.15511172295
77161.5958923095
77027.39274553087
76893.56027159028
76760.11242160079
76627.06251761112
76494.42327217919
76362.20680749207
76230.42467403351
76099.08786879879
75968.20685306075
75837.79156968881
75707.85146002556
75578.39548032511
75449.43211775829
75320.9694059907
75193.01494033888
75065.57589251218
74938.65902494575
74812.27070473332
74686.41691716545
74561.10327888202
74436.33505064588
74312.11714974591
74188.45416203674
74065.35035362406
73942.8096822022
73820.8358080533
73699.43210471483
73578.60166932446
73458.34733264934
73338.67166880805
73219.5770046934
73101.0654291026
72983.13880158377
72865.79876100516
72749.0467338556
72632.88394228209
72517.31141187326
72402.32997919424
72287.94029908103
72174.14285170037
72060.93794938219
71948.32574323114
71836.30622952286
71724.87925589274
71614.04452732131
71503.80161192385
71394.14994654918
71285.08884219342
71176.61748923462
71068.73496249286
70961.44022612215
70854.73213833818
70748.60945598781
70643.0708389644
70538.11485447426
70433.73998115865
70329.94461307561
70226.72706354616
70124.08556886911
70022.01829190872
69920.52332555858
69819.59869608635
69719.24236636306
69619.45223897981
69520.22615925629
69421.5619181444
69323.4572550302
69225.90986043705
69128.91737863395
69032.47741015154
68936.58751420853
68841.24521105236
68746.44798421576
68652.1932826927
68558.47852303609
68465.3010913796
68372.65834538652
68280.54761612756
68188.96620989004
68097.91140992109
68007.3804781065
67917.37065658768
67827.87916931842
67738.90322356387
67650.44001134364
67562.48671081982
67475.04048763381
67388.09849619141
67301.65788089926
67215.71577735408
67130.26931348593
67045.31561065707
66960.85178471821
66876.87494702342
66793.38220540478
66710.37066510895
66627.83742969554
66545.77960190036
66464.19428446307
66383.07858092144
66302.42959637326
66222.2444382063
66142.52021679832
66063.25404618765
65984.44304471527
65906.08433563971
95056.84084776648
95052.12739945148
95046.05484319567
95038.42954397309
95029.06137156751
95017.76631726403
95004.36865299831
94988.7026558208
94970.61393188115
94949.96038031274
94926.61283986032
94900.45546099919
94871.38584450692
94839.31498462221
94804.16705152277
94765.87904420665
94724.40034119629
94679.69217294664
94631.7270365218
94580.48807005984
94525.96840179511
94468.17048595662
94407.10543569972
94342.79236134191
94275.25772053919
94204.53468563558
94130.66253222046
94053.68605191303
93973.65499154094
93890.62352016584
93804.64972482038
93715.7951353344
93624.12427823656
93529.70425939895
93432.60437484362
93332.89574893379
93230.65099902521
93125.94392554415
93018.84922638239
92909.4422344504
92797.79867720291
92683.99445694253
92568.10545071131
92450.20732859924
92330.3753893231
92208.68441196329
92085.20852278454
91960.02107610821
91833.19454824927
91704.80044357748
91574.90921180836
91443.59017567881
91310.91146820773
91176.93997878824
91041.7413074041
90905.37972630547
90767.91814852219
90629.41810263238
90489.93971324353
90349.5416866797
90208.28130140345
90066.21440273478
89923.39540145978
89779.87727595233
89635.71157745934
89490.9484382265
89345.63658216567
89199.82333778888
89053.55465315396
88906.87511258878
88759.8279549782
88612.45509341639
88464.79713604253
88316.89340789427
88168.78197362575
88020.49966095225
87872.08208469297
87723.56367129738
87574.97768374867
87426.35624674943
87277.73037210193
87129.12998420486
86980.58394559518
86832.12008247111
86683.76521013898
86535.54515833178
86387.48479635373
86239.60805800975
86091.93796628299
85944.4966577287
85797.3054065559
85650.38464837219
85503.75400357011
85357.432300337
85211.437597272
85065.7872055978
84920.4977109554
84775.58499477357
84631.06425520586
84486.95002762979
84343.25620470464
84199.99605598545
84057.18224709235
83914.82685843467
83772.9414034922
83631.53684665411
83490.62362061968
83350.2116433633
83210.31033466927
83070.92863223955
82932.07500738149
82793.75748027988
82655.98363486034
82518.76063325006
82382.09522984261
82245.99378497427
82110.4622782182
81975.50632130478
81841.13117067465
81707.34173967266
81574.14261038983
81441.53804516168
81309.53199772963
81178.12812407405
81047.3297929262
80917.14009596677
80787.56185771852
80658.59764514082
80530.24977693315
80402.52033255532
80275.41116097158
80148.92388912561
80023.05993015355
79897.82049134263
79773.20658184096
79649.21902012691
79525.858441243
79403.1253038023
79281.01989677243
79159.54234604411
79038.69262079078
78918.4705396238
78798.87577655059
78679.90786674067
78561.56621210514
78443.85008669551
78326.75864192656
78210.29091162884
78094.44581693604
77979.22217101145
77864.61868361902
77750.63396554324
77637.2665328628
77524.514811082
77412.37713912452
77300.85177319376
77189.93689050365
77079.63059288412
76969.93091026471
76860.83580404083
76752.34317032527
76644.45084308939
76537.15659719717
76430.45815133506
76324.35317084145
76218.83927043881
76113.91401687101
76009.57493144966
75905.81949251174
75802.64513779116
75700.04926670804
75598.02924257681
75496.582394737
75395.70602060841
75295.39738767358
75195.65373538932
75096.47227703015
74997.85020146547
74899.78467487279
74802.27284238876
74705.3118297007
74608.89874457942
74513.03067835655
74417.70470734694
74322.91789421922
74228.66728931462
74134.94993191723
74041.76285147647
73949.10306878341
73856.96759710275
73765.35344326132
73674.25760869554
73583.67709045802
73493.60888218528
73404.04997502817
73314.99735854527
73226.44802156155
73138.39895299265
73050.84714263618
72963.78958193149
72877.22326468836
104423.11518410285
104418.32023747268
104412.13361633768
104404.35385136603
104394.78232045785
104383.22598341199
104369.49966425842
104353.42789924183
104334.84638082999
104313.60303525049
104289.55877437053
104262.58796334949
104232.57864429247
104199.43255376731
104163.06496900001
104123.40441418138
104080.39225483744
104033.98220480634
103984.13976712148
103930.84162709591
103874.07501315876
103813.83703853237
103750.13403464742
103682.98088526833
103612.40036861911
103538.42251334731
103461.08397291166
103380.42742191433
103296.50097699303
103209.35764412768
103119.05479358012
103025.65366315831
102929.21889006248
102829.81807121825
102727.52135171821
102622.40104076876
102514.5312543638
102403.9875837749
102290.84678884908
102175.18651503767
102057.08503303677
101936.62099989464
101813.87324043609
101688.9205478581
101561.84150236915
101432.71430676882
101301.6166378957
101168.62551290849
101033.81716940473
100897.26695842319
100759.04924942153
100619.23734636317
100477.90341409398
100335.11841423297
100190.95204984474
100045.4727182047
99898.74747100989
99750.84198142691
99601.82051740894
99451.74592074924
99300.67959137478
99148.68147641649
98995.8100636251
98842.12237873145
98687.67398637832
98532.51899427833
98376.71006027753
98220.29840202766
98063.33380899303
97905.86465653859
97747.93792186517
97589.59920157638
97430.89273067871
97271.86140283241
97112.5467916854
96952.9891731361
96793.22754838479
96633.29966764383
96473.24205438941
96313.09003004656
96152.87773901048
95992.63817391345
95832.40320105772
95672.20358594035
95512.06901880355
95352.02814015088
95192.10856617513
95032.33691404972
94872.73882703997
94713.33899939606
94554.1612009927
94395.22830168584
94236.56229535902
94078.18432363671
93920.11469924344
93762.37292899199
93604.97773638518
93447.94708381902
93291.29819437633
93135.04757320292
92979.2110284587
92823.80369183987
92668.84003866736
92514.33390753993
92360.29851955044
92206.74649706564
92053.68988207019
91901.1401540768
91749.10824760495
91597.60456923221
91446.63901422107
91296.22098272665
91146.35939558996
90997.06270972214
90848.33893308557
90700.19563927785
90552.6399817252
90405.67870749191
90259.3181707128
90113.56434565505
89968.42283941754
89823.89890427433
89679.99744966948
89536.72305387097
89394.07997529094
89252.0721634796
89110.70326980027
88969.97665779301
88829.8954132338
88690.46235389735
88551.68003902966
88413.55077853867
88276.076641909
88139.25946684848
88003.10086767327
87867.60224343796
87732.7647858177
87598.58948674901
87465.07714583534
87332.22837752395
87200.0436180605
87068.52313222729
86937.66701987069
86807.47522222468
86677.94752803513
86549.08357949115
86420.88287796841
86293.34478959069
86166.4685506135
86040.25327263655
85914.69794764832
85789.80145290928
85665.56255567702
85541.97991777911
85419.05210003711
85296.77756654714
85175.15468882059
85054.18174978932
84933.8569476796
84814.17839975849
84695.1441459565
84576.75215237043
84459.0003146501
84341.88646127189
84225.40835670348
84109.56370446229
83994.35015007139
83879.76528391555
83765.8066440012
83652.4717186225
83539.75794893692
83427.66273145295
83316.18342043259
83205.31733021165
83095.06173743986
82985.41388324377
82876.37097531444
82767.93018992261
82660.08867386378
82552.84354633458
82446.19190074358
82340.13080645805
82234.6573104887
82129.76843911472
82025.46119945051
81921.7325809563
81818.57955689452
81715.99908573325
81613.98811249864
81512.54357007833
81411.66238047658
81311.34145602345
81211.57770053916
81112.36801045485
81013.7092758919
80915.59838170001
80818.03220845663
80721.00763342781
80624.52153149268
80528.5707760321
80433.15223978292
114513.41734044383
114508.54261352608
114502.24413196869
114494.31261749177
114484.54095411251
114472.72703647103
114458.67617222616
114442.2030516349
114423.13331078413
114401.30472299393
114376.5680570396
114348.78764216069
114317.84167920385
114283.62233535275
114246.03565721565
114205.00133393702
114160.4523387231
114112.33447389943
114060.6058414695
114005.23625818624
113946.20663142775
113883.50830970095
113817.14241938884
113747.11919739675
113673.4573276352
113596.18328777529
113515.33071141691
113430.93976969374
113343.05657538734
113251.7326118149
113157.02418807543
113058.99192166848
112957.70024902915
112853.21696413255
112745.61278500588
112634.9609477305
112521.33682731491
112404.81758466255
112285.48183873786
112163.40936294812
112038.68080469634
111911.37742702187
111781.5808712256
111649.3729393695
111514.83539554903
111378.04978484966
111239.09726892646
111098.05847717274
110955.01337247917
110810.04113062243
110663.22003236179
110514.62736736453
110364.33934912199
110212.43104006111
110058.97628609852
109904.04765992549
109747.71641235257
109590.05243108279
109431.12420631996
109270.99880265574
109109.74183671402
108947.41746006628
108784.08834696136
108619.8156864464
108454.65917848238
108288.67703368746
108121.92597636458
107954.46125049716
107786.33662841706
107617.60442187308
107448.31549524606
107278.51928067877
107108.2637949029
106937.59565756617
106766.56011087459
106595.20104038209
106423.56099677163
106251.68121848574
106079.60165507541
105907.36099114748
105734.99667080116
105562.5449224535
105390.04078396219
105217.51812796283
105045.00968734486
104872.54708079777
104700.16083836481
104527.88042694925
104355.73427572103
104183.74980137977
104011.95343323238
103840.37063804953
103669.02594466804
103497.94296831095
103327.14443459974
103156.65220323652
102986.48729133714
102816.66989639828
102647.21941888439
102478.15448442267
102309.49296559536
102141.2520033223
101973.44802782622
101806.09677917634
101639.21332740666
101472.81209220662
101306.90686218296
101141.51081369269
100976.63652924796
100812.29601549466
100648.50072076696
100485.26155222101
100322.58889255181
100160.49261629661
99998.98210573081
99838.06626636036
99677.75354201699
99518.05192956176
99358.96899320271
99200.51187843388
99042.68732560115
98885.50168310241
98728.96092022854
98573.07063965216
98417.83608957133
98263.26217551502
98109.35347181789
97956.11423277101
97803.54840345608
97651.65963026996
97500.4512711469
97349.9264054853
97200.08784378601
97050.93813700935
96902.47958565742
96754.71424858848
96607.64395157057
96461.27029558033
96315.59466485406
96170.61823469706
96026.3419790577
95882.76667787279
95739.89292418929
95597.72113106985
95456.25153828644
95315.4842188091
95175.41908509465
95036.05589518123
94897.39425859378
94759.43364206617
94622.17337508455
94485.61265525749
94349.75055351738
94214.58601915832
94080.11788471456
93946.34487068494
93813.26559010698
93680.87855298536
93549.18217057883
93418.17475955006
93287.85454598189
93158.21966926438
93029.26818585613
92900.99807292385
92773.4072318636
92646.49349170743
92520.25461241836
92394.68828807783
92269.79214996798
92145.56376955264
92022.00066135959
91899.10028576713
91776.86005169843
91655.27731922544
91534.3494020861
91414.0735701167
91294.4470516028
91175.46703555013
91057.13067387912
90939.43508354436
90822.37734858201
90705.95452208693
90590.16362812223
90475.00166356232
90360.46559987288
90246.5523848287
90133.25894417136
90020.58218320948
89908.51898836209
89797.06622864804
89686.22075712228
89575.97941226125
89466.33901929852
89357.29639151288
89248.84833146921
89140.9916322153
89033.72307843431
88927.0394475554
88820.93751082345
88715.4140343291
88610.46578000055
125368.92858178023
125363.97575624987
125357.56758271076
125349.48700495284
125339.51841845903
125327.45062794832
125313.0793665163
125296.20938462904
125276.65613148686
125254.24706019685
125228.82259311587
125200.23678573415
125168.35772743197
125133.0677160177
125094.2632406536
125051.85480495711
125005.76661900694
124955.93618586556
124902.31380518439
124844.8620135639
124783.55497865395
124718.37786151821
124649.32615956895
124576.40504039435
124499.6286750478
124419.01957783134
124334.60795826247
124246.43108975547
124154.53269855144
124058.96237557806
123959.77501319839
123857.03026819802
123750.79205184887
123641.12804746452
123528.10925551265
123411.80956606497
123292.30535813567
123169.67512527914
123043.99912667312
122915.35906280884
122783.83777482883
122649.5189664999
122512.48694777329
122372.82639886613
122230.62215379477
122085.95900229638
121938.92150909119
121789.59384946122
121638.05966014854
121484.40190460895
121328.7027516936
121171.04346686692
121011.50431510978
120850.16447469672
120687.10196107492
120522.39356011416
120356.11477003546
120188.33975136478
120019.14128429619
119848.59073288535
119676.75801552829
119503.7115812161
119329.51839108652
119154.24390482617
118977.95207150439
118800.70532445035
118622.56457980855
118443.58923843576
118263.83719082373
118083.3648247558
117902.22703542626
117720.47723777033
117538.16738077255
117355.34796353702
117172.0680529212
116988.37530254835
116804.31597302957
116619.93495323863
116435.27578249549
116250.38067352671
116065.29053608066
115880.0450010865
115694.68244525434
115509.2400160239
115323.75365677604
115138.25813222914
114952.78705395052
114767.37290591757
114582.04707007106
114396.8398518079
114211.78050536534
114026.89725905411
113842.21734030255
113657.76700047638
113473.5715394445
113289.65532986315
113106.04184115463
112922.7536631595
112739.81252944416
112557.23934024751
112375.05418505365
112193.27636477855
112011.92441356162
111831.01612015399
111650.5685488973
111470.59806028841
111291.12033112622
111112.15037423854
110933.70255778776
110755.79062415537
110578.42770840554
110401.62635632964
110225.398542074
110049.75568535367
109874.70866825536
109700.26785163446
109526.4430911093
109353.24375265908
109180.67872782896
109008.75644854971
108837.48490157613
108666.87164255104
108496.92380970153
108327.64813717264
108159.05096800644
107991.13826677209
107823.91563185403
107657.38830740548
107491.56119497331
107326.43886480195
107162.02556682275
106998.32524133558
106835.3415293903
106673.07778287373
106511.5370743102
106350.72220638114
106190.6357211715
106031.27990914881
105872.65681788186
105714.76826050508
105557.61582393531
105401.20087684694
105245.52457741176
105090.58788080933
104936.39154651423
104782.93614536559
104630.22206642489
104478.24952362763
104327.01856223412
104176.52906508556
104026.7807586692
103877.7732190001
103729.50587732157
103581.97802563227
103435.18882204228
103289.13729596486
103143.82235314682
102999.24278054367
102855.39725104217
102712.28432803646
102569.90246986023
102428.2500340803
102287.32528165498
102147.12638096102
102007.65141169348
101868.8983686415
101730.8651653441
101593.54963762937
101456.94954704044
101321.06258415116
101185.88637177563
101051.41846807372
100917.65636955635
100784.59751399301
100652.23928322492
100520.57900588597
100389.61396003503
100259.34137570135
100129.7584373465
100000.8622862446
99872.65002278399
99745.11870869207
99618.26536918609
99492.08699505191
99366.58054465293
99241.74294587139
99117.57109798367
98994.06187347266
98871.21211977767
98749.01866098476
98627.47829945947
98506.58781742249
98386.34397847168
98266.74352905045
98147.7831998657
98029.45970725542
97911.76975450858
97794.71003313831
97678.27722410984
97562.46799902455
97447.2790212619
137032.3627358321
137027.33345676673
137020.81772239046
137012.59073474843
137002.42841294885
136990.11045538407
136975.4229721246
136958.16069091664
136938.12875531765
136915.14414325194
136889.03673995548
136859.6501019616
136826.84194931766
136790.4844222726
136750.46413675806
136706.6820704647
136659.0533084879
136607.50667456124
136551.98427097398
136492.44094744342
136428.84371657524
136361.1711310965
136289.41263583032
136213.56790537838
136133.64617670083
136049.66558420935
135961.65250361006
135869.64090953424
135773.671750954
135673.7923474869
135570.05580893203
135462.52047972713
135351.24940947344
135236.3098502122
135117.77278075833
134995.71245807962
134870.20599545533
134741.33296693955
134609.17503749224
134473.81561801024
134335.3395443977
134193.83277973993
134049.38213859865
133902.07503241542
133751.99923499202
133599.24266701748
133443.89319861427
133286.0384688946
133125.7657215377
132963.1616554255
132798.31228940818
132631.3028402995
132462.2176132422
132291.13990361808
132118.15190971707
131943.33465541468
131766.76792214974
131588.5301895267
131408.6985839077
131227.34883439273
131044.55523562197
130860.3906168695
130674.92631692602
130488.2321643034
130300.37646232096
130111.42597866277
129921.44593902107
129730.50002446819
129538.65037222166
129345.95757949118
129152.48071011783
128958.27730373539
128763.40338720397
128567.91348808276
128371.86064992814
128175.29644921559
127978.2710137027
127780.83304206225
127583.02982462691
127384.90726510233
127186.50990311282
126987.88093745806
126789.06224996697
126590.09442984484
126391.01679841896
126191.86743419524
125992.6831981462
125793.49975915765
125594.351619568
125395.27214073927
125196.29356860628
124997.4470591534
124798.76270377437
124600.26955447551
124401.99564888532
124203.9680350386
124006.21279590593
123808.75507364224
123611.61909353349
123414.82818761928
123218.40481797571
123022.3705996421
122826.74632318008
122631.5519768523
122436.80676841272
122242.52914650104
122048.7368216342
121855.4467867914
121662.67533758846
121470.43809203965
121278.75000990585
121087.62541162856
120897.07799684994
120707.12086252176
120517.7665206032
120329.02691535203
120140.91344021147
119953.4369542969
119766.60779848615
119580.4358111187
119394.93034330827
119210.1002738741
119025.95402389683
118842.49957090427
118659.7444626933
118477.69583079423
118296.36040358334
118115.74451905084
117935.85413722978
117756.69485229315
117578.27190432564
117400.59019077639
117223.65427760004
117047.46841009162
116872.03652342319
116697.36225288814
116523.44894385937
116350.29966146908
116177.9172000152
116006.30409210194
115835.46261752033
115665.39481187511
115496.10247496406
115327.58717891602
115159.85027609361
114992.8929067663
114826.71600655983
114661.32031368805
114496.7063759718
114332.87455765154
114169.82504599828
114007.55785772852
113846.0728452281
113685.36970259048
113525.44797147388
113366.30704678273
113207.9461821776
113050.364495419
112893.56097354874
112737.53447791409
112582.28374903859
112427.80741134404
112274.1039777276
112121.1718539982
111969.00934317619
111817.61464965997
111666.98588326345
111517.12106312814
111368.0181215131
111219.6749074664
111072.08919038164
110925.25866344267
110779.18094695955
110633.85359159934
110489.2740815142
110345.43983737033
110202.34821928025
110059.9965296412
109918.382015883
109777.50187312707
109637.35324675981
109497.9332349231
109359.23889092363
109221.26722556399
109084.01520939759
108947.47977490985
108811.65781862776
108676.54620315973
108542.14175916815
108408.44128727645
108275.4415599127
108143.13932309145
108011.53129813616
107880.61418334335
107750.38465559042
107620.83937188957
107491.97497088792
107363.78807431723
107236.27528839307
107109.43320516644
106983.25840382805
149547.99419013006
149542.89006593096
149536.26886356866
149527.89808423497
149517.54518912357
149504.98076171923
149489.9812498064
149472.33128585602
149451.82560032746
149428.2705529507
149401.48531347362
149371.30272669764
149337.56989773258
149300.14853292465
149258.91507038212
149213.7606318129
149164.59082479426
149111.3254218237
149053.89793969723
148992.2551400335
148926.35646916679
148856.17345322095
148781.68906196125
148702.89705301137
148619.80130622868
148532.41515642553
148440.76073121576
148344.8682995254
148244.7756352329
148140.52739946626
148032.1745442889
147919.77373981348
147803.38682620382
147683.08029153003
147558.92477603076
147430.99460298946
147299.36733615064
147164.12336336862
147025.34550599483
146883.1186533617
146737.52942160398
146588.66583597346
146436.6170357357
146281.47300069616
146123.32429837403
145962.26185082854
145798.37672014098
145631.7599115632
145462.50219335585
145290.69393236365
145116.4249443984
144939.78435852932
144760.86049441408
144579.7407518364
144396.5115116507
144211.25804737228
144024.0644466845
143835.0135421733
143644.186850634
143451.6645203291
143257.5252856118
143061.84642836323
142864.70374572033
142666.1715236071
142466.3225156078
142265.22792675055
142062.95740179735
141859.57901766174
141655.1592796002
141449.76312084665
141243.45390538164
141036.29343354944
140828.3419502537
140619.65815548462
140410.29921694496
140200.32078455965
139989.77700667092
139778.72054773304
139567.2026073359
139355.27294039918
139142.9798783908
138930.37035143503
138717.48991118465
138504.38275434443
138291.09174673806
138077.6584478236
137864.12313556764
137650.52483159612
137436.90132654883
137223.28920556756
137009.7238738571
136796.23958226191
136582.86945280718
136369.64550415784
136156.59867695294
135943.7588589777
135731.15491013922
135518.81468721462
135306.7650683449
135095.03197724945
134883.64040714013
134672.61444431604
134461.97729142185
134251.75129035587
134041.95794481496
133832.61794246593
133623.75117673524
133415.3767682081
133207.5130856333
133000.17776652717
132793.38773737467
132587.1592334254
132381.5078180822
132176.44840188295
131971.99526107605
131768.1620557901
131564.96184780097
131362.40711789706
131160.50978284725
130959.28121197484
130758.73224334038
130558.87319953958
130359.7139031195
130161.26369161857
129963.53143223611
129766.5255361362
129570.2539723923
129374.72428157776
129179.9435890089
128985.91861764641
128792.65570066178
128600.16079367412
128408.43948666494
128217.4970155764
128027.33827359966
127837.9678221603
127649.38990160603
127461.60844160455
127274.62707125682
127088.44912893245
126903.07767183364
126718.51548529364
126534.76509181611
126351.82875986118
126169.70851238469
125988.40613513606
125807.92318472084
125628.26099643402
125449.42069186916
125271.40318630954
125094.20919590633
124917.83924464944
124742.29367113663
124567.57263514529
124393.6761240126
124220.60395882907
124048.35580045017
123876.93115533085
123706.3293811875
123536.54969249235
123367.59116580474
123199.452744943
123032.1332460022
122865.63136222126
122699.94566870373
122535.07462699653
122371.01658952987
122207.76980392323
122045.33241715966
121883.70247963376
121722.87794907537
121562.856694353
121403.63649916106
121245.21506559286
121087.5900176035
120930.75890436565
120774.71920352077
120619.46832432951
120465.00361072342
120311.32234426122
120158.42174699229
120006.29898422984
119854.95116723681
119704.3753558263
119554.56856087974
119405.52774678468
119257.24983379472
119109.73170031385
118962.97018510729
118816.96208944105
118671.70417915222
118527.19318665222
118383.42581286478
118240.3987291001
118098.10857886857
117956.55197963376
117815.72552450822
117675.62578389283
117536.24930706147
117397.59262369314
117259.65224535228
162961.68588907513
162956.5084915304
162949.78387499196
162941.27188496158
162930.7315489974
162917.92433440915
162902.61699612116
162884.58400865295
162863.6095927604
162839.48935853696
162812.03159389965
162781.05823135743
162746.4055276217
162707.9244906208
162665.4810873363
162618.95626398484
162568.24580772434
162513.26007647644
162453.92362079737
162390.17471909462
162321.9648449588
162249.25808300322
162172.03050740442
162090.26953532884
162003.9732656189
161913.14981148875
161817.81663453928
161717.9998861326
161613.73376105257
161505.05986741054
161392.02661591567
161274.68863090774
161153.1061849328
161027.3446581159
160897.4740231403
160763.568356271
160625.70537454783
160483.96599901817
160338.43394366818
160189.19532954364
160036.33832341598
159879.95280024502
159720.1300286098
159556.96237822162
159390.5430485947
159220.9658179219
159048.3248111961
158872.71428661246
158694.2284392956
158512.96122141066
158329.006177736
158142.45629579996
157953.40386971203
157761.9403768489
157568.1563665879
157372.14136031308
157173.98376195473
156973.7707783555
156771.58834879167
156567.52108301222
156361.65220719087
156154.06351721895
155944.83533879998
155734.04649383508
155521.77427262085
155308.09441140754
155093.08107489353
154876.80684325885
154659.34270336418
154440.75804376657
154221.12065322543
154000.49672239323
153778.95084840554
153556.546042107
153333.3437376616
153109.40380432137
152884.78456013583
152659.5427874035
152433.7337496827
152207.4112101865
151980.62745140644
151753.43329581554
151525.87812751505
151298.00991469965
151069.87523282462
150841.51928836846
150612.98594309122
150384.31773869984
150155.5559218354
149926.74046930735
149697.91011350357
149469.1023679139
149240.35355270645
149011.6988203062
148783.1721809249
148554.80652800092
148326.63366350616
148098.68432308765
147870.9882010084
147643.57397486095
147416.469330025
147189.70098384932
146963.29470953404
146737.27535969802
146511.66688961352
146286.49238009582
146061.7740600349
145837.53332855972
145613.79077682635
145390.56620942306
145167.87866538664
144945.74643882568
144724.18709914706
144503.21751088466
144282.85385312728
144063.11163854715
143844.005732028
143625.5503688945
143407.75917274546
143190.6451728911
142974.22082139985
142758.4980097559
142543.48808513285
142329.2018662863
142115.6496590708
141902.84127158555
141690.78602895417
141479.49278774322
141268.9699500257
141059.22547709482
140850.26690283362
140642.10134674658
140434.73552665938
140228.1757710925
140022.42803131486
139817.49789308422
139613.39058807958
139410.11100503284
139207.66370056485
139006.05290973297
138805.28255629604
138605.35626270215
138406.27735980693
138208.04889632642
138010.67364803248
137814.15412669472
137618.4925887768
137423.6910438912
137229.7512630191
137036.67478650087
136844.4629318028
136653.11680106437
136462.63728843402
136273.02508719568
136084.2806966937
135896.40442905948
135709.39641574625
135523.25661387562
135337.98481240202
135153.58063809865
134970.04356136976
134787.3729018949
134605.5678341072
134424.6273925136
134244.55047685653
134065.3358571264
133886.98217842472
133709.48796568357
133532.8516282463
133357.07146431075
133182.145665241
133008.07231974968
132834.8494179556
132662.4748553188
132490.94643645774
132320.26187885058
132150.41881642517
131981.41480303934
131813.24731585552
131645.9137586124
131479.41146479672
131313.73770071706
131148.8896684837
130984.86450889615
130821.6593042416
130659.27108100642
130497.6968125032
130336.93342141605
130176.97778226603
130017.82672379923
129859.47703129999
129701.92544883053
129545.16868140013
129389.20339706508
129234.02622896199
129079.63377727581
128926.02261114476
128773.1892705042
128621.13026787058
128469.84209006798
128319.32119989798
177320.91733097887
177315.66819544864
177308.84217897189
177300.191520393
177289.466843274
177276.42050430735
177260.80954317143
177242.39822315343
177220.96016909837
177196.28012119324
177168.15533087953
177136.39662978172
177100.8292047439
177061.29311253788
177017.64356705348
176969.75103020962
176917.50113573
176860.7944725419
176799.5462520424
176733.68588094864
176663.1564589955
176587.9142184108
176507.92791992286
176423.17821805537
176333.6570066429
176239.36675386372
176140.3198346199
176036.5378667991
175928.0510568048
175814.8975587433
175697.12285078006
175574.7791314236
175447.92473784552
175316.62358778415
175180.94464610936
175040.96141671957
174896.75146010955
174748.3959366618
174595.9791754845
174439.58826842826
174279.31268875953
174115.24393384796
173947.47519112876
173776.1010265296
173601.21709449936
173422.91986874028
173241.30639272332
173056.47404905528
172868.5203467671
172677.54272560048
172483.63837638035
172286.90407658526
172087.43604024523
171885.3297813278
171680.67998979785
171473.58041956925
171264.1237875989
171052.4016834024
170838.50448830726
170622.52130378966
170404.53988827378
170184.64660180447
169962.92635803545
169739.46258300458
169514.3371801981
169287.63050143456
169059.42132312368
168829.78682748604
168598.8025883408
168366.54256109436
168133.0790765863
167898.48283846863
167662.8229238185
167426.16678669982
167188.58026441192
166950.12758617842
166710.87138404776
166470.87270578946
166230.19102959125
165988.88428036793
165747.00884751207
165504.61960392803
165261.76992619928
165018.5117157532
164774.89542089656
164530.9700596033
164286.78324294838
164042.38119908475
163797.8087976741
163553.1095746848
163308.32575747962
163063.49829012214
162818.66685883445
162573.86991754858
162329.1447134944
162084.52731277555
161840.05262588666
161595.75443313093
161351.6654099006
161107.81715178635
160864.24019948413
160620.96406347348
160378.01724844152
160135.4272774307
159893.22071569157
159651.4231942228
159410.05943298322
159169.15326376323
158928.72765270362
158688.80472245312
158449.4057739551
158210.55130785803
157972.26104554316
157734.55394976644
157497.44824490958
157260.9614368402
157025.11033237807
156789.91105836837
156555.37908036073
156321.52922089715
156088.37567740786
155855.93203971974
155624.21130717834
155393.22590538752
155162.9877025698
154933.50802555183
154704.79767537885
154476.8669425627
154249.72562196865
154023.3830273455
153797.84800550493
153573.12895015415
153349.23381538957
153126.17012885457
152903.9450045698
152682.56515543896
152462.03690543916
152242.36620149884
152023.5586250715
151805.6194034098
151588.55342054652
151372.36522798878
151157.0590551312
150942.6388193928
150729.1081360863
150516.4703280227
150304.7284348592
150093.8852221944
149883.9431904185
149674.90458332232
149466.77139647162
149259.5453853524
149053.22807329174
148847.82075916047
148643.3245248623
148439.74024261508
148237.06858202838
148035.31001698397
147834.46483232203
147634.53313033967
147435.514837106
147237.4097085979
147040.2173366613
146843.93715480273
146648.56844381517
146454.11033724248
146260.561826687
146067.92176696364
145876.18888110542
145685.36176522335
145495.43889322522
145306.4186213975
145118.2991928518
144931.07874184253
144744.75529795696
144559.32679018157
144374.79105084928
144191.14581946854
144008.38874643994
143826.5173966609
143645.52925302394
143465.4217198097
143286.1921259781
143107.83772836067
142930.35571475636
142753.7432069341
142577.99726354415
142403.1148829403
142229.09300591738
142055.92851836342
141883.61825383193
141712.15899603404
141541.5474812545
141371.78040069254
141202.85440273004
141034.76609512977
140867.51204716408
140701.0887916778
140535.49282708572
140370.72061930766
140206.768603642
192674.81256508798
192669.49319079315
192662.56774870542
192653.780923535
192642.87496941735
192629.59314434326
192613.6827580677
192594.89781828347
192573.00127766925
192547.76689700488
192518.98074796813
192486.4423844108
192449.9657136515
192409.3796002537
192364.52823439773
192315.27129570517
192261.483941541
192203.05664663823
192139.8949185306
192071.91891087062
191999.0629543343
191921.27502253925
191838.51614825518
191750.75980320148
191657.9912529042
191560.20689643626
191457.4135993816
191349.62802704106
191236.8759837248
191119.19176294492
190996.61751241714
190869.2026169926
190737.00310195927
190600.0810585627
190458.50409309528
190312.3448004692
190161.6802628294
190006.59157345272
189847.16338592808
189683.4834883984
189515.64240247454
189343.7330062906
189167.85018105916
188988.09048040025
188804.55182165044
188617.3331983115
188426.53441276806
188232.25582838012
188034.59814005176
187833.66216237383
187629.5486344487
187422.3580405162
187212.1904455205
186999.14534477692
186783.3215269252
186564.81694938146
186343.72862553125
186120.1525229339
185894.18347184238
185665.91508337032
185435.43967667146
185202.8482145272
184968.23024676566
184731.67386096972
184493.26563995698
184253.09062554364
184011.23228813283
183767.772501692
183522.79152371053
183276.36797975388
183028.57885225047
182779.49947317352
182529.2035202983
182277.7630167363
182025.24833346764
181771.72819460908
181517.26968517428
181261.9382610977
181005.79776130934
180748.91042166192
180491.3368905258
180233.1362458794
179974.3660137357
179715.08218775547
179455.3392499102
179195.19019206648
178934.68653837335
178673.87836834323
178412.8143405248
178151.5417166749
177890.1063863421
177628.55289178336
177366.92445314038
177105.26299380753
176843.60916593103
176582.00237598183
176320.48081035056
176059.0814609179
175797.8401505566
175536.79155852634
175275.96924572592
175015.40567977054
174755.13225986544
174495.17934144905
174235.57626058295
173976.3513580681
173717.5320032672
173459.14461761876
173201.21469782683
172943.76683871498
172686.82475573287
172430.4113071063
172174.54851562367
171919.25759005072
171664.55894617003
171410.47222743966
171157.01632526948
170904.20939891067
170652.06889495955
170400.6115664738
170149.8534917013
169899.81009242355
169650.49615191386
169401.92583251325
169154.11269282602
168907.06970453885
168660.80926886533
168415.34323262118
168170.68290393366
167926.83906758862
167683.82200002193
167441.6414839572
167200.30682269807
166959.8268540771
166720.20996406896
166481.46410007245
166243.59678386632
166006.6151242457
165770.5258293442
165535.3352186472
165301.0492347024
165067.67345453403
164835.21310076505
164603.6730524548
164373.0578556565
164143.37173370135
163914.6185972148
163686.80205387017
163459.92541788545
163233.99171926998
163009.0037128246
162784.9638869027
162561.8744719361
162339.73744873272
162118.55455654883
161898.32730094454
161679.05696142456
161460.74459887078
161243.39106277158
161026.99699825284
160811.56285291465
160597.08888347933
160383.5751622556
160171.02158342197
159959.42786913548
159748.79357546975
159539.1180981858
159330.40067834067
159122.64040773807
158915.8362342244
158709.98696683458
158505.09128079162
158301.14772236333
158098.15471358033
157896.11055681846
157695.01343924974
157494.86143716477
157295.65252017
157097.38455526417
156900.05531079517
156703.66246030256
156508.20358624737
156313.67618363295
156120.0776635193
155927.4053564343
155735.65651568392
155544.82832056464
155354.91787948087
155165.92223296914
154977.83835663236
154790.66316398678
154604.3935092227
154419.026189883
154234.55794946058
154050.9854799172
153868.3054241264
153686.51437824158
153505.60889399223
153325.5854809101
153146.44060848662
152968.17070826446
209074.16818859693
209068.78003899567
209061.75710554182
209052.83657447298
209041.7523695911
209028.23866801517
209012.03304214208
208992.8792081661
208970.52937985203
208944.74623943714
208915.30454655274
208881.99241180925
208844.6122649465
208802.98154883488
208756.93317064358
208706.31574056737
208650.9936269346
208590.8468545495
208525.770870929
208455.67620280836
208380.48802300505
208300.1456455157
208214.6019646158
208123.82285176203
208027.78652228782
207926.4828822219
207819.91286406852
207708.08775903942
207591.0285520362
207468.765264618
207341.33631025942
207208.78786538268
207071.17325894118
206928.55238270824
206780.99112389807
206628.56082128597
206471.33774560754
206309.40260468586
206142.84007345827
205971.73834884277
205796.18872919213
205616.28521792538
205432.1241508026
205243.80384620422
205051.42427769944
204855.0867681295
204654.89370438765
204450.94827204733
204243.35420897623
204032.21557706225
203817.63655118062
203599.72122453852
203378.57342954527
203154.2965733753
202926.9934874107
202696.76628977453
202463.71626019265
202227.94372644805
201989.54796172044
201748.62709213467
201505.2780138685
201259.5963192016
201011.67623091652
200761.61054449118
200509.49057755026
200255.40612607292
199999.44542687724
199741.6951259317
199482.2402520675
199221.16419568926
198958.54869210604
198694.4738091267
198429.01793858391
198162.25779147356
197894.2683964129
197625.12310114224
197354.89357680996
197083.64982479883
196811.4601858661
196538.39135138702
196264.5083765019
195989.87469498365
195714.55213565304
195438.6009401819
195162.07978213544
194885.04578711363
194607.55455386566
194329.66017625513
194051.41526596752
193772.87097585562
193494.07702382997
193215.08171720436
192935.9319774175
192656.67336505454
192377.3501051011
192098.00511236532
191818.68001701028
191539.415190144
191260.24976941763
190981.22168458716
190702.36768299833
190423.72335495776
190145.3231589564
189867.20044671453
189589.38748802195
189311.9154953469
189034.8146481932
188758.11411718393
188481.84208785568
188206.02578414668
187930.69149156503
187655.86458002552
187381.56952634413
187107.82993638187
186834.6685668291
186562.10734662644
186290.167398014
186018.86905720775
185748.23189469863
185478.2747351719
185209.0156770464
184940.47211163276
184672.6607419104
184405.59760092472
184139.29806980566
183873.77689540878
183609.0482075826
183345.12553606392
183082.0218270049
182819.7494591353
182558.32025956304
182297.74551921902
182038.03600794848
181779.20198925497
181521.25323470123
181264.1990379716
181008.0482286023
180752.8091853827
180498.48984943563
180245.0977369793
179992.63995177884
179741.12319729148
179490.55378851105
179240.93766351815
178992.2803947413
178744.58719993418
178497.8629528751
178252.11219379448
178007.33913953512
177763.5476934519
177520.74145505545
177278.92372940574
177038.09753626084
176798.26561898645
176559.4304532312
176321.59425537317
176084.75899074267
175848.92638162646
175614.09791505846
175380.27485040147
175147.45822672642
174915.64886999078
174684.84740002453
174455.05423732576
174226.2696096713
173998.49355854708
173771.72594540246
173545.96645773234
173321.21461499235
173097.46977434988
172874.73113627662
172652.99774998514
172432.2685187142
172212.54220486648
171993.81743500242
171776.09270469396
171559.3663832412
171343.63671825646
171128.90184011825
170915.1597662992
170702.4084055704
170490.64556208655
170279.86893935344
170070.07614408273
169861.26468993514
169653.4320011561
169446.57541610656
169240.69219069165
169035.77950168922
168831.83444998224
168628.8540636966
168426.83530124705
168225.7750542938
168025.67015061257
167826.5173568796
167628.3133813743
167431.05487660243
167234.73844184045
167039.36062560475
166844.91792804675
166651.4068032762
226571.48134364854
226566.0258468867
226558.90731620253
226549.85549783355
226538.5960284816
226524.85402771435
226508.3573299353
226488.8393319423
226466.04145091123
226439.71520136175
226409.62390924344
226375.5440875786
226337.26650185222
226294.59695517467
226247.35682365496
226195.38337182612
226138.52987666012
226076.66558696443
226009.67554292144
225937.4602783859
225859.935426362
225777.03124594144
225688.69208691813
225594.87580636138
225495.55314962214
225390.7071065944
225280.3322525477
225164.43408148683
225043.02833877897
224916.1403587034
224783.80441162013
224646.0630646084
224502.9665586874
224354.57220508403
224200.94380245698
224042.15107649993
223878.26914293523
223709.37799455575
223535.5620126701
223356.90950305894
223173.51225633395
222985.4651324193
222792.8656687322
222595.81371152177
222394.41106973472
222188.76119070488
221978.9688569084
221765.13990298854
221547.38095222673
221325.79917162313
221100.50204473865
220871.59716145895
220639.19202384
220403.3938672148
220164.30949575172
219922.0451316794
219676.7062774127
219428.39758984037
219177.22276606094
218923.28443988078
218666.684088415
218407.5219481616
218145.89693994564
217881.90660216002
217615.64703175504
217347.21283245858
217076.69706973247
216804.19123199888
216529.785197694
216253.56720773157
215975.62384298054
215696.04000638615
215414.8989093822
215132.28206226585
214848.26926822282
214562.93862071284
214276.36650394078
213988.6275961563
213699.79487554223
213409.93962846548
213119.13145987986
212827.43830568387
212534.92644684855
212241.6605251452
211947.70356030978
211653.11696849746
211357.96058188687
211062.2926693042
210766.1699577478
210469.64765470076
210172.77947112883
209875.61764506603
209578.212965701
209280.61479787916
208982.87110694766
208685.02848387024
208387.132170549
208089.22608529267
207791.35284837688
207493.55380764639
207195.86906411254
206898.33749750437
206600.9967917354
206303.88346024867
206007.032871212
205710.47927253062
205414.25581665357
205118.39458514983
204822.92661303174
204527.88191280863
204233.2894982524
203939.1774078607
203645.5727280044
203352.50161574737
203059.98932132992
202768.0602103053
202476.73778532408
202186.04470755838
201896.0028177626
201606.63315696627
201317.95598679472
201029.9908094178
200742.75638712363
200456.270761517
200170.55127234335
199885.61457593812
199601.4766633031
199318.15287781175
199035.65793254535
198754.00592726292
198473.21036500772
198193.28416835394
197914.23969529683
197636.08875479127
197358.84262194118
197082.512052846
196807.107299108
196532.63812200484
196259.11380633322
195986.54317392776
195714.93459686099
195444.29601032904
195174.63492522886
194905.9584404315
194638.27325475853
194371.58567866473
194105.9016456343
193841.2267232955
193577.5661242587
193314.9247166839
193053.30703458286
192792.7172878612
192533.15937210602
192274.6368781242
192017.15310123647
191760.71105033308
191505.3134566955
191250.9627825901
190997.66122963728
190745.41074696393
190494.21303914057
190244.06957391082
189994.9815897168
189746.9501030251
189499.9759154583
189254.0596207366
189009.20161143367
188765.4020855517
188522.66105291946
188280.9783414174
188040.35360303512
187800.7863197643
187562.27580933084
187324.82123077105
187088.42158985542
186853.07574436336
186618.78240921316
186385.54016145013
186153.34744509726
185922.20257587126
185692.10374576756
185463.04902751776
185235.0363789224
185008.0636470623
184782.12857239248
184557.2287927197
184333.36184706888
184110.52517943975
183888.7161424569
183667.93200091622
183448.1699352307
183229.42704477705
183011.7003511472
182794.98680130608
182579.28327065878
182364.586566029
182150.89342855162
181938.20053648096
181726.50450791797
181515.8019034575
181306.08922875815
245220.9777143284
245215.45626375152
245208.24398996338
245199.06326018006
245187.63147101767
245173.66471290254
245156.88108797956
245137.00365332412
245113.76298049264
245086.89933666922
245056.16450277224
245021.32325070043
244982.15450614007
244938.45222561993
244890.02601729895
244836.70153469482
244778.32067153655
244714.74158438935
244645.8385678594
244571.50180516488
244491.63701478182
244406.16501180042
244315.0212006217
244218.1550137179
244115.52930939375
244007.11973983888
243892.91409924906
243772.9116604241
243647.12250701684
243515.5668675013
243378.27445594635
243235.2838238089
243086.64172619933
242932.40250539393
242772.62749379073
242607.38443799317
242436.74694526914
242260.79395325622
242079.6092234633
241893.28085884405
241701.90084548984
241505.56461829552
241304.37065029415
241098.42006522254
240887.81627277867
240672.6646259441
240453.07209968023
240229.14699025903
240000.99863445215
239768.73714777987
239532.47318100507
239292.31769405425
239048.38174654986
238800.77630414118
238549.6120598381
238294.9992695662
238037.04760117905
237775.86599618886
237511.56254349544
237244.24436442406
236974.0175084026
236700.98685863963
236425.25604718868
236146.92737881304
235866.10176309096
235582.87865422727
235297.35599806436
235009.63018581065
234719.7960140285
234427.94665044907
234134.1736052029
233838.56670708023
233541.2140844536
233242.20215051755
232941.61559252124
232639.5373646859
232336.0486845203
232031.2290322622
231725.1561531921
231417.90606257977
231109.55305304096
230800.1697040928
230489.82689371277
230178.59381171738
229866.5379747883
229553.7252429857
229240.21983760034
228926.0843602027
228611.37981276074
228296.16561870478
227980.4996448265
227664.43822390807
227348.0361779834
227031.3468421421
226714.42208879223
226397.31235230417
226080.06665396513
225762.73262717685
225445.35654283653
225127.98333484432
224810.65662568604
224493.41875204345
224176.31079038815
223859.37258252004
223542.6427610135
223226.15877453765
222909.95691302072
222594.0723326318
222278.53908055378
221963.39011952607
221648.6573521361
221334.37164484317
221020.56285171566
220707.2598378703
220394.4905025991
220082.2818021734
219770.65977231506
219459.64955032768
219149.27539687892
218839.56071743002
218530.5280833064
218222.19925240602
217914.59518954283
217607.7360864222
217301.64138124845
216996.32977796282
216691.81926511222
216388.12713434934
216085.26999856555
215783.26380965792
215482.1238759323
215181.86487914555
214882.50089118944
214584.04539041923
214286.51127763078
213989.91089168988
213694.25602481756
213399.55793753624
213105.82737328007
212813.07457267528
212521.3092874941
212230.54079428807
211940.77790770514
211652.02899349507
211364.30198121027
211077.6043766044
210791.94327373625
210507.3253667829
210223.75696156817
209941.2439868108
209659.7920050986
209379.4062235934
209100.09150447097
208821.85237510435
208544.69303799106
208268.6173804341
207993.6289839786
207719.73113361083
207446.9268267238
207175.2187818551
206904.6094472013
206635.10100891461
206366.69539918503
206099.39430411527
205833.19917138992
205568.11121774712
205304.13143625352
205041.26060338996
204779.4992859509
204518.84784776217
204259.30645622071
204000.87508866223
203743.55353855854
203487.3414215505
203232.23818131926
202978.2430953008
202725.35528024624
202473.5736976331
202222.8971589294
201973.32433071698
201724.85373967313
201477.48377741926
201231.2127052358
200986.03865864794
200741.95965188683
200498.97358222684
200257.078234204
200016.27128371774
199776.55030201917
199537.9127595882
199300.35602990302
199063.8773931049
198828.47403955928
198594.1430733184
198360.88151548553
198128.68630748507
197897.55431424
197667.48232725935
197438.4670676381
197210.50518897185
196983.5932801879
265078.6395236513
265073.0534783674
265065.74927580147
265056.4419673494
265044.84075999854
265030.6527481528
265013.5863133958
264993.35415990266
264969.6759728064
264942.28070149675
264910.90848043055
264875.31220734224
264835.2588034469
264790.53018292197
264740.9239601235
264686.253923041
264626.3503007412
264561.0598512436
264490.24579460855
264413.7876141433
264331.5807466664
264243.53618077526
264149.5799801204
264049.652746818
263943.7090383757
263831.71674986114
263713.6564715404
263589.52083082794
263459.3138261497
263323.0501591893
263180.75457099255
263032.46118650486
262878.212871331
262718.0606038091
262552.06286487984
262380.28504770505
262202.79888851946
262019.68191981208
261831.01694657808
261636.8915461011
261437.39759146844
261232.630798816
261022.69029812302
260807.67822723096
260587.69934864136
260362.86068855226
260133.27119751248
259899.04143201836
259660.2832563282
259417.10956373904
259169.6340165507
258917.97080392487
258662.23441684892
258402.53943940936
258139.000355593
257871.73137084008
257600.84624759518
257326.4581541143
257048.6795258092
256767.6219384354
256483.3959924486
256196.11120788316
255905.87592912908
255612.7972390114
255316.98088159892
255018.5311931984
254717.55104101176
254414.1417689609
254108.40315020972
253800.43334593342
253490.32886991312
253178.1845585509
252864.09354592592
252548.14724353174
252230.43532435448
251911.0457109704
251590.06456736202
251267.57629416775
250943.66352709476
250618.40713824698
250291.88624012787
249964.17819209723
249635.35860907438
249305.50137228981
248974.67864190484
248642.96087132578
248310.4168230533
247977.11358591777
247643.1165935583
247308.48964401803
246973.29492033174
246637.59301199304
246301.44293719542
245964.90216574934
245628.02664258392
245290.8708117478
244953.48764083223
244615.92864574207
244278.24391574747
243940.4821387557
243602.69062674258
243264.9153412938
242927.20091920448
242589.5906980944
242252.12674199542
241914.8498668753
241577.7996660624
241241.0145355398
240904.5316990797
240568.387233193
240232.6160918702
239897.25213109073
239562.32813308356
239227.8758303207
238893.92592922828
238560.5081336018
238227.6511677129
237895.3827990982
237563.729861019
237232.71827458643
236902.3730705431
236572.71841069637
236243.77760899934
235915.57315227436
235588.1267205774
235261.4592072006
234935.59073831234
234610.5406922329
234286.32771834728
233962.9697556542
233640.48405095402
233318.88717667529
232998.19504834356
232678.4229416928
232359.58550942535
232041.69679761928
231724.77026179063
231408.81878261102
231093.85468128577
230779.88973459727
230466.9351896156
230155.00177808382
229844.0997304796
229534.23878975943
229225.42822479026
228917.6768434724
228610.99300555963
228305.38463518082
228000.85923306868
227697.42388849996
227395.08529095302
227093.84974148727
226793.72316385017
226494.71111531608
226196.81879726297
225900.05106549148
225604.4124402917
225309.90711626242
225016.53897188845
224724.31157887974
224433.2282112789
224143.2918543409
223854.50521318955
223566.87072125633
223280.39054850597
222995.06660945324
222710.90057097538
222427.89385992574
222146.0476705512
221865.3629717201
221585.8405139625
221307.4808363293
221030.2842730732
220754.25096015458
220479.38084157967
220205.67367557087
219933.1290405759
219661.74634111946
219391.52481349863
219122.4635313294
218854.561410945
218587.81721665058
218322.2295658387
218057.79693396657
217794.51765940106
217532.38994813303
217271.4118783646
217011.58140497268
216752.89636385167
216495.3544761381
216238.95335232068
215983.6904962378
215729.56330896626
215476.56909260308
215224.7050539436
214973.9683080582
214724.3558817704
214475.8647170386
214228.4916742443
213982.23353538848
213737.0870071992
286202.23353054194
286196.58421602583
286189.1898595106
286179.75826173404
286167.9904936375
286153.58469107
286136.239532321
286115.65736223065
286091.5469465229
286063.62585509894
286031.6224840791
285995.2777341617
285954.3463680177
285908.5980725435
285857.8182533331
285801.8085891025
285740.38737331086
285673.3896691495
285600.66730259266
285522.0887164768
285437.53870672337
285346.9180599211
285250.1431095998
285147.14522670466
285037.8702580499
284922.2779249045
284800.3411923585
284672.0456187398
284537.38869308727
284396.3791675556
284249.03639060125
284095.3896458859
283935.47750102135
283769.3471695641
283597.0538890315
283418.6603171568
283234.2359481222
283043.8565500772
282847.6036248995
282645.5638908317
282437.82878836605
282224.49400952144
282005.65905046137
281781.4267872474
281551.90307438234
281317.1963656929
281077.417357012
280832.6786500493
280583.09443678544
280328.7802036821
280069.85245497606
279806.42845429707
279538.62598384765
279266.5631203729
278990.3580271519
278710.1287612531
278425.99309530016
278138.0683530186
277846.47125784145
277551.3177938811
277252.7230785883
276950.8012464469
276645.66534307227
276337.42722911073
276026.1974933557
275712.0853745249
275395.1986911663
275075.6437791841
274753.52543650015
274428.94687439
274102.00967505435
273772.81375501055
273441.4573339094
273108.03690840193
272772.64723070327
272435.3812915198
272096.33030702185
271755.5837095636
271413.2291418711
271069.35245443025
270724.03770582826
270377.36716581095
270029.421320838
269680.2788819264
269330.01679458923
268978.7102506873
268626.4327020212
268273.2558755053
267919.24978977244
267564.482773071
267209.0214823202
266852.9309232051
266496.2744711945
266139.11389337596
265781.50937101
265423.51952270954
265065.20142815914
264706.6106522968
264347.80126988
263988.8258903709
263629.7356830763
263270.5804024824
262911.40841373225
262552.2667181932
262193.20097907074
261834.2555470233
261475.47348574316
261116.89659746244
260758.56544835572
260400.51939380707
260042.7966035154
259685.43408641117
259328.46771536517
258971.93225166632
258615.86136925052
258260.28767866598
257905.24275075737
257550.75714005833
257196.8604078787
256843.58114507818
256490.94699451516
256138.984673166
255787.71999390537
255437.1778869444
255087.38242092018
254738.35682363514
254390.12350244148
254042.70406426987
253696.1193353004
253350.38938027585
253005.53352145682
252661.57035721836
252318.5177802908
251976.39299564462
251635.2125380222
251294.99228911818
250955.74749441099
250617.4927796492
250280.24216699446
249944.00909082583
249608.80641320875
249274.6464390317
248941.54093081623
248609.5011232026
248278.53773711738
247948.66099362614
247619.88062747588
247292.20590033295
246965.64561371985
246640.20812165667
246315.9013430119
245992.73277356668
245670.7094977991
245349.83820039144
245030.12517746756
244711.57634756298
244394.19726233478
244077.9931170151
243762.96876061335
243449.128705872
243136.47713898096
242825.01792905584
242514.75463738386
242205.69052644263
241897.82856869683
241591.17145517736
241285.7216038471
240981.48116775803
240678.4520430045
240376.63587647697
240076.03407341996
239776.64780479975
239478.47801448466
239181.52542624302
238885.7905505626
238591.27369129623
238297.97495213558
238005.89424291995
237715.031285781
237425.3856211294
237136.95661348558
236849.74345715964
236563.74518178197
236278.96065769024
235995.38860117516
235713.0275795876
235431.8760163119
235151.93219560763
234873.1942673233
234595.66025148454
234319.3280427607
234044.19541481225
233770.26002452173
233497.51941611158
233225.9710251514
232955.61218245662
232686.44011788338
232418.45196401965
232151.64475977613
231886.01545393816
231621.5609083333
308651.33902681543
308645.6277355462
308638.1449607966
308628.59131952445
308616.6598030378
308602.0396301056
308584.4197981887
308563.4922927062
308538.9549344098
308510.5138603964
308477.8856457651
308440.799081148
308398.99662691524
308352.2355683649
308300.28889810055
308242.94595249003
308180.0128288863
308111.3126094399
308036.68541605043
307955.98831942846
307869.09512351174
307775.8960446692
307676.2973033195
307570.220643813
307457.60279673146
307338.39489615517
307212.5618629522
307080.081763761
306940.94515407865
306795.1544127123
306642.7230738184
306483.67516182124
306318.0445336688
306145.87423214654
305967.2158533142
305782.128930554
305590.6803372138
305392.94370938675
305188.99888998555
304978.93139493826
304762.8319020454
304540.79576279456
304312.92253722396
304079.31555174204
303840.0814796751
303595.32994418265
303345.1731430847
303089.7254950642
302829.10330664116
302563.4244592681
302292.8081158538
302017.3744460041
301737.24436923914
301452.53931544855
301163.38100183447
300869.89122559817
300572.1916716339
300270.4037345015
299964.64835396735
299655.0458634167
299341.71585046017
299024.7770290801
298704.347122679
298380.5427574195
298053.4793652656
297723.27109615837
297390.03073878464
297053.86964941747
296714.89768833335
296373.22316333174
296028.9527799063
295682.1915976376
295333.04299240053
294981.6086239978
294627.98840885237
294272.28049741255
293914.58125593694
293554.985252351
293193.5852458795
292830.47218017624
292465.7351796912
292099.4615490253
291731.73677504313
291362.64453152154
290992.26668613125
290620.68330955616
290247.97268656816
289874.21132888907
289499.4739896779
289123.83367949474
288747.36168359936
288370.1275804555
287992.1992613167
287613.64295077784
287234.5232281889
286854.9030498265
286474.8437717331
286094.4051731371
285713.6454803703
285332.6213912118
284951.3880995854
284569.9993205464
284188.50731549953
283806.9629175904
283425.41555722046
283043.9132876378
282662.50281055877
282281.2295017833
281900.1374367625
281519.2694160889
281138.66699087474
280758.3704879922
280378.419035148
279998.85058576905
279619.7019436795
279241.00878754596
278862.8056951335
278485.1261670167
278108.00265051855
277731.46656308405
277355.5483150627
276980.27733269543
276605.6820804952
276231.7900833611
275858.6279483575
275486.2213861563
275114.59523213527
274743.77346713305
274373.7792378518
274004.63487691234
273636.3619225554
273268.98113799025
272902.51253039157
272536.97536954185
272172.38820612396
271808.76888966287
271446.13458611845
271084.5017951316
270723.8863669275
270364.30351887667
270005.767851718
269648.2933654464
269291.89347487094
268936.5810248419
268582.36830515694
268229.26706514636
267877.2885279424
267526.443404438
267176.741906938
266828.1937625086
266480.8082260281
266134.5940929459
265789.5597117519
265445.7129961632
265103.0614370303
264761.61211397185
264421.3717067373
264082.34650630737
263744.5424257335
263407.9650107232
263072.61944997474
262738.5105852679
262405.6429213127
262074.02063536266
261743.6475865982
261414.52732528205
261086.66310169338
260760.05787484488
260434.71432098676
260110.63484190174
259787.8215729975
259466.27639119804
259146.0009226403
258826.99655017984
258509.26442070887
258192.80545229182
257877.62034112224
257563.7095683038
257251.07340646154
256939.7119261851
256629.6250023086
256320.81232003123
256013.27338088173
255707.0075085294
255402.013854448
255098.2914034322
254795.83897897322
254494.65524849467
254194.7387284539
253896.0877893095
253598.70066036112
253302.57543446188
253007.71007260773
252714.10240840717
252421.7501524328
252130.65089645865
251840.8021175857
251552.2011822582
251264.84535017304
250978.7317780859
250693.8575235158
332487.3758341498
332481.60382627463
332474.0343303442
332464.3608479056
332452.2683495984
332437.4371822722
332419.5466898663
332398.2785042663
332373.3194827254
332344.3642842181
332311.1175889681
332273.29597402073
332230.6294637172
332182.8627778128
332129.7563022384
332071.0868084923
332006.64794771775
331936.25054489786
331859.7227175061
331776.9098415363
331687.67438623187
331591.8956371258
331489.469325265
331380.3071787809
331264.3364113002
331141.4991601216
331011.7518855913
330875.06474174326
330731.42092699796
330580.81602255703
330423.25732508267
330258.76317930175
330087.3623153263
329909.09319472086
329724.00336867425
329532.1488510361
329333.59350845206
329128.4084693719
328916.67155329563
328698.46672128455
328473.8835484439
328243.01671883947
328005.96554307337
327762.8334985623
327513.72779239627
327258.75894652243
326998.04040488607
326731.68816206936
326459.82041289425
326182.55722239375
325900.02021551627
325612.3322858857
325319.6173229209
325021.99995660153
324719.6053191553
324412.558822943
324100.9859538181
323785.01207924495
323464.7622704718
323140.36113806645
322811.93268013844
322479.6001425933
322143.4858907768
321803.7112918959
321460.39660761674
321113.66089627007
320763.6219241076
320410.3960850836
320054.0983286525
319694.8420950992
319332.7392579381
318967.9000729396
318600.43313336367
318230.4453310002
317858.04182263656
317483.3260015906
317106.39947396726
316727.36203931586
316346.3116753779
315963.34452663903
315578.55489640706
315192.0352421608
314803.8761739203
314414.16645541444
314022.99300782237
313630.4409158872
313236.5934362122
312841.5320075523
312445.33626293665
312048.08404346026
311649.85141359473
311250.71267787844
310850.7403988548
310450.00541613455
310048.57686646713
309646.5222047152
309243.9072256272
308840.79608631996
308437.2513293784
308033.3339064936
307629.10320256266
307224.6170601785
306819.9318044457
306415.10226805904
306010.1818165905
305605.2223739296
305200.2744478314
304795.38715552405
304390.60824933817
303985.9841423153
303581.5599337653
303177.37943473604
302773.48519336816
302369.91852010746
301966.71951274964
301563.9270812947
301161.57897259167
300759.7117947532
300358.3610413261
299957.5611151985
299557.3453522348
299157.7460446227
298758.7944639235
298360.5208838167
297962.9546025279
297566.12396493636
297170.05638435326
296774.7783639686
296380.31551795825
295986.6925922516
295593.93348495604
295202.06126643455
294811.0981990371
294421.06575648405
294031.9846429032
293643.87481151725
293256.75548298616
292870.6451634034
292485.56166194874
292101.5221081992
291718.5429691006
291336.6400656017
290955.8285889553
290576.1231166876
290197.5376282412
289820.0855202925
289443.7796217506
289068.632208439
288694.6550174648
288321.8592612809
287950.255641443
287579.85436206777
287210.6651429963
286842.6972326656
286475.95942069625
286110.460050196
285746.207029789
285383.20784537174
285021.4695716004
284660.99888311833
284301.8020655224
283943.88502607745
283587.2533041826
283231.9120815911
282877.86619239335
282525.12013276276
282173.6780704731
281823.5438541885
281474.72102253354
281127.2128129448
280781.02217031125
280436.1517554061
280092.6039531143
279750.38088046113
279409.4843944454
279069.9160996796
278731.6773558465
278394.76928496815
278059.19277849933
277724.94850424293
277392.03691309656
277060.45824562834
276730.21253849135
276401.29963067616
276073.71916960704
275747.47061708535
275422.5532550821
275098.9661913856
274776.7083651044
274455.77855203144
274136.175369872
273817.89728333696
273500.942609107
273185.30952066905
272870.99605302745
272558.00010729575
272246.3194551676
271935.9517432746
271626.89449742757
271319.14512675116
271012.7009277079
357773.6323010629
357767.8008050799
357760.14624687127
357750.355082225
357738.104322369
357723.06549077627
357704.9083096752
357683.30406891735
357657.92865039536
357628.4651972708
357594.6064295099
357556.05661623075
357512.53322174796
357463.76824645424
357409.50928627484
357349.52033573
357283.582359969
357211.4936607566
357133.0700604828
357048.1449270187
356956.56906076905
356858.2104636598
356752.9540081493
356640.7010226943
356521.36880848365
356394.8901007047
356261.2124861434
356120.29778754903
355972.1214239332
355816.6717548038
355653.94941528
355483.96664807183
355306.7466374404
355122.322849484
354930.738382393
354732.0453297109
354526.30415908387
354313.5831085087
354093.9576016614
353867.50968352234
353634.32747719355
353394.5046625257
353148.1399769318
352895.3367385585
352636.2023918173
352370.8480751218
352099.38821055763
351821.9401151108
351538.62363298953
351249.5607885128
350954.8754589792
350654.6930668915
350349.1402908776
350038.34479462885
349722.4349731615
349401.53971569653
349075.78818445705
348745.3096086789
348410.2330931414
348070.68744053313
347726.8009869823
347378.70145009557
347026.51578886656
346670.3700748333
346310.3893738863
345946.6976381447
345579.4176073428
345208.6707191899
344834.5770281851
344457.2551323944
344076.82210771536
343693.39344917575
343307.08301883587
342918.0029998813
342526.263856515
342131.9742992737
341735.2412554166
341336.16984404746
340934.8633556536
340531.4232357559
340125.94907238724
339718.5385871253
339309.2876294251
338898.29017401073
338485.63832109416
338071.4222992102
337655.73047046096
337238.6493379812
336820.26355544245
336400.6559384293
335979.90747752466
335558.09735295945
335135.30295068165
334711.59987971646
334287.0619906914
333861.7613954144
333435.76848739135
333009.1519631868
332581.9788445299
332154.3145010791
331726.2226737609
331297.76549860823
330869.00353102415
330439.99577040615
330010.7996850671
329581.4712373971
329152.0649092107
328722.63372723036
328293.2292886616
327863.90178681497
327434.7000367368
327005.6715008127
326576.86231430905
326148.3173108237
325720.0800476156
325292.1928307893
324864.69674030953
324437.6316548251
324011.0362762814
323584.9481543055
323159.40371034655
322734.4382615566
322310.08604440035
321886.38023798174
321463.3529870757
321041.0354248577
320619.4576953235
320198.64897538983
319778.63749667275
319359.45056693704
318941.11459121323
318523.65509257844
318107.0967325987
317691.4633314315
317276.7778875854
316863.0625973375
316450.3388738085
316038.6273656948
315627.94797565887
315218.31987837906
314809.7615382606
314402.2907268085
313995.9245396664
313590.6794133226
313186.5711414853
312783.614891133
312381.82521823945
311981.21608317946
311581.8008658175
311183.59238028416
310786.6028894426
310390.8441190512
309996.3272716243
309603.06303999666
309211.06162059586
308820.3327264256
308430.8855997668
308042.7290245981
307655.8713387423
307270.3204457432
306886.08382647537
306503.1685504932
306121.5812871247
305741.3283163115
305362.4155392026
304984.84848850354
304608.63233858935
304233.77191538154
303860.27170599654
303488.13586816826
303117.36823945126
302747.97234620526
302379.9514123703
302013.308368031
301648.04585778003
301284.16624888
300921.67163923034
300560.56386514433
300200.8445089367
299842.5149063291
299485.5761536751
299130.0291150111
298775.87442893354
298423.1125153086
298071.74358181824
297721.76763034356
297373.184463192
297025.99368917063
296680.1947295075
296335.7868236279
295992.76903478516
295651.1402555511
295310.89921316935
294972.0444747747
294634.57445247937
294298.4874083334
293963.7814591576
293630.45458125544
293298.5046150043
292967.9292693305
292638.72612606984
384575.29329988157
384569.4035133383
384561.6655141624
384551.7587831242
384539.35243534733
384524.10922256694
384505.68928129337
384483.7535761084
384457.967007985
384428.0011738479
384393.5367761449
384354.2656905741
384309.8927068601
384260.13696207706
384204.7330889522
384143.4321031749
384076.0020543386
384002.2284649782
383921.91458146344
383834.8814594159
383740.9679049771
383640.03029175807
383531.9422717298
383416.5943967207
383293.89366562094
383163.7630108754
383026.14073640585
382880.97991774726
382728.2477739202
382567.92501939693
382400.0052034511
382224.49404321384
382041.4087558711
381850.7773946551
381652.6381925639
381447.0389171144
381234.0362388696
381013.6951159811
380786.0881965477
380551.2952402081
380309.40256004245
380060.5024855707
379804.692847372
379542.07648364035
379272.76076879236
378996.85716409027
378714.4807901066
378425.7500207363
378130.78609837807
377829.71276981843
377522.65594229766
377209.7433591783
376891.1042946078
376566.86926652916
376237.1697673781
375902.1380117918
375561.9067006442
375216.60880072624
374866.3773393873
374511.34521346615
374151.6450118431
373787.40885096625
373418.7682227099
373045.8538539471
372668.79557723436
372287.72221201984
371902.76145581575
371514.0397847868
371121.68236323074
370725.8129614504
370326.5538815281
369924.0258905474
369518.3481608109
369109.6382166384
368698.0118873376
368283.5832659639
367866.4646735036
367446.76662813115
367024.5978192114
366600.0650857303
366173.27339885733
365744.32584835833
365313.3236325888
364880.3660518166
364445.5505046343
364008.972487234
363570.7255953329
363130.9015285464
362689.59009702055
362246.87923014263
361802.85498716275
361357.6015695687
360911.2013350612
360463.73481299414
360015.280721144
359565.91598368634
359115.71575026464
358664.75341603934
358213.1006426194
357760.8273797775
357308.0018878606
356854.6907608152
356400.9589497446
355946.86978692876
355492.4850102393
355037.8647878836
354583.0677434225
354128.1509810048
353673.1701107685
353218.1792743618
352763.2311705399
352308.377080798
351853.66689500137
351399.1491369801
350944.8709900556
350490.878322469
350037.21571268677
349583.92647455685
349131.0526822922
348678.63519526547
348226.7136825897
347775.3266474734
347324.5114513331
346874.3043376469
346424.7404555405
345975.8538830925
345527.6776503495
345080.2437620417
344633.58321999194
344187.7260452123
343742.7012996808
343298.5371077945
342855.2606774951
342412.8983210632
341971.4754755787
341531.0167230455
341091.5458101807
340653.0856678635
340215.6584302486
339779.28545354056
339343.9873344314
338909.78392820264
338476.6943664916
338044.7370747268
337613.9297892305
337184.2895739951
336755.83283713117
336328.57534699584
335902.5322479985
335477.7180760917
335054.1467739485
334631.83170583023
334210.78567214817
333791.02092372463
333372.5491757541
332955.3816214722
332539.52894553443
332125.0013371085
331711.8085026865
331299.9596786194
330889.46364337904
330480.3287295523
330072.56283557013
329666.1734371791
329261.16759865615
328857.5519837732
328455.3328665156
328054.5161415599
327655.107334512
327257.1116119134
326860.5337910195
326465.3783493518
326071.64943403157
325679.3508708959
325288.48617340415
324899.0585513345
324511.0709192793
324124.5259049394
323739.42585722415
323355.7728541593
322973.56871060847
322592.81498580944
322213.51299073285
321835.6637952628
321459.26823520666
321084.3269191356
320710.8402350598
320338.80835694313
319968.2312510593
319599.10868219245
319231.4402196889
318865.22524335823
318500.46294923156
318137.15235517785
317775.2923063818
317414.8814806864
317055.9183938032
316698.401404394
316342.32871902536
315987.69839699933
315634.5083550654
412959.4682237152
412953.5213139159
412945.7014580915
412935.6812336485
412923.1219247373
412907.67756582063
412888.99874756095
412866.7361309668
412840.5436364901
412810.08129130735
412775.0177308618
412735.03236046043
412689.8171898056
412639.07835829764
412582.5373721905
412519.9320765768
412451.01738603547
412375.5657978419
412293.36771113315
412204.2315744935
412107.98388322146
412004.469046153
411893.54914043326
411775.1035711062
411649.0286508747
411515.23711390287
411373.6575761223
411224.2339531535
411066.92484570853
410901.70290117204
410728.5541589872
410547.4773864928
410358.48341097153
410161.59445285413
409956.84346430923
409744.27347679023
409523.93696053483
409295.89519849455
409060.21767671546
408816.98149278865
408566.2707836349
408308.1761735767
408042.79424338404
407770.2270207425
407490.5814923938
407203.96913802554
406910.50548583386
406610.3096895668
406303.50412674237
405990.21401765506
405670.5670647056
405344.6931115397
405012.72382142686
404674.79237427964
404331.03318168677
403981.58161931246
403626.57377600693
403266.14621896035
402900.43577423826
402529.5793220361
402153.71360599616
401772.9750559424
401387.49962340033
400997.422629282
400602.8786231303
400204.0012533419
399800.9231477921
399393.77580431965
398982.6894905346
398567.79315244104
398149.2143313838
397727.0790888441
397301.5119386347
396872.63578605984
396440.57187362685
396005.439732913
395567.35714221094
395126.4400895937
394682.80274105654
394236.5574134095
393787.8145516146
393336.6827102684
392883.26853895833
392427.67677122285
391970.0102168682
391510.3697574065
391048.8543443868
390585.5610004116
390120.58482263744
389654.0189885703
389185.95476397895
388716.4815127568
388245.68670857674
387773.6559481868
387300.472966209
386826.2196513087
386350.9760636111
385874.82045324694
385397.8292799209
384920.07723339845
384441.6372548155
383962.5805587208
383482.97665576806
383002.89337597747
382522.39689249505
382041.5517457782
381560.42086814705
381079.06560863915
380597.54575811175
380115.91957454337
379634.24380848126
379152.5737285944
378670.9631472892
378189.4644463483
377708.12860255886
377227.0052132962
376746.14252203354
376265.5874437491
375785.3855902047
375305.58129507466
374826.2176389002
374347.3364738515
373868.97844827996
373391.1830310431
372913.98853558867
372437.4321437826
371961.5499294723
371486.3768817703
371011.94692805276
370538.29295666213
370065.4468393061
369593.4394531496
369122.30070258986
368652.0595407136
368182.7439904306
367714.3811652806
367246.997289912
366780.6177202285
366315.26696320495
365850.9686963692
365387.7457869513
364925.62031069945
364464.6135703636
364004.74611384806
363546.03775203193
363088.5075762646
362632.1739755311
362177.05465329625
361723.16664402455
361270.5263293835
360819.14945412864
360369.0511416774
359920.2459093722
359472.74768343836
359026.56981363817
358581.7250876275
358138.2257450165
357696.0834911389
357255.3095105358
356815.9144801537
356377.9085822664
355941.30151711975
355506.1025153082
355072.32034988183
354639.96334819513
354209.0394034946
353779.5559862552
353351.5201552658
352924.93856847193
352499.81749357516
352076.1628183989
351653.9800610198
351233.2743796727
350814.05058243184
350396.3131366712
349980.0661783118
349565.31352085544
349152.0586642128
348740.30480332865
348330.05483660527
347921.31137413497
347514.0767457368
347108.35300880985
346704.1419559991
346301.44512268447
345900.2637942919
345500.5990134324
345102.4515868721
344705.8220923366
344310.7108851537
343917.11810473737
343525.0436809166
343134.4873401123
342745.448611366
342357.92683222226
341971.92115447065
341587.430549746
341204.4538149949
340822.989577808
340443.03630162246
340064.5922907966
442995.21898342983
442989.21608814906
442981.3159236358
442971.18423633464
442958.4745461677
442942.8322273643
442923.8983681963
442901.3133524117
442874.7201259619
442843.7671293341
442808.1108889188
442767.41827085475
442721.3684082216
442669.65431771957
442611.98422554275
442548.08262432204
442477.6910841347
442400.56884086906
442316.49318491825
442225.2596724192
442126.68218018743
442020.59282422235
441906.8417602758
441785.2968835131
441655.84344284696
441518.3835840804
441372.83583461057
441219.1345411196
441057.2292704415
440887.08418262645
440708.67738415627
440522.0002682779
440327.0568485176
440123.8630906285
439912.4462474744
439692.84420069976
439465.10481242614
439229.2852896976
438985.4515639104
438733.67768705456
438474.0452462172
438206.64279747836
437931.5653200409
437648.91369119077
437358.79418246873
437061.31797724596
436756.60070974304
436444.76202538534
436125.9251622847
435800.2165535307
435467.7654498996
435128.7035625208
434783.1647249886
434431.28457436216
434073.200250468
433709.05011288996
433338.9734750169
432963.11035451037
432581.6012395437
432194.58687016636
431802.20803415164
431404.6053766901
431001.91922330065
430594.2894153444
430181.8551575391
429764.7548768863
429343.1260924417
428917.10529537284
428486.8278387703
428052.4278366951
427614.03807196155
427171.78991217795
426725.8132335825
426276.2363522337
425823.1859621308
425366.7870798558
424907.1629953575
424444.43522849755
423978.7234910131
423510.1456535578
423038.8177174991
422564.85379117046
422088.3660702873
421609.4648222526
421128.25837409263
420644.8531037731
420159.35343466426
419671.8618329326
419182.4788076485
418691.3029134126
418198.4307553124
417703.95699603425
417207.9743649606
416710.5736690977
416211.8438056844
415711.87177634117
415210.7427026295
414708.5398428958
414205.3446102849
413701.23659181275
413196.2935683962
412690.59153574175
412184.2047260059
411677.2056301384
411169.6650208322
410661.6519760036
410153.2339027347
409644.47656161233
409135.4440914018
408626.19903400174
408116.8023596246
407607.31349215476
407097.79033463844
406588.28929486405
406078.86531099066
405569.57187719236
405060.46106928075
404551.5835702769
404042.9886959023
403534.7244199641
403026.83739960776
402519.3730004165
402012.3753213376
401505.8872194131
400999.95033430273
400494.60511257977
399989.89083178743
399485.8456242413
398982.50650057016
398479.9093729799
397978.0890782344
397477.0794003459
396976.9130929649
396477.62190146605
395979.23658472346
395481.7869365708
394985.30180694227
394489.80912269367
393995.33590809593
393501.90830500564
393009.5515927059
392518.2902074193
392028.147761494
391539.1470622581
391051.3101305493
390564.65821891517
390079.2118294886
389594.9907315395
389112.0139787031
388630.2999258886
388149.86624587013
387670.72994556255
387192.90738198376
386716.41427790996
386241.26573722204
385767.4762599509
385295.0597570228
384824.02956470865
384354.3984587816
383886.17866838514
383419.38188961835
382954.0192988392
382490.10156569147
382027.6388658597
381566.6408935549
381107.11687373597
380649.0755740718
380192.5253166452
379737.473989408
379283.9290573849
378831.89757363696
378381.386189983
377932.40116748796
377484.9483867187
377039.03335777344
376594.66123008827
376151.83680202457
375710.5645302425
375270.84853886295
374832.69262842246
374396.1002846271
373961.07468690537
373527.6187167672
373095.7349659711
372665.42574450513
372236.6930883826
371809.5387672585
371383.9642918694
370959.97092130105
370537.55967008526
370116.7313151326
369697.4864025021
369279.8252540109
368863.7479736902
368449.2544540867
368036.3443824173
367625.0172465743
367215.27234099153
366807.10877236776
366400.5254652544
365995.52116750926
474753.5880046176
474747.53023281525
474739.5512718732
474729.3101102731
474716.45257187146
474700.6154300378
474681.4303174246
474658.52737114555
474631.5385739707
474600.1007689982
474563.8583386215
474522.4655489099
474475.5885682473
474422.90717466595
474364.11617016356
474298.9265227497
474227.0662583364
474148.2811251024
474062.33505284355
473969.0104292288
473868.10821395763
473759.44791065826
473642.8674150696
473518.22275667737
473385.3877495712
473244.2535668985
473094.72825193533
472936.7361774927
472770.2174641543
472595.12736667506
472411.4356368148
472219.1258698729
472018.1948412995
471808.65183892037
471590.51799556316
471363.8256261963
471128.6175730813
470884.9465618871
470632.8745712332
470372.4722176894
470103.818157875
469826.99850896583
469542.1062886098
469249.2408749999
468948.50748761505
468640.0166889513
468323.88390738773
468000.22898118536
467669.1757234956
467330.8515081427
466985.386875863
466632.91516059893
466273.5721353964
465907.4956773944
465534.8254513646
465155.7026112228
464770.26951891417
464378.66948005924
463981.0464957366
463577.5450297722
463168.3097909102
462753.48552923516
462333.21684623027
461907.6480178599
461476.92283007805
461041.18442617665
460600.575165402
460155.2364922854
459705.3088161464
459250.9314002471
458792.2422600952
458329.3780704052
457862.4740802534
457391.6640359727
456917.08011135715
456438.85284476005
455957.11108268995
455471.98192952306
454983.5907029714
454492.0608949562
453997.5141375634
453500.0701737578
452999.84683256305
452496.96000841993
451991.52364445163
451483.6497193793
450973.4482378455
450461.02722391044
449946.4927175057
449429.94877363427
448911.4974641225
448391.23888173664
447869.27114648913
447345.6904139677
446820.59088553034
446294.0648202191
445766.2025482527
445237.0924859651
444706.82115206827
444175.47318512155
443643.13136209676
443109.876617938
442575.78806601715
442040.94301939587
441505.41701280663
440969.2838252753
440432.615503307
439895.48238456773
439357.95312199456
438820.09470827377
438281.9725006273
437743.6502458575
437205.19010559714
436666.6526817183
436128.09704186005
435589.5807450289
435051.159867241
434512.88902716554
433974.8214117409
433437.0088017338
432899.5015972099
432362.34884289646
431825.59825340926
431289.29623832315
430753.4879270682
430218.21719363215
429683.5266810529
429149.45782568573
428616.050881233
428083.34494252194
427551.37796902267
427020.186808093
426489.80721794296
425960.27389031224
425431.6204728515
424903.8795912026
424377.08287077426
423851.2609582036
423326.4435425071
422802.65937591164
422279.9362943664
421758.30123773345
421237.78026965447
420718.398597095
420200.1805895629
419683.14979800425
419167.32897337433
418652.7400848876
418139.4043379433
417627.3421917348
417116.57337653695
416607.1169106793
416098.9911172053
415592.21364021837
415086.8014609216
414582.7709133495
414080.137699798
413578.91690595436
413079.1230157309
412580.7699258054
412083.87095987325
411588.4388826126
411094.4859133684
410602.02373955766
410111.06352980103
409621.6159467837
409133.69115984935
408647.29885733273
408162.44825863297
407679.1481260325
407197.40677626594
406717.232091843
406238.6315321285
405761.61214418436
405286.18057337776
404812.3430737597
404340.10551821534
403869.4734083964
403400.45188443083
402933.0457344215
402467.2594037339
402003.09700407716
401540.562322383
401079.6588294866
400620.38968861074
400162.75776366197
399706.76562733605
399252.41556904255
398799.709602647
398348.64947403834
397899.236668522
397451.4724180447
397005.35770825134
396560.8932853813
396118.07966300333
395676.91712859593
395237.40574997285
394799.54538156156
394363.3356705317
393928.7760627836
393495.8658087924
508307.626224572
508301.5146571081
508293.4583769783
508283.10968815896
508270.1067878381
508254.0779100125
508234.6452815383
508211.4288275472
508184.0495839376
508152.1327916366
508115.3106608795
508073.2248043222
508025.5283458106
507971.8877175227
507911.9841623304
507845.5149609636
507772.1944051669
507691.75453877845
507603.94568873866
507508.5368076078
507405.3156483893
507294.08879142563
507174.68154192384
507046.9377153853
506910.71932686464
506765.9061986443
506612.39549959166
506450.10122818896
506278.9536500142
506098.8986993085
505909.8973531962
505711.9249861288
505504.9707112194
505289.03671429143
505064.1375857052
504830.2996543374
504587.5603274627
504335.96743972565
504075.5786138874
503806.460635586
503528.6888439443
503242.34653951245
502947.52441071055
502644.3199796713
502332.83706813434
502013.18528383784
501685.4795276672
501349.83952166676
501006.3893578785
500655.2570678647
500296.57421266363
499930.4754928519
499557.09837831487
499176.5827572716
498789.0706040541
498394.7056651048
497993.63316262886
497585.9995153167
497171.95207553764
496751.63888239773
496325.20843005
495892.8094506447
495454.5907113108
495010.7008245691
494561.2880715804
494106.50023764826
493646.4844594054
493181.3870831281
492711.3535336373
492236.52819325967
491757.05429034174
491273.0737968248
490784.7273344019
490292.15408880514
489795.49173177883
489294.8763503161
488790.4423827551
488282.32256134367
487770.647860901
487255.54745322047
486737.14866687346
486215.5769520895
485690.95585040265
485163.40696877096
484633.0499578854
484100.00249440526
483564.3802668616
483026.2969649914
482485.8642722713
481943.19186143565
481398.38739277073
480851.5565149922
480302.8028685201
479752.22809097765
479199.9318247471
478646.0117264281
478090.5634780494
477533.6807998979
476975.4554648282
476415.97731393494
475855.3342734668
475293.6123728735
474730.89576388337
474167.26674051274
473602.8057599163
473037.5914639925
472471.70070166164
471905.2085517454
471338.1883463704
470770.7116948343
470202.8485078703
469634.66702225077
469066.2338256788
468497.6138819121
467928.87055607495
467360.0656401148
466791.2593783587
466222.51049313403
465653.8762104171
465085.4122854762
464517.17302847974
463949.2113300378
463381.5786866562
462814.3252260733
462247.49973246036
461681.14967146545
461115.3212150788
460550.0592663065
459985.4074836338
459421.40830526396
458858.10297312244
458295.53155660926
457733.7329760961
457172.7450261514
456612.60439848946
456053.34670463495
455495.00649829616
454937.6172974403
454381.2116060668
453825.8209356748
453271.47582641896
452718.20586795366
452166.03971996135
451615.0051323629
451065.12896520935
450516.43720825645
449968.9550002156
449422.70664768823
448877.71564378
448334.0046863954
447791.59569621604
447250.5098343624
446710.7675197421
446172.3884460839
445635.39159866335
445099.79527071986
444565.61707956827
444032.87398240814
443501.5822918338
442971.75769104704
442443.4152487775
441916.56943391246
441391.23412984016
440867.4226485106
440345.1477442159
439824.42162709555
439305.25597637054
438787.661953307
438271.65021391725
437757.2309214006
437244.4137583256
436733.20793856174
436223.6222189608
435715.66491079447
435209.34389095067
434704.6666128921
434201.64011738484
433700.27104299335
433200.5656363549
432702.5297622296
432206.16891333455
431711.4882199653
431218.49245940545
430727.18606513296
430237.5731358227
429749.65744415176
429263.44244540937
428778.9312859167
428296.1268112591
427815.0315743346
427335.6478432222
426857.9776088736
426382.02259263233
425907.78425358207
425435.2637957288
424964.4621750216
424495.38010621036
424028.0180695498
423562.37631734955
423098.454880372
422636.25357408513
543732.421089265
543726.2567796104
543718.1246232116
543707.6703133278
543694.5244909417
543678.3069140646
543658.6304563911
543635.1048694714
543607.3402633357
543574.9502775664
543537.554928547
543494.7831294248
543446.2748875981
543391.6831907099
543330.6755965372
543262.9355451597
543188.1634136413
543106.0773344126
543016.4137988172
542918.9280670125
542813.3944047997
542699.6061670166
542577.3757460432
542446.5344027622
542306.9319960243
542158.4366253926
542000.9342006522
541834.3279503233
541658.5378802331
541473.500192053
541279.1666706637
541075.5040482016
540862.4933517447
540640.1292407333
540408.4193394685
540167.3835693152
539917.0534846098
539657.4716156999
539388.6908220141
539110.7736576151
538823.7917512608
538527.8252026414
538222.9619961285
537909.2974330825
537586.9335835204
537255.9787577124
536916.5469980909
536568.7575916795
536212.7346031093
535848.606428163
535476.5053676784
535096.5672215503
534708.9309025031
534313.7380692274
533911.1327784387
533501.2611553577
533084.27108209
532660.3119033542
532229.5341489848
531792.089272627
531348.1294060313
530897.8071283543
530441.2752498654
529978.6866094716
529510.1938854768
529035.9494189883
528556.1050494153
528070.811961498
527580.2205433261
527084.4802548207
526583.7395061677
526078.1455457052
525567.8443567851
525052.9805631456
524533.6973423478
524010.1363468434
523482.4376322651
522950.7395925364
522415.1789014226
521875.8904601599
521333.0073508091
520786.6607950031
520236.9801177676
519684.0927161126
519128.124032101
518569.19753012183
518007.43467810145
517442.9549324042
516875.8757261833
516306.3124609567
515734.3785011926
515160.1851716998
514583.84175763134
514005.45550691785
513425.13163495547
512842.9733313867
512259.0817688159
511673.556113316
511086.4935365838
510497.98922961595
509908.13641777996
509317.0263771638
508724.7484520947
508131.390073723
507537.0367795731
506941.7722339693
506345.6782492518
505748.8348076991
505151.32008408196
504553.21046877804
503954.58059137664
503355.50334471447
502756.0499092807
502156.28977793746
501556.2907809034
500956.11911095097
500355.8393487751
499755.5144884883
499155.2059632041
498554.9736706736
497954.87599893793
497354.96985196887
496755.31067526585
496155.9524813822
495556.94787535706
494958.34808002965
494360.2029612129
493762.5610527082
493165.4695811422
492568.9744906122
491973.12046711927
491377.9509627808
490783.50821980805
490189.83329423616
489596.9660793977
489004.94532913
488413.80868071027
487823.5926775058
487234.3327913401
486646.0634445625
486058.8180318216
485472.62894153444
484887.5275770516
484303.54437751125
483720.70883838384
483139.049531702
482558.59412597836
481979.3694058058
481401.4012911435
480824.71485628776
480249.33434852614
479675.2832064798
479102.5840781282
478531.2588385269
477961.3286072106
477392.8137652893
476825.7339722385
476260.10818238364
475695.9546610839
475133.2910006159
474572.13413576246
474012.5003591059
473454.4053360334
472897.86411945306
472342.89116422815
471789.50034132897
471237.70495171
470687.5177399115
470138.9509073932
469592.01612560044
469046.7245487694
468503.0868264726
467961.1131159099
467420.81309394893
466882.1959689181
466345.27049215627
465810.0449693225
465276.5272714709
464744.7248458942
464214.64472673705
463686.2935453882
463159.6775406504
462634.80256869463
462111.67411280115
461590.2972928922
461070.67687485873
460552.8172796859
460036.72259238176
459522.3965707091
459009.84265372925
458499.0639701577
457990.06334653543
457482.843315222
456977.40612221014
456473.7537347673
455971.8878489092
455471.8098967035
454973.52105341374
454477.02224447974
453982.31415234384
453489.3972231214
581105.1245503185
581098.9085252616
581090.7019018985
581080.1438367745
581066.8574860371
581050.4541968077
581030.5375448281
581006.7071499574
580978.5622217703
580945.7048046397
580907.7427055658
580864.292099036
580814.9798117295
580759.4452963044
580697.3423081826
580628.3403024935
580552.1255704141
580468.4021353237
580376.8924296434
580277.3377731395
580169.4986729756
580053.1549650094
579928.1058148236
579794.1695958656
579651.1836608534
579499.0040213707
579337.5049493419
579166.5785128459
578986.1340575827
578796.0976441592
578596.4114503324
578387.0331463455
578167.9352505819
577939.1044719116
577700.5410443353
577452.2580588087
577194.2807964911
576926.6460670795
576649.4015553492
576362.6051785559
576066.3244569283
575760.6358990902
575445.6244039256
575121.382680085
574788.0106840824
574445.6150776795
574094.3087050653
573734.2100901513
573365.4429541453
572988.1357534387
572602.4212377224
572208.4360281399
571806.3202152222
571396.2169762537
570978.2722116762
570552.6342000851
570119.4532713302
569678.8814972059
569231.0723991912
568776.1806726772
568314.3619271219
567845.7724415424
567370.5689347775
566888.9083499305
566400.9476524224
565906.8436410832
565406.7527717171
564900.8309925962
564389.233591332
563872.1150526103
563349.6289262612
562821.9277051775
562289.1627125891
561751.4839982291
561209.0402429356
560661.9786712559
560110.4449716284
559554.5832237412
558994.5358326753
558430.4434694591
557862.445017681
557290.677525809
556715.276164899
556136.3741913686
555554.1029145459
554968.591668701
554379.9677892921
553788.3565931616
553193.8813624436
552596.6633319355
551996.821679723
551394.4735208353
550789.7339037345
550182.7158094476
549573.5301531558
548962.2857880716
548349.0895114413
547734.046072515
547117.2581823401
546498.8265252408
545878.8497718506
545257.4245935746
544634.6456783669
544010.6057477095
543385.3955746926
542759.1040030965
542131.8179673785
541503.6225134908
540874.6008204294
540244.8342224516
539614.4022318865
538983.3825624634
538351.8511531051
537719.8821921168
537087.5481417223
536454.9197628896
535822.0661403968
535189.0547080995
534555.9512743449
533922.8200475049
533289.7236615804
532656.7232018497
532023.8782305241
531391.2468123826
530758.8855403569
530126.8495610406
529495.192600101
528863.9669875675
528233.2236829782
527603.012300368
526973.3811330763
526344.3771783627
525716.046161813
525088.4325615244
524461.5796320575
523835.52942814276
523210.32282813353
522585.9995571957
521962.59821022634
521340.15627449384
520718.7101519935
520098.295181515
519478.9456604126
518860.6948660795
518243.57507711835
517627.6175942074
517012.85276066046
516399.3099826759
515787.0177492783
515176.0036519465
514566.2944039321
513957.91585926514
513350.8930314502
512745.25011185
512141.010487762
511538.1967601842
510936.83076127636
510336.93357151473
509738.5255365453
509141.62628373434
508546.2547384223
507952.4291398809
507360.16705697763
506769.485403549
506180.4004534872
505592.9278555428
505007.08264784503
504422.8792721461
503840.3315877895
503259.45288540807
502680.255900355
502102.7528258694
501526.9553259838
500952.874548173
500380.52113575063
499809.9052400172
499241.0365321615
498673.92421492015
498108.5770340004
497545.00328926713
496983.2108457
496423.20714412373
495864.99921171495
495308.59367229027
494753.9967563779
494201.2143110786
493650.25180971593
493101.11436128506
492553.8067196977
492008.3332928307
491464.69815138157
490922.90503753175
490382.95737342467
489844.8582694591
489308.6105324037
488774.2166733336
488241.67891539424
487710.99920139613
487182.1792012406
486655.2203191844
486130.12370094174
620504.981061986
620498.7143223291
620490.4346084088
620479.7746141652
620466.3500830432
620449.7640178909
620429.6107540657
620405.4798248645
620376.9595689569
620343.6404466623
620305.1180459292
620260.9957700828
620210.8872081601
620154.4181953397
620091.2285758865
620020.9736845229
619943.3255644506
619857.9739416243
619764.6269755298
619663.0118067842
619552.8749215354
619433.9823519589
619306.1197312678
619169.0922206005
619022.7243240209
618866.8596066849
618701.3603300288
618526.1070166605
618340.9979564787
618145.9486644594
617940.8912994879
617725.7740526496
617500.5605124657
617265.2290137135
617019.7719756962
616764.1952350904
616498.5173778675
616222.7690741655
615936.9924194663
615641.2402849338
615335.575679337
615020.0711245802
614694.8080465253
614359.8761824659
614015.3730063376
613661.4031725122
613298.0779787961
612925.5148490699
612543.8368358414
612153.1721428321
611753.6536676034
611345.418564114
610928.6078250076
610503.3658833561
610069.8402335169
609628.1810707046
609178.540948837
608721.0744561771
608255.9379082641
607783.2890576032
607303.2868195714
606816.091013983
606321.8621217496
605820.7610560742
605312.9489476101
604798.5869430267
604277.8360164245
603750.856793056
603217.8093848097
602678.8532369358
602134.1469854943
601583.8483250323
601028.1138859926
600467.0991213929
599900.9582023085
599329.843921722
598753.9076063107
598173.2990357602
597588.166369208
596998.6560784376
596404.9128874546
595807.0797180962
595205.297641336
594599.7058339644
593990.4415403313
593377.6400388653
592761.4346130783
592141.9565267945
591519.3350033449
590893.6972084822
590265.1682367877
589633.8711013438
588999.9267264676
588363.4539433011
587724.5694880714
587083.3880028368
586440.0220385543
585794.582060298
585147.1764544819
584497.9115379374
583846.8915687092
583194.2187584374
582539.9932862067
581884.3133137402
581227.2750018304
580568.972527907
579909.4981046348
579248.9419994589
578587.3925550007
577924.9362102305
577261.6575223323
576597.6391891929
575932.9620724457
575267.7052210022
574601.9458950137
573935.7595902055
573269.2200625287
572602.3993530844
571935.3678132654
571268.1941300823
570600.9453516236
569933.6869126157
569266.4826600495
568599.3948788357
567932.4843174604
567265.8102136136
566599.4303197602
565933.4009286313
565267.7768986151
564602.6116790184
563937.9573351896
563273.8645734763
562610.3827660059
561947.5599752712
561285.4429785114
560624.0772918689
559963.5071943155
559303.7757513388
558644.9248383726
557986.9951639702
557330.0262927059
556674.0566678068
556019.1236334983
555365.263457067
554712.5113506309
554060.9014926159
553410.467048934
552761.2401938594
552113.2521306048
551466.533111588
550821.1124583967
550177.0185814453
549534.278999322
548892.9203578315
548252.9684487291
547614.4482281482
546977.3838347226
546341.7986074042
545707.7151029779
545075.1551132738
544444.1396820816
543814.6891217674
543186.8230295953
542560.5603037546
541935.9191590997
541312.9171426015
540691.5711485136
540071.8974332574
539453.9116300312
538837.6287631401
538223.0632620552
537610.228975208
536999.1391835134
536389.8066136346
535782.2434509909
535176.4613525067
534572.4714591127
533970.2844079973
533369.9103446176
532771.3589344644
532174.6393745964
531579.7604049366
530986.7303193436
530395.5569764529
529806.2478103002
529218.809840723
528633.2496835492
528049.5735605736
527467.7873093287
526887.8963926476
526309.9059080309
525733.8205968121
525159.6448531345
524587.3827327319
524017.0379615292
523448.6139440541
522882.11377167306
522317.54023064685
521754.8958100166
521194.182709317
520635.40284612315
662013.3555781337
662007.0390993829
661998.6876391354
661987.927502843
661974.3670940083
661957.6011391714
661937.2147930261
661912.7875504405
661883.8969126049
661850.1217716838
661811.0454924852
661766.2586810229
661715.361638834
661657.9665088073
661593.699123451
661522.2005702431
661443.1284912403
661356.1581357104
661260.9831853756
661157.3163721035
661044.8899076628
660923.455744629
660792.7856867278
660652.6713659551
660502.9241027549
660343.3746644025
660173.8729356056
659994.2875141858
659804.5052435818
659604.4306928408
659393.9855937313
659173.1082436338
658941.7528819583
658699.8890469832
658447.5009192261
658184.5866567311
657911.1577269917
657627.2382396301
657332.8642833921
657028.0832705259
656712.9532911612
656387.5424799006
656051.9283964689
655706.1974219456
655350.4441718204
654984.7709268411
654609.2870824148
654224.1086171111
653829.3575806407
653425.1616015388
653011.6534146373
652588.9704083024
652157.2541913071
651716.6501791365
651267.3071994304
650809.3771162262
650343.0144726062
649868.3761513085
649385.6210528335
648894.9097905486
648396.4044022737
647890.2680778113
647376.6649018852
646855.7596119341
646327.7173702097
645792.7035496321
645250.8835328537
644702.422523992
644147.4853724963
643586.2364086277
643018.8392900369
642445.4568589403
641866.2510094041
641281.3825642626
640691.0111612107
640095.2951476205
639494.3914836533
638888.4556532465
638277.6415825754
637662.1015656007
637041.9861963278
636417.4443074215
635788.6229148299
635155.6671680887
634518.7203059868
633877.9236172951
633233.4164062652
632585.3359626207
631933.8175357799
631278.9943130555
630620.9974015882
629959.9558137929
629295.9964560868
628629.2441207039
627959.8214803891
627287.8490857894
626613.4453653577
625936.7266276076
625257.8070655498
624576.7987631621
623893.8117037476
623208.953780042
622522.3308059417
621834.0465297282
621144.2026486751
620452.8988249204
619760.232702513
619066.299925518
618371.194157104
617675.007099514
616977.8285148425
616279.7462465375
615580.8462415586
614881.2125731168
614180.9274639335
613480.0713099611
612778.7227044988
612076.9584626597
611374.853646131
610672.4815881839
609969.9139188887
609267.2205904899
608564.469902907
607861.728529321
607159.0615418161
606456.5324370407
605754.2031618613
605052.1341389812
604350.3842924993
603649.0110733809
602948.070484826
602247.6171075081
601547.7041246679
600848.3833470449
600149.7052376281
599451.7189362161
598754.4722837684
598058.0118465363
597362.382939968
596667.6296523683
595973.7948683106
595280.9202917935
594589.0464691281
593898.212811557
593208.4576175931
592519.8180950772
591832.3303829485
591146.029572723
590460.9497296785
589777.1239137426
589094.5842000808
588413.3616993848
587733.4865778578
587054.9880768976
586377.8945324748
585702.23339421
585028.0312441443
584355.3138152115
583684.1060094029
583014.4319156368
582346.314827324
581679.7772596392
581014.8409664939
580351.5269572164
579689.8555129393
579029.8462026978
578371.5178992422
577714.8887945637
577059.97641514
576406.7976369036
575755.3686999307
575105.7052228604
574457.822217045
573811.7341004296
573167.4547111747
572524.9973210137
571884.3746483581
571245.5988711477
570608.6816394515
569973.6340878247
569340.4668474206
568709.1900578644
568079.8133788955
567452.346001771
566826.7966604473
566203.1736425343
565581.4848000293
564961.7375598325
564343.9389340499
563728.0955300854
563114.2135605242
562502.2988528165
561892.3568587566
561284.3926637705
560678.4109960047
560074.4162352314
559472.4124215614
558872.4032639785
558274.3921486916
557678.3821473112
557084.3760248522
705713.7615492134
705707.3962822579
705698.974388458
705688.1158588142
705674.421830148
705657.4788218468
705636.8628696175
705612.1434808136
705582.8873561992
705548.6618401592
705509.0380755678
705463.5938510564
705411.9161375868
705353.6033183605
705288.2671214807
705215.5342687296
705135.0478565682
705046.4684872526
704949.475168969
704843.7660042937
704729.0586862211
704605.0908205798
704471.620092978
704328.4242975591
704175.301243855
704012.0685569724
703838.5633852374
703654.6420283354
703460.1794978768
703255.0690212712
703039.2214987755
702812.5649226129
702575.043766156
702326.6183503182
702067.2641935028
701796.97135074
701515.7437469614
701223.5985087538
700920.565298375
700606.6856532954
700282.0123340858
699946.6086830372
699600.5479955386
699243.9129058954
698876.7947889757
698499.2931787993
698111.515204955
697713.5750475138
697305.5934109237
696887.6970172122
696460.0181186732
696022.6940300995
695575.8666805063
695119.6821842054
694654.2904310061
694179.8446952559
693696.50126337
693204.4190794617
692703.7594086383
692194.6855175
691677.3623713548
691151.9563476422
690618.6349650443
690077.5666277555
689528.9203843771
688972.8657008966
688409.5722472199
687839.209696718
687261.9475382693
686677.9549002699
686087.4003861087
685490.4519206004
684887.2766068949
684278.0405933801
683662.9089501195
683042.0455543693
682415.6129847463
681783.7724236138
681146.6835672872
680504.5045436581
679857.3918368628
679205.5002186231
678548.9826859173
677887.9904046309
677222.6726588772
676553.1768056647
675879.6482346221
675202.2303324896
674521.0644521108
673836.2898856568
673148.0438418419
672456.4614268856
671761.6756289998
671063.8173061851
670363.0151771262
669659.3958149949
668953.0836439735
668244.2009383191
667532.8678238039
666819.2022813691
666103.3201528399
665385.3351485602
664665.3588568083
663943.5007548634
663219.8682216025
662494.5665515086
661767.6989699822
661039.3666498511
660309.6687289793
659578.7023288837
658846.5625742684
658113.3426133966
657379.1336392174
656644.024911178
655908.1037776502
655171.4556989038
654434.1642705669
653696.3112475164
652957.9765681401
652219.2383789235
651480.1730593091
650740.8552467875
650001.3578621737
649261.7521350295
648522.1076292009
647782.492268424
647042.9723619807
646303.6126303632
645564.4762309226
644825.6247834803
644087.1183958665
643349.0156893777
642611.3738241169
641874.2485242105
641137.6941028746
640401.7634873177
639666.508243466
638931.9786004935
638198.2234751472
637465.2904958538
636733.226026598
636002.0751905635
635271.8818935233
634542.6888469799
633814.537591038
633087.4685170145
632361.5208897664
631636.732869747
630913.1415347728
630190.7829015084
629469.6919466535
628749.9026278452
628031.447904258
627314.3597569109
626598.6692086748
625884.40634398
625171.600328226
624460.2794268901
623750.4710243368
623042.2016423289
622335.4969582385
621630.3818229632
620926.8802785462
620225.0155754985
619524.8101898332
618826.2858398062
618129.4635023695
617434.363429337
616741.005163268
616049.4075530671
615359.5887693075
614671.5663192765
613985.3570617493
613300.9772214916
612618.442403496
611937.7676069534
611258.9672389644
610582.0551279923
609907.0445370638
609233.948176716
608562.7782176976
607893.5463034258
607226.263562202
606560.9406191896
605897.5876081608
605236.2141830082
604576.8295290349
603919.442374017
603264.060999047
602610.6932491643
601959.3465437659
601310.0278868134
600662.7438768318
600017.5007167052
599374.3042232719
598733.1598367275
598094.0726298298
597457.0473169199
596822.0882627522
596189.1994911454
595558.3846934526
751691.8889192583
751685.4757910359
751676.9847457249
751666.0295337474
751652.2040988901
751635.086823582
751614.2446879947
751589.2372654467
751559.6204967215
751524.9502030179
751484.7853115138
751438.6907791833
751386.2402098487
751327.0181667738
751260.6221887068
751186.6645214376
751104.7735798903
751014.5951577489
750915.7934027998
750808.0515767421
750691.0726182985
750564.5795281505
750428.315593666
750282.0444706023
750125.5501380663
749958.6367420111
749781.1283415004
749592.8685709176
749393.7202302278
749183.5648143716
748962.301991876
748729.8490418007
748486.1402572574
748231.1263228721
747964.773672787
747687.0638350564
747397.992767622
747097.5701904268
746785.8189176567
746462.7741935932
746128.4830350719
745783.0035831295
745426.4044660314
745058.7641755259
744680.1704578636
744290.7197208378
743890.5164578634
743479.672689879
743058.3074256764
742626.5461410796
742184.520277248
741732.3667582497
741270.227527929
740798.2491059977
740316.5821631934
739825.3811152695
739324.8037355286
738815.0107855446
738296.1656636911
737768.4340710428
737231.9836941983
736686.9839045434
736133.6054734619
735572.0203029786
735002.4011713282
734424.9214929148
733839.755092152
733247.0759906489
732647.0582072329
732039.8755702871
731425.701541905
730804.7090533561
730177.0703513831
729542.9568548457
728902.5390212544
728255.9862227341
727603.4666309843
726945.1471108054
726281.1931217783
725611.7686277005
724937.0360133923
724257.156008497
723572.2876179263
722882.588058594
722188.2127021191
721489.3150231701
720786.0465531518
720078.5568389377
719366.9934063695
718651.5017282566
717932.2251966182
717209.3050989179
716482.8805980656
715753.088715955
715020.0643203295
714283.9401147658
713544.8466315896
712802.9122275338
712058.2630819634
711311.0231975041
710561.3144029086
709809.2563580188
709054.9665606733
708298.5603554258
707540.1509439469
706779.8493969862
706017.7646677785
705254.003606782
704488.6709776474
703721.86947432
702953.6997391749
702184.2603821071
701413.6480004853
700641.9571998927
699869.2806155825
699095.7089345768
698321.3309183418
697546.233425978
696770.501437867
695994.2180797186
695217.4646469684
694440.320629473
693662.8637364621
692885.1699217011
692107.3134088237
691329.3667167983
690551.4006854929
689773.4845013024
688995.6857228118
688218.0703064627
687440.7026321965
686663.645529053
685886.9603006954
685110.7067508443
684334.9432085968
683559.726553619
682785.1122411827
682011.1543270443
681237.9054921399
680465.4170670894
679693.7390564946
678922.9201630213
678153.0078112542
677384.048171316
676616.0861822387
675849.1655750867
675083.3288958175
674318.617527878
673555.0717145285
672792.7305808909
672031.6321557178
671271.8133928771
670513.3101925502
669756.1574221384
669000.3889368812
668246.0376001789
667493.1353036216
666741.7129867228
665991.8006563567
665243.4274058997
664496.6214340763
663751.4100635095
663007.8197589768
662265.8761453715
661525.6040253725
660787.0273968246
660050.1694698241
659315.0526835249
658581.698722652
657850.1285337356
657120.3623410622
656392.4196623493
655666.3193241414
654942.0794769354
654219.7176100332
653499.2505661277
652780.6945556245
652064.0651707009
651349.3773991063
650636.6456377081
649925.8837057847
649217.1048580699
648510.321797549
647805.5466880179
647102.7911663969
646402.066354813
645703.3828724476
645006.7508471564
644312.1799268628
643619.6792907291
642929.2576601092
642240.9233092857
641554.6840759953
640870.5473717434
640188.5201919156
639508.6091256874
638830.8203657316
638155.1597177343
637481.6326097162
636810.2441011663
636140.9988919884
800035.632122859
800029.1720370124
800020.6130922154
800009.5628719486
799995.6082008879
799978.3193955965
799957.2544457652
799931.9630465223
799901.9904222805
799866.8808996184
799826.1812010246
799779.4434430732
799726.2278321241
799666.1050581378
799598.6583930034
799523.4855041445
799440.1999973076
799348.4327046233
799247.8327353725
799138.0683076307
799018.8273791688
798889.8180958285
798750.7690751166
798601.4295420919
798441.5693337794
798270.9787874207
798089.4685268662
797896.8691604142
797693.0309023518
797477.8231294673
797251.1338828122
797012.8693240568
796762.9531548837
796501.3260070371
796227.9448098333
795942.7821412297
795645.8255678474
795337.0769787318
795016.5519170491
794684.2789133961
794340.2988239202
793984.6641760042
793617.4385238908
793238.695816246
792848.5197773594
792447.0033033744
792034.2478747
791610.3629855148
791175.465591077
790729.6795733682
790273.1352254449
789805.9687547311
789328.3218053526
788840.3409995239
788342.1774978923
787833.986578665
787315.9272352863
786788.1617923634
786250.8555394906
785704.1763825917
785148.2945123547
784583.3820893085
784009.6129450795
783427.1622993349
782836.2064919198
782236.9227296828
781629.4888474774
781014.083082833
780390.8838637845
779760.0696093497
779121.8185421627
778476.3085127625
777823.7168350556
777164.2201324725
776497.9941943594
775825.213842147
775146.0528048531
774460.6836034962
773769.2774439931
773072.0041181487
772369.0319123364
771660.5275234996
770946.6559821048
770227.5805816998
769503.4628147339
768774.4623143208
768040.7368016263
767302.4420385852
766559.7317856565
765812.7577643429
765061.6696242106
764306.6149141531
763547.7390576656
762785.1853318852
762019.0948501921
761249.6065481463
760476.8571725693
759700.9812735739
758922.1111993598
758140.3770936022
757355.9068952657
756568.8263406908
755779.2589677923
754987.3261222421
754193.1469654869
753396.8384844806
752598.5155030058
751798.2906944713
750996.2745960711
750192.5756242068
749387.3000910697
748580.552222292
747772.4341755778
746963.0460602294
746152.485957494
745340.8499416478
744528.2321017584
743714.7245640471
742900.4175147979
742085.399223747
741269.7560679036
740453.5725557401
739636.931351715
738819.9133010688
738002.5974548596
737185.0610951901
736367.3797605936
735549.6272715357
734731.8757560066
733914.1956751633
733096.6558490003
732279.3234820148
731462.2641888426
730645.5420198452
729829.2194866153
729013.3575873917
728198.015832357
727383.2522688005
726569.1235061326
725755.6847407331
724942.9897806221
724131.0910699342
723320.0397131935
722509.8854993694
721700.6769257083
720892.4612213317
720085.2843705909
719279.1911361705
718474.2250819389
717670.4285955309
716867.8429106659
716066.5081291927
715266.4632428576
714467.7461547898
713670.3937007069
712874.4416698322
712079.924825526
711286.876925624
710495.3307424881
709705.3180827643
708916.8698068483
708130.0158480586
707344.7852315174
706561.2060927405
705779.3056959349
704999.1104520074
704220.6459362811
703443.9369059305
702669.0073171232
701895.8803418817
701124.578384662
700355.123098652
699587.5354017899
698821.83549251
698058.0428652122
697296.176325463
696536.2540049275
695778.2933760358
695022.3112663884
694268.3238729013
693516.346775693
692766.3949517217
692018.4827881695
691272.6240955796
690528.8321207513
689787.1195593912
689047.4985685307
688309.9807787047
687574.5773059049
686841.2987632992
686110.155272732
685381.1564759988
684654.3115459082
683929.629197125
683207.1176968019
682486.7848750085
681768.6381349501
681052.6844629865
680338.9304384546
679627.3822432944
678918.0456714836
850835.1180821548
850828.6119196733
850819.9862981125
850808.8427073433
850794.7609270352
850777.3032797455
850756.0188311771
850730.4474562906
850700.1237096834
850664.5804556195
850623.352227422
850575.9782977948
850522.0054512921
850460.9904578307
850392.5022521379
850316.123828582
850231.4538641806
850138.1080849202
850035.7203920726
849923.9437660509
849802.4509657234
849670.9350410491
849529.1096765429
849376.7093824926
849213.4895501042
849039.2263858746
848853.7167395632
848656.7778391562
848448.2469452269
848227.9809361191
847995.8558344186
847751.7662842601
847495.6249881259
847227.362110966
846946.9246586736
846654.2758372253
846349.3943981057
846032.2739750027
845702.9224161882
845361.3611164516
845007.6243519781
844641.7586211076
844263.8219935158
843873.8834699871
843472.0223546226
843058.327641027
842632.8974137543
842195.8382660478
841747.2647347087
841287.2987527226
840816.069120122
840333.7109934003
839840.3653936731
839336.1787336656
838821.3023634996
838295.8921351745
837760.1079855617
837214.1135376645
836658.0757198392
836092.1644026386
835516.5520528863
834931.4134045714
834336.925146119
833733.2656235803
833120.6145592635
832499.15278532
831869.0619917939
831230.5244886372
830583.7229811896
829928.8403586306
829266.0594949069
828595.563061648
827917.5333525889
827232.1521190241
826539.6004158353
825840.0584576301
825133.705484555
824420.7196373495
823701.2778412204
822975.5556981303
822243.7273871041
821505.9655721734
820762.4413175869
820013.3240099302
819258.7812868136
818498.9789717938
817734.0810152112
816964.249440635
816189.6442966241
815410.4236135186
814626.7433649902
813838.7574340944
813046.61758357
812250.4734301534
811450.4724226778
810646.7598237332
809839.4786946913
809028.7698838832
808214.7720177497
807397.6214947782
806577.4524820555
805754.3969142712
804928.5844950177
804100.1427002326
803269.1967836482
802435.8697841075
801600.282534624
800762.5536730572
799922.7996542953
799081.134763832
798237.671132629
797392.5187531767
796545.7854966475
795697.5771310612
794847.9973403764
793997.147744427
793145.1279196292
792292.0354203935
791437.9658011642
790583.0126390328
789727.2675568607
788870.8202468561
788013.758494552
787156.1682031337
786298.1334180732
785439.7363520184
784581.057409906
783722.1752142458
782863.1666305544
782004.10679289
781145.0691294661
780286.1253883074
779427.3456629247
778568.798417976
777710.5505148965
776852.6672374692
775995.2123173147
775138.2479592848
774281.8348667346
773426.0322666622
772570.8979346963
771716.4882199174
770862.8580695015
770010.0610531681
769158.1493874295
768307.1739596224
767457.1843517172
766608.2288638958
765760.3545378862
764913.6071800535
764068.0313842322
763223.670554304
762380.566926506
761538.7615914705
760698.2945159934
759859.2045645233
759021.5295203713
758185.3061066403
757350.5700068645
756517.3558853704
755685.6974073445
754855.6272586156
754027.1771651473
753200.377912244
752375.259363464
751551.850479249
750730.1793352625
749910.2731404416
749092.1582547654
748275.8602067372
747461.4037105825
746648.8126831697
745838.110260647
745029.3188148047
744222.4599691624
743417.5546147799
742614.6229258026
741813.6843747342
741014.7577474468
740217.8611579264
739423.01206276
738630.2272753636
737839.5229799583
737050.9147452922
736264.4175381158
735480.0457364117
734697.8131423827
733917.7329951989
733139.8179835111
732364.08025773
731590.5314420765
730819.1826464051
730050.0444778046
729283.1270519792
728518.4400044113
727755.9925013136
726995.7932503672
726237.8505112563
725482.172105997
724728.7654290658
723977.6374573306
904182.7342038202
904176.1828236671
904167.491719468
904156.256360449
904142.0495554653
904124.425705574
904102.9250202723
904077.0776143675
904046.407421943
904010.4358807623
903968.6853547853
903920.6822743954
903865.9599837224
903804.061292272
903734.5407342577
903656.9665437626
903570.9223573926
903476.0086586032
903371.8439795848
903258.0658776275
903134.3317033707
903000.3191784323
902855.7267996588
902700.274086745
902533.7016893025
902355.7713686603
902166.2658687962
901964.9886898719
901751.7637768983
901526.4351350976
901288.8663826076
901038.9402502525
900776.5580372455
900501.6390308532
900214.119897273
899913.9540502409
899601.1110031989
899275.5757102228
898937.3479003175
898586.4414091514
898222.8835118013
897846.714259633
897457.985824021
897056.7618492476
896643.1168165719
896217.1354211606
895778.9119632887
895328.5497549865
894866.1605430635
894391.8639492678
893905.7869281437
893408.0632430095
892898.8329603253
892378.2419626152
891846.4414799865
891303.5876402088
890749.8410372251
890185.3663179065
889610.3317867949
889024.9090285362
888429.272547649
887823.599425262
887208.068992395
886582.8625193656
885948.1629208574
885304.1544761907
884651.022564319
883988.9534130719
883318.1338621504
882638.7511394009
881950.9926498701
881255.0457771701
880551.0976966711
879839.3352000517
879119.9445307504
878393.1112298593
877659.0199920207
876917.8545308928
876169.7974537609
875415.0301448879
874653.7326572028
873886.0836119403
873112.260105861
872332.4376256859
871546.7899694002
870755.4891740823
869958.7054499427
869156.6071202505
868349.3605668509
867537.1301809826
866720.0783191178
865898.3652635576
865072.149187525
864241.5861245124
863406.8299416485
862568.032316855
861725.3427195864
860878.9083949378
860028.8743509307
859175.3833487863
858318.5758960071
857458.5902420958
856595.5623767509
855729.6260303801
854860.9126767828
853989.5515378707
853115.6695902754
852239.3915737319
851360.8400011067
850480.1351699599
849597.3951755295
848712.7359250346
847826.2711532018
846938.1124389151
846048.3692229072
845157.1488264047
844264.5564706466
843370.695297205
842475.6663890318
841579.5687921675
840682.4995380482
839784.5536663461
838885.8242482939
837986.402410434
837086.3773587433
836185.8364030865
835284.8649819524
834383.5466874319
833481.9632903957
832580.1947658393
831678.3193183494
830776.4134076745
829874.5517743548
828972.8074653884
828071.2518599088
827169.9546948412
826268.9840905243
825368.4065762626
824468.2871158023
823568.6891326992
822669.6745355703
821771.3037432067
820873.635709535
819976.7279484121
819080.6365582412
818185.4162463974
817291.1203534462
816397.8008771561
815505.508496283
814614.2925941292
813724.2012818597
812835.2814215762
811947.5786491401
811061.137396736
810176.0009151751
809292.2112959315
808409.8094929087
807528.8353439313
806649.3275919617
805771.3239060361
804894.8609019212
804019.9741624877
803146.6982577991
802275.0667649177
801405.1122874228
800536.8664746478
799670.3600406275
798805.6227827626
797942.6836001996
797081.5705119282
796222.3106745929
795364.9304000278
794509.4551725084
793655.9096657259
792804.3177594859
791954.7025561314
791107.086396695
790261.4908767786
789417.9368621673
788576.4445041764
787737.0332547363
786899.7218812155
786064.5284809879
785231.4704957436
784400.564725547
783571.8273426484
782745.2739050448
781920.9193698025
781098.7781061333
780278.8639082387
779461.1900079171
778645.7690869395
777832.6132891976
777021.734232628
776213.1430209124
775406.8502549608
774602.866044178
773801.200017518
773001.8613343298
772204.8586949963
771410.2003513685
960173.1563760606
960166.5606157886
960157.8051951779
960146.4796353531
960132.1498485521
960114.362387369
960092.6486740229
960066.5291250062
960035.5171057358
959999.1226665854
959956.8560259965
959908.2307783605
959852.7668142385
959789.9929484819
959719.4492581489
959640.6891370298
959553.2810772966
959456.8101914874
959350.8794899079
959235.1109296964
959109.1462524491
958972.6476274901
958825.2981177346
958666.8019846996
958496.8848486198
958315.2937189047
958121.7969093501
957916.1838516302
957698.2648196998
957467.8705768045
957224.8519558924
956969.0793833347
956700.4423550039
956418.8488729337
956124.2248500192
955816.5134894749
955495.6746450886
955161.684167668
954814.5332424924
954454.2277220214
954080.7874576353
953694.245633689
953294.6481067742
952882.0527526747
952456.5288231707
952018.1563145199
951567.0253491693
951103.2355719847
950626.8955620703
950138.122261025
949637.0404183177
949123.7820542848
948598.4859411232
948061.2971021044
947512.3663291453
946951.8497187516
946379.9082262772
945796.7072383623
945202.416163346
944597.2080394012
943981.2591600851
943354.7487169622
942717.8584589204
942070.7723677832
941413.6763497847
940746.7579424675
940070.2060365505
939384.2106122969
938688.9624899137
937984.6530935087
937271.4742281315
936549.6178694188
935819.2759653863
935080.6402498882
934333.9020672971
933579.2522079479
932816.8807539033
932046.9769346149
931269.7289920434
930485.3240548432
929693.9480211965
928895.7854499135
928091.0194594208
927279.8316342684
926462.4019388051
925638.9086376758
924809.5282228149
923974.4353466089
923133.8027609305
922287.8012617397
921436.5996389725
920580.3646314439
919719.2608864955
918853.4509241452
917983.0951054909
917108.3516051384
916229.3763874278
915346.323186256
914459.3434882782
913568.5865193045
912674.1992337024
911776.3263066255
910875.1101289033
909970.6908044278
909063.2061498811
908152.7916966642
907239.5806948756
906323.7041192193
905405.2906767034
904484.4668160189
903561.3567384742
902636.0824103856
901708.7635768116
900779.5177765395
899848.4603582241
898915.7044975978
897981.3612156574
897045.5393977623
896108.3458135498
895169.8851376151
894230.2599708742
893289.5708625515
892347.9163327321
891405.3928954181
890462.0950820373
889518.1154653532
888573.5446837265
887628.4714656817
886682.9826547425
885737.1632344855
884791.0963537822
883844.8633521908
882898.5437854627
881952.2154511362
881005.9544141819
880059.8350326784
879113.929983489
878168.310287912
877223.0453372921
876278.2029185568
875333.8492396715
874390.0489549899
873446.8651904776
872504.3595688024
871562.5922342673
870621.6218775811
869681.5057604478
868742.299739964
867804.0582928155
866866.8345392662
865930.6802669197
864995.6459542582
864061.7807939425
863129.1327158706
862197.7484099873
861267.6733488378
860338.9518098658
859411.6268974437
858485.7405646396
857561.3336347116
856638.4458223298
855717.1157545222
854797.3809913419
853879.2780462587
852962.8424062658
852048.1085517098
851135.1099758343
850223.8792040454
849314.4478128937
848406.8464487741
847501.1048463455
846597.2518466698
845695.3154150712
844795.3226587186
843897.2998439292
843001.2724131995
842107.2650019593
841215.3014550582
840325.4048429788
839437.5974777854
838551.9009288037
837668.3360380412
836786.9229353443
835907.6810532985
835030.6291418744
834155.7852828173
833283.1669037897
832412.7907922658
831544.6731091816
830678.8294023413
829815.2746195896
828954.0231217421
828095.0886952891
827238.484564866
826384.223405497
825532.3173546165
824682.7780238694
823835.6165106943
822990.8434096904
822148.4688237751
821308.502375133
1.018903376965602e6
1.0188967376419536e6
1.018887919043948e6
1.0188765048166804e6
1.0188620540498957e6
1.0188441055211889e6
1.0188221819354383e6
1.0187957940743224e6
1.0187644447888028e6
1.0187276327840589e6
1.0186848561606827e6
1.0186356156879412e6
1.0185794177949165e6
1.0185157772734431e6
1.0184442196932546e6
1.0183642835348353e6
1.0182755220493405e6
1.0181775048578164e6
1.0180698193039662e6
1.0179520715760331e6
1.0178238876141498e6
1.0176849138198092e6
1.0175348175840885e6
1.0173732876509605e6
1.0172000343315025e6
1.0170147895841744e6
1.0168173069755612e6
1.0166073615351524e6
1.0163847495168629e6
1.0161492880791057e6
1.0159008148943548e6
1.0156391876982652e6
1.0153642837875634e6
1.0150759994751356e6
1.0147742495099534e6
1.0144589664687541e6
1.01413010012571e6
1.0137876168056849e6
1.0134314987260723e6
1.0130617433316746e6
1.0126783626265525e6
1.0122813825063353e6
1.0118708420940264e6
1.0114467930819718e6
1.0110092990822868e6
1.0105584349877164e6
1.0100942863446256e6
1.0096169487395287e6
1.009126527200351e6
1.0086231356133817e6
1.0081068961567059e6
1.0075779387507172e6
1.0070364005261646e6
1.0064824253100564e6
1.0059161631296187e6
1.005337769734405e6
1.0047474061365536e6
1.0041452381691274e6
1.0035314360623701e6
1.002906174037686e6
1.0022696299190725e6
1.0016219847617059e6
1.0009634224973365e6
1.0002941295961206e6
999614.2947444913
998924.108538652
998223.7631932534
997513.452264812
996793.3703894145
996063.7130342459
995324.6762624808
994576.4565110696
993819.2503809643
993053.2544393208
992278.665033223
991495.6781144862
990704.4890750943
989905.2925928417
989098.2824867578
988283.6515819007
987461.591583112
986632.2929573524
985795.9448242245
984952.734854319
984102.8491750273
983246.4722834666
982383.7869661913
981514.9742253548
980640.2132110209
979759.6811593127
978873.5533361126
977982.0029860376
977085.2012864123
976183.3173059861
975276.5179681494
974364.9680184008
973448.8299958475
972528.2642085134
971603.4287122451
970674.4792930186
969741.5694524521
968804.8503963406
967864.4710260374
966920.5779325161
965973.3153929507
965022.8253696614
964069.2475112813
963112.7191560034
962153.3753367781
961191.3487883299
960226.7699558792
959259.7670054499
958290.465835657
957318.9900908675
956345.4611756423
955369.9982703552
954392.7183479127
953413.7361914812
952433.1644131438
951451.1134734133
950467.6917015288
949483.0053164631
948497.1584485836
947510.2531619008
946522.3894768492
945533.665393542
944544.1769154541
943554.0180734793
942563.2809503183
941572.0557051537
940580.4305985698
939588.4920176815
938596.324501431
937604.0107660259
936611.6317304764
935619.266542212
934626.9926027403
933634.8855933272
932643.0195006726
931651.4666425542
930660.2976934239
929669.5817099317
928679.3861563592
927689.7769299477
926700.8183860983
925712.5733634379
924725.1032087256
923738.4678015965
922752.7255791256
921767.9335602003
920784.1473696933
919801.4212624255
918819.8081469102
917839.3596088698
916860.1259345206
915882.1561336146
914905.4979622371
913930.197945353
912956.3013990942
911983.8524527897
911012.8940707294
910043.4680736621
909075.615160023
908109.3749268869
907144.7858906501
906181.8855074361
905220.7101932216
904261.2953436872
903303.6753537888
902347.8836370511
901393.9526445802
900441.9138838013
899491.7979369148
898543.6344790774
897597.4522963078
896653.2793031152
895711.1425598537
894771.0682898081
893833.0818960048
892897.2079777562
891963.4703469377
891031.8920439982
890102.495353712
889175.3018206637
888250.332264482
887327.6067948114
886407.144826036
885488.9650917476
884573.0856589703
883659.5239421367
882748.2967168234
881839.4201332442
880932.9097295104
880028.780444652
879127.046631412
878227.7220688112
877330.8199744865
876436.3530168064
875544.3333267721
874654.7725096948
873767.6816566659
1.0804727328146885e6
1.08046605072418e6
1.0804571700612651e6
1.0804456686665625e6
1.0804310988813057e6
1.080412991781883e6
1.0803908614266529e6
1.0803642090274948e6
1.0803325269773058e6
1.080295302681161e6
1.0802520221530746e6
1.0802021733523724e6
1.0801452492437465e6
1.0800807505732942e6
1.080008188359492e6
1.0799270861032698e6
1.0798369817254115e6
1.0797374292425048e6
1.0796280001948448e6
1.0795082848411673e6
1.0793778931359858e6
1.0792364555057415e6
1.0790836234400566e6
1.0789190699141738e6
1.0787424896582377e6
1.078553599288478e6
1.0783521373146807e6
1.078137864037519e6
1.0779105613485228e6
1.077670032444584e6
1.0774161014680727e6
1.07714861308276e6
1.076867431994942e6
1.0765724424283567e6
1.076263547560718e6
1.0759406689289734e6
1.0756037458097152e6
1.075252734580521e6
1.074887608067423e6
1.0745083548831304e6
1.0741149787601368e6
1.0737074978823531e6
1.0732859442184856e6
1.0728503628599788e6
1.0724008113659662e6
1.0719373591173666e6
1.0714600866819352e6
1.0709690851918273e6
1.0704644557349726e6
1.0699463087613527e6
1.06941476350505e6
1.0688699474227885e6
1.0683119956495035e6
1.0677410504713443e6
1.0671572608163916e6
1.0665607817632526e6
1.065951774067605e6
1.0653304037066675e6
1.0646968414415095e6
1.064051262397034e6
1.0633938456594287e6
1.0627247738908073e6
1.062044232960748e6
1.0613524115943932e6
1.0606495010367201e6
1.0599356947326153e6
1.0592111880223302e6
1.0584761778518897e6
1.0577308624980203e6
1.0569754413071573e6
1.0562101144480682e6
1.0554350826776559e6
1.0546505471194733e6
1.053856709054513e6
1.053053769723807e6
1.0522419301424152e6
1.0514213909243443e6
1.0505923521179792e6
1.0497550130516049e6
1.048909572188602e6
1.0480562269919129e6
1.0471951737973857e6
1.0463266076956148e6
1.045450722421899e6
1.0445677102539615e6
1.0436777619170741e6
1.0427810664962542e6
1.0418778113551957e6
1.0409681820616208e6
1.0400523623187466e6
1.0391305339025672e6
1.0382028766046675e6
1.0372695681802904e6
1.0363307843014001e6
1.035386698514478e6
1.0344374822028127e6
1.0334833045530474e6
1.032524332525758e6
1.0315607308298503e6
1.0305926619005619e6
1.0296202858808788e6
1.0286437606061675e6
1.0276632415918504e6
1.0266788820239434e6
1.0256908327522911e6
1.0246992422863458e6
1.0237042567933284e6
1.0227060200986388e6
1.0217046736883675e6
1.0207003567137801e6
1.0196932059976526e6
1.0186833560423333e6
1.0176709390394165e6
1.0166560848809257e6
1.015638921171896e6
1.0146195732442613e6
1.0135981641719535e6
1.01257481478712e6
1.0115496436973831e6
1.0105227673040516e6
1.0094942998212196e6
1.0084643532956686e6
1.007433037627515e6
1.0064004605915277e6
1.0053667278590687e6
1.0043319430205815e6
1.0032962076085857e6
1.0022596211211198e6
1.0012222810455813e6
1.0001842828829238e6
999145.7201721627
998106.6845151458
997067.2656015557
996027.5512341047
994987.6273538831
993947.578065836
992907.4856643309
991867.4306587916
990827.4917993683
989787.7461026236
988748.2688771999
987709.133749459
986670.4126890625
985632.1760344816
984594.4925184082
983557.4292930614
982521.0519553653
981485.4245719868
980450.6097042189
979416.6684326981
978383.6603819409
977351.6437446936
976320.6753060804
975290.8104675441
974262.103270568
973234.6064201752
972208.3713081956
971183.4480362934
970159.8854387541
969137.7311050171
968117.031401962
967097.8314959308
966080.1753744924
965064.1058679442
964049.6646705418
963036.8923614655
962025.8284255095
961016.5112735063
960008.9782624674
959003.2657154611
957999.4089412031
956997.4422533814
955997.3989896993
954999.311530648
954003.211318
953009.1288730315
952017.0938144707
951027.1348761743
950039.2799245317
949053.5559756024
948069.9892119826
947088.6049994078
946109.4279030912
945132.4817037971
944157.7894136577
943185.3732917286
942215.2548592908
941247.4549148973
940281.9935491708
939318.8901593505
938358.1634635949
937399.8315150391
936443.9117156146
935490.4208296279
934539.3749971052
933590.789746904
932644.6800095987
931701.0601301325
930759.9438802524
929821.3444707199
928885.2745633022
1.144982933238081e6
1.1449762091575742e6
1.1449672675163706e6
1.14495568042161e6
1.1449409935397848e6
1.144922730320107e6
1.1449003962460062e6
1.1448734830259376e6
1.1448414726531482e6
1.144803841280397e6
1.144760062869792e6
1.144709612589996e6
1.1446519699431693e6
1.1445866216123654e6
1.1445130640268729e6
1.1444308056483634e6
1.1443393689849076e6
1.1442382923430756e6
1.1441271313306799e6
1.144005460124307e6
1.1438728725168284e6
1.143728982760622e6
1.1435734262224496e6
1.1434058598657774e6
1.1432259625760245e6
1.1430334353436835e6
1.1428280013196408e6
1.1426094057562721e6
1.1423774158471306e6
1.1421318204772142e6
1.1418724298949842e6
1.1415990753164673e6
1.1413116084709975e6
1.1410099010973347e6
1.1406938443981665e6
1.1403633484602927e6
1.1400183416470743e6
1.1396587699691437e6
1.1392845964387255e6
1.1388958004123995e6
1.1384923769265926e6
1.1380743360296257e6
1.1376417021136929e6
1.1371945132497526e6
1.1367328205279305e6
1.136256687405704e6
1.1357661890658278e6
1.1352614117856813e6
1.1347424523194563e6
1.1342094172943917e6
1.1336624226220357e6
1.1331015929253513e6
1.1325270609822923e6
1.1319389671863464e6
1.1313374590244058e6
1.130722690572194e6
1.1300948220073988e6
1.129454019140545e6
1.128800452963577e6
1.1281342992160365e6
1.1274557379686835e6
1.1267649532243183e6
1.126062132535556e6
1.125347466639241e6
1.1246211491071645e6
1.1238833760127248e6
1.1231343456131415e6
1.1223742580468166e6
1.121603315045432e6
1.1208217196603515e6
1.1200296760028882e6
1.1192273889980044e6
1.118415064150996e6
1.1175929073267218e6
1.116761124540937e6
1.1159199217632927e6
1.115069504731567e6
1.1142100787767065e6
1.1133418486582502e6
1.1124650184097334e6
1.1115797911936562e6
1.1106863691656338e6
1.1097849533473377e6
1.1088757435078456e6
1.1079589380530547e6
1.1070347339227777e6
1.1061033264952013e6
1.1051649094983605e6
1.1042196749283052e6
1.1032678129736567e6
1.1023095119462414e6
1.1013449582175217e6
1.1003743361605315e6
1.0993978280970547e6
1.0984156142497868e6
1.0974278726992214e6
1.0964347793450255e6
1.0954365078716774e6
1.0944332297181333e6
1.0934251140513187e6
1.0924123277432371e6
1.0913950353515008e6
1.0903733991030918e6
1.0893475788811797e6
1.0883177322148215e6
1.087284014271373e6
1.0862465778514682e6
1.0852055733863995e6
1.0841611489377685e6
1.083113450199264e6
1.0820626205004358e6
1.0810088008123392e6
1.079952129754941e6
1.0788927436061539e6
1.0778307763124101e6
1.0767663595006613e6
1.0756996224917069e6
1.0746306923147633e6
1.0735596937231782e6
1.0724867492112091e6
1.0714119790317877e6
1.0703355012151883e6
1.0692574315885357e6
1.068177883796075e6
1.067096969320145e6
1.0660147975027913e6
1.0649314755679597e6
1.063847108644215e6
1.0627617997879335e6
1.0616756500069178e6
1.0605887582843883e6
1.0595012216033074e6
1.0584131349709912e6
1.0573245914439731e6
1.0562356821530813e6
1.05514649632869e6
1.0540571213261196e6
1.0529676426511453e6
1.0518781439855914e6
1.0507887072129813e6
1.0496994124442162e6
1.048610338043261e6
1.0475215606528085e6
1.0464331552199085e6
1.0453451950215354e6
1.0442577516900772e6
1.0431708952387313e6
1.0420846940867841e6
1.0409992150847678e6
1.039914523539471e6
1.0388306832387983e6
1.0377477564764599e6
1.0366658040764866e6
1.0355848854175502e6
1.0345050584570917e6
1.0334263797552375e6
1.0323489044985035e6
1.0312726865232735e6
1.0301977783390494e6
1.0291242311514673e6
1.0280520948850681e6
1.0269814182058253e6
1.025912248543422e6
1.0248446321132709e6
1.0237786139382785e6
1.0227142378703463e6
1.0216515466116089e6
1.0205905817354067e6
1.0195313837069895e6
1.0184739919039516e6
1.0174184446363959e6
1.0163647791668265e6
1.015313031729769e6
1.01426323755112e6
1.0132154308672219e6
1.0121696449436692e6
1.0111259120938372e6
1.0100842636971467e6
1.009044730217054e6
1.0080073412187712e6
1.0069721253867224e6
1.0059391105417309e6
1.004908323657939e6
1.0038797908794697e6
1.0028535375368231e6
1.0018295881630111e6
1.0008079665094413e6
999788.6955615369
998771.7975541092
997757.2939864756
996745.2056373308
995735.552579369
994728.3541936654
993723.629183813
992721.3955898235
991721.670801789
990724.4715733133
989729.8140347108
988737.7137059763
987748.1855095323
986761.2437827516
1.212538088020049e6
1.2125313227073085e6
1.212522321149229e6
1.2125106497898733e6
1.212495847694499e6
1.2124774307593217e6
1.2124548959650896e6
1.2124277255844423e6
1.2123953912712475e6
1.2123573579762557e6
1.2123130876475433e6
1.2122620426862729e6
1.212203689138477e6
1.2121374996120452e6
1.2120629559149286e6
1.2119795514161563e6
1.2118867931355392e6
1.2117842035712842e6
1.2116713222771946e6
1.2115477072028723e6
1.2114129358115112e6
1.2112666059905193e6
1.2111083367705136e6
1.2109377688682142e6
1.2107545650684845e6
1.2105584104603492e6
1.2103490125412194e6
1.2101261012029068e6
1.2098894286122534e6
1.2096387689984303e6
1.209373918358171e6
1.209094694089394e6
1.2088009345629031e6
1.2084924986410586e6
1.2081692651515927e6
1.2078311323240262e6
1.2074780171954683e6
1.2071098549919447e6
1.2067265984908105e6
1.2063282173692216e6
1.2059146975431626e6
1.2054860405009885e6
1.2050422626350482e6
1.2045833945745088e6
1.204109480522139e6
1.203620577597468e6
1.2031167551884004e6
1.2025980943131212e6
1.2020646869938092e6
1.2015166356434943e6
1.2009540524671422e6
1.2003770588778816e6
1.1997857849291023e6
1.199180368762997e6
1.1985609560759994e6
1.1979276996014232e6
1.1972807586095033e6
1.1966202984249652e6
1.1959464899621282e6
1.1952595092774942e6
1.1945595371397093e6
1.1938467586167154e6
1.1931213626798687e6
1.19238354182476e6
1.1916334917084265e6
1.190871410802629e6
1.1900975000628287e6
1.189311962612485e6
1.1885150034422795e6
1.1877068291238549e6
1.186887647537645e6
1.1860576676143827e6
1.185217099089839e6
1.1843661522723718e6
1.1835050378228494e6
1.1826339665465173e6
1.181753149196381e6
1.1808627962876842e6
1.1799631179230602e6
1.1790543236279562e6
1.1781366221959128e6
1.1772102215433226e6
1.1762753285732607e6
1.175332149048031e6
1.174380887470048e6
1.1734217469706973e6
1.172454929206838e6
1.1714806342645937e6
1.1704990605701231e6
1.169510404807037e6
1.1685148618401662e6
1.167512624645385e6
1.166503884245193e6
1.1654888296497948e6
1.1644676478033983e6
1.1634405235354833e6
1.1624076395167958e6
1.1613691762198168e6
1.1603253118835e6
1.1592762224820373e6
1.158222081697453e6
1.1571630608958274e6
1.1560993291069467e6
1.1550310530072022e6
1.153958396905555e6
1.1528815227323975e6
1.151800590031154e6
1.1507157559524537e6
1.149627175250738e6
1.14853500028315e6
1.1474393810105796e6
1.1463404650007251e6
1.1452383974330504e6
1.1441333211055244e6
1.143025376443019e6
1.1419147015072687e6
1.140801432008281e6
1.1396857013171043e6
1.1385676404798594e6
1.1374473782329434e6
1.1363250410193235e6
1.1352007530058427e6
1.1340746361014552e6
1.1329468099763256e6
1.1318173920817177e6
1.1306864976706086e6
1.129554239818971e6
1.1284207294476577e6
1.1272860753448342e6
1.126150384188912e6
1.125013760571926e6
1.1238763070233092e6
1.1227381240340248e6
1.121599310081006e6
1.1204599616518726e6
1.1193201732698746e6
1.1181800375190382e6
1.1170396450694734e6
1.115899084702815e6
1.1147584433377634e6
1.1136178060557025e6
1.1124772561263612e6
1.1113368750334997e6
1.1101967425005923e6
1.109056936516489e6
1.107917533361032e6
1.1067786076306084e6
1.1056402322636216e6
1.1045024785658668e6
1.1033654162357866e6
1.1022291133896057e6
1.1010936365863155e6
1.0999590508525092e6
1.0988254197070452e6
1.0976928051855362e6
1.096561267864649e6
1.0954308668862048e6
1.0943016599810785e6
1.0931737034928778e6
1.0920470524014074e6
1.0909217603459011e6
1.0897978796480235e6
1.0886754613346288e6
1.0875545551602838e6
1.086435209629531e6
1.0853174720189124e6
1.0842013883987276e6
1.08308700365454e6
1.0819743615084204e6
1.0808635045399263e6
1.079754474206818e6
1.0786473108655086e6
1.0775420537912427e6
1.076438741198014e6
1.0753374102582063e6
1.0742380971219717e6
1.0731408369363328e6
1.0720456638640247e6
1.0709526111020595e6
1.0698617109000278e6
1.0687729945781324e6
1.0676864925449518e6
1.0666022343149467e6
1.0655202485256938e6
1.0644405629548626e6
1.0633632045369297e6
1.062288199379634e6
1.0612155727801747e6
1.0601453492411526e6
1.0590775524862632e6
1.0580122054757313e6
1.056949330421501e6
1.0558889488021787e6
1.0548310813777312e6
1.0537757482039407e6
1.0527229686466223e6
1.0516727613956032e6
1.0506251444784692e6
1.0495801352740745e6
1.0485377505258304e6
1.0474980063547612e6
1.2832447354113816e6
1.283237929605615e6
1.2832288691675076e6
1.2832171149478203e6
1.283202199483758e6
1.2831836311927957e6
1.2831608986258e6
1.283133474688309e6
1.2831008207567849e6
1.2830623906326303e6
1.2830176342907767e6
1.282966001391722e6
1.2829069445361188e6
1.2828399222495302e6
1.2827644016919818e6
1.2826798610925758e6
1.282585791913908e6
1.282481700754485e6
1.2823671109999334e6
1.282241564235682e6
1.2821046214350604e6
1.2819558639375668e6
1.2817948942324263e6
1.2816213365626545e6
1.281434837364654e6
1.281235065558014e6
1.281021712699643e6
1.2807944930157945e6
1.2805531433248003e6
1.2802974228626264e6
1.28002711302259e6
1.2797420170197997e6
1.279441959490124e6
1.2791267860327372e6
1.2787963627045592e6
1.2784505754742124e6
1.2780893296424404e6
1.2777125492353197e6
1.277320176375964e6
1.2769121706399075e6
1.2764885083987848e6
1.2760491821564743e6
1.2755941998814007e6
1.2751235843382913e6
1.2746373724222828e6
1.2741356144979384e6
1.273618373745403e6
1.2730857255156382e6
1.2725377566964019e6
1.271974565090406e6
1.2713962588068575e6
1.270802955667385e6
1.270194782627189e6
1.2695718752120738e6
1.2689343769718907e6
1.268282438950772e6
1.2676162191744535e6
1.2669358821548373e6
1.2662415984118904e6
1.2655335440128853e6
1.264811900128898e6
1.264076852608458e6
1.263328591568144e6
1.2625673109999157e6
1.2617932083948953e6
1.2610064843833118e6
1.2602073423902653e6
1.2593959883069615e6
1.2585726301770417e6
1.2577374778976166e6
1.2568907429346044e6
1.256032638051961e6
1.2551633770543835e6
1.2542831745430718e6
1.253392245684117e6
1.252490805989103e6
1.2515790711074907e6
1.2506572566303804e6
1.2497255779052242e6
1.248784249861094e6
1.2478334868440933e6
1.246873502462529e6
1.2459045094414523e6
1.2449267194861847e6
1.2439403431544753e6
1.2429455897369168e6
1.2419426671452774e6
1.2409317818084066e6
1.2399131385753811e6
1.2388869406255786e6
1.2378533893853605e6
1.2368126844510653e6
1.2357650235180282e6
1.2347106023153379e6
1.2336496145460599e6
1.2325822518326777e6
1.2315087036674768e6
1.2304291573676527e6
1.2293437980348945e6
1.2282528085192228e6
1.2271563693868644e6
1.2260546588919675e6
1.224947852951936e6
1.2238361251262138e6
1.2227196465983223e6
1.221598586160981e6
1.2204731102041388e6
1.2193433827057555e6
1.218209565225187e6
1.2170718168990081e6
1.2159302944391507e6
1.2147851521332138e6
1.2136365418468097e6
1.2124846130278353e6
1.2113295127125436e6
1.2101713855333026e6
1.209010373727935e6
1.207846617150538e6
1.2066802532836844e6
1.2055114172519112e6
1.2043402418364082e6
1.2031668574908199e6
1.201991392358085e6
1.200813972288232e6
1.1996347208570624e6
1.1984537593856468e6
1.1972712069605768e6
1.1960871804549017e6
1.1949017945496952e6
1.1937151617561958e6
1.1925273924384683e6
1.1913385948365286e6
1.1901488750899006e6
1.1889583372615362e6
1.1877670833620795e6
1.1865752133744166e6
1.1853828252784817e6
1.184190015076281e6
1.1829968768171004e6
1.1818035026228623e6
1.1806099827136057e6
1.179416405433055e6
1.1782228572742566e6
1.1770294229052525e6
1.1758361851947682e6
1.1746432252378976e6
1.1734506223817538e6
1.1722584542510738e6
1.1710667967737573e6
1.1698757242063205e6
1.168685309159247e6
1.1674956226222266e6
1.1663067339892592e6
1.1651187110836194e6
1.163931620182665e6
1.1627455260424744e6
1.161560491922315e6
1.1603765796089126e6
1.1591938494405355e6
1.158012360330868e6
1.1568321697926722e6
1.1556533339612326e6
1.1544759076175732e6
1.153299944211446e6
1.1521254958840779e6
1.150952613490682e6
1.1497813466227227e6
1.1486117436299238e6
1.1474438516420377e6
1.1462777165903484e6
1.1451133832289171e6
1.143950895155577e6
1.1427902948326538e6
1.1416316236074334e6
1.1404749217323577e6
1.1393202283849611e6
1.1381675816875347e6
1.1370170187265316e6
1.1358685755716993e6
1.1347222872949513e6
1.1335781879889686e6
1.1324363107855387e6
1.1312966878736308e6
1.1301593505172043e6
1.1290243290727572e6
1.127891653006615e6
1.1267613509119549e6
1.1256334505255767e6
1.124507978744415e6
1.123384961641796e6
1.1222644244834434e6
1.1211463917432276e6
1.1200308871186783e6
1.1189179335462356e6
1.1178075532162634e6
1.116699767587826e6
1.115594597403212e6
1.1144920627022323e6
1.1133921828362755e6
1.1122949764821369e6
1.1112004616556088e6
1.3572118701263857e6
1.357205024548771e6
1.3571959062435469e6
1.3571840705372968e6
1.3571690435119795e6
1.3571503261805896e6
1.3571273987373677e6
1.3570997247904437e6
1.3570667555024181e6
1.3570279335801871e6
1.356982697069252e6
1.3569304829197708e6
1.3568707303018833e6
1.356802883656423e6
1.356726395474239e6
1.3566407288031103e6
1.3565453594858414e6
1.3564397781367106e6
1.356323491866182e6
1.356196025765791e6
1.3560569241665169e6
1.3559057516848613e6
1.3557420940713328e6
1.3555655588762222e6
1.3553757759474434e6
1.355172397774927e6
1.3549550996956143e6
1.3547235799725107e6
1.3544775597606464e6
1.3542167829720573e6
1.3539410160512116e6
1.3536500476715197e6
1.3533436883628548e6
1.3530217700792577e6
1.352684145715287e6
1.3523306885787991e6
1.351961291827248e6
1.351575867874012e6
1.3511743477706139e6
1.35075668057017e6
1.350322832676873e6
1.3498727871858224e6
1.3494065432170567e6
1.3489241152472405e6
1.3484255324420468e6
1.3479108379919364e6
1.3473800884536977e6
1.3468333530998183e6
1.346270713277479e6
1.3456922617787092e6
1.3450981022230329e6
1.3444883484536964e6
1.3438631239484262e6
1.3432225612454507e6
1.3425668013854092e6
1.3418959933696096e6
1.3412102936349907e6
1.340509865546021e6
1.3397948789036912e6
1.3390655094716554e6
1.338321938519496e6
1.337564352383056e6
1.336792942041671e6
1.3360079027121342e6
1.3352094334591504e6
1.3343977368220147e6
1.333573018457208e6
1.3327354867965898e6
1.3318853527208327e6
1.3310228292477285e6
1.3301481312349886e6
1.3292614750971405e6
1.3283630785361188e6
1.327453160285141e6
1.3265319398654585e6
1.3255996373555702e6
1.3246564731724805e6
1.3237026678645958e6
1.3227384419158483e6
1.3217640155606442e6
1.3207796086092407e6
1.3197854402831518e6
1.3187817290602082e6
1.3177686925288856e6
1.3167465472515367e6
1.3157155086361645e6
1.3146757908163832e6
1.3136276065392285e6
1.3125711670604812e6
1.3115066820471778e6
1.310434359487002e6
1.3093544056042407e6
1.3082670247820213e6
1.3071724194905374e6
1.3060707902209905e6
1.3049623354249785e6
1.3038472514590772e6
1.302725732534365e6
1.3015979706706498e6
1.300464155655175e6
1.2993244750055736e6
1.298179113936862e6
1.2970282553322744e6
1.2958720797177274e6
1.2947107652397405e6
1.2935444876466186e6
1.2923734202727338e6
1.2911977340257312e6
1.2900175973764996e6
1.2888331763517617e6
1.2876446345291256e6
1.286452133034468e6
1.2852558305415062e6
1.2840558832734379e6
1.282852445006519e6
1.281645667075467e6
1.2804356983805788e6
1.279222685396447e6
1.278006772182187e6
1.2767881003930655e6
1.2755668092934424e6
1.2743430357709352e6
1.273116914351729e6
1.2718885772169384e6
1.2706581542199578e6
1.2694257729047195e6
1.268191558524793e6
1.2669556340632623e6
1.2657181202533075e6
1.264479135599451e6
1.2632387963993878e6
1.261997216766369e6
1.26075450865207e6
1.259510781869905e6
1.2582661441187398e6
1.2570207010069578e6
1.255774556076838e6
1.2545278108292113e6
1.253280564748352e6
1.2520329153270698e6
1.2507849580919775e6
1.249536786628892e6
1.2482884926083488e6
1.2470401658111976e6
1.2457918941542518e6
1.2445437637159745e6
1.2432958587621658e6
1.2420482617716454e6
1.2408010534618946e6
1.2395543128146497e6
1.238308117101422e6
1.2370625419089366e6
1.2358176611644577e6
1.2345735471610075e6
1.2333302705824457e6
1.2320879005284102e6
1.2308465045390984e6
1.2296061486198837e6
1.2283668972657535e6
1.227128813485563e6
1.2258919588260902e6
1.2246563933958916e6
1.2234221758889444e6
1.2221893636080737e6
1.2209580124881514e6
1.2197281771190749e6
1.2184999107685015e6
1.21727326540435e6
1.216048291717059e6
1.214825039141598e6
1.2136035558792264e6
1.2123838889190038e6
1.2111660840590422e6
1.209950185927505e6
1.20873623800334e6
1.2075242826367621e6
1.206314361069463e6
1.205106513454568e6
1.2039007788763288e6
1.2026971953695442e6
1.2014957999387302e6
1.200296628577016e6
1.1990997162847882e6
1.1979050970880585e6
1.1967128040565837e6
1.1955228693217158e6
1.194335324093998e6
1.1931501986804982e6
1.1919675225018864e6
1.1907873241092588e6
1.189609631200704e6
1.1884344706376216e6
1.1872618684607835e6
1.1860918499061554e6
1.1849244394204598e6
1.1837596606765094e6
1.1825975365882812e6
1.1814380893257651e6
1.1802813403295665e6
1.1791273103252735e6
1.1779760193375929e6
1.4345509713398877e6
1.434544086694088e6
1.4345349115113423e6
1.4345229956624995e6
1.4345078588466654e6
1.4344889947465442e6
1.434465875273376e6
1.4344379548084475e6
1.4344046743654648e6
1.4343654656136904e6
1.434319754715567e6
1.4342669659445286e6
1.4342065250589992e6
1.4341378624172204e6
1.4340604158247432e6
1.4339736331123055e6
1.4338769744465165e6
1.4337699143795138e6
1.433651943646602e6
1.4335225707230077e6
1.4333813231524169e6
1.4332277486609654e6
1.4330614160709456e6
1.4328819160287548e6
1.432688861561601e6
1.4324818884772619e6
1.4322606556207938e6
1.4320248450016056e6
1.4317741618036903e6
1.431508334291168e6
1.4312271136205895e6
1.4309302735707362e6
1.4306176101999294e6
1.4302889414401555e6
1.429944106636586e6
1.4295829660404304e6
1.429205400262371e6
1.4288113096932215e6
1.4284006138978577e6
1.4279732509879067e6
1.4275291769781604e6
1.427068365131183e6
1.4265908052941274e6
1.4260965032313534e6
1.4255854799560478e6
1.4250577710636721e6
1.4245134260697572e6
1.42395250775422e6
1.4233750915141338e6
1.4227812647266022e6
1.422171126123171e6
1.4215447851769826e6
1.4209023615037054e6
1.4202439842770752e6
1.4195697916597542e6
1.4188799302500468e6
1.4181745545448957e6
1.4174538264194778e6
1.416717914623606e6
1.4159669942950443e6
1.4152012464897956e6
1.4144208577293137e6
1.4136260195645557e6
1.4128169281567303e6
1.4119937838745352e6
1.4111567909076614e6
1.410306156896289e6
1.4094420925762742e6
1.4085648114397044e6
1.4076745294104756e6
1.4067714645345297e6
1.4058558366843702e6
1.4049278672774816e6
1.4039877790082449e6
1.4030357955929583e6
1.4020721415275552e6
1.401097041857617e6
1.4001107219602773e6
1.399113407337616e6
1.3981053234211346e6
1.397086695386941e6
1.396057747981225e6
1.395018705355661e6
1.3939697909123616e6
1.3929112271579953e6
1.3918432355667285e6
1.390766036451624e6
1.3896798488441578e6
1.3885848903815136e6
1.38748137720134e6
1.386369523843631e6
1.3852495431594513e6
1.3841216462261796e6
1.3829860422689964e6
1.3818429385883322e6
1.3806925404930064e6
1.37953505123879e6
1.3783706719721446e6
1.3771996016788923e6
1.376022037137581e6
1.374838172877314e6
1.373648201139837e6
1.372452311845657e6
1.3712506925640064e6
1.3700435284864437e6
1.368831002403919e6
1.3676132946871067e6
1.3663905832698569e6
1.3651630436355749e6
1.3639308488063896e6
1.3626941693349516e6
1.3614531732987154e6
1.3602080262965658e6
1.3589588914476621e6
1.35770592939236e6
1.3564492982951023e6
1.3551891538491526e6
1.3539256492830676e6
1.35265893536879e6
1.3513891604312782e6
1.350116470359556e6
1.348841008619107e6
1.3475629162655114e6
1.34628233195925e6
1.344999391981589e6
1.3437142302514783e6
1.3424269783433748e6
1.3411377655059393e6
1.3398467186815268e6
1.3385539625264136e6
1.3372596194317015e6
1.3359638095448422e6
1.3346666507917233e6
1.3333682588992738e6
1.3320687474185282e6
1.3307682277481172e6
1.3294668091581287e6
1.3281645988143054e6
1.3268617018025338e6
1.3255582211535955e6
1.3242542578681356e6
1.322949910941825e6
1.3216452773906759e6
1.3203404522764855e6
1.3190355287323827e6
1.317730597988443e6
1.316425749397355e6
1.3151210704601093e6
1.3138166468516898e6
1.31251256244675e6
1.311208899345245e6
1.309905737898011e6
1.308603156732273e6
1.3073012327770554e6
1.3060000412884967e6
1.3046996558750381e6
1.303400148522482e6
1.3021015896189082e6
1.3008040479794298e6
1.299507590870785e6
1.2982122840357542e6
1.2969181917173844e6
1.2956253766830298e6
1.2943339002481815e6
1.2930438223000923e6
1.2917552013211865e6
1.2904680944122446e6
1.2891825573153659e6
1.287898644436695e6
1.2866164088689159e6
1.285335902413499e6
1.2840571756027138e6
1.282780277721386e6
1.2815052568284082e6
1.280232159778e6
1.2789610322407116e6
1.2776919187241688e6
1.2764248625935698e6
1.2751599060919108e6
1.2738970903599618e6
1.2726364554559812e6
1.2713780403751633e6
1.2701218830688344e6
1.2688680204633826e6
1.2676164884789304e6
1.2663673220477446e6
1.265120555132392e6
1.2638762207436338e6
1.262634350958064e6
1.2613949769354886e6
1.26015812893606e6
1.2589238363371443e6
1.2576921276499473e6
1.2564630305358912e6
1.2552365718227306e6
1.2540127775204384e6
1.2527916728368362e6
1.2515732821929858e6
1.2503576292383387e6
1.2491447368656504e6
1.2479346272256565e6
1.5153760306842453e6
1.5153691076569036e6
1.5153598765635183e6
1.5153478818869423e6
1.5153326370153634e6
1.5153136283752595e6
1.5152903196687768e6
1.5152621561216854e6
1.5152285686650653e6
1.5151889779892992e6
1.5151427984226302e6
1.5150894415984964e6
1.5150283198861368e6
1.514958849567679e6
1.5148804537521838e6
1.5147925650230933e6
1.5146946278203893e6
1.5145861005625739e6
1.5144664575165997e6
1.5143351904261003e6
1.5141918099099179e6
1.514035846644035e6
1.5138668523407318e6
1.5136844005391055e6
1.5134880872212003e6
1.5132775312678143e6
1.51305237476775e6
1.5128122831938167e6
1.5125569454583437e6
1.5122860738603505e6
1.511999403935865e6
1.511696694222185e6
1.5113777259461824e6
1.511042302646066e6
1.5106902497353088e6
1.5103214140168086e6
1.5099356631546684e6
1.5095328851104067e6
1.509112987549778e6
1.5086758972258633e6
1.5082215593435357e6
1.5077499369099366e6
1.507261010075124e6
1.506754775466637e6
1.5062312455213093e6
1.505690447817314e6
1.505132424409073e6
1.5045572311673549e6
1.5039649371265916e6
1.503355623841207e6
1.5027293847524733e6
1.5020863245672286e6
1.5014265586495674e6
1.500750212426451e6
1.5000574208080114e6
1.499348327623184e6
1.4986230850711595e6
1.4978818531890498e6
1.4971247993360308e6
1.496352097694146e6
1.495563928785867e6
1.494760479008427e6
1.4939419401848884e6
1.493108509131838e6
1.49226038724355e6
1.491397780092428e6
1.4905208970454768e6
1.4896299508965504e6
1.4887251575140606e6
1.4878067355038372e6
1.486874905886794e6
1.4859298917910438e6
1.4849719181580949e6
1.484001211462751e6
1.4830179994463176e6
1.482022510862741e6
1.481014975237267e6
1.4799956226372404e6
1.4789646834546337e6
1.4779223881999257e6
1.476868967306931e6
1.4758046509482008e6
1.4747296688606055e6
1.473644250180734e6
1.472548623289735e6
1.4714430156672364e6
1.470327653754002e6
1.4692027628229584e6
1.4680685668582777e6
1.4669252884421735e6
1.4657731486490855e6
1.4646123669469631e6
1.4634431611053152e6
1.4622657471097638e6
1.4610803390827936e6
1.4598871492104342e6
1.4586863876746052e6
1.4574782625908682e6
1.4562629799513356e6
1.455040743572495e6
1.45381175504772e6
1.452576213704245e6
1.4513343165643832e6
1.4500862583107853e6
1.4488322312555406e6
1.4475724253129247e6
1.4463070279756088e6
1.445036224294162e6
1.4437601968596634e6
1.4424791257892728e6
1.441193188714593e6
1.439902560772684e6
1.4386074145995723e6
1.4373079203261328e6
1.4360042455761943e6
1.434696555466752e6
1.4333850126101698e6
1.4320697771182396e6
1.4307510066080098e6
1.429428856209253e6
1.4281034785734897e6
1.4267750238844655e6
1.4254436398699845e6
1.4241094718150154e6
1.4227726625759895e6
1.4214333525961991e6
1.4200916799222347e6
1.418747780221372e6
1.4174017867998544e6
1.4160538306219918e6
1.414704040330024e6
1.4133525422646757e6
1.4119994604863636e6
1.410644916796978e6
1.4092890307622144e6
1.4079319197343811e6
1.4065736988756543e6
1.4052144811817256e6
1.4038543775058049e6
1.4024934965829405e6
1.4011319450546117e6
1.3997698274935668e6
1.3984072464288655e6
1.397044302371101e6
1.3956810938377625e6
1.394317717378719e6
1.3929542676017894e6
1.39159083719838e6
1.3902275169691616e6
1.3888643958497609e6
1.387501560936456e6
1.3861390975118384e6
1.3847770890704426e6
1.3834156173443082e6
1.3820547623284683e6
1.3806946023063452e6
1.3793352138750392e6
1.3779766719704971e6
1.3766190498925478e6
1.3752624193297888e6
1.3739068503843253e6
1.372552411596332e6
1.37119916996845e6
1.3698471909899863e6
1.3684965386609337e6
1.3671472755157808e6
1.3657994626471158e6
1.3644531597290225e6
1.363108425040248e6
1.3617653154871534e6
1.3604238866264273e6
1.359084192687574e6
1.3577462865951564e6
1.3564102199907997e6
1.3550760432549529e6
1.3537438055283995e6
1.3524135547335234e6
1.351085337595317e6
1.3497591996621431e6
1.3484351853262365e6
1.347113337843951e6
1.3457936993557564e6
1.3444763109059648e6
1.3431612124622155e6
1.3418484429346886e6
1.3405380401950702e6
1.339230041095255e6
1.3379244814857957e6
1.336621396234093e6
1.335320819242332e6
1.334022783465165e6
1.3327273209271398e6
1.331434462739875e6
1.3301442391189877e6
1.328856679400768e6
1.3275718120586073e6
1.3262896647191856e6
1.3250102641784044e6
1.323733636417085e6
1.3224598066164276e6
1.3211887991732236e6
1.5998035802463545e6
1.59979661950758e6
1.599787333448314e6
1.5997752612304315e6
1.5997599100026411e6
1.5997407590090737e6
1.5997172638168945e6
1.5996888605683425e6
1.5996549701793203e6
1.5996150024218226e6
1.5995683598410839e6
1.599514441470209e6
1.599452646315329e6
1.5993823765930855e6
1.5993030407095721e6
1.5992140559759561e6
1.5991148510609246e6
1.5990048681840722e6
1.5988835650574306e6
1.5987504165847134e6
1.5986049163295988e6
1.5984465777655751e6
1.5982749353206982e6
1.5980895452310257e6
1.5978899862166524e6
1.597675859994206e6
1.5974467916393843e6
1.5972024298127487e6
1.596942446861466e6
1.5966665388091344e6
1.5963744252452e6
1.5960658491248067e6
1.5957405764892674e6
1.59539839611665e6
1.5950391191113188e6
1.5946625784406003e6
1.5942686284261222e6
1.593857144196755e6
1.5934280211095007e6
1.592981174144126e6
1.5925165372768033e6
1.5920340628375385e6
1.5915337208557029e6
1.591015498397548e6
1.5904793988991862e6
1.589925441498156e6
1.5893536603663284e6
1.5887641040466165e6
1.5881568347956387e6
1.5875319279342303e6
1.5868894712074539e6
1.5862295641555262e6
1.5855523174968807e6
1.584857852524406e6
1.5841463005157153e6
1.5834178021581718e6
1.5826725069892358e6
1.5819105728525943e6
1.5811321653704047e6
1.580337457431904e6
1.5795266286985308e6
1.5786998651256312e6
1.577857358500757e6
1.5769993059984986e6
1.5761259097517286e6
1.5752373764391113e6
1.574333916888657e6
1.5734157456971046e6
1.5724830808648355e6
1.5715361434460552e6
1.570575157213892e6
1.5696003483401034e6
1.5686119450890243e6
1.5676101775253983e6
1.566595277235721e6
1.565567477062712e6
1.5645270108525362e6
1.5634741132143924e6
1.5624090192920654e6
1.5613319645470781e6
1.5602431845530388e6
1.5591429148008134e6
1.5580313905141416e6
1.5569088464753237e6
1.5557755168606124e6
1.5546316350849497e6
1.5534774336556902e6
1.5523131440349722e6
1.5511389965103916e6
1.5499552200736527e6
1.548762042306867e6
1.5475596892761944e6
1.546348385432519e6
1.5451283535188546e6
1.543899814484207e6
1.5426629874036007e6
1.5414180894040077e6
1.540165335595912e6
1.538904939010261e6
1.5376371105405535e6
1.5363620588898328e6
1.5350799905223546e6
1.5337911096197127e6
1.5324956180412003e6
1.53119371528822e6
1.5298855984725256e6
1.5285714622881266e6
1.5272514989866535e6
1.5259258983560244e6
1.524594847702237e6
1.523258531834127e6
1.521917133050929e6
1.5205708311325146e6
1.519219803332131e6
1.5178642243715336e6
1.516504266438362e6
1.5151400991856446e6
1.5137718897333017e6
1.512399802671544e6
1.511024000066045e6
1.509644641464785e6
1.5082618839064706e6
1.5068758819304265e6
1.505486787587872e6
1.504094750454492e6
1.5026999176442167e6
1.501302433824137e6
1.499902441230467e6
1.4985000796854962e6
1.497095486615442e6
1.4956887970691582e6
1.4942801437376183e6
1.4928696569741226e6
1.4914574648151689e6
1.490043693001933e6
1.488628465002307e6
1.4872119020334478e6
1.4857941230847824e6
1.4843752449414353e6
1.4829553822080283e6
1.4815346473328145e6
1.4801131506321086e6
1.478691000314982e6
1.4772683025081751e6
1.475845161281213e6
1.474421688287309e6
1.4729979643281554e6
1.4715740970673927e6
1.4701501825996242e6
1.4687263150896858e6
1.467302586798331e6
1.4658790881079289e6
1.4644559075481496e6
1.4630331318216291e6
1.4616108458295786e6
1.4601891326973366e6
1.458768073799839e6
1.4573477391578197e6
1.4559282259796981e6
1.454509600912095e6
1.453091938580944e6
1.451675311987442e6
1.4502597925327583e6
1.4488454500425775e6
1.447432352791467e6
1.4460205675270625e6
1.444610159494058e6
1.4432011924580007e6
1.4417937287288774e6
1.4403878291844882e6
1.4389835532936067e6
1.437580959138912e6
1.436180103439697e6
1.4347810415743438e6
1.4333838276025623e6
1.4319885142873926e6
1.4305951531169638e6
1.4292037943260083e6
1.4278144869171297e6
1.4264272786818221e6
1.425042216221238e6
1.4236593449667052e6
1.422278709199991e6
1.4209003520733134e6
1.4195243156290937e6
1.41815064081946e6
1.4167793675254923e6
1.4154105345762155e6
1.4140441797673332e6
1.4126803398797126e6
1.4113190506976144e6
1.4099603470266652e6
1.4086042627115874e6
1.4072508306536686e6
1.4059000828279874e6
1.404552050300391e6
1.4032067632442205e6
1.4018642509567973e6
1.4005245418756625e6
1.399187663594574e6
1.3978536428792644e6
1.6879527205646585e6
1.6879457227684974e6
1.6879363826665652e6
1.6879242341660364e6
1.687908778247053e6
1.6878894870450404e6
1.6878658080664221e6
1.687837168442468e6
1.6878029791424111e6
1.6877626390819536e6
1.6877155390766887e6
1.6876610656018213e6
1.6875986043298205e6
1.6875275434264198e6
1.687447276592804e6
1.6873572058479486e6
1.6872567440501573e6
1.687145317160873e6
1.6870223662570722e6
1.6868873493010094e6
1.6867397426779533e6
1.686579042513853e6
1.6864047657857952e6
1.686216451238617e6
1.6860136601212807e6
1.6857959767566195e6
1.685563008957864e6
1.6853143883050226e6
1.6850497702937566e6
1.6847688343688273e6
1.6844712838536524e6
1.6841568457868346e6
1.6838252706759267e6
1.683476332177996e6
1.683109826715948e6
1.6827255730388844e6
1.6823234117341721e6
1.6819032046982942e6
1.6814648345729543e6
1.6810082041523948e6
1.6805332357673198e6
1.6800398706503552e6
1.6795280682875102e6
1.6789978057596532e6
1.6784490770776311e6
1.677881892514282e6
1.6772962779362292e6
1.6766922741380471e6
1.6760699361810659e6
1.6754293327388298e6
1.674770545450968e6
1.674093668286994e6
1.6733988069213706e6
1.672686078120949e6
1.6719556091457452e6
1.6712075371638522e6
1.6704420086811357e6
1.6696591789862423e6
1.6688592116113238e6
1.6680422778087917e6
1.6672085560443017e6
1.6663582315061078e6
1.6654914956308282e6
1.6646085456456179e6
1.6637095841266788e6
1.6627948185739745e6
1.661864461001999e6
1.6609187275463783e6
1.6599578380860768e6
1.6589820158809323e6
1.6579914872242282e6
1.6569864811099917e6
1.6559672289146837e6
1.6549339640929338e6
1.6538869218869698e6
1.6528263390493651e6
1.6517524535787494e6
1.6506655044680885e6
1.6495657314651702e6
1.6484533748449052e6
1.6473286751930772e6
1.6461918732011544e6
1.6450432094717927e6
1.643882924334665e6
1.6427112576722512e6
1.6415284487552177e6
1.6403347360870554e6
1.639130357257611e6
1.637915548805178e6
1.6366905460868229e6
1.6354555831566104e6
1.634210892651423e6
1.632956705684059e6
1.6316932517433136e6
1.6304207586007542e6
1.629139452223899e6
1.6278495566955365e6
1.6265512941389082e6
1.6252448846485063e6
1.6239305462262353e6
1.622608494722692e6
1.6212789437833363e6
1.6199421047993284e6
1.6185981868628103e6
1.6172473967264306e6
1.615889938766903e6
1.6145260149524077e6
1.6131558248136495e6
1.6117795654183973e6
1.6103974313493154e6
1.6090096146849417e6
1.6076163049836375e6
1.60621768927036e6
1.6048139520261146e6
1.603405275179936e6
1.6019918381032702e6
1.6005738176066238e6
1.5991513879383565e6
1.5977247207854972e6
1.5962939852764667e6
1.5948593479856018e6
1.5934209729393723e6
1.5919790216241917e6
1.5905336529957254e6
1.5890850234896007e6
1.5876332870334412e6
1.586178595060128e6
1.5847210965222174e6
1.5832609379074331e6
1.5817982632551682e6
1.5803332141739123e6
1.57886592985955e6
1.5773965471144682e6
1.5759252003673976e6
1.5744520216939491e6
1.5729771408377746e6
1.5715006852323131e6
1.5700227800230624e6
1.5685435480903308e6
1.5670631100724349e6
1.5655815843892829e6
1.5640990872663164e6
1.5626157327587686e6
1.561131632776201e6
1.5596468971072822e6
1.5581616334447837e6
1.5566759474107525e6
1.5551899425818361e6
1.5537037205147315e6
1.5522173807717303e6
1.550731020946338e6
1.5492447366889394e6
1.5477586217324934e6
1.5462727679182282e6
1.5447872652213315e6
1.543302201776595e6
1.5418176639040236e6
1.540333736134363e6
1.538850501234557e6
1.5373680402331015e6
1.5358864324452896e6
1.534405755498335e6
1.532926085356361e6
1.5314474963452388e6
1.5299700611772775e6
1.5284938509757398e6
1.5270189352991916e6
1.5255453821656585e6
1.5240732580766021e6
1.5226026280406902e6
1.5211335555973663e6
1.5196661028402091e6
1.5182003304400758e6
1.5167362976680223e6
1.5152740624180029e6
1.5138136812293334e6
1.51235520930893e6
1.5108987005533045e6
1.5094442075703237e6
1.5079917817007252e6
1.5065414730393905e6
1.5050933304563705e6
1.503647401617664e6
1.5022037330057488e6
1.5007623699398576e6
1.499323356596011e6
1.4978867360267881e6
1.4964525501808557e6
1.4950208399222384e6
1.4935916450493396e6
1.4921650043137101e6
1.4907409554385634e6
1.4893195351370443e6
1.4879007791302423e6
1.4864847221649592e6
1.4850713980312252e6
1.4836608395795752e6
1.4822530787380666e6
1.4808481465290638e6
1.479446073085776e6
1.4780468876685512e6
1.7799451486261568e6
1.7799381144110488e6
1.7799287211686797e6
1.7799164976170552e6
1.7799009386380992e6
1.7798815093318895e6
1.779857649218412e6
1.7798287764910022e6
1.779794292241691e6
1.7797535845934586e6
1.7797060326876575e6
1.7796510104866342e6
1.7795878903618304e6
1.7795160464464277e6
1.7794348577390916e6
1.7793437109515707e6
1.7792420030980713e6
1.7791291438284842e6
1.7790045575108498e6
1.778867685071036e6
1.778717985599569e6
1.7785549377369704e6
1.7783780408499474e6
1.778186816011388e6
1.7779808067974474e6
1.7777595799150513e6
1.7775227256730432e6
1.7772698583099083e6
1.7770006161906112e6
1.7767146618846015e6
1.7764116821364935e6
1.776091387740328e6
1.775753513327707e6
1.7753978170794714e6
1.7750240803699375e6
1.7746321073521012e6
1.7742217244915962e6
1.7737927800565972e6
1.77334514357029e6
1.772878705231987e6
1.7723933753124357e6
1.7718890835283874e6
1.7713657784010246e6
1.770823426602411e6
1.770262012293718e6
1.769681536458623e6
1.76908201623488e6
1.7684634842467955e6
1.7678259879409852e6
1.767169588927541e6
1.7664943623284881e6
1.7658003961351437e6
1.7650877905758093e6
1.7643566574950123e6
1.7636071197453442e6
1.7628393105927699e6
1.7620533731361432e6
1.7612494597415265e6
1.7604277314917964e6
1.7595883576518954e6
1.7587315151500108e6
1.7578573880748588e6
1.7569661671891785e6
1.756058049459474e6
1.7551332376019757e6
1.754191939644742e6
1.7532343685057696e6
1.7522607415869376e6
1.7512712803835876e6
1.750266210109487e6
1.749245759336913e6
1.748210159651568e6
1.7471596453220174e6
1.746094452983314e6
1.7450148213344782e6
1.7439209908494859e6
1.742813203501391e6
1.741691702499236e6
1.7405567320373717e6
1.7394085370568188e6
1.7382473630183002e6
1.7370734556865732e6
1.7358870609256937e6
1.7346884245048487e6
1.7334777919143918e6
1.732255408191726e6
1.7310215177566842e6
1.729776364256064e6
1.7285201904169656e6
1.727253237908618e6
1.7259757472123571e6
1.724687957499438e6
1.7233901065163785e6
1.7220824304775288e6
1.7207651639645682e6
1.7194385398326556e6
1.7181027891229414e6
1.7167581409811864e6
1.715404822582215e6
1.714043059059953e6
1.7126730734428114e6
1.7112950865941695e6
1.7099093171577381e6
1.7085159815075684e6
1.7071152937025095e6
1.7057074654448964e6
1.7042927060432709e6
1.7028712223789496e6
1.7014432188762513e6
1.7000088974761995e6
1.6985684576135434e6
1.6971220961969183e6
1.6956700075919982e6
1.694212383607476e6
1.6927494134837429e6
1.6912812838841078e6
1.6898081788884373e6
1.688330279989076e6
1.6868477660889295e6
1.685360813501591e6
1.6838695959533947e6
1.6823742845872834e6
1.6808750479684034e6
1.6793720520912993e6
1.6778654603886362e6
1.6763554337413448e6
1.6748421304901114e6
1.6733257064481147e6
1.6718063149149462e6
1.6702841066916252e6
1.66875923009664e6
1.6672318309829468e6
1.665702052755857e6
1.6641700363917504e6
1.662635920457555e6
1.6610998411309312e6
1.6595619322211144e6
1.6580223251903523e6
1.6564811491758947e6
1.6549385310124885e6
1.653394595255324e6
1.6518494642034033e6
1.6503032579232773e6
1.648756094273119e6
1.647208088927095e6
1.6456593554000026e6
1.6441100050721308e6
1.6425601472143235e6
1.641009889013214e6
1.6394593355965926e6
1.6379085900588937e6
1.6363577534867683e6
1.634806924984718e6
1.63325620170078e6
1.6317056788522191e6
1.6301554497512297e6
1.6286056058306147e6
1.6270562366694268e6
1.6255074300185589e6
1.6239592718262614e6
1.6224118462635777e6
1.620865235749678e6
1.6193195209770852e6
1.6177747809367727e6
1.6162310929431317e6
1.6146885326587865e6
1.6131471741192574e6
1.611607089757459e6
1.6100683504280206e6
1.6085310254314244e6
1.606995182537963e6
1.6054608880114863e6
1.6039282066329552e6
1.6023972017237868e6
1.6008679351689792e6
1.5993404674400243e6
1.5978148576175927e6
1.5962911634139952e6
1.5947694411954097e6
1.5932497460038771e6
1.5917321315790585e6
1.5902166503797548e6
1.5887033536051812e6
1.5871922912160037e6
1.5856835119551234e6
1.5841770633682224e6
1.5826729918240549e6
1.581171342534494e6
1.5796721595743294e6
1.5781754859008144e6
1.5766813633729632e6
1.5751898327706002e6
1.5737009338131598e6
1.572214705178236e6
1.5707311845198832e6
1.569250408486674e6
1.5677724127395027e6
1.5662972319691489e6
1.564824899913594e6
1.563355449375094e6
1.5618889122370107e6
1.8759051858634201e6
1.8758981158526407e6
1.8758886703516326e6
1.875876372953996e6
1.875860712513203e6
1.8758411471670067e6
1.8758171085232617e6
1.8757880059108008e6
1.8757532306147718e6
1.8757121600303592e6
1.8756641616819655e6
1.8756085970665754e6
1.8755448252902634e6
1.8754722064756104e6
1.875390104925306e6
1.8752978920335183e6
1.875194948941838e6
1.8750806689408554e6
1.874954459621865e6
1.8748157447858597e6
1.8746639661190445e6
1.8744985846456336e6
1.8743190819697431e6
1.87412496131893e6
1.8739157484022828e6
1.87369099209614e6
1.8734502649704388e6
1.8731931636684688e6
1.8729193091524672e6
1.872628346827056e6
1.8723199465519928e6
1.8719938025551608e6
1.8716496332561383e6
1.8712871810100575e6
1.8709062117808717e6
1.8705065147525286e6
1.870087901885944e6
1.8696502074290917e6
1.8691932873869566e6
1.868717018957559e6
1.8682212999397363e6
1.8677060481178819e6
1.867171200628378e6
1.866616713312026e6
1.8660425600563555e6
1.8654487321313315e6
1.8648352375216146e6
1.864202100258194e6
1.8635493597519153e6
1.8628770701311396e6
1.862185299585512e6
1.8614741297175728e6
1.8607436549037353e6
1.8599939816659356e6
1.8592252280550972e6
1.8584375230473697e6
1.8576310059539531e6
1.8568058258451833e6
1.8559621409894219e6
1.855100118307193e6
1.8542199328408942e6
1.8533217672403161e6
1.8524058112641452e6
1.8514722612975133e6
1.8505213198856332e6
1.849553195283462e6
1.8485681010213168e6
1.8475662554862953e6
1.8465478815193311e6
1.8455132060276712e6
1.8444624596125344e6
1.8433958762116854e6
1.8423136927566342e6
1.8412161488441587e6
1.8401034864218228e6
1.8389759494871572e6
1.8378337838001656e6
1.8366772366087944e6
1.8355065563870117e6
1.8343219925851433e6
1.8331237953920895e6
1.8319122155090717e6
1.8306875039345347e6
1.8294499117598545e6
1.828199689975488e6
1.8269370892872137e6
1.8256623599421065e6
1.8243757515639178e6
1.8230775129975048e6
1.8217678921619854e6
1.820447135912304e6
1.819115489908862e6
1.817773198494931e6
1.8164205045815283e6
1.8150576495394623e6
1.8136848730982635e6
1.8123024132517118e6
1.8109105061697003e6
1.8095093861161578e6
1.8080992853727879e6
1.806680434168357e6
1.805253060613312e6
1.8038173906394783e6
1.8023736479446176e6
1.8009220539416338e6
1.799462827712203e6
1.7979961859646395e6
1.7965223429957891e6
1.795041510656772e6
1.793553898322378e6
1.7920597128639577e6
1.7905591586256225e6
1.7890524374036028e6
1.7875397484286018e6
1.7860212883509959e6
1.7844972512287395e6
1.7829678285178281e6
1.781433209065198e6
1.7798935791039194e6
1.7783491222505744e6
1.77680001950469e6
1.775246449250122e6
1.7736885872582765e6
1.7721266066930625e6
1.770560678117485e6
1.7689909695017731e6
1.7674176462329577e6
1.7658408711258096e6
1.764260804435057e6
1.7626776038687949e6
1.7610914246030215e6
1.7595024192972158e6
1.7579107381109002e6
1.7563165287211072e6
1.7547199363406973e6
1.7531211037374663e6
1.7515201712539736e6
1.7499172768280532e6
1.748312556013939e6
1.7467061420039667e6
1.7450981656507913e6
1.7434887554900893e6
1.741878037763693e6
1.7402661364431137e6
1.7386531732534268e6
1.737039267697465e6
1.7354245370802982e6
1.73380909653396e6
1.7321930590423895e6
1.7305765354665571e6
1.7289596345697497e6
1.727342463042985e6
1.7257251255305274e6
1.724107724655486e6
1.7224903610454684e6
1.7208731333582697e6
1.7192561383075707e6
1.7176394706886413e6
1.716023223404008e6
1.714407487489089e6
1.7127923521377682e6
1.7111779047278995e6
1.7095642308467205e6
1.7079514143161683e6
1.706339537218081e6
1.7047286799192785e6
1.7031189210964977e6
1.7015103377611923e6
1.6999030052841688e6
1.6982969974200604e6
1.69669238633163e6
1.6950892426138828e6
1.6934876353180024e6
1.6918876319750836e6
1.6902892986196666e6
1.6886926998130635e6
1.6870978986664738e6
1.6855049568638823e6
1.6839139346847355e6
1.6823248910263937e6
1.680737883426355e6
1.6791529680842473e6
1.677570199883583e6
1.6759896324132825e6
1.674411317988953e6
1.6728353076739314e6
1.671261651300078e6
1.6696903974883335e6
1.6681215936690283e6
1.6665552861019422e6
1.6649915198961264e6
1.6634303390294674e6
1.6618717863680157e6
1.6603159036850599e6
1.658762731679955e6
1.6572123099967083e6
1.6556646772423133e6
1.6541198710048448e6
1.6525779278713053e6
1.6510388834452287e6
1.649502772364043e6
1.975959806151608e6
1.9759527009536996e6
1.9759432040559538e6
1.975930833991554e6
1.9759150736546759e6
1.9758953742934016e6
1.9758711596777e6
1.9758418303456523e6
1.9758067678465946e6
1.975765338914083e6
1.9757168995146232e6
1.9756607987296374e6
1.9755963824383595e6
1.9755229967781405e6
1.9754399913662109e6
1.975346722273312e6
1.9752425547448997e6
1.9751268656699876e6
1.974999045801209e6
1.9748585017324572e6
1.9747046576426309e6
1.974536956815612e6
1.9743548629477909e6
1.9741578612552274e6
1.9739454593930058e6
1.9737171881995588e6
1.9734726022787339e6
1.9732112804322215e6
1.9729328259546463e6
1.97263686680326e6
1.9723230556536596e6
1.9719910698524734e6
1.9716406112773684e6
1.9712714061141384e6
1.9708832045600852e6
1.9704757804622464e6
1.970048930898495e6
1.9696024757089233e6
1.969136256984379e6
1.968650138518493e6
1.9681440052290063e6
1.9676177625537417e6
1.9670713358260668e6
1.9665046696343066e6
1.965917727169105e6
1.9653104895623839e6
1.9646829552211836e6
1.964035139159323e6
1.9633670723295189e6
1.962678800958321e6
1.9619703858859397e6
1.9612419019128135e6
1.9604934371545273e6
1.9597250924065032e6
1.9589369805196705e6
1.9581292257881772e6
1.9573019633500294e6
1.9564553386014046e6
1.9555895066252672e6
1.9547046316347728e6
1.9538008864318763e6
1.9528784518814129e6
1.9519375164009002e6
1.950978275466161e6
1.950000931132861e6
1.9490056915739386e6
1.9479927706329036e6
1.946962387392879e6
1.9459147657612597e6
1.944850134069804e6
1.9437687246899433e6
1.9426707736630691e6
1.9415565203455368e6
1.9404262070680987e6
1.9392800788094588e6
1.9381183828836353e6
1.9369413686408112e6
1.9357492871813152e6
1.9345423910824056e6
1.9333209341374985e6
1.9320851711074885e6
1.9308353574838082e6
1.929571749262864e6
1.9282946027315033e6
1.9270041742631542e6
1.925700720124284e6
1.9243844962908393e6
1.9230557582743175e6
1.9217147609571358e6
1.9203617584369655e6
1.9189970038797117e6
1.9176207493808041e6
1.9162332458345094e6
1.914834742810939e6
1.913425488440469e6
1.9120057293052718e6
1.9105757103376836e6
1.9091356747251316e6
1.9076858638213484e6
1.9062265170636182e6
1.9047578718958043e6
1.9032801636969023e6
1.901793625714906e6
1.9002984890057214e6
1.8987949823769436e6
1.8972833323362523e6
1.89576376304424e6
1.8942364962714573e6
1.8927017513594872e6
1.8911597451858723e6
1.8896106921326895e6
1.8880548040586303e6
1.8864922902743905e6
1.884923357521232e6
1.8833482099525447e6
1.8817670491182634e6
1.880180073952014e6
1.8785874807608183e6
1.8769894632172512e6
1.8753862123539185e6
1.8737779165601216e6
1.8721647615806067e6
1.8705469305162758e6
1.8689246038267545e6
1.8672979593347174e6
1.8656671722318616e6
1.8640324150864484e6
1.862393857852307e6
1.8607516678792215e6
1.8591060099246183e6
1.8574570461664682e6
1.855804936217333e6
1.8541498371394807e6
1.8524919034609997e6
1.8508312871928434e6
1.8491681378467465e6
1.8475026024539487e6
1.8458348255846656e6
1.8441649493682585e6
1.8424931135140385e6
1.840819455332673e6
1.8391441097581207e6
1.8374672093700776e6
1.8357888844168691e6
1.8341092628387534e6
1.832428470291604e6
1.83074663017092e6
1.8290638636361384e6
1.8273802896352157e6
1.8256960249294364e6
1.8240111841184262e6
1.82232587966534e6
1.8206402219221955e6
1.8189543191553224e6
1.8172682775709126e6
1.8155822013406376e6
1.8138961926273154e6
1.8122103516106072e6
1.8105247765127234e6
1.808839563624115e6
1.8071548073291404e6
1.8054706001316889e6
1.8037870326807369e6
1.8021041937958396e6
1.8004221704925236e6
1.7987410480075837e6
1.7970609098242617e6
1.795381837697303e6
1.7937039116778728e6
1.792027210138329e6
1.790351809796837e6
1.78867778574182e6
1.7870052114562385e6
1.785334158841688e6
1.7836646982423062e6
1.7819968984684953e6
1.7803308268204322e6
1.7786665491113854e6
1.7770041296908131e6
1.775343631467251e6
1.773685115930979e6
1.772028643176466e6
1.770374271924586e6
1.76872205954461e6
1.7670720620759614e6
1.7654243342497358e6
1.7637789295099906e6
1.7621359000347888e6
1.7604952967570068e6
1.7588571693849007e6
1.7572215664224294e6
1.7555885351893343e6
1.7539581218409766e6
1.7523303713879278e6
1.7507053277153205e6
1.7490830336019476e6
1.7474635307391258e6
1.7458468597493083e6
1.744233060204457e6
1.7426221706441727e6
1.7410142285935793e6
2.0802386638054745e6
2.0802315240146653e6
2.0802219765627088e6
2.0802095349855805e6
2.080193676286681e6
2.08017384489667e6
2.0801494568217564e6
2.080119903883272e6
2.0800845579664754e6
2.0800427752105915e6
2.0799939000849116e6
2.0799372693072644e6
2.0798722155712738e6
2.0797980710576905e6
2.0797141707126037e6
2.079619855281801e6
2.0795144740959103e6
2.0793973876053784e6
2.0792679696679772e6
2.0791256095943782e6
2.0789697139596113e6
2.0787997081899128e6
2.0786150379357424e6
2.0784151702426062e6
2.0781995945318611e6
2.0779678234039848e6
2.0777193932768325e6
2.0774538648713192e6
2.0771708235566965e6
2.0768698795672723e6
2.0765506681019627e6
2.0762128493175807e6
2.0758561082262513e6
2.0754801545067527e6
2.075084722239036e6
2.0746695695705875e6
2.0742344783227278e6
2.073779253544369e6
2.0733037230202272e6
2.0728077367399149e6
2.0722911663338966e6
2.071753904481711e6
2.0711958642975122e6
2.0706169786974462e6
2.0700171997530342e6
2.0693964980343247e6
2.0687548619462089e6
2.0680922970609793e6
2.0674088254498744e6
2.066704485016068e6
2.065979328831322e6
2.0652334244782142e6
2.0644668533996828e6
2.0636797102573798e6
2.0628721023001547e6
2.0620441487437908e6
2.0611959801629768e6
2.0603277378963416e6
2.0594395734652248e6
2.0585316480067784e6
2.0576041317218288e6
2.056657203337881e6
2.0556910495875173e6
2.054705864702375e6
2.053701849922838e6
2.052679213023454e6
2.051638167854106e6
2.0505789338968412e6
2.0495017358382773e6
2.0484068031574236e6
2.0472943697287338e6
2.0461646734401837e6
2.045017955826127e6
2.0438544617146722e6
2.0426744388892886e6
2.0414781377643528e6
2.0402658110743132e6
2.0390377135761627e6
2.037794101764866e6
2.036535233601427e6
2.0352613682532385e6
2.0339727658463637e6
2.032669687229418e6
2.0313523937486862e6
2.0300211470341345e6
2.028676208795972e6
2.0273178406314186e6
2.0259463038413352e6
2.0245618592563865e6
2.023164767072407e6
2.0217552866946398e6
2.020333676590534e6
2.0189001941507857e6
2.0174550955583192e6
2.015998635664909e6
2.014531067875144e6
2.0130526440374602e6
2.0115636143419554e6
2.0100642272247174e6
2.008554729278408e6
2.0070353651688388e6
2.0055063775573e6
2.0039680070283925e6
2.0024204920231423e6
2.0008640687771542e6
1.999298971263606e6
1.9977254311408543e6
1.9961436777044616e6
1.9945539378434317e6
1.9929564360004836e6
1.991351394136156e6
1.9897390316965808e6
1.9881195655847527e6
1.9864932101351214e6
1.9848601770913578e6
1.983220675587128e6
1.9815749121297437e6
1.979923090586537e6
1.9782654121738195e6
1.976602075448303e6
1.974933276300857e6
1.973259207952467e6
1.9715800609522976e6
1.9698960231777327e6
1.9682072798362894e6
1.9665140134693135e6
1.9648164039573383e6
1.9631146285270299e6
1.961408861759618e6
1.959699275600731e6
1.9579860393715473e6
1.9562693197811863e6
1.954549280940264e6
1.952826084375535e6
1.9510998890455584e6
1.949370851357312e6
1.9476391251837031e6
1.9459048618819006e6
1.9441682103124405e6
1.9424293168590483e6
1.9406883254491198e6
1.9389453775748147e6
1.9372006123147104e6
1.9354541663559782e6
1.9337061740170247e6
1.9319567672705704e6
1.930206075767118e6
1.9284542268587714e6
1.9267013456233738e6
1.9249475548889295e6
1.9231929752582747e6
1.9214377251339662e6
1.9196819207433665e6
1.9179256761638774e6
1.9161691033483264e6
1.9144123121504474e6
1.9126554103504575e6
1.910898503680694e6
1.9091416958512948e6
1.9073850885758977e6
1.9056287815973498e6
1.9038728727133935e6
1.902117457802327e6
1.9003626308486117e6
1.8986084839684211e6
1.8968551074351082e6
1.895102589704583e6
1.893351017440587e6
1.891600475539852e6
1.889851047157132e6
1.8881028137300992e6
1.8863558550040904e6
1.8846102490567025e6
1.8828660723222184e6
1.8811233996158645e6
1.8793823041578883e6
1.8776428575974484e6
1.8759051300363115e6
1.8741691900523542e6
1.8724351047228593e6
1.8707029396476038e6
1.8689727589717312e6
1.8672446254084117e6
1.8655186002612796e6
1.8637947434466442e6
1.8620731135154762e6
1.8603537676751658e6
1.8586367618110436e6
1.8569221505076713e6
1.855209987069897e6
1.853500323543668e6
1.8517932107366123e6
1.8500886982383716e6
1.8483868344407014e6
1.846687666557325e6
1.8449912406435488e6
1.843297601615631e6
1.8416067932699148e6
1.839918858301717e6
1.8382338383239717e6
1.8365517738856378e6
2.188874121576399e6
2.188866947773005e6
2.188857350590499e6
2.1888448386300686e6
2.188828883072212e6
2.188808921601966e6
2.1887843625357472e6
2.188754589052313e6
2.188718963445156e6
2.1886768313274924e6
2.1886275257336022e6
2.1885703710717065e6
2.1885046868936177e6
2.18842979145521e6
2.1883450050493754e6
2.1882496530995746e6
2.188143069007554e6
2.188024596753319e6
2.187893593249119e6
2.187749430452207e6
2.1875914972434505e6
2.187419201080686e6
2.187231969437033e6
2.1870292510353625e6
2.186810516890695e6
2.1865752611726886e6
2.1863230019005113e6
2.1860532814823e6
2.1857656671112697e6
2.1854597510301825e6
2.1851351506755436e6
2.1847915087123658e6
2.1844284929699246e6
2.1840457962883245e6
2.183643136285171e6
2.183220255051095e6
2.1827769187823096e6
2.1823129173578005e6
2.181828063868265e6
2.181322194103356e6
2.180795166003272e6
2.1802468590803077e6
2.1796771738154492e6
2.1790860310347257e6
2.178473371269574e6
2.1778391541051157e6
2.1771833575198506e6
2.176505977219984e6
2.175807025971221e6
2.175086532930629e6
2.174344542980853e6
2.1735811160687413e6
2.172796326550192e6
2.171990262542825e6
2.171163025287877e6
2.1703147285225396e6
2.1694454978638026e6
2.168555470204695e6
2.167644793123685e6
2.1667136243078895e6
2.165762130990605e6
2.1647904894035696e6
2.1637988842443014e6
2.1627875081587243e6
2.161756561239273e6
2.160706250538542e6
2.159636789598533e6
2.1585483979954626e6
2.157441300900065e6
2.156315728653276e6
2.155171916357148e6
2.1540101034807973e6
2.152830533481186e6
2.1516334534384836e6
2.1504191137057636e6
2.149187767572733e6
2.147939670943221e6
2.1466750820261054e6
2.1453942610393655e6
2.1440974699269286e6
2.1427849720879896e6
2.1414570321184485e6
2.1401139155641445e6
2.138755888685532e6
2.137383218233466e6
2.135996171235748e6
2.134595014794102e6
2.133180015891238e6
2.131751441207677e6
2.1303095569479996e6
2.128854628676209e6
2.127386921159871e6
2.125906698222744e6
2.1244142226055646e6
2.1229097558347094e6
2.1213935580984326e6
2.119865888130392e6
2.11832700310018e6
2.116777158510604e6
2.11521660810142e6
2.1136456037593e6
2.1120643954337435e6
2.110473231058724e6
2.1088723564798017e6
2.1072620153865064e6
2.1056424492497332e6
2.1040138972639693e6
2.102376596294121e6
2.10073078082674e6
2.099076682925474e6
2.097414532190528e6
2.0957445557219721e6
2.0940669780867153e6
2.092382021288969e6
2.0906899047440516e6
2.08899084525536e6
2.0872850569943744e6
2.0855727514835296e6
2.0838541375818334e6
2.082129421473083e6
2.0803988066565495e6
2.0786624939400163e6
2.0769206814350383e6
2.0751735645543158e6
2.0734213360110621e6
2.0716641858202745e6
2.0699023013017864e6
2.0681358670850166e6
2.0663650651153177e6
2.06459007466183e6
2.0628110723267607e6
2.0610282320559975e6
2.059241725150987e6
2.0574517202817898e6
2.0556583835012515e6
2.053861878260209e6
2.0520623654236752e6
2.0502600032879296e6
2.0484549475984636e6
2.0466473515687096e6
2.0448373658995037e6
2.0430251387992445e6
2.0412108160046618e6
2.039394540802184e6
2.037576454049832e6
2.0357566941996103e6
2.0339353973203443e6
2.032112697120929e6
2.0302887249739484e6
2.0284636099396306e6
2.026637478790098e6
2.0248104560338983e6
2.0229826639407524e6
2.0211542225665236e6
2.0193252497783615e6
2.0174958612799887e6
2.015666170637124e6
2.0138362893029992e6
2.012006326643959e6
2.0101763899651116e6
2.0083465845360218e6
2.0065170136164164e6
2.0046877784818877e6
2.0028589784495782e6
2.0010307109038325e6
1.999203071321789e6
1.997376153298918e6
1.9955500485744663e6
1.993724847056821e6
1.9919006368487594e6
1.9900775042725892e6
1.9882555338951563e6
1.9864348085527145e6
1.984615409375659e6
1.9827974158130866e6
1.9809809056572106e6
1.9791659550675908e6
1.97735263859519e6
1.975541029206249e6
1.9737311983059628e6
1.9719232157619684e6
1.970117149927621e6
1.9683130676650726e6
1.9665110343681348e6
1.9647111139849247e6
1.9629133690403006e6
1.961117860658062e6
1.959324648582939e6
1.9575337912023447e6
1.9557453455679007e6
1.9539593674167332e6
1.952175911192529e6
1.9503950300663651e6
1.9486167759572947e6
1.9468411995526978e6
1.9450683503283984e6
1.9432982765685325e6
1.9415310253851884e6
1.9397666427378014e6
1.938005173452306e6
1.936246661240058e6
2.302001278649396e6
2.301994071400216e6
2.3019844252924533e6
2.301971844054134e6
2.3019557931100572e6
2.301935703470967e6
2.3019109758372414e6
2.301880984819349e6
2.3018450831918307e6
2.3018026061111405e6
2.3017528752401415e6
2.3016952027333425e6
2.3016288950469485e6
2.3015532565466277e6
2.301467592893487e6
2.301371214195259e6
2.301263437915236e6
2.301143591536038e6
2.3010110149791e6
2.3008650627838164e6
2.300705106052709e6
2.3005305341708628e6
2.300340756309309e6
2.3001352027230556e6
2.2999133258551713e6
2.2996746012587263e6
2.299418528348636e6
2.2991446309953793e6
2.29885245797253e6
2.2985415832696566e6
2.2982116062819213e6
2.2978621518871547e6
2.2974928704208476e6
2.2971034375588642e6
2.2966935541172544e6
2.2962629457779494e6
2.2958113627485805e6
2.295338579364153e6
2.2948443936377596e6
2.294328626766984e6
2.293791122602203e6
2.293231747082441e6
2.2926503876440567e6
2.292046952607033e6
2.2914213705432867e6
2.2907735896309977e6
2.290103576998594e6
2.289411318061706e6
2.288696815856056e6
2.2879600903689843e6
2.2872011778720096e6
2.2864201302565676e6
2.285617014374866e6
2.284791911387525e6
2.283944916119503e6
2.2830761364256283e6
2.28218569256685e6
2.2812737165982006e6
2.280340351769305e6
2.2793857519381396e6
2.2784100809986275e6
2.277413512322549e6
2.276396228216152e6
2.275358419391742e6
2.2743002844544845e6
2.2732220294045336e6
2.2721238671545847e6
2.2710060170628573e6
2.26986870448147e6
2.2687121603201414e6
2.267536620625083e6
2.266342326172926e6
2.265129522079508e6
2.263898457423295e6
2.2626493848831896e6
2.261382560390492e6
2.2600982427947083e6
2.2587966935429317e6
2.25747817637249e6
2.256142957016547e6
2.254791302922335e6
2.253423482981688e6
2.2520397672735592e6
2.25064042681817e6
2.2492257333424743e6
2.2477959590565907e6
2.2463513764408715e6
2.2448922580432915e6
2.2434188762867893e6
2.241931503286292e6
2.2404304106750446e6
2.2389158694399646e6
2.237388149765701e6
2.235847520887079e6
2.234294250949651e6
2.2327286068780385e6
2.231150854251792e6
2.229561257188488e6
2.227960078233769e6
2.226347578258089e6
2.224724016359879e6
2.223089649774886e6
2.2214447337914533e6
2.2197895216714744e6
2.218124264576812e6
2.21644921150095e6
2.214764609205649e6
2.213070702162407e6
2.2113677324985187e6
2.209655939947522e6
2.207935561803856e6
2.2062068328815307e6
2.204469985476644e6
2.2027252493335516e6
2.2009728516145526e6
2.1992130168728926e6
2.1974459670289652e6
2.1956719213495334e6
2.193891096429843e6
2.192103706178484e6
2.1903099618048607e6
2.188510071809154e6
2.1867042419746406e6
2.1848926753622494e6
2.183075572307251e6
2.181253130417959e6
2.1794255445763464e6
2.1775930069404654e6
2.1757557069485816e6
2.1739138313249247e6
2.17206756408696e6
2.1702170865541147e6
2.1683625773578524e6
2.1665042124530263e6
2.16464216513044e6
2.1627766060305354e6
2.1609077031581397e6
2.1590356218982176e6
2.1571605250325287e6
2.1552825727571878e6
2.1534019227010007e6
2.1515187299445807e6
2.149633147040152e6
2.1477453240320114e6
2.145855408477586e6
2.143963545469044e6
2.1420698776554232e6
2.1401745452652243e6
2.138277686129431e6
2.1363794357049153e6
2.134479927098206e6
2.1325792910895627e6
2.1306776561573464e6
2.128775148502628e6
2.1268718920740345e6
2.1249680085927756e6
2.123063617577847e6
2.121158836371368e6
2.1192537801640355e6
2.1173485620206776e6
2.1154432929058666e6
2.113538081709589e6
2.111633035272949e6
2.10972825841387e6
2.1078238539528e6
2.10591992273839e6
2.104016563673136e6
2.1021138737389585e6
2.1002119480227204e6
2.0983108797416626e6
2.0964107602687413e6
2.094511679157858e6
2.0926137241689803e6
2.0907169812931258e6
2.0888215347772134e6
2.0869274671487638e6
2.085034859240451e6
2.083143790214485e6
2.081254337586824e6
2.0793665772512145e6
2.0774805835030407e6
2.075596429062986e6
2.0737141851005077e6
2.071833921257092e6
2.0699557056693262e6
2.0680796049917461e6
2.0662056844194753e6
2.0643340077106503e6
2.062464637208621e6
2.060597633863933e6
2.0587330572560783e6
2.0568709656150301e6
2.0550114158425315e6
2.0531544635331691e6
2.051300162995203e6
2.0494485672711683e6
2.0475997281582395e6
2.0457536962283584e6
2.0439105208481296e6
2.0420702501984728e6
2.0402329312940426e6
2.4197579986401307e6
2.4197507584988265e6
2.4197410642532133e6
2.4197284148189873e6
2.419712269931769e6
2.4196920539988363e6
2.4196671601780276e6
2.4196369545858647e6
2.4196007805511635e6
2.4195579628437017e6
2.419507811819811e6
2.4194496274379496e6
2.4193827031072024e6
2.4193063293404942e6
2.4192197971918616e6
2.4191224014637293e6
2.419013443675657e6
2.4188922347907047e6
2.4187580976993977e6
2.418610369464428e6
2.418448403331734e6
2.418271570515553e6
2.4180792617665906e6
2.417870888733493e6
2.417645885128648e6
2.4174037077097646e6
2.4171438370889868e6
2.416865778381321e6
2.416569061704108e6
2.4162532425390086e6
2.415917901967704e6
2.4155626467920872e6
2.415187109549326e6
2.4147909484316395e6
2.414373847120184e6
2.413935514541886e6
2.413475684557533e6
2.412994115588934e6
2.412490590192417e6
2.411964914585437e6
2.4114169181325715e6
2.410846452796722e6
2.410253392560849e6
2.4096376328252037e6
2.4089990897845174e6
2.408337699789318e6
2.4076534186951e6
2.4069462212027805e6
2.4062161001935224e6
2.405463066060733e6
2.404687146041731e6
2.4038883835513527e6
2.403066837519502e6
2.4022225817344286e6
2.401355704193326e6
2.4004663064616364e6
2.3995545030422756e6
2.398620420755844e6
2.39766419813273e6
2.39668598481787e6
2.3956859409888433e6
2.3946642367878063e6
2.393621051767742e6
2.3925565743533405e6
2.3914710013167877e6
2.390364537268658e6
2.389237394164002e6
2.3880897908237227e6
2.3869219524712143e6
2.385734110284238e6
2.384526500961942e6
2.383299366306882e6
2.382052952821916e6
2.380787511321751e6
2.379503296558945e6
2.37820056686411e6
2.3768795838000868e6
2.375540611829776e6
2.3741839179973765e6
2.3728097716227137e6
2.371418444008353e6
2.37001020815918e6
2.3685853385141315e6
2.3671441106897607e6
2.365686801235287e6
2.364213687398822e6
2.3627250469044456e6
2.3612211577397827e6
2.359702297953784e6
2.358168745464364e6
2.3566207778756004e6
2.3550586723041455e6
2.353482705214588e6
2.3518931522634067e6
2.350290288151261e6
2.348674386483288e6
2.3470457196371458e6
2.3454045586385e6
2.3437511730436888e6
2.3420858308292935e6
2.340408798288352e6
2.338720339932961e6
2.3370207184030106e6
2.3353101943808226e6
2.3335890265114415e6
2.331857471328359e6
2.3301157831844427e6
2.328364214187871e6
2.326603014142837e6
2.3248324304948356e6
2.3230527082803547e6
2.321264090080742e6
2.3194668159800954e6
2.317661123526989e6
2.3158472476998665e6
2.314025420875925e6
2.3121958728033556e6
2.310358830576756e6
2.3085145186155885e6
2.306663158645538e6
2.3048049696826125e6
2.3029401680198866e6
2.301068967216729e6
2.29919157809041e6
2.297308208709962e6
2.295419064392186e6
2.29352434769968e6
2.29162425844081e6
2.289718993671488e6
2.2878087476987024e6
2.2858937120856517e6
2.2839740756584606e6
2.282050024514326e6
2.280121742031051e6
2.278189408877887e6
2.2762532030275823e6
2.274313299769588e6
2.272369871724343e6
2.2704230888585756e6
2.2684731185015524e6
2.2665201253622063e6
2.264564271547117e6
2.262605716579238e6
2.2606446174173676e6
2.258681128476273e6
2.256715401647443e6
2.2547475863204114e6
2.2527778294046116e6
2.2508062753517134e6
2.248833066178409e6
2.2468583414896033e6
2.2448822385019823e6
2.2429048920678967e6
2.240926434699571e6
2.2389469965935666e6
2.2369667056554817e6
2.234985687524871e6
2.2330040656003403e6
2.2310219610647974e6
2.229039492910838e6
2.2270567779662316e6
2.2250739309194935e6
2.223091064345535e6
2.2211082887313296e6
2.219125712501625e6
2.2171434420446544e6
2.2151615817378317e6
2.213180233973424e6
2.211199499184185e6
2.2092194758689166e6
2.2072402606179807e6
2.2052619481387e6
2.203284631280693e6
2.2013084010610757e6
2.1993333466895595e6
2.1973595555934156e6
2.1953871134423004e6
2.1934161041729413e6
2.191446610013656e6
2.1894787115087193e6
2.187512487542558e6
2.185548015363761e6
2.183585370608922e6
2.1816246273262766e6
2.1796658579991553e6
2.177709133569239e6
2.1757545234596087e6
2.1738020955975796e6
2.1718519164373404e6
2.1699040509823654e6
2.1679585628076093e6
2.16601551408149e6
2.1640749655876406e6
2.162136976746437e6
2.160201605636299e6
2.1582689090147708e6
2.156338942339349e6
2.154411759788109e6
2.1524874142800733e6
2.1505659574953555e6
2.14864743989508e6
2.5422849375919523e6
2.5422776650994187e6
2.5422679234859454e6
2.5422552069149325e6
2.5422389694986464e6
2.542218629111202e6
2.542193571441094e6
2.5421631541852416e6
2.5421267113003135e6
2.542083557240235e6
2.5420329911208814e6
2.5419743007639735e6
2.541906766582111e6
2.5418296652755826e6
2.541742273319229e6
2.541643870224236e6
2.541533741565291e6
2.541411181768316e6
2.5412754966578633e6
2.5411260057665124e6
2.5409620444111596e6
2.5407829655432077e6
2.5405881413811715e6
2.540376964835435e6
2.5401488507357445e6
2.5399032368725636e6
2.539639584863719e6
2.539357380857914e6
2.5390561360866423e6
2.538735387275834e6
2.5383946969283433e6
2.5380336534879985e6
2.5376518713955465e6
2.537248991046358e6
2.5368246786592933e6
2.536378626065613e6
2.53591055042631e6
2.5354201938857366e6
2.534907323168892e6
2.5343717291292166e6
2.533813226253304e6
2.533231652128413e6
2.5326268668782613e6
2.53199875257213e6
2.5313472126119086e6
2.530672171101299e6
2.52997357220108e6
2.5292513794739293e6
2.528505575222024e6
2.527736159820312e6
2.5269431510480745e6
2.526126583421131e6
2.525286507526801e6
2.524422989363495e6
2.523536109686618e6
2.5226259633622556e6
2.52169265872995e6
2.5207363169756876e6
2.519757071516098e6
2.518755067394695e6
2.5177304606908886e6
2.5166834179423694e6
2.5156141155813513e6
2.514522739385089e6
2.51340948394098e6
2.5122745521264817e6
2.5111181546040126e6
2.509940509330937e6
2.5087418410846796e6
2.507522381002958e6
2.506282366139074e6
2.505022039032178e6
2.503741647292375e6
2.5024414432004914e6
2.5011216833223337e6
2.49978262813721e6
2.4984245416804813e6
2.497047691199879e6
2.4956523468253366e6
2.4942387812520307e6
2.492807269436353e6
2.491358088304499e6
2.4898915164733743e6
2.4884078339834907e6
2.4869073220435544e6
2.4853902627863986e6
2.4838569390359605e6
2.482307634084975e6
2.4807426314830594e6
2.4791622148348773e6
2.477566667608059e6
2.475956272950572e6
2.474331313517229e6
2.472692071305036e6
2.4710388274970604e6
2.469371862314551e6
2.467691454877007e6
2.4659978830699106e6
2.4642914234198546e6
2.462572350976785e6
2.460840939203104e6
2.4590974598693657e6
2.45734218295632e6
2.4555753765630526e6
2.4537973068209966e6
2.452008237813561e6
2.4502084315011743e6
2.4483981476515145e6
2.446577643774701e6
2.4447471750632753e6
2.4429069943367327e6
2.4410573519904395e6
2.439198495948738e6
2.437330671622061e6
2.435454121867875e6
2.4335690869552945e6
2.4316758045331966e6
2.4297745096016773e6
2.4278654344866965e6
2.4259488088177815e6
2.424024859508614e6
2.422093810740405e6
2.420155883947887e6
2.418211297807827e6
2.4162602682299237e6
2.4143030083499667e6
2.412339728525163e6
2.410370636331505e6
2.408395936563082e6
2.406415831233229e6
2.4044305195774366e6
2.402440198057896e6
2.4004450603696154e6
2.39844529744802e6
2.39644109747794e6
2.394432645903913e6
2.392420125441741e6
2.3904037160912044e6
2.388383595149879e6
2.3863599372279868e6
2.384332914264214e6
2.3823026955424403e6
2.380269447709306e6
2.3782333347925954e6
2.376194518220327e6
2.3741531568405633e6
2.372109406941836e6
2.3700634222741807e6
2.3680153540707035e6
2.3659653510696646e6
2.3639135595370177e6
2.3618601232893737e6
2.3598051837173607e6
2.3577488798093214e6
2.355691348175338e6
2.3536327230715416e6
2.3515731364246714e6
2.3495127178568663e6
2.3474515947106415e6
2.345389892074055e6
2.3433277328059985e6
2.341265237561626e6
2.3392025248178714e6
2.337139710899047e6
2.3350769100025017e6
2.333014234224305e6
2.3309517935849624e6
2.3288896960551254e6
2.3268280475812815e6
2.3247669521114244e6
2.3227065116206673e6
2.3206468261367995e6
2.3185879937657723e6
2.3165301107170945e6
2.314473271329136e6
2.3124175680943113e6
2.3103630916841608e6
2.3083099309742874e6
2.3062581730691665e6
2.3042079033268015e6
2.3021592053832263e6
2.300112161176852e6
2.2980668509726347e6
2.296023353386075e6
2.2939817454070337e6
2.2919421024233582e6
2.2899044982443196e6
2.287869005123846e6
2.285835693783571e6
2.2838046334356503e6
2.281775891805393e6
2.279749535153668e6
2.277725628299093e6
2.2757042346400176e6
2.2736854161762665e6
2.2716692335306825e6
2.269655745970417e6
2.2676450114280246e6
2.265637086522303e6
2.263632026578917e6
2.2616298856507926e6
2.669725571972906e6
2.6697182676576274e6
2.6697084794293265e6
2.669695696758339e6
2.6696793681987016e6
2.6696589051611084e6
2.6696336859375867e6
2.669603059879735e6
2.6695663516459293e6
2.669522865445737e6
2.669471889221727e6
2.6694126987197455e6
2.669344561408554e6
2.669266740218425e6
2.669178497075884e6
2.669079096218439e6
2.6689678072787467e6
2.6688439081324474e6
2.6687066875079283e6
2.6685554473594963e6
2.6683895050081946e6
2.668208195056553e6
2.6680108710852624e6
2.667796907141004e6
2.6675656990255807e6
2.6673166653971095e6
2.667049248694431e6
2.6667629158960385e6
2.666457159124872e6
2.666131496110176e6
2.6657854705174016e6
2.665418652156814e6
2.6650306370810997e6
2.6646210475818207e6
2.664189532094138e6
2.6637357650187034e6
2.663259446469173e6
2.6627603019532617e6
2.662238081994787e6
2.661692561703637e6
2.661123540300169e6
2.6605308406000184e6
2.659914308464909e6
2.6592738122245953e6
2.658609242074683e6
2.6579205094546555e6
2.657207546410111e6
2.6564703049428263e6
2.6557087563519725e6
2.65492289056947e6
2.654112715492224e6
2.653278256313681e6
2.65241955485691e6
2.6515366689111935e6
2.6506296715738885e6
2.649698650599101e6
2.6487437077545957e6
2.6477649581881096e6
2.6467625298041617e6
2.6457365626522517e6
2.6446872083272487e6
2.643614629382625e6
2.6425189987570993e6
2.6414004992151367e6
2.6402593228016887e6
2.6390956703114407e6
2.637909750772794e6
2.6367017809467083e6
2.6354719848405067e6
2.634220593236658e6
2.632947843236518e6
2.6316539778189845e6
2.6303392454139325e6
2.6290038994903155e6
2.6276481981587727e6
2.62627240378852e6
2.6248767826383463e6
2.623461604501442e6
2.622027142363837e6
2.6205736720761685e6
2.619101472038489e6
2.617610822897844e6
2.6161020072583086e6
2.614575309403185e6
2.6130310150290392e6
2.6114694109912897e6
2.609890785061007e6
2.608295425692619e6
2.6066836218022164e6
2.605055662556127e6
2.6034118371694605e6
2.6017524347143015e6
2.600077743937259e6
2.5983880530860517e6
2.59668364974485e6
2.594964820678062e6
2.593231851682291e6
2.591485027446167e6
2.5897246314177853e6
2.587950945679478e6
2.5861642508296403e6
2.5843648258713735e6
2.5825529481076756e6
2.580728893042931e6
2.578892934290467e6
2.577045343485946e6
2.5751863902063486e6
2.573316341894337e6
2.5714354637877927e6
2.5695440188542968e6
2.567642267730372e6
2.565730468665276e6
2.563808877469162e6
2.561877747465421e6
2.5599373294470315e6
2.5579878716367288e6
2.556029619650854e6
2.554062816466685e6
2.5520877023931397e6
2.550104515044654e6
2.5481134893181166e6
2.546114857372724e6
2.544108848612599e6
2.542095689672065e6
2.5400756044034306e6
2.5380488138671773e6
2.536015536324439e6
2.5339759872316355e6
2.531930379237175e6
2.5298789221801236e6
2.5278218230907186e6
2.5257592861926532e6
2.523691512907033e6
2.521618701857902e6
2.519541048879284e6
2.517458747023614e6
2.515371986571528e6
2.513280955042897e6
2.5111858372090557e6
2.509086815106149e6
2.5069840680495244e6
2.504877772649125e6
2.50276810282579e6
2.500655229828444e6
2.498539322252078e6
2.496420546056506e6
2.494299064585816e6
2.492175038588484e6
2.4900486262380956e6
2.4879199831546345e6
2.485789262426293e6
2.4836566146317646e6
2.481522187862968e6
2.4793861277482007e6
2.477248577475621e6
2.475109677817112e6
2.4729695671524033e6
2.47082838149349e6
2.4686862545092865e6
2.466543317550485e6
2.4643996996746114e6
2.46225552767123e6
2.4601109260872956e6
2.4579660172526096e6
2.455820921305367e6
2.453675756217778e6
2.4515306378217363e6
2.449385679834518e6
2.447240993884497e6
2.4450966895368523e6
2.4429528743192567e6
2.4408096537475344e6
2.4386671313512656e6
2.4365254086993253e6
2.4343845854253555e6
2.432244759253143e6
2.4301060260218964e6
2.427968479711421e6
2.4258322124671666e6
2.42369731462515e6
2.4215638747367403e6
2.4194319795932877e6
2.4173017142506167e6
2.415173162053338e6
2.4130464046590077e6
2.4109215220620995e6
2.4087985926178047e6
2.406677693065643e6
2.404558898552883e6
2.4024422826577644e6
2.4003279174125283e6
2.3982158733262285e6
2.396106219407352e6
2.393999023186219e6
2.39189435073717e6
2.38979226670054e6
2.3876928343044086e6
2.3855961153861345e6
2.383502170413664e6
2.3814110585066197e6
2.379322837457149e6
2.8022262266727537e6
2.8022188910511523e6
2.8022090569445426e6
2.802196209188632e6
2.8021797908436293e6
2.80215920692599e6
2.802133828403773e6
2.802102996357441e6
2.802066026221148e6
2.802022212032176e6
2.801970830627933e6
2.8019111457406776e6
2.8018424119498846e6
2.8017638784608026e6
2.801674792685382e6
2.8015744036083696e6
2.8014619649270424e6
2.801336737957896e6
2.801197994307655e6
2.801045018309319e6
2.8008771092267297e6
2.8006935832333085e6
2.8004937751723835e6
2.8002770401078267e6
2.8000427546747173e6
2.799790318240414e6
2.7995191538868863e6
2.7992287092253477e6
2.798918457054336e6
2.798587895872274e6
2.7982365502553727e6
2.797863971111468e6
2.7974697358200145e6
2.7970534482680857e6
2.7966147387917796e6
2.7961532640319876e6
2.7956687067129826e6
2.795160775351843e6
2.7946292039061915e6
2.7940737513673045e6
2.793494201305151e6
2.792890361371461e6
2.7922620627665017e6
2.7916091596748102e6
2.790931528674704e6
2.79022906812605e6
2.789501697540357e6
2.788749356936947e6
2.7879720061886227e6
2.787169624359921e6
2.786342209040805e6
2.785489775678316e6
2.7846123569085035e6
2.7837100018907017e6
2.7827827756459923e6
2.7818307584015145e6
2.780854044942076e6
2.779852743970367e6
2.778826977476896e6
2.7777768801206425e6
2.7767025986212837e6
2.775604291163711e6
2.774482126815467e6
2.773336284957607e6
2.7721669547294094e6
2.7709743344872785e6
2.7697586312780753e6
2.768520060327096e6
2.767258844540786e6
2.765975214024292e6
2.7646694056138364e6
2.7633416624239143e6
2.7619922334092176e6
2.7606213729411815e6
2.7592293403990353e6
2.7578163997751577e6
2.756382819294566e6
2.754928871048316e6
2.753454830640573e6
2.751960976849111e6
2.750447591298969e6
2.748914958149004e6
2.747363363791026e6
2.745793096561254e6
2.7442044464637726e6
2.742597704905691e6
2.740973164443709e6
2.7393311185417534e6
2.7376718613394154e6
2.73599568743084e6
2.7343028916537883e6
2.732593768888549e6
2.730868613866404e6
2.729127720987344e6
2.727371384146745e6
2.7255998965706914e6
2.723813550659685e6
2.722012637840441e6
2.720197448425493e6
2.7183682714803386e6
2.716525394697855e6
2.7146691042797286e6
2.7127996848246367e6
2.7109174192229398e6
2.709022588557631e6
2.7071154720113208e6
2.7051963467790107e6
2.7032654879864436e6
2.7013231686137994e6
2.699369659424548e6
2.697405228899224e6
2.695430143173946e6
2.693444665983475e6
2.691449058608628e6
2.689443579827871e6
2.687428485872908e6
2.6854040303880833e6
2.6833704643934676e6
2.6813280362514355e6
2.6792769916365924e6
2.677217573508903e6
2.675150022089878e6
2.673074574841675e6
2.6709914664489897e6
2.6689009288035976e6
2.6668031909914254e6
2.664698479282039e6
2.6625870171204205e6
2.6604690251209284e6
2.658344721063344e6
2.656214319890881e6
2.654078033710072e6
2.6519360717924344e6
2.6497886405778257e6
2.64763594367939e6
2.6454781818900234e6
2.6433155531902704e6
2.6411482527575763e6
2.638976472976805e6
2.6368004034519834e6
2.6346202310191626e6
2.632436139760362e6
2.6302483110185154e6
2.628056923413359e6
2.6258621528582135e6
2.6236641725775856e6
2.6214631531255594e6
2.6192592624048986e6
2.617052665686832e6
2.6148435256314697e6
2.612632002308794e6
2.6104182532201945e6
2.608202433320503e6
2.605984695040488e6
2.603765188309759e6
2.6015440605800706e6
2.59932145684897e6
2.5970975196837657e6
2.5948723892457713e6
2.5926462033148212e6
2.5904190973140025e6
2.5881912043345966e6
2.585962655161181e6
2.5837335782969035e6
2.5815040999888577e6
2.579274344253582e6
2.5770444329026323e6
2.5748144855682217e6
2.572584619728898e6
2.5703549507352537e6
2.5681255918356413e6
2.5658966542018773e6
2.5636682469549305e6
2.561440477190559e6
2.5592134500049157e6
2.556987268520062e6
2.5547620339094284e6
2.552537845423169e6
2.550314800413428e6
2.5480929943594825e6
2.5458725208927747e6
2.543653471821816e6
2.5414359371569417e6
2.5392200051349276e6
2.5370057622434553e6
2.5347932932454045e6
2.532582681202994e6
2.5303740075017363e6
2.5281673518742146e6
2.5259627924236837e6
2.523760405647466e6
2.521560266460174e6
2.5193624482167126e6
2.517167022735093e6
2.5149740603190376e6
2.5127836297803763e6
2.5105957984612277e6
2.5084106322559686e6
2.5062281956329914e6
2.5040485516562313e6
2.501871762006484e6
2.9399361030000076e6
2.9399287365767793e6
2.939918857312299e6
2.939905945465285e6
2.9398894386657993e6
2.939868735604646e6
2.939843199998021e6
2.939812164729286e6
2.939774936082598e6
2.9397307979955347e6
2.939679016269389e6
2.939618842686451e6
2.9395495189932333e6
2.9394702807172057e6
2.9393803607922057e6
2.9392789929743316e6
2.9391654150358024e6
2.9390388717292156e6
2.938898617518697e6
2.938743919077846e6
2.9385740575572783e6
2.9383883306267234e6
2.938186054298556e6
2.937966564540934e6
2.9377292186898403e6
2.9374733966700323e6
2.9371985020354115e6
2.936903962839606e6
2.9365892323476896e6
2.9362537895998955e6
2.9358971398380785e6
2.935518814805387e6
2.935118372929348e6
2.9346953993981583e6
2.93424950613959e6
2.933780331711458e6
2.9332875411121924e6
2.9327708255195003e6
2.9322299019647585e6
2.9316645129501736e6
2.9310744260154166e6
2.930459433259889e6
2.9298193508264106e6
2.929154018351654e6
2.928463298388288e6
2.92774707580337e6
2.927005257157185e6
2.92623777006639e6
2.9254445625549564e6
2.9246256023961497e6
2.923780876448445e6
2.922910389988041e6
2.92201416604036e6
2.9210922447126955e6
2.9201446825299608e6
2.9191715517752385e6
2.9181729398367163e6
2.9171489485623506e6
2.916099693623471e6
2.915025303888401e6
2.913925920806977e6
2.912801697806808e6
2.9116527997019063e6
2.910479402114299e6
2.9092816909090686e6
2.908059861643221e6
2.906814119028693e6
2.9055446764097055e6
2.9042517552546626e6
2.9029355846626796e6
2.9015964008848025e6
2.900234446859914e6
2.8988499717653017e6
2.8974432305817907e6
2.8960144836733486e6
2.8945639963809955e6
2.8930920386308758e6
2.8915988845562707e6
2.890084812133355e6
2.888550102830457e6
2.8869950412705797e6
2.885419914906908e6
2.883825013711046e6
2.8822106298737023e6
2.880577057517517e6
2.8789245924217557e6
2.877253531758569e6
2.8755641738405023e6
2.873856817878977e6
2.872131763753412e6
2.870389311790712e6
2.868629762554791e6
2.866853416645851e6
2.8650605745091126e6
2.8632515362526975e6
2.8614266014743773e6
2.8595860690969047e6
2.8577302372116297e6
2.8558594029301386e6
2.8539738622436384e6
2.852073909889814e6
2.8501598392268964e6
2.848231942114699e6
2.846290508802348e6
2.844335827822484e6
2.842368185891678e6
2.840387867816855e6
2.838395156407456e6
2.836390332393165e6
2.834373674346953e6
2.8323454586132453e6
2.8303059592410065e6
2.8282554479215406e6
2.8261941939308303e6
2.824122464076214e6
2.8220405226472258e6
2.8199486313704364e6
2.817847049368109e6
2.8157360331205158e6
2.8136158364317697e6
2.811486710398986e6
2.8093489033846706e6
2.8072026609921535e6
2.805048226043956e6
2.8028858385629426e6
2.800715735756146e6
2.7985381520011267e6
2.796353318834754e6
2.7941614649443e6
2.791962816160724e6
2.7897575954540516e6
2.7875460229307422e6
2.785328315832938e6
2.7831046885395166e6
2.7808753525688443e6
2.7786405165831377e6
2.776400386394365e6
2.7741551649715877e6
2.7719050524496795e6
2.7696502461393396e6
2.767390940538326e6
2.76512732734385e6
2.7628595954660517e6
2.7605879310425026e6
2.7583125174536803e6
2.756033535339331e6
2.753751162615688e6
2.7514655744934953e6
2.7491769434967535e6
2.7468854394821767e6
2.7445912296592845e6
2.742294478611097e6
2.739995348315391e6
2.737693998166468e6
2.7353905849973937e6
2.7330852631026846e6
2.730778184261388e6
2.728469497760537e6
2.726159350418924e6
2.7238478866111934e6
2.721535248292196e6
2.719221575021589e6
2.7169070039886497e6
2.714591670037279e6
2.71227570569117e6
2.709959241179118e6
2.707642404460444e6
2.7053253212505197e6
2.70300811504636e6
2.700690907152287e6
2.698373816705613e6
2.696056960702357e6
2.69374045402296e6
2.6914244094579895e6
2.6891089377338123e6
2.686794147538235e6
2.6844801455460787e6
2.682167036444695e6
2.679854922959398e6
2.6775439058788056e6
2.67523408408008e6
2.67292555455406e6
2.670618412430264e6
2.6683127510017725e6
2.6660086617499646e6
2.663706234369115e6
2.6614055567908282e6
2.6591067152083246e6
2.6568097941005523e6
2.6545148762561195e6
2.652222042797071e6
2.6499313732024487e6
2.6476429453316983e6
2.6453568354478558e6
2.643073118240553e6
2.6407918668488134e6
2.638513152883653e6
2.63623704645047e6
2.6339636161712143e6
2.631692929206369e6
2.6294250512766903e6
3.083007306678955e6
3.082999909947397e6
3.082989986229824e6
3.0829770112648117e6
3.0829604173152307e6
3.082939596814209e6
3.082913906297762e6
3.082882670525992e6
3.0828451867073854e6
3.0828007287528324e6
3.0827485514973747e6
3.0826878948381757e6
3.08261798774678e6
3.082538052122246e6
3.0824473064593575e6
3.082344969312724e6
3.0822302625433523e6
3.0821024143391605e6
3.0819606620051186e6
3.0818042545221355e6
3.0816324548767423e6
3.0814445421659066e6
3.0812398134832596e6
3.081017585594405e6
3.0807771964101465e6
3.0805180062672542e6
3.080239399026952e6
3.0799407830016557e6
3.0796215917206276e6
3.0792812845452693e6
3.0789193471446284e6
3.0785352918415065e6
3.078128657839277e6
3.077699011339192e6
3.0772459455575445e6
3.0767690806516726e6
3.076268063563325e6
3.0757425677874857e6
3.075192293074273e6
3.0746169650711007e6
3.0740163349118046e6
3.0733901787590478e6
3.0727382973058294e6
3.072060515241556e6
3.071356680687703e6
3.070626664607739e6
3.0698703601955846e6
3.069087682246578e6
3.068278566514536e6
3.0674429690582636e6
3.0665808655804815e6
3.065692250761951e6
3.0647771375932787e6
3.06383555670664e6
3.062867555709458e6
3.0618731985218613e6
3.0608525647195275e6
3.0598057488833857e6
3.058732859957438e6
3.0576340206158417e6
3.056509366640237e6
3.0553590463081705e6
3.054183219793374e6
3.052982058578503e6
3.0517557448808765e6
3.050504471091665e6
3.049228439228859e6
3.047927860404314e6
3.0466029543050807e6
3.045253948689147e6
3.043881078895708e6
3.042484587369991e6
3.0410647232026183e6
3.0396217416834827e6
3.038155903870028e6
3.036667476169828e6
3.035156729937325e6
3.033623941084531e6
3.032069389705523e6
3.030493359714507e6
3.028896138497217e6
3.027278016575406e6
3.0256392872841717e6
3.023980246461845e6
3.0223011921521784e6
3.0206024243185264e6
3.018884244569748e6
3.017146955897533e6
3.015390862424853e6
3.013616269165253e6
3.0118234817926586e6
3.010012806421432e6
3.0081845493963636e6
3.0063390170923052e6
3.0044765157231535e6
3.0025973511599083e6
3.0007018287574886e6
2.9987902531900587e6
2.996862928294571e6
2.994920156922243e6
2.9929622407977227e6
2.990989480385669e6
2.989002174764476e6
2.987000621506913e6
2.9849851165674254e6
2.982955954175847e6
2.980913426737295e6
2.978857824738024e6
2.9767894366570106e6
2.9747085488830516e6
2.9726154456371646e6
2.9705104089000835e6
2.96839371834466e6
2.9662656512729595e6
2.964126482557882e6
2.9619764845891083e6
2.959815927223211e6
2.957645077737745e6
2.955464200789157e6
2.9532735583743607e6
2.951073409795803e6
2.9488640116298962e6
2.9466456176986466e6
2.944418479044357e6
2.9421828439072496e6
2.9399389577059066e6
2.9376870630203597e6
2.9354273995777527e6
2.9331602042404194e6
2.9308857109962967e6
2.9286041509515266e6
2.9263157523251823e6
2.9240207404459883e6
2.9217193377509336e6
2.9194117637857134e6
2.917098235206875e6
2.9147789657856007e6
2.912454166413036e6
2.9101240451070853e6
2.9077888070205874e6
2.905448654450822e6
2.903103786850235e6
2.9007544008383513e6
2.8984006902148e6
2.896042845973348e6
2.8936810563169615e6
2.891315506673754e6
2.8889463797138114e6
2.886573855366839e6
2.884198110840551e6
2.881819320639789e6
2.879437656586286e6
2.877053287839063e6
2.87466638091539e6
2.872277099712287e6
2.869885605528508e6
2.867492057086989e6
2.865096610557705e6
2.8626994195809183e6
2.8603006352907657e6
2.857900406339175e6
2.855498878920055e6
2.8530961967937592e6
2.850692501311761e6
2.848287931441549e6
2.8458826237916937e6
2.8434767126370617e6
2.841070329944175e6
2.8386636053966684e6
2.836256666420843e6
2.833849638211279e6
2.831442643756513e6
2.829035803864731e6
2.8266292371894894e6
2.8242230602554292e6
2.8218173874839796e6
2.8194123312190142e6
2.8170080017524897e6
2.8146045073500024e6
2.8122019542762907e6
2.8098004468206475e6
2.8074000873222467e6
2.8050009761953615e6
2.8026032119544717e6
2.800206891239256e6
2.797812108839443e6
2.795418957719531e6
2.79302752904336e6
2.7906379121985347e6
2.7882501948206793e6
2.7858644628175334e6
2.7834808003928745e6
2.7810992900702576e6
2.7787200127165844e6
2.776343047565474e6
2.773968472240451e6
2.7715963627779274e6
2.769226793650001e6
2.766859837787037e6
2.7644955666000554e6
2.7621340500029037e6
3.2315948758466747e6
3.231587449289001e6
3.231577481807864e6
3.231564444677751e6
3.231547764856562e6
3.231526828587109e6
3.231500985296449e6
3.231469551695039e6
3.231431815990069e6
3.2313870421391283e6
3.2313344740816024e6
3.231273339895508e6
3.2312028558369745e6
3.231122230228022e6
3.2310306671658927e6
3.2309273700337997e6
3.2308115447987467e6
3.2306824030870046e6
3.2305391650320846e6
3.230381061893554e6
3.2302073384480164e6
3.230017255155967e6
3.229810090110171e6
3.229585140772772e6
3.229341725509469e6
3.2290791849300046e6
3.2287968830448086e6
3.228494208248036e6
3.22817057413744e6
3.227825420181604e6
3.227458212244956e6
3.2270684429808515e6
3.226655632102752e6
3.226219326543213e6
3.225759100510053e6
3.2252745554486555e6
3.224765319918972e6
3.224231049395331e6
3.223671425996745e6
3.223086158154933e6
3.222474980226868e6
3.2218376520582074e6
3.2211739585035443e6
3.220483708909008e6
3.21976673656235e6
3.219022898115272e6
3.2182520729823792e6
3.2174541627208143e6
3.21662909039428e6
3.215776799924861e6
3.2148972554357704e6
3.2139904405878363e6
3.2130563579123323e6
3.2120950281424876e6
3.211106489545778e6
3.2100907972589144e6
3.2090480226272307e6
3.2079782525499957e6
3.2068815888330075e6
3.205758147549671e6
3.2046080584116117e6
3.203431464149751e6
3.202228519906645e6
3.2009993926407737e6
3.1997442605433566e6
3.1984633124682056e6
3.1971567473749905e6
3.195824773786271e6
3.1944676092585223e6
3.1930854798673596e6
3.1916786197070745e6
3.1902472704045777e6
3.1887916806477513e6
3.187312105728217e6
3.1858088070984343e6
3.1842820519430744e6
3.1827321127645187e6
3.181159266982345e6
3.1795637965466203e6
3.177945987564824e6
3.1763061299421606e6
3.17464451703505e6
3.1729614453175617e6
3.1712572140604993e6
3.1695321250229254e6
3.1677864821558013e6
3.1660205913175e6
3.1642347600008943e6
3.162429297071723e6
3.1606045125179715e6
3.1587607172099375e6
3.1568982226707283e6
3.1550173408568725e6
3.153118383948757e6
3.1512016641506166e6
3.1492674934997726e6
3.14731618368484e6
3.1453480458726333e6
3.143363390543483e6
3.141362527334692e6
3.1393457648918675e6
3.1373134107278734e6
3.135265771089119e6
3.133203150828967e6
3.1311258532879795e6
3.1290341801807866e6
3.1269284314893195e6
3.1248089053621977e6
3.1226758980200295e6
3.1205297036664067e6
3.1183706144044e6
3.116198920158314e6
3.1140149086005352e6
3.1118188650832395e6
3.109611072574809e6
3.107391811600733e6
3.10516136018884e6
3.102919993818677e6
3.100667985374869e6
3.098405605104285e6
3.09613312057687e6
3.093850796649977e6
3.091558895436049e6
3.08925767627351e6
3.0869473957007327e6
3.0846283074329416e6
3.082300662341913e6
3.0799647084383704e6
3.077620690856928e6
3.075268851843482e6
3.0729094307449353e6
3.0705426640011314e6
3.0681687851389223e6
3.0657880247682403e6
3.0634006105800844e6
3.0610067673463416e6
3.058606716921335e6
3.056200678245024e6
3.0537888673477527e6
3.0513714973565033e6
3.0489487785025346e6
3.046520918130361e6
3.0440881207079855e6
3.041650587838325e6
3.039208518271753e6
3.0367621079197135e6
3.03431154986932e6
3.031857034398903e6
3.029398748994441e6
3.0269368783668126e6
3.024471604469839e6
3.022003106519042e6
3.0195315610110946e6
3.0170571417438923e6
3.014580019837234e6
3.012100363754029e6
3.0096183393220305e6
3.0071341097560357e6
3.0046478356805164e6
3.0021596751526464e6
2.999669783685699e6
2.9971783142727762e6
2.994685417410841e6
2.9921912411250127e6
2.989695930993118e6
2.9871996301704603e6
2.9847024794147694e6
2.9822046171113336e6
2.9797061792982626e6
2.977207299691888e6
2.9747081097122487e6
2.972208738508673e6
2.96970931298541e6
2.967209957827322e6
2.9647107955255783e6
2.962211946403385e6
2.9597135286416947e6
2.9572156583049004e6
2.9547184493664987e6
2.9522220137346964e6
2.9497264612779715e6
2.947231899850544e6
2.944738435317782e6
2.9422461715815077e6
2.9397552106051897e6
2.9372656524390397e6
2.9347775952449706e6
2.9322911353214397e6
2.9298063671281384e6
2.927323383310548e6
2.924842274724338e6
2.922363130459605e6
2.9198860378649463e6
2.917411082571366e6
2.9149383485159995e6
2.9124679179656627e6
2.909999871540212e6
2.9075342882357123e6
2.905071245447422e6
2.902610818992565e6
2.9001530831329166e6
3.385856809050075e6
3.3858493531377194e6
3.385839342567694e6
3.3858262442056662e6
3.385809479766045e6
3.3857884293680517e6
3.3857624354005293e6
3.385730806597644e6
3.3856928222396537e6
3.385647736404541e6
3.3855947822072865e6
3.3855331759737856e6
3.3854621213057647e6
3.385380813001465e6
3.3852884408044363e6
3.385184192959372e6
3.385067259559718e6
3.3849368356768033e6
3.3847921242644675e6
3.38463233883678e6
3.3844567059194515e6
3.3842644672779976e6
3.384054881927728e6
3.383827227932218e6
3.3835808039981737e6
3.383314930875496e6
3.3830289525720864e6
3.3827222373932907e6
3.382394178816224e6
3.3820441962092565e6
3.3816717354069683e6
3.381276269150708e6
3.380857297404709e6
3.380414347557407e6
3.3799469745173086e6
3.379454760712348e6
3.378937316001306e6
3.3783942775054406e6
3.3778253093680292e6
3.377230102449141e6
3.376608373962467e6
3.3759598670606785e6
3.375284350375296e6
3.3745816175167216e6
3.373851486539622e6
3.3730937993785436e6
3.3723084212582125e6
3.3714952400826854e6
3.3706541658071484e6
3.369785129795881e6
3.368888084169571e6
3.367963001144943e6
3.367009872369347e6
3.366028708252747e6
3.3650195372993113e6
3.3639824054405787e6
3.362917375372014e6
3.3618245258945143e6
3.360703951262347e6
3.3595557605387513e6
3.35838007696034e6
3.3571770373113095e6
3.355946791308277e6
3.3546895009965417e6
3.353405340158374e6
3.3520944937338857e6
3.3507571572549413e6
3.3493935362924784e6
3.3480038459175285e6
3.346588310176169e6
3.3451471615785863e6
3.3436806406023363e6
3.342188995209887e6
3.3406724803804485e6
3.3391313576560514e6
3.33756589470184e6
3.3359763648804477e6
3.334363046840365e6
3.332726224118118e6
3.3310661847540974e6
3.3293832209218484e6
3.3276776285705953e6
3.32594970708078e6
3.3241997589323805e6
3.322428089385739e6
3.3206350061746635e6
3.31882081921151e6
3.3169858403039942e6
3.3151303828834277e6
3.3132547617441206e6
3.31135929279365e6
3.3094442928137127e6
3.3075100792312757e6
3.305556969899732e6
3.3035852828897955e6
3.3015953362898165e6
3.299587448015281e6
3.297561935627167e6
3.2955191161589324e6
3.2934593059518198e6
3.2913828204982355e6
3.2892899742929386e6
3.2871810806917707e6
3.2850564517776812e6
3.282916398233802e6
3.2807612292233165e6
3.278591252275901e6
3.276406773180492e6
3.2742080958841634e6
3.271995522396881e6
3.269769352701935e6
3.2675298846718143e6
3.2652774139893474e6
3.2630122340738922e6
3.2607346360123814e6
3.2584449084950406e6
3.256143337755605e6
3.253830207515827e6
3.2515057989341426e6
3.2491703905582973e6
3.2468242582817907e6
3.2444676753039625e6
3.2421009120935933e6
3.2397242363558505e6
3.2373379130024505e6
3.2349422041248917e6
3.232537368970636e6
3.2301236639220947e6
3.227701342478307e6
3.2252706552391867e6
3.222831849892228e6
3.2203851712015374e6
3.217930860999111e6
3.2154691581782387e6
3.213000298688929e6
3.2105245155352796e6
3.208042038774669e6
3.205553095518712e6
3.203057909935863e6
3.2005567032556185e6
3.1980496937741884e6
3.195537096861612e6
3.1930191249702154e6
3.1904959876443367e6
3.187967891531261e6
3.1854350403933027e6
3.182897635120952e6
3.1803558737470508e6
3.1778099514619093e6
3.175260060629342e6
3.172706390803535e6
3.170149128746715e6
3.1675884584475635e6
3.165024561140328e6
3.1624576153245806e6
3.159887796785591e6
3.157315278615258e6
3.154740231233571e6
3.15216282241056e6
3.1495832172886846e6
3.1470015784056494e6
3.1444180657175938e6
3.1418328366226326e6
3.139246045984706e6
3.1366578461577273e6
3.1340683870099843e6
3.131477815948774e6
3.1288862779452372e6
3.1262939155593896e6
3.123700868965292e6
3.121107275976372e6
3.118513272070852e6
3.1159189904172723e6
3.1133245619000904e6
3.1107301151453336e6
3.1081357765462906e6
3.10554167028923e6
3.1029479183791173e6
3.100354640665327e6
3.0977619548673322e6
3.0951699766003503e6
3.092578819400948e6
3.0899885947525804e6
3.087399412111053e6
3.0848113789299033e6
3.082224600685689e6
3.079639180903166e6
3.077055221180356e6
3.0744728212134917e6
3.0718920788218332e6
3.0693130899723424e6
3.0667359488042095e6
3.064160747653239e6
3.061587577076068e6
3.059016525874216e6
3.056447681117976e6
3.0538811281701257e6
3.0513169507094556e6
3.048755230754116e6
3.0461960486847768e6
3.043639483267596e6
3.5459540932429032e6
3.54594660843682e6
3.5459365554381176e6
3.545923396758129e6
3.5459065489285123e6
3.545885386010976e6
3.5458592434264016e6
3.5458274220057093e6
3.545789192176547e6
3.545743798211226e6
3.545690462472165e6
3.5456283896011165e6
3.5455567706077676e6
3.54547478682163e6
3.5453816136786267e6
3.545276424320456e6
3.5451583929905565e6
3.54502669821555e6
3.5448805257653357e6
3.5447190713886814e6
3.54454154332416e6
3.5443471645888803e6
3.544135175049486e6
3.5439048332815478e6
3.5436554182247873e6
3.5433862306425786e6
3.5430965943948333e6
3.5427858575339457e6
3.542453393233738e6
3.542098600561509e6
3.5417209051032914e6
3.5413197594523663e6
3.540894643570846e6
3.540445065033937e6
3.5399705591661776e6
3.539470689078551e6
3.5389450456151017e6
3.538393247217156e6
3.5378149397129477e6
3.5372097960399534e6
3.536577515906894e6
3.5359178254018645e6
3.5352304765527123e6
3.534515246845364e6
3.5337719387053843e6
3.533000378947733e6
3.532200418199259e6
3.5313719302982213e6
3.530514811674671e6
3.529628980715353e6
3.5287143771163933e6
3.527770961226803e6
3.5267987133855624e6
3.525797633254808e6
3.524767739151388e6
3.5237090673788725e6
3.5226216715618903e6
3.5215056219844427e6
3.5203610049337423e6
3.5191879220508835e6
3.5179864896895518e6
3.5167568382838396e6
3.5154991117260545e6
3.5142134667553725e6
3.5129000723580006e6
3.5115591091794446e6
3.5101907689494225e6
3.5087952539197803e6
3.507372776315819e6
3.5059235578012527e6
3.504447828957032e6
3.502945828774171e6
3.5014178041606788e6
3.499864009462632e6
3.498284705999411e6
3.4966801616130443e6
3.495050650231602e6
3.4933964514465453e6
3.4917178501038784e6
3.4900151359089753e6
3.488288603044891e6
3.4865385498039676e6
3.484765278232524e6
3.4829690937883947e6
3.4811503050110997e6
3.479309223204373e6
3.4774461621308126e6
3.475561437718373e6
3.4736553677784386e6
3.471728271735202e6
3.469780470366068e6
3.467812285552799e6
3.4658240400431287e6
3.463816057222561e6
3.4617886608960694e6
3.45974217507941e6
3.4576769237997904e6
3.455593230905596e6
3.4534914198849206e6
3.4513718136926075e6
3.449234734585562e6
3.4470805039660456e6
3.444909442232726e6
3.4427218686391935e6
3.440518101159719e6
3.438298456362001e6
3.4360632492866763e6
3.433812793333326e6
3.431547400152791e6
3.4292673795455466e6
3.426973039365924e6
3.424664685431972e6
3.4223426214407412e6
3.4200071488888073e6
3.417658566997806e6
3.4152971726448364e6
3.412923260297488e6
3.4105371219533673e6
3.408139047083908e6
3.4057293225823217e6
3.403308232715505e6
3.400876059079753e6
3.39843308056013e6
3.3959795732933334e6
3.393515810633909e6
3.3910420631236946e6
3.388558598464319e6
3.3860656814926774e6
3.383563574159189e6
3.381052535508789e6
3.378532821664464e6
3.376004685813272e6
3.373468378194703e6
3.370924146091284e6
3.3683722338213352e6
3.3658128827337446e6
3.3632463312047157e6
3.360672814636343e6
3.358092565456969e6
3.3555058131231996e6
3.35291278412353e6
3.3503137019834747e6
3.3477087872721367e6
3.345098257610138e6
3.3424823276788434e6
3.339861209230808e6
3.3372351111013778e6
3.3346042392213866e6
3.3319687966308845e6
3.329328983493845e6
3.326684997113777e6
3.3240370319502135e6
3.3213852796360105e6
3.3187299289953937e6
3.316071166062743e6
3.3134091741020186e6
3.310744133626835e6
3.3080762224210976e6
3.3054056155601926e6
3.3027324854326756e6
3.300057001762424e6
3.297379331631222e6
3.294699639501737e6
3.292018087240868e6
3.289334834143411e6
3.286650036956042e6
3.283963849901564e6
3.2812764247034e6
3.2785879106103154e6
3.2758984544213167e6
3.2732082005107477e6
3.2705172908535106e6
3.2678258650504258e6
3.2651340603536954e6
3.2624420116924583e6
3.259749851698403e6
3.2570577107314384e6
3.254365716905398e6
3.251673996113757e6
3.248982672055353e6
3.246291866260092e6
3.243601698114633e6
3.2409122848880235e6
3.238223741757296e6
3.2355361818329818e6
3.232849716184568e6
3.230164453865855e6
3.2274805019402313e6
3.2247979655058184e6
3.222116947720537e6
3.219437549827019e6
3.2167598711774037e6
3.214084009257994e6
3.2114100597137655e6
3.208738116372725e6
3.206068271270114e6
3.20340061467244e6
3.200735235101349e6
3.1980722199705183e6
3.195411653156377e6
3.1927536187006314e6
3.712050731782803e6
3.712043218533753e6
3.7120331237524957e6
3.7120199056497356e6
3.712002975634383e6
3.7119817017760566e6
3.7119554125974043e6
3.7119234010988176e6
3.711884928929558e6
3.711839230630403e6
3.711785517883555e6
3.711722983715481e6
3.711650806607466e6
3.711568154477002e6
3.7114741885005548e6
3.711368066754892e6
3.7112489476599516e6
3.7111159932112736e6
3.710968371994367e6
3.7108052619770933e6
3.7106258530792226e6
3.710429349520962e6
3.7102149719543285e6
3.709981959382972e6
3.709729570877449e6
3.7094570870938944e6
3.7091638116049464e6
3.7088490720522073e6
3.708512221129963e6
3.7081526374100284e6
3.7077697260176744e6
3.7073629191685e6
3.7069316765760034e6
3.706475485739364e6
3.705993862120658e6
3.705486349220458e6
3.7049525185603243e6
3.7043919695804156e6
3.703804329459972e6
3.7031892528680614e6
3.7025464216515524e6
3.7018755444668904e6
3.7011763563618353e6
3.700448618312936e6
3.6996921167241232e6
3.698906662891455e6
3.69809209243867e6
3.6972482647278635e6
3.6963750622493103e6
3.6954723899940783e6
3.6945401748128613e6
3.693578364764131e6
3.6925869284544415e6
3.691565854373517e6
3.690515150226466e6
3.6894348422652916e6
3.688324974621633e6
3.687185608642502e6
3.6860168222305896e6
3.684818709190559e6
3.6835913785825847e6
3.6823349540842627e6
3.681049573361863e6
3.6797353874518084e6
3.678392560153122e6
3.6770212674314957e6
3.675621696835531e6
3.6741940469256253e6
3.6727385267158924e6
3.6712553551294133e6
3.669744760467099e6
3.6682069798903097e6
3.6666422589173946e6
3.665050850934222e6
3.663433016718727e6
3.661789023979483e6
3.6601191469082474e6
3.6584236657464053e6
3.6567028663652134e6
3.6549570398596996e6
3.653186482156074e6
3.6513914936324684e6
3.649572378752813e6
3.647729445713643e6
3.645863006103602e6
3.6439733745754156e6
3.642060868530091e6
3.6401258078130805e6
3.6381685144221513e6
3.636189312226704e6
3.6341885266982606e6
3.632166484651847e6
3.630123513998006e6
3.6280599435051596e6
3.625976102572028e6
3.6238723210098674e6
3.6217489288342064e6
3.6196062560658427e6
3.6174446325408076e6
3.6152643877290487e6
3.6130658505615457e6
3.610849349265612e6
3.6086152112081246e6
3.606363762746411e6
3.604095329086577e6
3.601810234148997e6
3.5995088004407412e6
3.5971913489347165e6
3.594858198955271e6
3.592509668070046e6
3.5901460719878604e6
3.5877677244624067e6
3.5853749372015507e6
3.5829680197820403e6
3.5805472795693977e6
3.5781130216428465e6
3.5756655487250374e6
3.573205161116425e6
3.5707321566340965e6
3.5682468305549044e6
3.5657494755626917e6
3.5632403816995025e6
3.5607198363205767e6
3.558188124052993e6
3.555645526757815e6
3.553092323495585e6
3.5505287904950427e6
3.5479552011249186e6
3.545371825868676e6
3.5427789323020773e6
3.5401767850734685e6
3.5375656458866233e6
3.5349457734860787e6
3.5323174236448193e6
3.5296808491542228e6
3.5270362998161563e6
3.524384022437123e6
3.52172426082437e6
3.5190572557838596e6
3.5163832451200173e6
3.5137024636371695e6
3.511015143142597e6
3.5083215124511034e6
3.5056217973910524e6
3.5029162208117647e6
3.500205002592244e6
3.4974883596511213e6
3.4947665059577855e6
3.492039652544621e6
3.4893080075202896e6
3.486571776084009e6
3.483831160540763e6
3.481086360317388e6
3.478337571979499e6
3.475584989249174e6
3.4728288030233947e6
3.470069202188152e6
3.467306370458178e6
3.4645404911673334e6
3.4617717441094844e6
3.4590003063549367e6
3.4562263522723382e6
3.4534500535510317e6
3.4506715792238135e6
3.447891095690072e6
3.4451087667392795e6
3.442324753574785e6
3.439539214837906e6
3.436752306632286e6
3.433964182548468e6
3.4311749936886923e6
3.4283848886918686e6
3.425594013758721e6
3.422802512677058e6
3.420010526847177e6
3.417218195307353e6
3.4144256547594196e6
3.4116330395944016e6
3.408840481918202e6
3.4060481115773045e6
3.403256056184505e6
3.400464441144624e6
3.3976733896802086e6
3.394883022857214e6
3.3920934596106242e6
3.3893048167700376e6
3.386517209085163e6
3.3837307492512674e6
3.380945547934507e6
3.3781617137971846e6
3.3753793535228837e6
3.3725985718415002e6
3.369819471554144e6
3.367042153557915e6
3.3642667168705263e6
3.3614932586548105e6
3.358721874243047e6
3.355952657161144e6
3.3531856991526657e6
3.3504210902026724e6
3.347658918561406e6
3.884313773452532e6
3.8843062322013606e6
3.8842960962699475e6
3.8842828196213e6
3.8842658086008453e6
3.8842444253508677e6
3.8842179915649714e6
3.884185792485383e6
3.8841470810570675e6
3.884101082163532e6
3.8840469968795674e6
3.883984006686008e6
3.8839112776005417e6
3.8838279641869334e6
3.883733213412344e6
3.883626168329084e6
3.8835059715629383e6
3.8833717685952513e6
3.883222710830356e6
3.8830579584436696e6
3.8828766830089395e6
3.88267806990576e6
3.8824613205106687e6
3.882225654176903e6
3.881970310009298e6
3.8816945484419386e6
3.8813976526269643e6
3.8810789296435495e6
3.880737711536511e6
3.880373356194161e6
3.8799852480751933e6
3.8795727987943282e6
3.87913544757632e6
3.8786726615878e6
3.8781839361560866e6
3.87766879488389e6
3.8771267896684143e6
3.8765575006330716e6
3.8759605359795997e6
3.875335531768009e6
3.874682151631349e6
3.8740000864319596e6
3.873289053865394e6
3.872548798017897e6
3.8717790888828645e6
3.8709797218414294e6
3.8701505171118765e6
3.8692913191723335e6
3.868401996160803e6
3.8674824392563105e6
3.8665325620446396e6
3.865552299871885e6
3.864541609188717e6
3.863500466888082e6
3.8624288696387475e6
3.8613268332169834e6
3.8601943918383466e6
3.8590315974914357e6
3.8578385192752583e6
3.856615242741704e6
3.855361869244436e6
3.8540785152953933e6
3.852765311929978e6
3.8514224040817926e6
3.850049949967807e6
3.848648120484609e6
3.847217098616366e6
3.8457570788550056e6
3.844268266633067e6
3.8427508777695354e6
3.8412051379290195e6
3.8396312820944185e6
3.8380295540533024e6
3.8364002058981033e6
3.8347434975401685e6
3.833059696237727e6
3.831349076137739e6
3.829611917831571e6
3.8278485079244357e6
3.826059138618474e6
3.82424410730934e6
3.8224037161961477e6
3.8205382719045873e6
3.8186480851230295e6
3.816733470251395e6
3.8147947450625873e6
3.81283223037624e6
3.810846249744538e6
3.8088371281256503e6
3.8068051956898305e6
3.8047507813946325e6
3.8026742168133603e6
3.800575834853201e6
3.7984559695080803e6
3.7963149556217473e6
3.7941531286608283e6
3.7919708244975707e6
3.7897683792019994e6
3.7875461288432367e6
3.785304409299704e6
3.7830435560779483e6
3.7807639041398307e6
3.7784657877378264e6
3.7761495402581715e6
3.7738154940716154e6
3.7714639803915494e6
3.7690953291392247e6
3.7667098688158845e6
3.7643079263815316e6
3.761889827140133e6
3.759455894631021e6
3.7570064505262994e6
3.7545418155582095e6
3.7520623053310914e6
3.749568236380702e6
3.7470599219967197e6
3.74453767317123e6
3.742001798527822e6
3.7394526042552907e6
3.736890394045805e6
3.734315469037334e6
3.7317281277601975e6
3.7291286660875585e6
3.726517377189709e6
3.7238945514920037e6
3.7212604766362906e6
3.718615437445683e6
3.715959715892573e6
3.7132935910697016e6
3.7106173391641984e6
3.707931233434452e6
3.705235544189686e6
3.7025305387721155e6
3.6998164815416127e6
3.697093633862709e6
3.6943622540938836e6
3.6916225975790117e6
3.6888749166408675e6
3.6861194605766158e6
3.6833564756551567e6
3.680586205116288e6
3.67780888917155e6
3.675024765006706e6
3.672234066785762e6
3.669437025656453e6
3.666633869757126e6
3.6638248242249414e6
3.6610101112053376e6
3.6581899498626664e6
3.655364556391986e6
3.6525341440318823e6
3.6496989230783214e6
3.6468591008994505e6
3.6440148819512813e6
3.641166467794231e6
3.638314057110458e6
3.635457845721931e6
3.6325980266092084e6
3.629734789930882e6
3.6268683230436086e6
3.6239988105227454e6
3.621126434183496e6
3.6182513731025583e6
3.615373803640244e6
3.6124938994630096e6
3.6096118315663827e6
3.606727768298257e6
3.603841875382513e6
3.6009543159429394e6
3.5980652505274275e6
3.595174837132417e6
3.592283231227568e6
3.589390585780615e6
3.58649705128241e6
3.5836027757721175e6
3.58070790486253e6
3.5778125817655004e6
3.574916947317473e6
3.5720211400050777e6
3.5691252959907847e6
3.566229549138595e6
3.56333403103976e6
3.5604388710385035e6
3.5575441962577393e6
3.554650131624771e6
3.5517567998969536e6
3.548864321687315e6
3.5459728154901187e6
3.5430823977063573e6
3.5401931826691674e6
3.537305282669154e6
3.5344188079796256e6
3.5315338668817123e6
3.5286505656893686e6
3.5257690087742615e6
3.522889298590522e6
3.5200115356993536e6
3.5171358187935124e6
3.5142622447216175e6
3.5113909085123157e6
3.508521903398287e6
4.0629133366471776e6
4.062905767825089e6
4.0628955913625476e6
4.0628822570270426e6
4.0628651661590287e6
4.0628436750375465e6
4.0628170985957985e6
4.06278471438981e6
4.062745766734176e6
4.062699470929481e6
4.062645017516305e6
4.0625815765002146e6
4.062508301501199e6
4.0624243337890576e6
4.0623288061736817e6
4.0622208467256953e6
4.062099582308794e6
4.0619641419101334e6
4.0618136597596216e6
4.061647278232626e6
4.0614641505339486e6
4.061263443163512e6
4.0610443381665074e6
4.0608060351725174e6
4.06054775322966e6
4.060268732440903e6
4.0599682354106116e6
4.05964554851001e6
4.0592999829707346e6
4.0589308758158796e6
4.058537590638105e6
4.058119518234397e6
4.057676077106972e6
4.057206713839659e6
4.056710903358881e6
4.056188149088087e6
4.0556379830041244e6
4.055059965603779e6
4.0544536857882636e6
4.0538187606731276e6
4.0531548353306283e6
4.0524615824712454e6
4.051738702070623e6
4.0509859209478702e6
4.0502029923007186e6
4.049389695202763e6
4.0485458340675766e6
4.047671238084212e6
4.046765760628254e6
4.045829278652273e6
4.0448616920592496e6
4.043862923062266e6
4.042832915533468e6
4.041771634345077e6
4.0406790647049793e6
4.039555211489203e6
4.038400098573415e6
4.037213768165298e6
4.0359962801395627e6
4.0347477113771606e6
4.0334681551100668e6
4.0321577202728996e6
4.030816530862489e6
4.0294447253063694e6
4.028042455841074e6
4.026609887900983e6
4.02514719951838e6
4.023654580735297e6
4.022132233027606e6
4.0205803687417796e6
4.0189992105446365e6
4.0173889908863427e6
4.0157499514768636e6
4.0140823427760373e6
4.0123864234973444e6
4.0106624601254445e6
4.00891072644748e6
4.007131503098146e6
4.005325077118447e6
4.0034917415280594e6
4.001631794911201e6
3.9997455410158522e6
3.997833288366174e6
3.9958953498879685e6
3.993932042546943e6
3.9919436869996297e6
3.9899306072566845e6
3.9878931303583733e6
3.985831586061989e6
3.9837463065409604e6
3.981637626095397e6
3.9795058808738086e6
3.977351408605753e6
3.9751745483451155e6
3.972975640223807e6
3.9707550252155624e6
3.968513044909593e6
3.966250041293847e6
3.9639663565475727e6
3.961662332842955e6
3.9593383121555448e6
3.9569946360832336e6
3.9546316456735134e6
3.9522496812587664e6
3.9498490822993414e6
3.947430187234169e6
3.9449933333386853e6
3.942538856589805e6
3.9400670915377373e6
3.937578371184406e6
3.9350730268682456e6
3.9325513881551693e6
3.930013782735495e6
3.927460536326603e6
3.924891972581147e6
3.9223084130006167e6
3.919710176854019e6
3.9170975811015884e6
3.914470940323203e6
3.911830566651472e6
3.9091767697092113e6
3.906509856551204e6
3.9038301316100545e6
3.9011378966459883e6
3.8984334507004363e6
3.8957170900532575e6
3.8929891081834617e6
3.890249795733278e6
3.8874994404754494e6
3.8847383272836036e6
3.881966738105593e6
3.8791849519396573e6
3.8763932448133077e6
3.8735918897648156e6
3.870781156827176e6
3.867961313014463e6
3.865132622310448e6
3.8622953456594045e6
3.8594497409589756e6
3.8565960630550375e6
3.8537345637384383e6
3.8508654917435553e6
3.847989092748558e6
3.8451056093773213e6
3.8422152812028797e6
3.8393183447523788e6
3.836415033513425e6
3.833505577941784e6
3.8305902054703357e6
3.8276691405192446e6
3.8247426045072703e6
3.821810815864154e6
3.8188739900440318e6
3.815932339539813e6
3.8129860738984724e6
3.810035399737198e6
3.8070805207603564e6
3.804121637777215e6
3.801158948720377e6
3.798192648664903e6
3.795222929848043e6
3.7922499816895695e6
3.7892739908126583e6
3.786295141065269e6
3.7833136135420213e6
3.7803295866064886e6
3.777343235913921e6
3.7743547344343313e6
3.771364252475922e6
3.768371957708843e6
3.765378015189221e6
3.7623825873834626e6
3.7593858341927864e6
3.756387912977966e6
3.753388978584262e6
3.7503891833665166e6
3.7473886772143953e6
3.744387607577752e6
3.7413861194920875e6
3.7383843556041145e6
3.7353824561973587e6
3.7323805592178428e6
3.7293788002997795e6
3.7263773127912944e6
3.723376227780155e6
3.720375674119481e6
3.717375778453434e6
3.714376665242884e6
3.711378456791005e6
3.7083812732688305e6
3.70538523274073e6
3.7023904511898067e6
3.6993970425432124e6
3.6964051186973453e6
3.6934147895429637e6
3.690426162990167e6
3.6874393449932546e6
3.6844544395754673e6
3.6814715488535706e6
3.678490773062314e6
3.675512210578724e6
4.248022642725735e6
4.248015046754546e6
4.248004830366884e6
4.247991439186123e6
4.247974269605533e6
4.247952672104316e6
4.247925954923338e6
4.247893388003997e6
4.2478542071042145e6
4.247807618016063e6
4.247752800819411e6
4.247688914115601e6
4.24761509919381e6
4.247530484091028e6
4.247434187513684e6
4.247325322595662e6
4.247203000473226e6
4.247066333662361e6
4.246914439228701e6
4.2467464417437455e6
4.246561476024595e6
4.24635868965697e6
4.246137245303671e6
4.245896322802548e6
4.245635121059391e6
4.2453528597426405e6
4.245048780787447e6
4.24472214971757e6
4.244372256793887e6
4.243998417998784e6
4.243599975865705e6
4.243176300163359e6
4.242726788443904e6
4.24225086646435e6
4.241747988490247e6
4.241217637490416e6
4.240659325231255e6
4.240072592278761e6
4.239457007916125e6
4.23881216998435e6
4.238137704652981e6
4.23743326612768e6
4.236698536300994e6
4.235933224352274e6
4.23513706630234e6
4.23430982452821e6
4.233451287242701e6
4.232561267943556e6
4.231639604836306e6
4.230686160234792e6
4.2297008199430695e6
4.228683492621973e6
4.227634109143505e6
4.226552621935855e6
4.225439004321739e6
4.224293249852343e6
4.223115371639148e6
4.221905401685552e6
4.220663390220141e6
4.219389405033188e6
4.218083530817873e6
4.216745868517547e6
4.215376534680155e6
4.213975660820968e6
4.212543392794426e6
4.211079890176016e6
4.209585325654811e6
4.208059884437338e6
4.206503763663264e6
4.204917171833387e6
4.203300328250264e6
4.20165346247181e6
4.199976813778086e6
4.198270630651464e6
4.196535170270354e6
4.194770698016475e6
4.1929774869958228e6
4.191155817573251e6
4.1893059769207016e6
4.187428258578972e6
4.1855229620329672e6
4.1835903923002766e6
4.1816308595329877e6
4.1796446786325397e6
4.177632168877452e6
4.175593653563734e6
4.173529459657789e6
4.1714399174615517e6
4.169325360289676e6
4.1671861241585207e6
4.1650225474866773e6
4.16283497080681e6
4.1606237364885462e6
4.158389188472161e6
4.156131672012796e6
4.153851533434952e6
4.1515491198969977e6
4.1492247791654235e6
4.1468788593985867e6
4.144511708939684e6
4.1421236761187008e6
4.139715109063059e6
4.13728635551674e6
4.1348377626676145e6
4.1323696769827185e6
4.1298824440512634e6
4.127376408435123e6
4.1248519135265416e6
4.122309301412874e6
4.119748912748094e6
4.1171710866308603e6
4.1145761604889277e6
4.1119644699696777e6
4.10933634883657e6
4.106692128871302e6
4.1040321397814797e6
4.101356709113617e6
4.0986661621712497e6
4.095960821937999e6
4.093241009005399e6
4.0905070415053125e6
4.0877592350467583e6
4.0849979026570064e6
4.0822233547267304e6
4.0794358989591408e6
4.0766358403228573e6
4.0738234810084444e6
4.070999120388422e6
4.068163054980637e6
4.0653155784148476e6
4.062456981402407e6
4.0595875517088845e6
4.0567075741295563e6
4.053817330467594e6
4.050917099514866e6
4.0480071570352404e6
4.0450877757502594e6
4.042159225327123e6
4.039221772368825e6
4.0362756804064102e6
4.0333212098931936e6
4.030358618200908e6
4.027388159617646e6
4.0244100853475556e6
4.021424643512163e6
4.01843207915329e6
4.015432634237445e6
4.0124265476616537e6
4.009414055260647e6
4.006395389815307e6
4.003370781062366e6
4.0003404557052385e6
3.9973046374259666e6
3.994263546898186e6
3.9912174018010926e6
3.9881664168343213e6
3.985110803733713e6
3.9820507712878943e6
3.9789865253556557e6
3.9759182688840367e6
3.972846200258608e6
3.9697705199969257e6
3.966691420757528e6
3.9636090940345535e6
3.9605237285103644e6
3.9574355100771496e6
3.954344621859002e6
3.9512512442344064e6
3.9481555548591167e6
3.9450577286893977e6
3.9419579380055927e6
3.938856352435998e6
3.9357531389810015e6
3.932648462037478e6
3.92954248342341e6
3.9264353624026994e6
3.9233272557101673e6
3.920218317576699e6
3.917108699754537e6
3.913998551542674e6
3.9108880198123544e6
3.9077772490326497e6
3.904666381296096e6
3.9015555563443704e6
3.89844491159401e6
3.895334582162129e6
3.892224700892146e6
3.889115398379497e6
3.8860068029973223e6
3.8828990409221e6
3.8797922361592613e6
3.8766865105687086e6
3.873581983890288e6
3.8704787737691673e6
3.867376995781126e6
3.8642767634577486e6
3.861178188311506e6
3.8580813798607183e6
3.8549864456544016e6
3.8518934912969777e6
3.8488026204728456e6
4.439818038535389e6
4.439810415827794e6
4.439800160108326e6
4.439786712906916e6
4.439769465726682e6
4.439747763309718e6
4.439720907272048e6
4.439688160011558e6
4.4396487488029795e6
4.439601870004254e6
4.439546693308339e6
4.439482365983949e6
4.439408017057286e6
4.4393227613949645e6
4.439225703655436e6
4.43911594208288e6
4.438992572123243e6
4.438854689847246e6
4.438701395169667e6
4.438531794857997e6
4.438345005326904e6
4.438140155217747e6
4.437916387764635e6
4.437672862950581e6
4.43740875945875e6
4.43712327642514e6
4.436815635000004e6
4.436485079726003e6
4.436130879741734e6
4.435752329819506e6
4.435348751246591e6
4.434919492559114e6
4.434463930137892e6
4.433981468675307e6
4.433471541522179e6
4.43293361092338e6
4.432367168150664e6
4.431771733540838e6
4.431146856447142e6
4.43049211511129e6
4.429807116463328e6
4.429091495856024e6
4.428344916740231e6
4.42756707028723e6
4.426757674963714e6
4.425916476064762e6
4.42504324520976e6
4.424137779805926e6
4.423199902483755e6
4.422229460508426e6
4.421226325170887e6
4.420190391162076e6
4.419121575933435e6
4.418019819046685e6
4.416885081515555e6
4.4157173451418765e6
4.414516611848382e6
4.413282903010211e6
4.412016258786992e6
4.410716737457236e6
4.409384414756532e6
4.408019383220952e6
4.406621751536887e6
4.405191643898421e6
4.403729199373234e6
4.402234571277884e6
4.400707926563256e6
4.399149445210822e6
4.397559319640281e6
4.395937754129098e6
4.394284964244335e6
4.392601176287116e6
4.3908866267500175e6
4.389141561787616e6
4.3873662367003085e6
4.385560915431597e6
4.383725870078857e6
4.3818613804176245e6
4.379967733439442e6
4.378045222903149e6
4.376094148899639e6
4.374114817429908e6
4.372107539996315e6
4.3700726332069365e6
4.368010418392774e6
4.365921221237745e6
4.363805371421171e6
4.361663202272628e6
4.359495050438896e6
4.3573012555628065e6
4.355082159973755e6
4.352838108389633e6
4.35056944762994e6
4.348276526339808e6
4.345959694724707e6
4.343619304295593e6
4.341255707624167e6
4.338869258108088e6
4.33646030974581e6
4.3340292169208145e6
4.331576334194976e6
4.329102016110809e6
4.326606617002354e6
4.324090490814431e6
4.321553990930025e6
4.318997470005583e6
4.316421279813934e6
4.31382577109464e6
4.311211293411528e6
4.308578195017165e6
4.305926822724087e6
4.303257521782506e6
4.300570635764345e6
4.297866506453329e6
4.295145473740987e6
4.292407875528304e6
4.289654047632875e6
4.286884323701333e6
4.284099035126902e6
4.281298510971849e6
4.278483077894693e6
4.275653060081989e6
4.272808779184492e6
4.2699505542576e6
4.267078701705839e6
4.264193535231286e6
4.261295365785782e6
4.258384501526765e6
4.255461247776577e6
4.252525906985151e6
4.249578778695887e6
4.246620159514651e6
4.2436503430817025e6
4.2406696200464815e6
4.237678278045138e6
4.234676601680638e6
4.231664872505399e6
4.228643369006322e6
4.225612366592094e6
4.222572137582701e6
4.219522951201051e6
4.216465073566564e6
4.21339876769072e6
4.2103242934744e6
4.20724190770699e6
4.204151864067154e6
4.20105441312516e6
4.197949802346771e6
4.194838276098513e6
4.191720075654351e6
4.188595439203657e6
4.1854646018603984e6
4.1823277956735217e6
4.179185249638423e6
4.176037189709495e6
4.172883838813647e6
4.169725416864799e6
4.1665621407792373e6
4.1633942244918253e6
4.160221878973012e6
4.157045312246578e6
4.1538647294080877e6
4.1506803326440044e6
4.1474923212514175e6
4.144300891658357e6
4.1411062374446383e6
4.1379085493632234e6
4.1347080153620434e6
4.131504820606265e6
4.1282991475009485e6
4.125091175714094e6
4.1218810822000173e6
4.1186690412230548e6
4.115455224381539e6
4.1122398006320535e6
4.1090229363139127e6
4.105804795173858e6
4.102585538390943e6
4.099365324601591e6
4.096144309924793e6
4.092922650098256e6
4.089700492060565e6
4.0864779866416194e6
4.083255280144952e6
4.080032516484212e6
4.0768098372088447e6
4.073587381529821e6
4.070365286345355e6
4.067143686266631e6
4.063922713643513e6
4.060702498590217e6
4.0574831690109535e6
4.054264850625501e6
4.0510476669947375e6
4.0478317395460806e6
4.0446171875988576e6
4.041404128389572e6
4.0381926770970733e6
4.0349829468676313e6
4.03177504883987e6
4.028569092169596e6
4.638479033103155e6
4.638471384062962e6
4.638461089592641e6
4.638447587178601e6
4.6384302634901125e6
4.6384084575942e6
4.6383814645489445e6
4.638348539279393e6
4.638308900650285e6
4.63826173565978e6
4.63820620368793e6
4.638141440742949e6
4.638066563656745e6
4.637980674189197e6
4.637882863007854e6
4.637772213516179e6
4.637647805509296e6
4.637508718641312e6
4.637354035692736e6
4.63718284563042e6
4.636994246455793e6
4.636787347839938e6
4.636561273546533e6
4.636315163645567e6
4.636048176522413e6
4.635759490688148e6
4.635448306398027e6
4.635113847085805e6
4.6347553606221955e6
4.634372120406157e6
4.633963426297933e6
4.633528605402944e6
4.633067012715581e6
4.632578031631944e6
4.632061074340384e6
4.631515582098532e6
4.630941025405203e6
4.630336904075378e6
4.629702747226007e6
4.629038113180191e6
4.628342589296867e6
4.627615791732775e6
4.626857365143174e6
4.626066982327382e6
4.625244343824847e6
4.624389177467175e6
4.623501237891137e6
4.622580306017366e6
4.621626188499192e6
4.62063871714565e6
4.619617748322539e6
4.618563162335009e6
4.617474862794946e6
4.616352775976193e6
4.61519685016035e6
4.614007054975708e6
4.61278338073165e6
4.611525837750643e6
4.610234455699774e6
4.608909282923583e6
4.607550385779799e6
4.606157847979419e6
4.604731769932434e6
4.603272268100366e6
4.601779474356646e6
4.600253535355775e6
4.598694611912057e6
4.597102878388647e6
4.595478522097519e6
4.5938217427108735e6
4.592132751684501e6
4.590411771693404e6
4.588659036080077e6
4.586874788315647e6
4.585059281474085e6
4.58321277771967e6
4.581335547807769e6
4.5794278705990175e6
4.577490032586901e6
4.575522327438767e6
4.573525055550173e6
4.571498523612517e6
4.569443044193872e6
4.567358935332871e6
4.565246520145514e6
4.563106126444746e6
4.560938086372612e6
4.558742736044809e6
4.556520415207429e6
4.554271466905691e6
4.551996237164416e6
4.5496950746800415e6
4.54736833052392e6
4.545016357856661e6
4.542639511653304e6
4.540238148439016e6
4.537812626035105e6
4.5353633033150975e6
4.532890539970603e6
4.530394696286728e6
4.527876132926785e6
4.525335210726057e6
4.522772290494331e6
4.520187732827003e6
4.517581897924469e6
4.514955145419594e6
4.512307834212968e6
4.509640322315794e6
4.50695296670008e6
4.504246123155993e6
4.501520146156102e6
4.498775388726289e6
4.496012202323138e6
4.493230936717578e6
4.490431939884566e6
4.487615557898615e6
4.4847821348349685e6
4.48193201267623e6
4.479065531224242e6
4.476183028017078e6
4.47328483825088e6
4.470371294706481e6
4.467442727680538e6
4.46449946492107e6
4.461541831567236e6
4.458570150093141e6
4.455584740255617e6
4.45258591904572e6
4.449574000643898e6
4.4465492963786e6
4.443512114688276e6
4.440462761086565e6
4.437401538130592e6
4.434328745392217e6
4.431244679432148e6
4.428149633776772e6
4.425043898897602e6
4.421927762193248e6
4.418801507973774e6
4.415665417447372e6
4.412519768709233e6
4.409364836732518e6
4.406200893361357e6
4.403028207305772e6
4.399847044138427e6
4.396657666293153e6
4.393460333065137e6
4.390255300612717e6
4.387042821960694e6
4.383823147005092e6
4.380596522519326e6
4.377363192161647e6
4.3741233964838525e6
4.370877372941209e6
4.367625355903446e6
4.364367576666876e6
4.361104263467481e6
4.357835641494996e6
4.354561932907867e6
4.351283356849084e6
4.34800012946281e6
4.344712463911799e6
4.34142057039549e6
4.338124656168807e6
4.3348249255615845e6
4.331521579998584e6
4.32821481802007e6
4.324904835302892e6
4.32159182468208e6
4.318275976172857e6
4.31495747699309e6
4.311636511586121e6
4.30831326164396e6
4.304987906130794e6
4.301660621306819e6
4.29833158075232e6
4.295000955392023e6
4.291668913519657e6
4.288335620822737e6
4.285001240407494e6
4.281665932824006e6
4.278329856091431e6
4.274993165723386e6
4.27165601475341e6
4.26831855376051e6
4.264980930894794e6
4.261643291903126e6
4.258305780154834e6
4.254968536667427e6
4.251631700132337e6
4.248295406940627e6
4.244959791208696e6
4.241624984803948e6
4.238291117370424e6
4.234958316354361e6
4.2316267070297105e6
4.228296412523558e6
4.224967553841485e6
4.221640249892801e6
4.2183146175157195e6
4.214990771502382e6
4.844188314479035e6
4.844180639501406e6
4.844170306849144e6
4.844156750014307e6
4.844139350887896e6
4.844117442923224e6
4.844090314686716e6
4.844057213700782e6
4.844017350493071e6
4.8439699027762115e6
4.843914019691539e6
4.843848826059357e6
4.843773426586722e6
4.843686909991556e6
4.843588353009058e6
4.843476824252832e6
4.843351387908933e6
4.843211107246149e6
4.8430550479303235e6
4.842882281134469e6
4.842691886439713e6
4.842482954525099e6
4.842254589646589e6
4.842005911907696e6
4.841736059325889e6
4.841444189700113e6
4.841129482286052e6
4.840791139286424e6
4.840428387164323e6
4.840040477788025e6
4.839626689415976e6
4.839186327530875e6
4.838718725531726e6
4.838223245292826e6
4.8376992775984015e6
4.837146242461541e6
4.836563589335756e6
4.835950797227328e6
4.835307374716207e6
4.834632859892993e6
4.833926820219139e6
4.833188852317232e6
4.832418581697808e6
4.8316156624288205e6
4.83077977675359e6
4.829910634662642e6
4.829007973424554e6
4.828071557080639e6
4.827101175907875e6
4.826096645854332e6
4.825057807950895e6
4.823984527702984e6
4.822876694465518e6
4.821734220804279e6
4.820557041846487e6
4.819345114623204e6
4.818098417406015e6
4.816816949040126e6
4.815500728275938e6
4.814149793100911e6
4.8127642000734005e6
4.811344023659936e6
4.809889355577357e6
4.808400304140991e6
4.806876993619981e6
4.805319563600745e6
4.803728168359437e6
4.802102976244162e6
4.80044416906762e6
4.798751941510791e6
4.797026500538087e6
4.795268064824496e6
4.793476864194994e6
4.791653139076563e6
4.789797139963033e6
4.787909126892946e6
4.785989368940555e6
4.78403814372008e6
4.782055736903219e6
4.780042441749987e6
4.777998558652838e6
4.77592439469397e6
4.773820263215844e6
4.771686483404699e6
4.769523379887017e6
4.767331282338771e6
4.765110525107275e6
4.76286144684549e6
4.760584390158594e6
4.758279701262591e6
4.755947729654765e6
4.753588827795767e6
4.751203350803092e6
4.748791656155722e6
4.7463541034096945e6
4.743891053924353e6
4.741402870599047e6
4.738889917620017e6
4.736352560217231e6
4.733791164430903e6
4.731206096887486e6
4.728597724584845e6
4.725966414686389e6
4.723312534323914e6
4.720636450408919e6
4.717938529452127e6
4.715219137391014e6
4.712478639425077e6
4.709717399858632e6
4.706935781950894e6
4.704134147773142e6
4.701312858072707e6
4.698472272143619e6
4.695612747703646e6
4.69273464077757e6
4.689838305586447e6
4.686924094442695e6
4.683992357650777e6
4.681043443413324e6
4.678077697742467e6
4.675095464376266e6
4.672097084699982e6
4.669082897672063e6
4.666053239754677e6
4.663008444848608e6
4.659948844232372e6
4.656874766505399e6
4.653786537535105e6
4.6506844804077465e6
4.64756891538288e6
4.644440159851325e6
4.641298528296442e6
4.638144332258658e6
4.634977880303077e6
4.631799477990038e6
4.628609427848556e6
4.625408029352481e6
4.62219557889927e6
4.618972369791299e6
4.615738692219572e6
4.6124948332497375e6
4.609241076810331e6
4.60597770368311e6
4.602704991495447e6
4.599423214714637e6
4.59613264464406e6
4.592833549421112e6
4.589526194016842e6
4.586210840237172e6
4.582887746725671e6
4.579557168967797e6
4.576219359296523e6
4.5728745668993e6
4.569523037826283e6
4.566165014999744e6
4.562800738224657e6
4.559430444200334e6
4.556054366533103e6
4.5526727357499655e6
4.549285779313156e6
4.5458937216356e6
4.542496784097157e6
4.539095185061691e6
4.535689139894828e6
4.532278860982416e6
4.528864557749661e6
4.525446436680821e6
4.522024701339517e6
4.518599552389546e6
4.51517118761621e6
4.511739801948105e6
4.508305587479332e6
4.504868733492124e6
4.501429426479837e6
4.497987850170273e6
4.494544185549343e6
4.491098610884978e6
4.487651301751348e6
4.484202431053282e6
4.480752169050917e6
4.477300683384548e6
4.473848139099631e6
4.470394698671947e6
4.466940522032899e6
4.463485766594908e6
4.4600305872769235e6
4.456575136529985e6
4.4531195643628705e6
4.449664018367776e6
4.44620864374601e6
4.442753583333751e6
4.4392989776277505e6
4.435844964811054e6
4.432391680778716e6
4.428939259163437e6
4.425487831361189e6
4.422037526556774e6
4.418588471749313e6
4.415140791777659e6
4.411694609345729e6
4.408250045047749e6
5.057131784764691e6
5.05712408423638e6
5.057113713959341e6
5.057100103479747e6
5.057082629965177e6
5.057060621315885e6
5.057033359672329e6
5.05700008522399e6
5.056960000233994e6
5.056912273203584e6
5.056856043109671e6
5.056790423657642e6
5.056714507499866e6
5.056627370378119e6
5.056528075155208e6
5.056415675707513e6
5.056289220655908e6
5.056147756917687e6
5.0559903330665575e6
5.05581600249176e6
5.05562382635073e6
5.055412876312687e6
5.055182237092906e6
5.054931008779639e6
5.054658308957231e6
5.05436327463046e6
5.054045063956257e6
5.053702857789763e6
5.053335861052464e6
5.052943303930508e6
5.05252444291175e6
5.052078561670189e6
5.051604971806571e6
5.05110301345394e6
5.050572055756787e6
5.050011497232352e6
5.049420766022366e6
5.048799320043332e6
5.048146647043125e6
5.047462264571418e6
5.0467457198711e6
5.045996589697549e6
5.04521448007227e6
5.044399025977053e6
5.043549890994513e6
5.042666766900512e6
5.041749373213624e6
5.040797456706507e6
5.039810790883739e6
5.0387891754303565e6
5.037732435635035e6
5.036640421791627e6
5.035513008582436e6
5.034350094446417e6
5.033151600935203e6
5.031917472059677e6
5.030647673629528e6
5.0293421925881095e6
5.028001036344657e6
5.026624232105762e6
5.025211826207858e6
5.023763883452254e6
5.022280486444192e6
5.02076173493715e6
5.019207745183591e6
5.017618649293188e6
5.015994594599398e6
5.014335743035287e6
5.012642270519216e6
5.010914366351129e6
5.009152232619884e6
5.007356083622198e6
5.005526145293482e6
5.003662654651033e6
5.001765859249742e6
4.999836016650592e6
4.997873393902112e6
4.995878267034867e6
4.993850920569118e6
4.991791647035637e6
4.989700746509718e6
4.987578526158349e6
4.985425299800466e6
4.983241387480241e6
4.981027115053276e6
4.978782813785584e6
4.976508819965204e6
4.97420547452633e6
4.971873122685688e6
4.969512113591089e6
4.967122799981869e6
4.96470553786104e6
4.962260686178948e6
4.959788606528183e6
4.95728966284955e6
4.954764221148818e6
4.952212649224063e6
4.949635316403315e6
4.947032593292321e6
4.944404851532102e6
4.941752463566146e6
4.939075802416948e6
4.936375241471629e6
4.933651154276463e6
4.930903914339991e6
4.928133894944555e6
4.925341468965949e6
4.922527008701008e6
4.919690885702884e6
4.916833470623757e6
4.913955133064811e6
4.911056241433188e6
4.908137162805768e6
4.90519826279951e6
4.902239905448188e6
4.899262453085269e6
4.896266266232787e6
4.893251703495971e6
4.890219121463461e6
4.887168874612924e6
4.884101315221862e6
4.881016793283462e6
4.877915656427306e6
4.8747982498447625e6
4.871664916218896e6
4.8685159956587395e6
4.865351825637769e6
4.86217274093643e6
4.858979073588552e6
4.855771152831537e6
4.852549305060144e6
4.849313853783767e6
4.846065119587055e6
4.84280342009374e6
4.839529069933574e6
4.836242380712217e6
4.832943660983993e6
4.829633216227383e6
4.826311348823145e6
4.822978358034954e6
4.819634539992457e6
4.816280187676666e6
4.812915590907537e6
4.809541036333712e6
4.806156807424274e6
4.802763184462454e6
4.79936044454121e6
4.79594886156057e6
4.7925287062266935e6
4.789100246052543e6
4.785663745360109e6
4.78221946528413e6
4.778767663777184e6
4.775308595616164e6
4.771842512410007e6
4.768369662608634e6
4.764890291513069e6
4.761404641286631e6
4.75791295096718e6
4.754415456480356e6
4.750912390653735e6
4.747403983231896e6
4.743890460892299e6
4.74037204726198e6
4.736848962934976e6
4.73332142549046e6
4.729789649511535e6
4.726253846604658e6
4.722714225419642e6
4.719170991670206e6
4.71562434815504e6
4.712074494779348e6
4.708521628576834e6
4.704965943732101e6
4.70140763160344e6
4.697846880745978e6
4.694283876935127e6
4.690718803190367e6
4.687151839799283e6
4.683583164341864e6
4.680012951715013e6
4.676441374157278e6
4.672868601273764e6
4.669294800061189e6
4.665720134933103e6
4.662144767745224e6
4.658568857820868e6
4.654992561976483e6
4.651416034547251e6
4.647839427412722e6
4.644262890022529e6
4.640686569422088e6
4.637110610278337e6
4.63353515490547e6
4.629960343290638e6
4.626386313119644e6
4.622813199802594e6
4.619241136499506e6
4.615670254145837e6
4.612100681477985e6
4.608532545058662e6
5.277498586441945e6
5.277490860741509e6
5.277480453385424e6
5.277466790021705e6
5.277449243148633e6
5.277427135173375e6
5.277399741875481e6
5.277366296180701e6
5.2773259921598695e6
5.277277989176816e6
5.277221416118414e6
5.27715537564846e6
5.27707894843545e6
5.276991197311794e6
5.276891171329179e6
5.276777909681058e6
5.276650445469075e6
5.276507809295278e6
5.276349032666549e6
5.276173151201603e6
5.275979207634315e6
5.275766254610166e6
5.275533357274997e6
5.275279595657488e6
5.275004066848456e6
5.274705886981529e6
5.274384193020977e6
5.274038144363314e6
5.2736669242600715e6
5.273269741069625e6
5.272845829346337e6
5.272394450775509e6
5.271914894962765e6
5.271406480086479e6
5.270868553421806e6
5.2703004917448005e6
5.269701701624815e6
5.269071619613279e6
5.268409712336566e6
5.267715476500502e6
5.2669884388136435e6
5.266228155836221e6
5.265434213761311e6
5.264606228134384e6
5.263743843517194e6
5.262846733101493e6
5.261914598277863e6
5.260947168164547e6
5.259944199100905e6
5.258905474109814e6
5.257830802333025e6
5.256720018443261e6
5.255572982036486e6
5.254389577007653e6
5.253169710912867e6
5.251913314320751e6
5.250620340155563e6
5.249290763034432e6
5.247924578600802e6
5.246521802856133e6
5.245082471491574e6
5.243606639221314e6
5.24209437911906e6
5.240545781958985e6
5.2389609555623755e6
5.237340024151037e6
5.235683127708478e6
5.2339904213496735e6
5.232262074700267e6
5.230498271285755e6
5.228699207931391e6
5.226865094173202e6
5.224996151680627e6
5.223092613691082e6
5.221154724456851e6
5.219182738704448e6
5.217176921106734e6
5.215137545767887e6
5.213064895721348e6
5.210959262440819e6
5.208820945364336e6
5.206650251431387e6
5.204447494633081e6
5.2022129955753e6
5.199947081054704e6
5.197650083647549e6
5.195322341311135e6
5.192964196997767e6
5.190575998281063e6
5.188158096994419e6
5.185710848881481e6
5.183234613258372e6
5.180729752687532e6
5.17819663266288e6
5.175635621306171e6
5.173047089074227e6
5.1704314084768845e6
5.167788953805367e6
5.165120100870908e6
5.162425226753314e6
5.159704709559302e6
5.156958928190295e6
5.1541882621195195e6
5.151393091178075e6
5.148573795349824e6
5.145730754574794e6
5.142864348560905e6
5.139974956603772e6
5.137062957414338e6
5.134128728954156e6
5.131172648278024e6
5.128195091383841e6
5.125196433069382e6
5.122177046795852e6
5.119137304557929e6
5.116077576760197e6
5.112998232099653e6
5.109899637454171e6
5.106782157776703e6
5.103646155995025e6
5.100491992916841e6
5.097320027140076e6
5.094130614968188e6
5.090924110330285e6
5.087700864705936e6
5.0844612270544795e6
5.081205543748667e6
5.077934158512512e6
5.07464741236315e6
5.071345643556636e6
5.06802918753743e6
5.064698376891553e6
5.061353541303172e6
5.057995007514552e6
5.054623099289216e6
5.051238137378201e6
5.047840439489281e6
5.044430320259055e6
5.041008091227766e6
5.037574060816773e6
5.034128534308523e6
5.030671813828979e6
5.027204198332345e6
5.023725983588041e6
5.020237462169805e6
5.016738923446838e6
5.013230653576919e6
5.009712935501372e6
5.006186048941846e6
5.002650270398803e6
4.999105873151624e6
4.995553127260308e6
4.991992299568637e6
4.988423653708775e6
4.98484745010722e6
4.981263945992039e6
4.977673395401354e6
4.9740760491929725e6
4.97047215505515e6
4.966861957518384e6
4.963245697968243e6
4.959623614659115e6
4.955995942728873e6
4.9523629142144e6
4.9487247580678845e6
4.945081700173926e6
4.941433963367323e6
4.937781767451553e6
4.93412532921788e6
4.930464862465072e6
4.926800578019676e6
4.923132683756805e6
4.919461384621446e6
4.9157868826501975e6
4.912109376993451e6
4.908429063937972e6
4.904746136929832e6
4.901060786597696e6
4.897373200776428e6
4.893683564530957e6
4.889992060180439e6
4.886298867322634e6
4.882604162858507e6
4.878908121017028e6
4.875210913380138e6
4.8715127089078715e6
4.867813673963615e6
4.864113972339478e6
4.860413765281765e6
4.856713211516519e6
4.85301246727516e6
4.849311686320123e6
4.84561101997059e6
4.841910617128189e6
4.838210624302745e6
4.8345111856379965e6
4.830812442937306e6
4.827114535689343e6
4.823417601093726e6
4.819721774086613e6
4.816027187366234e6
5.505481130369781e6
5.505473379867812e6
5.505462935967255e6
5.505449220465005e6
5.505431601243441e6
5.50540939527592e6
5.5053818720455235e6
5.505348257282955e6
5.50530773693859e6
5.505259461312658e6
5.505202549276389e6
5.505136092525629e6
5.505059159816382e6
5.50497080113938e6
5.504870051797683e6
5.504755936357716e6
5.50462747244977e6
5.504483674399215e6
5.504323556674119e6
5.504146137138957e6
5.50395044010758e6
5.503735499191571e6
5.503500359942663e6
5.503244082290056e6
5.5029657427753005e6
5.502664436588823e6
5.502339279413501e6
5.501989409081541e6
5.50161398705174e6
5.501212199714744e6
5.5007832595343385e6
5.500326406033036e6
5.499840906630426e6
5.499326057342767e6
5.498781183352253e6
5.498205639454339e6
5.497598810391284e6
5.496960111079914e6
5.496288986741346e6
5.49558491294015e6
5.494847395540128e6
5.494075970583601e6
5.4932702041007625e6
5.49242969185535e6
5.491554059032571e6
5.490642959874853e6
5.489696077270763e6
5.488713122302019e6
5.487693833753314e6
5.486637977589297e6
5.485545346402837e6
5.484415758838367e6
5.483249058993893e6
5.482045115804944e6
5.480803822413562e6
5.47952509552512e6
5.478208874755668e6
5.476855121972118e6
5.475463820627576e6
5.474034975093814e6
5.472568609992734e6
5.471064769528565e6
5.469523516822281e6
5.467944933249705e6
5.466329117784525e6
5.464676186347372e6
5.462986271161997e6
5.461259520119465e6
5.459496096151172e6
5.457696176611395e6
5.455859952670056e6
5.453987628716181e6
5.452079421772604e6
5.450135560922271e6
5.448156286746512e6
5.446141850775572e6
5.444092514951593e6
5.4420085511042895e6
5.439890240439404e6
5.437737873040031e6
5.435551747380925e6
5.433332169855742e6
5.431079454317234e6
5.428793921630377e6
5.426475899238319e6
5.424125720741097e6
5.421743725487011e6
5.419330258176492e6
5.416885668478358e6
5.4144103106582835e6
5.411904543219284e6
5.4093687285540765e6
5.406803232609074e6
5.404208424559851e6
5.401584676497828e6
5.398932363127993e6
5.396251861477414e6
5.39354355061432e6
5.390807811377524e6
5.388045026115971e6
5.385255578438117e6
5.382439852970991e6
5.379598235128628e6
5.376731110889677e6
5.373838866583934e6
5.370921888687578e6
5.367980563626857e6
5.365015277590021e6
5.362026416347243e6
5.359014365078324e6
5.355979508207961e6
5.352922229248327e6
5.349842910648789e6
5.346741933652523e6
5.343619678159819e6
5.340476522597879e6
5.337312843796897e6
5.334129016872236e6
5.330925415112477e6
5.3277024098732015e6
5.324460370476262e6
5.3211996641144045e6
5.317920655761043e6
5.314623708085011e6
5.311309181370147e6
5.307977433439494e6
5.304628819584026e6
5.301263692495668e6
5.297882402204518e6
5.294485296020083e6
5.291072718476401e6
5.287645011280912e6
5.2842025132669145e6
5.280745560349514e6
5.277274485484896e6
5.273789618632822e6
5.270291286722216e6
5.266779813619728e6
5.263255520101145e6
5.2597187238255665e6
5.256169739312202e6
5.252608877919705e6
5.249036447827957e6
5.24545275402215e6
5.24185809827914e6
5.238252779155922e6
5.234637091980166e6
5.231011328842729e6
5.227375778592042e6
5.223730726830297e6
5.220076455911374e6
5.21641324494039e6
5.212741369774856e6
5.209061103027302e6
5.2053727140693655e6
5.20167646903724e6
5.197972630838409e6
5.194261459159659e6
5.190543210476245e6
5.186818138062193e6
5.183086492001673e6
5.179348519201392e6
5.175604463403938e6
5.171854565202051e6
5.168099062053752e6
5.164338188298306e6
5.160572175172939e6
5.156801250830308e6
5.153025640356647e6
5.149245565790567e6
5.145461246142485e6
5.141672897414596e6
5.137880732621412e6
5.1340849618107965e6
5.130285792085473e6
5.126483427624974e6
5.122678069707994e6
5.118869916735139e6
5.115059164252005e6
5.111246004972613e6
5.10743062880312e6
5.103613222865805e6
5.099793971523325e6
5.095973056403182e6
5.092150656422391e6
5.088326947812366e6
5.084502104143924e6
5.080676296352475e6
5.076849692763308e6
5.073022459117011e6
5.069194758594961e6
5.06536675184491e6
5.061538597006605e6
5.057710449737489e6
5.053882463238392e6
5.050054788279278e6
5.046227573224959e6
5.042400964060836e6
5.038575104418595e6
5.034750135601883e6
5.030926196611931e6
5.741275123781389e6
5.741267348840712e6
5.741256868919396e6
5.741243102009531e6
5.741225411430284e6
5.741203108779795e6
5.741175457308472e6
5.741141675620122e6
5.741100941616122e6
5.741052396606659e6
5.740995149521741e6
5.740928281163126e6
5.740850848446245e6
5.740761888588651e6
5.740660423208438e6
5.740545462302383e6
5.740416008079173e6
5.740271058628273e6
5.7401096114095105e6
5.739930666552356e6
5.739733229957462e6
5.739516316195991e6
5.7392789512048485e6
5.739020174778113e6
5.738739042856883e6
5.738434629621159e6
5.738106029388752e6
5.737752358327154e6
5.737372755985093e6
5.736966386651146e6
5.736532440547162e6
5.736070134864587e6
5.735578714651965e6
5.735057453561915e6
5.734505654465966e6
5.733922649945464e6
5.733307802666697e6
5.732660505648135e6
5.731980182427539e6
5.731266287136347e6
5.73051830448857e6
5.729735749691045e6
5.728918168281649e6
5.72806513590176e6
5.727176258008916e6
5.726251169535317e6
5.725289534497529e6
5.724291045562425e6
5.723255423574055e6
5.722182417045962e6
5.721071801623043e6
5.719923379516868e6
5.718736978918091e6
5.717512453389328e6
5.716249681241602e6
5.714948564897324e6
5.713609030242442e6
5.712231025970277e6
5.710814522919294e6
5.709359513406955e6
5.7078660105615435e6
5.706334047653735e6
5.7047636774295205e6
5.703154971445952e6
5.701508019411008e6
5.699822928528818e6
5.698099822851285e6
5.696338842637114e6
5.694540143719061e6
5.692703896880225e6
5.690830287240021e6
5.688919513650442e6
5.686971788103145e6
5.6849873351477645e6
5.682966391321897e6
5.680909204593002e6
5.6788160338125555e6
5.676687148182614e6
5.674522826734989e6
5.6723233578231195e6
5.670089038626757e6
5.667820174669498e6
5.6655170793491565e6
5.663180073480982e6
5.660809484853678e6
5.658405647798113e6
5.6559689027686985e6
5.653499595937252e6
5.650998078799264e6
5.648464707792387e6
5.645899843927034e6
5.643303852428835e6
5.640677102392865e6
5.638019966449358e6
5.63533282044077e6
5.632616043109959e6
5.629870015799239e6
5.627095122160156e6
5.624291747873683e6
5.62146028038067e6
5.618601108622286e6
5.615714622790225e6
5.612801214086457e6
5.609861274492297e6
5.606895196546518e6
5.603903373132324e6
5.600886197272942e6
5.597844061935583e6
5.594777359843562e6
5.59168648329636e6
5.588571823997385e6
5.585433772889223e6
5.582272719996167e6
5.579089054273819e6
5.575883163465504e6
5.572655433965383e6
5.569406250687961e6
5.566135996943854e6
5.562845054321622e6
5.559533802575421e6
5.556202619518356e6
5.552851880921307e6
5.549481960417047e6
5.546093229409531e6
5.542686056988092e6
5.539260809846471e6
5.535817852206458e6
5.532357545746001e6
5.528880249531642e6
5.525386319955102e6
5.5218761106739035e6
5.518349972555835e6
5.514808253627176e6
5.51125129902452e6
5.507679450950042e6
5.5040930486301165e6
5.500492428277166e6
5.49687792305457e6
5.4932498630445665e6
5.489608575219016e6
5.48595438341291e6
5.482287608300524e6
5.4786085673741065e6
5.47491757492501e6
5.471214942027158e6
5.467500976522755e6
5.463775983010155e6
5.46004026283379e6
5.456294114076074e6
5.45253783155121e6
5.448771706800793e6
5.444996028091173e6
5.441211080412447e6
5.437417145479068e6
5.4336145017319545e6
5.4298034243420325e6
5.425984185215203e6
5.422157052998572e6
5.418322293087981e6
5.414480167636712e6
5.410630935565333e6
5.406774852572634e6
5.402912171147589e6
5.399043140582293e6
5.3951680069858385e6
5.39128701329905e6
5.387400399310086e6
5.383508401670793e6
5.3796112539138375e6
5.375709186470523e6
5.371802426689275e6
5.367891198854758e6
5.363975724207581e6
5.360056220964544e6
5.3561329043394225e6
5.352205986564222e6
5.34827567691089e6
5.344342181713464e6
5.340405704390586e6
5.336466445468415e6
5.332524602603851e6
5.32858037060809e6
5.324633941470451e6
5.320685504382476e6
5.316735245762267e6
5.31278334927905e6
5.308829995877894e6
5.304875363804681e6
5.300919628631157e6
5.296962963280158e6
5.293005538050961e6
5.289047520644714e6
5.285089076189967e6
5.281130367268266e6
5.2771715539398175e6
5.273212793769156e6
5.269254241850891e6
5.265296050835419e6
5.261338370954664e6
5.257381350047799e6
5.25342513358694e6
5.9850795982812205e6
5.985071799257105e6
5.985061283828143e6
5.985047466227253e6
5.985029705262373e6
5.985007307214317e6
5.984979529163988e6
5.984945582655899e6
5.984904637613464e6
5.984855826430153e6
5.984798248169119e6
5.984730972812102e6
5.984653045506332e6
5.984563490765448e6
5.9844613165873205e6
5.984345518457874e6
5.984215083215676e6
5.984068992757193e6
5.983906227567061e6
5.9837257700617965e6
5.983526607738863e6
5.983307736125988e6
5.983068161528372e6
5.982806903573486e6
5.982522997555234e6
5.982215496580664e6
5.9818834735237975e6
5.981526022792163e6
5.981142261912447e6
5.980731332942322e6
5.980292403715999e6
5.979824668931333e6
5.979327351086611e6
5.97879970127516e6
5.978240999846016e6
5.977650556938773e6
5.977027712900689e6
5.9763718385938825e6
5.97568233560031e6
5.974958636331953e6
5.974200204053388e6
5.973406532823631e6
5.972577147363865e6
5.971711602857323e6
5.970809484687382e6
5.969870408119499e6
5.968894017932403e6
5.9678799880036535e6
5.966828020854294e6
5.965737847157187e6
5.964609225213177e6
5.96344194039909e6
5.962235804591244e6
5.960990655567901e6
5.95970635639389e6
5.958382794790344e6
5.9570198824923495e6
5.955617554597002e6
5.954175768904274e6
5.952694505252806e6
5.95117376485267e6
5.949613569616878e6
5.948013961493323e6
5.946375001798676e6
5.944696770555625e6
5.942979365834669e6
5.941222903101679e6
5.939427514572153e6
5.937593348573141e6
5.935720568913631e6
5.933809354264135e6
5.9318598975460725e6
5.929872405331581e6
5.927847097254141e6
5.925784205430562e6
5.923683973894539e6
5.9215466580422055e6
5.919372524089837e6
5.917161848543955e6
5.914914917683943e6
5.912632027057312e6
5.9103134809876755e6
5.907959592095443e6
5.905570680831297e6
5.903147075022363e6
5.900689109431063e6
5.898197125326567e6
5.895671470068745e6
5.893112496704512e6
5.8905205635764105e6
5.887896033943323e6
5.88523927561313e6
5.882550660587132e6
5.8798305647160765e6
5.877079367367586e6
5.874297451104778e6
5.8714852013758905e6
5.868643006214691e6
5.865771255951447e6
5.862870342934234e6
5.859940661260383e6
5.856982606517822e6
5.853996575536065e6
5.850982966146666e6
5.8479421769528845e6
5.8448746071083145e6
5.84178065610429e6
5.838660723565815e6
5.835515209055795e6
5.832344511887364e6
5.829149030944052e6
5.825929164507613e6
5.822685310093279e6
5.819417864292215e6
5.816127222620996e6
5.812813779377881e6
5.809477927505661e6
5.80612005846093e6
5.802740562089541e6
5.799339826508075e6
5.795918237991125e6
5.792476180864217e6
5.789014037402193e6
5.785532187732853e6
5.782031009745725e6
5.778510879005751e6
5.774972168671751e6
5.771415249419508e6
5.767840489369287e6
5.764248254017669e6
5.760638906173524e6
5.757012805898008e6
5.753370310448397e6
5.749711774225679e6
5.7460375487257065e6
5.74234798249383e6
5.738643421082871e6
5.734924207014287e6
5.731190679742442e6
5.727443175621854e6
5.72368202787729e6
5.719907566576641e6
5.716120118606416e6
5.712320007649787e6
5.708507554167092e6
5.704683075378667e6
5.700846885249935e6
5.696999294478658e6
5.693140610484258e6
5.689271137399127e6
5.685391176061843e6
5.681501024012197e6
5.677600975487998e6
5.673691321423493e6
5.669772349449456e6
5.665844343894733e6
5.661907585789304e6
5.657962352868709e6
5.654008919579806e6
5.650047557087813e6
5.646078533284535e6
5.642102112797776e6
5.638118557001815e6
5.634128124028947e6
5.630131068782007e6
5.626127642947839e6
5.622118095011658e6
5.618102670272253e6
5.614081610858013e6
5.610055155743685e6
5.606023540767872e6
5.6019869986512e6
5.597945759015127e6
5.59390004840135e6
5.589850090291784e6
5.585796105129069e6
5.5817383103375845e6
5.5776769203449115e6
5.5736121466037575e6
5.569544197614262e6
5.565473278946697e6
5.56139959326451e6
5.557323340347702e6
5.553244717116481e6
5.549163917655224e6
5.54508113323666e6
5.540996552346301e6
5.536910360707071e6
5.53282274130412e6
5.528733874409826e6
5.524643937608909e6
5.520553105823716e6
5.51646155133958e6
5.512369443830298e6
5.50827695038369e6
5.50418423552721e6
5.500091461253611e6
5.49599878704665e6
5.491906369906817e6
5.487814364377057e6
5.483722922568518e6
6.237096937841985e6
6.237089115082341e6
6.237078564648518e6
6.237064697059213e6
6.237046866662413e6
6.237024374478811e6
6.2369964714823365e6
6.236962362225247e6
6.2369212087235935e6
6.2368721345271915e6
6.236814228906626e6
6.236746551097833e6
6.23666813455263e6
6.236577991150708e6
6.23647511533545e6
6.236358488142053e6
6.236227081092146e6
6.236079859934098e6
6.235915788212769e6
6.235733830656506e6
6.235532956372638e6
6.235312141845867e6
6.235070373736524e6
6.23480665147802e6
6.234519989674646e6
6.234209420302567e6
6.233873994718127e6
6.233512785478708e6
6.233124887982224e6
6.2327094219320435e6
6.232265532634576e6
6.231792392137233e6
6.231289200214597e6
6.230755185210846e6
6.230189604746516e6
6.2295917462976305e6
6.228960927655161e6
6.2282964972726e6
6.227597834509314e6
6.226864349777038e6
6.226095484596691e6
6.225290711572405e6
6.224449534289361e6
6.223571487141776e6
6.222656135097063e6
6.2217030734018795e6
6.220711927235499e6
6.219682351315677e6
6.218614029461778e6
6.217506674119826e6
6.216360025853676e6
6.215173852806361e6
6.213947950135401e6
6.212682139425502e6
6.211376268082008e6
6.210030208708067e6
6.208643858468392e6
6.207217138442183e6
6.205749992967673e6
6.20424238898048e6
6.202694315347849e6
6.201105782200664e6
6.199476820264945e6
6.197807480194412e6
6.196097831905569e6
6.194347963916594e6
6.192557982691228e6
6.190728011988746e6
6.188858192220941e6
6.186948679817021e6
6.18499964659715e6
6.183011279155347e6
6.180983778252315e6
6.178917358218751e6
6.176812246369558e6
6.174668682429399e6
6.172486917969872e6
6.170267215858612e6
6.168009849720552e6
6.165715103411478e6
6.163383270504083e6
6.16101465378654e6
6.1586095647737095e6
6.156168323230982e6
6.153691256710772e6
6.151178700101603e6
6.148630995189746e6
6.146048490233353e6
6.143431539548948e6
6.14078050311019e6
6.138095746158753e6
6.135377638827202e6
6.13262655577368e6
6.129842875828249e6
6.1270269816506915e6
6.124179259399608e6
6.121300098412582e6
6.118389890897214e6
6.115449031632852e6
6.112477917682738e6
6.109476948116426e6
6.1064465237421915e6
6.103387046849243e6
6.100298920959515e6
6.09718255058878e6
6.094038341016913e6
6.090866698067031e6
6.087668027893316e6
6.084442736777277e6
6.081191230932258e6
6.07791391631595e6
6.0746111984506715e6
6.071283482251281e6
6.067931171860396e6
6.064554670490804e6
6.061154380274822e6
6.057730702120383e6
6.054284035573691e6
6.050814778688216e6
6.047323327899848e6
6.043810077908021e6
6.0402754215626195e6
6.036719749756493e6
6.033143451323372e6
6.029546912941066e6
6.0259305190397175e6
6.02229465171497e6
6.018639690645896e6
6.014966013017507e6
6.011273993447709e6
6.007564003918527e6
6.003836413711497e6
6.000091589347006e6
5.996329894527551e6
5.99255169008464e6
5.988757333929349e6
5.984947181006292e6
5.98112158325094e6
5.977280889550141e6
5.973425445705747e6
5.969555594401196e6
5.965671675170973e6
5.961774024372823e6
5.957862975162607e6
5.95393885747172e6
5.950001997986945e6
5.946052720132668e6
5.94209134405534e6
5.938118186610119e6
5.934133561349598e6
5.930137778514503e6
5.926131145026328e6
5.9221139644818045e6
5.918086537149102e6
5.914049159965746e6
5.910002126538111e6
5.905945727142473e6
5.901880248727538e6
5.8978059749183515e6
5.89372318602158e6
5.889632159032054e6
5.885533167640542e6
5.881426482242685e6
5.8773123699490465e6
5.873191094596222e6
5.869062916758936e6
5.864928093763113e6
5.860786879699853e6
5.856639525440254e6
5.8524862786510745e6
5.848327383811141e6
5.84416308222852e6
5.83999361205834e6
5.835819208321317e6
5.831640102922842e6
5.827456524672693e6
5.823268699305267e6
5.819076849500336e6
5.814881194904259e6
5.810681952151682e6
5.806479334887628e6
5.8022735537899835e6
5.79806481659235e6
5.793853328107229e6
5.789639290249533e6
5.785422902060357e6
5.7812043597310325e6
5.776983856627414e6
5.772761583314394e6
5.768537727580595e6
5.76431247446327e6
5.760086006273332e6
5.755858502620543e6
5.751630140438815e6
5.747401094011629e6
5.743171534997527e6
5.738941632455693e6
5.734711552871591e6
5.730481460182641e6
5.726251515803923e6
5.722021878653921e6
6.497532906801731e6
6.4975250606472995e6
6.49751447570133e6
6.497500558812572e6
6.497482659919642e6
6.497460074839639e6
6.497432048501389e6
6.497397778531384e6
6.497356419108464e6
6.497307085011544e6
6.497248855792812e6
6.497180780016735e6
6.497101879512863e6
6.497011153597538e6
6.496907583226325e6
6.496790135045085e6
6.496657765313255e6
6.496509423677935e6
6.496344056781906e6
6.496160611692729e6
6.495958039143632e6
6.49573529657996e6
6.495491351007645e6
6.495225181642496e6
6.494935782360984e6
6.494622163954941e6
6.494283356193873e6
6.493918409699785e6
6.49352639764025e6
6.493106417246237e6
6.492657591161688e6
6.492179068632291e6
6.49167002654115e6
6.491129670299179e6
6.49055723459819e6
6.489951984034595e6
6.489313213611562e6
6.488640249127415e6
6.487932447457781e6
6.487189196738903e6
6.486409916459251e6
6.485594057466279e6
6.484741101895003e6
6.483850563024685e6
6.482921985069718e6
6.481954942910433e6
6.480949041769333e6
6.479903916837927e6
6.478819232859026e6
6.477694683669192e6
6.476529991705586e6
6.475324907481374e6
6.474079209033474e6
6.472792701346202e6
6.471465215754179e6
6.470096609327604e6
6.468686764242736e6
6.4672355871403245e6
6.465743008474418e6
6.4642089818538735e6
6.462633483378662e6
6.461016510972918e6
6.459358083716544e6
6.457658241176954e6
6.455917042742506e6
6.454134566958947e6
6.4523109108701255e6
6.450446189364084e6
6.448540534525541e6
6.44659409499569e6
6.444607035340095e6
6.442579535425436e6
6.440511789805742e6
6.438404007118646e6
6.436256409492209e6
6.434069231962685e6
6.431842721903627e6
6.429577138466638e6
6.427272752033994e6
6.424929843683397e6
6.422548704664981e6
6.420129635890688e6
6.417672947436159e6
6.415178958055093e6
6.4126479947062e6
6.410080392092642e6
6.407476492213997e6
6.404836643930644e6
6.402161202540504e6
6.399450529368043e6
6.396704991365403e6
6.393924960725539e6
6.39111081450721e6
6.388262934271664e6
6.385381705730859e6
6.382467518407015e6
6.379520765303344e6
6.376541842585704e6
6.373531149275073e6
6.370489086950512e6
6.367416059462524e6
6.364312472656512e6
6.361178734106159e6
6.358015252856505e6
6.354822439176487e6
6.351600704320741e6
6.348350460300435e6
6.345072119662912e6
6.341766095279909e6
6.338432800144184e6
6.33507264717425e6
6.3316860490270965e6
6.328273417918588e6
6.324835165451421e6
6.321371702450351e6
6.317883438804542e6
6.314370783316798e6
6.310834143559493e6
6.307273925737017e6
6.303690534554496e6
6.3000843730926635e6
6.296455842688635e6
6.292805342822442e6
6.289133271009139e6
6.285440022696287e6
6.281725991166678e6
6.277991567446099e6
6.274237140215986e6
6.270463095730818e6
6.2666698177400725e6
6.262857687414596e6
6.259027083277271e6
6.25517838113777e6
6.251311954031324e6
6.247428172161325e6
6.243527402845627e6
6.239610010466457e6
6.235676356423747e6
6.231726799091797e6
6.227761693779185e6
6.223781392691703e6
6.219786244898324e6
6.215776596300013e6
6.211752789601291e6
6.207715164284457e6
6.203664056586372e6
6.199599799477679e6
6.195522722644394e6
6.191433152471765e6
6.187331412030287e6
6.183217821063835e6
6.17909269597977e6
6.174956349840996e6
6.17080909235984e6
6.166651229893705e6
6.162483065442421e6
6.158304898647203e6
6.154117025791181e6
6.149919739801386e6
6.145713330252169e6
6.141498083369985e6
6.137274282039449e6
6.133042205810634e6
6.128802130907572e6
6.124554330237819e6
6.1202990734031685e6
6.116036626711307e6
6.1117672531885e6
6.107491212593146e6
6.10320876143025e6
6.098920152966691e6
6.094625637247302e6
6.090325461111683e6
6.086019868211714e6
6.081709099029738e6
6.07739339089739e6
6.073072978014987e6
6.06874809147149e6
6.06441895926501e6
6.0600858063237695e6
6.055748854527555e6
6.051408322729595e6
6.047064426778822e6
6.042717379542539e6
6.038367390929401e6
6.034014667912762e6
6.029659414554275e6
6.0253018320277985e6
6.020942118643541e6
6.01658046987244e6
6.012217078370742e6
6.007852134004786e6
6.003485823875949e6
5.999118332345728e6
5.994749841060985e6
5.99038052897928e6
5.986010572394326e6
5.981640144961504e6
5.97726941772347e6
5.972898559135799e6
5.968527735092683e6
6.766596677860851e6
6.76658880864539e6
6.76657818967017e6
6.766564224157598e6
6.766546257686817e6
6.7665235809271615e6
6.7664954328236e6
6.76646100414276e6
6.7664194412959535e6
6.766369850363635e6
6.766311301253629e6
6.766242831933328e6
6.766163452683473e6
6.766072150328236e6
6.765967892402903e6
6.765849631226557e6
6.7657163078527e6
6.765566855875833e6
6.765400205076512e6
6.765215284891419e6
6.765011027698554e6
6.764786371910764e6
6.764540264873548e6
6.764271665565378e6
6.763979547100798e6
6.763662899038224e6
6.763320729495793e6
6.7629520670797415e6
6.762555962630786e6
6.762131490794636e6
6.761677751423464e6
6.761193870815481e6
6.760679002800139e6
6.760132329676648e6
6.759553063013577e6
6.758940444317415e6
6.75829374557776e6
6.757612269696886e6
6.756895350811164e6
6.756142354511647e6
6.755352677970978e6
6.754525749983463e6
6.753661030924931e6
6.75275801263874e6
6.751816218253993e6
6.750835201941768e6
6.749814548614843e6
6.748753873576178e6
6.747652822121047e6
6.746511069097548e6
6.745328318429811e6
6.744104302608133e6
6.742838782149822e6
6.741531545034458e6
6.74018240611692e6
6.73879120652137e6
6.737357813019132e6
6.735882117393216e6
6.734364035792011e6
6.732803508074526e6
6.731200497149341e6
6.7295549883092595e6
6.727866988563534e6
6.726136525969327e6
6.724363648963992e6
6.722548425699542e6
6.720690943380671e6
6.718791307607398e6
6.716849641723485e6
6.714866086171524e6
6.712840797855595e6
6.710773949512221e6
6.708665729090335e6
6.706516339140851e6
6.704325996216367e6
6.702094930281475e6
6.6998233841340495e6
6.6975116128379e6
6.69515988316704e6
6.692768473061809e6
6.690337671097079e6
6.68786777596262e6
6.6853590959558245e6
6.682811948486794e6
6.680226659595856e6
6.677603563483529e6
6.6749430020528985e6
6.672245324464395e6
6.66951088670287e6
6.666740051156914e6
6.663933186210314e6
6.661090665845514e6
6.6582128692589635e6
6.655300180488185e6
6.652352988050437e6
6.649371684592749e6
6.6463566665532105e6
6.643308333833292e6
6.640227089480996e6
6.637113339384676e6
6.633967491977282e6
6.630789957950858e6
6.627581149981044e6
6.624341482461408e6
6.621071371247357e6
6.617771233409436e6
6.614441486995787e6
6.611082550803548e6
6.607694844158982e6
6.604278786706117e6
6.600834798203675e6
6.597363298330084e6
6.593864706496375e6
6.590339441666702e6
6.586787922186346e6
6.58321056561695e6
6.579607788578803e6
6.575980006599948e6
6.572327633971967e6
6.568651083612198e6
6.564950766932217e6
6.561227093712397e6
6.557480471982355e6
6.553711307907134e6
6.549920005678874e6
6.546106967413897e6
6.542272593054944e6
6.538417280278474e6
6.534541424406801e6
6.530645418324955e6
6.526729652402097e6
6.522794514417323e6
6.51884038948974e6
6.51486766001265e6
6.510876705591689e6
6.506867902986831e6
6.502841626058066e6
6.498798245714674e6
6.494738129867929e6
6.490661643387136e6
6.48656914805888e6
6.482461002549332e6
6.478337562369581e6
6.474199179843799e6
6.47004620408016e6
6.465878980944444e6
6.461697853036178e6
6.457503159667238e6
6.453295236842808e6
6.44907441724464e6
6.444841030216453e6
6.440595401751469e6
6.436337854481929e6
6.4320687076705685e6
6.427788277203918e6
6.423496875587414e6
6.419194811942163e6
6.414882392003401e6
6.410559918120443e6
6.406227689258192e6
6.401886001000034e6
6.3975351455521155e6
6.393175411748932e6
6.38880708506015e6
6.384430447598636e6
6.380045778129599e6
6.3756533520808425e6
6.371253441554023e6
6.366846315336906e6
6.362432238916545e6
6.358011474493356e6
6.353584280996036e6
6.349150914097254e6
6.344711626230156e6
6.340266666605523e6
6.335816281229654e6
6.33136071292287e6
6.326900201338633e6
6.322434982983219e6
6.317965291235955e6
6.313491356369938e6
6.30901340557323e6
6.304531662970517e6
6.300046349645154e6
6.295557683661623e6
6.291065880088329e6
6.286571151020754e6
6.282073705604896e6
6.277573750061007e6
6.273071487707613e6
6.268567118985723e6
6.26406084148332e6
6.2595528499600105e6
6.255043336371853e6
6.250532489896381e6
6.246020496957744e6
6.241507541251963e6
6.236993803772331e6
6.232479462834879e6
6.227964694103922e6
6.223449670617692e6
7.044500860079147e6
7.044492968129612e6
7.044482315598461e6
7.04446830212471e6
7.044450268977238e6
7.044427501732771e6
7.044399233413008e6
7.044364647990033e6
7.044322884176848e6
7.044273039427531e6
7.044214174079411e6
7.044145315577229e6
7.044065462726638e6
7.043973589931338e6
7.0438686513746865e6
7.043749585112654e6
7.043615317050471e6
7.043464764780462e6
7.0432968412629e6
7.0431104583359035e6
7.042904530043857e6
7.042677975777052e6
7.042429723217905e6
7.04215871109152e6
7.041863891720392e6
7.041544233384693e6
7.0411987224911675e6
7.040826365554654e6
7.04042619099743e6
7.039997250772233e6
7.039538621815461e6
7.039049407337503e6
7.038528737957522e6
7.037975772690177e6
7.037389699791961e6
7.036769737474802e6
7.036115134494626e6
7.035425170622455e6
7.034699157005479e6
7.0339364364253925e6
7.033136383461086e6
7.03229840456255e6
7.031421938042582e6
7.030506453992695e6
7.029551454129291e6
7.028556471575898e6
7.0275210705870595e6
7.026444846219096e6
7.0253274239527285e6
7.024168459272305e6
7.022967637206065e6
7.021724671831612e6
7.020439305750561e6
7.01911130953604e6
7.017740481156485e6
7.016326645378991e6
7.014869653155195e6
7.013369380992508e6
7.011825730313307e6
7.0102386268045055e6
7.008608019759678e6
7.006933881415916e6
7.005216206287188e6
7.003455010496053e6
7.001650331105283e6
6.999802225450878e6
6.997910770477794e6
6.995976062079657e6
6.993998214443499e6
6.991977359400587e6
6.9899136457841955e6
6.9878072387951715e6
6.985658319375989e6
6.983467083593959e6
6.9812337420341475e6
6.978958519202517e6
6.9766416529397e6
6.974283393845811e6
6.971884004716592e6
6.96944375999118e6
6.9669629452116825e6
6.964441856494774e6
6.961880800015421e6
6.959280091502862e6
6.956640055748866e6
6.953961026128342e6
6.951243344132283e6
6.948487358913019e6
6.9456934268417545e6
6.942861911078297e6
6.939993181152903e6
6.937087612560152e6
6.934145586364687e6
6.931167488818728e6
6.928153710991205e6
6.925104648408311e6
6.922020700705383e6
6.918902271289847e6
6.915749767015113e6
6.912563597865197e6
6.909344176649873e6
6.9060919187101545e6
6.902807241633921e6
6.899490564981451e6
6.896142310020676e6
6.892762899471919e6
6.889352757261937e6
6.885912308287022e6
6.88244197818496e6
6.87894219311564e6
6.875413379550096e6
6.87185596406775e6
6.868270373161686e6
6.8646570330517115e6
6.861016369505017e6
6.857348807664224e6
6.8536547718826e6
6.849934685566307e6
6.846188971023392e6
6.842418049319401e6
6.838622340139389e6
6.834802261656163e6
6.830958230404537e6
6.827090661161461e6
6.823199966831829e6
6.819286558339756e6
6.815350844525243e6
6.811393232045954e6
6.807414125284034e6
6.80341392625775e6
6.7993930345378285e6
6.795351847168316e6
6.791290758591851e6
6.787210160579138e6
6.783110442162562e6
6.778991989573724e6
6.774855186184839e6
6.770700412453807e6
6.766528045872839e6
6.762338460920564e6
6.758132029017416e6
6.753909118484251e6
6.749670094504027e6
6.745415319086494e6
6.741145151035715e6
6.736859945920369e6
6.732560056046712e6
6.728245830434098e6
6.723917614792954e6
6.719575751505134e6
6.715220579606545e6
6.710852434771974e6
6.706471649301989e6
6.702078552111909e6
6.697673468722662e6
6.693256721253541e6
6.688828628416733e6
6.684389505513554e6
6.6799396644323375e6
6.675479413647893e6
6.671009058222456e6
6.666528899808098e6
6.662039236650503e6
6.657540363594069e6
6.653032572088262e6
6.648516150195171e6
6.643991382598226e6
6.639458550611987e6
6.634917932193e6
6.630369801951635e6
6.625814431164863e6
6.621252087789961e6
6.616683036479027e6
6.6121075385943595e6
6.607525852224558e6
6.602938232201399e6
6.59834493011737e6
6.5937461943438705e6
6.589142270050031e6
6.584533399222121e6
6.5799198206834905e6
6.575301770115043e6
6.570679480076194e6
6.566053180026272e6
6.56142309634637e6
6.556789452361569e6
6.552152468363547e6
6.547512361633545e6
6.542869346465633e6
6.538223634190294e6
6.533575433198258e6
6.528924948964611e6
6.524272384073124e6
6.519617938240801e6
6.514961808342593e6
6.510304188436319e6
6.505645269787714e6
6.500985240895621e6
6.496324287517308e6
6.491662592693875e6
6.487000336775767e6
7.331461526872831e6
7.331453612509552e6
7.331442926886452e6
7.33142886610146e6
7.331410767161722e6
7.331387910605845e6
7.331359523592183e6
7.331324783363028e6
7.331282821001785e6
7.331232725407879e6
7.331173547421812e6
7.331104304040095e6
7.331023982667229e6
7.330931545358614e6
7.330825933014769e6
7.330706069493242e6
7.330570865610025e6
7.330419223007331e6
7.330250037869081e6
7.330062204469463e6
7.329854618543517e6
7.329626180471879e6
7.329375798274519e6
7.32910239041073e6
7.328804888384708e6
7.328482239157726e6
7.328133407369512e6
7.327757377372491e6
7.327353155083805e6
7.326919769660531e6
7.326456275004486e6
7.325961751103239e6
7.325435305214476e6
7.324876072901013e6
7.324283218923996e6
7.323655938001807e6
7.322993455442241e6
7.322295027655484e6
7.321559942555211e6
7.320787519855101e6
7.319977111267798e6
7.319128100613125e6
7.318239903842214e6
7.31731196898384e6
7.316343776019155e6
7.315334836690547e6
7.31428469425031e6
7.313192923154302e6
7.312059128705734e6
7.31088294665375e6
7.309664042751369e6
7.308402112276996e6
7.307096879523493e6
7.305748097258567e6
7.304355546159987e6
7.302919034228918e6
7.3014383961844295e6
7.29991349284208e6
7.298344210479172e6
7.296730460189217e6
7.295072177227885e6
7.293369320352532e6
7.291621871157295e6
7.2898298334055515e6
7.287993232361399e6
7.286112114121693e6
7.284186544949991e6
7.282216610613735e6
7.280202415725793e6
7.278144083091395e6
7.276041753061472e6
7.273895582893168e6
7.271705746118367e6
7.269472431920879e6
7.267195844522902e6
7.264876202581296e6
7.262513738594139e6
7.260108698317971e6
7.25766134019609e6
7.255171934798164e6
7.252640764271447e6
7.250068121803785e6
7.247454311098554e6
7.244799645861707e6
7.242104449300922e6
7.239369053637041e6
7.236593799627689e6
7.233779036103148e6
7.23092511951445e6
7.22803241349363e6
7.225101288426042e6
7.22213212103471e6
7.219125293976556e6
7.216081195450387e6
7.213000218816555e6
7.209882762228068e6
7.206729228273059e6
7.203540023628422e6
7.20031555872442e6
7.197056247420123e6
7.193762506689454e6
7.190434756317661e6
7.187073418608011e6
7.183678918098533e6
7.18025168128855e6
7.176792136374835e6
7.1733007129971925e6
7.169777841993192e6
7.166223955161924e6
7.162639485036501e6
7.1590248646651525e6
7.155380527400622e6
7.151706906697777e6
7.148004435919088e6
7.144273548147892e6
7.140514676009153e6
7.136728251497575e6
7.13291470581281e6
7.12907446920164e6
7.125207970806861e6
7.121315638522748e6
7.117397898856845e6
7.11345517679797e6
7.10948789569018e6
7.105496477112577e6
7.10148134076475e6
7.097442904357681e6
7.093381583509959e6
7.089297791649138e6
7.085191939918061e6
7.081064437086017e6
7.076915689464557e6
7.072746100827826e6
7.0685560723372605e6
7.064346002470534e6
7.060116286954557e6
7.055867318702441e6
7.051599487754283e6
7.0473131812216295e6
7.0430087832355015e6
7.038686674897855e6
7.034347234236365e6
7.029990836162391e6
7.025617852432054e6
7.021228651610263e6
7.01682359903764e6
7.012403056800173e6
7.007967383701556e6
7.003516935238087e6
6.999052063576024e6
6.994573117531332e6
6.990080442551693e6
6.985574380700734e6
6.981055270644344e6
6.976523447639038e6
6.971979243522257e6
6.967422986704537e6
6.962855002163497e6
6.958275611439507e6
6.953685132633049e6
6.949083880403628e6
6.944472165970226e6
6.939850297113187e6
6.9352185781775005e6
6.930577310077421e6
6.925926790302344e6
6.921267312923902e6
6.916599168604231e6
6.911922644605332e6
6.907238024799483e6
6.902545589680679e6
6.897845616377011e6
6.893138378663961e6
6.888424146978576e6
6.883703188434459e6
6.878975766837536e6
6.874242142702576e6
6.869502573270415e6
6.86475731252585e6
6.860006611216141e6
6.855250716870139e6
6.850489873817967e6
6.8457243232112015e6
6.840954303043611e6
6.836180048172297e6
6.831401790339324e6
6.82661975819373e6
6.821834177313945e6
6.817045270230539e6
6.8122532564493315e6
6.807458352474787e6
6.802660771833711e6
6.7978607250991985e6
6.793058419914834e6
6.7882540610191e6
6.78344785027e6
6.778639986669857e6
6.773830666390271e6
6.769020082797221e6
6.764208426476323e6
6.759395885258157e6
7.627698244011608e6
7.627690307548454e6
7.62767958928828e6
7.627665481829581e6
7.6276473179656565e6
7.627624373250777e6
7.627595869039261e6
7.627560975907748e6
7.62751881737825e6
7.627468473866901e6
7.627408986790808e6
7.627339362772632e6
7.627258577889842e6
7.627165581922119e6
7.627059302556919e6
7.626938649519038e6
7.626802518595514e6
7.626649795532104e6
7.626479359782212e6
7.626290088092944e6
7.626080857916816e6
7.625850550640577e6
7.625598054625566e6
7.625322268056305e6
7.625022101596216e6
7.624696480851048e6
7.624344348642193e6
7.623964667093218e6
7.623556419534143e6
7.623118612228652e6
7.622650275930293e6
7.622150467274073e6
7.621618270010379e6
7.621052796088358e6
7.620453186596091e6
7.619818612564996e6
7.619148275645874e6
7.618441408664068e6
7.617697276060964e6
7.6169151742290845e6
7.616094431747748e6
7.615234409526102e6
7.614334500860156e6
7.613394131410143e6
7.612412759104326e6
7.61138987397511e6
7.610324997933056e6
7.609217684484105e6
7.608067518395116e6
7.606874115312454e6
7.605637121338271e6
7.604356212568652e6
7.6030310945977755e6
7.601661501991837e6
7.600247197736297e6
7.59878797265984e6
7.597283644838133e6
7.595734058980323e6
7.594139085801007e6
7.592498621380173e6
7.590812586513487e6
7.589080926055107e6
7.587303608255028e6
7.585480624092816e6
7.583611986609465e6
7.581697730238917e6
7.5797379101407295e6
7.57773260153517e6
7.5756818990419945e6
7.573585916023943e6
7.571444783935989e6
7.569258651681253e6
7.5670276849743165e6
7.564752065712764e6
7.562431991357513e6
7.560067674322529e6
7.557659341374468e6
7.555207233042644e6
7.552711603039712e6
7.550172717693404e6
7.547590855389607e6
7.544966306026981e6
7.54229937048334e6
7.539590360093912e6
7.536839596141615e6
7.5340474093594095e6
7.5312141394447815e6
7.528340134586371e6
7.525425751002722e6
7.522471352493172e6
7.519477310000741e6
7.516444001187046e6
7.513371810019067e6
7.5102611263677e6
7.507112345617971e6
7.503925868290759e6
7.500702099675894e6
7.497441449476489e6
7.494144331464292e6
7.490811163145937e6
7.487442365439895e6
7.4840383623639075e6
7.48059958073277e6
7.477126449866218e6
7.473619401306742e6
7.470078868547124e6
7.466505286767482e6
7.462899092581646e6
7.459260723792619e6
7.455590619156934e6
7.451889218157722e6
7.448156960786238e6
7.444394287331683e6
7.440601638179079e6
7.436779453615033e6
7.432928173641151e6
7.429048237794924e6
7.425140084977872e6
7.421204153290785e6
7.417240879875817e6
7.413250700765272e6
7.409234050736899e6
7.4051913631755095e6
7.401123069940707e6
7.397029601240599e6
7.392911385511254e6
7.388768849301805e6
7.384602417164973e6
7.38041251155286e6
7.376199552717858e6
7.371963958618523e6
7.367706144830219e6
7.363426524460453e6
7.359125508068648e6
7.354803503590321e6
7.3504609162654495e6
7.346098148570903e6
7.341715600156825e6
7.3373136677868245e6
7.332892745281827e6
7.328453223467497e6
7.323995490125081e6
7.319519929945569e6
7.315026924487036e6
7.310516852135101e6
7.305990088066332e6
7.301447004214513e6
7.2968879692397155e6
7.292313348499997e6
7.287723504025671e6
7.28311879449607e6
7.278499575218661e6
7.273866198110475e6
7.26921901168171e6
7.264558361021477e6
7.259884587785574e6
7.255198030186201e6
7.250499022983584e6
7.245787897479373e6
7.241064981511797e6
7.236330599452447e6
7.2315850722046895e6
7.226828717203584e6
7.222061848417264e6
7.2172847763497345e6
7.212497808044983e6
7.207701247092394e6
7.202895393633399e6
7.198080544369255e6
7.193256992569999e6
7.188425028084421e6
7.183584937351086e6
7.178737003410317e6
7.173881505917106e6
7.169018721154892e6
7.164148922050201e6
7.159272378188053e6
7.1543893558281595e6
7.14950011792179e6
7.1446049241293715e6
7.139704030838686e6
7.1347976911836965e6
7.129886155063957e6
7.12496966916453e6
7.120048476976457e6
7.115122818817679e6
7.110192931854405e6
7.105259050122939e6
7.1003214045518525e6
7.09538022298457e6
7.090435730202269e6
7.085488147947114e6
7.080537694945788e6
7.075584586933283e6
7.07062903667696e6
7.065671254000847e6
7.060711445810099e6
7.055749816115728e6
7.050786566059434e6
7.045821893938635e6
7.040855995231624e6
7.933434097615681e6
7.933426139360234e6
7.933415388908971e6
7.933401235402009e6
7.933383007465978e6
7.933359975723972e6
7.933331355784912e6
7.933296311623326e6
7.933253959267541e6
7.93320337072135e6
7.933143578051643e6
7.933073577581548e6
7.932992334135753e6
7.932898785291179e6
7.932791845592615e6
7.932670410698684e6
7.93253336142894e6
7.932379567687862e6
7.9322078922459595e6
7.932017194362265e6
7.931806333236026e6
7.931574171278645e6
7.931319577199723e6
7.931041428903427e6
7.930738616193599e6
7.930410043287784e6
7.930054631141911e6
7.929671319588663e6
7.929259069293627e6
7.928816863534209e6
7.928343709807014e6
7.92783864126991e6
7.927300718025475e6
7.926729028252742e6
7.926122689194487e6
7.925480848007258e6
7.924802682481556e6
7.924087401639424e6
7.923334246216715e6
7.922542489037121e6
7.921711435284977e6
7.920840422683568e6
7.919928821585568e6
7.918976034981928e6
7.917981498435339e6
7.916944679944141e6
7.915865079742299e6
7.914742230040777e6
7.913575694715427e6
7.912365068946255e6
7.911109978812604e6
7.909810080848632e6
7.908465061563153e6
7.907074636927728e6
7.905638551836583e6
7.904156579541806e6
7.902628521066962e6
7.901054204602127e6
7.899433484883142e6
7.897766242557605e6
7.896052383540108e6
7.894291838358846e6
7.892484561495774e6
7.890630530722141e6
7.8887297464312175e6
7.886782230969818e6
7.884788027970142e6
7.882747201683267e6
7.880659836315584e6
7.878526035369272e6
7.876345920987916e6
7.874119633308135e6
7.871847329818132e6
7.869529184723897e6
7.867165388323746e6
7.864756146391846e6
7.862301679571199e6
7.859802222776627e6
7.857258024608133e6
7.854669346775012e6
7.852036463531019e6
7.849359661120838e6
7.846639237238091e6
7.843875500495054e6
7.841068769904176e6
7.838219374371571e6
7.835327652202485e6
7.832393950618819e6
7.829418625288687e6
7.826402039868025e6
7.823344565554184e6
7.820246580651476e6
7.817108470148579e6
7.813930625307713e6
7.810713443265464e6
7.807457326645188e6
7.8041626831807615e6
7.8008299253516365e6
7.797459470028971e6
7.794051738132712e6
7.790607154299433e6
7.787126146560758e6
7.783609146032197e6
7.780056586612186e6
7.7764689046911355e6
7.772846538870337e6
7.7691899296904495e6
7.765499519369443e6
7.761775751549734e6
7.7580190710543655e6
7.7542299236519765e6
7.750408755830389e6
7.746556014578602e6
7.742672147176982e6
7.738757600995449e6
7.734812823299481e6
7.730838261063698e6
7.726834360792857e6
7.7228015683500515e6
7.718740328791955e6
7.714651086210829e6
7.710534283583245e6
7.706390362625197e6
7.702219763653522e6
7.6980229254534e6
7.693800285151768e6
7.689552278096495e6
7.685279337741099e6
7.680981895534911e6
7.676660380818456e6
7.672315220723923e6
7.667946840080575e6
7.663555661324919e6
7.659142104415518e6
7.654706586752269e6
7.650249523100017e6
7.645771325516375e6
7.641272403283593e6
7.636753162844359e6
7.632214007741395e6
7.627655338560722e6
7.623077552878464e6
7.618481045211095e6
7.613866206968973e6
7.609233426413079e6
7.604583088614836e6
7.599915575418905e6
7.5952312654088475e6
7.590530533875538e6
7.585813752788277e6
7.581081290768441e6
7.576333513065625e6
7.5715707815361675e6
7.566793454623948e6
7.56200188734343e6
7.557196431264801e6
7.552377434501168e6
7.547545241697696e6
7.542700194022673e6
7.537842629160339e6
7.5329728813055e6
7.528091281159781e6
7.523198155929498e6
7.518293829325059e6
7.513378621561848e6
7.508452849362506e6
7.503516825960573e6
7.498570861105429e6
7.493615261068451e6
7.4886503286503935e6
7.483676363189833e6
7.478693660572788e6
7.473702513243263e6
7.468703210214858e6
7.463696037083279e6
7.4586812760397475e6
7.45365920588525e6
7.448630102045614e6
7.443594236587336e6
7.4385519489841405e6
7.433503363198596e6
7.428448812008034e6
7.4233885542139e6
7.41832284534768e6
7.413251937690553e6
7.408176009143596e6
7.403095447779224e6
7.398010425169602e6
7.392921180801509e6
7.387827951017021e6
7.382730969035859e6
7.377630464978121e6
7.372526665887332e6
7.367419795753791e6
7.36231007553824e6
7.357197723195739e6
7.352082953699846e6
7.346965979066956e6
7.341847008380903e6
7.336726247817695e6
7.331603900670442e6
8.24889572215282e6
8.248887742406528e6
8.2488769602015e6
8.24886276125988e6
8.248844470088205e6
8.248821352430854e6
8.24879261820933e6
8.248757424859025e6
8.248714880981743e6
8.248664050239472e6
8.248603955421798e6
8.248533582626531e6
8.248451885499917e6
8.248357789489407e6
8.248250196068097e6
8.2481279868958425e6
8.247990027887332e6
8.247835173162339e6
8.247662268857875e6
8.247470156785922e6
8.247257677924077e6
8.247023675729614e6
8.246766999270266e6
8.246486506167537e6
8.246181065350438e6
8.245849559619464e6
8.245490888022061e6
8.24510396804233e6
8.244687737608669e6
8.244241156924069e6
8.243763210124452e6
8.243252906771068e6
8.242709283183364e6
8.24213140361917e6
8.241518361309093e6
8.24086927935239e6
8.240183311481434e6
8.239459642702032e6
8.238697489816745e6
8.237896101838229e6
8.237054760299577e6
8.236172779468346e6
8.235249506470872e6
8.234284321333205e6
8.233276636944737e6
8.23222589895049e6
8.231131585577602e6
8.229993207401443e6
8.228810307056492e6
8.227582458896833e6
8.226309268610899e6
8.224990372794882e6
8.223625438488895e6
8.222214162679825e6
8.220756271774571e6
8.219251521047054e6
8.217699694062326e6
8.216100602080731e6
8.214454083445015e6
8.212760002952985e6
8.211018251218214e6
8.2092287440210385e6
8.207391421652051e6
8.205506248249954e6
8.203573211135674e6
8.201592320144403e6
8.199563606957052e6
8.197487124432631e6
8.195362945942772e6
8.193191164709648e6
8.190971893148309e6
8.188705262214487e6
8.186391420758706e6
8.184030534887541e6
8.18162278733271e6
8.179168376828697e6
8.176667517499438e6
8.174120438254588e6
8.171527382195856e6
8.168888606033739e6
8.166204379515029e6
8.16347498486137e6
8.160700716219121e6
8.157881879120702e6
8.155018789957566e6
8.152111775465011e6
8.149161172218762e6
8.146167326143567e6
8.143130592033672e6
8.140051333085294e6
8.136929920441017e6
8.133766732746061e6
8.130562155716436e6
8.127316581718786e6
8.124030409361934e6
8.12070404309997e6
8.117337892846741e6
8.113932373601658e6
8.11048790508663e6
8.107004911393991e6
8.103483820645256e6
8.099925064660527e6
8.09632907863838e6
8.092696300846044e6
8.0890271723197e6
8.085322136574682e6
8.08158163932541e6
8.07780612821486e6
8.073996052553347e6
8.0701518630664535e6
8.066274011651877e6
8.062362951145016e6
8.05841913509307e6
8.054443017537481e6
8.050435052804515e6
8.046395695303718e6
8.042325399334177e6
8.038224618898269e6
8.034093807522763e6
8.029933418087077e6
8.0257439026585e6
8.021525712334175e6
8.017279297089682e6
8.013005105634011e6
8.008703585270802e6
8.004375181765584e6
8.000020339218932e6
7.995639499945317e6
7.991233104357496e6
7.986801590856276e6
7.9823453957255175e6
7.977864953032149e6
7.97336069453114e6
7.968833049575189e6
7.964282445029028e6
7.959709305188192e6
7.9551140517021e6
7.950497103501327e6
7.945858876728909e6
7.941199784675569e6
7.936520237718737e6
7.931820643265215e6
7.927101405697393e6
7.922362926322884e6
7.917605603327443e6
7.912829831731108e6
7.9080360033474e6
7.903224506745489e6
7.898395727215259e6
7.8935500467351e6
7.8886878439424e6
7.883809494106594e6
7.878915369104697e6
7.874005837399213e6
7.869081264018361e6
7.864142010538509e6
7.859188435068727e6
7.854220892237392e6
7.8492397331807995e6
7.844245305533605e6
7.839237953421143e6
7.834218017453474e6
7.829185834721099e6
7.824141738792318e6
7.819086059712098e6
7.814019124002455e6
7.808941254664236e6
7.803852771180283e6
7.798753989519884e6
7.793645222144485e6
7.788526778014589e6
7.783398962597799e6
7.778262077877959e6
7.773116422365333e6
7.767962291107766e6
7.7627999757028185e6
7.757629764310793e6
7.75245194166861e6
7.7472667891045315e6
7.742074584553631e6
7.73687560257404e6
7.731670114363867e6
7.726458387778797e6
7.721240687350324e6
7.716017274304585e6
7.710788406581734e6
7.705554338855893e6
7.700315322555572e6
7.695071605884563e6
7.689823433843314e6
7.684571048250671e6
7.679314687766052e6
7.674054587911974e6
7.668790981096919e6
7.663524096638511e6
7.65825416078701e6
7.652981396749062e6
7.647706024711702e6
7.6424282618665965e6
7.637148322434503e6
7.631866417689895e6
8.574313328435367e6
8.574305327493694e6
8.574294513963763e6
8.57428027018956e6
8.57426191660342e6
8.574238714122824e6
8.574209867039228e6
8.574174526311198e6
8.57413179318068e6
8.574080723037958e6
8.57402032946794e6
8.573949588417184e6
8.573867442427922e6
8.573772804891681e6
8.57366456428136e6
8.573541588326253e6
8.573402728099843e6
8.573246821995148e6
8.57307269956669e6
8.57287918522241e6
8.572665101752147e6
8.572429273682827e6
8.57217053045306e6
8.571887709402554e6
8.571579658573715e6
8.571245239324866e6
8.570883328755945e6
8.570492821949001e6
8.570072634026952e6
8.569621702034887e6
8.569138986649154e6
8.568623473719884e6
8.56807417565325e6
8.567490132639991e6
8.566870413737046e6
8.566214117809348e6
8.56552037433878e6
8.564788344107423e6
8.564017219762249e6
8.563206226268107e6
8.562354621255971e6
8.561461695273116e6
8.560526771941775e6
8.55954920803257e6
8.558528393458884e6
8.55746375119799e6
8.556354737144655e6
8.555200839902556e6
8.55400158051873e6
8.552756512165891e6
8.551465219777366e6
8.550127319639012e6
8.548742458942322e6
8.547310315302672e6
8.54583059624645e6
8.544303038670529e6
8.542727408277437e6
8.541103498989252e6
8.539431132343164e6
8.537710156871337e6
8.535940447467688e6
8.534121904743819e6
8.532254454376353e6
8.53033804644767e6
8.528372654781908e6
8.526358276277987e6
8.524294930241212e6
8.522182657714967e6
8.520021520813787e6
8.517811602059139e6
8.515553003718924e6
8.513245847151825e6
8.510890272157378e6
8.508486436332643e6
8.50603451443621e6
8.503534697760247e6
8.500987193511197e6
8.498392224199649e6
8.495750027039917e6
8.49306085335965e6
8.490324968019964e6
8.487542648846319e6
8.484714186070431e6
8.481839881783487e6
8.478920049400765e6
8.475955013137912e6
8.472945107498867e6
8.469890676775625e6
8.466792074559812e6
8.463649663266132e6
8.460463813667689e6
8.4572349044431e6
8.453963321735451e6
8.45064945872294e6
8.447293715201192e6
8.4438964971771e6
8.440458216474105e6
8.436979290348807e6
8.433460141118728e6
8.429901195801128e6
8.426302885762675e6
8.422665646379866e6
8.418989916709948e6
8.415276139172267e6
8.411524759239752e6
8.407736225140452e6
8.403910987568855e6
8.400049499406882e6
8.39615221545425e6
8.392219592168143e6
8.388252087411872e6
8.384250160212412e6
8.380214270526577e6
8.37614487901563e6
8.372042446828177e6
8.3679074353910815e6
8.363740306208265e6
8.359541520667164e6
8.35531153985265e6
8.351050824368251e6
8.346759834164455e6
8.342439028373921e6
8.33808886515341e6
8.333709801532264e6
8.329302293267246e6
8.324866794703549e6
8.320403758641837e6
8.315913636211114e6
8.311396876747277e6
8.306853927677144e6
8.30228523440789e6
8.297691240221593e6
8.293072386174884e6
8.288429111003421e6
8.283761851031138e6
8.279071040084036e6
8.274357109408451e6
8.269620487593619e6
8.264861600498376e6
8.260080871181943e6
8.255278719838558e6
8.2504555637359265e6
8.245611817157316e6
8.240747891347157e6
8.235864194460088e6
8.230961131513279e6
8.2260391043419475e6
8.221098511557966e6
8.2161397485114075e6
8.211163207255001e6
8.206169276511313e6
8.201158341642639e6
8.196130784623425e6
8.191086984015217e6
8.186027314943966e6
8.180952149079653e6
8.175861854618138e6
8.170756796265126e6
8.16563733522221e6
8.160503829174886e6
8.15535663228246e6
8.150196095169794e6
8.145022564920815e6
8.1398363850737065e6
8.134637895617703e6
8.129427432991485e6
8.124205330083016e6
8.118971916230869e6
8.113727517226847e6
8.108472455320015e6
8.103207049221912e6
8.097931614113007e6
8.092646461650306e6
8.087351899976049e6
8.082048233727467e6
8.0767357640475575e6
8.07141478859681e6
8.06608560156583e6
8.060748493688876e6
8.055403752258188e6
8.050051661139144e6
8.044692500786137e6
8.039326548259182e6
8.033954077241212e6
8.02857535805599e6
8.0231906576866545e6
8.017800239794845e6
8.012404364740346e6
8.007003289601258e6
8.001597268194685e6
7.996186551097819e6
7.990771385669513e6
7.98535201607222e6
7.979928683294305e6
7.97450162517275e6
7.969071076416145e6
7.963637268628008e6
7.9582004303303845e6
7.952760786987704e6
7.947318561030877e6
7.941873971881644e6
8.909920731617302e6
8.90991270976989e6
8.909901865335673e6
8.90988757731968e6
8.90986916212532e6
8.909845875894334e6
8.909816917344829e6
8.909781431020303e6
8.909738510868926e6
8.909687204078952e6
8.909626515102914e6
8.909555409810048e6
8.909472819712993e6
8.909377646221163e6
8.909268764879227e6
8.909145029554829e6
8.909005276544929e6
8.908848328574983e6
8.908672998669658e6
8.9084780938777e6
8.908262418837272e6
8.908024779171208e6
8.907763984704545e6
8.90747885249913e6
8.90716820970234e6
8.906830896208854e6
8.906465767135948e6
8.906071695114309e6
8.905647572397415e6
8.905192312793553e6
8.904704853425346e6
8.904184156322239e6
8.903629209852e6
8.903039029997597e6
8.90241266148607e6
8.901749178776333e6
8.901047686912779e6
8.900307322251722e6
8.899527253067665e6
8.898706680046266e6
8.897844836670883e6
8.896940989509255e6
8.895994438406955e6
8.895004516593803e6
8.893970590709426e6
8.892892060753815e6
8.891768359968528e6
8.890598954654006e6
8.889383343928136e6
8.888121059431002e6
8.886811664980574e6
8.885454756183757e6
8.884049960007029e6
8.882596934310697e6
8.881095367350496e6
8.879544977250144e6
8.87794551144816e6
8.876296746122072e6
8.874598485593025e6
8.87285056171343e6
8.871052833240343e6
8.8692051851969e6
8.867307528224044e6
8.865359797924642e6
8.863361954201909e6
8.861313980593916e6
8.859215883605799e6
8.857067692041231e6
8.85486945633454e6
8.85262124788474e6
8.85032315839263e6
8.847975299202109e6
8.845577800646568e6
8.843130811401367e6
8.840634497843081e6
8.83808904341636e6
8.835494648008896e6
8.832851527335266e6
8.830159912329976e6
8.827420048550308e6
8.824632195589278e6
8.821796626499068e6
8.81891362722528e6
8.815983496052174e6
8.81300654305917e6
8.809983089588769e6
8.806913467725992e6
8.803798019789489e6
8.800637097834338e6
8.797431063166631e6
8.794180285869803e6
8.790885144342754e6
8.78754602484968e6
8.784163321081614e6
8.780737433729583e6
8.777268770069275e6
8.773757743557192e6
8.770204773438083e6
8.76661028436359e6
8.762974706022002e6
8.759298472778851e6
8.755582023328353e6
8.751825800355421e6
8.748030250208104e6
8.744195822580347e6
8.740322970204785e6
8.73641214855547e6
8.73246381556031e6
8.72847843132307e6
8.72445645785467e6
8.720398358813671e6
8.716304599255698e6
8.71217564539162e6
8.708011964354325e6
8.703814023973834e6
8.699582292560617e6
8.695317238696868e6
8.69101933103561e6
8.68668903810737e6
8.682326828134257e6
8.677933168851309e6
8.673508527334822e6
8.669053369837575e6
8.6645681616307e6
8.660053366852054e6
8.655509448360924e6
8.650936867598824e6
8.646336084456341e6
8.641707557145698e6
8.637051742079023e6
8.632369093752049e6
8.627660064633163e6
8.622925105057588e6
8.618164663126573e6
8.613379184611473e6
8.608569112862475e6
8.603734888721948e6
8.5988769504422e6
8.593995733607488e6
8.58909167106022e6
8.584165192831168e6
8.579216726073561e6
8.574246695000952e6
8.569255520828707e6
8.564243621719072e6
8.559211412729573e6
8.55415930576478e6
8.5490877095312e6
8.54399702949528e6
8.53888766784436e6
8.5337600234505e6
8.528614491837086e6
8.523451465148088e6
8.518271332119888e6
8.51307447805564e6
8.50786128480196e6
8.50263213072799e6
8.49738739070661e6
8.49212743609789e6
8.4868526347345e6
8.481563350909177e6
8.476259945364105e6
8.47094277528205e6
8.465612194279367e6
8.460268552400643e6
8.454912196114972e6
8.449543468313819e6
8.44416270831037e6
8.438770251840333e6
8.433366431064114e6
8.427951574570328e6
8.422526007380586e6
8.417090050955452e6
8.411644023201644e6
8.406188238480287e6
8.400723007616248e6
8.395248637908502e6
8.389765433141438e6
8.384273693597151e6
8.378773716068547e6
8.373265793873333e6
8.367750216868827e6
8.362227271467483e6
8.356697240653172e6
8.351160403998168e6
8.34561703768075e6
8.340067414503451e6
8.334511803911904e6
8.328950472014209e6
8.323383681600876e6
8.317811692165207e6
8.312234759924201e6
8.306653137839863e6
8.301067075640935e6
8.295476819845034e6
8.289882613781117e6
8.284284697612327e6
8.27868330835912e6
8.273078679922714e6
8.267471043108779e6
8.261860625651423e6
9.255955379191278e6
9.255947336722089e6
9.255936461796148e6
9.255922130118145e6
9.255903654107206e6
9.255880285179844e6
9.255851216536874e6
9.255815586367853e6
9.255772481392752e6
9.255720940666987e6
9.255659959582694e6
9.255588494005516e6
9.255505464492945e6
9.255409760546276e6
9.25530024485433e6
9.255175757492699e6
9.255035120047418e6
9.254877139636816e6
9.2547006128098e6
9.254504329302592e6
9.254287075639846e6
9.254047638568962e6
9.253784808319625e6
9.253497381682744e6
9.253184164905518e6
9.25284397640102e6
9.252475649272531e6
9.252078033654079e6
9.251649998870034e6
9.251190435417438e6
9.250698256775687e6
9.250172401048796e6
9.249611832446001e6
9.249015542606886e6
9.248382551777562e6
9.247711909844514e6
9.247002697232997e6
9.246254025676865e6
9.245465038866645e6
9.244634912982823e6
9.24376285712095e6
9.242848113615273e6
9.241889958267378e6
9.240887700486008e6
9.239840683344333e6
9.238748283560392e6
9.237609911406465e6
9.236425010552794e6
9.235193057850817e6
9.233913563060958e6
9.232586068529626e6
9.231210148819972e6
9.229785410300674e6
9.228311490696758e6
9.22678805860631e6
9.225214812986663e6
9.223591482613483e6
9.221917825515846e6
9.22019362839047e6
9.218418705997732e6
9.216592900542205e6
9.214716081040129e6
9.21278814267607e6
9.21080900615097e6
9.208778617023462e6
9.206696945046362e6
9.2045639835e6
9.20237974852394e6
9.200144278448548e6
9.197857633127756e6
9.195519893274179e6
9.193131159797765e6
9.190691553148948e6
9.188201212667279e6
9.185660295936285e6
9.183068978145443e6
9.180427451459827e6
9.177735924398132e6
9.174994621219601e6
9.172203781320263e6
9.169363658639062e6
9.166474521074103e6
9.163536649909418e6
9.160550339252511e6
9.157515895482942e6
9.154433636712054e6
9.15130389225414e6
9.148127002109045e6
9.14490331645638e6
9.141633195161328e6
9.138317007292198e6
9.134955130649587e6
9.131547951307258e6
9.128095863164648e6
9.124599267510958e6
9.12105857260075e6
9.117474193240978e6
9.113846550389359e6
9.110176070763968e6
9.10646318646387e6
9.102708334600793e6
9.098911956941534e6
9.095074499561094e6
9.091196412506271e6
9.087278149469608e6
9.083320167473508e6
9.079322926564308e6
9.07528688951623e6
9.071212521544876e6
9.06710029003022e6
9.062950664248843e6
9.058764115115201e6
9.05454111493181e6
9.050282137148067e6
9.045987656127593e6
9.041658146923855e6
9.037294085063891e6
9.032895946339965e6
9.028464206608921e6
9.02399934159912e6
9.019501826724654e6
9.014972136906816e6
9.010410746402454e6
9.005818128639214e6
9.001194756057354e6
8.996541099957993e6
8.991857630357701e6
8.987144815849086e6
8.982403123467423e6
8.977633018562954e6
8.972834964678848e6
8.968009423434589e6
8.96315685441465e6
8.958277715062277e6
8.953372460578304e6
8.948441543824727e6
8.943485415233042e6
8.938504522717074e6
8.933499311590223e6
8.928470224487001e6
8.923417701288687e6
8.918342179052964e6
8.913244091947498e6
8.908123871187225e6
8.90298194497527e6
8.897818738447413e6
8.892634673619939e6
8.887430169340767e6
8.882205641243773e6
8.876961501706185e6
8.871698159808936e6
8.866416021299893e6
8.861115488559846e6
8.855796960571181e6
8.850460832889106e6
8.845107497615421e6
8.839737343374593e6
8.834350755292255e6
8.828948114975838e6
8.823529800497403e6
8.818096186378542e6
8.81264764357724e6
8.807184539476685e6
8.801707237875903e6
8.796216098982174e6
8.790711479405163e6
8.785193732152667e6
8.779663206627967e6
8.774120248628665e6
8.768565200346977e6
8.76299840037146e6
8.75742018369001e6
8.751830881694179e6
8.746230822184732e6
8.740620329378331e6
8.734999723915402e6
8.729369322869034e6
8.723729439754926e6
8.718080384542312e6
8.712422463665841e6
8.706755980038324e6
8.701081233064353e6
8.695398518654743e6
8.689708129241746e6
8.684010353794955e6
8.678305477838023e6
8.672593783465901e6
8.66687554936284e6
8.661151050820922e6
8.65542055975916e6
8.649684344743174e6
8.643942671005333e6
8.638195800465403e6
8.632443991751637e6
8.626687500222286e6
8.620926577987526e6
8.615161473931724e6
8.609392433736093e6
8.603619699901665e6
8.597843511772532e6
8.592064105559431e6
9.612658378985677e6
9.612650316173125e6
9.612639411160164e6
9.612625036389178e6
9.612606500339022e6
9.612583049750853e6
9.612553872363614e6
9.612518100073451e6
9.612474812437119e6
9.612423040445974e6
9.612361770503348e6
9.612289948544841e6
9.612206484247185e6
9.612110255277699e6
9.612000111542145e6
9.611874879394263e6
9.61173336577564e6
9.611574362259062e6
9.61139664897319e6
9.611198998390118e6
9.610980178961148e6
9.61073895858924e6
9.610474107929528e6
9.610184403511798e6
9.609868630681075e6
9.609525586354338e6
9.609154081593202e6
9.608752943993693e6
9.608321019895557e6
9.607857176414529e6
9.60736030330187e6
9.606829314636152e6
9.606263150352811e6
9.605660777617503e6
9.605021192049483e6
9.604343418801604e6
9.603626513503633e6
9.602869563075561e6
9.602071686417805e6
9.601232034984991e6
9.600349793250022e6
9.59942417906496e6
9.598454443925254e6
9.59743987314346e6
9.596379785938593e6
9.595273535446987e6
9.594120508660339e6
9.592920126296338e6
9.591671842607176e6
9.590375145130843e6
9.589029554390073e6
9.587634623543357e6
9.586189937992444e6
9.584695114950357e6
9.583149802973742e6
9.581553681463325e6
9.579906460135775e6
9.578207878470318e6
9.576457705133105e6
9.574655737382168e6
9.572801800455665e6
9.570895746945955e6
9.568937456161713e6
9.566926833480405e6
9.564863809693053e6
9.562748340343194e6
9.5605804050618e6
9.558360006899718e6
9.556087171659159e6
9.55376194722562e6
9.551384402901458e6
9.548954628742283e6
9.546472734897263e6
9.543938850954272e6
9.541353125290757e6
9.538715724431155e6
9.536026832411556e6
9.533286650152242e6
9.530495394838735e6
9.527653299311826e6
9.52476061146704e6
9.521817593664e6
9.518824522145957e6
9.515781686469877e6
9.512689388947243e6
9.50954794409591e6
9.506357678103106e6
9.50311892829973e6
9.49983204264612e6
9.49649737922929e6
9.493115305771755e6
9.489686199151948e6
9.486210444936216e6
9.482688436922396e6
9.479120576694949e6
9.475507273191568e6
9.471848942281166e6
9.468146006353246e6
9.46439889391845e6
9.46060803922024e6
9.45677388185754e6
9.452896866418246e6
9.448977442123467e6
9.445016062482255e6
9.441013184956806e6
9.436969270637851e6
9.432884783930125e6
9.428760192247735e6
9.424595965719208e6
9.420392576902127e6
9.41615050050707e6
9.41187021313072e6
9.407552192997973e6
9.403196919712812e6
9.398804874017796e6
9.394376537561934e6
9.389912392676834e6
9.385412922160821e6
9.38087860907093e6
9.376309936522592e6
9.37170738749671e6
9.367071444654131e6
9.362402590157121e6
9.35770130549785e6
9.352968071333565e6
9.348203367328392e6
9.343407672001489e6
9.338581462581445e6
9.333725214866737e6
9.328839403092103e6
9.323924499800595e6
9.31898097572124e6
9.314009299652107e6
9.309009938348603e6
9.303983356416905e6
9.298930016212346e6
9.293850377742566e6
9.288744898575379e6
9.28361403375114e6
9.278458235699505e6
9.273277954160431e6
9.268073636109328e6
9.262845725686172e6
9.257594664128501e6
9.25232088970815e6
9.247024837671634e6
9.241706940183995e6
9.236367626276096e6
9.231007321795141e6
9.225626449358443e6
9.220225428310184e6
9.214804674681187e6
9.20936460115156e6
9.203905617016068e6
9.198428128152223e6
9.192932536990916e6
9.187419242489561e6
9.18188864010766e6
9.17634112178461e6
9.170777075919854e6
9.165196887355074e6
9.159600937358554e6
9.153989603611466e6
9.148363260196123e6
9.14272227758608e6
9.137067022637991e6
9.131397858585214e6
9.125715145033045e6
9.120019237955539e6
9.114310489693841e6
9.108589248956015e6
9.102855860818228e6
9.097110666727316e6
9.091354004504623e6
9.08558620835109e6
9.07980760885353e6
9.074018532991994e6
9.068219304148318e6
9.062410242115611e6
9.056591663108801e6
9.050763879776107e6
9.044927201211426e6
9.039081932967573e6
9.033228377070367e6
9.027366832033483e6
9.021497592874076e6
9.015620951129101e6
9.00973719487231e6
9.003846608731903e6
8.997949473908797e6
8.992046068195436e6
8.986136665995209e6
8.980221538342334e6
8.974300952922253e6
8.968375174092496e6
8.96244446290397e6
8.956509077122658e6
8.950569271251718e6
8.944625296553902e6
8.938677401074374e6
8.932725829663789e6
9.980274527161611e6
9.980266444278711e6
9.98025550957577e6
9.980241092270318e6
9.980222496944346e6
9.980198965712879e6
9.980169680907793e6
9.980133768191716e6
9.980090300022654e6
9.98003829939615e6
9.979976743798004e6
9.979904569307067e6
9.979820674793629e6
9.979723926165337e6
9.979613160617972e6
9.979487190854218e6
9.979344809238492e6
9.9791847918607e6
9.97900590248615e6
9.978806896372825e6
9.978586523940787e6
9.978343534281725e6
9.978076678499574e6
9.977784712875593e6
9.977466401853712e6
9.977120520843646e6
9.976745858841298e6
9.976341220867194e6
9.975905430225011e6
9.975437330583401e6
9.974935787885042e6
9.974399692087717e6
9.97382795874263e6
9.973219530415861e6
9.972573377958968e6
9.971888501635125e6
9.97116393210744e6
9.970398731295949e6
9.969591993110085e6
9.96874284406325e6
9.967850443776114e6
9.96691398537512e6
9.965932695792656e6
9.964905835975053e6
9.963832701004514e6
9.962712620140852e6
9.961544956788655e6
9.960329108395392e6
9.959064506285664e6
9.957750615436614e6
9.956386934199318e6
9.95497299397066e6
9.953508358820107e6
9.951992625075446e6
9.95042542087144e6
9.948806405665027e6
9.947135269720629e6
9.94541173356879e6
9.943635547441293e6
9.941806490685599e6
9.939924371161386e6
9.937989024621682e6
9.936000314081056e6
9.93395812917302e6
9.931862385498716e6
9.929713023968872e6
9.927510010140777e6
9.92525333355193e6
9.922943007051906e6
9.920579066133874e6
9.918161568267025e6
9.91569059223117e6
9.913166237454575e6
9.910588623355994e6
9.907957888691936e6
9.905274190909872e6
9.90253770550823e6
9.8997486254038e6
9.89690716030721e6
9.894013536106989e6
9.891067994262734e6
9.888070791207772e6
9.885022197761755e6
9.881922498553468e6
9.878771991454171e6
9.875570987021688e6
9.872319807955472e6
9.869018788562804e6
9.86566827423626e6
9.862268620942533e6
9.858820194722699e6
9.855323371204002e6
9.85177853512307e6
9.848186079860741e6
9.844546406988274e6
9.84085992582506e6
9.8371270530077e6
9.833348212070402e6
9.829523833036568e6
9.825654352021534e6
9.821740210846296e6
9.817781856662115e6
9.813779741585875e6
9.809734322346026e6
9.805646059939012e6
9.801515419295955e6
9.797342868959498e6
9.79312888077063e6
9.788873929565242e6
9.784578492880387e6
9.78024305066991e6
9.775868085029364e6
9.771454079930022e6
9.767001520961745e6
9.762510895084571e6
9.757982690388849e6
9.753417395863658e6
9.74881550117342e6
9.744177496442461e6
9.739503872047327e6
9.734795118416743e6
9.730051725838931e6
9.725274184276197e6
9.720462983186558e6
9.715618611352224e6
9.71074155671482e6
9.705832306217074e6
9.700891345650923e6
9.695919159511743e6
9.690916230858658e6
9.68588304118063e6
9.68082007026831e6
9.675727796091408e6
9.67060669468139e6
9.665457240019467e6
9.660279903929653e6
9.655075155976687e6
9.64984346336883e6
9.644585290865235e6
9.639301100687861e6
9.633991352437746e6
9.628656503015496e6
9.623297006545926e6
9.61791331430663e6
9.61250587466045e6
9.607075132991645e6
9.601621531645717e6
9.59614550987267e6
9.590647503773756e6
9.585127946251404e6
9.579587266962364e6
9.574025892273935e6
9.568444245223116e6
9.562842745478649e6
9.557221809305819e6
9.551581849533927e6
9.545923275526358e6
9.54024649315313e6
9.534551904765842e6
9.52883990917496e6
9.523110901629323e6
9.517365273797825e6
9.51160341375316e6
9.505825705957582e6
9.500032531250598e6
9.494224266838502e6
9.488401286285724e6
9.482563959507886e6
9.4767126527665e6
9.470847728665305e6
9.464969546148075e6
9.45907846049795e6
9.453174823338144e6
9.447258982634023e6
9.441331282696491e6
9.435392064186603e6
9.429441664121412e6
9.423480415880902e6
9.417508649216086e6
9.411526690258106e6
9.405534861528365e6
9.399533481949596e6
9.393522866857886e6
9.387503328015544e6
9.381475173624815e6
9.375438708342398e6
9.369394233294716e6
9.363342046093935e6
9.357282440854616e6
9.3512157082111e6
9.345142135335445e6
9.339062005955989e6
9.33297560037647e6
9.326883195495673e6
9.320785064827548e6
9.314681478521885e6
9.30857270338532e6
9.302459002902849e6
9.29634063725971e6
9.290217863363625e6
9.284090934867395e6
1.0359052336210009e7
1.0359044233524507e7
1.0359033269521132e7
1.0359018810229467e7
1.0359000156377425e7
1.0358976545502504e7
1.0358947154583672e7
1.0358911103109334e7
1.0358867456502637e7
1.0358815229831088e7
1.0358753391733836e7
1.0358680868506009e7
1.0358596548285728e7
1.0358499285295306e7
1.0358387904093958e7
1.0358261203804597e7
1.035811796228253e7
1.035795694019845e7
1.03577768850125e7
1.0357576534820141e7
1.0357354622054143e7
1.0357109877030257e7
1.0356841031326957e7
1.0356546820992302e7
1.0356225989573175e7
1.0355877290964115e7
1.0355499492074775e7
1.0355091375316413e7
1.0354651740909182e7
1.0354179409013068e7
1.0353673221686121e7
1.0353132044674542e7
1.0352554769039595e7
1.0351940312627029e7
1.0351287621384814e7
1.0350595670535492e7
1.0349863465609508e7
1.034909004334605e7
1.0348274472467938e7
1.0347415854337255e7
1.0346513323498104e7
1.0345566048113097e7
1.0344573230299797e7
1.0343534106373407e7
1.0342447947001707e7
1.0341314057278069e7
1.0340131776718277e7
1.0338900479186578e7
1.0337619572756186e7
1.0336288499509355e7
1.0334906735281724e7
1.033347378935563e7
1.0331989204106702e7
1.0330452554607922e7
1.0328863448195064e7
1.0327221523997301e7
1.0325526452436468e7
1.0323777934698317e7
1.0321975702178916e7
1.0320119515909143e7
1.0318209165960029e7
1.0316244470831579e7
1.0314225276827473e7
1.031215145741793e7
1.0310022912592864e7
1.0307839568207324e7
1.0305601375320988e7
1.0303308309533495e7
1.0300960370317157e7
1.0298557580348501e7
1.0296099984840022e7
1.0293587650873356e7
1.029102066673504e7
1.028839914125589e7
1.028572320315494e7
1.028299300038888e7
1.0280208699507657e7
1.0277370485017136e7
1.0274478558749264e7
1.0271533139240507e7
1.0268534461118953e7
1.0265482774500595e7
1.0262378344395213e7
1.0259221450122165e7
1.0256012384736449e7
1.0252751454465311e7
1.024943897815553e7
1.0246075286731707e7
1.0242660722665627e7
1.02391956394568e7
1.0235680401124367e7
1.0232115381710323e7
1.022850096479418e7
1.0224837543019036e7
1.0221125517629081e7
1.0217365298018467e7
1.021355730129154e7
1.0209701951834371e7
1.0205799680897439e7
1.0201850926189508e7
1.0197856131482452e7
1.0193815746227017e7
1.0189730225179333e7
1.0185600028038101e7
1.0181425619092245e7
1.017720746687893e7
1.0172946043851763e7
1.0168641826059088e7
1.0164295292832028e7
1.0159906926482365e7
1.0155477212009849e7
1.0151006636818888e7
1.0146495690444428e7
1.014194486428679e7
1.0137354651355334e7
1.0132725546020769e7
1.0128058043775847e7
1.0123352641004384e7
1.011860983475832e7
1.0113830122542689e7
1.0109014002108272e7
1.0104161971251823e7
1.009927452762362e7
1.0094352168542184e7
1.008939539081601e7
1.0084404690572117e7
1.0079380563091224e7
1.0074323502649438e7
1.0069234002366213e7
1.006411255405849e7
1.0058959648100764e7
1.005377577329103e7
1.0048561416722335e7
1.0043317063659845e7
1.0038043197423277e7
1.0032740299274508e7
1.0027408848310247e7
1.00220493213596e7
1.00166621928864e7
1.0011247934896147e7
1.0005807016847484e7
1.0000339905567944e7
9.994847065173978e6
9.989328956995051e6
9.983786039501723e6
9.978218768237548e6
9.972627595754707e6
9.967012971553262e6
9.961375342023902e6
9.95571515039404e6
9.9500328366772e6
9.94432883762562e6
9.93860358668583e6
9.93285751395725e6
9.927091046153625e6
9.92130460656727e6
9.915498615035925e6
9.90967348791225e6
9.903829638035774e6
9.897967474707285e6
9.892087403665511e6
9.886189827066088e6
9.880275143462619e6
9.874343747789918e6
9.86839603134916e6
9.862432381795052e6
9.856453183124809e6
9.85045881566897e6
9.844449656083917e6
9.838426077346079e6
9.832388448747713e6
9.826337135894233e6
9.82027250070305e6
9.814194901403781e6
9.808104692539858e6
9.802002224971438e6
9.79588784587957e6
9.789761898771586e6
9.783624723487612e6
9.77747665620822e6
9.771318029463131e6
9.765149172140924e6
9.758970409499744e6
9.752782063178893e6
9.746584451211372e6
9.74037788803721e6
9.73416268451763e6
9.727939147950001e6
9.721707582083503e6
9.715468287135482e6
9.70922155980851e6
9.70296769330804e6
9.696706977360684e6
9.690439698233057e6
9.684166138751144e6
9.67788657832021e6
9.671601292945175e6
9.665310555251434e6
9.65901463450613e6
9.652713796639837e6
9.646408304268591e6
1.0749244062948616e7
1.0749235940723114e7
1.0749224947801549e7
1.0749210447061894e7
1.0749191735420175e7
1.0749168045884354e7
1.0749138550133994e7
1.0749102361541994e7
1.0749058538559942e7
1.074900608839461e7
1.0748943970908966e7
1.074887110268721e7
1.074878636120938e7
1.0748688589086901e7
1.074857659831606e7
1.0748449174511772e7
1.0748305081089e7
1.074814306336386e7
1.0747961852550719e7
1.0747760169635609e7
1.0747536729109745e7
1.0747290242550313e7
1.0747019422038417e7
1.0746722983406834e7
1.074639964931236e7
1.0746048152129602e7
1.0745667236664817e7
1.0745255662689898e7
1.0744812207297916e7
1.0744335667082697e7
1.074382486014592e7
1.0743278627935898e7
1.0742695836922891e7
1.0742075380116336e7
1.0741416178429663e7
1.074071718189882e7
1.0739977370760698e7
1.0739195756397877e7
1.073837138215616e7
1.0737503324041402e7
1.0736590691302055e7
1.0735632626903858e7
1.0734628307902962e7
1.0733576945723647e7
1.0732477786346659e7
1.0731330110413965e7
1.0730133233255683e7
1.0728886504844524e7
1.07275893096831e7
1.072624106662912e7
1.0724841228663279e7
1.0723389282604486e7
1.0721884748776872e7
1.0720327180632675e7
1.0718716164335096e7
1.0717051318304816e7
1.0715332292733759e7
1.0713558769069564e7
1.0711730459473813e7
1.0709847106257088e7
1.0707908481293723e7
1.070591438541877e7
1.0703864647809805e7
1.070175912535575e7
1.0699597702015001e7
1.069738028816481e7
1.0695106819943858e7
1.069277725858969e7
1.0690391589772737e7
1.0687949822928345e7
1.0685451990588263e7
1.0682898147712821e7
1.068028837102503e7
1.0677622758347651e7
1.0674901427944262e7
1.0672124517865177e7
1.0669292185299125e7
1.0666404605931366e7
1.066346197330898e7
1.0660464498213904e7
1.0657412408044284e7
1.0654305946204673e7
1.0651145371505402e7
1.0647930957571672e7
1.0644662992262544e7
1.0641341777100245e7
1.0637967626709936e7
1.0634540868270265e7
1.0631061840974791e7
1.062753089550445e7
1.062394839351121e7
1.0620314707112938e7
1.0616630218399568e7
1.0612895318950625e7
1.0609110409364076e7
1.060527589879648e7
1.0601392204514489e7
1.0597459751457546e7
1.0593478971811809e7
1.0589450304595158e7
1.0585374195253225e7
1.0581251095266346e7
1.0577081461767277e7
1.0572865757169625e7
1.056860444880679e7
1.0564298008581305e7
1.0559946912624445e7
1.0555551640965924e7
1.0551112677213512e7
1.0546630508242456e7
1.0542105623894487e7
1.0537538516686264e7
1.0532929681527087e7
1.052827961544568e7
1.0523588817325905e7
1.051885778765117e7
1.0514087028257428e7
1.0509277042094486e7
1.0504428332995567e7
1.0499541405454826e7
1.0494616764412705e7
1.0489654915048955e7
1.0484656362583095e7
1.0479621612082195e7
1.0474551168275734e7
1.046944553537744e7
1.0464305216913866e7
1.0459130715559594e7
1.0453922532978846e7
1.0448681169673355e7
1.0443407124836365e7
1.0438100896212537e7
1.0432762979963657e7
1.042739387053994e7
1.0421994060556842e7
1.0416564040677147e7
1.0411104299498258e7
1.0405615323444465e7
1.0400097596664151e7
1.0394551600931687e7
1.0388977815553952e7
1.03833767172813e7
1.037774878022289e7
1.0372094475766195e7
1.0366414272500593e7
1.0360708636144912e7
1.0354978029478818e7
1.0349222912277905e7
1.034344374125239e7
1.0337640969989276e7
1.0331815048897924e7
1.0325966425158862e7
1.0320095542675763e7
1.03142028420305e7
1.0308288760441132e7
1.0302353731722778e7
1.0296398186251238e7
1.0290422550929304e7
1.0284427249155665e7
1.0278412700796247e7
1.0272379322158048e7
1.0266327525965262e7
1.026025772133762e7
1.0254170313770954e7
1.0248065705119815e7
1.0241944293582102e7
1.0235806473685684e7
1.0229652636276819e7
1.0223483168510444e7
1.0217298453842165e7
1.021109887202193e7
1.0204884799089307e7
1.0198656607370323e7
1.0192414665475778e7
1.0186159338300986e7
1.0179890987026913e7
1.017360996912261e7
1.0167316638348933e7
1.0161011344763469e7
1.0154694434726616e7
1.0148366250908837e7
1.014202713229889e7
1.0135677414213194e7
1.0129317428306092e7
1.0122947502581092e7
1.0116567961402992e7
1.0110179125510894e7
1.0103781312032005e7
1.0097374834496217e7
1.0090960002851471e7
1.008453712347979e7
1.0078106499214008e7
1.0071668429355161e7
1.006522320969045e7
1.0058771132511806e7
1.0052312486635016e7
1.0045847557419352e7
1.0039376626787715e7
1.003289997324721e7
1.0026417871910205e7
1.001993059451579e7
1.1151105736519078e7
1.1151097595011164e7
1.1151086573546521e7
1.1151072031887293e7
1.1151053263179233e7
1.1151029495948121e7
1.1150999896627031e7
1.1150963572531417e7
1.1150919575204076e7
1.1150866904057832e7
1.1150804510249529e7
1.1150731300724922e7
1.1150646142379953e7
1.1150547866289597e7
1.1150435271961082e7
1.1150307131573511e7
1.1150162194170939e7
1.114999918978043e7
1.1149816833431154e7
1.114961382905421e7
1.1149388873246692e7
1.114914065888657e7
1.1148867878587933e7
1.1148569227988727e7
1.1148243408865418e7
1.1147889132070977e7
1.1147505120294457e7
1.1147090110641858e7
1.1146642857039383e7
1.114616213246124e7
1.1145646730985196e7
1.1145095469679775e7
1.1144507190327728e7
1.1143880760990908e7
1.1143215077422094e7
1.1142509064329615e7
1.1141761676500946e7
1.1140971899791414e7
1.1140138751984535e7
1.1139261283530217e7
1.1138338578167325e7
1.1137369753436891e7
1.113635396109218e7
1.1135290387411851e7
1.1134178253422024e7
1.1133016815033253e7
1.113180536309794e7
1.1130543223393684e7
1.112922975653787e7
1.1127864357838456e7
1.1126446457085952e7
1.1124975518291099e7
1.1123451039372794e7
1.1121872551800376e7
1.1120239620194402e7
1.1118551841889644e7
1.1116808846463958e7
1.1115010295236427e7
1.1113155880738003e7
1.1111245326157726e7
1.1109278384767324e7
1.1107254839326942e7
1.1105174501474505e7
1.110303721110106e7
1.1100842835714366e7
1.1098591269792728e7
1.109628243413109e7
1.1093916275181083e7
1.1091492764386807e7
1.108901189751779e7
1.1086473694000633e7
1.1083878196250645e7
1.1081225469004652e7
1.1078515598656194e7
1.1075748692594014e7
1.1072924878544943e7
1.1070044303921903e7
1.1067107135177877e7
1.1064113557166599e7
1.1061063772510521e7
1.1057958000976749e7
1.1054796478861326e7
1.1051579458382482e7
1.1048307207083201e7
1.1044980007243395e7
1.1041598155302137e7
1.1038161961290153e7
1.1034671748272786e7
1.1031127851803701e7
1.1027530619389465e7
1.1023880409965083e7
1.1020177593380665e7
1.1016422549899295e7
1.1012615669706067e7
1.1008757352428429e7
1.1004848006667743e7
1.1000888049542112e7
1.0996877906240398e7
1.0992818009587388e7
1.0988708799620083e7
1.098455072317493e7
1.0980344233486054e7
1.0976089789794222e7
1.0971787856966538e7
1.096743890512673e7
1.0963043409295818e7
1.0958601849043142e7
1.0954114708147507e7
1.0949582474268328e7
1.0945005638626637e7
1.0940384695695747e7
1.0935720142901437e7
1.0931012480331507e7
1.0926262210454464e7
1.0921469837847227e7
1.0916635868931685e7
1.091176081171984e7
1.0906845175567491e7
1.0901889470936142e7
1.089689420916309e7
1.0891859902239395e7
1.0886787062595628e7
1.0881676202895237e7
1.087652783583524e7
1.0871342473954234e7
1.08661206294474e7
1.0860862813988445e7
1.0855569538558219e7
1.0850241313279897e7
1.084487864726056e7
1.0839482048438987e7
1.0834052023439473e7
1.0828589077431604e7
1.0823093713995734e7
1.081756643499405e7
1.0812007740447085e7
1.0806418128415536e7
1.0800798094887152e7
1.0795148133668717e7
1.07894687362828e7
1.0783760391869267e7
1.0778023587091366e7
1.077225880604624e7
1.0766466530179774e7
1.0760647238205632e7
1.075480140602834e7
1.0748929506670306e7
1.0743032010202706e7
1.073710938368001e7
1.073116209107814e7
1.0725190593236085e7
1.0719195347800901e7
1.071317680917596e7
1.0707135428472355e7
1.0701071653463377e7
1.069498592854192e7
1.0688878694680793e7
1.0682750389395736e7
1.0676601446711177e7
1.0670432297128519e7
1.0664243367596962e7
1.0658035081486719e7
1.0651807858564561e7
1.064556211497163e7
1.0639298263203414e7
1.06330167120918e7
1.0626717866789175e7
1.062040212875447e7
1.0614069895741068e7
1.0607721561786536e7
1.06013575172041e7
1.0594978148575798e7
1.0588583838747248e7
1.0582174966823984e7
1.0575751908169264e7
1.0569315034403343e7
1.0562864713404119e7
1.0556401309309117e7
1.0549925182518736e7
1.0543436689700726e7
1.0536936183795866e7
1.0530424014024712e7
1.0523900525895515e7
1.0517366061213078e7
1.0510820958088685e7
1.0504265550950944e7
1.0497700170557529e7
1.0491125144007828e7
1.0484540794756375e7
1.0477947442627143e7
1.047134540382848e7
1.0464734990968926e7
1.0458116513073549e7
1.0451490275601065e7
1.0444856580461508e7
1.0438215726034522e7
1.0431568007188207e7
1.0424913715298487e7
1.041825313826901e7
1.0411586560551502e7
1.0404914263166552e7
1.1564897186383963e7
1.156488902584634e7
1.156487797620676e7
1.1564863394146804e7
1.156484456908297e7
1.1564820725105602e7
1.156479102345357e7
1.156475456544236e7
1.156471039576815e7
1.1564657506116105e7
1.1564594839006575e7
1.1564521291819068e7
1.1564435720939223e7
1.1564336945980005e7
1.1564223754033625e7
1.1564094903915975e7
1.1563949130370205e7
1.1563785148200734e7
1.1563601656313173e7
1.1563397341639575e7
1.156317088293196e7
1.1562920954410346e7
1.1562646229254324e7
1.156234538292991e7
1.1562017096345704e7
1.1561660058834327e7
1.1561272970957048e7
1.1560854547130913e7
1.156040351807918e7
1.1559918633106906e7
1.155939866220453e7
1.1558842397983203e7
1.1558248657446127e7
1.1557616283600954e7
1.1556944146918435e7
1.1556231146643164e7
1.1555476211962279e7
1.1554678303038271e7
1.1553836411912173e7
1.1552949563283361e7
1.1552016815172344e7
1.155103725947271e7
1.1550010022398524e7
1.1548934264833158e7
1.1547809182585556e7
1.1546634006559763e7
1.1545408002843274e7
1.1544130472719755e7
1.1542800752611307e7
1.1541418213955455e7
1.1539982263021601e7
1.1538492340671737e7
1.1536947922069777e7
1.15353485163438e7
1.153369366620528e7
1.1531982947529107e7
1.1530215968898052e7
1.1528392371115202e7
1.152651182668752e7
1.1524574039283738e7
1.1522578743169384e7
1.1520525702621771e7
1.1518414711327445e7
1.1516245591764571e7
1.1514018194572445e7
1.1511732397910327e7
1.1509388106807495e7
1.1506985252506414e7
1.1504523791800702e7
1.1502003706369467e7
1.1499425002109598e7
1.1496787708467191e7
1.1494091877769567e7
1.149133758455889e7
1.1488524924928587e7
1.1485654015863447e7
1.1482724994584346e7
1.1479738017898446e7
1.1476693261555556e7
1.1473590919611396e7
1.1470431203798318e7
1.1467214342904102e7
1.1463940582159244e7
1.1460610182633273e7
1.1457223420640402e7
1.145378058715488e7
1.1450281987236414e7
1.1446727939465798e7
1.1443118775391074e7
1.1439454838984348e7
1.1435736486109488e7
1.143196408400067e7
1.142813801075209e7
1.1424258654818716e7
1.1420326414528186e7
1.141634169760392e7
1.1412304920699397e7
1.1408216508943532e7
1.1404076895497248e7
1.1399886521121034e7
1.1395645833753554e7
1.1391355288101124e7
1.1387015345238013e7
1.1382626472217469e7
1.1378189141693357e7
1.137370383155219e7
1.1369171024555603e7
1.1364591207992962e7
1.1359964873344043e7
1.1355292515951622e7
1.1350574634703806e7
1.1345811731725948e7
1.1341004312082015e7
1.1336152883485159e7
1.1331257956017427e7
1.1326320041858375e7
1.1321339655022392e7
1.1316317311104639e7
1.1311253527035348e7
1.1306148820842385e7
1.1301003711421771e7
1.1295818718316175e7
1.1290594361501027e7
1.1285331161178168e7
1.128002963757687e7
1.1274690310761997e7
1.1269313700449182e7
1.1263900325826842e7
1.125845070538486e7
1.1252965356749773e7
1.1247444796526272e7
1.1241889540144911e7
1.1236300101715818e7
1.1230676993888257e7
1.122502072771592e7
1.1219331812527755e7
1.1213610755804185e7
1.120785806305862e7
1.1202074237724038e7
1.1196259781044574e7
1.1190415191971907e7
1.1184540967066353e7
1.1178637600402525e7
1.1172705583479399e7
1.116674540513469e7
1.1160757551463427e7
1.115474250574049e7
1.1148700748347199e7
1.1142632756701587e7
1.1136539005192468e7
1.113041996511702e7
1.1124276104621848e7
1.1118107888647439e7
1.1111915778875848e7
1.110570023368153e7
1.1099461708085243e7
1.1093200653710905e7
1.1086917518745292e7
1.1080612747900508e7
1.1074286782379165e7
1.1067940059842074e7
1.1061573014378518e7
1.1055186076478872e7
1.1048779673009608e7
1.1042354227190526e7
1.103591015857416e7
1.1029447883027297e7
1.102296781271451e7
1.1016470356083663e7
1.1009955917853286e7
1.1003424899001764e7
1.0996877696758296e7
1.099031470459552e7
1.0983736312223779e7
1.0977142905586954e7
1.0970534866859777e7
1.096391257444662e7
1.0957276402981665e7
1.0950626723330421e7
1.0943963902592508e7
1.0937288304105695e7
1.093060028745113e7
1.0923900208459683e7
1.09171884192194e7
1.0910465268084003e7
1.0903731099682389e7
1.089698625492908e7
1.0890231071035625e7
1.088346588152284e7
1.0876691016233906e7
1.0869906801348291e7
1.0863113559396412e7
1.0856311609275034e7
1.084950126626337e7
1.084268284203986e7
1.0835856644699557e7
1.0829022978772128e7
1.0822182145240437e7
1.0815334441559646e7
1.0808480161676856e7
1.0801619596051222e7
1.199088207032379e7
1.199087389100438e7
1.1990862813551204e7
1.1990848191599997e7
1.1990829310878463e7
1.1990805391087642e7
1.1990775588323878e7
1.1990738997959541e7
1.1990694657905824e7
1.1990641552185956e7
1.1990578614753038e7
1.1990504733492173e7
1.1990418754352313e7
1.1990319485558815e7
1.1990205701863077e7
1.1990076148790687e7
1.198992954685449e7
1.1989764595703432e7
1.1989579978182271e7
1.1989374364281176e7
1.1989146414957713e7
1.1988894785817027e7
1.1988618130638814e7
1.1988315104742438e7
1.1987984368183726e7
1.198762458877912e7
1.1987234444954665e7
1.1986812628418777e7
1.1986357846659333e7
1.1985868825266507e7
1.1985344310084058e7
1.198478306919238e7
1.1984183894727526e7
1.1983545604540847e7
1.1982867043704407e7
1.1982147085867723e7
1.1981384634471605e7
1.1980578623825088e7
1.1979728020051582e7
1.1978831821910428e7
1.197788906150008e7
1.1976898804849101e7
1.1975860152401082e7
1.1974772239399523e7
1.1973634236178646e7
1.1972445348365813e7
1.1971204817001281e7
1.1969911918580681e7
1.1968565965025464e7
1.1967166303586483e7
1.1965712316685509e7
1.1964203421699395e7
1.196263907069138e7
1.196101875009379e7
1.1959341980346248e7
1.1957608315493243e7
1.1955817342744762e7
1.1953968682003507e7
1.195206198536193e7
1.1950096936572326e7
1.194807325049282e7
1.1945990672512114e7
1.194384897795558e7
1.1941647971475145e7
1.1939387486425279e7
1.1937067384227265e7
1.1934687553723749e7
1.1932247910525445e7
1.1929748396351773e7
1.1927188978367072e7
1.1924569648513833e7
1.1921890422844507e7
1.1919151340852993e7
1.1916352464807212e7
1.191349387908372e7
1.1910575689505445e7
1.1907598022683524e7
1.1904561025364012e7
1.1901464863780282e7
1.1898309723011877e7
1.1895095806350365e7
1.1891823334672857e7
1.1888492545823697e7
1.1885103694004742e7
1.188165704917473e7
1.187815289645803e7
1.187459153556319e7
1.1870973280211434e7
1.1867298457575493e7
1.1863567407728884e7
1.1859780483105842e7
1.1855938047972022e7
1.1852040477906158e7
1.184808815929263e7
1.1844081488825146e7
1.1840020873021448e7
1.1835906727749161e7
1.1831739477762686e7
1.1827519556251204e7
1.1823247404397624e7
1.1818923470948622e7
1.1814548211795444e7
1.181012208956561e7
1.1805645573225312e7
1.1801119137692396e7
1.1796543263459897e7
1.179191843622989e7
1.178724514655763e7
1.1782523889505764e7
1.177775516430852e7
1.1772939474045709e7
1.1768077325326359e7
1.1763169227981871e7
1.17582156947685e7
1.1753217241079027e7
1.1748174384663383e7
1.174308764535816e7
1.1737957544824768e7
1.1732784606296077e7
1.1727569354331376e7
1.1722312314579496e7
1.1717014013549894e7
1.1711674978391536e7
1.1706295736679409e7
1.1700876816208502e7
1.169541874479506e7
1.168992205008495e7
1.1684387259369005e7
1.1678814899405103e7
1.1673205496246913e7
1.1667559575079067e7
1.166187766005861e7
1.1656160274162639e7
1.1650407939041855e7
1.1644621174879974e7
1.1638800500258803e7
1.1632946432028826e7
1.1627059485185163e7
1.1621140172748765e7
1.1615189005652683e7
1.1609206492633287e7
1.1603193140126266e7
1.1597149452167343e7
1.1591075930297483e7
1.1584973073472545e7
1.157884137797718e7
1.1572681337342896e7
1.1566493442270203e7
1.1560278180554569e7
1.1554036037016291e7
1.1547767493433954e7
1.1541473028481513e7
1.1535153117668828e7
1.1528808233285522e7
1.1522438844348153e7
1.1516045416550465e7
1.1509628412216716e7
1.150318829025799e7
1.1496725506131299e7
1.1490240511801515e7
1.1483733755705934e7
1.147720568272144e7
1.1470656734134167e7
1.1464087347611599e7
1.1457497957176963e7
1.1450888993185923e7
1.1444260882305427e7
1.1437614047494663e7
1.1430948907988071e7
1.1424265879280256e7
1.141756537311287e7
1.1410847797463259e7
1.1404113556534883e7
1.1397363050749445e7
1.1390596676740644e7
1.1383814827349484e7
1.137701789162113e7
1.1370206254803196e7
1.1363380298345426e7
1.1356540399900762e7
1.1349686933327675e7
1.1342820268693732e7
1.1335940772280404e7
1.1329048806588976e7
1.132214473034758e7
1.1315228898519292e7
1.1308301662311226e7
1.1301363369184593e7
1.1294414362865727e7
1.1287454983357945e7
1.1280485566954317e7
1.1273506446251204e7
1.1266517950162604e7
1.1259520403935205e7
1.1252514129164202e7
1.1245499443809722e7
1.1238476662213955e7
1.1231446095118834e7
1.1224408049684377e7
1.1217362829507496e7
1.1210310734641386e7
1.242932790243409e7
1.2429319704576163e7
1.2429308599664086e7
1.2429293938321965e7
1.242927500262858e7
1.242925100794123e7
1.242922110526476e7
1.2429184384084724e7
1.242913987558832e7
1.2429086556202121e7
1.2429023351380732e7
1.2428949139586369e7
1.2428862756404692e7
1.2428762998747809e7
1.2428648629100595e7
1.2428518379771566e7
1.2428370957114376e7
1.2428205045690406e7
1.242801931234725e7
1.242781241019158e7
1.2427582982438624e7
1.2427329666123485e7
1.2427051095662596e7
1.2426745906256216e7
1.2426412737125035e7
1.2426050234576313e7
1.2425657054896463e7
1.2425231867068924e7
1.2424773355317237e7
1.2424280221474761e7
1.2423751187183134e7
1.2423184995922793e7
1.2422580414879318e7
1.2421936236650163e7
1.242125128079664e7
1.2420524395246595e7
1.241975445755336e7
1.2418940376016803e7
1.241808109067257e7
1.2417175574155472e7
1.2416222832443325e7
1.2415221905487094e7
1.2414171867733704e7
1.2413071828547245e7
1.241192093253463e7
1.2410718359781314e7
1.2409463326002829e7
1.2408155082617426e7
1.2406792916745177e7
1.2405376151138572e7
1.2403904144049613e7
1.2402376289037867e7
1.2400792014724305e7
1.239915078449491e7
1.2397452096158428e7
1.2395695481561992e7
1.2393880506168451e7
1.2392006768598864e7
1.2390073900143607e7
1.2388081564245107e7
1.2386029455955364e7
1.2383917301370984e7
1.2381744857048368e7
1.2379511909401659e7
1.237721827408568e7
1.237486379536613e7
1.2372448345479105e7
1.2369971823981818e7
1.2367434157096373e7
1.236483529704826e7
1.2362175221401056e7
1.2359453932388917e7
1.2356671456248073e7
1.2353827842548648e7
1.2350923163527913e7
1.2347957513426049e7
1.2344931007825397e7
1.234184378299405e7
1.2338695995234655e7
1.2335487820239125e7
1.2332219452449966e7
1.2328891104428824e7
1.2325503006232794e7
1.2322055404798998e7
1.2318548563337887e7
1.2314982760735665e7
1.2311358290966136e7
1.2307675462512344e7
1.2303934597798258e7
1.2300136032630676e7
1.2296280115651637e7
1.2292367207801389e7
1.2288397681792177e7
1.22843719215928e7
1.228029032192416e7
1.2276153287765738e7
1.227196123387311e7
1.226771458430647e7
1.2263413771970125e7
1.2259059238163034e7
1.2254651432140203e7
1.2250190810685022e7
1.2245677837692348e7
1.2241112983762352e7
1.2236496725804951e7
1.2231829546654768e7
1.222711193469652e7
1.2222344383500624e7
1.2217527391469011e7
1.2212661461490909e7
1.2207747100608503e7
1.2202784819692336e7
1.2197775133126222e7
1.2192718558501627e7
1.2187615616321256e7
1.2182466829711745e7
1.2177272724145278e7
1.2172033827169921e7
1.2166750668148613e7
1.2161423778006475e7
1.2156053688986475e7
1.2150640934413064e7
1.2145186048463793e7
1.2139689565948632e7
1.2134152022096846e7
1.2128573952351289e7
1.2122955892169913e7
1.2117298376834352e7
1.211160194126535e7
1.2105867119845018e7
1.210009444624554e7
1.2094284453264391e7
1.2088437672665738e7
1.2082554635027949e7
1.2076635869597066e7
1.2070681904146018e7
1.2064693264839495e7
1.2058670476104304e7
1.2052614060505072e7
1.204652453862511e7
1.2040402428952383e7
1.2034248247770367e7
1.2028062509053683e7
1.2021845724368392e7
1.2015598402776819e7
1.2009321050746724e7
1.2003014172064776e7
1.1996678267754149e7
1.1990313835996138e7
1.1983921372055694e7
1.1977501368210688e7
1.1971054313684927e7
1.196458069458467e7
1.1958080993838605e7
1.1951555691141227e7
1.1945005262899378e7
1.1938430182181988e7
1.1931830918672837e7
1.1925207938626297e7
1.191856170482586e7
1.1911892676545523e7
1.1905201309513764e7
1.1898488055880146e7
1.1891753364184422e7
1.1884997679328067e7
1.1878221442548092e7
1.18714250913932e7
1.1864609059702074e7
1.1857773777583776e7
1.1850919671400215e7
1.1844047163750531e7
1.1837156673457425e7
1.1830248615555279e7
1.1823323401280073e7
1.181638143806098e7
1.1809423129513616e7
1.1802448875434862e7
1.1795459071799206e7
1.1788454110756548e7
1.178143438063144e7
1.1774400265923651e7
1.176735214731003e7
1.17602904016477e7
1.1753215401978321e7
1.1746127517533654e7
1.1739027113742132e7
1.173191455223656e7
1.172479019086279e7
1.1717654383689431e7
1.1710507481018454e7
1.1703349829396699e7
1.1696181771628274e7
1.1689003646787759e7
1.1681815790234199e7
1.1674618533625832e7
1.1667412204935579e7
1.166019712846717e7
1.1652973624871965e7
1.1645742011166386e7
1.1638502600749878e7
1.163125570342357e7
1.288050608112248e7
1.2880497864964752e7
1.2880486732941983e7
1.2880472032700343e7
1.2880453042709004e7
1.288042897402648e7
1.2880398972616583e7
1.2880362122133676e7
1.2880317447101459e7
1.2880263916414538e7
1.2880200447097346e7
1.2880125908260375e7
1.288003912519917e7
1.287993888358684e7
1.2879823933716122e7
1.2879692994751962e7
1.2879544758960385e7
1.2879377895883836e7
1.2879191056437336e7
1.287898287690365e7
1.287875198280918e7
1.28784969926655e7
1.287821652156437e7
1.287790918461668e7
1.2877573600228114e7
1.2877208393206429e7
1.2876812197697008e7
1.2876383659945127e7
1.2875921440884536e7
1.2875424218553463e7
1.287489069033989e7
1.2874319575059127e7
1.287370961486721e7
1.2873059577014484e7
1.287236825544399e7
1.2871634472239988e7
1.2870857078931924e7
1.2870034957659675e7
1.2869167022205882e7
1.286825221890137e7
1.2867289527409669e7
1.2866277961396666e7
1.2865216569091449e7
1.2864104433744155e7
1.286294067398676e7
1.2861724444102535e7
1.2860454934209624e7
1.2859131370364333e7
1.2857753014589265e7
1.2856319164831445e7
1.2854829154855335e7
1.2853282354075402e7
1.2851678167332843e7
1.285001603462071e7
1.284829543076162e7
1.2846515865042018e7
1.2844676880806655e7
1.2842778055016963e7
1.2840818997776637e7
1.2838799351827642e7
1.2836718792019734e7
1.2834577024756247e7
1.2832373787418986e7
1.283010884777466e7
1.2827782003365275e7
1.2825393080884779e7
1.2822941935543988e7
1.2820428450425828e7
1.2817852535832673e7
1.2815214128627563e7
1.2812513191570852e7
1.280974971265377e7
1.2806923704430344e7
1.2804035203348884e7
1.2801084269084247e7
1.2798070983871995e7
1.2794995451845448e7
1.2791857798376482e7
1.2788658169421071e7
1.278539673087021e7
1.2782073667907001e7
1.2778689184370508e7
1.277524350212702e7
1.2771736860449158e7
1.276816951540341e7
1.2764541739246398e7
1.2760853819830365e7
1.27571060600181e7
1.2753298777107708e7
1.274943230226736e7
1.2745506979980346e7
1.2741523167500501e7
1.2737481234318275e7
1.2733381561637435e7
1.2729224541862637e7
1.2725010578097785e7
1.2720740083655372e7
1.2716413481576674e7
1.271203120416297e7
1.2707593692517592e7
1.2703101396098936e7
1.2698554772284275e7
1.269395428594438e7
1.2689300409028823e7
1.2684593620161932e7
1.267983440424924e7
1.2675023252094395e7
1.2670160660026329e7
1.2665247129536653e7
1.2660283166927056e7
1.2655269282966683e7
1.2650205992559219e7
1.2645093814419648e7
1.2639933270760471e7
1.263472488698724e7
1.2629469191403266e7
1.2624166714923326e7
1.2618817990796195e7
1.2613423554335877e7
1.260798394266133e7
1.260249969444452e7
1.2596971349666676e7
1.2591399449382527e7
1.258578453549241e7
1.2580127150521977e7
1.2574427837409502e7
1.256868713930042e7
1.2562905599349149e7
1.2557083760527793e7
1.2551222165441792e7
1.2545321356152203e7
1.253938187400449e7
1.253340425946371e7
1.2527389051955895e7
1.2521336789715454e7
1.2515248009638507e7
1.2509123247141963e7
1.2502963036028178e7
1.2496767908355065e7
1.249053839431154e7
1.2484275022098113e7
1.2477978317812495e7
1.2471648805340154e7
1.2465287006249532e7
1.2458893439691992e7
1.2452468622306172e7
1.2446013068126785e7
1.2439527288497599e7
1.2433011791988587e7
1.2426467084317058e7
1.2419893668272667e7
1.2413292043646242e7
1.2406662707162213e7
1.240000615241464e7
1.239332286980666e7
1.2386613346493287e7
1.2379878066327441e7
1.2373117509809125e7
1.2366332154037634e7
1.235952247266671e7
1.2352688935862565e7
1.2345832010264648e7
1.2338952158949073e7
1.2332049841394685e7
1.2325125513451578e7
1.231817962731205e7
1.2311212631483912e7
1.2304224970766036e7
1.229721708622612e7
1.2290189415180529e7
1.2283142391176216e7
1.2276076443974588e7
1.2268991999537274e7
1.2261889480013736e7
1.2254769303730674e7
1.2247631885183085e7
1.2240477635027025e7
1.2233306960073918e7
1.2226120263286414e7
1.2218917943775728e7
1.2211700396800375e7
1.2204468013766274e7
1.2197221182228185e7
1.2189960285892403e7
1.218268570462062e7
1.2175397814435065e7
1.2168096987524612e7
1.2160783592252105e7
1.2153457993162623e7
1.2146120550992789e7
1.2138771622680992e7
1.2131411561378542e7
1.2124040716461696e7
1.21166594335445e7
1.2109268054492436e7
1.2101866917436844e7
1.2094456356790073e7
1.2087036703261299e7
1.2079608283873033e7
1.2072171421978258e7
1.2064726437278157e7
1.3344691917105611e7
1.3344683682882363e7
1.3344672524090776e7
1.3344657785432264e7
1.3344638741805177e7
1.3344614600013608e7
1.3344584501030175e7
1.3344547522733124e7
1.3344502683042526e7
1.3344448943385217e7
1.3344385212423312e7
1.334431034998638e7
1.3344223171152757e7
1.334412245043071e7
1.3344006925995268e7
1.3343875303941526e7
1.3343726262519905e7
1.3343558456323152e7
1.3343370520399217e7
1.334316107426762e7
1.3342928725820823e7
1.3342672075095015e7
1.3342389717897713e7
1.3342080249282341e7
1.3341742266862059e7
1.3341374373957451e7
1.3340975182574363e7
1.3340543316209856e7
1.3340077412485776e7
1.333957612561049e7
1.3339038128670556e7
1.333846211575498e7
1.3337846803915348e7
1.3337190934965981e7
1.3336493277128626e7
1.3335752626526583e7
1.333496780853375e7
1.333413767898397e7
1.3333261125246545e7
1.3332337067173725e7
1.333136445792614e7
1.3330342284682086e7
1.3329269569236623e7
1.3328145368496373e7
1.3326968774875764e7
1.3325738916600425e7
1.3324454957923338e7
1.332311609925905e7
1.3321721577241298e7
1.3320270664709056e7
1.3318762670625973e7
1.3317196939937877e7
1.3315572853372885e7
1.3313889827188507e7
1.3312147312869864e7
1.3310344796783017e7
1.3308481799787188e7
1.3306557876809442e7
1.330457261638532e7
1.3302525640168613e7
1.3300416602413349e7
1.3298245189430932e7
1.329601111902515e7
1.3293714139907626e7
1.3291354031096188e7
1.3288930601298396e7
1.3286443688282374e7
1.3283893158237029e7
1.3281278905123437e7
1.3278600850019213e7
1.3275858940457502e7
1.3273053149762131e7
1.3270183476380285e7
1.3267249943214076e7
1.3264252596952252e7
1.3261191507403094e7
1.3258066766829595e7
1.3254878489287926e7
1.3251626809969964e7
1.3248311884550776e7
1.3244933888541793e7
1.3241493016650273e7
1.3237989482145786e7
1.3234423516234163e7
1.3230795367439482e7
1.3227105300994476e7
1.3223353598239852e7
1.3219540556032777e7
1.321566648616492e7
1.3211731714790247e7
1.3207736581862925e7
1.3203681440585373e7
1.3199566656866793e7
1.3195392608792191e7
1.3191159686102074e7
1.318686828968289e7
1.3182518831068257e7
1.3178111731951043e7
1.3173647423706291e7
1.3169126346925005e7
1.3164548950958787e7
1.3159915693475243e7
1.3155227040024204e7
1.3150483463614574e7
1.314568544430182e7
1.3140833468786016e7
1.3135928030020285e7
1.3130969626829574e7
1.312595876353964e7
1.3120895949616162e7
1.3115781699313736e7
1.311061653133477e7
1.3105400968498016e7
1.3100135537416654e7
1.3094820768185772e7
1.3089457194079058e7
1.3084045351254607e7
1.3078585778469602e7
1.3073079016803795e7
1.3067525609391566e7
1.3061926101162419e7
1.3056281038589712e7
1.3050590969447572e7
1.3044856442575663e7
1.3039078007651752e7
1.3033256214971904e7
1.3027391615238106e7
1.302148475935312e7
1.3015536198222533e7
1.3009546482563691e7
1.3003516162721463e7
1.2997445788490586e7
1.2991335908944562e7
1.2985187072270783e7
1.2978999825611882e7
1.2972774714913059e7
1.2966512284775285e7
1.2960213078314202e7
1.2953877637024589e7
1.2947506500650262e7
1.2941100207059233e7
1.2934659292124014e7
1.2928184289606923e7
1.2921675731050268e7
1.2915134145671234e7
1.2908560060261399e7
1.290195399909072e7
1.2895316483815877e7
1.2888648033392813e7
1.2881949163993437e7
1.2875220388926247e7
1.2868462218560891e7
1.2861675160256468e7
1.2854859718293441e7
1.2848016393809166e7
1.284114568473679e7
1.2834248085747529e7
1.2827324088196134e7
1.2820374180069553e7
1.2813398845938547e7
1.2806398566912333e7
1.2799373820596011e7
1.27923250810508e7
1.278525281875689e7
1.2778157500578968e7
1.2771039589734143e7
1.2763899545762377e7
1.275673782449923e7
1.2749554878050847e7
1.2742351154771175e7
1.2735127099241277e7
1.272788315225069e7
1.272061975078076e7
1.271333732798988e7
1.270603631320061e7
1.2698717131888492e7
1.2691380205672668e7
1.2684025952308092e7
1.267665478567937e7
1.2669267115796097e7
1.2661863348789748e7
1.2654443886911899e7
1.264700912853392e7
1.26395594681479e7
1.2632095296368912e7
1.2624616999938456e7
1.261712496172913e7
1.2609619560750347e7
1.2602101172155231e7
1.2594570167248499e7
1.2587026913495349e7
1.2579471774531316e7
1.257190511017306e7
1.2564327276430009e7
1.2556738625516852e7
1.2549139505866863e7
1.2541530262145951e7
1.253391123526753e7
1.2526282762407977e7
1.2518645177022872e7
1.2510998808863832e7
1.3822164661406312e7
1.3822156409347493e7
1.382214522412276e7
1.3822130447521484e7
1.382211135090941e7
1.3822087136880003e7
1.3822056941463944e7
1.3822019836817821e7
1.3821974834317382e7
1.3821920887985345e7
1.3821856898188896e7
1.38217817155471e7
1.3821694144993734e7
1.3821592949946232e7
1.3821476856536372e7
1.3821344557863325e7
1.3821194718234297e7
1.3821025977362216e7
1.3820836954494217e7
1.382062625244834e7
1.38203924615393e7
1.3820134163377557e7
1.3819849934528649e7
1.3819538350022454e7
1.3819197986704418e7
1.3818827426422868e7
1.3818425259048352e7
1.3817990085322756e7
1.3817520519537158e7
1.381701519203883e7
1.3816472751568867e7
1.3815891867432654e7
1.3815271231506485e7
1.3814609560084041e7
1.3813905595567057e7
1.381315810800511e7
1.3812365896489477e7
1.381152779040667e7
1.381064265055711e7
1.3809709370144809e7
1.3808726875643767e7
1.3807694127547132e7
1.380661012100473e7
1.380547388635506e7
1.3804284489557255e7
1.3803041032528825e7
1.3801742653394595e7
1.3800388526652317e7
1.3798977863260131e7
1.3797509910650982e7
1.3795983952678882e7
1.3794399309501814e7
1.3792755337405717e7
1.3791051428574013e7
1.3789287010806834e7
1.3787461547193918e7
1.3785574535745032e7
1.378362550898153e7
1.3781614033492496e7
1.3779539709458772e7
1.3777402170147981e7
1.3775201081383454e7
1.3772936140989866e7
1.3770607078218251e7
1.3768213653152755e7
1.3765755656101558e7
1.376323290697414e7
1.3760645254646853e7
1.375799257631884e7
1.375527477686005e7
1.3752491788152969e7
1.3749643568429755e7
1.374673010160614e7
1.3743751396613486e7
1.374070748673027e7
1.3737598428914145e7
1.3734424303135647e7
1.373118521171458e7
1.3727881278659975e7
1.3724512649014419e7
1.3721079488203622e7
1.3717581981391834e7
1.3714020332843818e7
1.3710394765293915e7
1.3706705519322759e7
1.3702952852742113e7
1.3699137039988207e7
1.3695258371524055e7
1.369131715325096e7
1.368731370592963e7
1.368324836461103e7
1.3679121478077326e7
1.367493340829302e7
1.3670684529866448e7
1.366637522952179e7
1.366200590558168e7
1.3657576967460526e7
1.3653088835168526e7
1.3648541938826483e7
1.3643936718191376e7
1.3639273622192755e7
1.3634553108479835e7
1.3629775642979346e7
1.3624941699464045e7
1.3620051759131817e7
1.361510631019531e7
1.3610105847481992e7
1.3605050872044591e7
1.3599941890781708e7
1.3594779416068597e7
1.3589563965397894e7
1.3584296061030298e7
1.3578976229654863e7
1.3573605002059001e7
1.3568182912807861e7
1.3562710499933036e7
1.3557188304630427e7
1.3551616870967079e7
1.354599674559689e7
1.3540328477484962e7
1.3534612617640503e7
1.352884971885807e7
1.3523040335467022e7
1.3517185023088977e7
1.3511284338403177e7
1.3505338838919528e7
1.34993490827592e7
1.3493315628442593e7
1.3487239034684535e7
1.3481119860196527e7
1.34749586634959e7
1.3468756002721667e7
1.3462512435457036e7
1.3456228518558253e7
1.3449904807989802e7
1.3443541858665677e7
1.3437140224296618e7
1.343070045724319e7
1.3424223108374536e7
1.3417708726932634e7
1.3411157860401984e7
1.3404571054384485e7
1.3397948852479482e7
1.3391291796168726e7
1.3384600424706245e7
1.337787527501285e7
1.3371116881575288e7
1.3364325776349803e7
1.3357502488670055e7
1.3350647545159243e7
1.334376146964632e7
1.3336844783086177e7
1.33298980034837e7
1.332292164582157e7
1.3315916221991694e7
1.330888224073019e7
1.330182020755578e7
1.3294730624711525e7
1.3287613991109772e7
1.3280470802280234e7
1.3273301550321098e7
1.326610672385311e7
1.325888680797643e7
1.3251642284230325e7
1.3244373630555488e7
1.3237081321258938e7
1.3229765826981494e7
1.3222427614667563e7
1.3215067147537371e7
1.3207684885061402e7
1.3200281282937061e7
1.3192856793067453e7
1.3185411863542188e7
1.3177946938620199e7
1.3170462458714454e7
1.3162958860378526e7
1.3155436576294923e7
1.314789603526518e7
1.3140337662201565e7
1.3132761878120432e7
1.3125169100137077e7
1.3117559741462106e7
1.3109934211399237e7
1.3102292915344479e7
1.309463625478664e7
1.3086964627309117e7
1.307927842659291e7
1.3071578042420855e7
1.3063863860682921e7
1.3056136263382712e7
1.3048395628644904e7
1.3040642330723776e7
1.3032876740012677e7
1.3025099223054413e7
1.3017310142552547e7
1.300950985738355e7
1.3001698722609721e7
1.2993877089492992e7
1.298604530550937e7
1.2978203714364162e7
1.2970352656007858e7
1.4313207533350615e7
1.4313199263681937e7
1.43131880523537e7
1.4313173238275407e7
1.4313154089317909e7
1.431312980390727e7
1.4313099513180878e7
1.4313062283627551e7
1.431301712013743e7
1.4312962969392244e7
1.4312898723531155e7
1.431282322403274e7
1.4312735265758596e7
1.4312633601109184e7
1.4312516944247467e7
1.4312383975350795e7
1.43122333448559e7
1.431206367766628e7
1.4311873577295363e7
1.431166162992242e7
1.4311426408341844e7
1.4311166475789541e7
1.4310880389633024e7
1.4310566704914559e7
1.4310223977738908e7
1.4309850768499512e7
1.4309445644938642e7
1.4309007185038963e7
1.4308533979745118e7
1.4308024635515492e7
1.4307477776705237e7
1.4306892047782673e7
1.4306266115381949e7
1.4305598670195587e7
1.430488842871101e7
1.430413413479567e7
1.4303334561135758e7
1.4302488510533832e7
1.4301594817070652e7
1.430065234713712e7
1.42996600003418e7
1.4298616710299999e7
1.4297521445310052e7
1.4296373208922636e7
1.429517104040879e7
1.429391401513223e7
1.429260124483151e7
1.4291231877817294e7
1.428980509909008e7
1.428832013038337e7
1.4286776230137225e7
1.4285172693406938e7
1.4283508851711392e7
1.428178407282548e7
1.4279997760520779e7
1.4278149354258545e7
1.42762383288388e7
1.4274264194009237e7
1.4272226494037418e7
1.4270124807249539e7
1.4267958745538944e7
1.4265727953847393e7
1.4263432109621812e7
1.4261070922249308e7
1.4258644132472837e7
1.425615151179002e7
1.425359286183721e7
1.4250968013761014e7
1.4248276827579113e7
1.4245519191532362e7
1.4242695021429759e7
1.4239804259987945e7
1.4236846876166742e7
1.4233822864502117e7
1.4230732244437838e7
1.4227575059657063e7
1.4224351377414957e7
1.4221061287873363e7
1.4217704903438497e7
1.4214282358102506e7
1.4210793806789715e7
1.4207239424708333e7
1.4203619406708166e7
1.4199933966645146e7
1.4196183336752998e7
1.4192367767022759e7
1.4188487524590444e7
1.4184542893133359e7
1.4180534172275355e7
1.4176461677001389e7
1.4172325737081675e7
1.416812669650557e7
1.416386491292555e7
1.4159540757111367e7
1.4155154612414494e7
1.4150706874243129e7
1.414619794954765e7
1.4141628256316751e7
1.4136998223084256e7
1.4132308288446618e7
1.41275589005911e7
1.4122750516834721e7
1.4117883603173798e7
1.4112958633844184e7
1.4107976090892058e7
1.4102936463755216e7
1.4097840248854814e7
1.4092687949197482e7
1.4087480073987614e7
1.4082217138249882e7
1.407689966246171e7
1.40715281721957e7
1.4066103197771821e7
1.406062527391922e7
1.405509493944758e7
1.4049512736927805e7
1.4043879212381952e7
1.40381949149822e7
1.4032460396758754e7
1.4026676212316513e7
1.4020842918560324e7
1.4014961074428687e7
1.4009031240635743e7
1.4003053979421413e7
1.3997029854309436e7
1.3990959429873286e7
1.3984843271509696e7
1.3978681945219629e7
1.3972476017396629e7
1.396622605462232e7
1.3959932623468846e7
1.395359629030825e7
1.3947217621128466e7
1.3940797181355882e7
1.393433553568427e7
1.3927833247909945e7
1.392129088077299e7
1.3914708995804438e7
1.3908088153179219e7
1.3901428911574734e7
1.3894731828034932e7
1.3887997457839776e7
1.3881226354379846e7
1.3874419069036141e7
1.3867576151064683e7
1.3860698147486081e7
1.3853785602979682e7
1.3846839059782315e7
1.3839859057591477e7
1.3832846133472847e7
1.3825800821771922e7
1.381872365402983e7
1.3811615158903034e7
1.380447586208689e7
1.3797306286242984e7
1.3790106950930033e7
1.3782878372538399e7
1.3775621064227922e7
1.3768335535869136e7
1.3761022293987703e7
1.3753681841711937e7
1.3746314678723397e7
1.3738921301210364e7
1.3731502201824218e7
1.3724057869638534e7
1.3716588790110864e7
1.370909544504711e7
1.3701578312568385e7
1.3694037867080312e7
1.3686474579244679e7
1.3678888915953334e7
1.3671281340304319e7
1.3663652311580062e7
1.3656002285227722e7
1.364833171284142e7
1.3640641042146435e7
1.3632930716985261e7
1.3625201177305434e7
1.3617452859149082e7
1.3609686194644155e7
1.3601901611997291e7
1.3594099535488134e7
1.3586280385465289e7
1.3578444578343604e7
1.35705925266029e7
1.3562724638788005e7
1.3554841319510134e7
1.3546942969449425e7
1.3539029985358749e7
1.3531102760068612e7
1.3523161682493184e7
1.3515207137637405e7
1.3507239506605074e7
1.3499259166607922e7
1.3491266490975663e7
1.3483261849166902e7
1.3475245606780913e7
1.3467218125570271e7
1.3459179763454234e7
1.3451130874532918e7
1.344307180910219e7
1.481810774856474e7
1.4818099461507795e7
1.4818088224399764e7
1.4818073373302037e7
1.481805417262773e7
1.4818029816678153e7
1.4817999431745488e7
1.481796207870405e7
1.4817916756016556e7
1.4817862403086284e7
1.4817797903890818e7
1.4817722090837887e7
1.4817633748788962e7
1.481753161920121e7
1.4817414404343203e7
1.481728077154467e7
1.481712935744494e7
1.4816958772209015e7
1.48167676036844e7
1.4816554421475282e7
1.4816317780914333e7
1.4816056226915466e7
1.4815768297693837e7
1.4815452528341917e7
1.481510745425298e7
1.4814731614385359e7
1.4814323554362698e7
1.4813881829407282e7
1.4813405007104788e7
1.4812891670000205e7
1.4812340418025842e7
1.4811749870763203e7
1.4811118669541365e7
1.4810445479375312e7
1.480972899074801e7
1.4808967921240812e7
1.4808161017016873e7
1.4807307054162728e7
1.480640483989344e7
1.480545321362669e7
1.480445104793161e7
1.4803397249357874e7
1.4802290759150915e7
1.4801130553858794e7
1.4799915645836517e7
1.4798645083653241e7
1.4797317952407895e7
1.4795933373958528e7
1.479449050707064e7
1.4792988547489481e7
1.479142672794131e7
1.4789804318068294e7
1.478812062430165e7
1.478637498967741e7
1.478456679359904e7
1.4782695451550948e7
1.4780760414766781e7
1.4778761169856133e7
1.4776697238393273e7
1.4774568176471151e7
1.4772373574223923e7
1.4770113055320976e7
1.4767786276435358e7
1.4765392926689219e7
1.4762932727078922e7
1.4760405429882169e7
1.4757810818049418e7
1.475514870458172e7
1.475241893189697e7
1.4749621371186502e7
1.4746755921763718e7
1.4743822510406397e7
1.474082109069431e7
1.4737751642343435e7
1.4734614170538226e7
1.4731408705263095e7
1.4728135300634315e7
1.4724794034233326e7
1.4721385006442524e7
1.4717908339784378e7
1.4714364178264715e7
1.4710752686720928e7
1.4707074050175885e7
1.4703328473198038e7
1.4699516179268457e7
1.4695637410155237e7
1.4691692425295725e7
1.4687681501187105e7
1.4683604930785634e7
1.467946302291486e7
1.4675256101683239e7
1.4670984505911198e7
1.4666648588568173e7
1.4662248716219518e7
1.4657785268483633e7
1.4653258637499413e7
1.4648669227404084e7
1.4644017453821564e7
1.4639303743361391e7
1.463452853312822e7
1.4629692270242028e7
1.4624795411368834e7
1.4619838422262194e7
1.461482177731513e7
1.4609745959122736e7
1.4604611458055178e7
1.4599418771841189e7
1.4594168405161882e7
1.4588860869254818e7
1.458349668152822e7
1.4578076365185272e7
1.457260044885834e7
1.4567069466252979e7
1.4561483955801675e7
1.4555844460327126e7
1.4550151526714917e7
1.4544405705595542e7
1.4538607551035458e7
1.453275762023723e7
1.4526856473248437e7
1.4520904672679285e7
1.4514902783428753e7
1.4508851372419115e7
1.450275100833862e7
1.4496602261392323e7
1.4490405703060726e7
1.4484161905866185e7
1.4477871443146927e7
1.4471534888838425e7
1.4465152817262104e7
1.4458725802921072e7
1.4452254420302888e7
1.4445739243689038e7
1.4439180846971117e7
1.4432579803473448e7
1.4425936685782053e7
1.4419252065579826e7
1.4412526513487715e7
1.4405760598911792e7
1.439895488989609e7
1.4392109952981023e7
1.4385226353067309e7
1.4378304653285123e7
1.4371345414868562e7
1.4364349197035056e7
1.4357316556869755e7
1.4350248049214711e7
1.4343144226562684e7
1.4336005638955532e7
1.4328832833886977e7
1.4321626356209692e7
1.4314386748046564e7
1.4307114548706004e7
1.4299810294601193e7
1.4292474519173216e7
1.428510775281784e7
1.4277710522816e7
1.4270283353267714e7
1.4262826765029484e7
1.4255341275654946e7
1.4247827399338791e7
1.4240285646863747e7
1.4232716525550619e7
1.4225120539211264e7
1.4217498188104402e7
1.4209849968894148e7
1.4202176374611275e7
1.4194477894617015e7
1.4186755014569398e7
1.4179008216391988e7
1.4171237978244994e7
1.4163444774498614e7
1.415562907570864e7
1.4147791348594144e7
1.4139932056017201e7
1.41320516569647e7
1.4124150606531937e7
1.4116229355908183e7
1.4108288352364004e7
1.4100328039240288e7
1.4092348855938988e7
1.4084351237915475e7
1.4076335616672404e7
1.4068302419755138e7
1.4060252070748612e7
1.4052184989275549e7
1.4044101590996092e7
1.4036002287608672e7
1.4027887486852149e7
1.4019757592509177e7
1.4011613004410684e7
1.4003454118441487e7
1.3995281326546995e7
1.3987095016740877e7
1.3978895573113814e7
1.3970683375843085e7
1.3962458801203175e7
1.3954222221577164e7
1.394597400546901e7
1.3937714517516593e7
1.3929444118505577e7
1.5337156546972187e7
1.533714824274453e7
1.5337136980174653e7
1.533712209250709e7
1.5337102840733858e7
1.5337078415073633e7
1.5337047937020874e7
1.533701046188809e7
1.5336964981768146e7
1.5336910428847926e7
1.5336845679009369e7
1.5336769555658558e7
1.5336680833728595e7
1.5336578243806835e7
1.5336460476341823e7
1.533632618589e7
1.5336173995366614e7
1.5336002500269568e7
1.5335810272848908e7
1.5335595866198316e7
1.533535781824848e7
1.5335094655645255e7
1.5334804897498662e7
1.5334487058991062e7
1.5334139654835518e7
1.5333761202577356e7
1.5333350225733818e7
1.5332905256768469e7
1.5332424839898476e7
1.53319075337342e7
1.5331351913751658e7
1.5330756574599441e7
1.5330120132242475e7
1.5329441225945791e7
1.5328718520101974e7
1.5327950705906602e7
1.5327136502886226e7
1.5326274660283921e7
1.5325363958307575e7
1.5324403209246302e7
1.5323391258460544e7
1.5322326985251384e7
1.5321209303614786e7
1.5320037162886277e7
1.531880954828174e7
1.531752548133981e7
1.5316184020271251e7
1.5314784260220729e7
1.5313325333446044e7
1.5311806409419987e7
1.5310226694859698e7
1.5308585433688175e7
1.5306881906932635e7
1.5305115432564076e7
1.5303285365282305e7
1.5301391096250419e7
1.529943205278275e7
1.52974076979899e7
1.529531753038444e7
1.5293161083450673e7
1.529093792518162e7
1.528864765758633e7
1.5286289916170415e7
1.5283864369392456e7
1.5281370718098992e7
1.5278808694940438e7
1.5276178063770304e7
1.5273478619029822e7
1.527071018512009e7
1.5267872615763577e7
1.5264965793356845e7
1.5261989628316138e7
1.525894405841741e7
1.525582904813226e7
1.5252644587961193e7
1.5249390693765368e7
1.5246067406098168e7
1.524267478953749e7
1.5239212932020005e7
1.5235681944178153e7
1.5232081958680753e7
1.522841312957814e7
1.5224675631652433e7
1.5220869659773644e7
1.5216995428262271e7
1.5213053170258876e7
1.5209043137101168e7
1.52049655977091e7
1.5200820837978253e7
1.519660916018203e7
1.5192330882382864e7
1.5187986337852763e7
1.5183575874503464e7
1.5179099854326384e7
1.5174558652842565e7
1.5169952658562731e7
1.5165282272457644e7
1.5160547907438833e7
1.5155749987849757e7
1.5150888948967483e7
1.51459652365149e7
1.5140979306183508e7
1.513593162316673e7
1.513082266170383e7
1.5125652904634269e7
1.5120422842962569e7
1.5115132975433592e7
1.5109783808118103e7
1.510437585400866e7
1.509890963262563e7
1.5093385669633273e7
1.5087804496465802e7
1.5082166649963299e7
1.5076472672017317e7
1.5070723109226145e7
1.5064918512559501e7
1.5059059437032571e7
1.5053146441389233e7
1.5047180087794349e7
1.5041160941534976e7
1.503508957073028e7
1.50289665460501e7
1.5022792440441959e7
1.5016567828866355e7
1.5010293288040206e7
1.5003969396188276e7
1.4997596732802449e7
1.4991175878408626e7
1.4984707414341219e7
1.4978191922524914e7
1.4971629985263715e7
1.4965022185036981e7
1.4958369104302386e7
1.4951671325305624e7
1.4944929429896684e7
1.4938143999352572e7
1.4931315614206312e7
1.4924444854082135e7
1.4917532297536567e7
1.491057852190548e7
1.4903584103156783e7
1.4896549615748668e7
1.4889475632493358e7
1.4882362724426063e7
1.4875211460679155e7
1.4868022408361323e7
1.4860796132441692e7
1.4853533195638599e7
1.484623415831312e7
1.483889957836705e7
1.4831530011145309e7
1.4824126009342583e7
1.481668812291418e7
1.48092168989909e7
1.480171288179782e7
1.4794176612576954e7
1.478660862951358e7
1.4779009467666162e7
1.4771379658899853e7
1.4763719731823316e7
1.475603021172891e7
1.4748311620536026e7
1.47405644767376e7
1.4732789295349596e7
1.472498658786343e7
1.4717156862201242e7
1.470930062267391e7
1.4701418369941762e7
1.4693510600977806e7
1.4685577809033552e7
1.467762048360721e7
1.4669639110414218e7
1.4661634171360098e7
1.46536061445155e7
1.4645555504093334e7
1.4637482720428012e7
1.462938825995668e7
1.4621272585202318e7
1.4613136154758804e7
1.4604979423277678e7
1.4596802841456706e7
1.4588606856030125e7
1.4580391909760447e7
1.4572158441431915e7
1.4563906885845395e7
1.4555637673814794e7
1.4547351232164795e7
1.453904798373004e7
1.4530728347355546e7
1.4522392737898437e7
1.4514041566230826e7
1.4505675239243891e7
1.4497294159853106e7
1.4488898727004489e7
1.4480489335681917e7
1.4472066376915447e7
1.4463630237790573e7
1.4455181301458409e7
1.444671994714677e7
1.4438246550172057e7
1.4429761481952023e7
1.5870649220790789e7
1.5870640899606027e7
1.5870629611886602e7
1.5870614688090982e7
1.5870595385826223e7
1.5870570891269911e7
1.5870540321165714e7
1.5870502725316446e7
1.5870457089502113e7
1.5870402338754704e7
1.5870337340925965e7
1.587026091048913e7
1.5870171812520344e7
1.5870068766810428e7
1.5869950452062178e7
1.5869815510133132e7
1.5869662550288048e7
1.5869490153429553e7
1.586929687627934e7
1.5869081255486008e7
1.5868841811639037e7
1.586857705317147e7
1.5868285480136978e7
1.5867965587849231e7
1.5867615870374398e7
1.5867234823869169e7
1.5866820949759064e7
1.5866372757753316e7
1.5865888768694015e7
1.5865367517238818e7
1.5864807554377377e7
1.5864207449782854e7
1.5863565794000689e7
1.5862881200477494e7
1.5862152307433631e7
1.586137777958345e7
1.5860556309707737e7
1.5859686620083097e7
1.5858767463773374e7
1.585779762578841e7
1.5856775924115438e7
1.5855701210628763e7
1.5854572371883128e7
1.5853388329796392e7
1.5852148042227082e7
1.5850850503452145e7
1.5849494744550426e7
1.584807983369714e7
1.5846604876374397e7
1.5845069015502937e7
1.5843471431499947e7
1.5841811342267614e7
1.584008800311716e7
1.5838300706632584e7
1.5836448782478498e7
1.5834531597156141e7
1.5832548553711368e7
1.5830499091398459e7
1.5828382685303353e7
1.5826198845929518e7
1.5823947118749984e7
1.5821627083728358e7
1.5819238354811959e7
1.5816780579399645e7
1.5814253437787171e7
1.581165664259237e7
1.5808989938162617e7
1.5806253099966705e7
1.5803445933973325e7
1.5800568276017945e7
1.5797619991160028e7
1.5794600973032342e7
1.5791511143183818e7
1.5788350450417627e7
1.578511887012575e7
1.5781816403621495e7
1.5778443077470973e7
1.5774998942824878e7
1.5771484074751455e7
1.5767898571571749e7
1.5764242554197926e7
1.5760516165475558e7
1.575671956953064e7
1.5752852951121923e7
1.5748916514999425e7
1.5744910485269394e7
1.5740835104766537e7
1.5736690634433854e7
1.5732477352710448e7
1.5728195554927854e7
1.5723845552715156e7
1.5719427673413102e7
1.5714942259497685e7
1.5710389668013234e7
1.5705770270015359e7
1.5701084450023852e7
1.5696332605485633e7
1.5691515146248039e7
1.5686632494042348e7
1.568168508197774e7
1.5676673354045708e7
1.5671597764634907e7
1.5666458778056543e7
1.5661256868080195e7
1.5655992517480142e7
1.565066621759211e7
1.5645278467880387e7
1.5639829775515275e7
1.563432065496076e7
1.562875162757244e7
1.56231232212054e7
1.5617435969832193e7
1.561169041317064e7
1.5605887096321352e7
1.5600026569414984e7
1.5594109387268934e7
1.5588136109053444e7
1.558210729796698e7
1.5576023520920679e7
1.5569885348231804e7
1.5563693353326023e7
1.5557448112448312e7
1.555115020438249e7
1.5544800210179014e7
1.5538398712891107e7
1.5531946297318878e7
1.5525443549761403e7
1.5518891057776565e7
1.5512289409948478e7
1.5505639195662418e7
1.5498941004886998e7
1.5492195427963516e7
1.5485403055402305e7
1.547856447768591e7
1.5471680285078954e7
1.5464751067444578e7
1.5457777414067212e7
1.5450759913481623e7
1.5443699153308116e7
1.5436595720093574e7
1.5429450199158408e7
1.5422263174449138e7
1.5415035228396518e7
1.5407766941779032e7
1.54004588935917e7
1.5393111660919974e7
1.5385725818818627e7
1.5378301940195562e7
1.5370840595700277e7
1.5363342353617059e7
1.5355807779762551e7
1.534823743738782e7
1.5340631887084575e7
1.533299168669559e7
1.5325317391229153e7
1.5317609552777402e7
1.5309868720438497e7
1.5302095440242467e7
1.5294290255080706e7
1.5286453704638902e7
1.5278586325333396e7
1.5270688650250845e7
1.5262761209091041e7
1.525480452811289e7
1.5246819130083377e7
1.5238805534229442e7
1.5230764256192748e7
1.5222695807987122e7
1.521460069795872e7
1.520647943074878e7
1.5198332507258821e7
1.519016042461835e7
1.518196367615485e7
1.5173742751366086e7
1.5165498135894617e7
1.5157230311504405e7
1.514893975605952e7
1.5140626943504844e7
1.5132292343848677e7
1.5123936423147263e7
1.511555964349104e7
1.5107162462992733e7
1.5098745335777048e7
1.5090308711972047e7
1.5081853037702061e7
1.5073378755082168e7
1.5064886302214053e7
1.505637611318337e7
1.5047848618058408e7
1.5039304242890105e7
1.5030743409713276e7
1.5022166536549127e7
1.501357403740888e7
1.5004966322298594e7
1.4996343797224984e7
1.4987706864202378e7
1.497905592126063e7
1.4970391362453982e7
1.49617135778709e7
1.4953022953644782e7
1.49443198719655e7
1.6418885142529696e7
1.6418876804597605e7
1.6418865492035417e7
1.6418850532545876e7
1.6418831180386726e7
1.6418806617735453e7
1.6418775956631292e7
1.6418738241418887e7
1.6418692451621845e7
1.641863750517819e7
1.6418572261974437e7
1.6418495527619313e7
1.6418406057403106e7
1.6418302560393132e7
1.6418183703620624e7
1.6418048116318649e7
1.6417894394175278e7
1.6417721103570063e7
1.6417526785766046e7
1.6417309961032957e7
1.6417069132680878e7
1.641680279098653e7
1.641650941699743e7
1.6416187486201776e7
1.6415835472054038e7
1.6415451849348832e7
1.6415035097437097e7
1.6414583703280732e7
1.6414096164343078e7
1.6413570991314081e7
1.6413006710670253e7
1.641240186707031e7
1.6411755025588553e7
1.64110647737886e7
1.641032972364073e7
1.640954851328679e7
1.6408719808656916e7
1.6407842304942664e7
1.6406914727931503e7
1.6405935835207855e7
1.6404904417225938e7
1.6403819298259784e7
1.6402679337235916e7
1.6401483428454231e7
1.6400230502202393e7
1.6398919525269303e7
1.6397549501362918e7
1.639611947143764e7
1.639462851393655e7
1.639307574495333e7
1.6391460318318937e7
1.638978142561755e7
1.63880382961367e7
1.6386230196755592e7
1.6384356431776267e7
1.6382416342701465e7
1.6380409307963196e7
1.6378334742605787e7
1.6376192097927006e7
1.6373980861080687e7
1.6371700554644119e7
1.6369350736153312e7
1.6366930997609176e7
1.6364440964957293e7
1.6361880297544025e7
1.635924868755147e7
1.6356545859413618e7
1.6353771569215983e7
1.635092560408074e7
1.6348007781539518e7
1.6345017948895559e7
1.6341955982577067e7
1.6338821787483405e7
1.6335615296325676e7
1.633233646896304e7
1.632898529173629e7
1.6325561776799742e7
1.6322065961452734e7
1.631849790747178e7
1.6314857700444326e7
1.6311145449105136e7
1.6307361284676068e7
1.6303505360210124e7
1.6299577849940354e7
1.6295578948634453e7
1.6291508870955542e7
1.6287367850829707e7
1.6283156140820824e7
1.6278874011513071e7
1.6274521750901656e7
1.6270099663791938e7
1.6265608071207475e7
1.6261047309807116e7
1.6256417731311496e7
1.625171970193913e7
1.6246953601852283e7
1.6242119824612759e7
1.6237218776647827e7
1.6232250876726277e7
1.6227216555444814e7
1.6222116254724696e7
1.62169504273189e7
1.6211719536329532e7
1.6206424054735828e7
1.62010644649324e7
1.6195641258278007e7
1.6190154934654556e7
1.6184606002036514e7
1.6178994976070475e7
1.6173322379664944e7
1.6167588742590154e7
1.6161794601087935e7
1.615594049749146e7
1.6150026979854722e7
1.6144054601591777e7
1.6138023921125494e7
1.6131935501545694e7
1.6125789910276726e7
1.6119587718754021e7
1.6113329502109855e7
1.6107015838867918e7
1.6100647310646597e7
1.6094224501870962e7
1.6087747999493115e7
1.6081218392720884e7
1.6074636272754699e7
1.6068002232532397e7
1.6061316866481971e7
1.6054580770281918e7
1.604779454062924e7
1.6040958775014767e7
1.6034074071505722e7
1.602714102853544e7
1.6020160244699955e7
1.6013132318561409e7
1.6006057848458111e7
1.5998937432321087e7
1.5991771667496925e7
1.598456115057692e7
1.5977306477232166e7
1.5970008242054649e7
1.596266703840408e7
1.5955283458260348e7
1.5947858092081508e7
1.5940391528667103e7
1.593288435502674e7
1.5925337156253727e7
1.5917750515403742e7
1.5910125013378281e7
1.5902461228812892e7
1.5894759737969918e7
1.5887021114635795e7
1.5879245930022683e7
1.5871434752674311e7
1.5863588148375973e7
1.5855706680068519e7
1.5847790907766297e7
1.5839841388478803e7
1.583185867613614e7
1.582384332151793e7
1.5815795872185819e7
1.5807716872419331e7
1.5799606863154985e7
1.5791466381928634e7
1.5783295962820917e7
1.5775096136405692e7
1.576686742970138e7
1.5758610366125215e7
1.575032546545013e7
1.5742013243764414e7
1.5733674213433892e7
1.5725308883066628e7
1.5716917757480064e7
1.570850133767048e7
1.570006012078479e7
1.5691594600094482e7
1.5683105264971728e7
1.5674592600867553e7
1.5666057089292025e7
1.5657499207796348e7
1.5648919429956846e7
1.564031822536074e7
1.5631696059593722e7
1.5623053394229155e7
1.5614390686818965e7
1.5605708390886072e7
1.5597006955918357e7
1.5588286827364102e7
1.5579548446628867e7
1.5570792251073688e7
1.5562018674014647e7
1.5553228144723695e7
1.5544421088430673e7
1.5535597926326592e7
1.5526759075567933e7
1.5517904949282177e7
1.5509035956574284e7
1.5500152502534222e7
1.5491254988245487e7
1.5482343810794558e7
1.547341936328118e7
1.698216779298653e7
1.6982159438513115e7
1.6982148101409554e7
1.6982133106652763e7
1.698211370518629e7
1.6982089075228028e7
1.6982058324158523e7
1.6982020490915257e7
1.6981974548821267e7
1.698191940878103e7
1.698185392278028e7
1.6981776887631167e7
1.6981687048908837e7
1.6981583105029907e7
1.6981463711428072e7
1.698132748478642e7
1.698117300729029e7
1.6980998830868736e7
1.6980803481396373e7
1.6980585462831058e7
1.6980343261266224e7
1.6980075348879922e7
1.6979780187765222e7
1.697945623362959e7
1.6979101939352967e7
1.697871575839652e7
1.6978296148056075e7
1.697784157255583e7
1.6977350505979437e7
1.697682143503719e7
1.6976252861668877e7
1.6975643305483192e7
1.6974991306035254e7
1.6974295424944837e7
1.697355424785826e7
1.697276638625769e7
1.697193047912198e7
1.6971045194443367e7
1.6970109230605062e7
1.6969121317624513e7
1.6968080218267675e7
1.6966984729039505e7
1.6965833681056064e7
1.696462594080368e7
1.6963360410790466e7
1.6962036030095648e7
1.696065177482202e7
1.695920665845657e7
1.6957699732144658e7
1.6956130084882505e7
1.6954496843633033e7
1.695279917336972e7
1.6951036277052995e7
1.694920739554378e7
1.6947311807458207e7
1.69453488289679e7
1.6943317813549485e7
1.694121815168737e7
1.6939049270533223e7
1.6936810633525744e7
1.6934501739973936e7
1.6932122124607097e7
1.6929671357094463e7
1.6927149041537374e7
1.6924554815936666e7
1.6921888351637807e7
1.6919149352756217e7
1.691633755558504e7
1.691345272798754e7
1.691049466877608e7
1.6907463207079697e7
1.6904358201701995e7
1.6901179540470988e7
1.689792713958261e7
1.6894600942939237e7
1.689120092148465e7
1.688772707253672e7
1.688417941911903e7
1.6880558009292487e7
1.687686291548804e7
1.6873094233841367e7
1.6869252083530545e7
1.6865336606117368e7
1.686134796489316e7
1.685728634422981e7
1.6853151948936515e7
1.6848945003623005e7
1.684466575206956e7
1.6840314456604533e7
1.68358913974896e7
1.6831396872313276e7
1.6826831195392936e7
1.6822194697185732e7
1.6817487723708637e7
1.6812710635967918e7
1.68078638093981e7
1.6802947633310795e7
1.6797962510353386e7
1.679290885597781e7
1.678778709791943e7
1.6782597675686188e7
1.6777341040058017e7
1.6772017652596548e7
1.6766627985165251e7
1.6761172519459803e7
1.675565174654888e7
1.6750066166425247e7
1.674441628756707e7
1.6738702626509491e7
1.6732925707426347e7
1.6727086061721971e7
1.6721184227632985e7
1.671522074984001e7
1.6709196179089185e7
1.6703111071823359e7
1.669696598982294e7
1.6690761499856155e7
1.6684498173338663e7
1.6678176586002413e7
1.6671797317573603e7
1.6665360951459523e7
1.6658868074444294e7
1.6652319276393212e7
1.6645715149965663e7
1.6639056290336393e7
1.6632343294925038e7
1.6625576763133701e7
1.6618757296092525e7
1.6611885496412981e7
1.6604961967948843e7
1.6597987315564645e7
1.659096214491146e7
1.6583887062209856e7
1.6576762674039897e7
1.6569589587138053e7
1.6562368408200804e7
1.655509974369489e7
1.6547784199673956e7
1.6540422381601516e7
1.65330148941801e7
1.6525562341186363e7
1.6518065325312153e7
1.6510524448011205e7
1.6502940309351556e7
1.6495313507873312e7
1.6487644640451841e7
1.64799343021661e7
1.647218308617207e7
1.6464391583581131e7
1.6456560383343222e7
1.644869007213476e7
1.644078123425106e7
1.6432834451503247e7
1.6424850303119533e7
1.641682936565065e7
1.6408772212879442e7
1.6400679415734421e7
1.6392551542207276e7
1.6384389157274071e7
1.637619282282019e7
1.6367963097568847e7
1.635970053701305e7
1.6351405693350967e7
1.6343079115424555e7
1.633472134866138e7
1.6326332935019543e7
1.6317914412935605e7
1.630946631727542e7
1.6300989179287799e7
1.6292483526560951e7
1.6283949882981539e7
1.627538876869634e7
1.6266800700076453e7
1.625818618968387e7
1.6249545746240398e7
1.6240879874598946e7
1.6232189075716935e7
1.6223473846631877e7
1.6214734680439014e7
1.6205972066270994e7
1.6197186489279468e7
1.6188378430618519e7
1.6179548367429998e7
1.6170696772830535e7
1.6161824115900282e7
1.615293086167331e7
1.614401747112953e7
1.6135084401188236e7
1.6126132104703031e7
1.6117161030458257e7
1.6108171623166757e7
1.609916432346895e7
1.6090139567933265e7
1.6081097789057715e7
1.6072039415272709e7
1.6062964870945033e7
1.6053874576382868e7
1.6044768947841927e7
1.6035648397532593e7
1.602651333362804e7
1.601736416027331e7
1.7560804789244335e7
1.7560796418431923e7
1.7560785057083115e7
1.7560770027478427e7
1.7560750577281874e7
1.756072588079167e7
1.7560695040774968e7
1.7560657090812393e7
1.756061099808178e7
1.7560555666513897e7
1.756048994025762e7
1.756041260739602e7
1.756032240385947e7
1.75602180174864e7
1.756009809218691e7
1.7559961232168503e7
1.755980600618794e7
1.7559630951796673e7
1.7559434579551652e7
1.7559215377166487e7
1.75589718135817e7
1.7558702342935417e7
1.75584054084193e7
1.7558079446006466e7
1.755772288804124e7
1.755733416668206e7
1.7556911717191406e7
1.755645398106782e7
1.755595940901712e7
1.7555426463760905e7
1.755485362268184e7
1.755423938030632e7
1.7553582250625767e7
1.7552880769259013e7
1.7552133495458398e7
1.7551339013963263e7
1.755049593670463e7
1.754960290436553e7
1.7548658587801363e7
1.754766168932554e7
1.7546610943865098e7
1.7545505119991746e7
1.7544343020833477e7
1.7543123484872162e7
1.754184538663239e7
1.754050763726685e7
1.7539109185043573e7
1.753764901574022e7
1.753612615295038e7
1.7534539658307012e7
1.753288863162778e7
1.753117221098709e7
1.7529389572719347e7
1.7527539931357834e7
1.752562253951365e7
1.752363668769865e7
1.7521581704096455e7
1.7519456954285312e7
1.7517261840916418e7
1.7514995803351283e7
1.7512658317261368e7
1.7510248894193176e7
1.7507767081101913e7
1.7505212459856458e7
1.7502584646718506e7
1.749988329179832e7
1.7497108078489684e7
1.7494258722886287e7
1.749133497318173e7
1.7488336609055217e7
1.748526344104496e7
1.748211530991096e7
1.7478892085989006e7
1.7475593668537475e7
1.747221998507842e7
1.746877099073436e7
1.7465246667562135e7
1.7461647023884963e7
1.7457972093623925e7
1.745422193562994e7
1.7450396633017182e7
1.744649629249881e7
1.744252104372602e7
1.743847103863103e7
1.7434346450774737e7
1.743014747469991e7
1.7425874325290147e7
1.7421527237135567e7
1.7417106463905383e7
1.741261227772807e7
1.74080449685794e7
1.740340484367874e7
1.7398692226893924e7
1.739390745815517e7
1.7389050892877895e7
1.73841229013952e7
1.737912386839974e7
1.7374054192395404e7
1.7368914285158947e7
1.736370457121149e7
1.7358425487300307e7
1.735307748189061e7
1.7347661014667705e7
1.734217655604931e7
1.7336624586708196e7
1.7331005597105112e7
1.732532008703194e7
1.7319568565165102e7
1.7313751548629172e7
1.7307869562570553e7
1.7301923139741376e7
1.7295912820093222e7
1.7289839150380865e7
1.7283702683775824e7
1.7277503979489632e7
1.727124360240672e7
1.726492212272679e7
1.7258540115616612e7
1.7252098160871074e7
1.7245596842583362e7
1.723903674882415e7
1.723241847132968e7
1.7225742605198544e7
1.7219009748597115e7
1.7212220502473347e7
1.7205375470278997e7
1.719847525769993e7
1.7191520472394437e7
1.7184511723739494e7
1.7177449622584667e7
1.7170334781013645e7
1.716316781211316e7
1.7155949329749204e7
1.7148679948350396e7
1.714136028269826e7
1.7133990947724435e7
1.712657255831448e7
1.71191057291183e7
1.71115910743669e7
1.710402920769547e7
1.709642074197251e7
1.7088766289135013e7
1.7081066460029405e7
1.7073321864258222e7
1.706553311003236e7
1.705770080402878e7
1.704982555125342e7
1.704190795490938e7
1.7033948616270103e7
1.7025948134557463e7
1.7017907106824685e7
1.700982612784391e7
1.700170578999828e7
1.6993546683178555e7
1.6985349394683924e7
1.6977114509127118e7
1.6968842608343545e7
1.6960534271304492e7
1.695219007403409e7
1.6943810589530166e7
1.6935396387688655e7
1.6926948035231672e7
1.6918466095638987e7
1.690995112908287e7
1.690140369236627e7
1.689282433886409e7
1.6884213618467636e7
1.6875572077531975e7
1.6866900258826293e7
1.6858198701487023e7
1.6849467940973736e7
1.6840708509027712e7
1.6831920933633048e7
1.682310573898032e7
1.6814263445432626e7
1.680539456949403e7
1.6796499623780273e7
1.678757911699164e7
1.677863355388809e7
1.6769663435266305e7
1.6760669257938884e7
1.6751651514715409e7
1.6742610694385398e7
1.6733547281703096e7
1.6724461757374011e7
1.671535459804317e7
1.6706226276285e7
1.6697077260594819e7
1.668790801538184e7
1.6678719000963673e7
1.6669510673562292e7
1.6660283485301305e7
1.6651037884204648e7
1.6641774314196508e7
1.6632493215102505e7
1.6623195022652108e7
1.6613880168482091e7
1.6604549080141297e7
1.6595202181096243e7
1.6585839890737943e7
1.6576462624389626e7
1.8155107912668604e7
1.8155099525715955e7
1.8155088140412856e7
1.815507307637248e7
1.815505357801345e7
1.8155028815753754e7
1.8154997887791768e7
1.8154959822401166e7
1.8154913580669258e7
1.8154858059612427e7
1.815479209560616e7
1.815471446807145e7
1.8154623903363876e7
1.8154519078815944e7
1.8154398626887884e7
1.8154261139386073e7
1.8154105171712928e7
1.8153929247115463e7
1.815373186090417e7
1.8153511484616775e7
1.8153266570105392e7
1.8152995553528164e7
1.815269685922959e7
1.815236890349638e7
1.8152010098177895e7
1.815161885416256e7
1.8151193584703416e7
1.815073270858792e7
1.81502346531485e7
1.814969785711188e7
1.8149120773286276e7
1.814850187108678e7
1.8147839638900094e7
1.8147132586290587e7
1.8146379246050417e7
1.8145578176096868e7
1.8144727961220793e7
1.814382721469021e7
1.8142874579713587e7
1.8141868730767604e7
1.8140808374794237e7
1.813969225227235e7
1.813851913816891e7
1.8137287842775118e7
1.8135997212432727e7
1.8134646130155675e7
1.8133233516152434e7
1.8131758328254007e7
1.8130219562252827e7
1.8128616252157353e7
1.8126947470367275e7
1.8125212327774093e7
1.8123409973791488e7
1.8121539596320145e7
1.8119600421651103e7
1.8117591714311868e7
1.8115512776859306e7
1.811336294962304e7
1.811114161040308e7
1.810884817412518e7
1.8106482092457257e7
1.8104042853390127e7
1.8101529980785575e7
1.8098943033894595e7
1.8096281606848694e7
1.8093545328126814e7
1.809073386000025e7
1.8087846897958133e7
1.808488417011552e7
1.808184543660618e7
1.8078730488962244e7
1.807553914948237e7
1.8072271270590197e7
1.806892673418495e7
1.8065505450985417e7
1.806200735986899e7
1.8058432427207e7
1.8054780646197658e7
1.8051052036197755e7
1.8047246642054204e7
1.8043364533436507e7
1.8039405804170974e7
1.803537057157773e7
1.803125897581116e7
1.8027071179204665e7
1.8022807365620267e7
1.8018467739803948e7
1.8014052526746936e7
1.8009561971053857e7
1.8004996336317904e7
1.800035590450364e7
1.799564097533784e7
1.7990851865708563e7
1.7985988909072954e7
1.7981052454873905e7
1.7976042867965948e7
1.7970960528050493e7
1.796580582912068e7
1.7960579178915873e7
1.7955280998386145e7
1.794991172116662e7
1.7944471793061946e7
1.793896167154085e7
1.7933381825240906e7
1.7927732733483415e7
1.7922014885798648e7
1.7916228781461127e7
1.79103749290352e7
1.7904453845930714e7
1.789846605796889e7
1.789241209895814e7
1.788629251027993e7
1.7880107840484597e7
1.7873858644896924e7
1.7867545485231508e7
1.786116892921775e7
1.7854729550234366e7
1.7848227926953383e7
1.784166464299334e7
1.7835040286581773e7
1.7828355450226724e7
1.7821610730397146e7
1.781480672721213e7
1.780794404413882e7
1.7801023287698813e7
1.779404506718295e7
1.7787009994374353e7
1.7779918683279514e7
1.777277174986746e7
1.7765569811816543e7
1.7758313488269027e7
1.7751003399593137e7
1.7743640167152483e7
1.773622441308267e7
1.7728756760075074e7
1.7721237831167407e7
1.7713668249541193e7
1.770604863832582e7
1.769837962040908e7
1.769066181825411e7
1.76828958537225e7
1.7675082347903505e7
1.7667221920949146e7
1.7659315191915195e7
1.7651362778607745e7
1.7643365297435332e7
1.763532336326649e7
1.762723758929251e7
1.7619108586895417e7
1.761093696552088e7
1.7602723332556117e7
1.7594468293212444e7
1.758617245041256e7
1.7577836404682357e7
1.756946075404708e7
1.7561046093931884e7
1.755259301706644e7
1.7544102113393813e7
1.753557396998306e7
1.7527009170945935e7
1.7518408297357187e7
1.7509771927178558e7
1.7501100635186363e7
1.7492394992902517e7
1.7483655568528865e7
1.747488292688486e7
1.7466077629348386e7
1.745724023379962e7
1.7448371294567972e7
1.7439471362381835e7
1.743054098432126e7
1.7421580703773294e7
1.7412591060390037e7
1.7403572590049207e7
1.7394525824817277e7
1.738545129291505e7
1.7376349518685497e7
1.7367221022563968e7
1.7358066321050584e7
1.7348885926684774e7
1.7339680348021854e7
1.7330450089611713e7
1.7321195651979323e7
1.7311917531607237e7
1.7302616220919847e7
1.7293292208269432e7
1.7283945977923915e7
1.727457801005629e7
1.726518878073559e7
1.725577876191944e7
1.7246348421448104e7
1.723689822303994e7
1.7227428626288295e7
1.7217940086659677e7
1.7208433055493295e7
1.7198907980001785e7
1.7189365303273164e7
1.717980546427398e7
1.7170228897853535e7
1.716063603474917e7
1.7151027301592704e7
1.8765393136904433e7
1.8765384734006774e7
1.876537332503532e7
1.8765358226964448e7
1.876533868100113e7
1.8765313853721987e7
1.87652828388008e7
1.8765244659253504e7
1.8765198270131096e7
1.8765142561594333e7
1.8765076362308234e7
1.876499844309828e7
1.8764907520814877e7
1.876480226235656e7
1.876468128880723e7
1.876454317964652e7
1.876438647699684e7
1.8764209689874206e7
1.8764011298414283e7
1.8763789758047886e7
1.8763543503604095e7
1.8763270953321926e7
1.8762970512754302e7
1.8762640578550883e7
1.8762279542108446e7
1.8761885793079987e7
1.8761457722735185e7
1.8760993727167293e7
1.8760492210342415e7
1.875995158698901e7
1.8759370285326492e7
1.8758746749632854e7
1.875807944265239e7
1.875736684784512e7
1.8756607471480493e7
1.8755799844578438e7
1.875494252470124e7
1.8754034097600326e7
1.8753073178722322e7
1.87520584145789e7
1.8750988483985264e7
1.8749862099172357e7
1.8748678006777726e7
1.874743498872034e7
1.8746131862964444e7
1.874476748417771e7
1.8743340744288806e7
1.8741850572949506e7
1.8740295937906276e7
1.8738675845286407e7
1.873698933980344e7
1.8735235504886504e7
1.8733413462738357e7
1.873152237432632e7
1.872956143931051e7
1.8727529895913605e7
1.8725427020735927e7
1.872325212851983e7
1.872100457186704e7
1.8718683740912504e7
1.871628906295803e7
1.871382000206903e7
1.871127605863749e7
1.8708656768913943e7
1.870596170451142e7
1.8703190471883822e7
1.8700342711781446e7
1.869741809868591e7
1.8694416340226687e7
1.8691337176581588e7
1.868818037986294e7
1.8684945753491554e7
1.86816331315602e7
1.867824237818817e7
1.8674773386868767e7
1.867122607981084e7
1.8667600407276057e7
1.8663896346913047e7
1.8660113903089676e7
1.8656253106224533e7
1.8652314012118775e7
1.864829670128916e7
1.864420127830332e7
1.8640027871118013e7
1.8635776630421143e7
1.8631447728978336e7
1.86270413609846e7
1.862255774142176e7
1.8617997105422247e7
1.8613359707639616e7
1.8608645821626376e7
1.8603855739219513e7
1.8598989769934013e7
1.85940482403648e7
1.8589031493597366e7
1.8583939888627313e7
1.857877379978914e7
1.8573533616194334e7
1.8568219741179094e7
1.8562832591761697e7
1.8557372598109744e7
1.8551840203017313e7
1.8546235861392155e7
1.8540560039752882e7
1.853481321573639e7
1.85289958776153e7
1.8523108523825627e7
1.8517151662504517e7
1.851112581103816e7
1.8505031495619737e7
1.8498869250817463e7
1.8492639619152483e7
1.8486343150686853e7
1.847998040262119e7
1.847355193890221e7
1.8467058329839785e7
1.8460500151733723e7
1.8453877986509845e7
1.844719242136548e7
1.844044404842425e7
1.8433633464399785e7
1.8426761270268593e7
1.841982807095172e7
1.8412834475005064e7
1.8405781094318394e7
1.8398668543822736e7
1.839149744120607e7
1.8384268406637255e7
1.8376982062497906e7
1.8369639033122234e7
1.8362239944544554e7
1.835478542425443e7
1.834727610095926e7
1.83397126043542e7
1.833209556489918e7
1.8324425613603007e7
1.8316703381814323e7
1.830892950101928e7
1.8301104602645807e7
1.829322931787435e7
1.828530427745491e7
1.8277330111530222e7
1.8269307449465018e7
1.826123691968113e7
1.8253119149498433e7
1.8244954764981296e7
1.8236744390790645e7
1.822848865004137e7
1.822018816416487e7
1.8211843552776866e7
1.820345543355007e7
1.819502442209182e7
1.818655113182635e7
1.8178036173881784e7
1.8169480156981625e7
1.8160883687340524e7
1.8152247368564505e7
1.8143571801555224e7
1.8134857584418327e7
1.81261053123758e7
1.81173155776821e7
1.810848896954406e7
1.8099626074044503e7
1.8090727474069227e7
1.808179374923765e7
1.8072825475836635e7
1.8063823226757698e7
1.8054787571437255e7
1.8045719075800095e7
1.8036618302205708e7
1.8027485809397597e7
1.8018322152455404e7
1.800912788274972e7
1.7999903547899652e7
1.7990649691732816e7
1.7981366854248054e7
1.7972055571580324e7
1.7962716375968173e7
1.7953349795723356e7
1.7943956355202686e7
1.79345365747821e7
1.7925090970832724e7
1.791562005569899e7
1.7906124337678704e7
1.7896604321005028e7
1.7887060505830195e7
1.78774933882111e7
1.7867903460096586e7
1.7858291209316317e7
1.7848657119571336e7
1.7839001670426127e7
1.7829325337302167e7
1.7819628591472965e7
1.7809911900060467e7
1.7800175726032812e7
1.7790420528203413e7
1.778064676123123e7
1.7770854875622384e7
1.776104531773278e7
1.7751218529771995e7
1.774137494980817e7
1.939198065587349e7
1.939197223722264e7
1.9391960804863825e7
1.939194567316084e7
1.939192608014217e7
1.9391901188581504e7
1.939187008767162e7
1.939183179521943e7
1.9391785260293216e7
1.9391729366256353e7
1.9391662934125777e7
1.9391584726197604e7
1.939149344988623e7
1.939138776172789e7
1.9391266271503538e7
1.9391127546440348e7
1.93909701154551e7
1.93907924734065e7
1.9390593085327428e7
1.93903703906113e7
1.9390122807130303e7
1.9389848735266224e7
1.938954656183714e7
1.938921466390642e7
1.9388851412462287e7
1.938845517595869e7
1.9388024323710162e7
1.938755722913489e7
1.93870522728422e7
1.9386507845561646e7
1.9385922350912385e7
1.9385294208012667e7
1.9384621853929993e7
1.9383903745973602e7
1.9383138363831412e7
1.938232421155445e7
1.938145981939202e7
1.9380543745481487e7
1.9379574577396926e7
1.9378550933560982e7
1.9377471464524828e7
1.9376334854120854e7
1.9375139820493367e7
1.937388511701204e7
1.9372569533073615e7
1.9371191894796573e7
1.9369751065614242e7
1.9368245946771108e7
1.9366675477727514e7
1.936503863647749e7
1.936333443978471e7
1.936156194334102e7
1.9359720241852336e7
1.935780846905614e7
1.9355825797675043e7
1.935377143931044e7
1.935164464428027e7
1.9349444701404825e7
1.9347170937744234e7
1.934482271829111e7
1.9342399445621964e7
1.9339900559510373e7
1.9337325536505267e7
1.933467388947708e7
1.9331945167134736e7
1.9329138953516044e7
1.9326254867454156e7
1.9323292562022336e7
1.9320251723959558e7
1.9317132073078867e7
1.931393336166068e7
1.9310655373832952e7
1.930729792493992e7
1.9303860860901307e7
1.9300344057563443e7
1.9296747420043822e7
1.9293070882070675e7
1.9289314405318666e7
1.928547797874209e7
1.9281561617906682e7
1.9277565364321165e7
1.92734892847694e7
1.926933347064431e7
1.926509803728415e7
1.9260783123312254e7
1.9256388889980666e7
1.9251915520518564e7
1.924736321948604e7
1.92427322121338e7
1.923802274376929e7
1.9233235079129778e7
1.922836950176278e7
1.922342631341429e7
1.9218405833425034e7
1.921330839813525e7
1.9208134360298168e7
1.9202884088502362e7
1.9197557966603443e7
1.9192156393164974e7
1.918667978090907e7
1.918112855617654e7
1.9175503158396956e7
1.916980403956852e7
1.9164031663747944e7
1.915818650655033e7
1.9152269054659117e7
1.9146279805346053e7
1.9140219266001325e7
1.91340879536737e7
1.912788639462072e7
1.912161512386885e7
1.911527468478373e7
1.9108865628650162e7
1.9102388514261983e7
1.909584390752177e7
1.90892323810501e7
1.9082554513804443e7
1.9075810890707567e7
1.9069002102285203e7
1.906212874431313e7
1.905519141747324e7
1.9048190727018807e7
1.9041127282448485e7
1.9034001697189186e7
1.9026814588287618e7
1.9019566576110244e7
1.9012258284051713e7
1.9004890338251453e7
1.899746336731844e7
1.8989978002063848e7
1.8982434875241607e7
1.8974834621296544e7
1.8967177876120124e7
1.8959465276813585e7
1.8951697461458284e7
1.894387506889316e7
1.8935998738499187e7
1.892806910999064e7
1.892008682321303e7
1.8912052517947562e7
1.8903966833722096e7
1.8895830409628224e7
1.8887643884144578e7
1.887940789496613e7
1.8871123078839246e7
1.886279007140264e7
1.8854409507033728e7
1.8845982018700596e7
1.8837508237819206e7
1.8828988794115867e7
1.882042431549476e7
1.8811815427910432e7
1.8803162755245134e7
1.8794466919190865e7
1.8785728539136015e7
1.877694823205654e7
1.876812661241143e7
1.8759264292042505e7
1.875036188007837e7
1.87414199828423e7
1.8732439203764245e7
1.8723420143296465e7
1.871436339883311e7
1.8705269564633224e7
1.869613923174743e7
1.8686972987948008e7
1.8677771417662278e7
1.8668535101909284e7
1.865926461823962e7
1.864996054067831e7
1.8640623439670734e7
1.863125388203135e7
1.862185243089533e7
1.8612419645672888e7
1.860295608200626e7
1.859346229172931e7
1.8583938822829522e7
1.85743862194126e7
1.856480502166925e7
1.8555195765844353e7
1.8545558984208293e7
1.8535895205030523e7
1.8526204952555053e7
1.851648874697817e7
1.850674710442789e7
1.849698053694547e7
1.8487189552468676e7
1.8477374654816847e7
1.8467536343677647e7
1.8457675114595547e7
1.8447791458961833e7
1.8437885864006218e7
1.8427958812789954e7
1.841801078420036e7
1.8408042252946835e7
1.8398053689558115e7
1.8388045560380947e7
1.837801832757994e7
1.8367972449138712e7
1.8357908378862143e7
1.8347826566379827e7
2.003519491177103e7
2.0035186477555458e7
2.0035175022085458e7
2.0035159857142013e7
2.0035140217607897e7
2.003511526249175e7
2.003508407654842e7
2.003504567242395e7
2.003499899325698e7
2.003494291567114e7
2.003487625309723e7
2.00347977593676e7
2.003470613252949e7
2.003460001882812e7
2.003447801681467e7
2.0034338681538045e7
2.0034180528783865e7
2.0034002039327353e7
2.0033801663170993e7
2.0033577823740896e7
2.0033328922019247e7
2.0033053340593364e7
2.003274944760438e7
2.003241560058149e7
2.003205015014991e7
2.003165144360282e7
2.003121782832969e7
2.003074765509509e7
2.003023928116354e7
2.0029691073267654e7
2.0029101410417777e7
2.0028468686552778e7
2.002779131303223e7
2.0027067720971584e7
2.002629636342197e7
2.0025475717397753e7
2.0024604285754718e7
2.002368059892268e7
2.0022703216496587e7
2.0021670728690363e7
2.002058175765815e7
2.0019434958687637e7
2.001822902127047e7
2.0016962670054607e7
2.0015634665683776e7
2.001424380552899e7
2.001278892431724e7
2.001126889466235e7
2.000968262750288e7
2.000802907245209e7
2.000630721806459e7
2.000451609202443e7
2.0002654761259153e7
2.000072233198429e7
1.9998717949682493e7
1.999664079902154e7
1.9994490103715185e7
1.999226512633075e7
1.99899651680471e7
1.9987589568366695e7
1.9985137704784993e7
1.9982608992420617e7
1.9980002883609336e7
1.9977318867464803e7
1.9974556469409097e7
1.9971715250675473e7
1.9968794807786208e7
1.996579477200777e7
1.9962714808785688e7
1.9959554617161375e7
1.995631392917295e7
1.9952992509241935e7
1.994959015354779e7
1.9946106689392045e7
1.994254197455348e7
1.993889589663618e7
1.9935168372411646e7
1.993135934715648e7
1.992746879398687e7
1.9923496713191077e7
1.9919443131560963e7
1.9915308101723693e7
1.991109170147452e7
1.9906794033111524e7
1.9902415222773217e7
1.989795541977964e7
1.989341479597784e7
1.9888793545092188e7
1.988409188208034e7
1.9879310042495124e7
1.9874448281853214e7
1.9869506875010643e7
1.9864486115545943e7
1.9859386315151e7
1.985420780303015e7
1.9848950925307706e7
1.9843616044444244e7
1.98382035386619e7
1.9832713801378753e7
1.9827147240652747e7
1.9821504278634943e7
1.981578535103259e7
1.9809990906581827e7
1.980412140653037e7
1.9798177324129958e7
1.9792159144138914e7
1.9786067362334564e7
1.977990248503583e7
1.977366502863561e7
1.9767355519143373e7
1.9760974491737604e7
1.9754522490328178e7
1.9748000067128684e7
1.9741407782238483e7
1.97347462032346e7
1.9728015904773217e7
1.9721217468200825e7
1.971435148117482e7
1.970741853729353e7
1.9700419235735513e7
1.9693354180908028e7
1.9686223982104655e7
1.967902925317176e7
1.9671770612183824e7
1.966444868112753e7
1.9657064085594315e7
1.9649617454481468e7
1.9642109419701457e7
1.9634540615899473e7
1.9626911680178996e7
1.961922325183522e7
1.9611475972096298e7
1.9603670483872145e7
1.9595807431510746e7
1.9587887460561816e7
1.9579911217547577e7
1.9571879349740677e7
1.956379250494897e7
1.9555651331307083e7
1.9547456477074616e7
1.953920859044082e7
1.9530908319335654e7
1.9522556311247084e7
1.9514153213044386e7
1.9505699670807477e7
1.949719632966206e7
1.948864383362041e7
1.9480042825427745e7
1.947139394641403e7
1.946269783635112e7
1.945395513331495e7
1.944516647355295e7
1.943633249135631e7
1.942745381893697e7
1.941853108630953e7
1.9409564921177484e7
1.940055594882411e7
1.9391504792007647e7
1.9382412070860665e7
1.937327840279363e7
1.936410440240251e7
1.9354890681380227e7
1.934563784843202e7
1.9336346509194434e7
1.9327017266158026e7
1.9317650718593493e7
1.9308247462481327e7
1.9298808090444714e7
1.9289333191685755e7
1.9279823351924766e7
1.9270279153342705e7
1.9260701174526546e7
1.9251089990417555e7
1.9241446172262393e7
1.9231770287566908e7
1.922206290005264e7
1.921232456961588e7
1.9202555852289204e7
1.9192757300205458e7
1.9182929461564116e7
1.917307288059991e7
1.9163188097553633e7
1.9153275648645177e7
1.914333606604858e7
1.913336987786914e7
1.912337760812246e7
1.9113359776715398e7
1.910331689942887e7
1.9093249487902407e7
1.9083158049620423e7
1.9073043087900244e7
1.9062905101881582e7
1.9052744586517725e7
1.904256203256818e7
1.903235792659274e7
1.902213275094701e7
1.9011886983779278e7
1.900162109902869e7
1.899133556642475e7
1.898103085148795e7
1.897070741553168e7
2.069536462306306e7
2.0695356173467953e7
2.0695344695158243e7
2.0695329497359447e7
2.0695309811840925e7
2.069528479388372e7
2.0695253523847222e7
2.0695215009264257e7
2.0695168187396314e7
2.0695111928184442e7
2.0695045037534654e7
2.0694966260880727e7
2.0694874286971122e7
2.069476775183108e7
2.0694645242854875e7
2.0694505302987263e7
2.0694346434957143e7
2.069416710553029e7
2.0693965749751534e7
2.069374077515022e7
2.0693490565886095e7
2.0693213486815713e7
2.0692907887462217e7
2.0692572105874073e7
2.069220447236052e7
2.0691803313093916e7
2.0691366953570794e7
2.069089372192564e7
2.0690381952092525e7
2.068982998681168e7
2.068923618047886e7
2.068859890183687e7
2.068791653650943e7
2.0687187489378493e7
2.0686410186806682e7
2.0685583078707583e7
2.068470464046677e7
2.0683773374716982e7
2.068278781297156e7
2.068174651712014e7
2.0680648080791168e7
2.067949113058581e7
2.0678274327188134e7
2.067699636635637e7
2.067565597980031e7
2.0674251935949735e7
2.0672783040618915e7
2.0671248137572158e7
2.0669646108995207e7
2.066797587587753e7
2.066623639830997e7
2.0664426675702687e7
2.0662545746927775e7
2.0660592690390907e7
2.06585666240366e7
2.0656466705290817e7
2.065429213094531e7
2.0652042136987407e7
2.06497159983789e7
2.064731302878784e7
2.0644832580276452e7
2.0642274042948626e7
2.063963684456004e7
2.063692045009399e7
2.0634124361305777e7
2.0631248116238393e7
2.0628291288712084e7
2.0625253487790335e7
2.0622134357224517e7
2.0618933574879546e7
2.0615650852142587e7
2.0612285933316797e7
2.060883859500199e7
2.0605308645464066e7
2.0601695923994772e7
2.0598000300263446e7
2.0594221673662204e7
2.0590359972645927e7
2.0586415154068366e7
2.0582387202515665e7
2.057827612963827e7
2.0574081973482437e7
2.0569804797822256e7
2.0565444691493135e7
2.0561001767727587e7
2.055647616349412e7
2.0551868038839966e7
2.0547177576238304e7
2.0542404979940638e7
2.05375504753349e7
2.0532614308309697e7
2.052759674462537e7
2.052249806929215e7
2.0517318585955873e7
2.051205861629155e7
2.0506718499405246e7
2.0501298591244392e7
2.0495799264016863e7
2.0490220905619126e7
2.0484563919073444e7
2.0478828721974578e7
2.0473015745945893e7
2.046712543610513e7
2.0461158250539843e7
2.0455114659792803e7
2.044899514635704e7
2.0442800204180986e7
2.0436530338183437e7
2.043018606377853e7
2.0423767906410605e7
2.0417276401099063e7
2.0410712091993034e7
2.040407553193598e7
2.0397367282040056e7
2.039058791127023e7
2.0383737996038094e7
2.0376818119805235e7
2.036982887269612e7
2.036277085112046e7
2.035564465740481e7
2.034845089943345e7
2.0341190190298297e7
2.033386314795794e7
2.0326470394905392e7
2.0319012557844665e7
2.031149026737605e7
2.0303904157689746e7
2.0296254866267964e7
2.028854303359524e7
2.0280769302876815e7
2.027293431976507e7
2.026503873209369e7
2.0257083189619567e7
2.0249068343772296e7
2.0240994847410973e7
2.0232863354588434e7
2.022467452032245e7
2.021642900037407e7
2.020812745103274e7
2.0199770528908167e7
2.019135889072876e7
2.018289319314656e7
2.0174374092548393e7
2.0165802244873304e7
2.0157178305435967e7
2.0148502928756025e7
2.0139776768393204e7
2.0131000476788122e7
2.012217470510855e7
2.011330010310111e7
2.0104377318948243e7
2.0095406999130327e7
2.0086389788292836e7
2.0077326329118297e7
2.0068217262203246e7
2.0059063225939628e7
2.0049864856400926e7
2.004062278723263e7
2.0031337649547074e7
2.00220100718225e7
2.001264067980626e7
2.000323009642197e7
1.9993778941680625e7
1.9984287832595482e7
1.9974757383100685e7
1.9965188203973476e7
1.9955580902759936e7
1.994593608370408e7
1.9936254347680412e7
1.9926536292129524e7
1.9916782510997042e7
1.9906993594675496e7
1.9897170129949205e7
1.988731269994205e7
1.987742188406808e7
1.986749825798483e7
1.9857542393549237e7
1.9847554858776275e7
1.983753621779989e7
1.9827487030836567e7
1.9817407854151104e7
1.9807299240024745e7
1.979716173672549e7
1.978699588848063e7
1.977680223545124e7
1.9766581313708857e7
1.9756333655213956e7
1.9746059787796468e7
1.973576023513804e7
1.972543551675611e7
1.971508614798974e7
1.970471263998707e7
1.969431549969441e7
1.9683895229846943e7
1.9673452328960847e7
1.9662987291326974e7
1.965250060700587e7
1.964199276182426e7
1.963146423737275e7
1.962091551100487e7
1.9610347055837333e7
2.1372822812483232e7
2.1372814347690567e7
2.1372802846808005e7
2.1372787616532538e7
2.1372767885552015e7
2.137274280545672e7
2.1372711452252682e7
2.1372672828406546e7
2.137262586535461e7
2.137256942641192e7
2.1372502310020603e7
2.1372423253280517e7
2.137233093570935e7
2.1372223983183008e7
2.1372100972011574e7
2.137196043310955e7
2.1371800856223606e7
2.137162069418421e7
2.1371418367151547e7
2.1371192266829263e7
2.137094076062286e7
2.137066219572265e7
2.13703549030938e7
2.1370017201358672e7
2.1369647400559098e7
2.136924380578818e7
2.136880472068353e7
2.136832845077516e7
2.1367813306683376e7
2.136725760716307e7
2.136665968199232e7
2.1366017874704126e7
2.1365330545161504e7
2.136459607197649e7
2.1363812854774904e7
2.1362979316309087e7
2.1362093904421404e7
2.1361155093861904e7
2.1360161387963854e7
2.135911132018119e7
2.13580034554922e7
2.1356836391674027e7
2.13556087604526e7
2.1354319228532877e7
2.13529664985143e7
2.1351549309696127e7
2.13500664387781e7
2.134851670046067e7
2.134689894795029e7
2.1345212073374067e7
2.1343455008108918e7
2.134162672302947e7
2.133972622867956e7
2.133775257537155e7
2.1335704853217762e7
2.133358219209832e7
2.133138376156921e7
2.132910877071465e7
2.1326756467947368e7
2.1324326140760444e7
2.132181711543422e7
2.1319228756701477e7
2.131656046737416e7
2.1313811687934693e7
2.1310981896094684e7
2.1308070606323857e7
2.130507736935188e7
2.130200177164552e7
2.1298843434863523e7
2.129560201529147e7
2.1292277203258857e7
2.128886872254018e7
2.1285376329742234e7
2.128179981367921e7
2.1278138994737368e7
2.1274393724230945e7
2.1270563883750718e7
2.126664938450667e7
2.1262650166666135e7
2.125856619868864e7
2.1254397476658586e7
2.125014402361684e7
2.1245805888892382e7
2.1241383147434805e7
2.1236875899148617e7
2.123228426823022e7
2.1227608402508147e7
2.1222848472787526e7
2.121800467219911e7
2.1213077215553764e7
2.1208066338702742e7
2.1202972297904328e7
2.119779536919738e7
2.1192535847781982e7
2.118719404740792e7
2.118177029977084e7
2.1176264953916986e7
2.11706783756562e7
2.1165010946983885e7
2.115926306551189e7
2.115343514390859e7
2.114752760934831e7
2.1141540902970213e7
2.1135475479346838e7
2.1129331805962227e7
2.112311036269991e7
2.1116811641340632e7
2.111043614507001e7
2.1103984387995966e7
2.1097456894676153e7
2.1090854199655145e7
2.1084176847011592e7
2.1077425389915105e7
2.107060039019302e7
2.1063702417906754e7
2.1056732050938003e7
2.1049689874584403e7
2.1042576481164746e7
2.103539246963364e7
2.102813844520554e7
2.1020815018987942e7
2.1013422807623785e7
2.100596243294285e7
2.0998434521622073e7
2.0990839704854693e7
2.0983178618028015e7
2.097545190040979e7
2.0967660194842998e7
2.0959804147448897e7
2.095188440733831e7
2.094390162633088e7
2.093585645868229e7
2.0927749560819153e7
2.0919581591081668e7
2.0911353209473636e7
2.0903065077419933e7
2.089471785753111e7
2.088631221337522e7
2.087784880925638e7
2.0869328310000334e7
2.086075138074659e7
2.0852118686747145e7
2.0843430893171497e7
2.0834688664918117e7
2.082589266643188e7
2.08170435615276e7
2.080814201321937e7
2.079918868355572e7
2.079018423346035e7
2.0781129322578304e7
2.0772024609127633e7
2.0762870749756142e7
2.0753668399403404e7
2.074441821116766e7
2.0735120836177662e7
2.0725776923469257e7
2.071638711986662e7
2.070695206986803e7
2.069747241553602e7
2.068794879639196e7
2.067838184931471e7
2.066877220844342e7
2.0659120505084377e7
2.064942736762168e7
2.0639693421431717e7
2.0629919288801383e7
2.0620105588849824e7
2.0610252937453713e7
2.060036194717598e7
2.0590433227197774e7
2.058046738325372e7
2.0570465017570276e7
2.0560426728807166e7
2.055035311200178e7
2.054024475851642e7
2.053010225598845e7
2.0519926188283026e7
2.0509717135448635e7
2.04994756736751e7
2.0489202375254083e7
2.0478897808542103e7
2.046856253792583e7
2.0458197123789646e7
2.044780212248559e7
2.0437378086305168e7
2.042692556345358e7
2.0416445098025717e7
2.040593722998423e7
2.0395402495139517e7
2.038484142513151e7
2.037425454741325e7
2.0363642385236252e7
2.0353005457637455e7
2.0342344279427882e7
2.0331659361182828e7
2.0320951209233552e7
2.03102203256605e7
2.0299467208287872e7
2.028869235067964e7
2.0277896242136825e7
2.026707936769615e7
2.2067906835030057e7
2.20678983552187e7
2.2067886832025617e7
2.2067871569645897e7
2.206785179371725e7
2.206782665217569e7
2.206779521671535e7
2.2067756484783214e7
2.2067709382041834e7
2.2067652765236326e7
2.2067585425405227e7
2.2067506091378726e7
2.2067413433511272e7
2.206730606759978e7
2.20671825589425e7
2.2067041426497534e7
2.2066881147103723e7
2.206670015973049e7
2.2066496869726688e7
2.2066269653041698e7
2.2066016860395618e7
2.206573682137783e7
2.206542784845649e7
2.2065088240883756e7
2.2064716288483914e7
2.20643102753141e7
2.2063868483188726e7
2.206338919506103e7
2.2062870698256437e7
2.2062311287554014e7
2.2061709268113706e7
2.2061062958247837e7
2.2060370692036815e7
2.205963082178961e7
2.205884172035032e7
2.2058001783253055e7
2.2057109430727728e7
2.2056163109559886e7
2.20551612948082e7
2.2054102491383545e7
2.2052985235493775e7
2.205180809595877e7
2.2050569675400097e7
2.2049268611310314e7
2.2047903577006444e7
2.204647328247257e7
2.2044976475096457e7
2.2043411940304976e7
2.204177850210323e7
2.2040075023522016e7
2.2038300406978518e7
2.2036453594554633e7
2.2034533568197582e7
2.203253934984713e7
2.203047000149372e7
2.202832462517168e7
2.202610236289154e7
2.2023802396515273e7
2.2021423947578333e7
2.201896627706205e7
2.2016428685119763e7
2.2013810510760248e7
2.2011111131491393e7
2.2008329962927386e7
2.2005466458362162e7
2.200252010831209e7
2.1999490440030366e7
2.1996377016995803e7
2.1993179438378353e7
2.1989897338483598e7
2.1986530386178553e7
2.19830782843006e7
2.197954076905172e7
2.1975917609379675e7
2.197220860634803e7
2.196841359249656e7
2.1964532431193545e7
2.1960565015981574e7
2.195651126991799e7
2.1952371144911464e7
2.1948144621055722e7
2.194383170596165e7
2.1939432434088815e7
2.1934946866077334e7
2.1930375088081017e7
2.192571721110264e7
2.192097337033211e7
2.1916143724488314e7
2.191122845516522e7
2.1906227766182885e7
2.190114188294407e7
2.1895971051796697e7
2.189071553940298e7
2.1885375632115368e7
2.1879951635359883e7
2.187444387302709e7
2.186885268687118e7
2.1863178435917206e7
2.1857421495877095e7
2.185158225857421e7
2.184566113137714e7
2.183965853664251e7
2.183357491116717e7
2.1827410705649868e7
2.182116638416241e7
2.181484242363055e7
2.180843931332451e7
2.1801957554359358e7
2.1795397659205087e7
2.178876015120659e7
2.1782045564113423e7
2.1775254441619333e7
2.176838733691167e7
2.1761444812230457e7
2.1754427438437223e7
2.1747335794593524e7
2.1740170467548907e7
2.1732932051538616e7
2.1725621147790525e7
2.171823836414162e7
2.1710784314663537e7
2.170325961929748e7
2.1695664903498042e7
2.1688000797886048e7
2.1680267937910236e7
2.1672466963517636e7
2.1664598518832587e7
2.1656663251844216e7
2.1648661814102303e7
2.1640594860421296e7
2.1632463048592567e7
2.1624267039104477e7
2.1616007494870394e7
2.160768508096438e7
2.1599300464364443e7
2.1590854313703194e7
2.1582347299025863e7
2.1573780091555443e7
2.1565153363464847e7
2.155646778765602e7
2.154772403754571e7
2.153892278685796e7
2.1530064709423028e7
2.1521150478982687e7
2.1512180769001745e7
2.1503156252485674e7
2.1494077601804152e7
2.1484945488520496e7
2.147576058322677e7
2.1466523555384487e7
2.145723507317076e7
2.1447895803329766e7
2.1438506411029473e7
2.142906755972339e7
2.1419579911017325e7
2.141004412454102e7
2.1400460857824445e7
2.1390830766178817e7
2.1381154502582017e7
2.1371432717568565e7
2.13616660591237e7
2.1351855172581807e7
2.134200070052884e7
2.1332103282708738e7
2.1322163555933736e7
2.1312182153998476e7
2.1302159707597695e7
2.129209684424764e7
2.128199418821088e7
2.127185236042454e7
2.1261671978431832e7
2.1251453656316847e7
2.1241198004642416e7
2.1230905630391095e7
2.122057713690902e7
2.1210213123852726e7
2.1199814187138736e7
2.118938091889587e7
2.1178913907420196e7
2.1168413737132568e7
2.1157880988538656e7
2.1147316238191422e7
2.1136720058655873e7
2.1126093018476233e7
2.111543568214522e7
2.110474861007553e7
2.1094032358573407e7
2.108328747981423e7
2.1072514521820087e7
2.106171402843921e7
2.105088653932731e7
2.10400325899307e7
2.1029152711471118e7
2.1018247430932235e7
2.100731727104786e7
2.0996362750291593e7
2.0985384382868126e7
2.097438267870598e7
2.0963358143451657e7
2.0952311278465148e7
2.0941242580816858e7
2.278095840596374e7
2.2780949911309503e7
2.2780938366063844e7
2.278092307194612e7
2.278090325157493e7
2.2780878049267944e7
2.278084653244843e7
2.2780807693589695e7
2.2780760452631425e7
2.278070365980429e7
2.2780636098803114e7
2.278055649025212e7
2.278046349540965e7
2.278035572006358e7
2.2780231718572494e7
2.278008999801167e7
2.2779929022386536e7
2.2779747216879822e7
2.2779542972102538e7
2.2779314648321707e7
2.277906057964137e7
2.277877907811606e7
2.2778468437778894e7
2.2778126938568745e7
2.2777752850143686e7
2.277734443556958e7
2.2776899954875253e7
2.2776417668466777e7
2.277589584039574e7
2.2775332741477318e7
2.2774726652255416e7
2.277407586581353e7
2.2773378690430623e7
2.2772633452082496e7
2.277183849678992e7
2.2770992192815308e7
2.277009293271045e7
2.276913913521835e7
2.2768129247032464e7
2.2767061744417254e7
2.2765935134693984e7
2.276474795759619e7
2.276349878649919e7
2.2762186229528304e7
2.2760808930550568e7
2.2759365570054542e7
2.275785486592315e7
2.2756275574104387e7
2.275462648918445e7
2.2752906444868308e7
2.2751114314372096e7
2.2749249010732196e7
2.2747309487035178e7
2.274529473657331e7
2.274320379292961e7
2.2741035729996912e7
2.2738789661934596e7
2.2736464743067242e7
2.273406016772875e7
2.2731575170055553e7
2.2729009023732588e7
2.2726361041695185e7
2.272363057579019e7
2.272081701639939e7
2.27179197920282e7
2.2714938368862342e7
2.271187225029543e7
2.270872097642964e7
2.2705484123552367e7
2.2702161303590756e7
2.2698752163546573e7
2.269525638491348e7
2.2691673683078505e7
2.268800380670979e7
2.2684246537132267e7
2.2680401687693e7
2.267646910311758e7
2.2672448658859394e7
2.266834026044277e7
2.26641438428016e7
2.2659859369614497e7
2.265548683263773e7
2.2651026251036942e7
2.2646477670718703e7
2.2641841163662776e7
2.2637116827256057e7
2.263230478362892e7
2.26274051789947e7
2.262241818299317e7
2.261734398803838e7
2.2612182808671717e7
2.260693488092063e7
2.2601600461663425e7
2.2596179828000754e7
2.2590673276634112e7
2.258508112325173e7
2.2579403701922234e7
2.257364136449639e7
2.256779448001716e7
2.2561863434138343e7
2.2555848628552064e7
2.2549750480425205e7
2.2543569421845034e7
2.2537305899274144e7
2.25309603730148e7
2.2524533316682816e7
2.2518025216691043e7
2.2511436571742527e7
2.2504767892333373e7
2.249801970026536e7
2.249119252816831e7
2.2484286919032186e7
2.2477303425748993e7
2.247024261066431e7
2.2463105045138612e7
2.2455891309118126e7
2.244860199071532e7
2.244123768579894e7
2.2433798997593414e7
2.2426286536287665e7
2.241870091865326e7
2.241104276767161e7
2.2403312712170374e7
2.2395511386468846e7
2.238763943003214e7
2.23796974871342e7
2.237168620652949e7
2.2363606241133153e7
2.2355458247709613e7
2.2347242886569466e7
2.2338960821274538e7
2.2330612718350966e7
2.2322199247010183e7
2.2313721078877695e7
2.2305178887729455e7
2.229657334923581e7
2.228790514071278e7
2.2279174940880578e7
2.2270383429629263e7
2.2261531287791327e7
2.2252619196921203e7
2.224364783908137e7
2.2234617896635108e7
2.222553005204572e7
2.221638498768196e7
2.2207183385629732e7
2.2197925927509815e7
2.2188613294301532e7
2.2179246166172147e7
2.2169825222312007e7
2.216035114077521e7
2.2150824598325655e7
2.214124627028843e7
2.21316168304064e7
2.2121936950701777e7
2.211220730134273e7
2.2102428550514728e7
2.209260136429672e7
2.2082726406541735e7
2.2072804338762157e7
2.2062835820019275e7
2.205282150681714e7
2.2042762053000577e7
2.2032658109657265e7
2.2022510325023822e7
2.201231934439566e7
2.2002085810040712e7
2.1991810361116745e7
2.198149363359228e7
2.197113626017101e7
2.196073887021957e7
2.195030208969863e7
2.193982654109718e7
2.192931284336998e7
2.1918761611877967e7
2.190817345833174e7
2.189754899073785e7
2.1886888813347846e7
2.187619352661013e7
2.186546372712445e7
2.1854700007598832e7
2.1843902956809234e7
2.1833073159561396e7
2.1822211196655195e7
2.181131764485125e7
2.1800393076839726e7
2.178943806121128e7
2.1778453162430204e7
2.1767438940809444e7
2.1756395952487692e7
2.174532474940841e7
2.1734225879300546e7
2.1723099885661304e7
2.171194730774038e7
2.170076868052606e7
2.168956453473293e7
2.1678335396791086e7
2.1667081788836967e7
2.1655804228705622e7
2.1644503229924407e7
2.163317930170809e7
2.3512323628803417e7
2.351231511947909e7
2.3512303552434474e7
2.3512288226938993e7
2.3512268362622697e7
2.351224310022041e7
2.3512211502924986e7
2.3512172558281586e7
2.3512125180557344e7
2.351206821352347e7
2.3512000433590382e7
2.351192055323959e7
2.3511827224700026e7
2.3511719043820087e7
2.3511594554090545e7
2.3511452250777353e7
2.351129058512677e7
2.351110796860927e7
2.3510902777171742e7
2.3510673355471086e7
2.3510418021065194e7
2.351013506854055e7
2.3509822773558024e7
2.3509479396801338e7
2.350910318781484e7
2.3508692388719466e7
2.350824523779763e7
2.3507759972939808e7
2.3507234834946938e7
2.350666807068444e7
2.3506057936084874e7
2.350540269899747e7
2.35047006418837e7
2.3503950064359255e7
2.3503149285583194e7
2.3502296646496136e7
2.3501390511909667e7
2.350042927244989e7
2.349941134635826e7
2.349833518115341e7
2.3497199255157903e7
2.3496002078894056e7
2.3494742196353182e7
2.349341818614293e7
2.3492028662517056e7
2.349057227629268e7
2.3489047715659488e7
2.348745370688568e7
2.3485789014925525e7
2.348405244393302e7
2.3482242837686453e7
2.348035907992822e7
2.3478400094624612e7
2.347636484614976e7
2.347425233939803e7
2.3472061619829137e7
2.3469791773449782e7
2.346744192673597e7
2.346501124649958e7
2.3462498939702895e7
2.345990425322462e7
2.3457226473580763e7
2.345446492660353e7
2.3451618977081414e7
2.34486880283635e7
2.3445671521930642e7
2.344256893693645e7
2.343937978972048e7
2.3436103633296248e7
2.343274005681628e7
2.342928868501652e7
2.342574917764218e7
2.3422121228856992e7
2.341840456663784e7
2.341459895215652e7
2.34107041791503e7
2.3406720073282916e7
2.3402646491497587e7
2.3398483321363218e7
2.3394230480415482e7
2.338988791549372e7
2.338545560207499e7
2.3380933543606393e7
2.3376321770836543e7
2.33716203411474e7
2.336682933788703e7
2.336194886970447e7
2.3356979069887225e7
2.3351920095702216e7
2.3346772127740875e7
2.3341535369268876e7
2.333621004558126e7
2.3330796403363287e7
2.3325294710057613e7
2.3319705253238183e7
2.3314028339991253e7
2.3308264296303898e7
2.3302413466460314e7
2.329647621244626e7
2.329045291336185e7
2.3284343964842953e7
2.3278149778491426e7
2.3271870781314258e7
2.326550741517202e7
2.325906013623644e7
2.3252529414457496e7
2.3245915733039882e7
2.3239219587929178e7
2.3232441487307504e7
2.3225581951098945e7
2.3218641510484576e7
2.3211620707427237e7
2.3204520094205987e7
2.319734023296022e7
2.3190081695243444e7
2.3182745061586674e7
2.3175330921071384e7
2.3167839870911956e7
2.3160272516047616e7
2.315262946874368e7
2.314491134820213e7
2.3137118780181397e7
2.3129252396625254e7
2.312131283530065e7
2.3113300739444632e7
2.3105216757419854e7
2.309706154237899e7
2.3088835751937535e7
2.3080540047855224e7
2.3072175095725715e7
2.306374156467449e7
2.3055240127064902e7
2.3046671458212137e7
2.3038036236105047e7
2.3029335141135674e7
2.302056885583636e7
2.301173806462435e7
2.300284345355364e7
2.2993885710074045e7
2.2984865522797342e7
2.2975783581270304e7
2.2966640575754523e7
2.2957437197012935e7
2.2948174136102818e7
2.2938852084175196e7
2.2929471732280556e7
2.292003377118065e7
2.2910538891166326e7
2.290098778188127e7
2.289138113215146e7
2.288171962982026e7
2.287200396158909e7
2.28622348128634e7
2.2852412867603943e7
2.284253880818322e7
2.2832613315246932e7
2.282263706758036e7
2.2812610741979536e7
2.280253501312712e7
2.279241055347281e7
2.2782238033118296e7
2.277201811970654e7
2.276175147831526e7
2.275143877135463e7
2.2741080658469062e7
2.273067779644277e7
2.2720230839109413e7
2.270974043726528e7
2.2699207238586295e7
2.2688631887548447e7
2.267801502535178e7
2.266735728984776e7
2.2656659315469857e7
2.2645921733167417e7
2.2635145170342598e7
2.2624330250790376e7
2.2613477594641477e7
2.2602587818308156e7
2.259166153443289e7
2.2580699351839606e7
2.2569701875487737e7
2.2558669706428666e7
2.2547603441764817e7
2.253650367461111e7
2.252537099405873e7
2.2514205985141277e7
2.2503009228803e7
2.24917813018694e7
2.248052277701968e7
2.2469234222761426e7
2.245791620340715e7
2.2446569279052787e7
2.243519400555803e7
2.2423790934528466e7
2.24123606132995e7
2.2400903584921874e7
2.2389420388148937e7
2.2377911557425376e7
2.236637762287766e7
2.235481911030573e7
2.2343236541176368e7
2.4262353023324188e7
2.4262344499499645e7
2.426233291090548e7
2.426231755438658e7
2.426229764661462e7
2.426227232477661e7
2.4262240647874996e7
2.4262201598571736e7
2.4262154085511208e7
2.4262096946059614e7
2.4262028949401766e7
2.4261948799939226e7
2.426185514093775e7
2.426174655837547e7
2.426162158494691e7
2.426147870418192e7
2.426131635464184e7
2.4261132934159316e7
2.4260926804091044e7
2.4260696293556325e7
2.426043970363735e7
2.4260155311519984e7
2.425984137455654e7
2.4259496134234715e7
2.4259117820038963e7
2.4258704653192922e7
2.425825485027354e7
2.4257766626689058e7
2.425723820001498e7
2.4256667793183424e7
2.425605363752269e7
2.4255393975644913e7
2.4254687064180937e7
2.425393117636232e7
2.425312460445123e7
2.4252265662019737e7
2.425135268608062e7
2.4250384039072365e7
2.4249358110701393e7
2.424827331964499e7
2.424712811511891e7
2.4245920978313427e7
2.4244650423702367e7
2.424331500022939e7
2.424191329237611e7
2.4240443921116643e7
2.4238905544763315e7
2.4237296859708145e7
2.4235616601064816e7
2.423386354321573e7
2.4232036500268776e7
2.423013432642842e7
2.4228155916285332e7
2.4226100205029204e7
2.422396616858872e7
2.4221752823703043e7
2.4219459227928765e7
2.4217084479586113e7
2.421462771764843e7
2.421208812157835e7
2.420946491111424e7
2.4206757346010443e7
2.420396472573435e7
2.4201086389123622e7
2.4198121714006346e7
2.419507011678722e7
2.419193105200238e7
2.4188704011845406e7
2.4185388525667172e7
2.4181984159451798e7
2.417849051527096e7
2.4174907230718758e7
2.4171233978329122e7
2.4167470464977708e7
2.41636164312701e7
2.4159671650918048e7
2.4155635930105362e7
2.4151509106845018e7
2.4147291050328903e7
2.4142981660271537e7
2.413858086624918e7
2.41340886270353e7
2.412950492993381e7
2.4124829790110856e7
2.4120063249926344e7
2.4115205378266063e7
2.4110256269875202e7
2.410521604469416e7
2.410008484719735e7
2.409486284573566e7
2.4089550231883243e7
2.408414721978924e7
2.4078654045534924e7
2.407307096649681e7
2.406739826071618e7
2.4061636226275425e7
2.4055785180681605e7
2.404984546025754e7
2.4043817419540815e7
2.4037701430690862e7
2.4031497882904515e7
2.402520718184011e7
2.401882974905046e7
2.401236602142479e7
2.40058164506398e7
2.399918150262e7
2.3992461657007433e7
2.3985657406640816e7
2.3978769257044192e7
2.3971797725925237e7
2.3964743342683043e7
2.3957606647925675e7
2.3950388192997247e7
2.3943088539514657e7
2.3935708258914e7
2.3928247932006467e7
2.3920708148543842e7
2.391308950679346e7
2.390539261312268e7
2.3897618081592582e7
2.3889766533561125e7
2.388183859729541e7
2.3873834907593098e7
2.3865756105412897e7
2.3857602837513972e7
2.3849375756104186e7
2.3841075518497076e7
2.3832702786777478e7
2.3824258227475613e7
2.381574251124962e7
2.380715631257633e7
2.3798500309450198e7
2.3789775183090262e7
2.3780981617655043e7
2.3772120299965147e7
2.3763191919233605e7
2.3754197166803647e7
2.3745136735893942e7
2.373601132135104e7
2.3726821619409006e7
2.371756832745599e7
2.3708252143807694e7
2.3698873767487623e7
2.368943389801386e7
2.3679933235192373e7
2.367037247891669e7
2.3660752328973748e7
2.3651073484855887e7
2.3641336645578768e7
2.3631542509505197e7
2.3621691774174586e7
2.3611785136138096e7
2.360182329079921e7
2.359180693225965e7
2.3581736753170613e7
2.3571613444588993e7
2.3561437695838746e7
2.355121019437702e7
2.3540931625665195e7
2.353060267304444e7
2.352022401761596e7
2.3509796338125568e7
2.349932031085276e7
2.348879660950379e7
2.347822590510914e7
2.346760886592482e7
2.345694615733771e7
2.3446238441774692e7
2.343548637861553e7
2.342469062410937e7
2.3413851831294864e7
2.3402970649923667e7
2.3392047726387326e7
2.3381083703647487e7
2.337007922116928e7
2.3359034914857775e7
2.3347951416997537e7
2.333682935619505e7
2.3325669357324105e7
2.3314472041473866e7
2.3303238025899734e7
2.3291967923976827e7
2.3280662345156003e7
2.3269321894922413e7
2.325794717475644e7
2.324653878209702e7
2.3235097310307242e7
2.3223623348642193e7
2.3212117482218895e7
2.3200580291988432e7
2.318901235471002e7
2.317741424292713e7
2.316578652494546e7
2.3154129764812816e7
2.3142444522300746e7
2.3130731352888007e7
2.3118990807745606e7
2.310722343372358e7
2.309542977333932e7
2.3083610364767484e7
2.307176574183131e7
2.503140155355399e7
2.503139301539627e7
2.5031381405497782e7
2.5031366018304057e7
2.503134606755807e7
2.50313206869336e7
2.5031288931282196e7
2.503124977842705e7
2.5031202131439053e7
2.503114482133334e7
2.5031076610127375e7
2.5030996194205027e7
2.503090220793471e7
2.503079322749312e7
2.5030667774849772e7
2.503052432187141e7
2.5030361294508606e7
2.5030177077030636e7
2.5029970016278047e7
2.5029738425905414e7
2.50294805905901e7
2.502919477018541e7
2.5028879203799643e7
2.5028532113784574e7
2.5028151709619716e7
2.5027736191680558e7
2.5027283754881024e7
2.5026792592182294e7
2.502626089796163e7
2.5025686871236503e7
2.5025068718740392e7
2.502440465784812e7
2.5023692919349473e7
2.5022931750070844e7
2.50221194153454e7
2.502125420133318e7
2.502033441719298e7
2.501935839710854e7
2.5018324502171878e7
2.50172311221273e7
2.5016076676979516e7
2.501485961847003e7
2.501357843142577e7
2.5012231634984363e7
2.50108177837006e7
2.500933546853836e7
2.5007783317752924e7
2.500615999766808e7
2.500446421335263e7
2.500269470920113e7
2.500085026942304e7
2.499892971844521e7
2.499693192123173e7
2.4994855783525813e7
2.4992700252017666e7
2.4990464314442713e7
2.4988146999613997e7
2.498574737739286e7
2.4983264558601514e7
2.498069769488122e7
2.4978045978499644e7
2.497530864211074e7
2.4972484958470408e7
2.496957424011116e7
2.4966575838978693e7
2.4963489146033358e7
2.49603135908192e7
2.4957048641003232e7
2.4953693801887542e7
2.495024861589645e7
2.4946712662041225e7
2.4943085555364262e7
2.4939366946365103e7
2.4935556520409953e7
2.49316539971267e7
2.492765912978722e7
2.4923571704678513e7
2.491939154046433e7
2.491511848753868e7
2.4910752427372735e7
2.4906293271856297e7
2.4901740962635178e7
2.4897095470445544e7
2.4892356794446427e7
2.4887524961551286e7
2.488260002575964e7
2.4877582067489725e7
2.4872471192912787e7
2.486726753329004e7
2.4861971244312804e7
2.485658250544656e7
2.485110151927955e7
2.4845528510876473e7
2.4839863727137722e7
2.4834107436164826e7
2.4828259926632263e7
2.482232150716632e7
2.481629250573118e7
2.4810173269022662e7
2.4803964161869798e7
2.4797665566644687e7
2.479127788268068e7
2.4784801525699273e7
2.4778236927245744e7
2.477158453413381e7
2.476484480789943e7
2.4758018224263728e7
2.4751105272605404e7
2.4744106455442436e7
2.4737022287923362e7
2.472985329732795e7
2.4722600022577584e7
2.4715263013755087e7
2.4707842831634212e7
2.4700340047218643e7
2.469275524129053e7
2.4685089003968623e7
2.4677341934275772e7
2.4669514639715936e7
2.466160773586051e7
2.4653621845943935e7
2.4645557600468606e7
2.463741563681884e7
2.462919659888394e7
2.4620901136690244e7
2.4612529906042002e7
2.4604083568171047e7
2.4595562789395113e7
2.458696824078472e7
2.4578300597838506e7
2.4569560540166836e7
2.4560748751183677e7
2.4551865917806543e7
2.4542912730164357e7
2.4533889881313246e7
2.452479806695996e7
2.451563798519292e7
2.4506410336220745e7
2.4497115822118074e7
2.448775514657864e7
2.4478329014675345e7
2.4468838132627375e7
2.445928320757408e7
2.444966494735553e7
2.443998406029968e7
2.443024125501594e7
2.4420437240195047e7
2.4410572724415153e7
2.440064841595391e7
2.4390665022606548e7
2.4380623251509733e7
2.4370523808971047e7
2.4360367400304202e7
2.435015472966949e7
2.4339886499919675e7
2.432956341245112e7
2.431918616705988e7
2.430875546180292e7
2.429827199286406e7
2.4287736454424776e7
2.4277149538539574e7
2.426651193501594e7
2.425582433129869e7
2.424508741235865e7
2.4234301860585548e7
2.4223468355685048e7
2.421258757457974e7
2.4201660191314112e7
2.419068687696331e7
2.4179668299545616e7
2.4168605123938564e7
2.4157498011798605e7
2.4146347621484198e7
2.4135154607982308e7
2.4123919622838087e7
2.411264331408785e7
2.4101326326195084e7
2.408996929998948e7
2.4078572872608986e7
2.406713767744458e7
2.4055664344087962e7
2.404415349828192e7
2.4032605761873245e7
2.402102175276837e7
2.4009402084891357e7
2.399774736814437e7
2.3986058208370488e7
2.397433520731886e7
2.3962578962611966e7
2.3950790067715164e7
2.3938969111908242e7
2.3927116680259064e7
2.3915233353599157e7
2.3903319708501227e7
2.389137631725855e7
2.387940374786617e7
2.3867402564003784e7
2.385537332502042e7
2.3843316585920725e7
2.3831232897352833e7
2.3819122805597737e7
2.5819828655770827e7
2.5819820103444126e7
2.581980847248255e7
2.5819793054956924e7
2.5819773061710883e7
2.581974762293909e7
2.581971578938124e7
2.5819676534065664e7
2.5819628754538544e7
2.581957127551731e7
2.5819502851909854e7
2.581942217214413e7
2.5819327861756574e7
2.581921848719085e7
2.5819092559762415e7
2.581894853974772e7
2.581878484056054e7
2.581859983298123e7
2.581839184940839e7
2.581815918810499e7
2.5817900117414847e7
2.581761287992745e7
2.581729569657229e7
2.581694677062632e7
2.581656429162027e7
2.5816146439131863e7
2.581569138645602e7
2.581519730414376e7
2.581466236340326e7
2.581408473935806e7
2.5813462614158593e7
2.581279417994466e7
2.5812077641657293e7
2.5811311219699483e7
2.5810493152446374e7
2.5809621698605713e7
2.5808695139430486e7
2.580771178078602e7
2.580666995507428e7
2.5805568023018636e7
2.580440437531248e7
2.580317743413576e7
2.580188565454316e7
2.580052752572842e7
2.5799101572169013e7
2.5797606354655642e7
2.579604047121117e7
2.5794402557903398e7
2.579269128955644e7
2.579090538036504e7
2.5789043584416553e7
2.5787104696124908e7
2.5785087550580963e7
2.5782991023823727e7
2.578081403303637e7
2.577855553667148e7
2.577621453450934e7
2.5773790067653276e7
2.5771281218465675e7
2.5768687110448625e7
2.5766006908072416e7
2.5763239816555493e7
2.576038508159909e7
2.575744198907972e7
2.5754409864702497e7
2.57512880736183e7
2.5748076020007465e7
2.5744773146632675e7
2.5741378934363708e7
2.573789290167624e7
2.5734314604127247e7
2.573064363380907e7
2.5726879618784256e7
2.5723022222503126e7
2.571907114320608e7
2.571502611331222e7
2.5710886898796152e7
2.570665329855449e7
2.5702325143763535e7
2.569790229722957e7
2.5693384652733203e7
2.5688772134368863e7
2.5684064695880655e7
2.5679262319995873e7
2.567436501775691e7
2.566937282785279e7
2.5664285815951124e7
2.565910407403128e7
2.5653827719719727e7
2.564845689562812e7
2.5642991768694926e7
2.5637432529531136e7
2.5631779391770713e7
2.562603259142626e7
2.5620192386250556e7
2.5614259055104095e7
2.560823289732949e7
2.560211423213267e7
2.559590339797159e7
2.5589600751952533e7
2.558320666923439e7
2.557672154244113e7
2.5570145781082746e7
2.5563479810984794e7
2.5556724073726766e7
2.554987902608943e7
2.5542945139511272e7
2.553592289955411e7
2.552881280537806e7
2.5521615369225875e7
2.5514331115916636e7
2.550696058234904e7
2.5499504317014094e7
2.5491962879517376e7
2.5484336840110738e7
2.5476626779233657e7
2.5468833287063863e7
2.5460956963077627e7
2.545299841561928e7
2.5444958261480175e7
2.5436837125486948e7
2.5428635640098933e7
2.5420354445014816e7
2.5411994186788313e7
2.5403555518452812e7
2.539503909915499e7
2.5386445593797117e7
2.537777567268817e7
2.5369030011203438e7
2.5360209289452687e7
2.5351314191956636e7
2.5342345407331746e7
2.5333303627983104e7
2.5324189549805373e7
2.531500387189157e7
2.530574729624971e7
2.529642052752705e7
2.5287024272741873e7
2.5277559241022665e7
2.5268026143354617e7
2.525842569233318e7
2.5248758601924784e7
2.523902558723428e7
2.5229227364279345e7
2.521936464977134e7
2.5209438160902787e7
2.5199448615141258e7
2.518939673002947e7
2.5179283222991478e7
2.5169108811145034e7
2.5158874211119656e7
2.51485801388806e7
2.513822730955843e7
2.5127816437284086e7
2.5117348235029437e7
2.510682341445304e7
2.5096242685751177e7
2.508560675751384e7
2.5074916336585738e7
2.5064172127932154e7
2.505337483450942e7
2.50425251571402e7
2.5031623794393063e7
2.5020671442466643e7
2.5009668795077983e7
2.499861654335514e7
2.498751537573387e7
2.4976365977858286e7
2.4965169032485474e7
2.4953925219393853e7
2.4942635215295274e7
2.4931299693750784e7
2.4919919325089764e7
2.4908494776332747e7
2.4897026711117323e7
2.4885515789627545e7
2.4873962668526288e7
2.486236800089094e7
2.4850732436151896e7
2.483905662003414e7
2.4827341194501586e7
2.481558679770428e7
2.480379406392823e7
2.4791963623547956e7
2.47800961029815e7
2.4768192124648e7
2.47562523069277e7
2.4744277264124222e7
2.4732267606429227e7
2.472022393988923e7
2.4708146866374638e7
2.469603698355077e7
2.4683894884851113e7
2.4671721159452308e7
2.4659516392251313e7
2.464728116384419e7
2.4635016050506882e7
2.4622721624177694e7
2.461039845244139e7
2.459804709851507e7
2.4585668121235568e7
2.6627998266499765e7
2.662798970016557e7
2.662797804837815e7
2.6627962600858018e7
2.6627942565578386e7
2.6627917069288503e7
2.662788515865474e7
2.6627845801953994e7
2.6627797891255956e7
2.662774024503324e7
2.6627671611141395e7
2.662759067011376e7
2.6627496038719673e7
2.6627386273737825e7
2.66272598759002e7
2.662711529396554e7
2.6626950928884625e7
2.6626765138023376e7
2.6626556239412665e7
2.6626322515997306e7
2.6626062219859242e7
2.662577357639333e7
2.6625454788416322e7
2.662510404019233e7
2.662471950136049e7
2.6624299330752503e7
2.662384168008976e7
2.66233446975517e7
2.6622806531208407e7
2.662222533231231e7
2.6621599258444846e7
2.662092647651551e7
2.6620205165611435e7
2.6619433519696895e7
2.6618609750162918e7
2.661773208822781e7
2.6616798787190232e7
2.6615808124536917e7
2.6614758403907664e7
2.6613647956920683e7
2.6612475144861583e7
2.661123836023988e7
2.660993602821672e7
2.6608566607908163e7
2.6607128593568098e7
2.660562051565533e7
2.660404094178915e7
2.6602388477598015e7
2.660066176746576e7
2.659885949517981e7
2.6596980384486027e7
2.6595023199554455e7
2.6592986745360393e7
2.6590869867985137e7
2.6588671454840533e7
2.658639043482146e7
2.6584025778390277e7
2.6581576497597154e7
2.657904164604001e7
2.657642031876777e7
2.657371165213042e7
2.6570914823579486e7
2.656802905142188e7
2.6565053594530646e7
2.6561987752015423e7
2.655883086285568e7
2.6555582305499405e7
2.655224149743008e7
2.6548807894704327e7
2.6545280991462886e7
2.654166031941704e7
2.653794544731289e7
2.6534135980375443e7
2.6530231559734676e7
2.6526231861835375e7
2.6522136597832534e7
2.6517945512974203e7
2.651365838597313e7
2.650927502836905e7
2.6504795283882752e7
2.6500219027763546e7
2.6495546166131206e7
2.649077663531381e7
2.6485910401182394e7
2.6480947458483666e7
2.6475887830171652e7
2.647073156673926e7
2.646547874555069e7
2.6460129470175352e7
2.6454683869724263e7
2.64491420981894e7
2.6443504333786868e7
2.643777077830431e7
2.6431941656453297e7
2.6426017215227086e7
2.641999772326426e7
2.641388347021868e7
2.640767476613623e7
2.6401371940838553e7
2.6394975343314286e7
2.638848534111799e7
2.6381902319777038e7
2.6375226682206806e7
2.6368458848134268e7
2.6361599253530227e7
2.6354648350050356e7
2.634760660448524e7
2.634047449821941e7
2.633325252669964e7
2.6325941198912445e7
2.631854103687095e7
2.6311052575111136e7
2.630347636019752e7
2.6295812950238273e7
2.6288062914409764e7
2.6280226832490616e7
2.6272305294405207e7
2.626429889977648e7
2.625620825748826e7
2.624803398525685e7
2.6239776709211893e7
2.623143706348651e7
2.6223015689816516e7
2.6214513237148844e7
2.6205930361258816e7
2.61972677243764e7
2.6188525994821336e7
2.617970584664695e7
2.6170807959292505e7
2.6161833017244264e7
2.6152781709704775e7
2.6143654730270598e7
2.613445277661815e7
2.612517655019762e7
2.611582675593493e7
2.610640410194141e7
2.609690929923126e7
2.6087343061446648e7
2.6077706104590125e7
2.606799914676459e7
2.6058222907920294e7
2.604837810960906e7
2.603846547474542e7
2.602848572737461e7
2.601843959244727e7
2.6008327795600757e7
2.5998151062946916e7
2.5987910120866194e7
2.597760569580799e7
2.596723851409705e7
2.5956809301745918e7
2.594631878427317e7
2.593576768652742e7
2.5925156732516903e7
2.5914486645244583e7
2.590375814654864e7
2.5892971956948172e7
2.5882128795494135e7
2.5871229379625194e7
2.586027442502859e7
2.584926464550581e7
2.5838200752842866e7
2.582708345668534e7
2.581591346441772e7
2.5804691481047273e7
2.5793418209092118e7
2.5782094348473508e7
2.5770720596412204e7
2.5759297647328787e7
2.5747826192747895e7
2.5736306921206243e7
2.5724740518164326e7
2.5713127665921744e7
2.5701469043536056e7
2.5689765326744992e7
2.5678017187892113e7
2.5666225295855608e7
2.5654390315980393e7
2.564251291001316e7
2.563059373604058e7
2.561863344843028e7
2.5606632697774816e7
2.559459213083835e7
2.5582512390506014e7
2.557039411573594e7
2.5558237941513907e7
2.5546044498810276e7
2.5533814414539613e7
2.552154831152244e7
2.5509246808449417e7
2.5496910519847676e7
2.548454005604933e7
2.5472136023162093e7
2.545969902304196e7
2.544722965326777e7
2.543472850711786e7
2.5422196173548408e7
2.5409633237173714e7
2.539704027824818e7
2.5384417872650027e7
2.5371766591866616e7
2.745627885050987e7
2.745627027032696e7
2.7456258597947083e7
2.745624312076442e7
2.7456223043910317e7
2.745619749072184e7
2.745616550383012e7
2.7456126046803556e7
2.7456078006283052e7
2.7456020194548737e7
2.7455951352460563e7
2.7455870152718034e7
2.745577520338786e7
2.745566505165138e7
2.7455538187727377e7
2.745539304892916e7
2.7455228023818232e7
2.7455041456420437e7
2.7454831650473338e7
2.74545968736771e7
2.745433536192391e7
2.7454045323483776e7
2.7453724943127364e7
2.7453372386168823e7
2.7452985802413963e7
2.7452563330001395e7
2.7452103099125944e7
2.7451603235635612e7
2.745106186449524e7
2.7450477113110922e7
2.7449847114511378e7
2.744917001038289e7
2.744844395395613e7
2.7447667112744037e7
2.7446837671130378e7
2.744595383280995e7
2.7445013823081817e7
2.744401589099728e7
2.7442958311365403e7
2.744183938661863e7
2.7440657448542114e7
2.7439410859869935e7
2.74380980157524e7
2.7436717345098093e7
2.743526731179521e7
2.7433746415816087e7
2.7432153194209564e7
2.7430486221985668e7
2.742874411289665e7
2.742692552011942e7
2.7425029136843298e7
2.7423053696767773e7
2.742099797451453e7
2.741886078595797e7
2.741664098847849e7
2.741433748114254e7
2.7411949204813525e7
2.7409475142197434e7
2.7406914317826957e7
2.7404265797987733e7
2.740152869059039e7
2.739870214499171e7
2.7395785351768214e7
2.7392777542445496e7
2.7389677989186145e7
2.738648600443944e7
2.73832009405555e7
2.7379822189366564e7
2.7376349181738134e7
2.7372781387092296e7
2.736911831290567e7
2.736535950418424e7
2.736150454291712e7
2.735755304751142e7
2.7353504672209997e7
2.7349359106494084e7
2.734511607447239e7
2.7340775334258456e7
2.7336336677337687e7
2.733179992792567e7
2.7327164942319047e7
2.732243160824036e7
2.7317599844178014e7
2.7312669598722547e7
2.730764084990038e7
2.730251360450591e7
2.7297287897433016e7
2.7291963791006915e7
2.7286541374317054e7
2.7281020762551952e7
2.727540209633669e7
2.7269685541073654e7
2.726387128628733e7
2.7257959544973463e7
2.7251950552953433e7
2.7245844568234086e7
2.723964187037363e7
2.7233342759853907e7
2.722694755745956e7
2.7220456603664298e7
2.7213870258024644e7
2.72071888985815e7
2.720041292126968e7
2.7193542739335734e7
2.7186578782764208e7
2.717952149771257e7
2.717237134595491e7
2.7165128804334585e7
2.7157794364225935e7
2.7150368531005125e7
2.714285182353022e7
2.7135244773630552e7
2.712754792560546e7
2.711976183573237e7
2.711188707178423e7
2.7103924212556474e7
2.7095873847403225e7
2.708773657578298e7
2.707951300681361e7
2.707120375883668e7
2.706280945899099e7
2.705433074279548e7
2.7045768253741063e7
2.7037122642891712e7
2.702839456849456e7
2.70195846955988e7
2.7010693695683543e7
2.7001722246294405e7
2.6992671030688725e7
2.6983540737489343e7
2.6974332060346857e7
2.6965045697610226e7
2.6955682352005575e7
2.694624273032314e7
2.6936727543112274e7
2.6927137504384257e7
2.6917473331322934e7
2.6907735744003043e7
2.6897925465115994e7
2.6888043219703116e7
2.687808973489619e7
2.686806573966511e7
2.6857971964572657e7
2.684780914153613e7
2.6837578003595762e7
2.682727928468989e7
2.681691371943654e7
2.68064820429216e7
2.6795984990493122e7
2.6785423297561917e7
2.677479769940818e7
2.6764108930993985e7
2.6753357726781707e7
2.6742544820558045e7
2.6731670945263665e7
2.6720736832828306e7
2.6709743214011196e7
2.669869081824674e7
2.6687580373495296e7
2.6676412606098972e7
2.666518824064232e7
2.6653907999817774e7
2.664257260429583e7
2.663118277259976e7
2.6619739220984794e7
2.6608242663321655e7
2.6596693810984384e7
2.658509337274233e7
2.657344205465613e7
2.656174055997777e7
2.6549989589054435e7
2.6538189839236125e7
2.652634200478703e7
2.651444677680044e7
2.6502504843117163e7
2.649051688824739e7
2.6478483593295854e7
2.6466405635890268e7
2.6454283690112922e7
2.6442118426435314e7
2.6429910511655856e7
2.6417660608840473e7
2.6405369377266027e7
2.639303747236655e7
2.6380665545682143e7
2.636825424481057e7
2.635580421336128e7
2.6343316090912063e7
2.633079051296801e7
2.6318228110922907e7
2.630562951202284e7
2.6292995339332107e7
2.6280326211701218e7
2.6267622743737053e7
2.6254885545774993e7
2.6242115223853137e7
2.6229312379688308e7
2.6216477610654075e7
2.6203611509760473e7
2.619071466563556e7
2.61777876625086e7
2.8305043428811498e7
2.8305034834936064e7
2.8305023142193295e7
2.8305007635674775e7
2.8304987517698117e7
2.8304961908221014e7
2.8304929845876962e7
2.83048902895683e7
2.8304842120554347e7
2.8304784144974582e7
2.830471509674957e7
2.8304633640805293e7
2.8304538376569796e7
2.83044278416943e7
2.8304300515954316e7
2.8304154825289734e7
2.8303989145946324e7
2.8303801808684144e7
2.8303591103021864e7
2.830335528148884e7
2.8303092563859843e7
2.8302801141350314e7
2.8302479180752173e7
2.830212482849327e7
2.830173621460541e7
2.8301311456588257e7
2.83008486631583e7
2.830034593787395e7
2.829980138262929e7
2.8299213101010937e7
2.8298579201513186e7
2.8297897800608534e7
2.8297167025671218e7
2.8296385017752863e7
2.8295549934209637e7
2.8294659951181833e7
2.8293713265926752e7
2.829270809900682e7
2.829164269633517e7
2.82905153310816e7
2.8289324305441707e7
2.828806795227303e7
2.8286744636601545e7
2.8285352757002693e7
2.8283890746860843e7
2.828235707551149e7
2.828075024927036e7
2.8279068812354088e7
2.8277311347696446e7
2.827547647766483e7
2.8273562864681244e7
2.8271569211752288e7
2.826949426291224e7
2.8267336803583663e7
2.826509566085958e7
2.8262769703711506e7
2.826035784312696e7
2.825785903218073e7
2.825527226604351e7
2.825259658193145e7
2.824983105900052e7
2.8246974818188675e7
2.824402702200958e7
2.824098687430082e7
2.823785361992976e7
2.823462654445997e7
2.823130497378121e7
2.822788827370551e7
2.8224375849532004e7
2.822076714558312e7
2.8217061644714385e7
2.8213258867800184e7
2.8209358373197563e7
2.8205359756190263e7
2.8201262648414854e7
2.819706671727078e7
2.819277166531627e7
2.8188377229651585e7
2.8183883181291297e7
2.8179289324527107e7
2.8174595496282533e7
2.8169801565460887e7
2.816490743228781e7
2.8159913027649425e7
2.8154818312427413e7
2.814962327683189e7
2.81443279397332e7
2.813893234799341e7
2.8133436575798493e7
2.8127840723991964e7
2.812214491941068e7
2.8116349314223513e7
2.811045408527364e7
2.8104459433424886e7
2.809836558291283e7
2.8092172780701112e7
2.808588129584348e7
2.8079491418851793e7
2.8073003461070836e7
2.8066417754059788e7
2.8059734648981046e7
2.8052954515996523e7
2.804607774367182e7
2.803910473838839e7
2.8032035923763976e7
2.802487174008157e7
2.8017612643726964e7
2.801025910663508e7
2.800281161574529e7
2.799527067246566e7
2.7987636792146407e7
2.7979910503562454e7
2.797209234840538e7
2.7964182880784467e7
2.7956182666737262e7
2.7948092283749353e7
2.7939912320283536e7
2.7931643375318266e7
2.7923286057895586e7
2.7914840986678064e7
2.7906308789515227e7
2.78976901030191e7
2.7888985572148878e7
2.788019584980469e7
2.787132159643041e7
2.7862363479625385e7
2.785332217376501e7
2.7844198359630123e7
2.783499272404504e7
2.7825705959524155e7
2.781633876392715e7
2.780689184012242e7
2.779736589565892e7
2.7787761642446104e7
2.777807979644196e7
2.7768321077348992e7
2.7758486208317988e7
2.774857591565956e7
2.7738590928563282e7
2.7728531978824213e7
2.771839980057689e7
2.7708195130036507e7
2.7697918705247175e7
2.7687571265837237e7
2.767715355278137e7
2.7666666308169488e7
2.76561102749823e7
2.7645486196873248e7
2.763479481795692e7
2.7624036882603742e7
2.7613213135240663e7
2.7602324320158035e7
2.7591371181322236e7
2.758035446219417e7
2.7569274905553386e7
2.7558133253327724e7
2.754693024642842e7
2.7535666624590524e7
2.752434312621847e7
2.7512960488236796e7
2.7501519445945803e7
2.74900207328821e7
2.7478465080683865e7
2.746685321896082e7
2.745518587516877e7
2.744346377448845e7
2.7431687639708895e7
2.7419858191114917e7
2.7407976146378797e7
2.7396042220455997e7
2.7384057125484824e7
2.7372021570689958e7
2.73599362622897e7
2.7347801903406978e7
2.7335619193983857e7
2.7323388830699556e7
2.7311111506891903e7
2.7298787912482064e7
2.728641873390259e7
2.7274004654028494e7
2.726154635211154e7
2.7249044503717404e7
2.723649978066588e7
2.7223912850973815e7
2.7211284378800876e7
2.7198615024397958e7
2.7185905444058366e7
2.7173156290071283e7
2.7160368210677985e7
2.7147541850030348e7
2.7134677848151717e7
2.7121776840900034e7
2.7108839459933296e7
2.7095866332677048e7
2.7082858082294073e7
2.706981532765605e7
2.7056738683317255e7
2.704362875949019e7
2.703048616202299e7
2.70173114923788e7
2.7004105347616795e7
2.9174669606653e7
2.9174660999238633e7
2.917464928635885e7
2.9174633750825953e7
2.917461359217157e7
2.9174587927006457e7
2.9174555790003605e7
2.917451613544125e7
2.917446783924381e7
2.9174409701461412e7
2.9174340449130937e7
2.9174258739464663e7
2.9174163163315523e7
2.917405224887141e7
2.9173924465534106e7
2.9173778227941867e7
2.9173611900098037e7
2.9173423799571157e7
2.917321220173544e7
2.9172975344023347e7
2.9172711430165e7
2.9172418634391926e7
2.917209510558531e7
2.9171738971351184e7
2.9171348342007555e7
2.9170921314470436e7
2.9170455976027615e7
2.916995040799114e7
2.91694026892207e7
2.9168810899512e7
2.916817312284541e7
2.916748745049132e7
2.916675198396994e7
2.9165964837864224e7
2.9165124142485265e7
2.916422804639074e7
2.9163274718757197e7
2.9162262351607904e7
2.916118916189842e7
2.9160053393462323e7
2.9158853318820395e7
2.9157587240856167e7
2.9156253494361773e7
2.9154850447457697e7
2.915337650289044e7
2.9151830099212307e7
2.9150209711847432e7
2.9148513854048364e7
2.9146741077747606e7
2.914488997430833e7
2.9142959175178804e7
2.9140947352454588e7
2.913885321935302e7
2.91366755306041e7
2.9134413082761846e7
2.913206471444038e7
2.9129629306478526e7
2.912710578203697e7
2.9124493106631566e7
2.9121790288106743e7
2.9118996376552224e7
2.911611046416685e7
2.911313168507256e7
2.9110059215081934e7
2.9106892271422256e7
2.910363011241918e7
2.9100272037142806e7
2.909681738501892e7
2.9093265535407964e7
2.908961590715445e7
2.908586795810893e7
2.9082021184625152e7
2.907807512103417e7
2.9074029339098047e7
2.906988344744456e7
2.9065637090985224e7
2.9061289950318202e7
2.9056841741117917e7
2.9052292213512886e7
2.9047641151453327e7
2.9042888372070108e7
2.9038033725026138e7
2.9033077091861755e7
2.902801838533518e7
2.9022857548759177e7
2.9017594555335037e7
2.9012229407484896e7
2.9006762136183247e7
2.900119280028872e7
2.899552148587665e7
2.8989748305573616e7
2.898387339789419e7
2.8977896926581047e7
2.8971819079948686e7
2.896564007023158e7
2.895936013293711e7
2.8952979526203968e7
2.8946498530166265e7
2.893991744632401e7
2.8933236596920084e7
2.8926456324324284e7
2.8919576990424618e7
2.8912598976026177e7
2.8905522680257883e7
2.8898348519987263e7
2.889107692924359e7
2.8883708358649384e7
2.8876243274860643e7
2.886868216001582e7
2.8861025511193696e7
2.8853273839880202e7
2.8845427671444435e7
2.8837487544623744e7
2.882945401101803e7
2.8821327634593368e7
2.8813108991194785e7
2.8804798668068398e7
2.8796397263392862e7
2.8787905385820005e7
2.8779323654024754e7
2.8770652696264356e7
2.876189314994665e7
2.875304566120757e7
2.874411088449771e7
2.8735089482177854e7
2.872598212412357e7
2.8716789487338517e7
2.8707512255576663e7
2.8698151118973196e7
2.8688706773683965e7
2.8679179921533577e7
2.8669571269671768e7
2.8659881530238252e7
2.8650111420035575e7
2.864026166021033e7
2.8630332975942172e7
2.862032609614078e7
2.8610241753150612e7
2.8600080682463285e7
2.8589843622437507e7
2.8579531314026434e7
2.8569144500512257e7
2.855868392724811e7
2.854815034140689e7
2.8537544491737068e7
2.8526867128325377e7
2.8516119002366085e7
2.850530086593693e7
2.8494413471781477e7
2.848345757309776e7
2.8472433923333272e7
2.8461343275985863e7
2.8450186384410776e7
2.8438964001633428e7
2.8427676880168006e7
2.841632577184164e7
2.840491142762409e7
2.8393434597462848e7
2.8381896030123524e7
2.8370296473035347e7
2.8358636672141775e7
2.834691737175605e7
2.833513931442159e7
2.8323303240777116e7
2.831140988942636e7
2.8299459996812414e7
2.828745429709636e7
2.8275393522040363e7
2.8263278400894832e7
2.825110966028988e7
2.823888802413068e7
2.8226614213496774e7
2.82142889465453e7
2.8201912938417893e7
2.818948690115124e7
2.817701154359126e7
2.8164487571310714e7
2.8151915686530273e7
2.8139296588042777e7
2.8126630971140884e7
2.8113919527547732e7
2.8101162945350762e7
2.8088361908938434e7
2.807551709893998e7
2.8062629192167886e7
2.8049698861563176e7
2.80367267761434e7
2.802371360095326e7
2.8010659997017708e7
2.7997566621297624e7
2.7984434126647823e7
2.7971263161777493e7
2.795805437121288e7
2.7944808395262137e7
2.79315258699825e7
2.7918207427149348e7
2.7904853694227505e7
2.7891465294344414e7
2.7878042846265286e7
2.786458696437006e7
2.7851098258632306e7
3.006553960151817e7
3.0065530980715953e7
3.0065519247921377e7
3.0065503683690473e7
3.00654834847963e7
3.0065457764534615e7
3.0065425553654645e7
3.0065385801851917e7
3.006533737976219e7
3.0065279081397023e7
3.0065209626964837e7
3.0065127666023485e7
3.0065031780913863e7
3.0064920490426928e7
3.0064792253659934e7
3.0064645474020973e7
3.0064478503344085e7
3.0064289646080423e7
3.006407716353423e7
3.0063839278115157e7
3.0063574177581646e7
3.0063280019252483e7
3.006295493416663e7
3.0062597031173512e7
3.0062204400938567e7
3.0061775119850487e7
3.006130725381929e7
3.006079886195539e7
3.0060248000121977e7
3.0059652724354398e7
3.005901109414151e7
3.005832117556551e7
3.005758104429738e7
3.0056788788446613e7
3.005594251126444e7
3.005504033370073e7
3.0054080396815315e7
3.00530608640453e7
3.005197992333019e7
3.0050835789097473e7
3.0049626704111263e7
3.0048350941187423e7
3.0047006804778464e7
3.004559263243203e7
3.0044106796126697e7
3.0042547703489352e7
3.0040913798898045e7
3.0039203564474747e7
3.00374155209721e7
3.0035548228558652e7
3.0033600287506577e7
3.003157033878658e7
3.0029457064573776e7
3.0027259188669063e7
3.0024975476839986e7
3.0022604737085026e7
3.002014581982563e7
3.001759761802943e7
3.001495906726869e7
3.001222914571767e7
3.000940687409223e7
3.000649131553547e7
3.000348157545238e7
3.0000376801297076e7
2.999717618231539e7
2.9993878949246094e7
2.999048437398354e7
2.998699176920427e7
2.99834004879607e7
2.9979709923243865e7
2.997591950751819e7
2.997202871223013e7
2.9968037047293283e7
2.9963944060551796e7
2.9959749337224264e7
2.995545249932994e7
2.9951053205099083e7
2.9946551148369223e7
2.994194605796893e7
2.9937237697090633e7
2.993242586265401e7
2.992751038466123e7
2.992249112554555e7
2.991736797951429e7
2.9912140871887438e7
2.9906809758433096e7
2.9901374624700535e7
2.9895835485352155e7
2.989019238349494e7
2.9884445390012458e7
2.987859460289821e7
2.9872640146590896e7
2.9866582171312496e7
2.9860420852409657e7
2.9854156389699057e7
2.9847789006817326e7
2.984131895057593e7
2.983474649032163e7
2.9828071917302806e7
2.9821295544042215e7
2.9814417703716386e7
2.980743874954209e7
2.9800359054170154e7
2.97931790090869e7
2.978589902402345e7
2.977851952637319e7
2.9771040960617393e7
2.9763463787759487e7
2.9755788484767802e7
2.9748015544027206e7
2.9740145472799487e7
2.9732178792692807e7
2.9724116039140165e7
2.9715957760886986e7
2.970770451948789e7
2.9699356888812613e7
2.9690915454561204e7
2.9682380813788395e7
2.9673753574437257e7
2.966503435488205e7
2.9656223783480234e7
2.9647322498133667e7
2.9638331145858932e7
2.9629250382366717e7
2.9620080871650167e7
2.9610823285582297e7
2.9601478303522136e7
2.9592046611929838e7
2.9582528903990366e7
2.95729258792459e7
2.9563238243236776e7
2.9553466707150873e7
2.9543611987481352e7
2.953367480569265e7
2.9523655887894657e7
2.9513555964524884e7
2.9503375770038545e7
2.9493116042606585e7
2.9482777523821287e7
2.9472360958409507e7
2.946186709395346e7
2.945129668061876e7
2.9440650470889766e7
2.9429929219312046e7
2.9419133682241824e7
2.9408264617602386e7
2.9397322784647096e7
2.938630894372927e7
2.937522385607836e7
2.9364068283582754e7
2.9352842988578677e7
2.9341548733645387e7
2.9330186281406377e7
2.9318756394336507e7
2.9307259834575e7
2.9295697363744058e7
2.928406974277316e7
2.9272377731728695e7
2.9260622089649204e7
2.9248803574385554e7
2.9236922942446534e7
2.9224980948849265e7
2.9212978346974712e7
2.9200915888427883e7
2.918879432290275e7
2.917661439805187e7
2.9164376859360404e7
2.9152082450024605e7
2.913973191083455e7
2.9127325980061155e7
2.9114865393347178e7
2.91023508836024e7
2.9089783180902567e7
2.9077163012392223e7
2.9064491102191288e7
2.9051768171305273e7
2.903899493753904e7
2.9026172115414027e7
2.9013300416088883e7
2.9000380547283392e7
2.898741321320562e7
2.8974399114482176e7
2.896133894809158e7
2.8948233407300603e7
2.8935083181603447e7
2.892188895666389e7
2.8908651414260045e7
2.8895371232231908e7
2.8882049084431477e7
2.8868685640675467e7
2.8855281566700395e7
2.884183752412024e7
2.8828354170386307e7
2.8814832158749476e7
2.8801272138224583e7
2.878767475355709e7
2.8774040645191725e7
2.8760370449243255e7
2.8746664797469202e7
2.873292431724455e7
2.871914963153821e7
3.097804027112291e7
3.097803163708149e7
3.097801988459079e7
3.0978004291973274e7
3.0977984053270437e7
3.097795827849465e7
3.097792599450755e7
3.0977886146463037e7
3.097783759975382e7
3.0977779142403215e7
3.097770948784584e7
3.0977627278044e7
3.0977531086889118e7
3.097741942384117e7
3.0977290737761736e7
3.0977143420899928e7
3.097697581299337e7
3.0976786205449864e7
3.097657284557812e7
3.0976333940839216e7
3.0976067663093105e7
3.0975772152817406e7
3.0975445523277946e7
3.0975085864633523e7
3.097469124795896e7
3.0974259729173124e7
3.0973789352860384e7
3.097327815597569e7
3.0972724171425242e7
3.0972125431516282e7
3.097147997127063e7
3.097078583159831e7
3.0970041062328182e7
3.0969243725094013e7
3.0968391896075044e7
3.0967483668590967e7
3.0966517155551955e7
3.0965490491764992e7
3.0964401836098477e7
3.0963249373507172e7
3.096203131692034e7
3.0960745908996105e7
3.0959391423745386e7
3.09579661680289e7
3.0956468482931174e7
3.0954896745015413e7
3.095324936746326e7
3.0951524801103644e7
3.0949721535335008e7
3.0947838098944895e7
3.094587306083142e7
3.094382503063074e7
3.0941692659254663e7
3.0939474639342718e7
3.0937169705632564e7
3.0934776635253064e7
3.0932294247943588e7
3.0929721406203896e7
3.092705701537787e7
3.09243000236751e7
3.092144942213378e7
3.0918504244528394e7
3.091546356722547e7
3.0912326508990712e7
3.090909223075059e7
3.0905759935311437e7
3.0902328867038883e7
3.0898798311500482e7
3.089516759507408e7
3.089143608452466e7
3.0887603186551906e7
3.088366834731106e7
3.0879631051909022e7
3.0875490823878154e7
3.087124722462952e7
3.0866899852887724e7
3.0862448344109036e7
3.0857892369884696e7
3.0853231637330905e7
3.0848465888467208e7
3.0843594899584677e7
3.0838618480605416e7
3.0833536474434547e7
3.0828348756306086e7
3.08230552331239e7
3.081765584279875e7
3.081215055358258e7
3.0806539363400973e7
3.080082229918483e7
3.0794999416201912e7
3.0789070797389347e7
3.078303655268766e7
3.0776896818376996e7
3.0770651756416593e7
3.0764301553787485e7
3.075784642183965e7
3.075128659564365e7
3.0744622333347593e7
3.0737853915539633e7
3.0730981644616567e7
3.072400584415887e7
3.071692685831251e7
3.0709745051177878e7
3.07024608062061e7
3.0695074525603056e7
3.0687586629741266e7
3.067999755657988e7
3.0672307761093035e7
3.066451771470662e7
3.065662790474366e7
3.0648638833878506e7
3.064055101959981e7
3.063236499368249e7
3.062408130166864e7
3.061570050235766e7
3.0607223167305324e7
3.059864988033213e7
3.0589981237040795e7
3.0581217844342846e7
3.0572360319994524e7
3.05634092921417e7
3.0554365398874e7
3.0545229287788033e7
3.0536001615559615e7
3.0526683047525063e7
3.0517274257271346e7
3.0507775926235266e7
3.0498188743311275e7
3.0488513404468175e7
3.047875061237437e7
3.0468901076031774e7
3.045896551041812e7
3.0448944636137728e7
3.043883917908052e7
3.0428649870089225e7
3.0418377444634683e7
3.040802264249914e7
3.039758620746737e7
3.0387068887025632e7
3.0376471432068184e7
3.0365794596611418e7
3.0355039137515377e7
3.0344205814212546e7
3.0333295388443913e7
3.0322308624002032e7
3.0311246286481053e7
3.0300109143033613e7
3.0288897962134432e7
3.0277613513350464e7
3.0266256567117646e7
3.0254827894523844e7
3.0243328267098173e7
3.0231758456606433e7
3.0220119234852463e7
3.020841137348553e7
3.0196635643813353e7
3.0184792816620916e7
3.0172883661994737e7
3.0160908949152686e7
3.0148869446278993e7
3.0136765920364615e7
3.0124599137052596e7
3.011236986048851e7
3.0100078853175778e7
3.0087726875835724e7
3.0075314687272403e7
3.006284304424194e7
3.0050312701326378e7
3.003772441081192e7
3.0025078922571413e7
3.001237698395106e7
2.9999619339661207e7
2.99868067316711e7
2.99739398991076e7
2.996101957815762e7
2.9948046501974378e7
2.9935021400587216e7
2.9921945000815015e7
2.9908818026183024e7
2.989564119684305e7
2.9882415229497034e7
2.9869140837323725e7
2.9855818729908556e7
2.9842449613176562e7
2.982903418932826e7
2.9815573156778425e7
2.980206721009772e7
2.978851703995707e7
2.9774923333074693e7
2.976128677216579e7
2.9747608035894763e7
2.973388779882987e7
2.972012673140035e7
2.9706325499855913e7
2.9692484766228415e7
2.9678605188295837e7
2.9664687419548444e7
2.9650732109156966e7
2.96367399019429e7
2.9622711438350778e7
2.960864735442233e7
3.191256314141249e7
3.191255449427808e7
3.1912542722306434e7
3.191252710160879e7
3.1912506823521797e7
3.1912480994805526e7
3.191244863846989e7
3.1912408695167627e7
3.191236002509363e7
3.1912301410332732e7
3.1912231557599977e7
3.1912149101320386e7
3.1912052606998093e7
3.1911940574827604e7
3.1911811443503305e7
3.191166359418615e7
3.1911495354590077e7
3.19113050031534e7
3.1911090773263752e7
3.19108508575079e7
3.1910583411920834e7
3.1910286560210828e7
3.1909958397940256e7
3.190959699664385e7
3.190920040786875e7
3.1908766667122424e7
3.1908293797716923e7
3.190777981449923e7
3.190722272745966e7
3.1906620545211326e7
3.19059712783354e7
3.1905272942587785e7
3.190452356196464e7
3.1903721171624176e7
3.1902863820664138e7
3.190194957475443e7
3.190097651862549e7
3.1899942758413427e7
3.1898846423863597e7
3.189768567039483e7
3.189645868102677e7
3.1895163668173373e7
3.1893798875305604e7
3.1892362578487065e7
3.189085308778597e7
3.1889268748567544e7
3.1887607942670636e7
3.1885869089472905e7
3.1884050646848176e7
3.188215111202094e7
3.188016902232135e7
3.1878102955845542e7
3.187595153202516e7
3.1873713412110172e7
3.1871387299569264e7
3.1868971940411635e7
3.1866466123434164e7
3.1863868680397872e7
3.1861178486137435e7
3.185839445860723e7
3.185551555886785e7
3.1852540791016057e7
3.184946920206204e7
3.1846299881756797e7
3.1843031962372974e7
3.1839664618442234e7
3.1836197066451922e7
3.1832628564503793e7
3.182895841193776e7
3.1825185948922954e7
3.182131055601856e7
3.181733165370714e7
3.181324870190227e7
3.180906119943285e7
3.1804768683506265e7
3.18003707291521e7
3.1795866948648404e7
3.1791256990932364e7
3.178654054099693e7
3.178171731927505e7
3.1776787081013046e7
3.177174961563455e7
3.1766604746096388e7
3.1761352328237653e7
3.1755992250123177e7
3.1750524431382664e7
3.1744948822546355e7
3.173926540437849e7
3.1733474187209222e7
3.17275752102662e7
3.1721568541006416e7
3.1715454274449203e7
3.1709232532511126e7
3.1702903463343382e7
3.1696467240672447e7
3.1689924063144483e7
3.1683274153674055e7
3.16765177587978e7
3.1669655148033246e7
3.166268661324358e7
3.1655612468008436e7
3.1648433047001272e7
3.164114870537356e7
3.1633759818146236e7
3.162626677960852e7
3.161867000272443e7
3.1610969918547302e7
3.16031669756423e7
3.159526163951745e7
3.158725439206289e7
3.157914573099895e7
3.1570936169332735e7
3.1562626234823838e7
3.155421646945859e7
3.1545707428933628e7
3.1537099682148308e7
3.15283938107062e7
3.1519590408425827e7
3.1510690080860313e7
3.150169344482635e7
3.1492601127942115e7
3.1483413768174447e7
3.1474132013394885e7
3.146475652094496e7
3.1455287957210317e7
3.144572699720388e7
3.143607432415776e7
3.1426330629124187e7
3.141649661058498e7
3.1406572974069856e7
3.139656043178317e7
3.138645970223929e7
3.1376271509906348e7
3.1365996584858295e7
3.1355635662435137e7
3.134518948291146e7
3.1334658791172765e7
3.132404433639986e7
3.1313346871761054e7
3.130256715411198e7
3.1291705943703078e7
3.128076400389453e7
3.126974210087856e7
3.1258641003408942e7
3.1247461482537795e7
3.123620431135916e7
3.12248702647597e7
3.121346011917604e7
3.1201974652358856e7
3.1190414643143468e7
3.1178780871226907e7
3.1167074116951294e7
3.115529516109333e7
3.11434447846601e7
3.113152376869051e7
3.1119532894062966e7
3.110747294130843e7
3.1095344690429404e7
3.1083148920724265e7
3.1070886410616986e7
3.105855793749234e7
3.1046164277536042e7
3.1033706205580197e7
3.102118449495354e7
3.1008599917336714e7
3.0995953242622167e7
3.098324523877875e7
3.097047667172096e7
3.09576483051825e7
3.094476090059433e7
3.0931815216966897e7
3.0918812010776546e7
3.090575203585603e7
3.089263604328899e7
3.0879464781308305e7
3.086623899519819e7
3.085295942720019e7
3.0839626816422477e7
3.0826241898753054e7
3.081280540677605e7
3.079931806969163e7
3.0785780613239083e7
3.0772193759623148e7
3.075855822744342e7
3.0744874731626824e7
3.0731143983363107e7
3.0717366690043144e7
3.0703543555200137e7
3.0689675278453477e7
3.0675762555455387e7
3.066180607784014e7
3.0647806533175755e7
3.0633764604918282e7
3.061968097236839e7
3.0605556310630355e7
3.0591391290573377e7
3.0577186578795027e7
3.0562942837586887e7
3.054866072490235e7
3.0534340894326407e7
3.051998399504744e7
3.2869504434558652e7
3.2869495774475127e7
3.286948398323428e7
3.2869468334758237e7
3.286944801770504e7
3.286942213561327e7
3.2869389707676478e7
3.2869349670086242e7
3.2869300877884418e7
3.286924210726659e7
3.2869172058281906e7
3.286908935787598e7
3.286899256322728e7
3.2868880165330008e7
3.2868750592779353e7
3.2868602215718716e7
3.2868433349910766e7
3.2868242260898083e7
3.2868027168221608e7
3.286778624966821e7
3.28675176455215e7
3.2867219462792728e7
3.286688977941083e7
3.2866526648353808e7
3.286612810170476e7
3.2865692154619195e7
3.286521680919129e7
3.286470005820891e7
3.2864139888789058e7
3.286353428588642e7
3.2862881235669643e7
3.2862178728760764e7
3.286142476333479e7
3.2860617348076917e7
3.2859754504996426e7
3.2858834272096567e7
3.285785470590088e7
3.2856813883836754e7
3.2855709906477757e7
3.2854540899646923e7
3.2853305016382918e7
3.28520004387726e7
3.2850625379652366e7
3.284917808418215e7
3.2847656831295446e7
3.28460599350291e7
3.2844385745736897e7
3.284263265119076e7
3.2840799077573866e7
3.283888349036951e7
3.283688439515018e7
3.283480033827073e7
3.2832629907469846e7
3.2830371732384022e7
3.2828024484977916e7
3.282558687989526e7
3.2823057674733937e7
3.2820435670249566e7
3.281771971049072e7
3.2814908682869986e7
3.2812001518174198e7
3.2808997190517142e7
3.28058947172385e7
3.280269315875181e7
3.2799391618345022e7
3.2795989241936304e7
3.27924852177883e7
3.2788878776183523e7
3.278516918906357e7
3.278135576963479e7
3.2777437871942945e7
3.277341489041914e7
3.276928625939941e7
3.2765051452620015e7
3.2760709982690677e7
3.275626140054763e7
3.2751705294888414e7
3.274704129159019e7
3.2742269053113356e7
3.2737388277891997e7
3.2732398699712746e7
3.2727300087083574e7
3.2722092242593795e7
3.2716775002266645e7
3.2711348234905742e7
3.2705811841436412e7
3.270016575424321e7
3.2694409936504483e7
3.2688544381525055e7
3.2682569112067886e7
3.2676484179685727e7
3.2670289664053276e7
3.2663985672300905e7
3.2657572338350434e7
3.265104982225382e7
3.264441830953511e7
3.2637678010536477e7
3.2630829159768753e7
3.2623872015266918e7
3.2616806857951105e7
3.2609633990993403e7
3.260235373919098e7
3.2594966448345833e7
3.258747248465132e7
3.257987223408613e7
3.2572166101815596e7
3.2564354511600744e7
3.2556437905215368e7
3.254841674187121e7
3.254029149765136e7
3.2532062664952345e7
3.2523730751934476e7
3.2515296281981252e7
3.2506759793167315e7
3.2498121837735407e7
3.2489382981582206e7
3.24805438037532e7
3.2471604895946614e7
3.246256686202629e7
3.2453430317543738e7
3.2444195889269218e7
3.243486421473183e7
3.2425435941768706e7
3.2415911728083238e7
3.2406292240812123e7
3.239657815610151e7
3.2386770158691935e7
3.2376868941512093e7
3.236687520528132e7
3.2356789658120833e7
3.2346613015173517e7
3.2336345998232238e7
3.2325989335376643e7
3.2315543760618247e7
3.230501001355381e7
3.22943888390269e7
3.2283680986797452e7
3.2272887211219363e7
3.2262008270925887e7
3.2251044928522825e7
3.2239997950289283e7
3.2228868105886072e7
3.2217656168071426e7
3.2206362912424125e7
3.21949891170737e7
3.218353556243781e7
3.2172003030966572e7
3.2160392306893714e7
3.214870417599448e7
3.2136939425350145e7
3.2125098843119062e7
3.2113183218314067e7
3.2101193340586208e7
3.2089130000014544e7
3.20769939869021e7
3.2064786091577653e7
3.2052507104203448e7
3.2040157814588457e7
3.202773901200746e7
3.2015251485025357e7
3.200269602132707e7
3.1990073407552596e7
3.197738442913718e7
3.196462987015672e7
3.1951810513177894e7
3.193892713911332e7
3.192598052708129e7
3.191297145427025e7
3.1899900695807833e7
3.1886769024634205e7
3.1873577211379893e7
3.1860326024247736e7
3.184701622889906e7
3.1833648588343933e7
3.182022386283525e7
3.18067428097668e7
3.1793206183575124e7
3.1779614735644985e7
3.1765969214218497e7
3.1752270364307754e7
3.173851892761094e7
3.1724715642431714e7
3.1710861243601948e7
3.1696956462407634e7
3.1683002026517812e7
3.1668998659916755e7
3.1654947082838878e7
3.164084801170668e7
3.1626702159071445e7
3.1612510233556796e7
3.1598272939804696e7
3.1583990978424318e7
3.156966504594326e7
3.1555295834761348e7
3.1540884033106793e7
3.1526430324994683e7
3.151193539018787e7
3.1497399904159866e7
3.148282453806016e7
3.1468209958681375e7
3.145355682842876e7
3.3849265096956424e7
3.384925642406534e7
3.3849244613763705e7
3.384922893780627e7
3.384920858219845e7
3.384918264728769e7
3.384915014848609e7
3.384911001756372e7
3.384906110445351e7
3.384900217951069e7
3.384893193617165e7
3.384884899395995e7
3.38487519017896e7
3.384863914151911e7
3.384850913171226e7
3.3848360231565036e7
3.3848190744961075e7
3.384799892462081e7
3.384778297631279e7
3.3847541063098416e7
3.384727130958378e7
3.384697180615563e7
3.384664061318006e7
3.3846275765146144e7
3.384587527473745e7
3.384543713681781e7
3.384495933231915e7
3.384443983202031e7
3.384387660020901e7
3.38432675982188e7
3.38426107878358e7
3.384190413457035e7
3.3841145610790014e7
3.384033319871187e7
3.3839464893252246e7
3.383853870473352e7
3.383755266144796e7
3.383650481207938e7
3.3835393227984e7
3.3834216005332254e7
3.3832971267113954e7
3.3831657165009394e7
3.383027188112934e7
3.382881362962727e7
3.382728065818731e7
3.38256712493914e7
3.3823983721969806e7
3.3822216431938484e7
3.382036777362768e7
3.381843618060567e7
3.3816420126501635e7
3.38143181257319e7
3.381212873413366e7
3.380985054951009e7
3.3807482212090954e7
3.3805022404912725e7
3.3802469854122035e7
3.379982332920625e7
3.379708164315507e7
3.37942436525566e7
3.3791308257631674e7
3.378827440220961e7
3.378514107364909e7
3.378190730270718e7
3.377857216335965e7
3.377513477257584e7
3.37715942900507e7
3.376794991789712e7
3.37642009003011e7
3.376034652314235e7
3.3756386113583036e7
3.375231903962676e7
3.374814470965041e7
3.3743862571910776e7
3.373947211402825e7
3.373497286244955e7
3.3730364381891355e7
3.372564627476667e7
3.372081818059572e7
3.371587977540295e7
3.371083077110178e7
3.370567091486846e7
3.370039998850663e7
3.369501780780368e7
3.368952422188045e7
3.368391911253518e7
3.367820239358308e7
3.367237401019234e7
3.366643393821787e7
3.366038218353335e7
3.365421878136285e7
3.364794379561254e7
3.3641557318203464e7
3.363505946840599e7
3.362845039217665e7
3.3621730261498064e7
3.361489927372239e7
3.360795765091899e7
3.3600905639226854e7
3.359374350821191e7
3.3586471550230324e7
3.357909007979723e7
3.357159943296238e7
3.356399996669209e7
3.3556292058258295e7
3.354847610463488e7
3.3540552521901596e7
3.3532521744655624e7
3.3524384225431155e7
3.351614043412719e7
3.3507790857443474e7
3.3499335998325042e7
3.3490776375415333e7
3.3482112522517875e7
3.3473344988066815e7
3.3464474334606327e7
3.3455501138278916e7
3.344642598832256e7
3.3437249486577027e7
3.3427972246999018e7
3.3418594895186476e7
3.340911806791176e7
3.3399542412663963e7
3.3389868587200087e7
3.3380097259105213e7
3.337022910536163e7
3.3360264811926723e7
3.335020507331977e7
3.3340050592217464e7
3.3329802079058036e7
3.3319460251654163e7
3.3309025834814258e7
3.329849955997228e7
3.3287882164825954e7
3.3277174392983235e7
3.3266376993616965e7
3.325549072112762e7
3.324451633481417e7
3.3233454598552577e7
3.322230628048243e7
3.321107215270099e7
3.3199752990965e7
3.31883495743998e7
3.3176862685216013e7
3.316529310843329e7
3.3153641631611347e7
3.3141909044587918e7
3.313009613922371e7
3.3118203709154103e7
3.310623254954756e7
3.3094183456870623e7
3.3082057228659354e7
3.3069854663297087e7
3.3057576559798494e7
3.3045223717599705e7
3.303279693635445e7
3.3020297015736073e7
3.300772475524541e7
3.2995080954024214e7
3.2982366410674233e7
3.2969581923081703e7
3.295672828824717e7
3.2943806302120633e7
3.293081675944165e7
3.291776045358461e7
3.290463817640891e7
3.2891450718113877e7
3.2878198867098413e7
3.2864883409825344e7
3.2851505130690224e7
3.283806481189443e7
3.282456323332288e7
3.2811001172425643e7
3.279737940410386e7
3.2783698700599752e7
3.2769959831390336e7
3.2756163563085295e7
3.2742310659328382e7
3.2728401880702566e7
3.2714437984638907e7
3.2700419725328714e7
3.268634785363928e7
3.267222311703293e7
3.265804625948932e7
3.264381802143091e7
3.2629539139651604e7
3.261521034724831e7
3.2600832373555586e7
3.2586405944083076e7
3.257193178045581e7
3.2557410600357182e7
3.2542843117474716e7
3.2528230041448295e7
3.2513572077821e7
3.2498869927992452e7
3.248412428917449e7
3.2469335854349233e7
3.2454505312229402e7
3.243963334722094e7
3.2424720639387622e7
3.240976786441799e7
3.485225082722141e7
3.485224214166206e7
3.485223031250479e7
3.485221460935838e7
3.485219421560122e7
3.485216822841964e7
3.485213565947879e7
3.485209543616633e7
3.485204640335007e7
3.485198732559312e7
3.485191688977183e7
3.485183370804453e7
3.485173632112154e7
3.485162320178991e7
3.485149275864924e7
3.485134334001808e7
3.485117323797293e7
3.485098069248545e7
3.485076389562613e7
3.4850520995805286e7
3.485025010202553e7
3.484994928812187e7
3.484961659696864e7
3.484925004463432e7
3.484884762446815e7
3.484840731110361e7
3.48479270643669e7
3.484740483307925e7
3.484683855874444e7
3.484622617911379e7
3.484556563162272e7
3.484485485669381e7
3.484409180090315e7
3.484327442000676e7
3.484240068182601e7
3.484146856899075e7
3.4840476081540406e7
3.483942123938324e7
3.4838302084615506e7
3.4837116683701634e7
3.483586312951785e7
3.48345395432619e7
3.483314407623139e7
3.483167491147419e7
3.483013026531411e7
3.482850838875554e7
3.482680756877065e7
3.482502612947304e7
3.482316243318196e7
3.4821214881380714e7
3.4819181915573604e7
3.481706201804543e7
3.481485371252737e7
3.481255556477354e7
3.481016618305205e7
3.48076842185545e7
3.480510836572792e7
3.480243736253278e7
3.479966999063102e7
3.479680507550756e7
3.4793841486528784e7
3.479077813694188e7
3.478761398381785e7
3.4784348027941756e7
3.478097931365344e7
3.4777506928641416e7
3.477393000369329e7
3.477024771240527e7
3.4766459270853564e7
3.476256393723043e7
3.47585610114471e7
3.475444983470642e7
3.475022978904709e7
3.47459002968621e7
3.474146082039321e7
3.473691086120364e7
3.47322499596309e7
3.472747769422159e7
3.4722593681149885e7
3.471759757362147e7
3.471248906126438e7
3.470726786950843e7
3.470193375895449e7
3.469648652473503e7
3.4690925995867446e7
3.468525203460075e7
3.467946453575762e7
3.4673563426072195e7
3.466754866352498e7
3.4661420236675754e7
3.4655178163995355e7
3.464882249319721e7
3.4642353300569415e7
3.46357706903081e7
3.462907479385277e7
3.462226576922426e7
3.4615343800366e7
3.460830909648902e7
3.460116189142141e7
3.459390244296235e7
3.458653103224173e7
3.457904796308527e7
3.4571453561385795e7
3.456374817448083e7
3.4555932170537114e7
3.454800593794209e7
3.4539969884702615e7
3.4531824437851414e7
3.452357004286121e7
3.451520716306678e7
3.4506736279095314e7
3.4498157888304934e7
3.4489472504231766e7
3.448068065604548e7
3.4471782888013564e7
3.4462779758974284e7
3.445367184181857e7
3.444445972298056e7
3.443514400193724e7
3.442572529071702e7
3.441620421341711e7
3.440658140573004e7
3.439685751447899e7
3.438703319716217e7
3.4377109121506035e7
3.4367085965027444e7
3.435696441460471e7
3.434674516605728e7
3.433642892373437e7
3.432601640011213e7
3.431550831539958e7
3.430490539715293e7
3.42942083798985e7
3.428341800476399e7
3.4272535019118086e7
3.426156017621821e7
3.425049423486659e7
3.423933795907408e7
3.4228092117732204e7
3.421675748429285e7
3.4205334836455785e7
3.419382495586376e7
3.418222862780522e7
3.417054664092433e7
3.4158779786938295e7
3.41469288603621e7
3.413499465824004e7
3.412297797988443e7
3.4110879626621105e7
3.409870040154169e7
3.40864411092625e7
3.407410255568995e7
3.406168554779253e7
3.404919089337876e7
3.4036619400881626e7
3.402397187914906e7
3.401124913724022e7
3.3998451984227784e7
3.398558122900589e7
3.3972637680103794e7
3.395962214550499e7
3.3946535432471775e7
3.393337834737511e7
3.39201516955297e7
3.390685628103414e7
3.389349290661612e7
3.388006237348245e7
3.386656548117396e7
3.385300302742493e7
3.383937580802731e7
3.382568461669932e7
3.381193024495843e7
3.379811348199867e7
3.378423511457217e7
3.3770295926874734e7
3.375629670043558e7
3.374223821401077e7
3.372812124348075e7
3.371394656175141e7
3.3699714938659005e7
3.368542714087845e7
3.3671083931835346e7
3.365668607162122e7
3.364223431691218e7
3.362772942089089e7
3.361317213317156e7
3.3598563199728176e7
3.3583903362825714e7
3.356919336095433e7
3.35544339287663e7
3.3539625797015935e7
3.352476969250213e7
3.3509866338013656e7
3.3494916452276897e7
3.3479920749906365e7
3.346487994135744e7
3.3449794732881665e7
3.343466582648433e7
3.3419493919884358e7
3.340427970647641e7
3.3389023875295088e7
3.587887210418666e7
3.5878863406096146e7
3.587885155828514e7
3.587883582823766e7
3.587881539673033e7
3.587878935781794e7
3.587875671945279e7
3.5878716404678814e7
3.5878667253341965e7
3.587860802426103e7
3.587853739780453e7
3.587845397882193e7
3.5878356299880095e7
3.58782428247584e7
3.587811195215925e7
3.587796201959322e7
3.5877791307401344e7
3.587759804287979e7
3.587738040447506e7
3.587713652602093e7
3.587686450099059e7
3.587656238674046e7
3.587622820872442e7
3.587585996465941e7
3.587545562862616e7
3.587501315508989e7
3.587453048282872e7
3.587400553875879e7
3.5873436241646744e7
3.587282050570211e7
3.587215624404295e7
3.5871441372030154e7
3.587067381046613e7
3.5869851488655224e7
3.58689723473242e7
3.5868034341401294e7
3.586703544265412e7
3.5865973642186366e7
3.586484695279469e7
3.5863653411187105e7
3.58623910800649e7
3.586105805007063e7
3.58596524416047e7
3.585817240651378e7
3.585661612965419e7
3.5854981830333784e7
3.585326776363595e7
3.585147222162955e7
3.584959353446855e7
3.58476300713854e7
3.5845580241582096e7
3.584344249502285e7
3.5841215323132455e7
3.5838897259404354e7
3.5836486879922256e7
3.583398280379935e7
3.583138369353881e7
3.582868825531958e7
3.582589523921095e7
3.582300343931974e7
3.582001169387352e7
3.581691888524341e7
3.5813723939909704e7
3.581042582837377e7
3.580702356501914e7
3.58035162079251e7
3.579990285863567e7
3.57961826618865e7
3.5792354805293076e7
3.578841851900228e7
3.5784373075310156e7
3.5780217788248226e7
3.577595201314072e7
3.577157514613502e7
3.576708662370727e7
3.576248592214549e7
3.575777255701189e7
3.575294608258632e7
3.574800609129287e7
3.5742952213110946e7
3.5737784114972584e7
3.5732501500147745e7
3.572710410761869e7
3.572159171144499e7
3.571596412012064e7
3.571022117592412e7
3.5704362754262954e7
3.569838876301367e7
3.5692299141858175e7
3.568609386161781e7
3.5679772923585534e7
3.567333635885756e7
3.566678422766507e7
3.566011661870659e7
3.565333364848227e7
3.5646435460630044e7
3.563942222526487e7
3.5632294138321415e7
3.562505142090062e7
3.561769431862086e7
3.561022310097408e7
3.560263806068724e7
3.559493951308964e7
3.558712779548644e7
3.557920326653857e7
3.557116630564959e7
3.556301731235961e7
3.5554756705746494e7
3.554638492383481e7
3.5537902423012376e7
3.552930967745504e7
3.552060717855934e7
3.551179543438381e7
3.550287496909825e7
3.549384632244205e7
3.548471004919077e7
3.547546671863158e7
3.546611691404751e7
3.545666123221045e7
3.544710028288309e7
3.543743468832967e7
3.542766508283568e7
3.541779211223656e7
3.540781643345505e7
3.539773871404777e7
3.538755963176035e7
3.537727987409158e7
3.536690013786625e7
3.535642112881682e7
3.534584356117366e7
3.533516815726403e7
3.5324395647119515e7
3.531352676809207e7
3.530256226447836e7
3.5291502887152515e7
3.5280349393207006e7
3.526910254560195e7
3.525776311282214e7
3.524633186854234e7
3.523480959130029e7
3.52231970641775e7
3.5211495074487835e7
3.5199704413473636e7
3.51878258760091e7
3.517586026031143e7
3.5163808367658824e7
3.5151671002115875e7
3.5139448970265955e7
3.5127143080950424e7
3.511475414501481e7
3.510228297506159e7
3.50897303852095e7
3.50770971908596e7
3.506438420846734e7
3.5051592255321145e7
3.5038722149327114e7
3.502577470879964e7
3.501275075225803e7
3.499965109822904e7
3.498647656505486e7
3.497322797070702e7
3.495990613260547e7
3.494651186744332e7
3.493304599101667e7
3.491950931805972e7
3.490590266208482e7
3.489222683522771e7
3.487848264809741e7
3.486467090963092e7
3.485079242695271e7
3.4836848005238645e7
3.482283844758437e7
3.480876455487817e7
3.479462712567806e7
3.478042695609304e7
3.4766164839668415e7
3.475184156727524e7
3.47374579270035e7
3.4723014704059325e7
3.470851268066571e7
3.469395263596706e7
3.467933534593729e7
3.4664661583291285e7
3.464993211739987e7
3.463514771420814e7
3.4620309136156894e7
3.4605417142107345e7
3.459047248726891e7
3.457547592313001e7
3.456042819739174e7
3.4545330053904556e7
3.45301822326076e7
3.4514985469470955e7
3.449974049644027e7
3.4484448041384324e7
3.4469108828044884e7
3.4453723575989045e7
3.443829300056416e7
3.44228178128548e7
3.440729871964233e7
3.439173642336652e7
3.692954421489979e7
3.6929535504413016e7
3.6929523638147034e7
3.692950788148198e7
3.6929487412617646e7
3.692946132250641e7
3.692942861542151e7
3.6929388210101336e7
3.6929338941412784e7
3.6929279562477656e7
3.6929208747208305e7
3.692912509320129e7
3.6929027124939725e7
3.692891329725871e7
3.6928781999029905e7
3.6928631557025164e7
3.692846023992145e7
3.6928266262412384e7
3.69280477893946e7
3.692780294019975e7
3.692752979284586e7
3.692722638828407e7
3.692689073461955e7
3.692652081128719e7
3.692611457316572e7
3.692566995461502e7
3.692518487342377e7
3.692465723465663e7
3.6924084934391275e7
3.6923465863337226e7
3.692279791033042e7
3.692207896569773e7
3.692130692448776e7
3.692047968956478e7
3.6919595174563505e7
3.691865130670402e7
3.69176460294658e7
3.691657730512168e7
3.691544311713206e7
3.691424147240122e7
3.6912970403397314e7
3.6911627970138386e7
3.691021226204704e7
3.690872139967675e7
3.690715353631271e7
3.6905506859451026e7
3.690377959215945e7
3.690196999432344e7
3.690007636378145e7
3.689809703735322e7
3.68960303917649e7
3.689387484447511e7
3.689162885440597e7
3.688929092258267e7
3.68868595926859e7
3.688433345152093e7
3.688171112940687e7
3.687899130049044e7
3.687617268298739e7
3.6873254039355606e7
3.687023417640316e7
3.6867111945335045e7
3.686388624174165e7
3.686055600553245e7
3.685712022081808e7
3.685357791574365e7
3.684992816227656e7
3.6846170075951554e7
3.684230281557553e7
3.683832558289527e7
3.683423762223021e7
3.683003822007291e7
3.6825726704659544e7
3.6821302445512615e7
3.68167648529582e7
3.681211337761969e7
3.680734750988993e7
3.680246677938386e7
3.679747075437325e7
3.679235904120543e7
3.678713128370744e7
3.678178716257738e7
3.677632639476432e7
3.677074873283802e7
3.676505396435019e7
3.675924191118819e7
3.675331242892244e7
3.674726540614877e7
3.6741100763826676e7
3.6734818454614624e7
3.67284184622031e7
3.672190080064652e7
3.67152655136948e7
3.67085126741252e7
3.670164238307549e7
3.669465476937878e7
3.6687549988901e7
3.6680328223881245e7
3.667298968227604e7
3.6665534597107485e7
3.6657963225816295e7
3.665027584961979e7
3.664247277287547e7
3.6634554322450474e7
3.66265208470973e7
3.661837271683615e7
3.6610110322344065e7
3.6601734074351296e7
3.659324440304499e7
3.658464175748059e7
3.657592660500101e7
3.656709943066372e7
3.655816073667616e7
3.654911104183929e7
3.6539950880999625e7
3.653068080450982e7
3.652130137769781e7
3.651181318034466e7
3.65022168061711e7
3.6492512862333e7
3.648270196892548e7
3.647278475849603e7
3.6462761875566356e7
3.6452633976163134e7
3.644240172735766e7
3.643206580681429e7
3.642162690234765e7
3.6411085711488634e7
3.640044294105917e7
3.638969930675568e7
3.6378855532740995e7
3.63679123512451e7
3.635687050217417e7
3.634573073272803e7
3.63344937970262e7
3.632316045574189e7
3.63117314757444e7
3.6300207629749596e7
3.62885896959782e7
3.6276878457822375e7
3.6265074703519665e7
3.6253179225835085e7
3.624119282175056e7
3.622911629216189e7
3.621695044158332e7
3.620469607785927e7
3.619235401188319e7
3.6179925057323754e7
3.61674100303578e7
3.615480974941028e7
3.6142125034900956e7
3.6129356708997704e7
3.611650559537639e7
3.610357251898724e7
3.609055830582747e7
3.607746378272008e7
3.606428977709896e7
3.605103711679968e7
3.603770662985649e7
3.602429914430487e7
3.601081548798989e7
3.5997256488380015e7
3.598362297238645e7
3.596991576618785e7
3.595613569506019e7
3.594228358321189e7
3.592836025362387e7
3.591436652789464e7
3.590030322609012e7
3.588617116659832e7
3.587197116598865e7
3.585770403887557e7
3.5843370597787e7
3.5828971653036855e7
3.581450801260189e7
3.579998048200276e7
3.578538986418916e7
3.57707369594288e7
3.575602256520051e7
3.5741247476090945e7
3.572641248369518e7
3.571151837652079e7
3.569656593989561e7
3.5681555955878876e7
3.566648920317584e7
3.565136645705566e7
3.56361884892725e7
3.5620956067989804e7
3.560566995770772e7
3.559033091919342e7
3.557493970941443e7
3.555949708147481e7
3.554400378455415e7
3.552846056384925e7
3.5512868160518445e7
3.549722731162861e7
3.548153875010467e7
3.546580320468141e7
3.545002139985796e7
3.543419405585437e7
3.541832188857071e7
3.800468728262008e7
3.800467855986983e7
3.800466667534459e7
3.800465089234112e7
3.800463038650695e7
3.8004604245721035e7
3.80045714706107e7
3.8004530975646615e7
3.800448159075899e7
3.8004422063419424e7
3.800435106113538e7
3.800426717430579e7
3.800416891938949e7
3.800405474234008e7
3.800392302226464e7
3.800377207526511e7
3.800360015842551e7
3.8003405473909706e7
3.8003186173138395e7
3.8002940361015536e7
3.8002666100178316e7
3.800236141524612e7
3.800202429704746e7
3.8001652706805184e7
3.800124458026319e7
3.800079783173964e7
3.800031035809339e7
3.799978004259237e7
3.799920475867459e7
3.799858237359298e7
3.799791075193796e7
3.799718775903196e7
3.799641126419167e7
3.7995579143854775e7
3.7994689284569e7
3.7993739585841976e7
3.7992727962851465e7
3.799165234901578e7
3.79905106984253e7
3.7989300988136314e7
3.798802122032876e7
3.798666942433013e7
3.7985243658508055e7
3.798374201203414e7
3.798216260652256e7
3.798050359754608e7
3.797876317603368e7
3.79769395695527e7
3.7975031043479666e7
3.797303590206358e7
3.7970952489385225e7
3.796877919021678e7
3.796651443078528e7
3.7964156679444164e7
3.796170444725656e7
3.795915628849426e7
3.7956510801056206e7
3.79537666268102e7
3.795092245186151e7
3.7947977006752126e7
3.794492906659386e7
3.794177745113936e7
3.7938521024793595e7
3.793515869656977e7
3.793168941999245e7
3.792811219295118e7
3.792442605750738e7
3.792063009965755e7
3.791672344905553e7
3.7912705278696336e7
3.790857480456442e7
3.790433128524859e7
3.789997402152607e7
3.789550235591795e7
3.789091567221829e7
3.7886213394998714e7
3.7881394989090994e7
3.7876459959048904e7
3.787140784859171e7
3.786623824003064e7
3.786095075368038e7
3.78555450472567e7
3.785002081526217e7
3.7844377788361065e7
3.7838615732745e7
3.7832734449490465e7
3.782673377390952e7
3.782061357489485e7
3.7814373754260086e7
3.7808014246076696e7
3.7801535016008206e7
3.779493606064256e7
3.778821740682389e7
3.77813791109841e7
3.777442125847511e7
3.776734396290269e7
3.776014736546221e7
3.775283163427721e7
3.774539696374127e7
3.773784357386357e7
3.773017170961895e7
3.772238164030263e7
3.771447365889031e7
3.770644808140376e7
3.769830524628245e7
3.7690045513761595e7
3.768166926525673e7
3.767317690275532e7
3.7664568848215476e7
3.7655845542972215e7
3.7647007447151214e7
3.7638055039090514e7
3.762898881477021e7
3.761980928725018e7
3.761051698611631e7
3.760111245693494e7
3.759159626071574e7
3.758196897338354e7
3.7572231185258396e7
3.756238350054455e7
3.75524265368282e7
3.7542360924583875e7
3.753218730668978e7
3.752190633795184e7
3.7511518684636585e7
3.7501025024012834e7
3.749042604390214e7
3.747972244223803e7
3.74689149266338e7
3.745800421395922e7
3.744699102992567e7
3.743587610867987e7
3.742466019240622e7
3.741334403093738e7
3.740192838137347e7
3.739041400770925e7
3.737880168046984e7
3.736709217635431e7
3.735528627788737e7
3.734338477307916e7
3.733138845509263e7
3.731929812191894e7
3.7307114576060325e7
3.729483862422067e7
3.728247107700338e7
3.727001274861685e7
3.725746445658694e7
3.7244827021476746e7
3.723210126661335e7
3.7219288017821535e7
3.720638810316435e7
3.719340235269034e7
3.718033159818739e7
3.71671766729431e7
3.715393841151158e7
3.714061764948642e7
3.712721522327991e7
3.711373196990841e7
3.710016872678346e7
3.708652633150893e7
3.7072805621683806e7
3.705900743471071e7
3.704513260760984e7
3.703118197683839e7
3.701715637811529e7
3.700305664625118e7
3.698888361498341e7
3.697463811681619e7
3.6960320982865565e7
3.6945933042709164e7
3.693147512424072e7
3.691694805352928e7
3.690235265468279e7
3.688768974971615e7
3.687296015842365e7
3.685816469825565e7
3.684330418419928e7
3.682837942866338e7
3.6813391241367266e7
3.67983404292334e7
3.678322779628398e7
3.6768054143540986e7
3.675282026893015e7
3.673752696718824e7
3.67221750297739e7
3.67067652447819e7
3.669129839686054e7
3.667577526713259e7
3.666019663311893e7
3.66445632686657e7
3.662887594387419e7
3.661313542503375e7
3.659734247455755e7
3.6581497850921124e7
3.656560230860363e7
3.654965659803178e7
3.653366146552634e7
3.651761765325118e7
3.650152589916474e7
3.648538693697398e7
3.6469201496090524e7
3.910472629481541e7
3.910471755993242e7
3.9104705657340564e7
3.910468984827357e7
3.9104669305851005e7
3.910464311490684e7
3.9104610272455364e7
3.910456968873689e7
3.910452018878679e7
3.910446051447286e7
3.910438932694837e7
3.910430520946959e7
3.9104206670529805e7
3.9104092147263736e7
3.910396000907944e7
3.910380856147752e7
3.910363605001977e7
3.910344066441297e7
3.9103220542675555e7
3.9102973775358304e7
3.910269840979186e7
3.910239245433763e7
3.910205388261985e7
3.9101680637719676e7
3.9101270636314e7
3.9100821772743694e7
3.910033192299816e7
3.909979894860453e7
3.9099220700411685e7
3.909859502226063e7
3.90979197545346e7
3.9097192737582825e7
3.909641181501374e7
3.909557483685416e7
3.909467966257192e7
3.909372416396049e7
3.909270622788467e7
3.909162375888737e7
3.9090474681658015e7
3.908925694336353e7
3.908796851584369e7
3.908660739767261e7
3.908517161608898e7
3.9083659228797585e7
3.9082068325644955e7
3.908039703017271e7
3.907864350105158e7
3.907680593339973e7
3.907488255998932e7
3.9072871652344465e7
3.9070771521735094e7
3.906858052006982e7
3.906629704069237e7
3.90639195190849e7
3.906144643348238e7
3.9058876305401735e7
3.905620770008951e7
3.905343922689193e7
3.905056953955081e7
3.904759733642914e7
3.904452136066972e7
3.904134040029031e7
3.903805328821878e7
3.903465890227128e7
3.903115616507693e7
3.902754404395175e7
3.902382155072519e7
3.901998774152168e7
3.901604171650067e7
3.901198261955691e7
3.900780963798457e7
3.9003522002106816e7
3.899911898487386e7
3.899459990143152e7
3.8989964108662285e7
3.898521100470152e7
3.8980340028430305e7
3.897535065894729e7
3.8970242415020935e7
3.8965014854524314e7
3.895966757385402e7
3.89542002073346e7
3.89486124266103e7
3.8942903940025456e7
3.8937074491994835e7
3.893112386236532e7
3.892505186577024e7
3.8918858350977235e7
3.891254320023117e7
3.890610632859276e7
3.889954768327416e7
3.889286724297232e7
3.888606501720098e7
3.887914104562224e7
3.887209539737837e7
3.8864928170424595e7
3.885763949086366e7
3.885022951228257e7
3.884269841509248e7
3.883504640587181e7
3.8827273716713555e7
3.881938060457707e7
3.881136735064461e7
3.8803234259683505e7
3.879498165941375e7
3.8786609899881996e7
3.87781193528417e7
3.876951041114017e7
3.8760783488112465e7
3.8751939016982615e7
3.8742977450272225e7
3.873389925921684e7
3.872470493319002e7
3.871539497913555e7
3.870596992100771e7
3.869643029921988e7
3.868677667010141e7
3.867700960536318e7
3.866712969157151e7
3.865713752963074e7
3.8647033734274566e7
3.863681893356603e7
3.862649376840613e7
3.861605889205148e7
3.860551496964035e7
3.859486267772775e7
3.858410270382916e7
3.8573235745972924e7
3.856226251226139e7
3.855118372044071e7
3.854000009747922e7
3.852871237915435e7
3.851732130964822e7
3.850582764115131e7
3.8494232133474894e7
3.84825355536716e7
3.847073867566407e7
3.845884227988208e7
3.844684715290744e7
3.8434754087127015e7
3.842256388039359e7
3.8410277335694574e7
3.839789526082834e7
3.838541846808823e7
3.837284777395401e7
3.8360183998790786e7
3.834742796655525e7
3.833458050450897e7
3.832164244293896e7
3.830861461488516e7
3.8295497855874754e7
3.828229300366338e7
3.826900089798295e7
3.825562238029593e7
3.8242158293556295e7
3.822860948197667e7
3.821497679080172e7
3.820126106608777e7
3.818746315448832e7
3.817358390304558e7
3.815962415898777e7
3.814558476953217e7
3.8131466581693664e7
3.8117270442098916e7
3.810299719680586e7
3.808864769112846e7
3.807422276946673e7
3.805972327514175e7
3.804515005023576e7
3.8030503935437046e7
3.801578576988969e7
3.8000996391047955e7
3.7986136634535275e7
3.79712073340078e7
3.7956209321022235e7
3.794114342490803e7
3.79260104726439e7
3.79108112887383e7
3.789554669511409e7
3.788021751099694e7
3.786482455280792e7
3.784936863405956e7
3.7833850565255776e7
3.7818271153795384e7
3.7802631203879096e7
3.7786931516419984e7
3.777117288895738e7
3.775535611557396e7
3.773948198681614e7
3.77235512896175e7
3.7707564807225496e7
3.7691523319130845e7
3.767542760100012e7
3.765927842461106e7
3.764307655779067e7
3.7626822764356114e7
3.7610517804058075e7
3.759416243252699e7
3.757775740122154e7
3.756130345737975e7
3.7544801343972355e7
4.023009113115942e7
4.0230082384272374e7
4.023007046380359e7
4.023005462894383e7
4.023003405030862e7
4.023000780971504e7
4.022997490059686e7
4.022993422900096e7
4.022988461510927e7
4.02298247952317e7
4.0229753424217544e7
4.0229669078234844e7
4.022957025786975e7
4.022945539150001e7
4.0229322838900074e7
4.022917089503723e7
4.022899779402159e7
4.022880171317514e7
4.022858077718778e7
4.022833306233134e7
4.022805660070443e7
4.022774938448431e7
4.022740937016367e7
4.0227034482752785e7
4.022662261992983e7
4.022617165612352e7
4.02256794465152e7
4.022514383094796e7
4.022456263773332e7
4.0223933687346466e7
4.022325479600317e7
4.022252377911243e7
4.0221738454599954e7
4.022089664609934e7
4.021999618600792e7
4.021903491840542e7
4.021801070183502e7
4.021692141194601e7
4.021576494399858e7
4.02145392152319e7
4.021324216709666e7
4.021187176735393e7
4.021042601204287e7
4.020890292731963e7
4.020730057117022e7
4.0205617035000704e7
4.020385044510777e7
4.020199896403327e7
4.020006079180611e7
4.01980341670754e7
4.019591736813845e7
4.019370871386733e7
4.019140656453809e7
4.018900932256608e7
4.018651543315156e7
4.018392338483907e7
4.018123170999464e7
4.017843898520415e7
4.017554383159695e7
4.017254491509792e7
4.016944094661181e7
4.016623068214291e7
4.0162912922854014e7
4.015948651506724e7
4.015595035021033e7
4.0152303364711516e7
4.014854453984562e7
4.014467290153472e7
4.0140687520105705e7
4.0136587510007806e7
4.013237202949258e7
4.012804028025873e7
4.0123591507064246e7
4.011902499730839e7
4.01143400805853e7
4.010953612821185e7
4.010461255273137e7
4.009956880739547e7
4.009440438562564e7
4.008911882045663e7
4.008371168396301e7
4.007818258667079e7
4.007253117695562e7
4.006675714042873e7
4.006086019931251e7
4.005484011180658e7
4.0048696671445906e7
4.004242970645208e7
4.003603907907878e7
4.0029524684952654e7
4.002288645241048e7
4.001612434183367e7
4.0009238344980955e7
4.0002228484320104e7
3.999509481235952e7
3.998783741098033e7
3.998045639076978e7
3.997295189035671e7
3.9965324075749435e7
3.995757313967675e7
3.99496993009327e7
3.994170280372545e7
3.99335839170309e7
3.992534293395111e7
3.9916980171078496e7
3.990849596786565e7
3.989989068600142e7
3.989116470879341e7
3.988231844055732e7
3.987335230601333e7
3.986426674968955e7
3.985506223533334e7
3.984573924532984e7
3.9836298280128814e7
3.982673985767907e7
3.981706451287137e7
3.980727279698936e7
3.979736527716907e7
3.978734253586662e7
3.9777205170334674e7
3.976695379210741e7
3.975658902649402e7
3.9746111512081034e7
3.973552190024322e7
3.972482085466331e7
3.971400905086019e7
3.970308717572617e7
3.969205592707255e7
3.9680916013184115e7
3.966966815238217e7
3.965831307259614e7
3.964685151094378e7
3.9635284213319816e7
3.9623611933993116e7
3.961183543521218e7
3.959995548681895e7
3.958797286587087e7
3.957588835627115e7
3.956370274840696e7
3.9551416838795945e7
3.95390314297403e7
3.952654732898893e7
3.951396534940721e7
3.950128630865444e7
3.948851102886891e7
3.947564033636028e7
3.946267506130941e7
3.944961603747543e7
3.9436464101909906e7
3.942322009467809e7
3.94098848585872e7
3.93964592389213e7
3.938294408318312e7
3.936934024084246e7
3.935564856309105e7
3.934186990260383e7
3.932800511330658e7
3.931405505014975e7
3.9300020568888366e7
3.928590252586778e7
3.927170177781562e7
3.9257419181639224e7
3.9243055594228804e7
3.922861187226632e7
3.9214088872039646e7
3.919948744926217e7
3.918480845889765e7
3.917005275499021e7
3.915522119049941e7
3.914031461714025e7
3.912533388522805e7
3.911027984352807e7
3.909515333910985e7
3.9079955217205994e7
3.90646863210756e7
3.9049347491871916e7
3.9033939568514414e7
3.901846338756494e7
3.900291978310808e7
3.898730958663547e7
3.897163362693411e7
3.895589272997846e7
3.8940087718826324e7
3.8924219413518466e7
3.890828863098174e7
3.88922961849358e7
3.8876242885803185e7
3.886012954062288e7
3.884395695296699e7
3.882772592286079e7
3.881143724670582e7
3.879509171720603e7
3.8778690123296954e7
3.8762233250077754e7
3.874572187874618e7
3.8729156786536254e7
3.871253874665868e7
3.869586852824387e7
3.867914689628762e7
3.866237461159926e7
3.864555243075224e7
4.138121659152843e7
4.138120783276398e7
4.1381195894605085e7
4.138118003421922e7
4.1381159419741526e7
4.138113312999996e7
4.138110015487985e7
4.138105939627114e7
4.138100966954331e7
4.138094970549376e7
4.138087815271761e7
4.138079358034862e7
4.138069448112369e7
4.1380579274725206e7
4.138044631135882e7
4.138029387552627e7
4.138012018995619e7
4.1379923419657856e7
4.13797016760661e7
4.137945302124807e7
4.1379175472144805e7
4.137886700482344e7
4.137852555871806e7
4.137814904083931e7
4.137773532993545e7
4.13772822805889e7
4.1376787727235034e7
4.1376249488090776e7
4.137566536898315e7
4.1375033167068906e7
4.137435067443759e7
4.137361568159242e7
4.1372825980803855e7
4.137197936933189e7
4.137107365251466e7
4.137010664672103e7
4.136907618216629e7
4.1367980105590336e7
4.1366816282798715e7
4.136558260106724e7
4.136427697141153e7
4.136289733072307e7
4.136144164377414e7
4.1359907905093834e7
4.135829414071808e7
4.1356598409816585e7
4.135481880619991e7
4.135295345970988e7
4.13510005374973e7
4.1348958245189786e7
4.134682482795425e7
4.134459857145707e7
4.13422778027262e7
4.133986089091862e7
4.1337346247997284e7
4.13347323293209e7
4.133201763415066e7
4.132920070607749e7
4.132628013337306e7
4.1323254549269006e7
4.1320122632166766e7
4.13168831057825e7
4.131353473922968e7
4.1310076347043e7
4.130650678914672e7
4.130282497077047e7
4.129902984231543e7
4.1295120399174176e7
4.129109568150637e7
4.1286954773973614e7
4.128269680543568e7
4.127832094861082e7
4.127382641970253e7
4.126921247799511e7
4.126447842542014e7
4.125962360609635e7
4.1254647405844495e7
4.124954925167959e7
4.124432861128211e7
4.12389849924502e7
4.12335179425344e7
4.1227927047856644e7
4.1222211933115095e7
4.1216372260776244e7
4.121040773045576e7
4.120431807828949e7
4.119810307629541e7
4.119176253172882e7
4.118529628643051e7
4.1178704216170184e7
4.11719862299856e7
4.11651422695184e7
4.1158172308347695e7
4.115107635132233e7
4.1143854433892354e7
4.113650662144076e7
4.1129033008616164e7
4.112143371866673e7
4.111370890277678e7
4.1105858739405595e7
4.109788343363003e7
4.1089783216490686e7
4.108155834434256e7
4.107320909821032e7
4.106473578314893e7
4.105613872760968e7
4.104741828281228e7
4.103857482212312e7
4.102960874044009e7
4.1020520453584276e7
4.1011310397698574e7
4.100197902865384e7
4.099252682146234e7
4.0982954269699045e7
4.097326188493063e7
4.096345019615257e7
4.095351974923439e7
4.094347110637308e7
4.093330484555493e7
4.092302156002578e7
4.091262185776966e7
4.090210636099615e7
4.089147570563622e7
4.088073054084672e7
4.086987152852353e7
4.085889934282336e7
4.084781466969418e7
4.083661820641437e7
4.0825310661140464e7
4.081389275246344e7
4.080236520897367e7
4.079072876883442e7
4.0778984179363765e7
4.0767132196624935e7
4.0755173585025206e7
4.0743109116922885e7
4.073093957224274e7
4.071866573809945e7
4.070628840842933e7
4.069380838362998e7
4.06812264702078e7
4.066854348043365e7
4.065576023200591e7
4.064287754772155e7
4.0629896255154565e7
4.0616817186342e7
4.060364117747742e7
4.059036906861149e7
4.057700170335999e7
4.056353992861873e7
4.054998459428563e7
4.0536336552989475e7
4.052259665982575e7
4.050876577209879e7
4.049484474907086e7
4.048083445171749e7
4.046673574248927e7
4.0452549485079825e7
4.0438276544200055e7
4.042391778535829e7
4.04094740746466e7
4.0394946278532684e7
4.0380335263657674e7
4.036564189663953e7
4.0350867043882005e7
4.033601157138891e7
4.032107634458385e7
4.0306062228135094e7
4.029097008578567e7
4.027580078018833e7
4.026055517274558e7
4.024523412345455e7
4.022983849075641e7
4.02143691313907e7
4.019882690025398e7
4.018321265026309e7
4.01675272322226e7
4.0151771494696714e7
4.013594628388526e7
4.012005244350374e7
4.0104090814667426e7
4.008806223577946e7
4.007196754242259e7
4.0055807567254804e7
4.003958313990861e7
4.0023295086893864e7
4.000694423150415e7
3.99905313937265e7
3.997405739015461e7
3.995752303390514e7
3.994092913453741e7
3.992427649797608e7
3.990756592643689e7
3.989079821835547e7
3.987397416831899e7
3.9857094567000665e7
3.984016020109701e7
3.982317185326788e7
3.980613030207901e7
3.978903632194732e7
3.977189068308858e7
4.255854242399866e7
4.255853365348154e7
4.255852169781648e7
4.2558505812167175e7
4.255848516221166e7
4.255845882381626e7
4.255842578334951e7
4.255838493858048e7
4.255833510010676e7
4.2558274993258186e7
4.255820326042499e7
4.255811846376012e7
4.2558019088208675e7
4.255790354481878e7
4.25577701742917e7
4.2557617250731096e7
4.25574429855539e7
4.255724553152855e7
4.255702298690809e7
4.2556773399629205e7
4.25564947715498e7
4.2556185062701024e7
4.2555842195531555e7
4.255546405912399e7
4.255504851336602e7
4.255459339306028e7
4.255409651195903e7
4.2553555666711785e7
4.255296864071519e7
4.255233320785603e7
4.255164713614034e7
4.255090819120176e7
4.255011413968447e7
4.254926275249641e7
4.254835180793007e7
4.2547379094648376e7
4.254634241453485e7
4.254523958540682e7
4.254406844359233e7
4.2542826846371114e7
4.254151267428068e7
4.254012383328944e7
4.2538658256838515e7
4.253711390775491e7
4.253548878003827e7
4.253378090052462e7
4.2531988330429785e7
4.253010916677575e7
4.25281415437038e7
4.252608363367754e7
4.252393364857943e7
4.2521689840704925e7
4.251935050365734e7
4.25169139731477e7
4.2514378627702914e7
4.251174288928639e7
4.250900522383428e7
4.250616414171157e7
4.2503218198091246e7
4.2500165993260205e7
4.2497006172855444e7
4.249373742803394e7
4.249035849557942e7
4.24868681579496e7
4.2483265243266664e7
4.2479548625254385e7
4.2475717223124824e7
4.2471770001417376e7
4.246770596979306e7
4.246352418278697e7
4.245922373952107e7
4.245480378338033e7
4.245026350165425e7
4.244560212514657e7
4.244081892775478e7
4.243591322602241e7
4.2430884378665246e7
4.242573178607447e7
4.242045488979763e7
4.241505317200011e7
4.240952615490825e7
4.240387340023603e7
4.239809450859703e7
4.239218911890276e7
4.238615690774928e7
4.237999758879306e7
4.23737109121178e7
4.236729666359294e7
4.236075466422548e7
4.235408476950603e7
4.234728686875003e7
4.2340360884435356e7
4.233330677153713e7
4.232612451686059e7
4.231881413837289e7
4.2311375684534654e7
4.230380923363199e7
4.2296114893109575e7
4.228829279890566e7
4.2280343114789434e7
4.227226603170122e7
4.226406176709648e7
4.225573056429361e7
4.224727269182621e7
4.223868844280037e7
4.222997813425723e7
4.222114210654099e7
4.221218072267336e7
4.220309436773386e7
4.2193883448247075e7
4.21845483915766e7
4.217508964532617e7
4.216550767674805e7
4.2155802972159065e7
4.214597603636422e7
4.213602739208819e7
4.212595757941494e7
4.211576715523525e7
4.210545669270269e7
4.209502678069773e7
4.208447802330042e7
4.2073811039271384e7
4.2063026461541414e7
4.205212493670963e7
4.204110492454359e7
4.2029971497660756e7
4.20187231405983e7
4.2007360549780965e7
4.199588443292134e7
4.1984295508569606e7
4.197259450567183e7
4.196078216313671e7
4.194885922941091e7
4.193682646206271e7
4.192468462737409e7
4.1912434499941215e7
4.190007686228302e7
4.188761250445815e7
4.1875042223689884e7
4.186236682399925e7
4.184958711584595e7
4.1836703915777355e7
4.18237180460851e7
4.18106303344696e7
4.179744381111538e7
4.178415491871151e7
4.177076669671133e7
4.175727999124628e7
4.174369565229096e7
4.173001453337197e7
4.171623749128369e7
4.1702365385810964e7
4.1688399079458684e7
4.167433943718811e7
4.166018732615978e7
4.164594361548298e7
4.163160917597166e7
4.161718487990665e7
4.16026716008041e7
4.158807021319003e7
4.1573381592380896e7
4.155860661427002e7
4.1543746155119926e7
4.152880109136039e7
4.15137722993918e7
4.1498660655394375e7
4.148346703514269e7
4.1468192313825265e7
4.145283736586967e7
4.1437403064772524e7
4.142188808060251e7
4.140629768872666e7
4.139063055697422e7
4.1374887553518e7
4.135906954482328e7
4.1343177395506345e7
4.132721196819754e7
4.131117412340869e7
4.1295064719404645e7
4.1278884612079136e7
4.12626346548346e7
4.1246315698466025e7
4.1229930799392834e7
4.121347638671579e7
4.119695551055216e7
4.118036901018113e7
4.116371772175051e7
4.114700247818278e7
4.113022410908451e7
4.1113383440659165e7
4.1096481295623064e7
4.107951849312473e7
4.1062495848667115e7
4.104541417403304e7
4.1028274277213536e7
4.101107696233914e7
4.099382302961396e7
4.097651327525252e7
4.095914849141936e7
4.094172946617123e7
4.092425698340185e7
4.3762513352843076e7
4.376250457069609e7
4.376249259770606e7
4.376247668705202e7
4.376245600197802e7
4.376242961541577e7
4.376239651024831e7
4.3762355580159575e7
4.376230563101529e7
4.376224538272224e7
4.3762173471514545e7
4.376208845261742e7
4.376198880324107e7
4.376187292586005e7
4.3761739151735276e7
4.3761585744639255e7
4.376141090474685e7
4.376121277265717e7
4.376098943351463e7
4.376073892119948e7
4.376045922256096e7
4.376014828166852e7
4.375980400405878e7
4.3759424260958254e7
4.37590068934639e7
4.375854971666556e7
4.375805052369615e7
4.3757507089697465e7
4.37569171756907e7
4.3756278532342635e7
4.3755588903619766e7
4.3754846030323826e7
4.3754047653503515e7
4.3753191517738044e7
4.375227537428978e7
4.3751296984122925e7
4.375025412078755e7
4.374914457316777e7
4.374796614809392e7
4.374671667281954e7
4.374539399736397e7
4.374399599672197e7
4.374252057294248e7
4.374096565707848e7
4.373932921101056e7
4.373760922914719e7
4.3735803740004316e7
4.373391080766777e7
4.3731928533141844e7
4.3729855055587076e7
4.37276885534514e7
4.372542724549783e7
4.372306939173248e7
4.37206132942366e7
4.3718057297906436e7
4.371539979110438e7
4.371263920622521e7
4.370977402018115e7
4.370680275480916e7
4.370372397720404e7
4.370053629998085e7
4.3697238381470226e7
4.369382892584955e7
4.369030668321359e7
4.368667044958757e7
4.368291906688587e7
4.367905142281927e7
4.3675066450753815e7
4.3670963129523896e7
4.366674048320239e7
4.36623975808306e7
4.365793353611032e7
4.365334750706073e7
4.364863869564209e7
4.364380634734911e7
4.363884975077552e7
4.3633768237152375e7
4.362856117986203e7
4.3623227993929505e7
4.3617768135493286e7
4.361218110125731e7
4.36064664279257e7
4.360062369162185e7
4.359465250729363e7
4.3588552528105915e7
4.358232344482181e7
4.357596498517413e7
4.356947691322815e7
4.356285902873692e7
4.355611116649035e7
4.354923319565889e7
4.354222501913311e7
4.3535086572859906e7
4.3527817825176336e7
4.352041877614207e7
4.351288945687083e7
4.3505229928862184e7
4.3497440283333816e7
4.3489520640555404e7
4.348147114918442e7
4.34732919856046e7
4.346498335326758e7
4.345654548203822e7
4.344797862754409e7
4.343928307052959e7
4.343045911621507e7
4.342150709366132e7
4.341242735513991e7
4.340322027550953e7
4.3393886251598805e7
4.3384425701595634e7
4.337483906444363e7
4.336512679924554e7
4.33552893846741e7
4.334532731839046e7
4.33352411164702e7
4.332503131283733e7
4.331469845870628e7
4.330424312203183e7
4.32936658869675e7
4.3282967353332065e7
4.32721481360845e7
4.326120886480737e7
4.3250150183198646e7
4.323897274857214e7
4.322767723136636e7
4.3216264314661995e7
4.320473469370793e7
4.3193089075455874e7
4.318132817810351e7
4.316945273064605e7
4.3157463472436525e7
4.3145361152754344e7
4.313314653038231e7
4.312082037319213e7
4.310838345773811e7
4.309583656885919e7
4.308318049928912e7
4.307041604927491e7
4.3057544026203096e7
4.304456524423437e7
4.303148052394564e7
4.3018290691980414e7
4.300499658070658e7
4.299159902788197e7
4.297809887632753e7
4.2964496973607875e7
4.295079417171928e7
4.293699132678505e7
4.292308929875782e7
4.290908895112923e7
4.289499115064651e7
4.28807967670358e7
4.28665066727325e7
4.2852121742618166e7
4.2837642853764005e7
4.2823070885180935e7
4.280840671757595e7
4.2793651233114734e7
4.277880531519062e7
4.276386984819945e7
4.274884571732043e7
4.273373380830295e7
4.2718535007259145e7
4.270325020046195e7
4.268788027414902e7
4.2672426114331886e7
4.265688860661048e7
4.264126863599308e7
4.262556708672123e7
4.260978484209996e7
4.259392278433265e7
4.257798179436112e7
4.256196275171024e7
4.254586653433737e7
4.25296940184863e7
4.2513446078545764e7
4.249712358691231e7
4.248072741385751e7
4.246425842739946e7
4.244771749317825e7
4.243110547433564e7
4.2414423231398754e7
4.239767162216747e7
4.238085150160571e7
4.236396372173651e7
4.234700913154066e7
4.2329988576858886e7
4.231290290029755e7
4.229575294113779e7
4.227853953524785e7
4.226126351499886e7
4.224392570918364e7
4.2226526942938685e7
4.220906803766913e7
4.2191549810976714e7
4.2173973076590694e7
4.215633864430145e7
4.213864731989708e7
4.2120899905102335e7
4.210309719752058e7
4.499357910652858e7
4.499357031287266e7
4.499355832273607e7
4.4993542387332186e7
4.4993521667493746e7
4.499349523324459e7
4.499346206401324e7
4.499342104943371e7
4.499337099067951e7
4.499331060227842e7
4.4993238514356814e7
4.4993153275264636e7
4.499305335453377e7
4.499293714612538e7
4.4992802971923664e7
4.4992649085436605e7
4.49924736756661e7
4.499227487111334e7
4.499205074388695e7
4.499179931388474e7
4.499151855302174e7
4.499120638947997e7
4.499086071195765e7
4.499047937389741e7
4.499006019767575e7
4.49896009787374e7
4.498909948966032e7
4.498855348413913e7
4.498796070087567e7
4.498731886736768e7
4.498662570358751e7
4.498587892554412e7
4.498507624872314e7
4.498421539140032e7
4.498329407782528e7
4.498231004127277e7
4.498126102696017e7
4.498014479482999e7
4.4978959122197196e7
4.497770180626185e7
4.497637066648776e7
4.497496354684854e7
4.49734783179429e7
4.497191287898109e7
4.497026515964512e7
4.496853312182537e7
4.496671476123636e7
4.496480810891507e7
4.4962811232604705e7
4.496072223802762e7
4.495853927005074e7
4.495626051374703e7
4.495388419535657e7
4.495140858315103e7
4.4948831988205075e7
4.49461527650784e7
4.494336931241204e7
4.4940480073442414e7
4.493748353643709e7
4.493437823505515e7
4.493116274863619e7
4.4927835702421166e7
4.492439576770821e7
4.4920841661946945e7
4.4917172148774415e7
4.491338603799554e7
4.490948218551135e7
4.490545949319779e7
4.490131690873783e7
4.4897053425409876e7
4.489266808183485e7
4.4888159961684704e7
4.488352819335466e7
4.48787719496017e7
4.487389044715167e7
4.486888294627668e7
4.486374875034572e7
4.48584872053498e7
4.4853097699404016e7
4.484757966222801e7
4.4841932564607196e7
4.48361559178356e7
4.483024927314276e7
4.48242122211059e7
4.4818044391048536e7
4.481174545042762e7
4.480531510420981e7
4.479875309423885e7
4.479205919859462e7
4.478523323094554e7
4.477827503989496e7
4.477118450832298e7
4.476396155272437e7
4.475660612254376e7
4.474911819950859e7
4.474149779696116e7
4.473374495919005e7
4.472585976076219e7
4.471784230585549e7
4.4709692727593586e7
4.470141118738255e7
4.4692997874250606e7
4.468445300419109e7
4.467577681950932e7
4.466696958817376e7
4.465803160317193e7
4.464896318187155e7
4.4639764665386975e7
4.463043641795162e7
4.462097882629664e7
4.461139229903585e7
4.46016772660574e7
4.459183417792265e7
4.458186350527185e7
4.4571765738237485e7
4.456154138586503e7
4.455119097554145e7
4.4540715052431576e7
4.45301141789225e7
4.451938893407595e7
4.4508539913089015e7
4.4497567726763e7
4.448647300098076e7
4.4475256376192294e7
4.4463918506908864e7
4.4452460061205655e7
4.444088172023278e7
4.442918417773488e7
4.4417368139579296e7
4.4405434323292635e7
4.43933834576059e7
4.438121628200807e7
4.436893354630819e7
4.43565360102057e7
4.434402444286938e7
4.433139962252433e7
4.431866233604754e7
4.4305813378571324e7
4.42928535530952e7
4.4279783670105636e7
4.426660454720396e7
4.4253317008742034e7
4.4239921885465965e7
4.422642001416746e7
4.421281223734294e7
4.419909940286019e7
4.418528236363259e7
4.417136197730077e7
4.415733910592148e7
4.4143214615663856e7
4.412898937651276e7
4.411466426197909e7
4.410024014881714e7
4.408571791674878e7
4.407109844819433e7
4.405638262801012e7
4.404157134323258e7
4.40266654828288e7
4.401166593745343e7
4.399657359921169e7
4.3981389361428745e7
4.3966114118424915e7
4.3950748765296884e7
4.393529419770484e7
4.391975131166514e7
4.390412100334879e7
4.3888404168885365e7
4.387260170417238e7
4.385671450468995e7
4.3840743465320826e7
4.382468948017532e7
4.3808553442421526e7
4.3792336244120315e7
4.3776038776065245e7
4.375966192762722e7
4.3743206586603776e7
4.372667363907296e7
4.3710063969251744e7
4.36933784593587e7
4.3676617989481054e7
4.365978343744598e7
4.36428756786959e7
4.3625895586167976e7
4.360884403017743e7
4.35917218783048e7
4.357452999528689e7
4.35572692429116e7
4.353994047991624e7
4.352254456188936e7
4.3505082341176234e7
4.3487554666787505e7
4.346996238431135e7
4.3452306335828744e7
4.343458735983199e7
4.341680629114627e7
4.339896396085427e7
4.338106119622376e7
4.336309882063804e7
4.334507765352928e7
4.332699851031447e7
4.3308862202334195e7
4.625219444571305e7
4.6252185640667304e7
4.62521736335599e7
4.625215767365726e7
4.6252136919403285e7
4.6252110437940285e7
4.625207720527286e7
4.625203610701992e7
4.625198593970205e7
4.6251925412511535e7
4.6251853149514936e7
4.6251767692238964e7
4.625166750259323e7
4.6251550966085225e7
4.625141639528567e7
4.625126203350421e7
4.625108605863866e7
4.625088658716329e7
4.625066167822368e7
4.625040933780896e7
4.62501275229744e7
4.624981414608899e7
4.624946707908629e7
4.6249084157697596e7
4.6248663185649656e7
4.624820193881023e7
4.6247698169267446e7
4.624714960933015e7
4.624655397543786e7
4.6245908971971475e7
4.624521229495577e7
4.6244461635647595e7
4.624365468400353e7
4.6242789132022776e7
4.624186267696153e7
4.624087302441653e7
4.623981789127531e7
4.6238695008532844e7
4.6237502123973556e7
4.6236237004719354e7
4.623489743964398e7
4.623348124165519e7
4.623198624984652e7
4.62304103315199e7
4.622875138408252e7
4.622700733681948e7
4.622517615254573e7
4.622325582914007e7
4.622124440096433e7
4.62191399401711e7
4.62169405579036e7
4.6214644405390844e7
4.62122496749419e7
4.62097546008428e7
4.62071574601597e7
4.620445657345175e7
4.620165030539762e7
4.619873706533898e7
4.619571530774433e7
4.619258353259744e7
4.618934028571269e7
4.618598415898176e7
4.61825137905544e7
4.6178927864956684e7
4.617522511314983e7
4.617140431253292e7
4.616746428689222e7
4.616340390630029e7
4.615922208696741e7
4.615491779104839e7
4.615049002640736e7
4.614593784634272e7
4.614126034927532e7
4.6136456678401895e7
4.613152602131612e7
4.612646760959937e7
4.61212807183838e7
4.611596466588899e7
4.6110518812935054e7
4.610494256243312e7
4.609923535885582e7
4.609339668768903e7
4.6087426074866526e7
4.608132308618932e7
4.607508732673117e7
4.6068718440231316e7
4.6062216108476415e7
4.605558005067234e7
4.604881002280753e7
4.604190581700889e7
4.603486726089131e7
4.602769421690182e7
4.6020386581659645e7
4.601294428529273e7
4.600536729077185e7
4.5997655593243204e7
4.598980921935996e7
4.598182822661396e7
4.597371270266785e7
4.596546276468865e7
4.595707855868302e7
4.594856025883526e7
4.593990806684816e7
4.593112221128737e7
4.592220294692996e7
4.591315055411726e7
4.59039653381126e7
4.589464762846434e7
4.588519777837452e7
4.587561616407333e7
4.586590318419998e7
4.585605925918985e7
4.584608483066864e7
4.583598036085333e7
4.582574633196049e7
4.581538324562179e7
4.5804891622307315e7
4.5794272000756405e7
4.5783524937416464e7
4.577265100588967e7
4.576165079638782e7
4.575052491519535e7
4.573927398414058e7
4.5727898640075274e7
4.571639953436252e7
4.5704777332373194e7
4.569303271299064e7
4.568116636812393e7
4.566917900222959e7
4.565707133184174e7
4.564484408511071e7
4.563249800135016e7
4.5620033830592535e7
4.560745233315293e7
4.559475427920139e7
4.558194044834344e7
4.556901162920881e7
4.555596861904861e7
4.554281222334039e7
4.552954325540143e7
4.551616253601006e7
4.550267089303486e7
4.5489069161071755e7
4.547535818108898e7
4.546153880007966e7
4.544761187072209e7
4.543357825104753e7
4.541943880411548e7
4.5405194397696346e7
4.53908459039613e7
4.5376394199179396e7
4.536184016342177e7
4.5347184680272825e7
4.5332428636548296e7
4.531757292202007e7
4.530261842914783e7
4.528756605281719e7
4.527241669008436e7
4.5257171239927165e7
4.524183060300249e7
4.522639568140976e7
4.521086737846062e7
4.519524659845458e7
4.5179534246460505e7
4.516373122810406e7
4.5147838449360594e7
4.513185681635389e7
4.5115787235160165e7
4.5099630611617684e7
4.508338785114152e7
4.506705985854358e7
4.505064753785769e7
4.503415179216981e7
4.5017573523453005e7
4.500091363240732e7
4.498417301830445e7
4.496735257883686e7
4.495045320997162e7
4.493347580580869e7
4.49164212584434e7
4.489929045783342e7
4.488208429166979e7
4.486480364525208e7
4.484744940136762e7
4.4830022440174565e7
4.481252363908894e7
4.4794953872675344e7
4.4777314012541406e7
4.475960492723582e7
4.474182748214999e7
4.4723982539423e7
4.470607095785007e7
4.468809359279432e7
4.467005129610168e7
4.465194491601906e7
4.463377529711551e7
4.461554328020651e7
4.459724970228114e7
4.4578895396432124e7
4.456048119178874e7
4.454200791345241e7
4.753881919124231e7
4.753881037492402e7
4.753879835101889e7
4.753878236686493e7
4.753876157853921e7
4.753873505032868e7
4.753870175484415e7
4.753866057372394e7
4.753861029887443e7
4.753854963419561e7
4.753847719774162e7
4.753839152426754e7
4.753829106811624e7
4.753817420640094e7
4.753803924244156e7
4.753788440941522e7
4.753770787418428e7
4.753750774126675e7
4.75372820569176e7
4.7537028813291095e7
4.753674595265696e7
4.7536431371645644e7
4.753608292549996e7
4.7535698432312705e7
4.7535275677231915e7
4.753481241661711e7
4.7534306382132396e7
4.753375528476294e7
4.7533156818744026e7
4.753250866539284e7
4.7531808496834606e7
4.753105397961603e7
4.753024277820017e7
4.752937255833835e7
4.752844099031469e7
4.752744575206112e7
4.7526384532140456e7
4.752525503259648e7
4.752405497167042e7
4.752278208638388e7
4.752143413498869e7
4.752000889928505e7
4.7518504186809175e7
4.751691783289231e7
4.751524770259365e7
4.751349169250916e7
4.751164773245944e7
4.750971378705939e7
4.7507687857172556e7
4.7505567981253885e7
4.7503352236583814e7
4.7501038740397274e7
4.749862565091108e7
4.7496111168253444e7
4.7493493535298795e7
4.749077103841182e7
4.748794200810419e7
4.748500481960741e7
4.74819578933655e7
4.747879969545088e7
4.747552873790682e7
4.747214357902003e7
4.746864282352651e7
4.746502512275392e7
4.7461289174703866e7
4.745743372407674e7
4.745345756224261e7
4.744935952716081e7
4.744513850325098e7
4.744079342121872e7
4.743632325783798e7
4.74317270356932e7
4.742700382288345e7
4.742215273269109e7
4.741717292321723e7
4.741206359698616e7
4.7406824000520915e7
4.740145342389221e7
4.73959512002424e7
4.73903167052866e7
4.7384549356792785e7
4.7378648614042416e7
4.737261397727335e7
4.736644498710688e7
4.73601412239599e7
4.7353702307444125e7
4.7347127895753376e7
4.734041768504065e7
4.733357140878572e7
4.732658883715491e7
4.731946977635394e7
4.731221406797483e7
4.7304821588338204e7
4.7297292247831546e7
4.72896259902447e7
4.728182279210309e7
4.7273882661999844e7
4.7265805639927395e7
4.72575917966091e7
4.724924123283202e7
4.72407540787811e7
4.723213049337539e7
4.722337066360715e7
4.721447480388402e7
4.720544315537495e7
4.7196275985360265e7
4.718697358658626e7
4.717753627662503e7
4.716796439723924e7
4.715825831375294e7
4.7148418414428264e7
4.713844510984831e7
4.712833883230681e7
4.711810003520436e7
4.710772919245186e7
4.70972267978811e7
4.708659336466277e7
4.7075829424732015e7
4.706493552822177e7
4.7053912242903925e7
4.7042760153638385e7
4.703147986183038e7
4.702007198489564e7
4.700853715573409e7
4.699687602221163e7
4.698508924665038e7
4.6973177505327135e7
4.696114148798039e7
4.6948981897325724e7
4.693669944857947e7
4.692429486899101e7
4.691176889738339e7
4.689912228370228e7
4.688635578857335e7
4.687347018286801e7
4.686046624727744e7
4.684734477189479e7
4.683410655580572e7
4.682075240668698e7
4.6807283140413195e7
4.679369958067154e7
4.6780002558584556e7
4.676619291234068e7
4.675227148683275e7
4.673823913330413e7
4.672409670900258e7
4.670984507684163e7
4.669548510506961e7
4.668101766694583e7
4.666644364042425e7
4.6651763907844394e7
4.6636979355629295e7
4.662209087399056e7
4.660709935664027e7
4.65920057005099e7
4.657681080547576e7
4.656151557409136e7
4.654612091132607e7
4.6530627724310376e7
4.6515036922087505e7
4.649934941537115e7
4.648356611630956e7
4.646768793825556e7
4.64517157955425e7
4.643565060326618e7
4.6419493277072415e7
4.640324473295031e7
4.638690588703109e7
4.637047765539243e7
4.635396095386806e7
4.633735669786272e7
4.632066580217226e7
4.630388918080874e7
4.6287027746830754e7
4.627008241217829e7
4.625305408751265e7
4.623594368206102e7
4.621875210346557e7
4.620148025763718e7
4.6184129048613496e7
4.616669937842141e7
4.614919214694379e7
4.6131608251790345e7
4.611394858817255e7
4.609621404878273e7
4.607840552367682e7
4.6060523900161155e7
4.6042570062682964e7
4.602454489272447e7
4.600644926870077e7
4.598828406586095e7
4.597005015619293e7
4.595174840833151e7
4.5933379687469795e7
4.591494485527372e7
4.589644476979999e7
4.587788028541668e7
4.58592522527273e7
4.584056151849748e7
4.5821808925584726e7
4.580299531287081e7
4.885391825214729e7
4.885390942467195e7
4.885389738413967e7
4.885388137597812e7
4.885386055391951e7
4.885383397942112e7
4.88538006217298e7
4.8853759358537346e7
4.885370897717429e7
4.885364817629106e7
4.8853575567976296e7
4.885348968026458e7
4.8853388959987216e7
4.885327177592193e7
4.88531364222002e7
4.8852981121932134e7
4.885280403101265e7
4.885260324207403e7
4.885237678855288e7
4.885212264884209e7
4.885183875050021e7
4.885152297449353e7
4.885117315944821e7
4.8850787105891556e7
4.88503625804643e7
4.884989732008708e7
4.884938903606623e7
4.884883541812624e7
4.884823413835707e7
4.884758285506655e7
4.884687921652937e7
4.884612086462546e7
4.884530543836156e7
4.884443057727134e7
4.884349392468989e7
4.884249313089969e7
4.884142585614602e7
4.884028977352012e7
4.883908257170967e7
4.883780195761641e7
4.883644565884117e7
4.883501142603753e7
4.8833497035135314e7
4.8831900289435625e7
4.88302190215797e7
4.882845109539375e7
4.882659440761264e7
4.882464688948491e7
4.88226065082626e7
4.8820471268578604e7
4.881823921371519e7
4.881590842676666e7
4.881347703170022e7
4.881094319431776e7
4.8808305123122625e7
4.88055610700949e7
4.880270933137836e7
4.879974824788309e7
4.879667620580666e7
4.879349163707822e7
4.879019301972777e7
4.8786778878185116e7
4.8783247783510834e7
4.877959835356322e7
4.8775829253103934e7
4.8771939193845496e7
4.876792693444392e7
4.876379128043895e7
4.875953108414513e7
4.875514524449641e7
4.875063270684659e7
4.874599246272877e7
4.874122354957591e7
4.873632505040495e7
4.8731296093466885e7
4.872613585186518e7
4.872084354314436e7
4.871541842885115e7
4.870985981406991e7
4.8704167046934575e7
4.86983395181186e7
4.869237666030487e7
4.8686277947637275e7
4.8680042895155415e7
4.867367105821407e7
4.866716203188889e7
4.8660515450369716e7
4.865373098634272e7
4.8646808350362904e7
4.863974729021793e7
4.863254759028446e7
4.8625209070878275e7
4.861773158759891e7
4.861011503067004e7
4.8602359324276455e7
4.859446442589837e7
4.858643032564428e7
4.8578257045582555e7
4.856994463907305e7
4.856149319009917e7
4.855290281260112e7
4.854417364981076e7
4.853530587358908e7
4.852629968376627e7
4.851715530748532e7
4.850787299854957e7
4.849845303677438e7
4.848889572734356e7
4.847920140017099e7
4.8469370409267604e7
4.845940313211413e7
4.8449299969039954e7
4.8439061342608325e7
4.8428687697008185e7
4.8418179497452766e7
4.840753722958535e7
4.8396761398892194e7
4.838585253012292e7
4.837481116671853e7
4.836363787024697e7
4.835233321984671e7
4.834089781167831e7
4.832933225838383e7
4.8317637188554525e7
4.830581324620666e7
4.8293861090265796e7
4.8281781394058876e7
4.8269574844815336e7
4.825724214317588e7
4.824478400271013e7
4.823220114944242e7
4.821949432138602e7
4.820666426808566e7
4.8193711750168495e7
4.818063753890336e7
4.8167442415768266e7
4.815412717202608e7
4.814069260830865e7
4.812713953420878e7
4.811346876788054e7
4.8099681135647476e7
4.808577747161886e7
4.807175861731383e7
4.8057625421293356e7
4.8043378738800004e7
4.802901943140534e7
4.801454836666498e7
4.799996641778119e7
4.798527446327281e7
4.7970473386652686e7
4.795556407611225e7
4.794054742421329e7
4.7925424327586874e7
4.7910195686639205e7
4.789486240526432e7
4.787942539056372e7
4.7863885552572586e7
4.784824380399266e7
4.7832501059931554e7
4.78166582376486e7
4.780071625630696e7
4.7784676036731794e7
4.776853850117482e7
4.775230457308472e7
4.773597517688336e7
4.7719551237748176e7
4.770303368139984e7
4.7686423433895916e7
4.76697214214299e7
4.765292857013557e7
4.763604580589687e7
4.761907405416299e7
4.760201423976843e7
4.758486728675828e7
4.756763411821845e7
4.755031565611063e7
4.7532912821112104e7
4.7515426532460354e7
4.7497857707801975e7
4.748020726304636e7
4.7462476112223655e7
4.744466516734708e7
4.7426775338279456e7
4.740880753260393e7
4.739076265549872e7
4.737264160961588e7
4.735444529496398e7
4.73361746087945e7
4.731783044549216e7
4.7299413696468726e7
4.7280925250060484e7
4.7262365991429225e7
4.724373680246665e7
4.722503856170216e7
4.720627214421384e7
4.71874384215428e7
4.716853826161054e7
4.714957252863939e7
4.7130542083076134e7
4.7111447781518206e7
4.709229047664321e7
5.019796165364094e7
5.019795281512236e7
5.0197940758130915e7
5.0197924726201996e7
5.019790387074444e7
5.019787725041131e7
5.019784383111499e7
5.0197802486634396e7
5.019775199976225e7
5.019769106394155e7
5.0197618285342015e7
5.019753218532838e7
5.019743120327498e7
5.019731369968256e7
5.019717795955598e7
5.01970221960034e7
5.019684455402015e7
5.019664311442286e7
5.0196415897901826e7
5.01961608691619e7
5.019587594112462e7
5.019555897916664e7
5.01952078053716e7
5.019482020277461e7
5.019439391958093e7
5.019392667334187e7
5.019341615507308e7
5.019286003330206e7
5.019225595803319e7
5.0191601564620264e7
5.0190894477537766e7
5.0190132314043514e7
5.018931268772646e7
5.0188433211934604e7
5.01874915030788e7
5.018648518380941e7
5.018541188606329e7
5.018426925398004e7
5.018305494668587e7
5.0181766640945576e7
5.018040203368241e7
5.017895884436716e7
5.0177434817276984e7
5.017582772362638e7
5.017413536357179e7
5.017235556809228e7
5.0170486200748704e7
5.016852515932441e7
5.016647037735001e7
5.016431982551553e7
5.01620715129732e7
5.015972348853401e7
5.0157273841761686e7
5.0154720703967035e7
5.015206224910685e7
5.0149296694590196e7
5.014642230199602e7
5.014343737770524e7
5.014034027345119e7
5.013712938679138e7
5.013380316150431e7
5.013036008791464e7
5.0126798703149706e7
5.012311759133108e7
5.011931538370388e7
5.011539075870724e7
5.0111342441988684e7
5.010716920636558e7
5.010286987173633e7
5.0098443304944105e7
5.009388841959591e7
5.008920417583938e7
5.008438958010005e7
5.007944368478131e7
5.007436558792948e7
5.006915443286631e7
5.006380940779099e7
5.005832974535375e7
5.005271472220326e7
5.0046963658509344e7
5.004107591746335e7
5.003505090475761e7
5.002888806804579e7
5.002258689638578e7
5.001614691966665e7
5.0009567708021164e7
5.000284887122526e7
4.999599005808583e7
4.998899095581815e7
4.99818512894141e7
4.997457082100244e7
4.9967149349202104e7
4.9959586708469726e7
4.995188276844225e7
4.994403743327571e7
4.993605064098093e7
4.992792236275707e7
4.991965260232389e7
4.991124139525325e7
4.990268880830085e7
4.9893994938738704e7
4.988515991368888e7
4.987618388945954e7
4.986706705088313e7
4.985780961065796e7
4.984841180869321e7
4.983887391145793e7
4.9829196211334504e7
4.981937902597701e7
4.9809422697674535e7
4.979932759272039e7
4.978909410078689e7
4.977872263430638e7
4.976821362785865e7
4.975756753756503e7
4.974678484048939e7
4.973586603404605e7
4.972481163541524e7
4.9713622180965744e7
4.9702298225685276e7
4.9690840342618465e7
4.967924912231281e7
4.966752517227243e7
4.965566911641996e7
4.96436815945665e7
4.96315632618897e7
4.961931478842017e7
4.9606936858536035e7
4.9594430170465864e7
4.9581795435799874e7
4.956903337900953e7
4.955614473697534e7
4.954313025852316e7
4.952999070396856e7
4.951672684466983e7
4.9503339462588824e7
4.94898293498605e7
4.947619730837021e7
4.9462444149339475e7
4.944857069291966e7
4.94345777677938e7
4.942046621078632e7
4.9406236866480775e7
4.9391890586845376e7
4.9377428230866276e7
4.9362850664188676e7
4.934815875876544e7
4.9333353392513335e7
4.9318435448976696e7
4.9303405816998586e7
4.928826539039902e7
4.9273015067660764e7
4.925765575162187e7
4.9242188349175505e7
4.922661377097662e7
4.921093293115548e7
4.919514674703793e7
4.917925613887239e7
4.916326202956328e7
4.914716534441098e7
4.913096701085826e7
4.91146679582427e7
4.909826911755564e7
4.9081771421206884e7
4.90651758027956e7
4.904848319688692e7
4.9031694538794555e7
4.901481076436877e7
4.899783280979041e7
4.8980761611369826e7
4.896359810535172e7
4.894634322772501e7
4.8928997914038e7
4.891156309921866e7
4.889403971739983e7
4.8876428701749474e7
4.885873098430571e7
4.8840947495816626e7
4.882307916558465e7
4.880512692131561e7
4.878709168897216e7
4.876897439263171e7
4.875077595434854e7
4.873249729402021e7
4.871413932925811e7
4.8695702975261934e7
4.8677189144698344e7
4.865859874758331e7
4.863993269116832e7
4.862119187983046e7
4.8602377214965835e7
4.8583489594886914e7
4.856452991472309e7
4.8545499066324845e7
4.8526397938171126e7
4.8507227415280074e7
4.848798837912303e7
4.846868170754141e7
4.844930827466705e7
4.842986895084504e7
4.8410364602560066e7
5.157142456511531e7
5.1571415715665534e7
5.1571403642380506e7
5.157138758692089e7
5.157136669839355e7
5.15713400326724e7
5.157130655236451e7
5.157126512736922e7
5.157121453597889e7
5.157115346647101e7
5.157108051914237e7
5.1570994208738096e7
5.1570892967229776e7
5.157077514689908e7
5.157063902368575e7
5.157048280076063e7
5.15703046122869e7
5.157010252733541e7
5.156987455392184e7
5.156961864313623e7
5.1569332693337224e7
5.156901455438628e7
5.1568662031898774e7
5.156827289149111e7
5.1567844863005154e7
5.156737564469305e7
5.156686290734728e7
5.156630429836274e7
5.1565697445718914e7
5.156503996187183e7
5.156432944754716e7
5.156356349542661e7
5.156273969372134e7
5.156185562962718e7
5.156090889265732e7
5.155989707784902e7
5.155881778884218e7
5.155766864082763e7
5.1556447263364464e7
5.155515130306593e7
5.155377842615382e7
5.155232632088246e7
5.155079269983299e7
5.154917530207981e7
5.154747189523072e7
5.1545680277343325e7
5.1543798278719686e7
5.154182376358224e7
5.1539754631633714e7
5.153758881950396e7
5.153532430208695e7
5.1532959093771115e7
5.153049124956653e7
5.152791886613208e7
5.152524008270605e7
5.152245308194397e7
5.151955609066663e7
5.151654738052213e7
5.151342526856528e7
5.151018811775758e7
5.1506834337391496e7
5.150336238344209e7
5.149977075884937e7
5.149605801373452e7
5.149222274555325e7
5.148826359918927e7
5.148417926699088e7
5.147996848875378e7
5.14756300516525e7
5.147116279012384e7
5.146656558570452e7
5.146183736682575e7
5.145697710856758e7
5.145198383237472e7
5.1446856605737165e7
5.144159454183684e7
5.143619679916354e7
5.1430662581101224e7
5.142499113548745e7
5.141918175414753e7
5.141323377240539e7
5.140714656857291e7
5.140091956341935e7
5.13945522196228e7
5.138804404120478e7
5.138139457294991e7
5.137460339981193e7
5.1367670146307275e7
5.1360594475897804e7
5.135337609036365e7
5.134601472916772e7
5.133851016881238e7
5.133086222219028e7
5.1323070737929225e7
5.131513559973324e7
5.1307056725719735e7
5.129883406775418e7
5.129046761078304e7
5.1281957372165635e7
5.127330340100562e7
5.126450577748293e7
5.125556461218678e7
5.124648004545024e7
5.123725224668698e7
5.122788141373088e7
5.1218367772178754e7
5.1208711574736886e7
5.1198913100571714e7
5.11889726546649e7
5.1178890567173645e7
5.116866719279607e7
5.115830291014222e7
5.114779812111116e7
5.1137153250274114e7
5.112636874426408e7
5.111544507117228e7
5.1104382719951324e7
5.109318219982563e7
5.108184403970903e7
5.1070368787629925e7
5.105875701016388e7
5.104700929187413e7
5.103512623475965e7
5.102310845771142e7
5.1010956595976524e7
5.099867130063039e7
5.098625323805716e7
5.0973703089438275e7
5.096102155024921e7
5.094820932976461e7
5.0935267150571555e7
5.0922195748091176e7
5.0908995870108515e7
5.089566827631082e7
5.088221373783378e7
5.086863303681638e7
5.085492696596367e7
5.084109632811793e7
5.082714193583775e7
5.0813064610985495e7
5.0798865184322484e7
5.07845444951124e7
5.077010339073262e7
5.07555427262932e7
5.074086336426388e7
5.072606617410879e7
5.071115203192863e7
5.06961218201107e7
5.068097642698618e7
5.0665716746495016e7
5.065034367785796e7
5.0634858125256084e7
5.061926099751729e7
5.060355320780985e7
5.058773567334314e7
5.057180931507505e7
5.055577505742628e7
5.0539633828001425e7
5.0523386557316504e7
5.0507034178533055e7
5.049057762719877e7
5.047401784099435e7
5.0457355759486474e7
5.0440592323887184e7
5.0423728476819076e7
5.040676516208644e7
5.038970332445239e7
5.03725439094216e7
5.035528786302875e7
5.03379361316325e7
5.032048966171493e7
5.030294939968632e7
5.028531629169536e7
5.026759128344425e7
5.024977532000907e7
5.02318693456652e7
5.021387430371741e7
5.019579113633504e7
5.017762078439162e7
5.015936418730938e7
5.0141022282908045e7
5.012259600725834e7
5.010408629453968e7
5.008549407690216e7
5.0066820284332864e7
5.0048065844526164e7
5.0029231682758085e7
5.0010318721764654e7
4.9991327881624065e7
4.997226007964267e7
4.995311623024474e7
4.993389724486567e7
4.9914604031848945e7
4.9895237496346526e7
4.9875798540222615e7
4.98562880619607e7
4.983670695657407e7
4.981705611551927e7
4.9797336426612884e7
4.97775487739512e7
4.975769403783307e7
5.297478732813873e7
5.29747784678682e7
5.297476637845263e7
5.297475029969561e7
5.297472937842294e7
5.2974702667754225e7
5.297466912701998e7
5.297462762227286e7
5.297457692734205e7
5.297451572538086e7
5.297444261085881e7
5.2974356091951184e7
5.297425459328047e7
5.297413645896684e7
5.297399995594599e7
5.297384327751563e7
5.2973664547073886e7
5.297346182201534e7
5.2973233097752616e7
5.2972976311833866e7
5.297268934812884e7
5.2972370041058265e7
5.2972016179843605e7
5.297162551275618e7
5.297119575134686e7
5.297072457463915e7
5.297020963327051e7
5.296964855356828e7
5.296903894154846e7
5.29683783868266e7
5.296766446643204e7
5.296689474851758e7
5.296606679595797e7
5.2965178169831954e7
5.2964226432783246e7
5.296320915225704e7
5.296212390360942e7
5.296096827308759e7
5.295973986068022e7
5.2958436282836705e7
5.295705517505595e7
5.295559419434493e7
5.295405102154817e7
5.295242336354925e7
5.2950708955346644e7
5.2948905562005244e7
5.294701098048663e7
5.2945023041360006e7
5.294293961039714e7
5.294075859005378e7
5.293847792084092e7
5.293609558258883e7
5.293360959560752e7
5.293101802174648e7
5.292831896535747e7
5.292551057416361e7
5.292259104003809e7
5.2919558599696174e7
5.291641153530371e7
5.2913148175005585e7
5.290976689337746e7
5.290626611180417e7
5.290264429878793e7
5.289889997018962e7
5.28950316894063e7
5.289103806748789e7
5.288691776319634e7
5.288266948300974e7
5.2878291981074624e7
5.287378405910911e7
5.286914456625947e7
5.286437239891289e7
5.285946650046876e7
5.285442586107122e7
5.284924951730509e7
5.2843936551857434e7
5.2838486093147226e7
5.2832897314924955e7
5.2827169435844325e7
5.282130171900814e7
5.2815293471489884e7
5.280914404383325e7
5.2802852829531066e7
5.279641926448537e7
5.278984282645015e7
5.278312303445842e7
5.27762594482349e7
5.2769251667595886e7
5.276209933183738e7
5.275480211911303e7
5.274735974580289e7
5.273977196587408e7
5.2732038570234746e7
5.272415938608199e7
5.271613427624497e7
5.270796313852404e7
5.269964590502682e7
5.269118254150195e7
5.268257304667153e7
5.2673817451562636e7
5.266491581883906e7
5.265586824213351e7
5.2646674845381215e7
5.263733578215527e7
5.2627851235004544e7
5.261822141479429e7
5.2608446560050525e7
5.259852693630783e7
5.25884628354618e7
5.257825457512601e7
5.2567902497994006e7
5.255740697120674e7
5.25467683857258e7
5.253598715571239e7
5.252506371791276e7
5.25139985310501e7
5.250279207522317e7
5.249144485131183e7
5.247995738038969e7
5.2468330203144215e7
5.245656387930401e7
5.244465898707394e7
5.243261612257779e7
5.242043589930888e7
5.24081189475884e7
5.239566591403194e7
5.238307746102396e7
5.237035426620034e7
5.235749702193925e7
5.234450643485996e7
5.233138322533016e7
5.231812812698122e7
5.230474188623197e7
5.229122526182045e7
5.227757902434418e7
5.226380395580832e7
5.224990084918229e7
5.223587050796451e7
5.2221713745755024e7
5.2207431385836594e7
5.21930242607635e7
5.217849321195859e7
5.216383908931796e7
5.214906275082392e7
5.2134165062165335e7
5.211914689636613e7
5.210400913342101e7
5.2088752659939215e7
5.207337836879558e7
5.205788715878907e7
5.204227993430861e7
5.2026557605006434e7
5.201072108547832e7
5.199477129495119e7
5.197870915697758e7
5.196253559913712e7
5.194625155274483e7
5.192985795256618e7
5.1913355736538775e7
5.189674584550064e7
5.1880029222924955e7
5.186320681466119e7
5.184627956868252e7
5.182924843483934e7
5.1812114364619024e7
5.179487831091156e7
5.17775412277811e7
5.17601040702434e7
5.174256779404882e7
5.172493335547109e7
5.170720171110148e7
5.168937381764854e7
5.167145063174292e7
5.16534331097477e7
5.163532220757375e7
5.161711888050008e7
5.1598824082999274e7
5.158043876856771e7
5.156196388956064e7
5.154340039703185e7
5.152474924057803e7
5.150601136818766e7
5.1487187726094216e7
5.1468279258633874e7
5.144928690810733e7
5.1430211614645995e7
5.141105431608196e7
5.1391815947822355e7
5.137249744272739e7
5.135309973099232e7
5.133362374003319e7
5.131407039437629e7
5.1294440615551166e7
5.1274735321987286e7
5.125495542891408e7
5.1235101848264374e7
5.12151754885813e7
5.11951772549282e7
5.117510804880198e7
5.115496876804943e7
5.113476030678656e7
5.440853548445273e7
5.440852661347023e7
5.440851450808485e7
5.440849840626032e7
5.440847745256217e7
5.440845069738014e7
5.4408417096796654e7
5.440837551305025e7
5.440832471554363e7
5.4408263382346906e7
5.44081901021475e7
5.440810337660006e7
5.4408001623031385e7
5.440788317745716e7
5.4407746297869645e7
5.4407589167757235e7
5.440740989981977e7
5.440720653984474e7
5.440697707071289e7
5.440671941650335e7
5.440643144667083e7
5.440611098026973e7
5.440575579020197e7
5.440536360746762e7
5.440493212539925e7
5.440445900386263e7
5.440394187340878e7
5.4403378339363225e7
5.440276598584068e7
5.44021023796744e7
5.440138507425098e7
5.440061161324271e7
5.439977953423064e7
5.4398886372212976e7
5.439792966299384e7
5.439690694644907e7
5.439581576966612e7
5.439465368995583e7
5.439341827773515e7
5.439210711927981e7
5.439071781934683e7
5.438924800366763e7
5.4387695321312085e7
5.438605744692532e7
5.438433208283847e7
5.438251696105571e7
5.438060984511952e7
5.437860853185684e7
5.43765108530087e7
5.437431467674631e7
5.437201790907636e7
5.436961849513892e7
5.436711442040103e7
5.436450371174914e7
5.436178443848402e7
5.4358954713221245e7
5.435601269270066e7
5.435295657850845e7
5.434978461771488e7
5.434649510343132e7
5.43430863752896e7
5.433955681984745e7
5.4335904870922565e7
5.433212900985931e7
5.432822776573046e7
5.43241997154775e7
5.432004348399228e7
5.431575774414303e7
5.431134121674756e7
5.430679267049637e7
5.430211092182851e7
5.429729483476256e7
5.4292343320685536e7
5.428725533810204e7
5.428202989234595e7
5.4276666035257146e7
5.427116286482525e7
5.426551952480278e7
5.425973520428948e7
5.425380913728997e7
5.4247740602246664e7
5.424152892154971e7
5.423517346102547e7
5.422867362940575e7
5.422202887777891e7
5.421523869902455e7
5.4208302627233304e7
5.420122023711301e7
5.419399114338288e7
5.418661500015647e7
5.4179091500315174e7
5.417142037487305e7
5.416360139233423e7
5.415563435804404e7
5.414751911353461e7
5.4139255535866044e7
5.4130843536964156e7
5.4122283062955454e7
5.411357409350017e7
5.410471664112422e7
5.409571075055083e7
5.408655649803227e7
5.407725399068265e7
5.406780336581204e7
5.405820479026297e7
5.4048458459749155e7
5.40385645981976e7
5.402852345709428e7
5.40183353148335e7
5.40080004760722e7
5.3997519271088526e7
5.3986892055145875e7
5.397611920786234e7
5.396520113258585e7
5.395413825577549e7
5.394293102638896e7
5.393157991527683e7
5.392008541458334e7
5.3908448037154265e7
5.38966683159519e7
5.388474680347743e7
5.387268407120056e7
5.386048070899704e7
5.3848137324593514e7
5.38356545430205e7
5.382303300607306e7
5.38102733717795e7
5.379737631387816e7
5.3784342521302134e7
5.377117269767227e7
5.375786756079828e7
5.374442784218791e7
5.373085428656454e7
5.371714765139269e7
5.3703308706412055e7
5.3689338233179376e7
5.367523702461875e7
5.3661005884579904e7
5.364664562740474e7
5.363215707750177e7
5.361754106892872e7
5.3602798444983125e7
5.358793005780084e7
5.357293676796224e7
5.355781944410665e7
5.3542578962554134e7
5.3527216206935205e7
5.3511732067828104e7
5.349612744240353e7
5.348040323407705e7
5.346456035216871e7
5.344859971157002e7
5.343252223241821e7
5.341632883977758e7
5.340002046332804e7
5.3383598037060305e7
5.336706249897843e7
5.335041479080876e7
5.333365585771574e7
5.331678664802441e7
5.329980811294918e7
5.3282721206329346e7
5.326552688437065e7
5.3248226105393305e7
5.323081982958603e7
5.321330901876614e7
5.319569463614569e7
5.3177977646103345e7
5.3160159013962194e7
5.314223970577298e7
5.3124220688103236e7
5.31061029278316e7
5.3087887391947724e7
5.3069575047357395e7
5.305116686069289e7
5.3032663798128426e7
5.301406682520072e7
5.29953769066343e7
5.29765950061719e7
5.295772208640942e7
5.293875910863563e7
5.291970703267651e7
5.290056681674394e7
5.288133941728896e7
5.286202578885925e7
5.28426268839609e7
5.282314365292431e7
5.280357704377417e7
5.278392800210349e7
5.276419747095146e7
5.274438639068522e7
5.27244956988853e7
5.270452633023491e7
5.268447921641262e7
5.266435528598873e7
5.264415546432508e7
5.262388067347815e7
5.260353183210559e7
5.258310985537591e7
5.256261565488143e7
5.25420501385542e7
5.587315980396917e7
5.587315092238183e7
5.587313880118501e7
5.587312267651958e7
5.5873101690711245e7
5.587307489144412e7
5.587304123158061e7
5.587299956957726e7
5.5872948670446694e7
5.5872887207216345e7
5.587281376283622e7
5.5872726832489274e7
5.587262482625935e7
5.587250607211431e7
5.5872368819163136e7
5.587221124114843e7
5.587203144013797e7
5.587182745038103e7
5.587159724229751e7
5.587133872657006e7
5.587104975831213e7
5.587072814128608e7
5.587037163214877e7
5.5869977944703e7
5.586954475413588e7
5.586906970122679e7
5.586855039650942e7
5.586798442437376e7
5.586736934709625e7
5.586670270878685e7
5.586598203924404e7
5.5865204857709125e7
5.586436867651357e7
5.5863471004612945e7
5.58625093510033e7
5.5861481228015624e7
5.586038415448575e7
5.585921565879737e7
5.585797328179675e7
5.585665457957829e7
5.585525712614069e7
5.585377851591399e7
5.585221636615826e7
5.585056831923508e7
5.584883204475342e7
5.584700524159154e7
5.5845085639797464e7
5.58430710023699e7
5.584095912692276e7
5.583874784723552e7
5.583643503469284e7
5.583401859961594e7
5.583149649248958e7
5.582886670508712e7
5.582612727149752e7
5.582327626905737e7
5.582031181919114e7
5.581723208816342e7
5.581403528774599e7
5.581071967580352e7
5.580728355680083e7
5.580372528223519e7
5.580004325099698e7
5.5796235909661375e7
5.579230175271497e7
5.578823932271964e7
5.5784047210417114e7
5.577972405477698e7
5.577526854299101e7
5.577067941041663e7
5.5765955440472126e7
5.576109546448627e7
5.57560983615051e7
5.575096305805776e7
5.57456885278845e7
5.57402737916286e7
5.5734717916494645e7
5.572902001587539e7
5.5723179248948984e7
5.571719482024894e7
5.571106597920832e7
5.5704792019680455e7
5.569837227943756e7
5.569180613964907e7
5.5685093024341516e7
5.5678232399841085e7
5.567122377420087e7
5.56640666966137e7
5.565676075681228e7
5.564930558445785e7
5.5641700848518535e7
5.563394625663847e7
5.562604155449924e7
5.561798652517409e7
5.560978098847653e7
5.560142480030377e7
5.559291785197633e7
5.558426006957437e7
5.5575451413271785e7
5.556649187666875e7
5.555738148612328e7
5.554812030008302e7
5.553870840841724e7
5.5529145931750074e7
5.551943302079563e7
5.55095698556952e7
5.549955664535739e7
5.5489393626801424e7
5.54790810645042e7
5.546861924975158e7
5.545800849999406e7
5.544724915820745e7
5.543634159225874e7
5.542528619427754e7
5.54140833800334e7
5.540273358831916e7
5.539123728034073e7
5.537959493911345e7
5.536780706886522e7
5.535587419444666e7
5.534379686074842e7
5.5331575632125765e7
5.531921109183064e7
5.53067038414514e7
5.529405450036003e7
5.528126370516741e7
5.526833210918623e7
5.525526038190194e7
5.524204920845172e7
5.522869928911153e7
5.5215211338791065e7
5.520158608653709e7
5.518782427504478e7
5.517392666017713e7
5.515989401049268e7
5.5145727106781356e7
5.513142674160831e7
5.5116993718866006e7
5.510242885333449e7
5.508773297024937e7
5.507290690487829e7
5.505795150210499e7
5.504286761602155e7
5.5027656109528325e7
5.5012317853941955e7
5.499685372861087e7
5.49812646205387e7
5.496555142401523e7
5.4949715040254965e7
5.493375637704316e7
5.491767634838927e7
5.4901475874187805e7
5.488515587988635e7
5.486871729616083e7
5.4852161058597915e7
5.483548810738425e7
5.481869938700294e7
5.4801795845936455e7
5.478477843637672e7
5.476764811394145e7
5.475040583739739e7
5.4733052568389855e7
5.471558927117865e7
5.4698016912380375e7
5.468033646071683e7
5.466254888676959e7
5.4644655162740596e7
5.4626656262218595e7
5.460855315995148e7
5.459034683162429e7
5.457203825364298e7
5.455362840292348e7
5.453511825668658e7
5.451650879225776e7
5.449780098687271e7
5.447899581748759e7
5.446009426059477e7
5.444109729204333e7
5.44220058868646e7
5.440282101910233e7
5.4383543661647834e7
5.436417478607966e7
5.434471536250773e7
5.432516635942215e7
5.430552874354627e7
5.428580347969402e7
5.4265991530631624e7
5.424609385694329e7
5.422611141690105e7
5.420604516633859e7
5.418589605852887e7
5.416566504406571e7
5.414535307074902e7
5.412496108347373e7
5.4104490024122305e7
5.408394083146084e7
5.406331444103846e7
5.404261178509022e7
5.402183379244333e7
5.4000981388426475e7
5.398005549478239e7
5.736915631276703e7
5.736914742068049e7
5.7369135283828326e7
5.736911913654531e7
5.7369098118937634e7
5.736907127600766e7
5.736903755742553e7
5.736899581789764e7
5.7368944818082385e7
5.736888322600468e7
5.736880961892148e7
5.736872248559231e7
5.736862022891057e7
5.736850116885244e7
5.736836354570333e7
5.736820552352306e7
5.736802519381338e7
5.7367820579353884e7
5.7367589638174236e7
5.7367330267633066e7
5.736704030857605e7
5.7366717549547896e7
5.736635973103483e7
5.736596454971643e7
5.736552966270753e7
5.736505269177278e7
5.736453122749803e7
5.736396283340467e7
5.7363345049994536e7
5.736267539871427e7
5.7361951385829695e7
5.736117050620193e7
5.736033024695805e7
5.735942809105051e7
5.7358461520700246e7
5.73574280207196e7
5.7356325081711665e7
5.735515020314418e7
5.735390089629583e7
5.735257468707437e7
5.7351169118706e7
5.734968175429618e7
5.734811017926257e7
5.7346452003641e7
5.73447048642661e7
5.734286642682816e7
5.734093438780829e7
5.733890647629434e7
5.7336780455679804e7
5.733455412524873e7
5.7332225321649216e7
5.732979192025863e7
5.7327251836443566e7
5.732460302671783e7
5.7321843489801385e7
5.731897126758403e7
5.7315984445996545e7
5.731288115579305e7
5.7309659573247686e7
5.730631792076896e7
5.730285446743514e7
5.729926752945365e7
5.7295555470548116e7
5.729171670227575e7
5.728774968427862e7
5.7283652924471535e7
5.727942497916954e7
5.7275064453158334e7
5.727056999970985e7
5.726594032054633e7
5.726117416575512e7
5.725627033365737e7
5.7251227670632534e7
5.724604507090164e7
5.7240721476271585e7
5.723525587584259e7
5.72296473056814e7
5.7223894848461926e7
5.721799763307585e7
5.721195483421502e7
5.720576567192738e7
5.719942941114867e7
5.719294536121125e7
5.718631287533222e7
5.7179531350082055e7
5.717260022483548e7
5.716551898120632e7
5.715828714246725e7
5.71509042729565e7
5.714336997747203e7
5.713568390065521e7
5.71278457263647e7
5.711985517704177e7
5.711171201306827e7
5.7103416032118194e7
5.709496706850375e7
5.7086364992517054e7
5.707760970976817e7
5.7068701160520285e7
5.70596393190232e7
5.7050424192845225e7
5.704105582220481e7
5.7031534279302396e7
5.7021859667652726e7
5.70120321214189e7
5.700205180474819e7
5.699191891111041e7
5.6981633662639104e7
5.697119630947639e7
5.696060712912152e7
5.694986642578367e7
5.69389745297396e7
5.692793179669602e7
5.691673860715748e7
5.690539536579986e7
5.6893902500849746e7
5.688226046346998e7
5.687046972715153e7
5.685853078711225e7
5.6846444159702115e7
5.683421038181577e7
5.6821830010312065e7
5.680930362144094e7
5.6796631810277924e7
5.678381519016592e7
5.677085439216499e7
5.675775006450964e7
5.6744502872074135e7
5.6731113495845646e7
5.671758263240543e7
5.670391099341795e7
5.669009930512813e7
5.6676148307866685e7
5.666205875556344e7
5.664783141526895e7
5.663346706668409e7
5.6618966501697764e7
5.660433052393274e7
5.658955994829956e7
5.657465560055841e7
5.6559618316889174e7
5.654444894346926e7
5.652914833605945e7
5.651371735959769e7
5.6498156887800634e7
5.648246780277298e7
5.64666509946245e7
5.6450707361094825e7
5.643463780718564e7
5.64184432448006e7
5.640212459239248e7
5.638568277461793e7
5.636911872199928e7
5.635243337059373e7
5.633562766166964e7
5.631870254138973e7
5.630165896050149e7
5.628449787403429e7
5.6267220241003245e7
5.624982702411998e7
5.623231918950985e7
5.6214697706435695e7
5.6196963547028035e7
5.617911768602177e7
5.6161161100498766e7
5.614309476963708e7
5.612491967446572e7
5.610663679762585e7
5.608824712313761e7
5.606975163617273e7
5.6051151322832964e7
5.603244716993409e7
5.601364016479529e7
5.599473129503408e7
5.5975721548366666e7
5.5956611912413225e7
5.593740337450862e7
5.591809692151812e7
5.589869353965795e7
5.587919421432086e7
5.5859599929906465e7
5.583991166965625e7
5.58201304154932e7
5.5800257147866e7
5.5780292845597744e7
5.576023848573876e7
5.5740095043424055e7
5.5719863491734706e7
5.5699544801563546e7
5.567913994148469e7
5.56586498776273e7
5.56380755735529e7
5.561741799013683e7
5.5596678085453175e7
5.557585681466346e7
5.555495512990893e7
5.553397398020629e7
5.5512914311346926e7
5.549177706579947e7
5.54705631826156e7
5.5449273597339205e7
5.889702632108998e7
5.8897017418608285e7
5.889700526625459e7
5.889698909657418e7
5.8896968047473654e7
5.889694116129721e7
5.889690738455021e7
5.88968655682203e7
5.889681446864728e7
5.889675274889317e7
5.889667898056571e7
5.889659164604909e7
5.8896489141098045e7
5.889636977775288e7
5.8896231787534766e7
5.889607332488333e7
5.889589247079987e7
5.889568723666252e7
5.8895455568181105e7
5.8895195349462345e7
5.8894904407157645e7
5.889458051466824e7
5.889422139638416e7
5.889382473193596e7
5.889338816043961e7
5.88929092847169e7
5.8892385675475866e7
5.889181487543676e7
5.8891194403391205e7
5.889052175818321e7
5.888979442260252e7
5.888900986718176e7
5.888816555389026e7
5.888725893971805e7
5.888628748014558e7
5.888524863249425e7
5.888413985915524e7
5.888295863069339e7
5.8881702428825e7
5.888036874926804e7
5.88789551044644e7
5.887745902617422e7
5.8875878067942664e7
5.88742098074403e7
5.887245184867822e7
5.887060182409943e7
5.886865739654889e7
5.886661626112385e7
5.8864476146907456e7
5.8862234818587795e7
5.885989007796538e7
5.885743976535196e7
5.885488176086374e7
5.88522139856119e7
5.884943440279391e7
5.884654101868857e7
5.8843531883558236e7
5.8840405092461415e7
5.883715878597914e7
5.883379115085806e7
5.883030042057397e7
5.8826684875818685e7
5.882294284491349e7
5.881907270415242e7
5.881507287807836e7
5.8810941839695066e7
5.880667811061809e7
5.880228026116743e7
5.879774691040483e7
5.879307672611867e7
5.878826842475865e7
5.8783320771323495e7
5.877823257920393e7
5.877300270998328e7
5.876763007319839e7
5.876211362606303e7
5.875645237315601e7
5.8750645366076194e7
5.8744691703066595e7
5.873859052860947e7
5.873234103299431e7
5.872594245186074e7
5.871939406571806e7
5.871269519944311e7
5.87058452217581e7
5.869884354469014e7
5.869168962301382e7
5.868438295367835e7
5.867692307522081e7
5.866930956716648e7
5.866154204941787e7
5.8653620181633614e7
5.864554366259804e7
5.863731222958313e7
5.862892565770322e7
5.862038375926413e7
5.861168638310699e7
5.8602833413948275e7
5.859382477171651e7
5.85846604108866e7
5.857534031981249e7
5.8565864520058945e7
5.855623306573317e7
5.8546446042816736e7
5.853650356849861e7
5.8526405790509835e7
5.851615288646023e7
5.850574506317789e7
5.849518255605175e7
5.848446562837772e7
5.847359457070883e7
5.8462569700209886e7
5.845139136001664e7
5.844005991860023e7
5.842857576913708e7
5.841693932888428e7
5.8405151038561165e7
5.839321136173694e7
5.8381120784224935e7
5.836887981348336e7
5.835648897802298e7
5.8343948826821804e7
5.8331259928747006e7
5.831842287198408e7
5.8305438263473555e7
5.829230672835515e7
5.827902890941978e7
5.826560546656915e7
5.82520370762832e7
5.8238324431095585e7
5.8224468239076935e7
5.821046922332614e7
5.81963281214698e7
5.818204568516948e7
5.8167622679637246e7
5.815305988315916e7
5.813835808662683e7
5.812351809307703e7
5.810854071723946e7
5.809342678509239e7
5.807817713342634e7
5.80627926094158e7
5.804727407019875e7
5.80316223824642e7
5.801583842204735e7
5.799992307353284e7
5.798387722986542e7
5.796770179196843e7
5.795139766836991e7
5.7934965774836205e7
5.791840703401294e7
5.79017223750736e7
5.7884912733375154e7
5.786797905012124e7
5.785092227203224e7
5.783374335102257e7
5.781644324388494e7
5.779902291198157e7
5.778148332094212e7
5.7763825440368496e7
5.77460502435463e7
5.772815870716275e7
5.7710151811031155e7
5.769203053782176e7
5.767379587279892e7
5.765544880356442e7
5.7636990319806986e7
5.761842141305778e7
5.7599743076451786e7
5.758095630449514e7
5.756206209283817e7
5.754306143805402e7
5.752395533742298e7
5.7504744788722165e7
5.748543079002066e7
5.746601433947998e7
5.744649643515963e7
5.742687807482794e7
5.740716025577773e7
5.738734397464713e7
5.736743022724513e7
5.73474200083819e7
5.7327314311703816e7
5.730711412953311e7
5.728682045271199e7
5.726643427045119e7
5.724595657018285e7
5.7225388337417774e7
5.720473055560669e7
5.7183984206005774e7
5.716315026754605e7
5.7142229716706894e7
5.7121223527393244e7
5.710013267081674e7
5.707895811538046e7
5.70577008265674e7
5.7036361766832426e7
5.7014941895497814e7
5.699344216865209e7
5.6971863539052345e7
5.6950206956029825e7
6.0457276451342896e7
6.045726753856858e7
6.0457255370864965e7
6.04572391790042e7
6.045721809871301e7
6.0457191169700764e7
6.0457157335335106e7
6.0457115442916095e7
6.045706424449999e7
6.045700239822533e7
6.045692847009401e7
6.045684093616238e7
6.0456738185098074e7
6.045661852106076e7
6.045648016686625e7
6.045632126739622e7
6.045613989321673e7
6.0455934044372246e7
6.045570165432291e7
6.045544059399543e7
6.045514867592022e7
6.0454823658429116e7
6.045446324989048e7
6.045406511296011e7
6.045362686882857e7
6.04531461014471e7
6.045262036171636e7
6.0452047171623446e7
6.045142402831475e7
6.045074840809315e7
6.045001777032978e7
6.0449229561281666e7
6.0448381217808016e7
6.044747017097865e7
6.044649384956944e7
6.044544968344042e7
6.0444335106793165e7
6.04431475613047e7
6.044188449913615e7
6.044054338581472e7
6.043912170298845e7
6.0437616951053806e7
6.043602665165605e7
6.0434348350063585e7
6.043257961741737e7
6.043071805285688e7
6.0428761285524435e7
6.042670697645027e7
6.0424552820320316e7
6.0422296547129385e7
6.041993592372267e7
6.041746875522805e7
6.041489288638241e7
6.041220620275489e7
6.040940663187039e7
6.04064921442361e7
6.040346075427493e7
6.0400310521168284e7
6.039703954961219e7
6.03936459904894e7
6.039012804146113e7
6.038648394748141e7
6.03827120012373e7
6.037881054351804e7
6.037477796351633e7
6.037061269906461e7
6.036631323680951e7
6.03618781123271e7
6.0357305910182156e7
6.0352595263933845e7
6.034774485609079e7
6.0342753418018036e7
6.033761972979846e7
6.0332342620051295e7
6.032692096570972e7
6.032135369176061e7
6.031563977094771e7
6.030977822344148e7
6.030376811647672e7
6.0297608563960776e7
6.0291298726053864e7
6.028483780872352e7
6.027822506327489e7
6.027145978585886e7
6.0264541316959314e7
6.025746904086144e7
6.02502423851026e7
6.024286081990686e7
6.023532385760517e7
6.022763105204211e7
6.02197819979706e7
6.021177633043587e7
6.02036137241499e7
6.019529389285722e7
6.018681658869331e7
6.017818160153681e7
6.016938875835588e7
6.01604379225505e7
6.015132899329073e7
6.014206190485234e7
6.013263662595036e7
6.012305315907118e7
6.011331153980437e7
6.010341183617413e7
6.009335414797177e7
6.0083138606089234e7
6.00727653718546e7
6.0062234636369824e7
6.005154661985133e7
6.004070157097395e7
6.002969976621854e7
6.001854150922377e7
6.000722713014231e7
5.999575698500211e7
5.998413145507253e7
5.997235094623627e7
5.9960415888366915e7
5.994832673471245e7
5.993608396128527e7
5.9923688066258356e7
5.991113956936852e7
5.989843901132615e7
5.988558695323229e7
5.987258397600275e7
5.985943067979957e7
5.984612768347003e7
5.9832675623993084e7
5.981907515593351e7
5.980532695090387e7
5.979143169703411e7
5.977739009844927e7
5.9763202874754794e7
5.974887076053013e7
5.9734394504830055e7
5.971977487069415e7
5.970501263466432e7
5.969010858631018e7
5.967506352776261e7
5.965987827325527e7
5.9644553648674175e7
5.962909049111509e7
5.961348964844904e7
5.959775197889567e7
5.95818783506044e7
5.956586964124356e7
5.954972673759717e7
5.953345053516956e7
5.951704193779757e7
5.950050185727039e7
5.948383121295701e7
5.946703093144108e7
5.945010194616317e7
5.9433045197070435e7
5.941586163027367e7
5.939855219771112e7
5.938111785681996e7
5.9363559570214406e7
5.934587830537098e7
5.932807503432054e7
5.931015073334715e7
5.929210638269366e7
5.927394296627386e7
5.9255661471391134e7
5.9237262888463646e7
5.921874821075577e7
5.920011843411583e7
5.9181374556720056e7
5.916251757882241e7
5.91435485025108e7
5.912446833146867e7
5.910527807074286e7
5.9085978726516865e7
5.906657130589e7
5.9047056816661745e7
5.902743626712187e7
5.900771066584575e7
5.8987881021494985e7
5.896794834262312e7
5.894791363748663e7
5.892777791386072e7
5.890754217886016e7
5.888720743876489e7
5.886677469885039e7
5.88462449632227e7
5.882561923465801e7
5.8804898514446765e7
5.878408380224215e7
5.876317609591289e7
5.874217639140029e7
5.8721085682579495e7
5.8699904961124815e7
5.867863521637894e7
5.865727743522626e7
5.8635832601969935e7
5.8614301698212676e7
5.859268570274144e7
5.8570985591415495e7
5.854920233705821e7
5.85273369093523e7
5.850539027473838e7
5.8483363396316975e7
6.205041866608907e7
6.205040974312322e7
6.205039756021911e7
6.2050381346392e7
6.205036023520812e7
6.2050333263765045e7
6.205029937231959e7
6.205025740451485e7
6.205020610815841e7
6.205014413650415e7
6.205007004999122e7
6.204998231839513e7
6.204987932334749e7
6.204975936118216e7
6.2049620646068126e7
6.204946131339078e7
6.204927942334585e7
6.204907296471164e7
6.2048839858768426e7
6.204857796333452e7
6.204828507689247e7
6.204795894277874e7
6.204759725341443e7
6.204719765455494e7
6.204675774953919e7
6.204627510352035e7
6.2045747247662455e7
6.204517168328799e7
6.204454588596377e7
6.20438673095138e7
6.204313338994892e7
6.204234154930444e7
6.2041489199378334e7
6.204057374536358e7
6.203959258936894e7
6.203854313382412e7
6.203742278476522e7
6.203622895499835e7
6.203495906713861e7
6.203361055652353e7
6.203218087400017e7
6.203066748858524e7
6.2029067889999114e7
6.202737959107375e7
6.202560013003626e7
6.202372707266895e7
6.202175801434826e7
6.201969058196376e7
6.20175224357204e7
6.201525127082573e7
6.2012874819065146e7
6.201039085026769e7
6.200779717366547e7
6.200509163914958e7
6.200227213842581e7
6.199933660607278e7
6.1996283020506375e7
6.199310940485309e7
6.1989813827735744e7
6.198639440397477e7
6.198284929520831e7
6.19791767104342e7
6.197537490647693e7
6.1971442188383065e7
6.19673769097477e7
6.196317747297525e7
6.19588423294776e7
6.195436997981222e7
6.194975897376347e7
6.194500791036958e7
6.194011543789792e7
6.193508025377186e7
6.192990110445068e7
6.192457678526618e7
6.19191061402175e7
6.1913488061727025e7
6.190772149035941e7
6.190180541450598e7
6.1895738870036654e7
6.188952093992119e7
6.1883150753822334e7
6.18766274876618e7
6.186995036316199e7
6.186311864736433e7
6.1856131652126424e7
6.184898873359934e7
6.184168929168697e7
6.183423276948833e7
6.1826618652725e7
6.1818846469154365e7
6.1810915787970334e7
6.1802826219192885e7
6.1794577413047135e7
6.17861690593337e7
6.177760088679093e7
6.176887266245024e7
6.1759984190985605e7
6.175093531405798e7
6.174172590965565e7
6.173235589143131e7
6.172282520803654e7
6.171313384245488e7
6.170328181133355e7
6.1693269164315045e7
6.168309598336906e7
6.167276238212523e7
6.166226850520742e7
6.165161452757001e7
6.1640800653836824e7
6.162982711764284e7
6.16186941809796e7
6.1607402133544266e7
6.159595129209306e7
6.158434199979933e7
6.1572574625616424e7
6.1560649563646e7
6.154856723251182e7
6.1536328074739374e7
6.1523932556141585e7
6.151138116521083e7
6.149867441251759e7
6.148581283011554e7
6.147279697095393e7
6.1459627408296615e7
6.144630473514858e7
6.143282956368968e7
6.141920252471587e7
6.140542426708785e7
6.139149545718754e7
6.137741677838222e7
6.136318893049636e7
6.134881262929135e7
6.1334288605953164e7
6.131961760658791e7
6.130480039172535e7
6.1289837735830285e7
6.127473042682216e7
6.125947926560232e7
6.1244085065589614e7
6.122854865226368e7
6.1212870862716265e7
6.119705254521053e7
6.118109455874826e7
6.116499777264482e7
6.1148763066112004e7
6.113239132784873e7
6.111588345563934e7
6.109924035595968e7
6.108246294359074e7
6.106555214123988e7
6.104850887916955e7
6.1031334094833456e7
6.101402873252011e7
6.0996593743003555e7
6.097903008320149e7
6.09613387158404e7
6.094352060912777e7
6.09255767364314e7
6.090750807596545e7
6.088931561048342e7
6.087100032697784e7
6.085256321638665e7
6.083400527330605e7
6.081532749570993e7
6.079653088467569e7
6.077761644411624e7
6.075858518051844e7
6.0739438102687344e7
6.072017622149693e7
6.070080054964628e7
6.0681312101422004e7
6.066171189246629e7
6.064200093955057e7
6.0622180260354854e7
6.060225087325265e7
6.058221379710107e7
6.0562070051036514e7
6.054182065427536e7
6.052146662591998e7
6.050100898476973e7
6.048044874913694e7
6.045978693666774e7
6.043902456416778e7
6.0418162647432595e7
6.0397202201082624e7
6.03761442384028e7
6.0354989771186545e7
6.0333739809584215e7
6.031239536195585e7
6.029095743472808e7
6.0269427032255225e7
6.024780515668443e7
6.022609280782488e7
6.020429098302074e7
6.0182400677028164e7
6.016042288189581e7
6.013835858684931e7
6.011620877817906e7
6.0093974439131804e7
6.007165654980557e7
6.004925608704796e7
6.367697029604765e7
6.367696136298983e7
6.367694916503255e7
6.367693292945001e7
6.367691178766729e7
6.367688477419288e7
6.367685082619917e7
6.367680878370276e7
6.367675739029696e7
6.3676695294389464e7
6.367662105089922e7
6.367653312336765e7
6.367642988644087e7
6.3676309628681384e7
6.367617055566933e7
6.3676010793355286e7
6.367582839162899e7
6.367562132806979e7
6.367538751184751e7
6.367512478774368e7
6.36748309402657e7
6.367450369782863e7
6.367414073698073e7
6.367373968665141e7
6.367329813240173e7
6.367281362065964e7
6.367228366292372e7
6.367170573992076e7
6.367107730570429e7
6.367039579168243e7
6.3669658610564895e7
6.366886316022009e7
6.366800682743485e7
6.366708699156992e7
6.366610102810585e7
6.366504631207442e7
6.366392022137228e7
6.366272013995315e7
6.366144346089727e7
6.366008758935572e7
6.365864994536947e7
6.365712796656188e7
6.3655519110705815e7
6.365382085816518e7
6.3652030714212045e7
6.365014621122093e7
6.3648164910741664e7
6.364608440545276e7
6.3643902320997536e7
6.364161631770533e7
6.363922409220052e7
6.363672337890167e7
6.3634111951414004e7
6.363138762381806e7
6.362854825185743e7
6.362559173402867e7
6.362251601257676e7
6.361931907439891e7
6.3615998951860204e7
6.361255372352401e7
6.360898151480053e7
6.360528049851654e7
6.360144889540942e7
6.359748497454871e7
6.359338705368809e7
6.358915349955084e7
6.358478272805184e7
6.358027320445879e7
6.357562344349574e7
6.357083200939148e7
6.356589751587559e7
6.3560818626124926e7
6.355559405266268e7
6.3550222557213195e7
6.3544702950514086e7
6.353903409208895e7
6.3533214889982015e7
6.352724430045787e7
6.352112132766742e7
6.3514845023283064e7
6.350841448610415e7
6.350182886163563e7
6.349508734164083e7
6.348818916367051e7
6.348113361057016e7
6.34739200099666e7
6.346654773373596e7
6.34590161974542e7
6.345132485983186e7
6.344347322213424e7
6.343546082758843e7
6.342728726077838e7
6.341895214702929e7
6.341045515178248e7
6.34017959799617e7
6.339297437533217e7
6.3383990119852975e7
6.3374843033024244e7
6.336553297122963e7
6.3356059827075e7
6.334642352872446e7
6.333662403923398e7
6.332666135588392e7
6.331653550951052e7
6.330624656383762e7
6.329579461480884e7
6.328517978992087e7
6.327440224755851e7
6.326346217633203e7
6.325235979441691e7
6.324109534889719e7
6.322966911511209e7
6.321808139600669e7
6.320633252148701e7
6.319442284777992e7
6.318235275679782e7
6.317012265550892e7
6.315773297531303e7
6.314518417142327e7
6.3132476722253956e7
6.311961112881472e7
6.310658791411129e7
6.309340762255298e7
6.308007081936713e7
6.306657809002059e7
6.305293003964821e7
6.3039127292489134e7
6.302517049133005e7
6.301106029695626e7
6.2996797387610234e7
6.298238245845795e7
6.2967816221062995e7
6.2953099402868405e7
6.293823274668644e7
6.292321701019624e7
6.290805296544931e7
6.2892741398383096e7
6.287728310834239e7
6.286167890760864e7
6.284592962093738e7
6.283003608510329e7
6.2813999148453526e7
6.279781967046866e7
6.2781498521331415e7
6.276503658150362e7
6.274843474131042e7
6.2731693900532626e7
6.271481496800646e7
6.2697798861231185e7
6.2680646505984e7
6.266335883594281e7
6.264593679231614e7
6.262838132348053e7
6.261069338462536e7
6.2592873937404744e7
6.257492394959668e7
6.255684439476927e7
6.253863625195404e7
6.2520300505326055e7
6.2501838143891014e7
6.248325016117903e7
6.246453755494516e7
6.2445701326876596e7
6.242674248230625e7
6.240766202993283e7
6.238846098154732e7
6.236914035176565e7
6.2349701157767594e7
6.23301444190418e7
6.231047115713656e7
6.229068239541694e7
6.227077915882728e7
6.22507624736598e7
6.223063336732843e7
6.221039286814878e7
6.2190042005122945e7
6.2169581807730176e7
6.214901330572255e7
6.212833752892604e7
6.210755550704651e7
6.208666826948101e7
6.206567684513366e7
6.204458226223676e7
6.202338554817639e7
6.200208772932288e7
6.198068983086587e7
6.1959192876653664e7
6.193759788903751e7
6.191590588871966e7
6.189411789460624e7
6.187223492366389e7
6.18502579907809e7
6.182818810863206e7
6.180602628754776e7
6.178377353538681e7
6.1761430857413076e7
6.173899925617605e7
6.171647973139476e7
6.1693873279845625e7
6.167118089525365e7
6.164840356818702e7
6.5337454068089865e7
6.533744512503828e7
6.5337432912173055e7
6.5337416655043125e7
6.533739548295131e7
6.533736842783956e7
6.533733442382202e7
6.533729230731884e7
6.533724081774303e7
6.5337178598694295e7
6.533710419961348e7
6.533701607785411e7
6.533691260112705e7
6.5336792050277404e7
6.533665262235402e7
6.5336492433933645e7
6.533630952466411e7
6.5336101860992596e7
6.53358673400477e7
6.533560379364522e7
6.533530899239019e7
6.5334980649850085e7
6.533461642677463e7
6.5334213935341656e7
6.53337707434084e7
6.533328437875064e7
6.5332752333272904e7
6.533217206717576e7
6.533154101306627e7
6.53308565800004e7
6.5330116157446705e7
6.532931711916252e7
6.53284568269746e7
6.532753263445738e7
6.5326541890503295e7
6.532548194278046e7
6.532435014107323e7
6.532314384050359e7
6.532186040462984e7
6.532049720842197e7
6.531905164111175e7
6.531752110891794e7
6.531590303764578e7
6.531419487516185e7
6.531239409374477e7
6.531049819231324e7
6.530850469853285e7
6.530641117080335e7
6.530421520012887e7
6.5301914411872774e7
6.529950646740036e7
6.529698906561132e7
6.529435994436533e7
6.52916168818031e7
6.5288757697566465e7
6.528578025391993e7
6.528268245677714e7
6.5279462256635346e7
6.527611764942092e7
6.527264667724893e7
6.526904742910047e7
6.526531804142005e7
6.526145669863692e7
6.525746163361291e7
6.525333112802011e7
6.524906351265107e7
6.5244657167665005e7
6.524011052277217e7
6.5235422057359844e7
6.5230590300562456e7
6.522561383127843e7
6.522049127813676e7
6.52152213194153e7
6.5209802682913944e7
6.5204234145784676e7
6.519851453432082e7
6.519264272370805e7
6.518661763773925e7
6.518043824849531e7
6.5174103575993724e7
6.5167612687807694e7
6.516096469865667e7
6.515415876997096e7
6.514719410943186e7
6.514006997048913e7
6.513278565185723e7
6.512534049699226e7
6.511773389355097e7
6.5109965272833e7
6.5102034109208345e7
6.509393991953084e7
6.508568226253919e7
6.50772607382468e7
6.506867498732148e7
6.505992469045609e7
6.505100956773138e7
6.504192937797177e7
6.503268391809534e7
6.502327302245877e7
6.501369656219794e7
6.500395444456542e7
6.499404661226544e7
6.498397304278675e7
6.4973733747734725e7
6.496332877216302e7
6.4952758193905115e7
6.494202212290715e7
6.493112070056173e7
6.4920054099043846e7
6.490882252064915e7
6.489742619713506e7
6.488586538906519e7
6.4874140385157764e7
6.48622515016375e7
6.485019908159282e7
6.4837983494337186e7
6.482560513477588e7
6.481306442277816e7
6.4800361802555226e7
6.478749774204378e7
6.477447273229621e7
6.476128728687677e7
6.474794194126466e7
6.473443725226367e7
6.472077379741887e7
6.4706952174440235e7
6.469297300063361e7
6.467883691233897e7
6.466454456437613e7
6.465009662949786e7
6.463549379785079e7
6.4620736776443854e7
6.460582628862448e7
6.45907630735628e7
6.457554788574323e7
6.4560181494464405e7
6.4544664683346614e7
6.4528998249847375e7
6.451318300478479e7
6.449721977186883e7
6.448110938724051e7
6.446485269901891e7
6.4448450566856235e7
6.443190386150037e7
6.441521346436558e7
6.439838026711074e7
6.438140517122547e7
6.4364289087623775e7
6.434703293624544e7
6.432963764566498e7
6.431210415270811e7
6.429443340207555e7
6.427662634597454e7
6.425868394375731e7
6.424060716156709e7
6.422239697199123e7
6.420405435372141e7
6.418558029122087e7
6.416697577439875e7
6.4148241798291236e7
6.412937936274937e7
6.41103894721339e7
6.4091273135016575e7
6.4072031363887966e7
6.405266517487189e7
6.4033175587446265e7
6.401356362417004e7
6.399383031041662e7
6.397397667411324e7
6.395400374548649e7
6.3933912556813814e7
6.39137041421807e7
6.3893379537243925e7
6.387293977900031e7
6.385238590556116e7
6.383171895593217e7
6.3810939969798855e7
6.379004998731725e7
6.376905004890992e7
6.37479411950671e7
6.372672446615297e7
6.370540090221687e7
6.3683971542809606e7
6.36624374268043e7
6.364079959222226e7
6.361905907606334e7
6.359721691414105e7
6.357527414092197e7
6.3553231789369784e7
6.3531090890793435e7
6.350885247469988e7
6.348651756865059e7
6.346408719812246e7
6.344156238637282e7
6.341894415430798e7
6.339623352035611e7
6.3373431500343755e7
6.335053910737584e7
6.3327557351719804e7
6.3304487240692884e7
6.328132977855308e7
6.70323981332371e7
6.703238918028852e7
6.7032376952658504e7
6.703236067418628e7
6.703233947207118e7
6.703231237571077e7
6.7032278316186816e7
6.703223612635269e7
6.703218454147488e7
6.7032122200382635e7
6.703204764708069e7
6.703195933278032e7
6.703185561830685e7
6.7031734776841566e7
6.703159499695923e7
6.703143438592326e7
6.703125097320321e7
6.703104271418062e7
6.703080749401173e7
6.7030543131617434e7
6.703024738377302e7
6.7029917949271865e7
6.702955247313954e7
6.702914855087677e7
6.7028703732711084e7
6.70282155278392e7
6.702768140864357e7
6.7027098814868316e7
6.702646515774144e7
6.702577782403106e7
6.702503418002538e7
6.702423157542743e7
6.702336734715599e7
6.702243882304624e7
6.702144332544411e7
6.702037817468943e7
6.701924069248344e7
6.7018028205138385e7
6.7016738046705626e7
6.701536756198111e7
6.701391410938686e7
6.70123750637277e7
6.701074781882353e7
6.700902979001689e7
6.7007218416557044e7
6.700531116386162e7
6.700330552565701e7
6.700119902599961e7
6.699898922117961e7
6.699667370150979e7
6.699425009300145e7
6.699171605893031e7
6.6989069301294915e7
6.698630756217052e7
6.6983428624960884e7
6.698043031555197e7
6.6977310503369205e7
6.697406710234268e7
6.697069807178262e7
6.6967201417168304e7
6.696357519085398e7
6.695981749269437e7
6.695592647059314e7
6.695190032097739e7
6.6947737289200895e7
6.694343566987961e7
6.693899380716188e7
6.6934410094936326e7
6.692968297698056e7
6.692481094705306e7
6.691979254893121e7
6.691462637639806e7
6.6909311073180094e7
6.690384533283922e7
6.689822789862053e7
6.689245756325886e7
6.688653316874604e7
6.6880453606061414e7
6.687421781486732e7
6.6867824783172086e7
6.6861273546962164e7
6.68545631898054e7
6.6847692842427835e7
6.6840661682264656e7
6.683346893298855e7
6.682611386401569e7
6.681859578999196e7
6.681091407026055e7
6.6803068108312204e7
6.679505735122001e7
6.678688128905976e7
6.677853945431716e7
6.677003142128328e7
6.676135680543937e7
6.675251526283217e7
6.674350648944074e7
6.673433022053583e7
6.6724986230033115e7
6.671547432984046e7
6.670579436920105e7
6.669594623403245e7
6.66859298462628e7
6.66757451631649e7
6.666539217668859e7
6.66548709127927e7
6.66441814307764e7
6.663332382261145e7
6.662229821227507e7
6.66111047550848e7
6.659974363703519e7
6.658821507413708e7
6.657651931176012e7
6.6564656623978466e7
6.655262731292061e7
6.654043170812316e7
6.652807016588953e7
6.6515543068653174e7
6.650285082434636e7
6.648999386577429e7
6.6476972649994865e7
6.6463787657704696e7
6.645043939263109e7
6.643692838093074e7
6.642325517059457e7
6.640942033086002e7
6.639542445162958e7
6.638126814289695e7
6.636695203418009e7
6.63524767739617e7
6.633784302913714e7
6.632305148446988e7
6.630810284205441e7
6.629299782078699e7
6.627773715584396e7
6.6262321598167896e7
6.624675191396153e7
6.623102888418959e7
6.6215153304088265e7
6.619912598268271e7
6.618294774231245e7
6.616661941816445e7
6.615014185781417e7
6.6133515920774475e7
6.6116742478052296e7
6.6099822411713e7
6.60827566144528e7
6.606554598917849e7
6.6048191448595226e7
6.603069391480167e7
6.601305431889282e7
6.5995273600570455e7
6.5977352707760885e7
6.595929259624024e7
6.5941094229266986e7
6.5922758577221975e7
6.590428661725532e7
6.58856793329408e7
6.586693771393714e7
6.584806275565629e7
6.582905545893864e7
6.5809916829735234e7
6.579064787879645e7
6.577124962136767e7
6.575172307689133e7
6.5732069268715635e7
6.571228922380963e7
6.569238397248466e7
6.567235454812214e7
6.565220198690735e7
6.563192732756947e7
6.561153161112767e7
6.559101588064297e7
6.5570381180976e7
6.5549628558550626e7
6.5528759061122894e7
6.550777373755616e7
6.548667363760092e7
6.546545981168081e7
6.5444133310683414e7
6.542269518575645e7
6.540114648810917e7
6.537948826881878e7
6.535772157864177e7
6.5335847467830256e7
6.531386698595294e7
6.529178118172116e7
6.526959110281898e7
6.524729779573858e7
6.522490230561953e7
6.520240567609267e7
6.5179808949128464e7
6.515711316488938e7
6.513431936158648e7
6.511142857534011e7
6.508844184004474e7
6.506536018723754e7
6.504218464597079e7
6.501891624268843e7
6.49955560011057e7
6.497210494209324e7
6.4948564083563894e7
6.876233609465693e7
6.876232713190675e7
6.876231488965312e7
6.876229859004085e7
6.876227735818434e7
6.876225022095862e7
6.876221610643874e7
6.87621738439407e7
6.876212216461763e7
6.876205970256582e7
6.8761984996395e7
6.87618964912198e7
6.87617925410292e7
6.87616714113938e7
6.876153128247096e7
6.876137025227098e7
6.876118634014843e7
6.87609774904852e7
6.876074157653373e7
6.87604764043908e7
6.876017971707404e7
6.875984919867632e7
6.875948247857326e7
6.875907713566296e7
6.875863070261744e7
6.87581406701278e7
6.87576044911264e7
6.875701958497137e7
6.875638334157944e7
6.875569312549588e7
6.875494627989016e7
6.875414013046858e7
6.875327198929511e7
6.875233915851395e7
6.875133893396726e7
6.875026860870346e7
6.874912547637135e7
6.874790683449724e7
6.874660998764223e7
6.87452322504374e7
6.874377095049621e7
6.874222343120272e7
6.874058705437598e7
6.873885920281018e7
6.873703728269197e7
6.873511872589518e7
6.873310099215491e7
6.873098157112235e7
6.872875798430207e7
6.872642778687456e7
6.872398856940538e7
6.872143795944439e7
6.871877362301679e7
6.871599326600978e7
6.871309463545646e7
6.871007552072093e7
6.870693375458708e7
6.87036672142542e7
6.870027382224238e7
6.869675154721114e7
6.869309840469386e7
6.868931245775144e7
6.868539181754814e7
6.868133464385282e7
6.867713914546795e7
6.867280358059041e7
6.866832625710604e7
6.866370553282127e7
6.865893981563444e7
6.865402756365007e7
6.864896728523794e7
6.864375753904037e7
6.863839693392986e7
6.863288412891981e7
6.862721783303052e7
6.862139680511309e7
6.861541985363328e7
6.860928583641787e7
6.860299366036525e7
6.859654228112273e7
6.858993070273225e7
6.858315797724675e7
6.857622320431879e7
6.856912553076354e7
6.856186415009741e7
6.855443830205458e7
6.854684727208257e7
6.853909039081864e7
6.853116703354852e7
6.852307661964855e7
6.85148186120133e7
6.850639251646918e7
6.849779788117576e7
6.848903429601605e7
6.848010139197654e7
6.847099884051837e7
6.846172635294075e7
6.8452283679737e7
6.844267060994534e7
6.843288697049393e7
6.842293262554213e7
6.841280747581829e7
6.840251145795484e7
6.839204454382162e7
6.838140673985793e7
6.837059808640417e7
6.835961865703353e7
6.834846855788441e7
6.833714792699404e7
6.832565693363398e7
6.831399577764785e7
6.830216468879175e7
6.829016392607807e7
6.827799377712247e7
6.82656545574955e7
6.825314661007793e7
6.824047030442113e7
6.822762603611216e7
6.821461422614469e7
6.820143532029472e7
6.818808978850277e7
6.817457812426169e7
6.816090084401104e7
6.814705848653764e7
6.8133051612383e7
6.811888080325724e7
6.810454666146058e7
6.809004980931093e7
6.807539088857983e7
6.806057055993475e7
6.80455895023893e7
6.803044841276091e7
6.801514800513594e7
6.799968901034246e7
6.798407217543074e7
6.796829826316166e7
6.795236805150242e7
6.79362823331305e7
6.792004191494524e7
6.790364761758722e7
6.788710027496548e7
6.787040073379262e7
6.785354985312763e7
6.783654850392656e7
6.78193975686009e7
6.780209794058374e7
6.778465052390371e7
6.776705623276642e7
6.774931599114372e7
6.77314307323704e7
6.771340139874846e7
6.769522894115889e7
6.767691431868087e7
6.765845849821836e7
6.763986245413385e7
6.762112716788955e7
6.760225362769565e7
6.758324282816556e7
6.756409576997843e7
6.754481345954847e7
6.7525396908701e7
6.750584713435574e7
6.748616515821628e7
6.746635200646667e7
6.744640870947418e7
6.742633630149883e7
6.740613582040912e7
6.738580830740425e7
6.73653548067424e7
6.734477636547522e7
6.732407403318839e7
6.730324886174816e7
6.728230190505375e7
6.726123421879555e7
6.724004686021902e7
6.721874088789432e7
6.719731736149126e7
6.717577734156014e7
6.715412188931724e7
6.713235206643642e7
6.711046893484536e7
6.708847355652703e7
6.7066366993326396e7
6.704415030676182e7
6.7021824557841495e7
6.69993908068845e7
6.697685011334677e7
6.695420353565155e7
6.6931452131024316e7
6.690859695533232e7
6.688563906292845e7
6.6862579506499365e7
6.683941933691777e7
6.681615960309909e7
6.679280135186191e7
6.676934562779263e7
6.674579347311394e7
6.672214592755716e7
6.669840402823825e7
6.667456880953777e7
6.665064130298421e7
7.052780703566097e7
7.052779806320322e7
7.052778580646513e7
7.052776948591228e7
7.052774822459233e7
7.052772104687957e7
7.052768687786753e7
7.052764454336382e7
7.052759277044126e7
7.052753018850002e7
7.05274553307959e7
7.052736663639167e7
7.052726245248899e7
7.052714103710037e7
7.05270005620221e7
7.052683911607106e7
7.052665470854974e7
7.052644527290612e7
7.052620867055708e7
7.052594269484553e7
7.052564507510366e7
7.052531348079704e7
7.052494552572556e7
7.052453877225913e7
7.052409073558849e7
7.05235988879728e7
7.052306066296679e7
7.052247345961305e7
7.052183464658557e7
7.052114156627235e7
7.052039153878641e7
7.05195818658958e7
7.051870983486383e7
7.051777272219302e7
7.05167677972659e7
7.051569232587765e7
7.051454357365678e7
7.051331880936922e7
7.051201530810413e7
7.05106303543389e7
7.050916124488164e7
7.050760529169095e7
7.050595982457165e7
7.050422219374791e7
7.050238977231276e7
7.050045995855626e7
7.04984301781728e7
7.049629788634934e7
7.049406056973606e7
7.049171574830249e7
7.048926097707978e7
7.048669384779301e7
7.048401199038525e7
7.048121307443638e7
7.047829481047928e7
7.047525495121667e7
7.047209129264078e7
7.046880167505988e7
7.046538398403367e7
7.046183615122138e7
7.045815615514496e7
7.04543420218711e7
7.045039182561444e7
7.044630368926555e7
7.044207578484623e7
7.043770633389537e7
7.043319360778823e7
7.042853592799178e7
7.042373166625923e7
7.041877924476638e7
7.041367713619228e7
7.040842386374713e7
7.040301800115009e7
7.039745817255874e7
7.039174305245383e7
7.038587136548063e7
7.037984188624966e7
7.037365343909906e7
7.036730489782062e7
7.036079518535165e7
7.035412327343464e7
7.034728818224658e7
7.03402889800004e7
7.033312478251931e7
7.032579475278677e7
7.031829810047345e7
7.031063408144237e7
7.03028019972347e7
7.02948011945367e7
7.028663106463006e7
7.02782910428266e7
7.026978060788861e7
7.026109928143664e7
7.025224662734489e7
7.024322225112683e7
7.023402579931056e7
7.022465695880654e7
7.021511545626713e7
7.020540105744039e7
7.019551356651789e7
7.018545282547823e7
7.01752187134264e7
7.016481114593048e7
7.015423007435568e7
7.014347548519729e7
7.013254739941233e7
7.012144587175107e7
7.011017099008915e7
7.009872287476021e7
7.008710167789042e7
7.007530758273466e7
7.006334080301534e7
7.0051201582264e7
7.00388901931664e7
7.002640693691123e7
7.001375214254285e7
7.000092616631877e7
6.998792939107141e7
6.997476222557552e7
6.996142510392055e7
6.994791848488869e7
6.993424285133901e7
6.99203987095974e7
6.990638658885294e7
6.989220704056086e7
6.987786063785186e7
6.986334797494864e7
6.9848669666589e7
6.98338263474563e7
6.981881867161703e7
6.98036473119657e7
6.978831295967707e7
6.977281632366604e7
6.975715813005489e7
6.974133912164825e7
6.97253600574157e7
6.970922171198195e7
6.969292487512515e7
6.967647035128248e7
6.96598589590637e7
6.964309153077264e7
6.962616891193618e7
6.960909196084127e7
6.959186154807957e7
6.957447855609979e7
6.95569438787679e7
6.953925842093503e7
6.952142309801279e7
6.950343883555661e7
6.94853065688562e7
6.946702724253401e7
6.944860181015079e7
6.943003123381886e7
6.941131648382255e7
6.939245853824615e7
6.937345838260888e7
6.935431700950725e7
6.933503541826457e7
6.931561461458723e7
6.929605561022818e7
6.92763594226574e7
6.92565270747389e7
6.923655959441489e7
6.921645801439615e7
6.91962233718593e7
6.917585670815063e7
6.915535906849618e7
6.913473150171824e7
6.911397505995815e7
6.909309079840529e7
6.907207977503212e7
6.905094305033538e7
6.902968168708284e7
6.900829675006662e7
6.898678930586138e7
6.896516042258896e7
6.894341116968815e7
6.892154261769013e7
6.889955583799936e7
6.887745190267974e7
6.885523188424605e7
6.883289685546061e7
6.881044788913494e7
6.878788605793646e7
6.876521243420011e7
6.874242808974493e7
6.871953409569511e7
6.869653152230603e7
6.86734214387947e7
6.86502049131747e7
6.862688301209582e7
6.86034568006876e7
6.857992734240764e7
6.855629569889373e7
6.853256292982037e7
6.850873009275913e7
6.848479824304311e7
6.846076843363538e7
6.843664171500085e7
6.841241913498259e7
6.838810173868108e7
7.232935554770142e7
7.232934656562881e7
7.232933429454353e7
7.232931795324679e7
7.232929666273767e7
7.232926944491102e7
7.232923522190389e7
7.232919281604414e7
7.232914095035699e7
7.2329078249583e7
7.232900324166457e7
7.232891435965718e7
7.232880994402356e7
7.232868824527037e7
7.23285474268888e7
7.232838556856157e7
7.232820066960153e7
7.23279906525882e7
7.232775336717074e7
7.232748659400824e7
7.232718804881935e7
7.232685538651553e7
7.232648620539486e7
7.232607805137354e7
7.23256284222355e7
7.232513477188155e7
7.232459451456149e7
7.232400502907348e7
7.232336366291752e7
7.232266773639059e7
7.232191454661226e7
7.232110137147158e7
7.23202254734864e7
7.231928410356794e7
7.231827450468425e7
7.231719391541715e7
7.231603957340817e7
7.231480871869e7
7.231349859690015e7
7.231210646237512e7
7.231062958112308e7
7.23090652336743e7
7.230741071780865e7
7.230566335116047e7
7.230382047370096e7
7.230187945009893e7
7.229983767196131e7
7.229769255995443e7
7.22954415658084e7
7.229308217420587e7
7.229061190455803e7
7.228802831266956e7
7.228532899229552e7
7.228251157659252e7
7.227957373946722e7
7.227651319682439e7
7.227332770771815e7
7.227001507540902e7
7.22665731483294e7
7.226299982096119e7
7.225929303462805e7
7.225545077820545e7
7.225147108875178e7
7.224735205206291e7
7.224309180315405e7
7.223868852667074e7
7.223414045723304e7
7.222944587971492e7
7.222460312946184e7
7.221961059244958e7
7.221446670538676e7
7.22091699557635e7
7.220371888184927e7
7.219811207264215e7
7.219234816777153e7
7.218642585735792e7
7.218034388183036e7
7.217410103170538e7
7.21676961473284e7
7.216112811858062e7
7.215439588455266e7
7.214749843318753e7
7.214043480089448e7
7.213320407213552e7
7.212580537898687e7
7.211823790067628e7
7.211050086309852e7
7.210259353831024e7
7.209451524400607e7
7.208626534297672e7
7.207784324255149e7
7.206924839402561e7
7.206048029207414e7
7.205153847415368e7
7.20424225198929e7
7.203313205047305e7
7.202366672799967e7
7.201402625486626e7
7.200421037311122e7
7.199421886376865e7
7.198405154621416e7
7.197370827750644e7
7.196318895172538e7
7.195249349930745e7
7.194162188637923e7
7.193057411408973e7
7.191935021794188e7
7.190795026712428e7
7.189637436384337e7
7.18846226426569e7
7.1872695269809e7
7.186059244256729e7
7.184831438856284e7
7.18358613651331e7
7.182323365866816e7
7.181043158396111e7
7.179745548356241e7
7.178430572713895e7
7.177098271083783e7
7.175748685665543e7
7.17438186118119e7
7.172997844813114e7
7.171596686142695e7
7.170178437089519e7
7.168743151851219e7
7.167290886843988e7
7.165821700643736e7
7.16433565392794e7
7.162832809418206e7
7.16131323182351e7
7.159776987784186e7
7.158224145816621e7
7.156654776258725e7
7.155068951216094e7
7.153466744508974e7
7.151848231619972e7
7.150213489642501e7
7.148562597230044e7
7.146895634546138e7
7.145212683215171e7
7.143513826273914e7
7.141799148123859e7
7.140068734484328e7
7.13832267234633e7
7.136561049927211e7
7.134783956626081e7
7.132991482979989e7
7.13118372062087e7
7.129360762233268e7
7.127522701512784e7
7.125669633125325e7
7.123801652667047e7
7.121918856625096e7
7.120021342339039e7
7.118109207963058e7
7.116182552428868e7
7.11424147540934e7
7.11228607728286e7
7.110316459098367e7
7.108332722541125e7
7.106334969899167e7
7.104323304030426e7
7.102297828330539e7
7.100258646701357e7
7.098205863520066e7
7.096139583609003e7
7.09405991220611e7
7.091966954936007e7
7.089860817781731e7
7.087741607057069e7
7.08560942937952e7
7.083464391643861e7
7.081306600996311e7
7.079136164809276e7
7.076953190656693e7
7.074757786289935e7
7.072550059614277e7
7.07033011866593e7
7.068098071589616e7
7.065854026616679e7
7.063598092043732e7
7.061330376211815e7
7.059050987486108e7
7.056760034236076e7
7.054457624816191e7
7.05214386754708e7
7.049818870697202e7
7.047482742464966e7
7.045135590961316e7
7.042777524192822e7
7.040408650045118e7
7.038029076266907e7
7.03563891045429e7
7.033238260035594e7
7.030827232256585e7
7.02840593416609e7
7.025974472602043e7
7.023532954177903e7
7.02108148526948e7
7.018620172002125e7
7.016149120238318e7
7.416753175836824e7
7.416752276677224e7
7.416751048147509e7
7.416749411962846e7
7.416747280020066e7
7.41674455426283e7
7.416741126611651e7
7.416736878954206e7
7.416731683191454e7
7.416725401335119e7
7.416717885652114e7
7.416708978851674e7
7.416698514310974e7
7.416686316335286e7
7.416672200448756e7
7.416655973712139e7
7.416637435063961e7
7.416616375681823e7
7.416592579360633e7
7.416565822904897e7
7.416535876532267e7
7.416502504285797e7
7.416465464452507e7
7.416424509986077e7
7.416379388931659e7
7.416329844850901e7
7.416275617245567e7
7.416216441978167e7
7.416152051688237e7
7.416082176203047e7
7.416006542941573e7
7.415924877310842e7
7.415836903093679e7
7.415742342827237e7
7.415640918171515e7
7.41553235026744e7
7.415416360083982e7
7.415292668753944e7
7.4151609978981e7
7.415021069937484e7
7.41487260839364e7
7.4147153381767e7
7.414548985861278e7
7.41437327995011e7
7.414187951125526e7
7.413992732488792e7
7.413787359787434e7
7.413571571630691e7
7.41334510969323e7
7.413107718907376e7
7.412859147643967e7
7.412599147882177e7
7.412327475368446e7
7.412043889764847e7
7.411748154787117e7
7.41144003833265e7
7.411119312598728e7
7.410785754191285e7
7.410439144224496e7
7.410079268411465e7
7.409705917146377e7
7.409318885578334e7
7.408917973677216e7
7.408502986291872e7
7.408073733200903e7
7.40763002915636e7
7.407171693920624e7
7.40669855229676e7
7.40621043415264e7
7.405707174439067e7
7.405188613202207e7
7.404654595590599e7
7.404104971856952e7
7.40353959735502e7
7.402958332531798e7
7.402361042915256e7
7.40174759909785e7
7.401117876716052e7
7.400471756426094e7
7.399809123876151e7
7.399129869675149e7
7.39843388935842e7
7.397721083350404e7
7.396991356924504e7
7.396244620160413e7
7.395480787898916e7
7.394699779694492e7
7.393901519765756e7
7.393085936943945e7
7.392252964619625e7
7.391402540687664e7
7.390534607490724e7
7.38964911176131e7
7.388746004562555e7
7.387825241227822e7
7.386886781299272e7
7.385930588465476e7
7.384956630498196e7
7.383964879188444e7
7.382955310281856e7
7.381927903413554e7
7.380882642042519e7
7.379819513385585e7
7.37873850835112e7
7.377639621472482e7
7.376522850841294e7
7.375388198040661e7
7.3742356680783e7
7.37306526931973e7
7.37187701342155e7
7.370670915264824e7
7.369446992888676e7
7.368205267424111e7
7.366945763028117e7
7.365668506818071e7
7.364373528806545e7
7.363060861836459e7
7.361730541516706e7
7.360382606158216e7
7.35901709671053e7
7.357634056698896e7
7.356233532161894e7
7.354815571589667e7
7.353380225862715e7
7.351927548191339e7
7.350457594055685e7
7.348970421146469e7
7.347466089306375e7
7.345944660472089e7
7.344406198617099e7
7.342850769695161e7
7.341278441584481e7
7.339689284032658e7
7.338083368602338e7
7.336460768617621e7
7.334821559111214e7
7.333165816772361e7
7.3314936198955e7
7.32980504832972e7
7.328100183428955e7
7.326379108002959e7
7.324641906269069e7
7.322888663804695e7
7.321119467500632e7
7.319334405515091e7
7.317533567228544e7
7.315717043199302e7
7.313884925119868e7
7.312037305774046e7
7.310174278994833e7
7.308295939623004e7
7.306402383466527e7
7.30449370726064e7
7.302570008628741e7
7.300631386043945e7
7.298677938791423e7
7.296709766931438e7
7.294726971263085e7
7.292729653288774e7
7.290717915179384e7
7.288691859740134e7
7.286651590377131e7
7.284597211064595e7
7.282528826312794e7
7.280446541136579e7
7.27835046102465e7
7.276240691909416e7
7.274117340137544e7
7.2719805124411e7
7.269830315909356e7
7.267666857961187e7
7.265490246318096e7
7.263300588977839e7
7.261097994188628e7
7.258882570423952e7
7.256654426357943e7
7.25441367084133e7
7.252160412877952e7
7.249894761601824e7
7.247616826254725e7
7.245326716164377e7
7.243024540723081e7
7.24071040936693e7
7.238384431555493e7
7.236046716752052e7
7.233697374404266e7
7.231336513925374e7
7.228964244675864e7
7.226580675945602e7
7.224185916936438e7
7.22178007674525e7
7.219363264347449e7
7.216935588580923e7
7.2144971581304e7
7.212048081512254e7
7.209588467059702e7
7.207118422908433e7
7.204638056982626e7
7.202147476981367e7
7.199646790365453e7
7.197136104344575e7
7.604289135938653e7
7.604288235835722e7
7.604287005898166e7
7.604285367677656e7
7.60428323286969e7
7.60428050317421e7
7.604277070220976e7
7.60427281555535e7
7.604267610679935e7
7.604261317147698e7
7.6042537867022e7
7.604244861460732e7
7.604234374136135e7
7.604222148293425e7
7.604207998637277e7
7.604191731326774e7
7.604173144313861e7
7.60415202770225e7
7.604128164123552e7
7.60410132912783e7
7.604071291585667e7
7.604037814099282e7
7.604000653420298e7
7.603959560871902e7
7.603914282773437e7
7.603864560865518e7
7.603810132734013e7
7.603750732231285e7
7.603686089893389e7
7.603615933351889e7
7.603539987739222e7
7.603457976086606e7
7.603369619713624e7
7.603274638608687e7
7.603172751799747e7
7.603063677714707e7
7.602947134530993e7
7.602822840513948e7
7.60269051434373e7
7.602549875430411e7
7.602400644217166e7
7.602242542471386e7
7.602075293563636e7
7.601898622734456e7
7.601712257349032e7
7.601515927139768e7
7.601309364436872e7
7.601092304387099e7
7.600864485160753e7
7.600625648147207e7
7.60037553813907e7
7.600113903505258e7
7.599840496353188e7
7.599555072680388e7
7.59925739251571e7
7.598947220050493e7
7.598624323759896e7
7.598288476514757e7
7.597939455684163e7
7.597577043229145e7
7.597201025787707e7
7.596811194751506e7
7.59640734633451e7
7.595989281633884e7
7.595556806683432e7
7.59510973249986e7
7.594647875122173e7
7.594171055644435e7
7.593679100242276e7
7.593171840193279e7
7.592649111891635e7
7.592110756857257e7
7.591556621739669e7
7.590986558316834e7
7.590400423489267e7
7.589798079269585e7
7.589179392767796e7
7.588544236172491e7
7.587892486728196e7
7.587224026709095e7
7.5865387433893e7
7.585836529009895e7
7.585117280742954e7
7.584380900652671e7
7.583627295653838e7
7.582856377467802e7
7.582068062576085e7
7.581262272171842e7
7.580438932109272e7
7.579597972851172e7
7.578739329414745e7
7.577862941315812e7
7.57696875251158e7
7.576056711342035e7
7.575126770470148e7
7.57417888682096e7
7.573213021519682e7
7.572229139828904e7
7.571227211085023e7
7.570207208633965e7
7.569169109766334e7
7.56811289565202e7
7.567038551274414e7
7.56594606536423e7
7.564835430333106e7
7.56370664220695e7
7.562559700559194e7
7.561394608443972e7
7.560211372329248e7
7.559010002030061e7
7.557790510641819e7
7.556552914473781e7
7.55529723298272e7
7.554023488706861e7
7.55273170720009e7
7.551421916966522e7
7.550094149395406e7
7.548748438696483e7
7.547384821835744e7
7.546003338471696e7
7.544604030892101e7
7.543186943951264e7
7.541752125007883e7
7.540299623863435e7
7.538829492701223e7
7.537341786025997e7
7.535836560604231e7
7.534313875405051e7
7.532773791541849e7
7.531216372214551e7
7.529641682652612e7
7.528049790058711e7
7.526440763553154e7
7.524814674119022e7
7.523171594548044e7
7.521511599387218e7
7.519834764886178e7
7.518141168945317e7
7.516430891064675e7
7.514704012293558e7
7.512960615180972e7
7.511200783726776e7
7.509424603333628e7
7.507632160759678e7
7.505823544072051e7
7.50399884260107e7
7.502158146895263e7
7.500301548677123e7
7.498429140799618e7
7.496541017203481e7
7.494637272875227e7
7.492718003805931e7
7.490783306950751e7
7.488833280189182e7
7.486868022286062e7
7.484887632853283e7
7.48289221231224e7
7.480881861856999e7
7.478856683418162e7
7.476816779627475e7
7.474762253783065e7
7.472693209815437e7
7.470609752254124e7
7.468511986195013e7
7.466400017268343e7
7.464273951607375e7
7.462133895817713e7
7.45997995694725e7
7.457812242456786e7
7.45563086019126e7
7.453435918351607e7
7.45122752546723e7
7.449005790369077e7
7.44677082216332e7
7.44452273020564e7
7.442261624076042e7
7.439987613554321e7
7.43770080859603e7
7.43540131930903e7
7.433089255930601e7
7.430764728805065e7
7.428427848361976e7
7.426078725094803e7
7.423717469540152e7
7.42134419225748e7
7.418959003809334e7
7.416562014742042e7
7.414153335566933e7
7.411733076741995e7
7.409301348654036e7
7.40685826160126e7
7.404403925776353e7
7.401938451249966e7
7.399461947954658e7
7.396974525669245e7
7.394476294003625e7
7.391967362383947e7
7.389447840038231e7
7.386917835982388e7
7.384377459006603e7
7.381826817662133e7
7.795599563461305e7
7.795598662423934e7
7.795597431091699e7
7.79559579085421e7
7.795593653207394e7
7.795590919609511e7
7.795587481401995e7
7.795583219790667e7
7.795578005882931e7
7.795571700776535e7
7.795564155695635e7
7.795555212169899e7
7.795544702252556e7
7.795532448773463e7
7.795518265623291e7
7.795501958065249e7
7.795483323070842e7
7.7954621496763e7
7.795438219356652e7
7.795411306414415e7
7.795381178380215e7
7.79534759642271e7
7.795310315765482e7
7.795269086108655e7
7.795223652053216e7
7.795173753526163e7
7.795119126204789e7
7.795059501938519e7
7.794994609166928e7
7.794924173332657e7
7.794847917288099e7
7.79476556169484e7
7.794676825414978e7
7.794581425893542e7
7.794479079531306e7
7.794369502047488e7
7.794252408831741e7
7.794127515285127e7
7.79399453714969e7
7.79385319082637e7
7.793703193681076e7
7.79354426433879e7
7.793376122965577e7
7.793198491538508e7
7.793011094103497e7
7.792813657021084e7
7.792605909200263e7
7.792387582320477e7
7.792158411041917e7
7.791918133204302e7
7.791666490014324e7
7.791403226221982e7
7.791128090286042e7
7.790840834528832e7
7.79054121528068e7
7.79022899301422e7
7.789903932468846e7
7.789565802765623e7
7.78921437751291e7
7.788849434902991e7
7.788470757800034e7
7.788078133819614e7
7.787671355400172e7
7.787250219866602e7
7.786814529486376e7
7.78636409151837e7
7.785898718254791e7
7.785418227056405e7
7.78492244038136e7
7.784411185807925e7
7.783884296051356e7
7.783341608975153e7
7.782782967597021e7
7.782208220089714e7
7.781617219777061e7
7.781009825125378e7
7.780385899730521e7
7.779745312300797e7
7.779087936635935e7
7.778413651602367e7
7.777722341104992e7
7.777013894055639e7
7.776288204338413e7
7.775545170772116e7
7.774784697069933e7
7.77400669179654e7
7.773211068322785e7
7.772397744778185e7
7.771566644001259e7
7.770717693488005e7
7.769850825338523e7
7.768965976201996e7
7.768063087220187e7
7.767142103969482e7
7.766202976401705e7
7.76524565878377e7
7.76427010963626e7
7.763276291671109e7
7.76226417172842e7
7.761233720712551e7
7.760184913527589e7
7.759117729012193e7
7.758032149874063e7
7.75692816262394e7
7.75580575750934e7
7.754664928448024e7
7.753505672961304e7
7.752327992107242e7
7.751131890413819e7
7.7499173758121e7
7.748684459569487e7
7.747433156223087e7
7.746163483513254e7
7.744875462317374e7
7.743569116583882e7
7.742244473266621e7
7.740901562259525e7
7.7395404163317e7
7.73816107106292e7
7.736763564779556e7
7.73534793849104e7
7.733914235826777e7
7.73246250297362e7
7.73099278861392e7
7.729505143864132e7
7.727999622214048e7
7.726476279466629e7
7.724935173678516e7
7.723376365101145e7
7.72179991612259e7
7.72020589121005e7
7.718594356853059e7
7.71696538150739e7
7.715319035539679e7
7.713655391172789e7
7.71197452243189e7
7.710276505091299e7
7.708561416622046e7
7.70682933614021e7
7.705080344356e7
7.703314523523599e7
7.701531957391766e7
7.69973273115519e7
7.697916931406642e7
7.696084646089835e7
7.694235964453092e7
7.692370977003756e7
7.690489775463364e7
7.688592452723576e7
7.686679102802853e7
7.684749820803903e7
7.68280470287185e7
7.680843846153185e7
7.678867348755403e7
7.676875309707431e7
7.674867828920744e7
7.672845007151231e7
7.670806945961751e7
7.668753747685449e7
7.666685515389726e7
7.664602352840942e7
7.662504364469805e7
7.660391655337451e7
7.658264331102182e7
7.656122497986901e7
7.653966262747222e7
7.651795732640195e7
7.649611015393712e7
7.647412219176564e7
7.645199452569102e7
7.642972824534567e7
7.640732444390984e7
7.638478421783721e7
7.636210866658613e7
7.633929889235707e7
7.63163559998358e7
7.629328109594235e7
7.62700752895858e7
7.624673969142449e7
7.622327541363196e7
7.619968356966832e7
7.61759652740569e7
7.615212164216629e7
7.612815378999753e7
7.610406283397657e7
7.607984989075156e7
7.605551607699536e7
7.603106250921276e7
7.600649030355257e7
7.598180057562451e7
7.595699444032069e7
7.593207301164164e7
7.59070374025269e7
7.58818887246902e7
7.58566280884584e7
7.583125660261557e7
7.580577537425052e7
7.578018550860877e7
7.575448810894875e7
7.572868427640146e7
7.570277510983461e7
7.990741148803365e7
7.990740246840318e7
7.990739014126387e7
7.99073737189054e7
7.990735231430845e7
7.990732493965928e7
7.99072905055128e7
7.990724782055932e7
7.990719559195195e7
7.990713242615123e7
7.990705683024354e7
7.990696721369228e7
7.990686189048043e7
7.990673908160542e7
7.990659691788815e7
7.990643344305973e7
7.990624661709154e7
7.99060343197351e7
7.99057943542413e7
7.990552445122884e7
7.99052222726752e7
7.99048854160037e7
7.990451141824341e7
7.990409776023908e7
7.990364187089159e7
7.990314113140883e7
7.990259287955157e7
7.990199441385686e7
7.990134299782625e7
7.99006358640652e7
7.989987021836276e7
7.989904324370073e7
7.989815210418394e7
7.989719394888322e7
7.989616591558434e7
7.98950651344372e7
7.989388873149979e7
7.989263383217295e7
7.989129756452273e7
7.988987706248711e7
7.988836946896546e7
7.98867719387887e7
7.988508164157008e7
7.988329576443505e7
7.988141151463103e7
7.987942612201715e7
7.987733684143472e7
7.987514095495957e7
7.987283577403754e7
7.987041864150499e7
7.986788693349569e7
7.986523806123704e7
7.986246947273657e7
7.985957865436241e7
7.985656313231938e7
7.985342047402339e7
7.985014828937753e7
7.984674423195153e7
7.984320600006835e7
7.983953133780022e7
7.983571803587735e7
7.983176393251172e7
7.982766691413966e7
7.98234249160852e7
7.981903592314763e7
7.981449797011623e7
7.980980914221452e7
7.980496757547711e7
7.97999714570622e7
7.979481902550173e7
7.978950857089259e7
7.978403843503103e7
7.977840701149303e7
7.977261274566306e7
7.976665413471375e7
7.97605297275388e7
7.97542381246415e7
7.974777797798096e7
7.974114799077858e7
7.973434691728652e7
7.972737356252041e7
7.972022678195862e7
7.971290548120904e7
7.970540861564676e7
7.969773519002295e7
7.968988425804755e7
7.968185492194766e7
7.96736463320022e7
7.966525768605559e7
7.965668822901128e7
7.964793725230677e7
7.963900409337147e7
7.962988813506868e7
7.962058880512339e7
7.96111055755364e7
7.960143796198663e7
7.959158552322233e7
7.958154786044256e7
7.957132461666964e7
7.956091547611395e7
7.955032016353166e7
7.953953844357665e7
7.952857012014703e7
7.951741503572766e7
7.950607307072894e7
7.949454414282271e7
7.948282820627648e7
7.947092525128566e7
7.945883530330549e7
7.944655842238265e7
7.943409470248713e7
7.942144427084517e7
7.940860728727378e7
7.939558394351682e7
7.938237446258388e7
7.936897909809165e7
7.935539813360873e7
7.934163188200396e7
7.932768068479875e7
7.931354491152348e7
7.929922495907903e7
7.928472125110249e7
7.927003423733875e7
7.925516439301695e7
7.924011221823293e7
7.922487823733746e7
7.92094629983305e7
7.919386707226178e7
7.917809105263779e7
7.916213555483525e7
7.914600121552177e7
7.912968869208257e7
7.911319866205509e7
7.909653182256982e7
7.907968888979903e7
7.90626705984123e7
7.904547770103948e7
7.902811096774124e7
7.901057118548678e7
7.899285915763916e7
7.897497570344825e7
7.8956921657551e7
7.893869786947961e7
7.892030520317678e7
7.89017445365192e7
7.888301676084796e7
7.886412278050718e7
7.884506351238962e7
7.88258398854903e7
7.880645284046745e7
7.878690332921092e7
7.876719231441809e7
7.874732076917736e7
7.872728967655887e7
7.870710002921261e7
7.868675282897383e7
7.866624908647576e7
7.864558982076938e7
7.862477605895062e7
7.860380883579424e7
7.858268919339512e7
7.85614181808162e7
7.853999685374352e7
7.851842627414803e7
7.849670750995405e7
7.847484163471457e7
7.845282972729301e7
7.84306728715517e7
7.840837215604663e7
7.838592867372859e7
7.836334352165093e7
7.834061780068311e7
7.831775261523075e7
7.829474907296145e7
7.827160828453697e7
7.824833136335094e7
7.822491942527275e7
7.820137358839679e7
7.817769497279796e7
7.815388470029207e7
7.812994389420216e7
7.81058736791304e7
7.808167518073487e7
7.805734952551194e7
7.803289784058368e7
7.800832125349072e7
7.798362089198944e7
7.79587978838549e7
7.793385335668805e7
7.790878843772805e7
7.78836042536691e7
7.785830193048224e7
7.783288259324108e7
7.780734736595275e7
7.77816973713927e7
7.775593373094411e7
7.773005756444146e7
7.770406999001823e7
7.767797212395883e7
7.765176508055441e7
7.762544997196288e7
8.189771147175997e7
8.18977024429592e7
8.189769010213098e7
8.189767365997265e7
8.189765222750315e7
8.189762481453273e7
8.189759032878032e7
8.189754757559544e7
8.189749525824136e7
8.18974319786962e7
8.189735623892985e7
8.189726644261493e7
8.189716089723143e7
8.189703781652585e7
8.189689532328698e7
8.189673145240222e7
8.189654415415978e7
8.1896331297764e7
8.18960906750324e7
8.18958200042459e7
8.189551693412372e7
8.189517904789819e7
8.189480386746491e7
8.189438885758646e7
8.189393143012898e7
8.189342894831277e7
8.189287873095998e7
8.1892278056723e7
8.189162416828004e7
8.189091427648441e7
8.189014556445636e7
8.188931519160669e7
8.188842029758346e7
8.188745800613344e7
8.18864254288712e7
8.188531966895021e7
8.188413782463023e7
8.188287699273689e7
8.188153427201012e7
8.188010676633808e7
8.18785915878749e7
8.187698586004007e7
8.187528672039881e7
8.187349132342292e7
8.187159684313138e7
8.186960047561184e7
8.186749944142294e7
8.186529098787881e7
8.186297239121707e7
8.186054095865169e7
8.185799403031237e7
8.185532898107307e7
8.185254322227086e7
8.18496342033185e7
8.184659941321208e7
8.184343638193728e7
8.184014268177615e7
8.183671592851761e7
8.183315378257409e7
8.182945395000733e7
8.182561418346637e7
8.182163228303997e7
8.181750609702706e7
8.181323352262782e7
8.180881250655775e7
8.180424104558869e7
8.179951718701841e7
8.179463902907225e7
8.178960472123973e7
8.178441246454787e7
8.177906051177509e7
8.177354716760759e7
8.176787078874068e7
8.176202978392804e7
8.175602261398108e7
8.17498477917208e7
8.174350388188438e7
8.17369895009891e7
8.173030331715545e7
8.17234440498916e7
8.171641046984172e7
8.170920139849931e7
8.170181570788866e7
8.169425232021527e7
8.168651020748743e7
8.167858839111109e7
8.167048594145904e7
8.166220197741678e7
8.165373566590582e7
8.164508622138682e7
8.163625290534323e7
8.16272350257476e7
8.16180319365111e7
8.16086430369184e7
8.159906777104834e7
8.158930562718223e7
8.157935613720074e7
8.156921887597008e7
8.155889346071926e7
8.154837955040865e7
8.15376768450915e7
8.152678508526884e7
8.151570405123882e7
8.150443356244138e7
8.149297347679886e7
8.148132369005372e7
8.146948413510332e7
8.145745478133337e7
8.144523563394992e7
8.14328267333111e7
8.142022815425879e7
8.140744000545081e7
8.139446242869449e7
8.138129559828171e7
8.136793972032613e7
8.135439503210293e7
8.13406618013915e7
8.132674032582152e7
8.131263093222278e7
8.129833397597902e7
8.128384984038608e7
8.126917893601505e7
8.125432170008e7
8.123927859581123e7
8.122405011183375e7
8.120863676155189e7
8.119303908253926e7
8.117725763593529e7
8.116129300584781e7
8.11451457987623e7
8.112881664295743e7
8.111230618792756e7
8.109561510381213e7
8.107874408083193e7
8.106169382873257e7
8.104446507623476e7
8.10270585704923e7
8.100947507655728e7
8.099171537685226e7
8.097378027065039e7
8.095567057356262e7
8.093738711703277e7
8.091893074783948e7
8.090030232760662e7
8.088150273232035e7
8.086253285185434e7
8.084339358950222e7
8.082408586151773e7
8.080461059666239e7
8.078496873576045e7
8.076516123126179e7
8.074518904681179e7
8.072505315682898e7
8.070475454608981e7
8.068429420932096e7
8.066367315079899e7
8.0642892383957e7
8.062195293099876e7
8.060085582251972e7
8.057960209713545e7
8.055819280111702e7
8.05366289880329e7
8.05149117183985e7
8.049304205933207e7
8.047102108421761e7
8.044884987237428e7
8.042652950873257e7
8.040406108351716e7
8.038144569193597e7
8.035868443387608e7
8.033577841360538e7
8.031272873948106e7
8.028953652366409e7
8.026620288183957e7
8.024272893294364e7
8.021911579889572e7
8.019536460433717e7
8.017147647637543e7
8.014745254433402e7
8.012329393950807e7
8.009900179492553e7
8.007457724511367e7
8.005002142587134e7
8.0025335474046e7
8.000052052731657e7
7.997557772398096e7
7.995050820274901e7
7.992531310254021e7
7.989999356228645e7
7.987455072073966e7
7.984898571628407e7
7.982329968675315e7
7.979749376925145e7
7.977156909998056e7
7.974552681406988e7
7.971936804541141e7
7.96930939264993e7
7.966670558827323e7
7.964020415996611e7
7.96135907689559e7
7.958686654062146e7
8.3927473814027e7
8.392746477614117e7
8.392745242175032e7
8.392743595997329e7
8.392741449988416e7
8.392738704893695e7
8.392735251203795e7
8.39273096912228e7
8.392725728589539e7
8.392719389358588e7
8.392711801118582e7
8.392702803661923e7
8.392692227090898e7
8.392679892060038e7
8.392665610050352e7
8.39264918367189e7
8.392630406991172e7
8.392609065880205e7
8.392584938384019e7
8.392557795103732e7
8.392527399592486e7
8.392493508761601e7
8.39245587329462e7
8.392414238066985e7
8.392368342569287e7
8.392317921332231e7
8.392262704351543e7
8.392202417511281e7
8.39213678300405e7
8.392065519746889e7
8.391988343791609e7
8.391904968728556e7
8.391815106082883e7
8.391718465702479e7
8.391614756136867e7
8.391503685006447e7
8.391384959361531e7
8.391258286030748e7
8.391123371958461e7
8.390979924530837e7
8.390827651890388e7
8.390666263238822e7
8.390495469128032e7
8.390314981739186e7
8.390124515149887e7
8.389923785589458e7
8.389712511682336e7
8.389490414679722e7
8.3892572186796e7
8.38901265083523e7
8.388756441552359e7
8.388488324675253e7
8.388208037661842e7
8.387915321748129e7
8.387609922102165e7
8.387291587967788e7
8.386960072798438e7
8.386615134381245e7
8.38625653495174e7
8.385884041299406e7
8.385497424864389e7
8.38509646182563e7
8.384680933180709e7
8.384250624817698e7
8.383805327579276e7
8.383344837319437e7
8.382868954953006e7
8.382377486498313e7
8.381870243113236e7
8.381347041124916e7
8.380807702053411e7
8.380252052629524e7
8.379679924807096e7
8.379091155769974e7
8.378485587933943e7
8.37786306894381e7
8.377223451665941e7
8.376566594176376e7
8.375892359744875e7
8.375200616814984e7
8.374491238980402e7
8.373764104957838e7
8.373019098556548e7
8.372256108644725e7
8.37147502911296e7
8.370675758834937e7
8.369858201625505e7
8.36902226619634e7
8.368167866109332e7
8.36729491972782e7
8.366403350165917e7
8.365493085235931e7
8.364564057394153e7
8.363616203685038e7
8.36264946568399e7
8.361663789438793e7
8.360659125409873e7
8.359635428409447e7
8.358592657539722e7
8.357530776130179e7
8.356449751674098e7
8.355349555764386e7
8.354230164028804e7
8.353091556064679e7
8.35193371537318e7
8.35075662929324e7
8.349560288935192e7
8.348344689114182e7
8.347109828283435e7
8.345855708467457e7
8.344582335195176e7
8.343289717433134e7
8.341977867518762e7
8.340646801093784e7
8.339296537037802e7
8.337927097402118e7
8.336538507343815e7
8.335130795060156e7
8.333703991723329e7
8.33225813141557e7
8.330793251064713e7
8.329309390380189e7
8.327806591789474e7
8.32628490037509e7
8.324744363812101e7
8.323185032306154e7
8.32160695853215e7
8.32001019757343e7
8.31839480686165e7
8.316760846117243e7
8.315108377290542e7
8.313437464503573e7
8.311748173992498e7
8.310040574050775e7
8.30831473497299e7
8.306570728999422e7
8.304808630261292e7
8.303028514726761e7
8.301230460147646e7
8.299414546006873e7
8.297580853466666e7
8.29572946531749e7
8.293860465927729e7
8.291973941194113e7
8.290069978492908e7
8.288148666631849e7
8.286210095802817e7
8.28425435753528e7
8.28228154465048e7
8.280291751216368e7
8.278285072503278e7
8.27626160494037e7
8.27422144607278e7
8.272164694519545e7
8.270091449932218e7
8.268001812954271e7
8.265895885181169e7
8.263773769121194e7
8.261635568156984e7
8.259481386507775e7
8.25731132919235e7
8.255125501992689e7
8.252924011418325e7
8.250706964671347e7
8.248474469612134e7
8.246226634725721e7
8.243963569088867e7
8.241685382337752e7
8.239392184636335e7
8.237084086645378e7
8.23476119949208e7
8.232423634740363e7
8.230071504361744e7
8.227704920706896e7
8.225323996477725e7
8.22292884470011e7
8.220519578697224e7
8.218096312063421e7
8.215659158638705e7
8.213208232483791e7
8.210743647855683e7
8.208265519183847e7
8.205773961046912e7
8.203269088149874e7
8.200751015301912e7
8.198219857394628e7
8.195675729380867e7
8.193118746254013e7
8.190549023027797e7
8.187966674716568e7
8.18537181631609e7
8.182764562784755e7
8.180145029025327e7
8.177513329867087e7
8.174869580048458e7
8.17221389420008e7
8.169546386828293e7
8.166867172299075e7
8.164176364822389e7
8.161474078436948e7
8.158760426995377e7
8.59972824471897e7
8.599727340030293e7
8.59972610324741e7
8.599724455125713e7
8.599722306379789e7
8.599719557521385e7
8.599716098762172e7
8.599711809976977e7
8.599706560723273e7
8.599700210312687e7
8.599692607930325e7
8.59968359279789e7
8.599672994376525e7
8.599660632605569e7
8.599646318173452e7
8.599629852817173e7
8.599611029646927e7
8.599589633492583e7
8.599565441268972e7
8.599538222357051e7
8.599507738998175e7
8.599473746698932e7
8.59943599464416e7
8.599394226115869e7
8.599348178916079e7
8.5992975857916e7
8.599242174859074e7
8.599181670028667e7
8.599115791424926e7
8.599044255803554e7
8.598966776962875e7
8.598883066148937e7
8.598792832453322e7
8.598695783202857e7
8.598591624340402e7
8.598480060796206e7
8.598360796849215e7
8.598233536477853e7
8.598097983699965e7
8.597953842901549e7
8.59780081915403e7
8.597638618519975e7
8.59746694834698e7
8.597285517549773e7
8.59709403688044e7
8.596892219186789e7
8.596679779658909e7
8.596456436063987e7
8.596221908969523e7
8.595975921955045e7
8.595718201812509e7
8.59544847873557e7
8.595166486497913e7
8.594871962620859e7
8.5945646485305e7
8.594244289704573e7
8.593910635809386e7
8.593563440826967e7
8.593202463172801e7
8.592827465804362e7
8.59243821632074e7
8.59203448705367e7
8.591616055150166e7
8.59118270264716e7
8.590734216538295e7
8.590270388833271e7
8.589791016609943e7
8.589295902059475e7
8.588784852524829e7
8.588257680532846e7
8.587714203820188e7
8.587154245353386e7
8.586577633343285e7
8.585984201254101e7
8.585373787807338e7
8.584746236980839e7
8.584101398003139e7
8.583439125343432e7
8.582759278697282e7
8.582061722968365e7
8.58134632824642e7
8.580612969781598e7
8.579861527955458e7
8.579091888248712e7
8.578303941206016e7
8.57749758239789e7
8.57667271237996e7
8.575829236649764e7
8.574967065601145e7
8.574086114476529e7
8.573186303317118e7
8.57226755691124e7
8.571329804740909e7
8.570372980926788e7
8.569397024171658e7
8.568401877702512e7
8.567387489211409e7
8.566353810795169e7
8.56530079889407e7
8.564228414229576e7
8.563136621741265e7
8.562025390523031e7
8.560894693758592e7
8.5597445086565e7
8.558574816384636e7
8.55738560200432e7
8.556176854404095e7
8.554948566233256e7
8.553700733835201e7
8.552433357180656e7
8.551146439800845e7
8.549839988720639e7
8.548514014391793e7
8.547168530626248e7
8.545803554529619e7
8.544419106434861e7
8.543015209836185e7
8.541591891323267e7
8.540149180515769e7
8.538687109998228e7
8.537205715255328e7
8.535705034607613e7
8.534185109147665e7
8.532645982676716e7
8.531087701641847e7
8.52951031507366e7
8.527913874524544e7
8.526298434007493e7
8.52466404993556e7
8.5230107810619e7
8.521338688420443e7
8.51964783526724e7
8.517938287022454e7
8.516210111213034e7
8.514463377416064e7
8.512698157202831e7
8.510914524083571e7
8.509112553452966e7
8.507292322536312e7
8.505453910336475e7
8.50359739758152e7
8.501722866673121e7
8.499830401635692e7
8.497920088066263e7
8.495992013085116e7
8.494046265287143e7
8.49208293469396e7
8.490102112706795e7
8.48810389206009e7
8.486088366775857e7
8.484055632118794e7
8.482005784552129e7
8.479938921694206e7
8.477855142275812e7
8.475754546098241e7
8.473637233992085e7
8.471503307776739e7
8.46935287022065e7
8.467186025002271e7
8.465002876671712e7
8.462803530613136e7
8.460588093007809e7
8.458356670797881e7
8.456109371650842e7
8.453846303924659e7
8.45156757663358e7
8.44927329941464e7
8.446963582494791e7
8.444638536658704e7
8.442298273217227e7
8.439942903976475e7
8.437572541207553e7
8.435187297616906e7
8.432787286317296e7
8.430372620799375e7
8.427943414903884e7
8.425499782794423e7
8.423041838930826e7
8.420569698043115e7
8.418083475106017e7
8.415583285314052e7
8.41306924405719e7
8.410541466897029e7
8.408000069543542e7
8.405445167832348e7
8.402876877702488e7
8.400295315174766e7
8.397700596330544e7
8.395092837291089e7
8.392472154197368e7
8.389838663190384e7
8.38719248039193e7
8.384533721885858e7
8.38186250369981e7
8.379178941787367e7
8.376483152010699e7
8.373775250123614e7
8.371055351755066e7
8.368323572393073e7
8.365580027369075e7
8.362824831842668e7
8.81077270357201e7
8.81077179799153e7
8.810770559877135e7
8.810768909829092e7
8.81076675837078e7
8.810764005782247e7
8.810760541998477e7
8.8107562465682e7
8.810750988668956e7
8.810744627174343e7
8.810737010769175e7
8.810727978108592e7
8.810717358017093e7
8.810704969723722e7
8.810690623129582e7
8.810674119104238e7
8.810655249807473e7
8.810633799033253e7
8.810609542572737e7
8.810582248593478e7
8.810551678032021e7
8.810517584997375e7
8.81047971718295e7
8.810437816284727e7
8.810391618423581e7
8.810340854569872e7
8.81028525096857e7
8.810224529563254e7
8.810158408417606e7
8.810086602133e7
8.810008822261035e7
8.809924777709952e7
8.809834175143944e7
8.809736719374543e7
8.809632113743341e7
8.809520060495357e7
8.809400261142555e7
8.809272416817023e7
8.80913622861335e7
8.808991397919993e7
8.808837626739281e7
8.808674617995895e7
8.808502075833678e7
8.808319705900697e7
8.808127215622498e7
8.807924314463526e7
8.807710714176843e7
8.807486129042059e7
8.807250276091747e7
8.807002875326347e7
8.806743649917753e7
8.806472326401795e7
8.806188634859747e7
8.805892309089127e7
8.805583086763968e7
8.805260709584849e7
8.804924923418894e7
8.804575478430004e7
8.804212129199614e7
8.803834634838194e7
8.803442759087823e7
8.803036270416081e7
8.80261494210152e7
8.802178552311051e7
8.801726884169468e7
8.801259725821428e7
8.800776870486109e7
8.800278116504921e7
8.79976326738239e7
8.79923213182066e7
8.798684523747721e7
8.798120262339705e7
8.797539172037494e7
8.796941082557876e7
8.796325828899495e7
8.795693251343836e7
8.795043195451497e7
8.794375512053922e7
8.793690057240897e7
8.792986692343935e7
8.792265283915833e7
8.791525703706579e7
8.790767828635766e7
8.78999154076178e7
8.7891967272479e7
8.788383280325465e7
8.787551097254364e7
8.786700080280925e7
8.785830136593428e7
8.78494117827536e7
8.784033122256596e7
8.783105890262611e7
8.782159408761892e7
8.781193608911689e7
8.780208426502202e7
8.779203801899344e7
8.778179679986222e7
8.777136010103396e7
8.776072745988102e7
8.774989845712443e7
8.773887271620756e7
8.772764990266168e7
8.771622972346467e7
8.770461192639387e7
8.769279629937357e7
8.768078266981816e7
8.766857090397184e7
8.7656160906245e7
8.764355261854891e7
8.763074601962848e7
8.761774112439422e7
8.760453798325379e7
8.759113668144383e7
8.757753733836243e7
8.756374010690305e7
8.754974517278977e7
8.75355527539152e7
8.75211630996806e7
8.750657649033897e7
8.749179323634195e7
8.747681367768988e7
8.746163818328619e7
8.744626715029626e7
8.743070100351056e7
8.741494019471318e7
8.739898520205507e7
8.73828365294331e7
8.73664947058744e7
8.734996028492683e7
8.733323384405538e7
8.731631598404452e7
8.729920732840742e7
8.728190852280109e7
8.726442023444879e7
8.724674315156841e7
8.722887798280862e7
8.721082545669119e7
8.719258632106082e7
8.717416134254202e7
8.715555130600311e7
8.713675701402743e7
8.71177792863921e7
8.709861895955385e7
8.707927688614227e7
8.705975393446076e7
8.704005098799449e7
8.70201689449261e7
8.700010871765862e7
8.69798712323461e7
8.695945742843142e7
8.693886825819157e7
8.691810468629059e7
8.689716768933946e7
8.687605825546382e7
8.68547773838786e7
8.683332608447027e7
8.681170537738612e7
8.678991629263094e7
8.67679598696707e7
8.674583715704352e7
8.672354921197756e7
8.670109710001598e7
8.667848189464901e7
8.665570467695262e7
8.663276653523433e7
8.660966856468567e7
8.658641186704122e7
8.656299755024473e7
8.653942672812127e7
8.651570052005622e7
8.649182005068077e7
8.646778644956349e7
8.644360085090855e7
8.641926439325985e7
8.63947782192115e7
8.637014347512428e7
8.63453613108482e7
8.632043287945081e7
8.62953593369516e7
8.627014184206195e7
8.624478155593082e7
8.621927964189617e7
8.619363726524189e7
8.616785559295993e7
8.61419357935182e7
8.611587903663355e7
8.608968649305001e7
8.606335933432211e7
8.60368987326035e7
8.601030586044031e7
8.598358189056945e7
8.5956727995722e7
8.592974534843105e7
8.59026351208445e7
8.58753984845422e7
8.58480366103578e7
8.582055066820508e7
8.579294182690874e7
8.576521125403903e7
8.573736011575143e7
8.570938957662962e7
9.025940300408979e7
9.025939393944885e7
9.025938154511103e7
9.025936502554116e7
9.025934348407719e7
9.025931592122173e7
9.025928123358041e7
9.02592382134053e7
9.025918554870228e7
9.025912182386033e7
9.025904552076171e7
9.025895502033305e7
9.025884860449791e7
9.025872445849206e7
9.025858067350553e7
9.025841524961495e7
9.025822609897323e7
9.025801104922293e7
9.025776784710374e7
9.025749416222435e7
9.025718759097157e7
9.025684566053104e7
9.025646583299534e7
9.02560455095376e7
9.025558203462948e7
9.025507270028457e7
9.025451475030991e7
9.025390538454899e7
9.025324176310198e7
9.02525210105096e7
9.025174021988893e7
9.02508964570098e7
9.024998676430258e7
9.024900816478857e7
9.024795766592541e7
9.024683226336123e7
9.024562894459121e7
9.02443446925125e7
9.024297648887257e7
9.024152131760858e7
9.02399761680741e7
9.023833803815155e7
9.023660393724915e7
9.023477088918063e7
9.023283593492778e7
9.023079613528553e7
9.022864857338934e7
9.022639035712658e7
9.022401862143177e7
9.022153053046732e7
9.021892327969167e7
9.02161940978154e7
9.021334024864839e7
9.021035903283939e7
9.020724778951037e7
9.02040038977878e7
9.020062477823377e7
9.019710789417897e7
9.019345075296034e7
9.0189650907066e7
9.01857059551902e7
9.018161354320106e7
9.017737136502387e7
9.017297716344224e7
9.016842873082085e7
9.016372390975149e7
9.015886059362589e7
9.015383672713767e7
9.014865030671628e7
9.01432993808954e7
9.013778205061887e7
9.013209646948607e7
9.01262408439398e7
9.012021343339905e7
9.011401255033888e7
9.010763656032021e7
9.010108388197117e7
9.009435298692323e7
9.00874423997034e7
9.008035069758528e7
9.00730765104007e7
9.006561852031434e7
9.005797546156292e7
9.005014612016109e7
9.004212933357592e7
9.003392399037176e7
9.002552902982701e7
9.001694344152482e7
9.000816626491927e7
8.999919658887802e7
8.999003355120416e7
8.998067633813734e7
8.997112418383671e7
8.996137636984606e7
8.995143222454374e7
8.99412911225768e7
8.993095248428237e7
8.992041577509637e7
8.990968050495075e7
8.989874622766079e7
8.988761254030296e7
8.98762790825845e7
8.986474553620587e7
8.985301162421651e7
8.984107711036529e7
8.982894179844563e7
8.981660553163742e7
8.980406819184496e7
8.979132969903246e7
8.977839001055811e7
8.976524912050594e7
8.975190705901805e7
8.973836389162584e7
8.972461971858221e7
8.971067467419463e7
8.969652892615937e7
8.968218267489782e7
8.966763615289533e7
8.965288962404227e7
8.96379433829788e7
8.962279775444251e7
8.960745309262052e7
8.959190978050527e7
8.957616822925487e7
8.956022887755822e7
8.954409219100524e7
8.952775866146216e7
8.9511228806452e7
8.949450316854167e7
8.947758231473374e7
8.946046683586521e7
8.9443157346012e7
8.942565448189995e7
8.940795890232234e7
8.939007128756413e7
8.937199233883286e7
8.935372277769636e7
8.93352633455276e7
8.931661480295642e7
8.92977779293285e7
8.927875352217138e7
8.925954239666775e7
8.924014538513623e7
8.92205633365191e7
8.92007971158777e7
8.918084760389505e7
8.916071569638588e7
8.914040230381404e7
8.911990835081756e7
8.909923477574062e7
8.907838253017338e7
8.905735257849908e7
8.903614589744832e7
8.901476347566083e7
8.89932063132547e7
8.897147542140259e7
8.894957182191537e7
8.892749654683308e7
8.89052506380227e7
8.888283514678358e7
8.886025113345936e7
8.883749966705751e7
8.881458182487525e7
8.879149869213293e7
8.876825136161387e7
8.874484093331131e7
8.872126851408172e7
8.869753521730521e7
8.867364216255239e7
8.864959047525743e7
8.86253812863982e7
8.860101573218241e7
8.85764949537401e7
8.855182009682253e7
8.852699231150717e7
8.850201275190891e7
8.8476882575897e7
8.845160294481835e7
8.842617502322663e7
8.840059997861688e7
8.837487898116605e7
8.834901320347944e7
8.832300382034238e7
8.829685200847737e7
8.827055894630712e7
8.824412581372234e7
8.821755379185529e7
8.819084406285812e7
8.81639978096868e7
8.813701621588951e7
8.810990046540068e7
8.808265174233912e7
8.80552712308118e7
8.802776011472175e7
8.800011957758078e7
8.797235080232705e7
8.794445497114682e7
8.79164332653007e7
8.788828686495459e7
8.786001694901444e7
8.783162469496554e7
9.24529115653406e7
9.245290249194413e7
9.245289008453217e7
9.245287354604459e7
9.245285197793958e7
9.245282437844096e7
9.245278964143224e7
9.245274655595611e7
9.245269380627808e7
9.245262997247316e7
9.245255353149448e7
9.245246285868464e7
9.245235622968979e7
9.245223182273935e7
9.245208772125384e7
9.245192191674645e7
9.245173231198339e7
9.245151672437176e7
9.245127288954377e7
9.245099846510834e7
9.245069103454283e7
9.245034811119936e7
9.244996714240158e7
9.244954551360951e7
9.244908055263193e7
9.2448569533867e7
9.244800968255325e7
9.244739817901535e7
9.244673216288923e7
9.244600873731352e7
9.244522497307488e7
9.244437791269669e7
9.244346457446073e7
9.244248195635381e7
9.2441427039931e7
9.24402967940894e7
9.243908817874606e7
9.243779814841555e7
9.243642365568237e7
9.243496165456562e7
9.243340910377197e7
9.24317629698358e7
9.243002023014413e7
9.242817787584536e7
9.242623291464175e7
9.24241823734643e7
9.242202330103135e7
9.241975277029055e7
9.241736788074575e7
9.24148657606692e7
9.241224356920113e7
9.240949849833788e7
9.24066277748105e7
9.240362866185592e7
9.240049846088265e7
9.239723451303335e7
9.23938342006468e7
9.239029494862129e7
9.238661422568269e7
9.238278954555915e7
9.23788184680653e7
9.237469860009897e7
9.237042759655254e7
9.236600316114238e7
9.236142304715842e7
9.235668505813685e7
9.235178704845922e7
9.234672692387943e7
9.234150264198261e7
9.233611221257764e7
9.233055369802617e7
9.232482521351093e7
9.231892492724572e7
9.231285106062922e7
9.230660188834569e7
9.230017573841465e7
9.22935709921914e7
9.228678608432181e7
9.227981950265221e7
9.227266978809758e7
9.226533553446983e7
9.225781538826793e7
9.225010804843237e7
9.224221226606536e7
9.223412684411925e7
9.222585063705425e7
9.221738255046798e7
9.220872154069781e7
9.219986661439805e7
9.219081682809374e7
9.218157128771207e7
9.217212914809306e7
9.216248961248137e7
9.215265193199979e7
9.214261540510654e7
9.213237937703706e7
9.212194323923187e7
9.211130642875126e7
9.210046842767844e7
9.208942876251182e7
9.207818700354764e7
9.206674276425385e7
9.205509570063615e7
9.204324551059732e7
9.20311919332903e7
9.201893474846637e7
9.200647377581841e7
9.199380887432124e7
9.198093994156829e7
9.196786691310629e7
9.19545897617686e7
9.194110849700683e7
9.192742316422282e7
9.191353384410016e7
9.18994406519366e7
9.188514373697758e7
9.187064328175129e7
9.185593950140598e7
9.184103264304942e7
9.182592298509161e7
9.181061083659036e7
9.179509653660096e7
9.17793804535291e7
9.17634629844888e7
9.174734455466403e7
9.173102561667606e7
9.171450664995508e7
9.169778816011754e7
9.168087067834888e7
9.166375476079184e7
9.164644098794115e7
9.162892996404357e7
9.161122231650487e7
9.15933186953029e7
9.157521977240701e7
9.155692624120447e7
9.153843881593339e7
9.151975823112269e7
9.150088524103887e7
9.148182061913994e7
9.146256515753622e7
9.144311966645868e7
9.142348497373407e7
9.140366192426772e7
9.138365137953335e7
9.136345421707016e7
9.134307132998765e7
9.132250362647729e7
9.130175202933192e7
9.128081747547254e7
9.125970091548207e7
9.123840331314705e7
9.121692564500609e7
9.119526889990611e7
9.117343407856572e7
9.115142219314578e7
9.112923426682737e7
9.110687133339682e7
9.108433443683808e7
9.106162463093202e7
9.103874297886302e7
9.101569055283251e7
9.099246843367934e7
9.096907771050741e7
9.094551948031983e7
9.092179484766018e7
9.089790492426032e7
9.08738508286951e7
9.084963368604344e7
9.08252546275562e7
9.08007147903305e7
9.077601531699033e7
9.075115735537381e7
9.072614205822635e7
9.070097058290046e7
9.067564409106132e7
9.065016374839872e7
9.062453072434479e7
9.059874619179775e7
9.057281132685158e7
9.054672730853143e7
9.052049531853442e7
9.049411654097669e7
9.046759216214536e7
9.044092337025644e7
9.041411135521783e7
9.038715730839778e7
9.036006242239855e7
9.033282789083526e7
9.030545490811987e7
9.027794466924995e7
9.025029836960281e7
9.022251720473404e7
9.019460237018111e7
9.016655506127174e7
9.01383764729365e7
9.011006779952651e7
9.008163023463538e7
9.005306497092533e7
9.002437319995824e7
8.99955561120304e7