0.006654223267999257
0.007002363953502911
0.0073004697271175385
0.007558100519559015
0.007782657759613554
0.007979919049749828
0.00815443744329148
0.00830983646745357
0.008449028044036659
0.00857437422732551
0.008687808126195764
0.00879092508682776
0.008885052074768456
0.008971300952695563
0.009050609760809299
0.009123774980902005
0.00919147696485163
0.009254300136094431
0.00931274916062733
0.00936726198511597
0.009418220420977608
0.009465958792012905
0.00951077104324545
0.009552916618770937
0.009592625348566506
0.009630101532594953
0.009665527370991373
0.00969906585861096
0.009730863238524241
0.009761051090530548
0.009789748116202344
0.009817061670459894
0.009843089080519667
0.009867918785739225
0.009891631325998258
0.00991430020150419
0.009935992623055594
0.009956770168654204
0.009976689359783854
0.009995802168559794
0.010014156465206286
0.010031796413874123
0.010048762823606717
0.010065093460259526
0.010080823324336616
0.010095984899001664
0.010110608371924824
0.010124721834123366
0.010138351458526498
0.01015152166063148
0.010164255243308114
0.010176573527543389
0.010188496470690893
0.010200042773593859
0.010211229977782456
0.010222074553800198
0.010232591981588473
0.010242796823748719
0.010252702792406719
0.010262322810320596
0.01027166906680166
0.010280753068953999
0.010289585688683097
0.01029817720587501
0.010306537348104786
0.01031467532719486
0.010322599872910863
0.010330319264052657
0.010337841357172297
0.010345173613127326
0.01035232312165723
0.010359296624152477
0.010366100534769149
0.01037274096002765
0.010379223717020818
0.010385554350345095
0.010391738147857956
0.010397780155355352
0.010403685190254442
0.010409457854359407
0.010415102545781051
0.010420623470075016
0.010426024650657529
0.010431309938552848
0.010436483021521805
0.010441547432616775
0.010446506558204702
0.010451363645496294
0.01045612180961647
0.010460784040248375
0.010465353207880584
0.010469832069684878
0.010474223275049821
0.01047852937079342
0.010482752806076332
0.010486895937035494
0.010490961031156595
0.010494950271402306
0.010498865760112119
0.01050270952268834
0.010506483511081799
0.010510189607089843
0.010513829625478331
0.010517405316938438
0.010520918370888407
0.01052437041812962
0.010527763033365778
0.01053109773759332
0.01053437600037069
0.010537599241973582
0.010540768835442759
0.010543886108530638
0.010546952345552467
0.010549968789147435
0.01055293664195487
0.010555857068210188
0.010558731195265056
0.01056156011503599
0.010564344885385189
0.010567086531437345
0.010569786046835852
0.010572444394941611
0.010575062509977525
0.01057764129812144
0.010580181638550328
0.010582684384438167
0.010585150363909874
0.010587580380953612
0.010589975216293481
0.010592335628224672
0.010594662353412877
0.010596956107659788
0.010599217586636282
0.010601447466584986
0.010603646404993559
0.010605815041240207
0.01060795399721275
0.010610063877902417
0.010612145271973683
0.010614198752311156
0.010616224876544667
0.010618224187553517
0.010620197213950872
0.01062214447054919
0.010624066458807563
0.010625963667261748
0.010627836571937731
0.01062968563674948
0.010631511313881632
0.01063331404415778
0.01063509425739494
0.010636852372744879
0.01063858879902278
0.010640303935023845
0.010641998169828349
0.0106436718830956
0.010645325445347298
0.010646959218240739
0.01064857355483226
0.010650168799831364
0.010651745289845879
0.010653303353618528
0.010654843312255271
0.010656365479445722
0.010657870161676
0.010659357658434263
0.010660828262409272
0.010662282259682226
0.010663719929912135
0.010665141546514994
0.010666547376836977
0.010667937682321934
0.010669312718673333
0.01067067273601093
0.010672017979022307
0.010673348687109542
0.010674665094531122
0.010675967430539307
0.010677255919513145
0.01067853078108724
0.010679792230276479
0.010681040477596826
0.010682275729182369
0.01068349818689871
0.010684708048452873
0.010685905507499819
0.010687090753745713
0.010688263973048041
0.010689425347512702
0.010690575055588186
0.010691713272156907
0.010692840168623832
0.010693955913002479
0.010695060669998355
0.010696154601089974
0.010697237864607492
0.010698310615809031
0.010699373006954845
0.010700425187379297
0.010701467303560802
0.010702499499189774
0.006839214804483348
0.007196080564801026
0.007501626750014723
0.007765666976184975
0.007995796416536152
0.008197942336694476
0.008376774765549915
0.00853600971217836
0.008678633019160827
0.00880706643650686
0.008923291746473508
0.0090289443377807
0.009125384392803531
0.00921375154219966
0.009295007206082773
0.009369967683179936
0.00943933022690321
0.00950369375942883
0.009563575451738748
0.009619424090606595
0.009671630929000953
0.009720538550836096
0.009766448157946675
0.00980962559496713
0.009850306358187861
0.009888699781512982
0.009924992552081423
0.009959351676822936
0.009991926996923556
0.01002285332818799
0.010052252290358804
0.010080233876647353
0.010106897805343802
0.0101323346878683
0.0101566270415941
0.010179850170902567
0.010202072935978208
0.010223358425630463
0.010243764547792193
0.010263344549176958
0.010282147473788162
0.010300218568490484
0.010317599642621416
0.010334329387591476
0.010350443661560025
0.010365975743549315
0.010380956560749038
0.010395414892247143
0.01040937755198509
0.010422869553363065
0.01043591425760301
0.010448533507705604
0.010460747749604375
0.010472576141919553
0.010484036655542008
0.010495146164128003
0.010505920526456804
0.010516374661490788
0.010526522616880397
0.010536377631571323
0.010545952193097074
0.01055525809007529
0.010564306460369145
0.010573107835325274
0.010581672180455729
0.010590008932892539
0.010598127035909462
0.010606034970774988
0.010613740786174105
0.010621252125412189
0.010628576251593636
0.010635720070948717
0.010642690154465428
0.010649492757968273
0.010656133840772332
0.010662619083029085
0.010668953901869718
0.010675143466441958
0.010681192711927849
0.010687106352622093
0.010692888894143493
0.010698544644845782
0.010704077726488381
0.010709492084222422
0.010714791495942693
0.010719979581052025
0.010725059808680631
0.010730035505399558
0.01073490986246417
0.010739685942620727
0.010744366686506423
0.010748954918671012
0.01075345335324574
0.010757864599283535
0.01076219116579242
0.010766435466482491
0.010770599824245324
0.010774686475383224
0.010778697573604426
0.01078263519379924
0.010786501335611026
0.010790297926814851
0.01079402682651583
0.01079768982817823
0.010801288662495755
0.01080482500011256
0.010808300454204032
0.01081171658292566
0.010815074891737789
0.010818376835613581
0.010821623821136876
0.010824817208496384
0.010827958313382128
0.010831048408789597
0.010834088726736933
0.01083708045989989
0.010840024763169177
0.010842922755134439
0.010845775519498868
0.010848584106428208
0.010851349533837639
0.010854072788619936
0.010856754827817876
0.010859396579743961
0.010861998945050076
0.010864562797749775
0.010867088986195535
0.010869578334013343
0.010872031640996746
0.010874449683962388
0.010876833217568969
0.010879182975101445
0.01088149966922216
0.010883783992690537
0.010886036619052845
0.010888258203303485
0.010890449382519166
0.010892610776467243
0.010894742988189448
0.01089684660456216
0.010898922196834322
0.010900970321144007
0.010902991519014645
0.01090498631783184
0.01090695523130162
0.010908898759891001
0.010910817391251625
0.010912711600627262
0.010914581851245829
0.01091642859469668
0.010918252271293748
0.010920053310425178
0.010921832130890055
0.010923589141222734
0.01092532474000534
0.010927039316168913
0.010928733249283697
0.010930406909839003
0.010932060659513111
0.01093369485143358
0.010935309830428421
0.010936905933268432
0.010938483488901111
0.010940042818676486
0.01094158423656513
0.010943108049368738
0.01094461455692355
0.010946104052296853
0.01094757682197687
0.010949033146056358
0.01095047329841
0.010951897546865989
0.010953306153371941
0.010954699374155387
0.010956077459879018
0.010957440655790926
0.010958789201869986
0.010960123332966594
0.010961443278938904
0.010962749264784768
0.010964041510769481
0.010965320232549546
0.010966585641292579
0.010967837943793465
0.010969077342586939
0.010970304036056734
0.010971518218541323
0.010972720080436527
0.010973909808294961
0.010975087584922504
0.010976253589471881
0.01097740799753343
0.010978550981223228
0.010979682709268555
0.010980803347090883
0.01098191305688645
0.010983011997704442
0.010984100325522952
0.010985178193322738
0.01098624575115887
0.01098730314623032
0.00699519839223092
0.0073594118401040035
0.007671223585952578
0.007940661007483158
0.008175482508918343
0.0083817414345484
0.008564206347059063
0.008726671151908515
0.008872183950858344
0.009003216769878773
0.009121792382574425
0.009229579899281245
0.009327967474988933
0.0094181181238268
0.009501012953780058
0.009577484950820656
0.009648245600412757
0.009713906033327743
0.009774993950182515
0.00983196726540178
0.009885225181907074
0.009935117238713462
0.009981950747917141
0.010025996943391235
0.01006749609241779
0.010106661767415311
0.010143684433502366
0.010178734475689457
0.010211964764684969
0.010243512840917034
0.010273502781134028
0.01030204679989604
0.010329246628686947
0.010355194707715959
0.010379975219321349
0.010403664986917804
0.010426334259395164
0.010448047397588924
0.01046886347675155
0.010488836816741457
0.010508017449820526
0.010526451534438305
0.010544181722122844
0.01056124748354799
0.010577685398967696
0.010593529417468762
0.010608811088870494
0.010623559771573008
0.010637802819209062
0.01065156574857425
0.010664872390986235
0.010677745028946407
0.010690204519739576
0.010702270407402958
0.010713961024319457
0.010725293583538159
0.010736284262793133
0.010746948281077334
0.010757299968528918
0.010767352830300645
0.0107771196050074
0.01078661231828057
0.010795842331900053
0.010804820388923594
0.010813556655188381
0.010822060757520159
0.010830341818950345
0.010838408491210625
0.010846268984747168
0.010853931096472407
0.010861402235450589
0.01086868944669428
0.010875799433231723
0.010882738576589775
0.010889512955823457
0.010896128365210877
0.01090259033072144
0.010908904125355254
0.010915074783443002
0.010921107113987388
0.010927005713120296
0.010932774975743183
0.010938419106412488
0.010943942129526525
0.01094934789886556
0.010954640106532451
0.01095982229133732
0.010964897846666126
0.010969870027869817
0.010974741959207756
0.01097951664037651
0.010984196952652497
0.010988785664674938
0.010993285437893404
0.010997698831702412
0.011002028308283856
0.011006276237176446
0.01101044489958999
0.011014536492480893
0.011018553132404216
0.01102249685915642
0.011026369639221937
0.011030173369035784
0.011033909878073567
0.011037580931779428
0.011041188234341762
0.011044733431325842
0.011048218112171927
0.011051643812566712
0.01105501201669566
0.011058324159383022
0.0110615816281261
0.011064785765029787
0.011067937868646979
0.011071039195730267
0.011074090962899723
0.01107709434823156
0.011080050492771908
0.011082960501979851
0.011085825447103535
0.011088646366492901
0.011091424266852511
0.01109416012443753
0.011096854886195905
0.011099509470859545
0.011102124769987117
0.011104701648960954
0.011107240947940389
0.01110974348277378
0.01111221004587122
0.01111464140703997
0.011117038314284365
0.011119401494572079
0.011121731654568246
0.011124029481339073
0.011126295643026442
0.01112853078949478
0.011130735552951639
0.011132910548543151
0.011135056374925543
0.011137173614813848
0.011139262835508871
0.011141324589403348
0.01114335941446837
0.01114536783472081
0.011147350360672749
0.011149307489763623
0.011151239706775886
0.011153147484234936
0.011155031282793944
0.011156891551604315
0.01115872872867233
0.011160543241202645
0.011162335505929117
0.011164105929433584
0.011165854908453076
0.011167582830175899
0.011169290072527156
0.011170977004444024
0.011172643986141336
0.01117429136936776
0.011175919497653022
0.011177528706546511
0.01117911932384763
0.011180691669828205
0.011182246057447286
0.011183782792558654
0.011185302174111244
0.011186804494342908
0.011188290038967617
0.011189759087356477
0.01119121191271274
0.01119264878224104
0.011194069957311106
0.01119547569361614
0.011196866241326056
0.011198241845235796
0.011199602744908877
0.011200949174816385
0.011202281364471534
0.011203599538559997
0.011204903917066168
0.011206194715395428
0.011207472144492685
0.011208736410957182
0.01120998771715383
0.011211226261321126
0.011212452237675752
0.011213665836514054
0.011214867244310452
0.011216056643812877
0.01121723421413539
0.011218400130848044
0.011219554566064101
0.011220697688524659
0.011221829663680839
0.011222950653773558
0.011224060817911004
0.011225160312143875
0.011226249289538463
0.011227327900247634
0.007128390758949891
0.007498872207697501
0.007816028661379617
0.008090069930764247
0.008328893713064202
0.008538660932719072
0.008724224223653591
0.008889443950793902
0.009037421331799113
0.009170671283649269
0.00929125154912188
0.009400860005302346
0.009500908669150937
0.009592580501648277
0.009676873404901375
0.00975463459921824
0.009826587709956466
0.009893354281668161
0.009955470996534065
0.01001340355461372
0.01006755793986851
0.010118289623738185
0.010165911130097568
0.010210698289572969
0.010252895438845182
0.010292719765540602
0.010330364957162719
0.010366004280006733
0.010399793188758888
0.010431871547759486
0.010462365529403852
0.01049138924289549
0.010519046136816741
0.010545430211188672
0.010570627068429442
0.010594714827563039
0.010617764921927423
0.010639842797286704
0.010661008524514739
0.010681317338767059
0.010700820115200925
0.010719563789764502
0.010737591732296502
0.010754944078109535
0.01077165802333602
0.010787768088563868
0.010803306354655495
0.010818302674108033
0.010832784860858057
0.010846778861047788
0.010860308906939835
0.010873397655885703
0.01088606631601146
0.010898334760075947
0.010910221628777955
0.010921744424633884
0.010932919597413422
0.010943762622004562
0.010954288069478115
0.010964509672033692
0.010974440382432261
0.010984092428453
0.010993477362853105
0.011002606109257455
0.011011489004359259
0.011020135836772749
0.011028555882843388
0.011036757939689619
0.011044750355722506
0.011052541058864688
0.011060137582668352
0.011067547090512296
0.011074776398040711
0.011081831993990838
0.011088720059542766
0.011095446486312121
0.01110201689309533
0.011108436641467167
0.011114710850321154
0.011120844409435456
0.011126841992139603
0.01113270806715065
0.011138446909641695
0.011144062611600083
0.011149559091527922
0.011154940103533094
0.011160209245854888
0.011165369968864898
0.011170425582580405
0.01117537926372458
0.011180234062364958
0.011184992908159438
0.0111896586162364
0.011194233892733826
0.011198721340020236
0.011203123461618471
0.01120744266685198
0.011211681275231573
0.011215841520599443
0.011219925555045945
0.01122393545261358
0.011227873212801456
0.011231740763882753
0.01123553996604664
0.011239272614375424
0.01124294044166689
0.011246545121111211
0.011250088268830958
0.011253571446292444
0.011256996162595883
0.01126036387665136
0.011263675999247274
0.011266933895017366
0.011270138884312074
0.01127329224497962
0.01127639521406184
0.011279448989409501
0.011282454731221535
0.0112854135635123
0.011288326575510783
0.011291194822995437
0.011294019329567986
0.01129680108786954
0.01129954106074193
0.01130224018233724
0.01130489935917809
0.011307519471171298
0.011310101372577236
0.011312645892937154
0.01131515383796056
0.011317625990374657
0.01132006311073773
0.011322465938218226
0.011324835191341235
0.01132717156870391
0.011329475749661398
0.011331748394984568
0.011333990147491018
0.011336201632650518
0.011338383459166133
0.011340536219532146
0.01134266049056986
0.011344756833942276
0.011346825796648665
0.01134886791149985
0.01135088369757518
0.011352873660661941
0.01135483829367797
0.011356778077078328
0.011358693479246569
0.011360584956871428
0.011362452955309455
0.011364297908934262
0.011366120241472927
0.011367920366330123
0.011369698686900454
0.011371455596869567
0.011373191480504398
0.011374906712933135
0.011376601660415219
0.011378276680601825
0.011379932122787255
0.011381568328151539
0.01138318562999464
0.011384784353962618
0.011386364818266026
0.011387927333890885
0.011389472204802515
0.011390999728142493
0.011392510194419052
0.011394003887691101
0.011395481085746173
0.011396942060272523
0.011398387077025576
0.011399816395988973
0.011401230271530359
0.011402628952552214
0.011404012682637802
0.011405381700192478
0.011406736238580548
0.011408076526257749
0.011409402786899638
0.011410715239525934
0.011412014098621007
0.011413299574250652
0.011414571872175278
0.01141583119395961
0.01141707773707909
0.011418311695023034
0.01141953325739468
0.011420742610008255
0.011421939934983139
0.01142312541083523
0.011424299212565617
0.011425461511746645
0.01142661247660548
0.01142775227210521
0.011428881060023623
0.01142999899902971
0.011431106244757981
0.011432202949880624
0.007243378171115667
0.007619266750958987
0.007941033731049327
0.008219046355038982
0.00846132251447804
0.008674115957413405
0.008862351853406218
0.009029947905439144
0.009180051155497308
0.009315213522613913
0.009437522916757559
0.009548702031016215
0.009650183466840115
0.009743167392082301
0.009828666195884506
0.009907539377320675
0.009980521033715222
0.010048241692553576
0.010111245783461106
0.010170005722296139
0.010224933342232137
0.010276389231892372
0.01032469041069961
0.010370116674305542
0.010412915869521915
0.010453308302324587
0.010491490439722303
0.010527638033288114
0.010561908766535295
0.010594444508304709
0.010625373238596832
0.01065481070084073
0.010682861824699831
0.01070962195560645
0.01073517792086242
0.010759608957012074
0.010782987519030719
0.01080537998847867
0.01082684729499363
0.010847445463211074
0.010867226095317989
0.010886236797884322
0.010904521560318087
0.010922121091206674
0.010939073117899274
0.01095541265392313
0.010971172238183217
0.010986382149351619
0.011001070598391862
0.01101526390177126
0.011028986637579927
0.011042261786489108
0.011055110859236003
0.011067554012111616
0.011079610151746199
0.011091297030330023
0.011102631332271197
0.01111362875317435
0.011124304071921337
0.011134671216545846
0.011144743324515595
0.011154532797967576
0.011164051354381919
0.011173310073127316
0.01118231943826467
0.011191089377954868
0.01119962930078057
0.011207948129259916
0.011216054330802057
0.011223955946329113
0.011231660616767117
0.011239175607588563
0.011246507831571549
0.011253663869924782
0.011260649991913594
0.01126747217310945
0.011274136112374211
0.011280647247680305
0.011287010770858589
0.011293231641357877
0.01129931459909237
0.011305264176446702
0.01131108470950238
0.011316780348543755
0.011322355067896922
0.011327812675150414
0.01133315681980244
0.01133839100137592
0.011343518577038997
0.011348542768765945
0.011353466670070343
0.011358293252340095
0.011363025370801439
0.011367665770137031
0.011372217089781339
0.011376681868914613
0.011381062551175436
0.011385361489110003
0.01138958094837523
0.011393723111711383
0.011397790082698828
0.011401783889312497
0.011405706487286608
0.011409559763301377
0.0114133455380026
0.011417065568864236
0.011420721552903437
0.0114243151292568
0.011427847881626055
0.011431321340600854
0.011434736985865782
0.011438096248298238
0.011441400511963538
0.011444651116012897
0.011447849356489919
0.01145099648805059
0.011454093725601609
0.011457142245861543
0.011460143188849022
0.011463097659301856
0.01146600672803089
0.011468871433211975
0.01147169278161939
0.01147447174980374
0.011477209285217282
0.011479906307289324
0.011482563708454315
0.011485182355135033
0.011487763088683088
0.01149030672627897
0.011492814061793581
0.011495285866613192
0.011497722890429649
0.011500125861997461
0.011502495489859437
0.011504832463042347
0.011507137451724068
0.011509411107873554
0.01151165406586489
0.01151386694306672
0.011516050340408104
0.011518204842921936
0.011520331020266991
0.011522429427229496
0.01152450060420521
0.01152654507766291
0.011528563360590029
0.011530555952921333
0.011532523341951342
0.01153446600273121
0.011536384398450738
0.011538278980806217
0.011540150190354608
0.011541998456854764
0.011543824199596158
0.011545627827715683
0.01154740974050304
0.011549170327695117
0.011550909969759946
0.011552629038170543
0.01155432789566911
0.011556006896521984
0.011557666386765714
0.0115593067044446
0.011560928179840065
0.01156253113569217
0.011564115887413587
0.011565682743296342
0.011567232004711575
0.011568763966302631
0.011570278916171732
0.01157177713606044
0.011573258901524205
0.011574724482101194
0.011576174141475607
0.011577608137635717
0.011579026723026818
0.011580430144699273
0.011581818644451819
0.011583192458970375
0.011584551819962433
0.011585896954287245
0.011587228084081937
0.011588545426883746
0.011589849195748417
0.011591139599365023
0.011592416842167233
0.011593681124441212
0.011594932642430262
0.011596171588436288
0.011597398150918245
0.011598612514587651
0.011599814860501236
0.011601005366150895
0.011602184205550977
0.01160335154932302
0.011604507564778033
0.011605652415996377
0.01160678626390537
0.01160790926635464
0.011609021578189344
0.007343609870596627
0.007724208812079745
0.008049992116663079
0.00833146421292287
0.008576747720969804
0.008792177264308223
0.008982741208824776
0.009152407211360016
0.009304362235732791
0.009441190436192171
0.009565006003083104
0.009677553247803023
0.009780282703615658
0.009874409527663768
0.009960958728942048
0.010040800502631618
0.010114678068180994
0.010183229778050895
0.010247006810575542
0.010306487431636344
0.010362088569536044
0.010414175270352998
0.010463068469458239
0.010509051416316018
0.01055237501529634
0.010593262288657654
0.010631912124529852
0.010668502439311636
0.010703192857953597
0.01073612699532904
0.010767434405960976
0.010797232256775445
0.010825626767533843
0.01085271445558926
0.010878583215177273
0.010903313256255948
0.010926977923694578
0.010949644414174887
0.010971374405356487
0.010992224609546675
0.011012247262206789
0.011031490554046848
0.01104999901414564
0.011067813850436424
0.011084973252979729
0.011101512664672615
0.011117465023393114
0.011132860979028231
0.011147729088367156
0.011162095990444336
0.011175986564578579
0.01118942407306452
0.011202430290224717
0.011215025619316903
0.011227229198607136
0.011239058997760454
0.01125053190556325
0.011261663809871984
0.011272469670579087
0.011282963586296404
0.011293158855377461
0.01130306803183076
0.011312702976615588
0.01132207490475863
0.011331194428682887
0.011340071598098932
0.011348715936772285
0.011357136476448256
0.011365341788187124
0.01137334001133715
0.011381138880350365
0.011388745749626063
0.011396167616549012
0.011403411142873448
0.01141048267458964
0.01141738826039718
0.011424133668897371
0.011430724404607302
0.011437165722888474
0.01144346264387493
0.01144961996547811
0.011455642275539017
0.011461533963192189
0.011467299229500396
0.011472942097414077
0.011478466421104979
0.011483875894719341
0.01148917406059231
0.011494364316961804
0.011499449925217132
0.011504434016714617
0.011509319599190205
0.011514109562796521
0.01151880668578974
0.011523413639889811
0.011527932995335619
0.011532367225655194
0.011536718712169491
0.011540989748246952
0.01154518254332476
0.011549299226711615
0.01155334185118568
0.0115573123964005
0.011561212772110733
0.01156504482122869
0.011568810322721949
0.011572510994361643
0.011576148495330204
0.011579724428697029
0.011583240343769669
0.01158669773832785
0.011590098060747065
0.011593442712018048
0.01159673304766801
0.011599970379589226
0.011603155977780088
0.01160629107200347
0.011609376853367005
0.011612414475829462
0.011615405057637255
0.011618349682694857
0.011621249401872574
0.01162410523425505
0.011626918168333607
0.011629689163145312
0.011632419149361532
0.011635109030328635
0.011637759683063159
0.011640371959203874
0.011642946685922789
0.011645484666797264
0.01164798668264504
0.011650453492324119
0.011652885833499108
0.011655284423375734
0.011657649959405027
0.011659983119958606
0.011662284564976491
0.01166455493658867
0.011666794859711735
0.011669004942621653
0.011671185777503838
0.01167333794098158
0.011675461994623755
0.011677558485432817
0.0116796279463139
0.011681670896525978
0.011683687842115728
0.011685679276335029
0.011687645680042678
0.01168958752209109
0.011691505259698616
0.01169339933880809
0.01169527019443219
0.01169711825098621
0.011698943922608722
0.011700747613470697
0.011702529718073501
0.011704290621536308
0.01170603069987329
0.011707750320261062
0.01170944984129674
0.011711129613247025
0.011712789978288656
0.011714431270740573
0.011716053817288154
0.011717657937199807
0.011719243942536223
0.0117208121383526
0.01172236282289408
0.011723896287784712
0.011725412818210112
0.011726912693094161
0.011728396185269887
0.011729863561644778
0.011731315083360764
0.011732751005949019
0.011734171579479835
0.01173557704870768
0.011736967653211687
0.011738343627531695
0.011739705201300039
0.011741052599369198
0.011742386041935518
0.011743705744659078
0.011745011918779885
0.011746304771230537
0.011747584504745407
0.011748851317966593
0.0117501054055466
0.01175134695824802
0.011752576163040172
0.011753793203192935
0.011754998258367746
0.011756191504706004
0.011757373114914805
0.011758543258350261
0.011759702101098331
0.011760849806053384
0.011761986532994487
0.0117631124386595
0.007431725345067197
0.007816463172125834
0.008145775467887625
0.008430287230075707
0.008678213117540924
0.008895958826632482
0.009088568257906977
0.00926005296468813
0.009413634990963319
0.009551926816242937
0.009677065723234356
0.009790815018933141
0.009894640992775748
0.009989771972442798
0.01007724405544004
0.010157936835082211
0.010232601545921632
0.010301883415752604
0.010366339552563763
0.010426453362251575
0.010482646249842973
0.010535287177848353
0.010584700522278483
0.010631172567185997
0.01067495690336538
0.010716278939643203
0.010755339691379458
0.010792318977014475
0.010827378127265768
0.010860662291086245
0.010892302406386284
0.010922416890785318
0.010951113097531448
0.010978488573632126
0.011004632150734174
0.011029624894039075
0.011053540930278116
0.011076448172299063
0.011098408954973375
0.011119480594796121
0.011139715883622439
0.01115916352538648
0.011177868523320214
0.011195872524080497
0.011213214124264192
0.011229929144010763
0.011246050871734033
0.011261610283468445
0.011276636239843612
0.011291155663299503
0.011305193697812452
0.011318773853109485
0.01133191813509734
0.011344647164016858
0.011356980281647475
0.011368935648725802
0.011380530333603266
0.01139178039304711
0.011402700945984036
0.011413306240894271
0.011423609717484115
0.011433624063194904
0.01144336126504529
0.011452832657249714
0.011462048965008785
0.011471020344825361
0.011479756421663406
0.011488266323234027
0.011496558711664254
0.01150464181277845
0.011512523443199535
0.011520211035456883
0.011527711661269688
0.011535032053158534
0.01154217862452334
0.011549157488313163
0.011555974474401548
0.011562635145770907
0.011569144813599986
0.011575508551340107
0.011581731207858355
0.011587817419719003
0.011593771622668295
0.011599598062382272
0.01160530080453209
0.011610883744216904
0.011616350614810119
0.011621704996261138
0.011626950322891249
0.011632089890719267
0.011637126864349649
0.01164206428345324
0.011646905068868504
0.011651652028348856
0.011656307861979827
0.011660875167287987
0.01166535644406182
0.011669754098903383
0.01167407044952807
0.011678307728828614
0.011682468088718251
0.011686553603766917
0.011690566274643339
0.01169450803137505
0.011698380736437392
0.01170218618768195
0.011705926121113975
0.011709602213527903
0.011713216085009267
0.011716769301310898
0.011720263376110651
0.01172369977315758
0.01172707990831284
0.011730405151491357
0.011733676828509815
0.011736896222846214
0.011740064577315846
0.011743183095668349
0.011746252944110105
0.011749275252755986
0.011752251117014315
0.011755181598908558
0.01175806772833908
0.011760910504288116
0.011763710895970975
0.011766469843936131
0.011769188261116994
0.011771867033837626
0.011774507022774917
0.011777109063879299
0.01177967396925606
0.011782202528009296
0.011784695507050243
0.01178715365187179
0.011789577687290768
0.011791968318159629
0.011794326230048889
0.011796652089901823
0.011798946546662643
0.011801210231879439
0.011803443760283047
0.011805647730342993
0.011807822724801478
0.011809969311186507
0.011812088042305054
0.011814179456717167
0.011816244079191872
0.011818282421145687
0.01182029498106453
0.0118222822449097
0.011824244686508693
0.01182618276793147
0.011828096939852782
0.011829987641901255
0.011831855302995641
0.01183370034166891
0.011835523166380632
0.011837324175818177
0.011839103759187133
0.011840862296491467
0.011842600158803793
0.011844317708526174
0.011846015299641861
0.011847693277958286
0.011849351981341691
0.011850991739943747
0.011852612876420443
0.011854215706143569
0.011855800537405061
0.011857367671614556
0.01185891740349031
0.011860450021243845
0.011861965806758488
0.011863465035762072
0.011864947977994016
0.011866414897366999
0.011867866052123414
0.0118693016949868
0.011870722073308485
0.011872127429209525
0.011873517999718228
0.011874894016903313
0.011876255708002915
0.011877603295549637
0.011878936997491676
0.01188025702731026
0.01188156359413349
0.011882856902846711
0.011884137154199555
0.01188540454490973
0.011886659267763756
0.011887901511714635
0.011889131461976662
0.011890349300117418
0.01189155520414708
0.011892749348605097
0.011893931904644354
0.01189510304011291
0.01189626291963335
0.011897411704679915
0.011898549553653357
0.007509776172306146
0.007898178618618634
0.008230615481902688
0.008517818533669605
0.008768083936804505
0.008987880323319377
0.009182300768873514
0.009355395695594482
0.009510418209173761
0.009650005869325365
0.009776316405308894
0.009891129943118079
0.00999592672282467
0.010091946733313793
0.01018023588980189
0.010261682106614371
0.010337043714757596
0.010406972029316734
0.01047202940826374
0.010532703808333158
0.010589420598116506
0.01064255220761208
0.010692426059058822
0.010739331123226847
0.010783523369371072
0.010825230319292676
0.01086465487171515
0.010901978529066814
0.01093736413227752
0.01097095818850612
0.011002892860451172
0.011033287673037795
0.011062250983049342
0.01108988124909938
0.01111626813277249
0.01114149345645989
0.011165632039113799
0.0111887524276386
0.011210917538766902
0.01123218522390984
0.011252608767524031
0.011272237327924716
0.011291116328133396
0.01130928780322881
0.011326790709732708
0.011343661201774059
0.011359932878111462
0.011375637003531966
0.011390802707668301
0.011405457163871539
0.011419625750430654
0.011433332196135064
0.011446598711922756
0.011459446110138804
0.011471893912741532
0.011483960449631112
0.011495662948135282
0.011507017614564938
0.011518039708646281
0.011528743611544124
0.01153914288811006
0.01154925034391887
0.011559078077594608
0.011568637528873379
0.011577939522802286
0.011586994310431612
0.01159581160632028
0.011604400623141688
0.01161277010364781
0.011620928350223672
0.011628883252241273
0.01163664231140156
0.011644212665234873
0.011651601108913955
0.011658814115519068
0.011665857854881792
0.011672738211122313
0.011679460798984622
0.01168603097906458
0.011692453872017318
0.011698734371822887
0.011704877158182088
0.01171088670810828
0.01171676730677529
0.011722523057676529
0.011728157892145714
0.011733675578285524
0.011739079729346659
0.011744373811596352
0.011749561151712214
0.01175464494373449
0.011759628255607182
0.01176451403533606
0.011769305116789516
0.011774004225166203
0.011778613982151449
0.011783136910783094
0.011787575440045477
0.011791931909209241
0.011796208571933177
0.011800407600143139
0.0118045310877021
0.011808581053884305
0.011812559446665597
0.011816468145841186
0.011820308965981333
0.011824083659234638
0.011827793917988057
0.01183144137739214
0.0118350276177593
0.0118385541668426
0.011842022502001844
0.011845434052263518
0.011848790200280504
0.011852092284197263
0.011855341599425775
0.011858539400337102
0.011861686901873312
0.011864785281084029
0.01186783567859169
0.011870839199989405
0.011873796917174922
0.011876709869624134
0.011879579065607274
0.011882405483350799
0.011885190072147753
0.01188793375341928
0.011890637421729727
0.011893301945757766
0.011895928169225656
0.011898516911788778
0.011901068969887421
0.011903585117562645
0.011906066107237986
0.011908512670468654
0.011910925518659847
0.011913305343755516
0.011915652818899171
0.01191796859906788
0.01192025332168084
0.011922507607183636
0.011924732059609302
0.01192692726711734
0.011929093802511583
0.011931232223737955
0.01193334307436299
0.011935426884033963
0.0119374841689215
0.011939515432145394
0.011941521164184368
0.011943501843270539
0.011945457935769151
0.011947389896544315
0.011949298169311295
0.011951183186975915
0.011953045371961658
0.011954885136524963
0.011956702883059188
0.01195849900438778
0.011960273884047003
0.011962027896558737
0.011963761407693707
0.011965474774725551
0.011967168346676072
0.011968842464552066
0.01197049746157404
0.011972133663397121
0.011973751388324527
0.011975350947513806
0.011976932645176217
0.01197849677876944
0.01198004363918392
0.011981573510923087
0.011983086672277654
0.01198458339549425
0.01198606394693859
0.011987528587253387
0.011988977571511218
0.011990411149362484
0.011991829565178708
0.011993233058191317
0.011994621862626034
0.011995996207833117
0.011997356318413532
0.011998702414341228
0.012000034711081657
0.012001353419706685
0.012002658747005977
0.012003950895595035
0.012005230064019979
0.012006496446859173
0.012007750234821837
0.012008991614843735
0.012010220770180019
0.012011437880495364
0.012012643121951449
0.012013836667291928
0.012015018685924883
0.012016189344002972
0.012017348804501216
0.01201849722729259
0.00757937951503751
0.007971048826797944
0.008306271087785023
0.008595873269374478
0.00884822420092337
0.009069848624277907
0.009265883455790356
0.00944041376934621
0.009596720361904114
0.009737463151705964
0.009864818095536973
0.009980580312922458
0.010086242480330312
0.01018305498204498
0.01027207248524788
0.010354190321965143
0.010430173149255236
0.010500677708628146
0.010566271038059648
0.010627445151035458
0.010684628949375986
0.010738197954084767
0.010788482302878717
0.010835773361525108
0.010880329219485358
0.010922379282104792
0.01096212812696903
0.010999758757639809
0.011035435361272328
0.011069305655748722
0.01110150289555923
0.011132147592694337
0.011161348998499744
0.011189206384204044
0.011215810151206273
0.0112412427968633
0.011265579757178849
0.011288890144260252
0.011311237393515347
0.011332679833183045
0.011353271186827989
0.011373061017803355
0.0113920951233333
0.011410415884737797
0.011428062579377288
0.011445071659100421
0.011461476999308377
0.011477310122183323
0.01149260039714828
0.011507375221217248
0.011521660181546161
0.011535479202197215
0.011548854676873728
0.011561807589162903
0.01157435762163486
0.011586523254982453
0.01159832185824516
0.01160976977103727
0.011620882378593834
0.011631674180354813
0.011642158852726417
0.011652349306587682
0.011662257740047748
0.011671895686904776
0.01168127406120906
0.011690403198290455
0.011699292892572842
0.01170795243246498
0.0117163906325879
0.01172461586357278
0.011732636079640098
0.011740458844150311
0.01174809135329776
0.01175554045810328
0.011762812684846143
0.011769914254062938
0.01177685109822926
0.01178362887822931
0.011790252998709304
0.01179672862240179
0.011803060683500446
0.011809253900157923
0.01181531278617301
0.011821241661927814
0.01182704466463043
0.011832725757914001
0.01183828874083882
0.011843737256340312
0.011849074799162251
0.011854304723311442
0.011859430249067143
0.011864454469575974
0.01186938035706059
0.01187421076866823
0.011878948451983298
0.011883596050226219
0.011888156107159235
0.011892631071718203
0.01189702330238807
0.011901335071338424
0.01190556856833433
0.011909725904436532
0.011913809115504173
0.011917820165512174
0.011921760949694635
0.011925633297524801
0.011929438975541398
0.011933179690030535
0.011936857089571658
0.011940472767455561
0.011944028263981898
0.01194752506864306
0.011950964622201077
0.011954348318663394
0.011957677507163431
0.011960953493751073
0.01196417754309817
0.011967350880123684
0.011970474691542863
0.011973550127344572
0.011976578302200593
0.011979560296810587
0.011982497159186041
0.01198538990587648
0.011988239523140872
0.011991046968067135
0.011993813169642353
0.011996539029776241
0.011999225424280233
0.012001873203804369
0.012004483194734156
0.01200705620004934
0.012009593000146486
0.012012094353627078
0.012014560998052912
0.012016993650670259
0.012019393009104342
0.012021759752025532
0.01202409453978857
0.012026398015046142
0.012028670803337919
0.012030913513656247
0.012033126738989588
0.012035311056844626
0.012037467029748129
0.012039595205729385
0.012041696118784133
0.012043770289320792
0.01204581822458977
0.012047840419096623
0.012049837354999704
0.012051809502493075
0.012053757320175221
0.012055681255404224
0.012057581744639969
0.012059459213773927
0.012061314078447042
0.012063146744356192
0.012064957607549758
0.012066747054712687
0.01206851546344152
0.012070263202509798
0.012071990632124186
0.012073698104171783
0.012075385962458853
0.012077054542941449
0.012078704173948122
0.012080335176395156
0.012081947863994486
0.012083542543454732
0.012085119514675488
0.01208667907093518
0.012088221499072788
0.012089747079663562
0.012091256087189048
0.012092748790201589
0.012094225451483549
0.012095686328201401
0.012097131672054947
0.012098561729421769
0.012099976741497133
0.012101376944429528
0.012102762569451931
0.012104133843009048
0.012105490986880567
0.012106834218300683
0.012108163750073911
0.012109479790687428
0.012110782544419971
0.012112072211447483
0.012113348987945582
0.012114613066188978
0.012115864634647935
0.012117103878081903
0.012118330977630362
0.012119546110901058
0.01212074945205563
0.012121941171892782
0.012123121437929046
0.012124290414477244
0.012125448262722695
0.0076418263626974615
0.008036425791583514
0.008374146306932109
0.008665900278273608
0.008920121717634587
0.009143385696784268
0.009340868455942489
0.009516686150161113
0.00967414441398271
0.009815923219841111
0.009944214873321113
0.010060827941984402
0.010167266256712366
0.010264789525547807
0.010354460265377612
0.010437180461194046
0.010513720443897208
0.010584741821946719
0.010650815830792651
0.01071243812239341
0.010770040767491353
0.010824002059379856
0.010874654571254817
0.010922291816923628
0.01096717378742898
0.011009531577436293
0.01104957127027343
0.011087477215841014
0.011123414808697715
0.011157532852598871
0.011189965581239747
0.011220834391888248
0.01125024933820298
0.011278310420228196
0.011305108702884988
0.011330727288890587
0.011355242167666939
0.011378722958237653
0.011401233561197072
0.011422832732438496
0.01144357458935093
0.011463509058555215
0.01148268227288769
0.011501136924202529
0.011518912577611506
0.011536045951979658
0.011552571170821037
0.011568519987168123
0.011583921985504909
0.01159880476344216
0.011613194095462444
0.011627114080762349
0.011640587276961961
0.01165363482123042
0.01166627654018572
0.011678531049762112
0.011690415846095994
0.011701947388357385
0.01171314117434636
0.011724011809580197
0.01173457307051499
0.011744837962473845
0.011754818772790974
0.01176452711962584
0.011773973996852875
0.011783169815389623
0.01179212444128829
0.011800847230882278
0.01180934706324967
0.011817632370229422
0.011825711164202536
0.011833591063829883
0.011841279317919656
0.011848782827581027
0.01185610816680572
0.011863261601606013
0.011870249107825871
0.01187707638773115
0.011883748885475378
0.011890271801528948
0.011896650106151836
0.011902888551982863
0.011908991685812477
0.011914963859599902
0.011920809240790831
0.011926531821986684
0.011932135430012612
0.01193762373442727
0.0119430002555141
0.011948268371790543
0.011953431327068748
0.011958492237098727
0.011963454095822439
0.011968319781265136
0.011973092061088255
0.01197777359782632
0.011982366953828594
0.01198687459592477
0.01199129889983246
0.011995642154322961
0.011999906565160718
0.012004094258830575
0.012008207286066112
0.012012247625191267
0.012016217185286764
0.012020117809191828
0.012023951276351202
0.012027719305516656
0.012031423557311568
0.0120350656366666
0.012038647095134006
0.012042169433087495
0.012045634101814279
0.012049042505505349
0.012052396003149723
0.012055695910338081
0.012058943500980673
0.012062140008944408
0.012065286629613304
0.012068384521376638
0.012071434807048555
0.012074438575222838
0.012077396881566269
0.012080310750053766
0.012083181174148394
0.012086009117929015
0.012088795517168353
0.012091541280363927
0.012094247289724292
0.012096914402112777
0.012099543449950907
0.012102135242083454
0.012104690564606994
0.012107210181663816
0.012109694836202795
0.012112145250708882
0.012114562127902623
0.012116946151411238
0.012119297986412519
0.012121618280252884
0.012123907663040714
0.012126166748216202
0.01212839613309871
0.012130596399412767
0.012132768113793532
0.01213491182827279
0.012137028080746261
0.012139117395423085
0.01214118028325829
0.012143217242368935
0.012145228758434708
0.012147215305083586
0.012149177344263282
0.012151115326598995
0.012153029691738135
0.01215492086868248
0.012156789276108419
0.012158635322675646
0.01216045940732487
0.012162261919564986
0.012164043239750085
0.012165803739346826
0.012167543781192416
0.012169263719743719
0.012170963901317763
0.012172644664324005
0.012174306339488702
0.012175949250071701
0.012177573712075881
0.01217918003444966
0.012180768519282688
0.012182339461995097
0.012183893151520537
0.012185429870483187
0.012186949895368993
0.012188453496691431
0.012189940939151817
0.01219141248179459
0.012192868378157584
0.012194308876417526
0.012195734219531004
0.01219714464537095
0.012198540386858898
0.012199921672093128
0.01220128872447285
0.012202641762818555
0.012203981001488742
0.012205306650493006
0.01220661891560178
0.012207917998452751
0.012209204096654047
0.012210477403884413
0.012211738109990359
0.012212986401080476
0.01221422245961696
0.012215446464504464
0.012216658591176386
0.012217859011678612
0.012219047894750907
0.012220225405905909
0.012221391707505917
0.00769815920977037
0.00809540121977176
0.008435374813748977
0.00872906938797717
0.008984977745803285
0.0092097203529657
0.009408508916395036
0.009585487623281558
0.009743984508970103
0.009886697632435396
0.010015834043861617
0.01013321443920297
0.010240352709127598
0.010338516970420472
0.01042877681929021
0.010512040240740605
0.010589082682639143
0.01066057014270353
0.010727077641866575
0.010789104113428047
0.010847084486003838
0.010901399553056242
0.010952384084196298
0.01100033353041963
0.011045509597688564
0.011088144904161028
0.011128446891098535
0.01116660112257837
0.011202774082037962
0.011237115552510356
0.011269760650770805
0.011300831572459619
0.011330439094787162
0.011358683875066857
0.01138565757660481
0.011411443848050913
0.0114361191779165
0.011459753642377519
0.011482411561547286
0.011504152076990355
0.011525029661257954
0.011545094568576088
0.011564393234445674
0.011582968630769366
0.011600860582161055
0.011618106048288526
0.011634739376420792
0.011650792527777391
0.011666295280790082
0.011681275413973149
0.011695758870745272
0.011709769908243826
0.01172333123191334
0.011736464117427122
0.011749188521309262
0.011761523181458153
0.01177348570862946
0.011785092669811589
0.011796359664318586
0.01180730139333093
0.011817931723532186
0.011828263745417483
0.011838309826786426
0.01184808166187756
0.011857590316552698
0.01186684626989621
0.01187585945255648
0.011884639282122994
0.011893194695802772
0.011901534180633416
0.011909665801446492
0.011917597226774112
0.011925335752872895
0.011932888326022874
0.01194026156324399
0.011947461771559578
0.011954494965924232
0.011961366885922751
0.011968083011337288
0.011974648576671122
0.011981068584709636
0.011987347819192114
0.011993490856661623
0.011999502077554396
0.012005385676585071
0.01201114567247934
0.012016785917101338
0.012022310104019173
0.012027721776548546
0.01203302433531115
0.012038221045341637
0.012043315042774273
0.012048309341137984
0.012053206837286296
0.012058010316986573
0.012062722460191222
0.01206734584601171
0.01207188295741481
0.012076336185658922
0.012080707834487156
0.01208500012409255
0.012089215194869754
0.012093355110966444
0.012097421863646844
0.012101417374478864
0.012105343498355457
0.012109202026360318
0.012112994688487033
0.012116723156220456
0.012120389044988345
0.012123993916490801
0.012127539280914552
0.012131026599038659
0.012134457284237846
0.012137832704389152
0.01214115418368733
0.012144423004374053
0.012147640408385663
0.012150807598923882
0.012153925741953665
0.01215699596763211
0.01216001937167211
0.012162997016644143
0.012165929933219528
0.012168819121358128
0.01217166555144341
0.012174470165367525
0.012177233877569018
0.012179957576025514
0.012182642123203628
0.012185288356968292
0.012187897091453483
0.01219046911789618
0.012193005205435488
0.012195506101878481
0.012197972534434446
0.012200405210419011
0.012202804817929591
0.012205172026493521
0.01220750748769012
0.012209811835747934
0.012212085688118306
0.012214329646026333
0.012216544295000256
0.01221873020538029
0.012220887932807744
0.012223018018695433
0.012225120990680082
0.012227197363057609
0.01222924763720202
0.012231272301968599
0.012233271834082122
0.0122352466985107
0.012237197348825895
0.012239124227549684
0.012241027766488801
0.012242908387057064
0.012244766500586085
0.012246602508624953
0.01224841680322925
0.012250209767239896
0.01225198177455225
0.012253733190375805
0.012255464371484906
0.012257175666460823
0.012258867415925549
0.012260539952767657
0.012262193602360458
0.012263828682772865
0.01226544550497318
0.0122670443730261
0.012268625584283196
0.012270189429567136
0.012271736193349855
0.012273266153924945
0.012274779583574426
0.012276276748730209
0.012277757910130301
0.012279223322970104
0.012280673237048883
0.012282107896911596
0.012283527541986328
0.012284932406717387
0.01228632272069429
0.012287698708776745
0.012289060591215834
0.012290408583771437
0.012291742897826112
0.012293063740495545
0.012294371314735642
0.012295665819446404
0.012296947449572767
0.012298216396202363
0.012299472846660477
0.012300716984602146
0.012301948990101619
0.012303169039739176
0.012304377306685453
0.012305573960783339
0.012306759168627494
0.012307933093641662
0.007749228704560686
0.00814886588072998
0.008490881591307998
0.008786335054446192
0.009043772364372558
0.009269855133047974
0.009469827214854221
0.009647858205357808
0.009807296443839165
0.00995085638266573
0.010080758436238856
0.01019883429339162
0.010306606962695208
0.010405352182347852
0.010496145965005439
0.010579901733854114
0.010657399574573855
0.010729309463119344
0.010796209851416952
0.01085860264682322
0.010916925368194797
0.010971561075024939
0.011022846527645389
0.01107107893282009
0.011116521550825091
0.011159408380631109
0.011199948094257544
0.011238327356245088
0.011274713636930635
0.01130925760690972
0.011342095183331381
0.011373349285435062
0.011403131346216778
0.01143154261870057
0.01145867530853368
0.01148461355916722
0.01150943431145756
0.011533208055916247
0.011555999492883443
0.011577868113472879
0.011598868712133295
0.011619051840012093
0.01163846420692687
0.011657149038599032
0.011675146394839214
0.011692493453563931
0.011709224764839822
0.01172537247857423
0.011740966548981064
0.011756034918534242
0.011770603683765549
0.011784697244959962
0.011798338441540757
0.01181154867471269
0.011824348018738492
0.011836755322057146
0.011848788299307918
0.011860463615198932
0.011871796961050044
0.01188280312474473
0.01189349605474297
0.011903888918734364
0.011913994157447162
0.011923823534073123
0.011933388179718783
0.01194269863525053
0.011951764889862559
0.01196059641666291
0.011969202205542914
0.011977590793568662
0.011985770293109498
0.011993748417897604
0.012001532507193761
0.012009129548217938
0.012016546196988068
0.012023788797697228
0.012030863400747329
0.012037775779546633
0.012044531446168762
0.01205113566596217
0.012057593471191149
0.01206390967378241
0.012070088877244846
0.012076135487824376
0.012082053724950435
0.012087847631026043
0.012093521080609022
0.012099077789028075
0.012104521320473825
0.012109855095601814
0.012115082398681368
0.012120206384321704
0.012125230083804096
0.012130156411046757
0.012134988168227084
0.0121397280510839
0.01214437865392084
0.012148942474330245
0.012153421917655675
0.012157819301209691
0.012162136858262465
0.012166376741815567
0.012170541028174331
0.0121746317203312
0.012178650751171628
0.012182599986513297
0.01218648122798866
0.01219029621578014
0.012194046631216721
0.012197734099240038
0.01220136019074752
0.012204926424819757
0.012208434270838609
0.012211885150502325
0.012215280439743442
0.012218621470554886
0.012221909532729374
0.012225145875516857
0.012228331709204492
0.012231468206623332
0.01223455650458564
0.012237597705256589
0.012240592877463714
0.012243543057947512
0.012246449252556111
0.012249312437387038
0.0122521335598787
0.012254913539854199
0.012257653270519843
0.0122603536194207
0.012263015429355258
0.01226563951925125
0.012268226685004598
0.012270777700283177
0.012273293317297203
0.0122757742675378
0.012278221262485267
0.012280634994288508
0.012283016136416984
0.012285365344286439
0.012287683255859666
0.012289970492223452
0.012292227658142772
0.012294455342593321
0.012296654119273307
0.012298824547095492
0.012300967170660343
0.01230308252071111
0.012305171114571682
0.012307233456567937
0.01230927003843332
0.012311281339699323
0.012313267828071552
0.012315229959791962
0.012317168179987827
0.01231908292300812
0.012320974612747674
0.012322843662959767
0.012324690477557531
0.012326515450904699
0.012328318968096084
0.012330101405228267
0.012331863129660815
0.012333604500268476
0.012335325867684682
0.012337027574536745
0.012338709955672976
0.012340373338382216
0.012342018042605877
0.012343644381142962
0.012345252659848212
0.012346843177823733
0.012348416227604261
0.01234997209533642
0.01235151106095212
0.012353033398336294
0.012354539375489321
0.012356029254684164
0.012357503292618536
0.012358961740562245
0.012360404844499854
0.012361832845268934
0.012363245978693932
0.012364644475715907
0.012366028562518297
0.012367398460648741
0.012368754387137255
0.012370096554610768
0.012371425171404198
0.012372740441668193
0.012374042565473638
0.012375331738913045
0.012376608154198925
0.012377871999759284
0.01237912346033028
0.012380362717046196
0.012381589947526778
0.012382805325962058
0.012384009023194711
0.012385201206800093
0.012386382041163942
0.0077957355763892825
0.00819755352933978
0.008541428556716076
0.008838483454242357
0.009097312840129417
0.009324615791421537
0.009525665433525926
0.009704654496717334
0.009864949807166292
0.010009280743452049
0.010139879888050974
0.01025858893872879
0.010366939205805004
0.010466213366665207
0.010557493276031112
0.01064169730844829
0.010719609772225368
0.01079190426540904
0.010859162363759802
0.010921888682434438
0.010980523098632145
0.011035450735002034
0.011087010164367599
0.011135500192065701
0.0111811854935258
0.011224301324903818
0.011265057478783376
0.011303641621639854
0.011340222122348104
0.011374950459598271
0.011407963279251284
0.011439384159357576
0.0114693251299821
0.011497887986521476
0.011525165428404401
0.011551242049579885
0.011576195202747327
0.011600095755655009
0.011623008754825014
0.011644994009622038
0.011666106607569967
0.011686397370151477
0.011705913256938677
0.011724697724744878
0.011742791047517976
0.011760230601881215
0.011777051122540303
0.011793284931195204
0.01180896214210236
0.01182411084701425
0.01183875728186588
0.01185292597727226
0.011866639894638813
0.011879920549461477
0.011892788123199171
0.011905261564933484
0.011917358683885389
0.01192909623373275
0.011940489989562847
0.011951554818198623
0.01196230474255405
0.011972753000601032
0.011982912099466305
0.0119927938651206
0.012002409488073023
0.01201176956543987
0.012020884139718808
0.012029762734565174
0.01203841438783712
0.012046847682149536
0.012055070773152899
0.012063091415732106
0.012070916988301405
0.012078554515354821
0.01208601068841627
0.012093291885520295
0.012100404189342075
0.01210735340408467
0.012114145071221693
0.012120784484184799
0.012127276702077566
0.012133626562490119
0.01213983869348259
0.012145917524799498
0.012151867298372025
0.012157692078160372
0.01216339575938398
0.012168982077183626
0.012174454614755652
0.01217981681099554
0.01218507196768496
0.012190223256253765
0.012195273724145951
0.012200226300816415
0.012205083803383147
0.012209848941957837
0.012214524324675902
0.01221911246244564
0.012223615773434528
0.012228036587309523
0.012232377149246947
0.012236639623726432
0.012240826098122317
0.012244938586105071
0.012248979030864296
0.01225294930816414
0.012256851229241247
0.012260686543554524
0.01226445694139561
0.012268164056368094
0.01227180946774319
0.01227539470269894
0.012278921238449682
0.012282390504271861
0.012285803883432197
0.012289162715023515
0.012292468295713418
0.012295721881410572
0.012298924688853123
0.012302077897123384
0.012305182649092873
0.012308240052801263
0.012311251182772886
0.01231421708127393
0.01231713875951354
0.012320017198791656
0.01232285335159629
0.01232564814265294
0.012328402469928418
0.012331117205591489
0.012333793196932414
0.012336431267243455
0.012339032216662273
0.01234159682298
0.012344125842415715
0.012346620010358968
0.012349080042081798
0.012351506633421818
0.012353900461437618
0.012356262185037839
0.012358592445585135
0.012360891867476204
0.012363161058698934
0.01236540061136776
0.012367611102238201
0.012369793093201537
0.012371947131760439
0.012374073751486515
0.012376173472460495
0.012378246801695796
0.012380294233546297
0.012382316250098896
0.012384313321551559
0.012386285906577497
0.012388234452676032
0.012390159396510702
0.012392061164235206
0.012393940171807623
0.012395796825293461
0.012397631521157911
0.01239944464654787
0.012401236579564021
0.012403007689523477
0.012404758337213315
0.012406488875135374
0.012408199647742698
0.012409890991667883
0.012411563235943751
0.012413216702216557
0.012414851704952063
0.01241646855163478
0.01241806754296057
0.01241964897302296
0.012421213129493302
0.0124227602937951
0.01242429074127269
0.012425804741354463
0.01242730255771089
0.012428784448407473
0.012430250666052876
0.012431701457942373
0.012433137066196798
0.012434557727897151
0.01243596367521503
0.012437355135539039
0.0124387323315973
0.012440095481576227
0.01244144479923568
0.012442780494020644
0.012444102771169526
0.012445411831819247
0.012446707873107133
0.012447991088269852
0.012449261666739387
0.012450519794236208
0.012451765652859714
0.012452999421176031
0.012454221274303307
0.01245543138399449
0.012456629918717802
0.012457817043734838
0.00783826209108525
0.008242073856237798
0.008587648786341679
0.00888616780828973
0.009146269906654557
0.009374688413021871
0.009576723215179501
0.00975658819519146
0.009917667081454645
0.010062702899232844
0.01019393935593378
0.010313227300173679
0.010422105632271606
0.01052186337385174
0.010613587720803504
0.01069820157449267
0.010776493103792452
0.010849139218263977
0.010916724349643175
0.01097975558869851
0.011038674968745835
0.011093869498674143
0.011145679408375513
0.01119440496467903
0.011240312136814375
0.01128363733031482
0.01132459136223535
0.01136336281506558
0.011400120879164123
0.011435017772017105
0.011468190805705922
0.011499764160594724
0.011529850412614671
0.011558551853022625
0.011585961632683262
0.011612164757409803
0.011637238956425782
0.011661255442365025
0.011684279578243445
0.01170637146438388
0.0117275864562515
0.0117479756224805
0.011767586150978688
0.011786461709832916
0.01180464276876397
0.01182216688606072
0.011839068965233287
0.011855381485041273
0.011871134706058321
0.011886356856513264
0.011901074299789021
0.011915311685653414
0.01192909208703271
0.011942437123912315
0.011955367075754059
0.011967900983650907
0.011980056743294082
0.011991851189701022
0.012003300174542413
0.012014418636810685
0.012025220667488512
0.012035719568802575
0.012045927908583628
0.012055857570197342
0.012065519798460912
0.012074925241916439
0.01208408399179365
0.012093005617960128
0.012101699202127114
0.012110173368551927
0.012118436312454288
0.012126495826342464
0.01213435932442627
0.012142033865277069
0.012149526172879694
0.012156842656207818
0.01216398942744204
0.012170972318939193
0.012177796899051456
0.012184468486885196
0.012190992166081459
0.012197372797692835
0.0122036150322251
0.012209723320906068
0.012215701926238859
0.012221554931892045
0.012227286251974702
0.012232899639740526
0.012238398695761588
0.012243786875609012
0.012249067497074885
0.012254243746967113
0.012259318687506265
0.012264295262351427
0.012269176302279848
0.012273964530543406
0.012278662567923062
0.01228327293750104
0.012287798069168916
0.01229224030388849
0.01229660189772113
0.012300885025640128
0.012305091785139518
0.012309224199652012
0.012313284221787638
0.01231727373640398
0.012321194563518167
0.012325048461070033
0.012328837127545181
0.012332562204466293
0.01233622527876018
0.012339827885007905
0.012343371507584515
0.012346857582694732
0.012350287500310465
0.012353662606015507
0.012356984202762735
0.012360253552548467
0.012363471878008559
0.012366640363940484
0.012369760158755324
0.012372832375863459
0.012375858094997408
0.01237883836347518
0.012381774197407148
0.012384666582849464
0.012387516476906706
0.012390324808786305
0.0123930924808073
0.01239582036936561
0.012398509325858037
0.012401160177567053
0.012403773728508278
0.012406350760242466
0.012408892032653749
0.012411398284695754
0.01241387023510708
0.012416308583097682
0.01241871400900746
0.012421087174938394
0.012423428725361417
0.012425739287699262
0.012428019472886315
0.012430269875906574
0.012432491076310663
0.012434683638712913
0.012436848113269311
0.012438985036137256
0.012441094929917865
0.012443178304081613
0.012445235655378079
0.012447267468230393
0.01244927421511513
0.012451256356928259
0.012453214343337687
0.012455148613123024
0.012457059594503113
0.01245894770545174
0.012460813354002186
0.01246265693854088
0.012464478848090793
0.012466279462584842
0.012468059153129799
0.012469818282261062
0.012471557204188638
0.012473276265034708
0.012474975803063136
0.01247665614890116
0.012478317625753644
0.012479960549610185
0.012481585229445272
0.012483191967411853
0.01248478105902854
0.012486352793360647
0.012487907453195366
0.012489445315211251
0.012490966650142252
0.012492471722936473
0.012493960792909903
0.012495434113895252
0.012496891934386078
0.012498334497676428
0.012499762041996081
0.01250117480064164
0.012502573002103523
0.012503956870189084
0.012505326624141958
0.012506682478757771
0.012508024644496372
0.01250935332759065
0.012510668730152111
0.012511971050273307
0.012513260482127213
0.012514537216063697
0.012515801438703116
0.012517053333027203
0.012518293078467323
0.012519520850990121
0.012520736823180756
0.012521941164323735
0.012523134040481406
0.007877295946879165
0.00828293751758371
0.008630072512704484
0.008929935212009452
0.009191205318950811
0.00942064760311907
0.009623586513949392
0.009804255345788198
0.009966053339137925
0.010111736043514391
0.010243557376193969
0.010363376583925523
0.010472739532678936
0.01057294106642857
0.010665073282846466
0.01075006323771669
0.010828702642878944
0.010901671446974927
0.010969556702755137
0.01103286777292865
0.011092048669539908
0.011147488132531344
0.011199527912530458
0.011248469617615116
0.01129458040436767
0.011338097733132924
0.011379233361147573
0.011418176711548773
0.011455097728589509
0.011490149307765497
0.011523469372563298
0.01155518265610336
0.011585402235269868
0.011614230856381028
0.011641762084593645
0.011668081303697102
0.01169326658845874
0.011717389468020714
0.011740515595851542
0.011762705339292013
0.011784014299702189
0.011804493772531935
0.01182419115523705
0.01184315030979408
0.011861411885588233
0.011879013607626297
0.011895990534333278
0.011912375288605268
0.01192819826529386
0.011943487817874687
0.011958270426691894
0.011972570850861956
0.011986412265655784
0.011999816386950603
0.012012803584147237
0.012025392982779073
0.012037602557892595
0.012049449219151956
0.01206094888850976
0.0120721165711896
0.012082966420641956
0.012093511798061212
0.012103765326987218
0.012113738943457953
0.012123443942130052
0.012132891018739937
0.012142090309239562
0.012151051425906252
0.012159783490695953
0.012168295166081934
0.012176594683597258
0.012184689870277779
0.012192588173183493
0.012200296682159092
0.012207822150979321
0.012215171017011186
0.012222349419512911
0.012229363216678484
0.012236218001526977
0.012242919116726866
0.012249471668437623
0.012255880539243716
0.012262150400249652
0.012268285722398808
0.012274290787073504
0.012280169696028995
0.012285926380709664
0.012291564610991738
0.012297088003393268
0.012302500028788868
0.012307804019663658
0.012313003176938214
0.012318100576393796
0.012323099174724898
0.012328001815244096
0.012332811233262221
0.012337530061165244
0.012342160833207595
0.012346705990040242
0.01235116788299044
0.01235554877810893
0.012359850859999199
0.012364076235442285
0.012368226936829868
0.012372304925417237
0.012376312094407167
0.012380250271874785
0.012384121223542988
0.012387926655417119
0.012391668216287325
0.012395347500106093
0.012398966048248332
0.012402525351660596
0.0124060268529058
0.012409471948109279
0.012412861988811717
0.012416198283734076
0.012419482100459399
0.012422714667035978
0.012425897173506152
0.012429030773364769
0.012432116584950971
0.012435155692776931
0.012438149148796769
0.012441097973618797
0.012444003157664037
0.012446865662273727
0.012449686420768456
0.012452466339461368
0.012455206298627699
0.012457907153432892
0.012460569734821299
0.012463194850367388
0.012465783285091368
0.01246833580224084
0.012470853144040237
0.012473336032409472
0.012475785169653354
0.01247820123912309
0.012480584905851237
0.012482936817161235
0.012485257603252867
0.012487547877764564
0.012489808238313752
0.012492039267016176
0.012494241530985155
0.012496415582811664
0.01249856196102611
0.012500681190542616
0.012502773783086542
0.012504840237606028
0.012506881040668197
0.012508896666840748
0.012510887579059504
0.012512854228982517
0.01251479705733135
0.012516716494220047
0.012518612959472257
0.012520486862927099
0.012522338604734163
0.012524168575638123
0.012525977157253357
0.01252776472232904
0.012529531635005028
0.012531278251058927
0.012533004918144738
0.012534711976023342
0.012536399756785197
0.012538068585065548
0.012539718778252409
0.012541350646687661
0.01254296449386144
0.012544560616600177
0.012546139305248451
0.012547700843844932
0.012549245510292592
0.012550773576523521
0.012552285308658331
0.012553780967160606
0.012555260806986362
0.012556725077728849
0.012558174023758788
0.012559607884360224
0.012561026893862182
0.01256243128176623
0.012563821272870153
0.012565197087387809
0.012566558941065372
0.012567907045294043
0.012569241607219346
0.012570562829847202
0.012571870912146772
0.012573166049150309
0.01257444843205002
0.012575718248292109
0.012576975681668053
0.012578220912403232
0.012579454117242993
0.012580675469536229
0.012581885139316547
0.012583083293381168
0.007913248637831521
0.008320575368757082
0.00866914710042346
0.008970247250749732
0.009232593024878255
0.009462978146190348
0.009666749684733925
0.009848158812924241
0.010010619057322083
0.010156897501751118
0.010289257466311192
0.01040956593202412
0.010519375179869301
0.010619985415896635
0.010712493252050842
0.010797829570100502
0.010876789344752287
0.010950055323461362
0.011018216972774738
0.011081785747719692
0.01114120748262682
0.011196872511629919
0.011249123985857075
0.011298264748590123
0.011344563049886253
0.011388257321502749
0.011429560186521751
0.011468661842261078
0.011505732927260141
0.01154092696141602
0.011574382431278197
0.01160622457901823
0.011636566942863967
0.011665512688214008
0.011693155761759791
0.011719581895380766
0.011744869482066246
0.011769090342440626
0.011792310397459125
0.011814590260367484
0.011835985758977778
0.01185654839762125
0.011876325766732697
0.011895361906847462
0.011913697632809039
0.011931370823159655
0.011948416678989996
0.011964867955935654
0.011980755172508711
0.011996106797528204
0.012010949419051262
0.012025307896896693
0.012039205500587534
0.012052664034310535
0.012065703950293903
0.012078344451834644
0.012090603587059736
0.012102498334377626
0.012114044680465515
0.01212525769154116
0.01213615157858339
0.012146739757091612
0.012157034901909756
0.012167048997583196
0.012176793384667102
0.012186278802360475
0.0121955154278012
0.012204512912322926
0.012213280414944062
0.01222182663333201
0.012230159832461791
0.012238287871166674
0.012246218226759292
0.01225395801788481
0.01226151402575232
0.012268892713877048
0.012276100246453724
0.012283142505470492
0.012290025106662853
0.012296753414398263
0.012303332555574033
0.012309767432603928
0.01231606273556239
0.012322222953549388
0.012328252385333617
0.012334155149326863
0.012339935192938054
0.012345596301351559
0.012351142105770518
0.01235657609116295
0.012361901603545175
0.012367121856834518
0.012372239939300648
0.012377258819642722
0.01238218135271743
0.012387010284941028
0.012391748259386846
0.012396397820598114
0.012400961419134398
0.012405441415868784
0.012409840086051512
0.012414159623154758
0.01241840214251222
0.01242256968476613
0.012426664219133436
0.012430687646502216
0.012434641802368434
0.012438528459622606
0.012442349331195219
0.012446106072569215
0.012449800284167218
0.012453433513620774
0.012457007257928313
0.012460522965508175
0.012463982038152561
0.012467385832888003
0.012470735663747456
0.01247403280345893
0.012477278485055164
0.012480473903408649
0.012483620216695987
0.01248671854779537
0.012489769985620673
0.012492775586395536
0.012495736374870545
0.012498653345486443
0.012501527463486121
0.012504359665978099
0.012507150862953774
0.012509901938260971
0.012512613750535764
0.012515287134094825
0.012517922899790073
0.012520521835827612
0.012523084708552554
0.0125256122632015
0.012528105224624126
0.01253056429797537
0.01253299016937964
0.012535383506568321
0.012537744959491828
0.012540075160907382
0.012542374726943644
0.012544644257643248
0.012546884337484219
0.012549095535881254
0.012551278407667777
0.012553433493559564
0.012555561320600855
0.012557662402593574
0.01255973724051058
0.01256178632289347
0.012563810126235708
0.012565809115351661
0.012567783743732167
0.012569734453887187
0.012571661677676106
0.012573565836626156
0.012575447342239508
0.012577306596289486
0.012579143991106323
0.012580959909852914
0.01258275472679095
0.012584528807537881
0.012586282509314966
0.012588016181186882
0.012589730164293166
0.012591424792071797
0.012593100390475277
0.012594757278179481
0.012596395766785541
0.012598016161015054
0.012599618758898855
0.01260120385195963
0.012602771725388557
0.012604322658216236
0.01260585692347813
0.012607374788374655
0.012608876514426236
0.012610362357623386
0.012611832568572094
0.012613287392634603
0.012614727070065859
0.012616151836145673
0.012617561921306817
0.01261895755125918
0.012620338947110139
0.012621706325481236
0.01262305989862138
0.012624399874516579
0.01262572645699643
0.012627039845837403
0.012628340236863059
0.01262962782204136
0.01263090278957904
0.01263216532401329
0.012633415606300739
0.01263465381390384
0.012635880120874821
0.012637094697937187
0.0126382977125649
0.00794646971674054
0.008355353402472286
0.00870525256019438
0.009007496009879991
0.009270835606592998
0.009502091825502233
0.009706632636765404
0.009888725730980605
0.010051797834042534
0.01019862668663896
0.010331484296368282
0.010452244790116407
0.010562466375816433
0.010663454213635414
0.010756309086327707
0.010841965410545506
0.010921221175602428
0.010994761714812163
0.011063178724855974
0.011126985593876058
0.011186629839831048
0.011242503269742642
0.011294950328673312
0.011344275001119574
0.011390746547408109
0.011434604296790895
0.011476061672310283
0.011515309586554324
0.011552519319517628
0.011587844967985053
0.011621425538722776
0.01165338674421712
0.01168384254893342
0.011712896505460452
0.011740642912991065
0.011767167825006433
0.011792549928502323
0.011816861313404588
0.01184016814780028
0.011862531272127481
0.011884006723417979
0.011904646198989092
0.011924497467569451
0.01194360473466532
0.011962008967987508
0.011979748187929996
0.011996857727392611
0.012013370464649255
0.012029317032462171
0.012044726006216417
0.012059624073485325
0.01207403618712677
0.0120879857037435
0.01210149450911157
0.012114583131983537
0.012127270847502324
0.01213957577131409
0.012151514945340225
0.012163104416057068
0.012174359306034964
0.012185293879403251
0.01219592160183381
0.012206255195570458
0.012216306689974608
0.01222608746800714
0.012235608309022157
0.012244879428209277
0.01225391051298632
0.012262710756613723
0.012271288889274786
0.012279653206841587
0.012287811597525039
0.012295771566588207
0.01230354025928504
0.012311124482171237
0.012318530722920372
0.012325765168766043
0.012332833723679824
0.012339742024384927
0.012346495455296515
0.012353099162471591
0.012359558066644225
0.012365876875415181
0.012372060094659326
0.012378112039208621
0.012384036842863818
0.012389838467783517
0.012395520713295274
0.012401087224169785
0.012406541498395963
0.012411886894491622
0.01241712663838178
0.012422263829874143
0.012427301448758995
0.012432242360558626
0.01243708932194959
0.012441844985879282
0.012446511906396736
0.012451092543216101
0.012455589266029847
0.012460004358587618
0.012464340022555387
0.012468598381168658
0.012472781482692333
0.012476891303699151
0.01248092975217764
0.01248489867047987
0.012488799838118528
0.012492634974422236
0.012496405741057414
0.012500113744424439
0.012503760537935369
0.01250734762417996
0.012510876456986376
0.012514348443382443
0.01251776494546307
0.012521127282168951
0.01252443673098153
0.012527694529538686
0.012530901877175482
0.012534059936393997
0.012537169834266044
0.012540232663772227
0.012543249485080808
0.012546221326769413
0.01254914918699259
0.012552034034598003
0.012554876810193802
0.012557678427169747
0.012560439772674363
0.012563161708550253
0.01256584507222976
0.012568490677592851
0.012571099315789064
0.012573671756025313
0.012576208746321146
0.012578711014233034
0.01258117926754915
0.012583614194956062
0.012586016466678618
0.012588386735094267
0.012590725635323062
0.012593033785794391
0.01259531178879153
0.012597560230975007
0.012599779683885773
0.012601970704429049
0.01260413383533968
0.01260626960562989
0.012608378531020176
0.012610461114354021
0.012612517845997233
0.012614549204222487
0.012616555655579748
0.012618537655253156
0.012620495647404986
0.012622430065507124
0.012624341332660747
0.01262622986190453
0.012628096056511957
0.01262994031027816
0.012631763007796698
0.012633564524726693
0.01263534522805073
0.012637105476323865
0.0126388456199141
0.012640566001234704
0.01264226695496863
0.012643948808285402
0.012645611881050744
0.012647256486029216
0.01264888292908015
0.012650491509347137
0.012652082519441311
0.012653656245618662
0.012655212967951595
0.012656752960494977
0.012658276491446869
0.0126597838233041
0.012661275213012954
0.012662750912115078
0.012664211166888806
0.012665656218486091
0.012667086303065175
0.012668501651919156
0.012669902491600635
0.01267128904404249
0.012672661526675032
0.012674020152539607
0.012675365130398741
0.012676696664843022
0.012678014956394777
0.012679320201608689
0.01268061259316941
0.012681892319986354
0.01268315956728567
0.012684414516699563
0.012685657346353046
0.01268688823094816
0.012688107341845792
0.012689314847145139
0.007977257982935426
0.008387584465701866
0.008738713716976898
0.009042016631740538
0.009306277175496723
0.00953834061436691
0.009743594286570366
0.009926321189970156
0.010089960282124019
0.010237299179272245
0.010370617939561372
0.01049179731180427
0.010602400996309942
0.010703738744107138
0.010796915202933497
0.01088286806512355
0.010962398113543385
0.011036193077747386
0.011104846721016122
0.01116887422285057
0.011228724661375087
0.011284791208489856
0.011337419508304518
0.011386914602841823
0.011433546688611554
0.011477555926543774
0.011519156480976728
0.011558539927314742
0.011595878139966664
0.011631325750299038
0.011665022247144479
0.011697093778813259
0.011727654704749726
0.011756808936337852
0.011784651099420746
0.011811267545496208
0.011836737234005001
0.011861132504424754
0.01188451975385045
0.01190696003325091
0.011928509573534026
0.011949220250850118
0.011969139999146033
0.011988313176800387
0.012006780893180378
0.012024581300128645
0.012041749852687546
0.012058319542775264
0.012074321109025319
0.012089783225573419
0.012104732672210778
0.012119194488011015
0.01213319211027029
0.012146747500370352
0.01215988125797592
0.012172612724806756
0.012184960079076445
0.012196940421561362
0.012208569854151405
0.012219863551636657
0.012230835827398994
0.012241500193603157
0.012251869416416615
0.012261955566730057
0.01227177006680007
0.012281323733190935
0.01229062681635332
0.012299689037142833
0.012308519620550679
0.012317127326891344
0.012325520480668008
0.012333706997314694
0.012341694407995037
0.012349489882620298
0.012357100251233887
0.01236453202389597
0.012371791409189347
0.012378884331456778
0.01238581644686996
0.012392593158421474
0.012399219629922865
0.012405700799084887
0.01241204138974927
0.012418245923335507
0.012424318729560764
0.012430263956486137
0.012436085579938156
0.012441787412350302
0.012447373111065805
0.012452846186139527
0.012458210007673904
0.01246346781272102
0.012468622711780425
0.012473677694920094
0.012478635637545716
0.012483499305841656
0.01248827136190521
0.01249295436859408
0.012497550794105576
0.012502063016304755
0.012506493326817317
0.012510843934902108
0.01251511697111691
0.012519314490790266
0.01252343847731122
0.01252749084524801
0.012531473443305984
0.01253538805713433
0.012539236411990569
0.012543020175271102
0.01254674095891566
0.012550400321692856
0.012553999771373722
0.012557540766799477
0.012561024719849597
0.012564452997315645
0.012567826922686138
0.01257114777784733
0.012574416804704489
0.012577635206727973
0.012580804150428119
0.012583924766762785
0.012586998152481061
0.012590025371406521
0.012593007455663167
0.012595945406846987
0.01259884019714602
0.012601692770411399
0.01260450404318202
0.012607274905665013
0.012610006222674358
0.012612698834529566
0.012615353557916566
0.012617971186712474
0.012620552492776105
0.012623098226705855
0.012625609118566482
0.01262808587858627
0.012630529197826033
0.01263293974882121
0.012635318186198292
0.012637665147266879
0.012639981252588334
0.012642267106522255
0.012644523297751613
0.012646750399787675
0.012648948971455496
0.012651119557360917
0.012653262688339838
0.012655378881890587
0.012657468642590097
0.0126595324624946
0.012661570821525484
0.012663584187841033
0.01266557301819451
0.01266753775827929
0.012669478843061535
0.01267139669710092
0.012673291734859931
0.012675164361002196
0.01267701497068031
0.012678843949813574
0.012680651675356043
0.012682438515555332
0.012684204830202456
0.012685950970873173
0.012687677281161061
0.012689384096902737
0.012691071746395501
0.012692740550607647
0.012694390823381845
0.01269602287163172
0.012697636995532013
0.012699233488702479
0.01270081263838582
0.012702374725619837
0.012703920025404054
0.01270544880686099
0.012706961333392278
0.012708457862829889
0.01270993864758249
0.012711403934777318
0.012712853966397548
0.012714288979415435
0.012715709205921313
0.012717114873248673
0.012718506204095367
0.012719883416641153
0.012721246724661692
0.012722596337639076
0.012723932460869085
0.012725255295565202
0.012726565038959596
0.012727861884401075
0.012729146021450161
0.012730417635971446
0.012731676910223186
0.012732924022944344
0.01273415914943911
0.012735382461659006
0.01273659412828264
0.008005870338632056
0.008417537534548075
0.008769809841783448
0.009074097254908221
0.009339213578825563
0.009572027117076082
0.009777943205879023
0.009961259067488178
0.010125425025782895
0.010273237873871318
0.010406985150861033
0.010528553758968077
0.010639512502263566
0.010741175397803962
0.010834650684831946
0.010920879099580123
0.011000664020795078
0.011074695404711614
0.011143568934973452
0.011207801455679466
0.011267843494717657
0.01132408949228295
0.01137688620668267
0.011426539662630396
0.011473320926570036
0.011517470932255759
0.011559204532863345
0.011598713919708542
0.011636171519549942
0.01167173246050525
0.011705536679359202
0.01173771072940405
0.011768369337111582
0.01179761674726992
0.011825547889256185
0.0118522493914948
0.011877800466591173
0.01190227368591437
0.011925735659360837
0.011948247633531198
0.011969866019489135
0.011990642859562209
0.012010626241223192
0.012029860664904463
0.012048387371604727
0.0120662446353128
0.012083468024569659
0.012100090636895235
0.012116143309301903
0.01213165480768752
0.012146651997534966
0.01216115999803215
0.012175202321458026
0.012188800999449443
0.012201976697564858
0.012214748819389259
0.012227135601275765
0.012239154198690587
0.012250820765015559
0.012262150523564937
0.012273157833487515
0.012283856250150627
0.012294258580536892
0.012304376934127247
0.012314222769693028
0.012323806938375335
0.012333139723390455
0.012342230876665375
0.012351089652676474
0.01235972483973705
0.012368144788955138
0.012376357441061286
0.012384370351286717
0.012392190712454988
0.012399825376434987
0.012407280874089169
0.012414563433838637
0.012421678998955663
0.012428633243684057
0.012435431588279073
0.012442079213050305
0.01244858107148375
0.012454941902512714
0.012461166242001222
0.012467258433498194
0.01247322263831587
0.012479062844981417
0.012484782878106747
0.012490386406717825
0.01249587695208156
0.012501257895065171
0.012506532483060318
0.012511703836501737
0.012516774955007737
0.012521748723167945
0.012526627916001669
0.012531415204108557
0.012536113158531571
0.012540724255350844
0.012545250880025623
0.012549695331500276
0.012554059826089172
0.012558346501154161
0.012562557418587524
0.012566694568112224
0.01257075987041055
0.012574755180091506
0.0125786822885065
0.012582542926422349
0.012586338766559929
0.01259007142600628
0.012593742468507509
0.01259735340664922
0.01260090570393092
0.012604400776740373
0.012607839996233416
0.012611224690124526
0.01261455614439304
0.012617835604909615
0.012621064278987237
0.012624243336860824
0.012627373913099276
0.012630457107953463
0.012633493988643585
0.012636485590589027
0.012639432918583675
0.012642336947919535
0.012645198625461226
0.012648018870673891
0.012650798576606836
0.012653538610835093
0.012656239816361044
0.012658903012477983
0.012661528995597571
0.012664118540042856
0.01266667239880857
0.012669191304290232
0.01267167596898356
0.012674127086155593
0.01267654533048882
0.01267893135869962
0.012681285810132172
0.012683609307328956
0.012685902456578923
0.012688165848444361
0.012690400058267416
0.012692605646657118
0.012694783159957874
0.012696933130700201
0.01269905607803445
0.012701152508148319
0.01270322291466882
0.012705267779049399
0.012707287570942812
0.012709282748560397
0.012711253759018291
0.012713201038671164
0.012715125013433977
0.012717026099092251
0.012718904701601391
0.012720761217375379
0.012722596033565431
0.0127244095283289
0.01272620207108889
0.012727974022784926
0.012729725736115017
0.01273145755576954
0.012733169818657134
0.012734862854123034
0.012736536984160107
0.012738192523612815
0.012739829780374471
0.012741449055577978
0.012743050643780342
0.01274463483314114
0.012746201905595255
0.012747752137020011
0.012749285797396946
0.01275080315096849
0.012752304456389578
0.01275378996687458
0.01275525993033954
0.012756714589540032
0.01275815418220471
0.01275957894116473
0.012760989094479196
0.012762384865556805
0.012763766473273725
0.012765134132087956
0.012766488052150238
0.012767828439411632
0.012769155495727873
0.012770469418960664
0.012771770403075939
0.012773058638239295
0.012774334310908556
0.012775597603923725
0.012776848696594262
0.012778087764783903
0.012779314980993006
0.012780530514438568
0.008032528859630223
0.008445445118827492
0.008798782341001597
0.009103986948809456
0.00936990054751792
0.009603412903713181
0.009809946121546795
0.009993810675446562
0.010158467478705729
0.010306721874021606
0.0104408683700904
0.010562799601894797
0.0106740891283752
0.010776054940984686
0.010869808624946901
0.010956293752301092
0.011036316120208608
0.011110567759357329
0.01117964614246686
0.011244069664431273
0.011304290203786148
0.011360703382310978
0.011413656996335292
0.0114634579860785
0.011510378228442303
0.011554659377167667
0.011596516927172482
0.011636143643574234
0.011673712467717114
0.011709378990507014
0.011743283566054107
0.01177555312494375
0.011806302735581184
0.011835636953363525
0.011863650990448928
0.011890431733254598
0.011916058630241338
0.011940604468814883
0.01196413605712353
0.011986714824024
0.012008397348418166
0.012029235827448949
0.012049278491618149
0.012068569973699374
0.012087151637322893
0.012105061870272259
0.012122336346826886
0.012139008262888211
0.012155108547121029
0.012170666050911307
0.012185707719574631
0.012200258746935576
0.012214342715129082
0.012227981721243557
0.012241196492225846
0.012254006489296249
0.012266430002972246
0.012278484239670555
0.012290185400744306
0.012301548754714155
0.012312588703366599
0.012323318842317637
0.012333752016574393
0.012343900371569502
0.012353775400092427
0.012363387985496924
0.012372748441524615
0.012381866549049417
0.012390751590016878
0.012399412378824711
0.012407857291366755
0.012416094291940478
0.01242413095819908
0.012431974504311837
0.012439631802480821
0.012447109402948438
0.012454413552617703
0.012461550212396096
0.012468525073363887
0.012475343571858699
0.012482010903560131
0.012488532036650811
0.012494911724123765
0.012501154515299904
0.012507264766614191
0.012513246651723969
0.012519104170988653
0.012524841160365893
0.012530461299765604
0.012535968120900135
0.012541365014665436
0.012546655238085815
0.012551841920851872
0.012556928071479252
0.012561916583113581
0.012566810239005032
0.012571611717674265
0.01257632359778985
0.012580948362775747
0.01258548840516616
0.012589946030723723
0.012594323462335896
0.012598622843703394
0.012602846242833442
0.012606995655349836
0.012611073007630882
0.012615080159785581
0.012619018908477681
0.0126228909896066
0.012626698080853626
0.012630441804101184
0.01263412372773252
0.01263774536881863
0.012641308195198805
0.012644813627460845
0.012648263040826453
0.012651657766947128
0.01265499909561542
0.01265828827639625
0.012661526520182495
0.012664715000678988
0.01266785485581877
0.012670947189115057
0.012673993070952438
0.01267699353982036
0.012679949603491954
0.012682862240150961
0.012685732399469442
0.012688561003638708
0.0126913489483559
0.01269409710376834
0.012696806315377817
0.012699477404906723
0.012702111171127971
0.012704708390660345
0.012707269818731068
0.012709796189907061
0.012712288218796445
0.012714746600721616
0.012717172012365326
0.01271956511239095
0.012721926542038124
0.012724256925694979
0.012726556871447919
0.012728826971610055
0.012731067803229204
0.012733279928576407
0.012735463895615771
0.012737620238456556
0.012739749477788172
0.012741852121298951
0.012743928664079297
0.012745979589009934
0.012748005367135933
0.012750006458027003
0.012751983310124757
0.012753936361077443
0.012755866038062629
0.012757772758098435
0.012759656928343688
0.012761518946387527
0.012763359200528849
0.01276517807004603
0.012766975925457292
0.012768753128772129
0.012770510033734094
0.012772246986055346
0.012773964323643255
0.01277566237681935
0.012777341468530996
0.012779001914555966
0.012780644023700263
0.012782268097989453
0.012783874432853694
0.012785463317306761
0.012787035034119272
0.012788589859986326
0.012790128065689774
0.012791649916255313
0.012793155671104613
0.01279464558420263
0.012796119904200291
0.012797578874572755
0.012799022733753353
0.012800451715263412
0.012801866047838046
0.012803265955548183
0.012804651657918779
0.012806023370043532
0.012807381302696109
0.012808725662438038
0.012810056651723394
0.01281137446900037
0.012812679308809858
0.012813971361881112
0.012815250815224659
0.01281651785222246
0.012817772652715472
0.012819015393088707
0.012820246246353837
0.012821465382229443
0.008057426485349637
0.008471509220622475
0.008825840943929223
0.009131902098512867
0.009398560252499615
0.00963272521677136
0.00983983475494505
0.010024211717523143
0.010189326907117952
0.01033799365075932
0.010472512965923563
0.010594782841316982
0.010706381276356779
0.010808629974100262
0.010902643644507791
0.010989368507912347
0.011069612619974512
0.011144069948662388
0.01121333963746799
0.011277941529532667
0.01133832876472595
0.011394898068277266
0.011447998205896662
0.011497936972769011
0.01154498700265978
0.01158939062168515
0.011631363924067575
0.011671100210781358
0.011708772903727179
0.011744538025995203
0.011778536321423491
0.011810895072940194
0.011841729668271968
0.011871144952884306
0.011899236403016019
0.011926091146015932
0.011951788850603008
0.011976402505932997
0.011999999105295507
0.01202264024775061
0.012044382668939065
0.012065278710581044
0.012085376736748712
0.01210472150380502
0.01212335448990201
0.012141314189092575
0.012158636374401928
0.012175354333606891
0.01219149908096357
0.012207099547692578
0.012222182753662728
0.012236773962399396
0.012250896821273834
0.012264573488497556
0.012277824748346084
0.012290670115863472
0.01230312793214958
0.012315215451202188
0.012326948919173252
0.012338343646800259
0.012349414075687673
0.01236017383903844
0.012370635817369531
0.012380812189687729
0.012390714480550916
0.012400353603395224
0.01240973990046888
0.01241888317967842
0.012427792748621942
0.012436477446056578
0.01244494567102281
0.012453205409826477
0.012461264261059958
0.01246912945882659
0.01247680789431695
0.012484306135871755
0.01249163044765366
0.012498786807039114
0.012505780920831395
0.012512618240386925
0.012519303975738864
0.012525843108794538
0.012532240405676876
0.012538500428273753
0.012544627545053977
0.01255062594120358
0.01255649962813173
0.012562252452391485
0.012567888104056943
0.012573410124595081
0.012578821914267381
0.01258412673909374
0.012589327737408517
0.012594427926036291
0.012599430206112863
0.01260433736857492
0.012609152099340312
0.012613876984198902
0.012618514513432823
0.012623067086183347
0.01262753701458045
0.012631926527650002
0.01263623777501236
0.012640472830385304
0.012644633694903224
0.012648722300263756
0.012652740511712156
0.01265669013087319
0.012660572898439448
0.01266439049672459
0.012668144552089287
0.012671836637247254
0.012675468273458258
0.01267904093261436
0.012682556039225641
0.01268601497231078
0.012689419067197925
0.012692769617240673
0.012696067875453888
0.01269931505607359
0.012702512336045064
0.012705660856442995
0.012708761723827205
0.012711816011537393
0.012714824760930048
0.01271778898256051
0.012720709657313024
0.012723587737481414
0.012726424147802888
0.012729219786447301
0.01273197552596415
0.012734692214189344
0.012737370675113737
0.01274001170971532
0.012742616096756802
0.012745184593550249
0.01274771793669039
0.012750216842758028
0.012752682008995016
0.012755114113952082
0.012757513818110813
0.012759881764480972
0.01276221857917428
0.012764524871955715
0.012766801236773425
0.012769048252268114
0.012771266482262898
0.012773456476234478
0.012775618769766439
0.012777753884985484
0.012779862330981329
0.012781944604210983
0.012784001188888084
0.012786032557357916
0.012788039170458728
0.012790021477869964
0.012791979918447886
0.012793914920549182
0.012795826902343047
0.012797716272112153
0.012799583428543065
0.012801428761006477
0.01280325264982764
0.012805055466547479
0.012806837574174692
0.012808599327429223
0.012810341072977453
0.012812063149659426
0.012813765888708402
0.012815449613963121
0.012817114642072937
0.012818761282696201
0.012820389838692093
0.012822000606306182
0.012823593875349955
0.012825169929374483
0.012826729045838571
0.012828271496271443
0.012829797546430283
0.012831307456452772
0.012832801481004817
0.01283427986942363
0.012835742865856365
0.012837190709394437
0.01283862363420368
0.012840041869650532
0.012841445640424345
0.01284283516665596
0.012844210664032737
0.012845572343910063
0.012846920413419574
0.012848255075574105
0.01284957652936956
0.012850884969883746
0.012852180588372328
0.012853463572361962
0.012854734105740732
0.01285599236884594
0.012857238538549413
0.012858472788340312
0.01285969528840562
0.008080731631856823
0.008495906164872166
0.008851168718895554
0.009158031580672105
0.009425386619571586
0.009660162407841122
0.009867811366220598
0.010052667929071116
0.010218212155264436
0.010367264845033032
0.0105021331079517
0.010624719943705504
0.010736607507903884
0.010839120977582994
0.010933377987384137
0.011020327236379466
0.011100778894128832
0.011175428741845298
0.011244877486820386
0.011309646327716454
0.011370189584977571
0.011426905016632061
0.011480142295703207
0.011530210017599532
0.01157738152448948
0.011621899771813141
0.011663981414724685
0.011703820255744776
0.011741590166560834
0.01177744757477472
0.011811533588998203
0.011843975821941723
0.011874889960207191
0.01190438112075533
0.011932545026996415
0.01195946903178393
0.011985233009991728
0.012009910139607383
0.01203356758720706
0.012056267111155903
0.012078065593797413
0.012099015512171577
0.01211916535536826
0.012138559995426165
0.012157241017686143
0.012175247015665844
0.012192613854813456
0.012209374908898252
0.012225561272287116
0.012241201950923363
0.012256324034455264
0.012270952851645943
0.012285112110925752
0.012298824027715505
0.012312109439948527
0.012324987913046209
0.012337477835451893
0.012349596505697702
0.012361360211865879
0.012372784304207504
0.012383883261595383
0.012394670752412643
0.012405159690412329
0.012415362286025543
0.012425290093544383
0.012434954054561125
0.012444364538005268
0.012453531377084989
0.012462463903408359
0.01247117097853213
0.012479661023161297
0.012487942044200832
0.012496021659841504
0.01250390712284428
0.012511605342172367
0.012519122903105917
0.012526466085962046
0.012533640883531622
0.01254065301733415
0.012547507952783173
0.012554210913346298
0.012560766893776729
0.01256718067248656
0.012573456823125936
0.012579599725426955
0.012585613575366122
0.012591502394694816
0.012597270039883052
0.01260292021051827
0.012608456457197468
0.01261388218894795
0.012619200680209204
0.012624415077405854
0.01262952840513938
0.01263454357202411
0.012639463376191078
0.01264429051048165
0.012649027567350986
0.012653677043500254
0.01265824134425471
0.012662722787703976
0.012667123608619251
0.012671445962161496
0.012675691927393384
0.012679863510607042
0.012683962648478814
0.012687991211061332
0.012691951004622708
0.01269584377434179
0.01269967120686798
0.01270343493275344
0.012707136528765076
0.012710777520083181
0.012714359382393098
0.012717883543876029
0.0127213513871045
0.012724764250847877
0.01272812343179279
0.012731430186183125
0.012734685731383978
0.012737891247373581
0.012741047878167112
0.01274415673317591
0.012747218888505558
0.012750235388196005
0.012753207245406644
0.0127561354435493
0.0127590209373717
0.012761864653993897
0.01276466749390015
0.012767430331888305
0.01277015401797893
0.012772839378286084
0.012775487215851644
0.012778098311444951
0.012780673424329429
0.012783213292997758
0.012785718635877118
0.012788190152005899
0.01279062852168319
0.012793034407092386
0.012795408452900014
0.012797751286831017
0.01280006352022148
0.012802345748549871
0.01280459855194778
0.012806822495691041
0.012809018130672076
0.012811185993854394
0.012813326608709954
0.012815440485640124
0.012817528122381017
0.012819590004393816
0.01282162660524077
0.012823638386947455
0.012825625800351861
0.012827589285440925
0.012829529271674953
0.012831446178300492
0.012833340414652112
0.01283521238044354
0.012837062466048616
0.012838891052772444
0.012840698513113157
0.012842485211014686
0.012844251502110843
0.012845997733961124
0.012847724246278523
0.012849431371149654
0.01285111943324756
0.012852788750037362
0.012854439631975172
0.012856072382700413
0.012857687299221859
0.012859284672097605
0.012860864785609235
0.012862427917930335
0.01286397434128965
0.01286550432212901
0.012867018121256263
0.012868515993993376
0.01286999819031991
0.012871464955011978
0.012872916527776937
0.01287435314338387
0.012875775031790104
0.01287718241826382
0.012878575523502949
0.012879954563750488
0.012881319750906303
0.012882671292635631
0.012884009392474291
0.012885334249930824
0.012886646060585576
0.012887945016186904
0.012889231304744554
0.012890505110620318
0.012891766614616074
0.012893015994059266
0.012894253422885991
0.01289547907172164
0.008102591957764525
0.008518790542790235
0.008874926168056785
0.00918254098872174
0.009450549667971087
0.009685898375547335
0.009894053279999301
0.010079359680861738
0.010245306318967942
0.010394721004069078
0.01052991655983692
0.01065280068600808
0.010764959436490982
0.010867721246735493
0.01096220649458085
0.011049366204025211
0.01113001252735249
0.011204842946501177
0.011274459635521084
0.011339385064478413
0.011400074661130449
0.011456927152213036
0.011510293061758131
0.011560481735738704
0.011607767180764856
0.011652392942546518
0.0116945762023596
0.011734511233146349
0.011772372328468138
0.011808316295335347
0.011842484584496245
0.011875005117977847
0.011905993862709574
0.011935556190298768
0.011963788055988026
0.011990777024140937
0.012016603162992492
0.012041339827643372
0.01206505434720229
0.012087808629453113
0.012109659694337815
0.012130660145818341
0.012150858590243719
0.012170300008149637
0.01218902608541365
0.01220707550884543
0.012224484230580396
0.012241285705043606
0.012257511101741055
0.01227318949670149
0.012288348045022128
0.0123030121366552
0.01231720553730083
0.012330950516038719
0.012344267961129989
0.01235717748524695
0.012369697521238274
0.01238184540940664
0.01239363747716236
0.012405089111817882
0.01241621482720149
0.012427028324693175
0.012437542549219442
0.012447769740685493
0.012457721481272334
0.012467408738981002
0.012476841907766417
0.012486030844568164
0.012494984903514226
0.01250371296754601
0.012512223477688524
0.012520524460167475
0.012528623551555734
0.012536528022114003
0.012544244797475141
0.01255178047880745
0.012559141361579974
0.01256633345304135
0.012573362488514032
0.01258023394659627
0.012586953063356388
0.012593524845596234
0.012599954083254398
0.012606245361013317
0.012612403069169366
0.012618431413819872
0.012624334426416577
0.012630115972730997
0.0126357797612735
0.012641329351204504
0.012646768159773118
0.012652099469315888
0.012657326433845624
0.012662452085258062
0.012667479339181935
0.012672411000496143
0.01267724976853587
0.01268199824200795
0.012686658923634181
0.012691234224540052
0.01269572646840494
0.012700137895388841
0.012704470665849456
0.01270872686386263
0.012712908500558152
0.012717017517282072
0.012721055788596067
0.012725025125123416
0.012728927276250808
0.012732763932694296
0.012736536728937419
0.01274024724554872
0.01274389701138572
0.012747487505691615
0.012751020160090894
0.012754496360489387
0.012757917448884111
0.012761284725087859
0.012764599448373168
0.012767862839040009
0.012771076079911334
0.012774240317760314
0.012777356664672845
0.012780426199348747
0.012783449968344875
0.012786428987263076
0.0127893642418859
0.012792256689262657
0.0127951072587484
0.01279791685299813
0.012800686348918518
0.012803416598579209
0.01280610843008569
0.012808762648415645
0.012811380036220524
0.012813961354593985
0.012816507343808884
0.012819018724024186
0.01282149619596332
0.012823940441565242
0.012826352124609523
0.012828731891316648
0.01283108037092466
0.012833398176243231
0.012835685904186194
0.012837944136283513
0.012840173439173543
0.012842374365076587
0.01284454745225045
0.012846693225428838
0.012848812196243389
0.012850904863629914
0.012852971714219737
0.012855013222716545
0.012857029852259533
0.01285902205477336
0.01286099027130546
0.012862934932351262
0.01286485645816781
0.012866755259076284
0.012868631735753821
0.012870486279515163
0.012872319272584448
0.01287413108835762
0.012875922091655792
0.012877692638969929
0.012879443078697223
0.012881173751369435
0.01288288498987358
0.01288457711966521
0.0128862504589746
0.012887905319006111
0.012889542004130986
0.01289116081207383
0.012892762034093036
0.012894345955155331
0.012895912854104744
0.01289746300382612
0.012898996671403446
0.012900514118273141
0.012902015600372534
0.012903501368283651
0.01290497166737254
0.012906426737924272
0.012907866815273743
0.01290929212993249
0.0129107029077116
0.012912099369840908
0.012913481733084561
0.012914850209853118
0.012916205008312295
0.012917546332488442
0.012918874382370908
0.012920189354011409
0.01292149143962041
0.012922780827660768
0.012924057702938583
0.012925322246691462
0.01292657463667422
0.012927815047242126
0.012929043649431782
0.008123137458623742
0.008540298452052992
0.008897254591909095
0.009205576104485162
0.009474199075083102
0.009710086211874403
0.009918716603790251
0.010104445761578467
0.0102707705854594
0.010420525472781826
0.010556028617359738
0.010679192136060221
0.010791605746427221
0.010894600946176641
0.01098930069121042
0.011076658190495005
0.011157487459679637
0.011232487579044714
0.011302262101098918
0.011367334690772758
0.011428161816475175
0.011485143115331846
0.011538629911151132
0.011588932255284888
0.011636324778783912
0.011681051582092195
0.011723330340933397
0.011763355770350547
0.011801302560380833
0.011837327874601488
0.011871573485299481
0.011904167605196424
0.011935226464672474
0.011964855674650884
0.011993151408249345
0.012020201428607786
0.012046085985681182
0.012070878601020355
0.012094646756481392
0.012117452500271228
0.012139352981646256
0.0121604009238491
0.0121806450434284
0.012200130422884802
0.012218898842579779
0.012236989076998401
0.012254437159744308
0.01227127662104249
0.012287538701014296
0.012303252541554403
0.012318445359268633
0.012333142601614418
0.01234736808811372
0.01236114413827459
0.01237449168765595
0.012387430393336275
0.012399978729896144
0.012412154076893958
0.012423972798700363
0.012435450317457878
0.012446601179845744
0.012457439118254254
0.01246797710690653
0.012478227413407397
0.012488201646147695
0.012497910797947261
0.012507365286279779
0.012516574990387486
0.012525549285562439
0.012534297074843237
0.012542826818351512
0.012551146560470499
0.01255926395504846
0.012567186288792255
0.012574920503000773
0.012582473213773936
0.012589850730820452
0.012597059074976318
0.012604103994535898
0.01261099098048837
0.012617725280744122
0.01262431191342827
0.012630755679311923
0.01263706117344561
0.012643232796053954
0.012649274762745768
0.012655191114089127
0.012660985724597066
0.012666662311165667
0.012672224441003183
0.01267767553908554
0.012683018895170893
0.01268825767040338
0.012693394903533838
0.0126984335167831
0.012703376321371657
0.012708226022737574
0.01271298522546294
0.01271765643792773
0.012722242076708436
0.012726744470737681
0.012731165865239796
0.012735508425456352
0.012739774240174554
0.012743965325070581
0.012748083625879075
0.01275213102139925
0.012756109326347373
0.012760020294064615
0.012763865619088866
0.012767646939598327
0.012771365839734317
0.01277502385181018
0.012778622458412766
0.012782163094402551
0.012785647148817973
0.012789075966689375
0.012792450850767516
0.012795773063171227
0.012799043826958654
0.012802264327626212
0.012805435714539013
0.01280855910229648
0.012811635572036486
0.012814666172681259
0.012817651922128054
0.0128205938083874
0.01282349279067164
0.012826349800436246
0.012829165742376287
0.012831941495380285
0.012834677913443594
0.01283737582654325
0.01284003604147618
0.012842659342662622
0.012845246492916297
0.012847798234183045
0.012850315288249361
0.012852798357422264
0.012855248125181833
0.012857665256807732
0.012860050399980835
0.012862404185361189
0.012864727227143343
0.012867020123590079
0.012869283457545514
0.012871517796928536
0.012873723695207357
0.01287590169185615
0.012878052312794423
0.012880176070809986
0.012882273465966147
0.012884344985993905
0.012886391106669663
0.012888412292179205
0.012890408995468419
0.012892381658581389
0.01289433071298635
0.012896256579890004
0.012898159670540737
0.012900040386521105
0.012901899120030095
0.012903736254155543
0.012905552163137157
0.01290734721262042
0.012909121759901845
0.012910876154165883
0.012912610736713764
0.01291432584118472
0.012916021793769706
0.012917698913418076
0.01291935751203739
0.012920997894686651
0.012922620359763201
0.012924225199183563
0.01292581269855837
0.012927383137361716
0.012928936789095048
0.012930473921445853
0.01293199479644128
0.01293349967059695
0.012934988795061109
0.012936462415754208
0.012937920773504252
0.012939364104177885
0.012940792638807486
0.01294220660371437
0.012943606220628238
0.012944991706803024
0.012946363275129226
0.012947721134242904
0.012949065488631405
0.012950396538735958
0.012951714481051244
0.012953019508222034
0.012954311809137
0.01295559156901981
0.012956858969517569
0.012958114188786719
0.012959357401576478
0.012960588779309896
0.008142483025123767
0.008560550175481014
0.008918278870707234
0.009227265768090978
0.009496467123292109
0.009732861216458416
0.009941939301839106
0.010128066504629503
0.010294747407568723
0.010444822610586093
0.010580615363768645
0.010704041942940477
0.01081669551514449
0.010919910461373054
0.011014812164901099
0.011102355891948936
0.01118335741261381
0.011258517312091055
0.011328440440773347
0.011393651588611813
0.011454608203837206
0.011511710780749205
0.011565311396182295
0.01161572076563468
0.011663214108096388
0.011708036046318562
0.01175040472156962
0.011790515265150278
0.01182854274039737
0.011864644646611678
0.011898963058823101
0.011931626463455053
0.011962751338938168
0.011992443521522152
0.012020799389463656
0.012047906893059216
0.012073846453361122
0.012098691748640256
0.012122510404571012
0.012145364601574726
0.012167311610662934
0.012188404267386183
0.01220869139205082
0.012228218163161896
0.012247026450041578
0.01226515510972509
0.012282640252521921
0.01229951548002594
0.012315812098845896
0.012331559312892069
0.012346784396683266
0.012361512851820522
0.012375768548501372
0.012389573853714315
0.012402949747551174
0.01241591592890072
0.012428490911635899
0.012440692112276067
0.012452535929991588
0.01246403781971898
0.012475212359068056
0.01248607330962662
0.012496633673201824
0.01250690574347885
0.01251690115352622
0.012526630919531729
0.01253610548111296
0.012545334738511053
0.012554328086944939
0.012563094448375577
0.012571642300904878
0.012579979706012157
0.012588114333811188
0.012596053486493584
0.012603804120108482
0.012611372864814528
0.012618766043727702
0.012625989690477055
0.01263304956557057
0.012639951171663992
0.012646699767817519
0.012653300382817605
0.012659757827634632
0.012666076707081121
0.012672261430729567
0.012678316223144238
0.012684245133476647
0.012690052044470303
0.01269574068091681
0.012701314617601801
0.012706777286776312
0.012712131985186266
0.01271738188069025
0.012722530018493456
0.012727579327023467
0.01273253262347165
0.012737392619022174
0.012742161923788946
0.012746843051479346
0.012751438423802218
0.01275595037463632
0.012760381153974293
0.012764732931656069
0.012769007800904793
0.01277320778167726
0.012777334823840147
0.012781390810182517
0.012785377559274327
0.012789296828180075
0.01279315031503607
0.01279693966149919
0.01280066645507467
0.012804332231329655
0.0128079384759992
0.012811486626990585
0.01281497807629173
0.012818414171788996
0.012821796218999348
0.012825125482721517
0.012828403188610608
0.012831630524680188
0.01283480864273581
0.012837938659743482
0.012841021659136599
0.012844058692064503
0.012847050778585653
0.012849998908808329
0.01285290404398145
0.012855767117538129
0.012858589036094242
0.01286137068040431
0.012864112906276816
0.01286681654545093
0.012869482406436497
0.012872111275319125
0.01287470391653205
0.012877261073596302
0.012879783469830753
0.012882271809033449
0.012884726776135495
0.012887149037828961
0.01288953924316973
0.012891898024156734
0.01289422599628844
0.012896523759097712
0.012898791896666017
0.012901030978117898
0.01290324155809654
0.012905424177221373
0.012907579362528378
0.012909707627893967
0.012911809474443028
0.012913885390941935
0.012915935854177121
0.012917961329319761
0.012919962270277273
0.012921939120032137
0.012923892310968523
0.012925822265187278
0.012927729394809791
0.0129296141022711
0.01293147678060275
0.012933317813705793
0.012935137576614368
0.012936936435750139
0.012938714749168074
0.012940472866793857
0.012942211130653223
0.012943929875093626
0.012945629426998445
0.012947310105994076
0.012948972224650173
0.012950616088673293
0.012952241997094192
0.012953850242449032
0.012955441110954721
0.012957014882678593
0.012958571831702653
0.01296011222628259
0.012961636329001762
0.012963144396920288
0.012964636681719505
0.01296611342984188
0.01296757488262661
0.012969021276440996
0.012970452842807813
0.012971869808528783
0.01297327239580425
0.012974660822349292
0.012976035301506301
0.012977396042354185
0.01297874324981434
0.012980077124753454
0.01298139786408328
0.012982705660857498
0.012984000704365718
0.012985283180224759
0.012986553270467278
0.012987811153627878
0.012989057004826693
0.012990290995850626
0.008160730570200381
0.008579652408287577
0.008938109777103406
0.009247724264166583
0.009517471150119762
0.009754343402776896
0.009963843750820912
0.010150346387856512
0.0103173631428107
0.010467740465906832
0.010603806376318779
0.010727481072602877
0.010840360975369676
0.010943783185115914
0.011038875374611411
0.011126594750474348
0.011207758737593032
0.011283069340594216
0.011353132634030502
0.011418474468968357
0.011479553217802597
0.011536770183315777
0.011590478152593236
0.011640988467552875
0.01168857690172609
0.011733488570501455
0.011775942054246731
0.011816132876874602
0.011854236453816037
0.011890410601024338
0.011924797679074747
0.011957526432544581
0.011988713573824184
0.012018465151689754
0.012046877737883727
0.01207403945922756
0.012100030898151419
0.012124925880743523
0.012148792168326737
0.012171692066026153
0.012193682959691931
0.012214817790802681
0.012235145477528318
0.012254711288924587
0.012273557178220753
0.012291722080312772
0.012309242177858549
0.012326151139766584
0.012342480335356055
0.012358259027029925
0.012373514543930101
0.012388272438725489
0.012402556629410446
0.012416389527756684
0.012429792155859137
0.012442784252041733
0.012455384367237705
0.01246760995282769
0.012479477440804895
0.01249100231703689
0.012502199188306983
0.01251308184374185
0.01252366331116569
0.012533955908862474
0.012543971293176538
0.012553720502336153
0.012563213996844864
0.012572461696749814
0.012581473016064812
0.012590256894598239
0.012598821827410876
0.012607175892106925
0.012615326774141667
0.012623281790311816
0.012631047910578815
0.01263863177836142
0.012646039729421216
0.012653277809453585
0.012660351790486288
0.012667267186178895
0.012674029266108021
0.012680643069115795
0.012687113415792494
0.012693444920158059
0.012699642000601823
0.012705708890134788
0.012711649646004273
0.012717468158716733
0.012723168160510747
0.01272875323331888
0.012734226816253996
0.01273959221265283
0.01274485259670697
0.01275001101970932
0.012755070415941613
0.0127600336082269
0.012764903313169039
0.012769682146099488
0.012774372625750405
0.012778977178671425
0.012783498143406468
0.01278793777444559
0.012792298245965873
0.012796581655374405
0.012800790026665428
0.012804925313602916
0.01280898940273912
0.012812984116278778
0.012816911214798197
0.012820772399827679
0.012824569316305181
0.01282830355490873
0.012831976654274461
0.012835590103106765
0.01283914534218665
0.012842643766283971
0.01284608672597886
0.012849475529397338
0.012852811443865813
0.012856095697488797
0.012859329480654044
0.012862513947468878
0.012865650217131472
0.012868739375240346
0.012871782475045418
0.012874780538643594
0.012877734558121723
0.012880645496649619
0.01288351428952568
0.012886341845177465
0.012889129046119503
0.012891876749870416
0.012894585789831384
0.012897256976127869
0.01289989109641625
0.012902488916657264
0.012905051181857655
0.012907578616781622
0.012910071926633526
0.01291253179771309
0.012914958898044527
0.012917353877980636
0.012919717370783172
0.012922049993180435
0.012924352345903237
0.012926625014200091
0.012928868568332705
0.012931083564052495
0.012933270543059084
0.01293543003344151
0.012937562550102928
0.012939668595169509
0.0129417486583842
0.01294380321748606
0.012945832738575688
0.012947837676467417
0.01294981847502881
0.01295177556750793
0.012953709376848985
0.012955620315996775
0.012957508788190374
0.012959375187246608
0.01296121989783355
0.012963043295734618
0.012964845748103578
0.012966627613710775
0.012968389243181002
0.012970130979223353
0.012971853156853268
0.01297355610360721
0.012975240139750158
0.012976905578476246
0.012978552726102804
0.012980181882258008
0.012981793340062482
0.012983387386304947
0.012984964301612278
0.012986524360614055
0.012988067832101909
0.012989594979183793
0.012991106059433394
0.012992601325034863
0.012994081022923022
0.01299554539491922
0.012996994677862975
0.01299842910373961
0.01299984889980394
0.01300125428870023
0.013002645488578515
0.01300402271320739
0.013005386172083466
0.013006736070537527
0.013008072609837544
0.013009395987288662
0.013010706396330236
0.013012004026630032
0.013013289064175686
0.01301456169136352
0.013015822087084798
0.013017070426809496
0.013018306882667714
0.008177970807303266
0.008597700120034305
0.00895684590946368
0.009267053316623681
0.009537315596447628
0.00977463959321321
0.00998453887627317
0.010171396206750578
0.010338730259507321
0.010489393011903929
0.010625716988762267
0.010749626094679957
0.010862719824106104
0.0109663378468128
0.011061609998588639
0.01114949531925732
0.011230812797082719
0.011306265777708876
0.011376461492221197
0.011441926794181208
0.011503120929092961
0.011560445963557611
0.011614255355673668
0.011664861039172152
0.011712539311490083
0.011757535753437496
0.011800069360223216
0.011840336026681775
0.011878511500886538
0.011914753897949534
0.011949205848216118
0.011981996340155478
0.012013242307192248
0.012043049998887823
0.012071516169781008
0.012098729113465788
0.01212476956483462
0.012149711489626652
0.012173622777319086
0.012196565850851267
0.01221859820456752
0.012239772880022322
0.012260138887842477
0.01227974158263177
0.012298622996890945
0.012316822139075116
0.012334375260193566
0.012351316092750461
0.012367676065310858
0.012383484495538818
0.012398768764181587
0.012413554472154566
0.012427865582608302
0.012441724549623553
0.012455152434977801
0.012468169014251459
0.012480792873390528
0.012493041496710957
0.012504931347215406
0.012516477939993635
0.01252769590939068
0.01253859907055063
0.012549200475877358
0.012559512466894612
0.012569546721936591
0.012579314300054361
0.012588825681483543
0.012598090804983031
0.01260711910232315
0.012615919530173669
0.012624500599617295
0.012632870403492258
0.012641036641747774
0.012649006644978747
0.012656787396290314
0.012664385551628722
0.012671807458702562
0.01267905917460688
0.012686146482252773
0.012693074905695712
0.01269984972444771
0.012706475986851021
0.012712958522584335
0.012719301954366331
0.012725510708916074
0.012731589027224613
0.012737540974187814
0.012743370447646188
0.012749081186873859
0.012754676780555477
0.012760160674286633
0.012765536177630724
0.012770806470762484
0.012775974610726177
0.012781043537334263
0.01278601607873034
0.012790894956638516
0.012795682791319565
0.012800382106252787
0.012804995332561181
0.01280952481319609
0.0128139728068965
0.012818341491937035
0.012822632969677571
0.01282684926792673
0.012830992344130475
0.012835064088396322
0.012839066326362988
0.012843000821924567
0.01284686927981784
0.01285067334808056
0.01285441462038828
0.01285809463827655
0.012861714893255053
0.012865276828819758
0.01286878184236876
0.012872231287027133
0.01287562647338581
0.012878968671159223
0.012882259110765976
0.012885498984836825
0.012888689449653726
0.012891831626523671
0.012894926603090676
0.012897975434589204
0.01290097914504198
0.012903938728405114
0.012906855149663183
0.012909729345876819
0.012912562227185183
0.012915354677765556
0.01291810755675222
0.012920821699116567
0.012923497916510377
0.012926136998074041
0.01292873971121141
0.012931306802332853
0.012933838997568045
0.012936337003449962
0.012938801507571328
0.01294123317921491
0.012943632669958773
0.012946000614257713
0.012948337630001933
0.012950644319053989
0.012952921267764986
0.01295516904747096
0.012957388214970325
0.012959579312983225
0.012961742870593571
0.01296387940367455
0.012965989415298277
0.012968073396130327
0.012970131824809755
0.01297216516831523
0.012974173882317907
0.012976158411521518
0.0129781191899903
0.012980056641465225
0.012981971179668999
0.012983863208600347
0.012985733122817956
0.01298758130771455
0.012989408139781448
0.012991213986864054
0.012992999208408563
0.012994764155700268
0.012996509172093853
0.01299823459323585
0.012999940747279717
0.013001627955093742
0.01300329653046204
0.01300494678027895
0.013006579004737086
0.013008193497509228
0.013009790545924327
0.013011370431137884
0.013012933428296802
0.013014479806699036
0.013016009829948157
0.013017523756103044
0.013019021837822893
0.013020504322507672
0.013021971452434234
0.013023423464888242
0.013024860592291998
0.013026283062328389
0.013027691098061074
0.013029084918051
0.013030464736469438
0.013031830763207608
0.013033183203983072
0.013034522260442917
0.013035848130263945
0.01303716100724987
0.013038461081425725
0.013039748539129484
0.013041023563101026
0.013042286332568584
0.01304353702333266
0.013044775807847561
0.00819428474465276
0.008614778119187696
0.008974575316368371
0.009285343764792984
0.00955609372753903
0.00979384517942513
0.010004121947713579
0.01019131490046711
0.010358949190443539
0.010509882024993577
0.010646450192352134
0.010770581103908775
0.010883877162688859
0.010987680469603286
0.011083122907163977
0.011171165249836313
0.01125262796520287
0.011328215667822982
0.011398536683131578
0.011464118813283804
0.011525422129948032
0.011582849422475163
0.011636754783897835
0.011687450707939483
0.01173521398777317
0.011780290644605382
0.011822900066180536
0.011863238498310977
0.011901482003826637
0.011937788980912804
0.011972302315179602
0.012005151225874217
0.012036452855570708
0.012066313643819541
0.012094830518127032
0.012122091929892395
0.012148178758272546
0.012173165101148548
0.012197118969261117
0.01222010289702901
0.01224217448145698
0.012263386858794304
0.012283789127153267
0.012303426722085783
0.012322341751101636
0.012340573292259814
0.0123581576612457
0.0123751286507396
0.012391517745366763
0.012407354315080964
0.012422665789459948
0.012437477815071377
0.012451814397793927
0.012465698031742436
0.012479149816243186
0.012492189562129758
0.012504835888478309
0.01251710631076913
0.012529017321346928
0.012540584462952387
0.012551822396010253
0.012562744960283064
0.012573365231432692
0.01258369557297305
0.012593747684045796
0.012603532643405142
0.012613060949957768
0.012622342560168186
0.012631386922608451
0.012640203009903074
0.01264879934829519
0.012657184045037902
0.012665364813795007
0.01267334899821767
0.012681143593847973
0.012688755268486056
0.012696190381145087
0.01270345499970683
0.012710554917380514
0.012717495668058507
0.012724282540653987
0.012730920592498512
0.01273741466187048
0.012743769379719582
0.012749989180646706
0.012756078313193874
0.012762040849494224
0.012767880694327953
0.012773601593626439
0.01277920714246333
0.012784700792568379
0.012790085859396842
0.012795365528784856
0.01280054286321881
0.012805620807744486
0.01281060219553994
0.012815489753174219
0.012820286105572343
0.012824993780705523
0.012829615214024183
0.0128341527526501
0.012838608659342745
0.012842985116253928
0.012847284228483774
0.01285150802745019
0.012855658474083138
0.012859737461854242
0.012863746819651531
0.012867688314508501
0.012871563654195986
0.012875374489684868
0.012879122417487033
0.01288280898188154
0.012886435677032536
0.012890003949004965
0.012893515197683827
0.012896970778602287
0.012900372004683677
0.012903720147902026
0.012907016440865603
0.012910262078327558
0.012913458218627542
0.012916605985067983
0.012919706467228405
0.0129227607222211
0.012925769775891055
0.012928734623963134
0.012931656233139093
0.012934535542147043
0.012937373462745712
0.01294017088068573
0.012942928656630154
0.01294564762703615
0.012948328604999771
0.012950972381065608
0.012953579724003027
0.012956151381550537
0.01295868808112988
0.012961190530531208
0.012963659418570724
0.01296609541572206
0.012968499174722663
0.012970871331156233
0.01297321250401239
0.012975523296224586
0.012977804295187221
0.012980056073252897
0.01298227918821073
0.012984474183746507
0.012986641589885519
0.012988781923418815
0.012990895688313608
0.012992983376108474
0.01299504546629408
0.012997082426679957
0.012999094713747987
0.013001082772993127
0.0130030470392519
0.01300498793701919
0.013006905880753799
0.01300880127517323
0.01301067451553816
0.01301252598792699
0.013014356069500877
0.013016165128759673
0.013017953525789085
0.013019721612499393
0.013021469732856148
0.013023198223103036
0.013024907411977354
0.013026597620918234
0.01302826916426806
0.013029922349467166
0.013031557477242231
0.013033174841788508
0.01303477473094614
0.013036357426370816
0.013037923203698946
0.013039472332707589
0.013041005077469293
0.013042521696502028
0.013044022442914482
0.013045507564546768
0.013046977304106762
0.013048431899302269
0.01304987158296907
0.013051296583195118
0.013052707123440898
0.013054103422656189
0.013055485695393275
0.013056854151916783
0.013058208998310238
0.013059550436579467
0.01306087866475293
0.013062193876979128
0.013063496263621148
0.01306478601134845
0.01306606330322601
0.013067328318800902
0.013068581234186374
0.013069822222143538
0.008209744946930428
0.008630962374150696
0.008991376868242536
0.009302676978639127
0.009573889086142956
0.009812045608660879
0.010022680094287448
0.010210191093553037
0.010378109897925567
0.010529298670895061
0.010666098240866072
0.010790439342392487
0.010903927134770917
0.011007906022745203
0.011103509828373449
0.011191700969927056
0.011273301316841181
0.01134901668614191
0.01141945644030619
0.01148514928040779
0.011546556061015428
0.01160408025638119
0.011658076561221819
0.01170885799992755
0.01175670183544679
0.011801854506319704
0.011844535772269897
0.011884942211707362
0.011923250185735253
0.011959618360787945
0.011994189864372444
0.012027094134428366
0.01205844851172624
0.012088359615856095
0.012116924538233579
0.012144231879799038
0.012170362656418812
0.012195391091195724
0.0122193853097835
0.012242407952242206
0.012264516712860767
0.012285764817624124
0.012306201447548496
0.012325872114894689
0.012344818998253345
0.012363081241642194
0.012380695222035661
0.012397694789138778
0.01241411148070113
0.012429974716227813
0.012445311971569822
0.012460148936556295
0.012474509657556355
0.012488416666622346
0.01250189109866293
0.012514952797918654
0.012527620414860793
0.012539911494501909
0.012551842556992142
0.012563429171274986
0.012574686022489116
0.012585626973726255
0.01259626512268825
0.012606612853727554
0.012616681885703595
0.012626483316041881
0.012636027661342336
0.012645324894847852
0.012654384481052309
0.0126632154076994
0.012671826215398741
0.0126802250250634
0.012688419563353516
0.01269641718629276
0.012704224901208835
0.012711849387134978
0.01271929701379692
0.01272657385929823
0.012733685726606964
0.012740638158937213
0.012747436454110996
0.01275408567797839
0.012760590676967148
0.012766956089826897
0.012773186358627587
0.012779285739066754
0.012785258310135796
0.012791107983191163
0.01279683851047284
0.012802453493108903
0.012807956388641992
0.012813350518110667
0.012818639072715996
0.012823825120101467
0.012828911610272126
0.012833901381176824
0.012838797163975828
0.012843601588014127
0.012848317185519584
0.012852946396043452
0.012857491570659515
0.012861954975937177
0.012866338797702388
0.012870645144599645
0.01287487605146712
0.012879033482536308
0.012883119334466767
0.012887135439225678
0.01289108356682151
0.012894965427900269
0.012898782676212354
0.012902536910957444
0.012906229679014437
0.012909862477062911
0.01291343675360225
0.012916953910874128
0.012920415306693696
0.012923822256194512
0.012927176033491885
0.012930477873269071
0.012933728972290462
0.012936930490845643
0.01294008355412797
0.012943189253551122
0.012946248648006867
0.012949262765067034
0.012952232602132591
0.012955159127532565
0.012958043281575212
0.012960885977554005
0.012963688102710525
0.012966450519156552
0.01296917406475721
0.012971859553977186
0.012974507778691732
0.01297711950896421
0.012979695493791734
0.01298223646182043
0.012984743122031791
0.012987216164401412
0.012989656260531453
0.01299206406425801
0.01299444021223456
0.012996785324492572
0.01299910000498031
0.01300138484208082
0.013003640409110045
0.013005867264795915
0.013008065953739292
0.013010237006857538
0.013012380941811508
0.013014498263416621
0.013016589464038749
0.013018655023975562
0.013020695411823942
0.013022711084834047
0.013024702489250608
0.013026670060642002
0.013028614224217541
0.013030535395133566
0.013032433978788723
0.013034310371108911
0.013036164958822302
0.013037998119724802
0.013039810222936453
0.013041601629148969
0.01304337269086489
0.013045123752628642
0.0130468551512498
0.013048567216018912
0.013050260268916071
0.013051934624812678
0.01305359059166648
0.013055228470710249
0.013056848556634349
0.013058451137763334
0.013060036496226899
0.01306160490812533
0.013063156643689686
0.013064691967436924
0.013066211138320079
0.013067714409873792
0.013069202030355262
0.013070674242880815
0.013072131285558283
0.01307357339161529
0.013075000789523627
0.013076413703119839
0.01307781235172216
0.013079196950243937
0.01308056770930364
0.013081924835331604
0.013083268530673601
0.013084598993691342
0.01308591641886005
0.013087220996863158
0.013088512914684257
0.0130897923556964
0.0130910594997488
0.013092314523251075
0.013093557599255054
0.008224416605487112
0.008646321133792307
0.009007321420793402
0.009319126059157426
0.00959077672502018
0.009829317644448641
0.010040291590329625
0.010228104403623796
0.010396293201242088
0.010547724849889716
0.010684744011957369
0.01080928457556846
0.010922954315625198
0.011027099823127497
0.011122856760693377
0.011211189106506592
0.01129292006030915
0.011368756580223686
0.011439309012841462
0.011505106912276367
0.011566611876040057
0.01162422802832988
0.011678310634837912
0.01172917322353689
0.011777093503173994
0.01182231830832297
0.011865067751701295
0.011905538727341236
0.011943907879395647
0.011980334128856834
0.012014960832782504
0.012047917636642798
0.012079322069288958
0.012109280921161463
0.012137891439219482
0.01216524236631198
0.01219141484803716
0.012216483226328335
0.012240515735887136
0.012263575117023045
0.012285719156343796
0.01230700116498993
0.012327470402650184
0.012347172454379062
0.012366149566220102
0.012384440944783255
0.012402083025203807
0.012419109711300967
0.01243555259123721
0.01245144113153983
0.012466802851971305
0.01248166348341417
0.012496047110661372
0.012509976301766423
0.012523472225404224
0.012536554757517221
0.012549242578369372
0.01256155326099819
0.012573503351940043
0.012585108445003854
0.012596383248780818
0.012607341648501108
0.012617996762781632
0.012628360995749769
0.01263844608497633
0.012648263145605108
0.01265782271102623
0.01266713477040458
0.01267620880334321
0.012685053811933317
0.012693678350417705
0.01270209055267222
0.012710298157689995
0.01271830853323572
0.012726128697821158
0.012733765341139314
0.012741224843081711
0.012748513291451996
0.01275563649847895
0.01276260001622262
0.01276940915095914
0.012776068976622321
0.012782584347373317
0.012788959909363592
0.012795200111750924
0.012801309217023153
0.012807291310679876
0.012813150310318159
0.012818889974164586
0.01282451390909263
0.012830025578161148
0.012835428307707019
0.012840725294022408
0.01284591960964469
0.012851014209285045
0.012856011935419631
0.012860915523565572
0.012865727607262244
0.01287045072277691
0.012875087313552313
0.012879639734412562
0.012884110255542511
0.012888501066254741
0.012892814278557197
0.012897051930533747
0.012901215989548919
0.012905308355287477
0.0129093308626386
0.01291328528443388
0.012917173334047755
0.012920996667868258
0.012924756887645689
0.012928455542726078
0.01293209413217605
0.012935674106805174
0.01293919687109151
0.012942663785015723
0.01294607616580878
0.012949435289617983
0.012952742393095663
0.012955998674914811
0.012959205297215405
0.012962363386985223
0.012965474037378478
0.012968538308975593
0.012971557230987089
0.012974531802404519
0.01297746299310109
0.012980351744884567
0.012983198972504821
0.012986005564618309
0.012988772384711569
0.012991500271985833
0.012994190042204555
0.01299684248850573
0.012999458382180688
0.013002038473420888
0.013004583492034356
0.013007094148133122
0.013009571132792993
0.013012015118687048
0.013014426760693965
0.013016806696482397
0.013019155547072486
0.013021473917375499
0.013023762396712688
0.013026021559314153
0.013028251964798721
0.013030454158635622
0.013032628672588765
0.013034776025144409
0.013036896721922892
0.013038991256075147
0.013041060108664668
0.013043103749035494
0.01304512263516684
0.013047117214014966
0.013049087921842721
0.013051035184537384
0.013052959417917245
0.013054861028027328
0.01305674041142479
0.013058597955454405
0.013060434038514455
0.013062249030313491
0.01306404329211831
0.013065817176993486
0.013067571030032778
0.013069305188582764
0.013071019982458989
0.013072715734154918
0.01307439275904396
0.013076051365574859
0.013077691855460658
0.01307931452386156
0.013080919659561801
0.013082507545140893
0.013084078457139308
0.013085632666218958
0.013087170437318505
0.013088692029803853
0.01309019769761385
0.013091687689401492
0.013093162248670711
0.01309462161390895
0.013096066018715675
0.013097495691926917
0.013098910857736089
0.013100311735811079
0.013101698541407863
0.013103071485480698
0.013104430774789032
0.013105776612001218
0.013107109195795219
0.013108428720956293
0.01310973537847188
0.013111029355623673
0.01311231083607706
0.01311357999996798
0.013114837023987292
0.013116082081462713
0.00823835845007681
0.008660915882040984
0.009022472806148598
0.00933475686099031
0.009606824256924213
0.009845730440564008
0.0100570269505155
0.010245126555349501
0.010413571907500339
0.010565234342814998
0.01070246216685422
0.010827192264356755
0.010941034895649286
0.011045338729174712
0.011141241176502833
0.011229707698089411
0.01131156275777045
0.011387514397969468
0.011458173900409551
0.011524071629785984
0.011585669889574424
0.011643373421567241
0.01169753803401212
0.011748477733398916
0.011796470652084272
0.0118417640009632
0.01188457822817693
0.011925110527670042
0.011963537812556354
0.012000019245715534
0.01203469840233012
0.012067705125070972
0.012099157121508306
0.012129161344428952
0.01215781518859339
0.012185207531695677
0.01221141964260844
0.012236525976180641
0.012260594870733934
0.012283689161837242
0.012305866723821904
0.012327180948745402
0.012347681171053018
0.012367413044969605
0.0123864188806341
0.01240473794413309
0.012422406725867727
0.012439459181077837
0.012455926945829435
0.01247183953133147
0.01248722449907215
0.012502107618943959
0.012516513012251075
0.012530463281256201
0.012543979626719742
0.012557081954708026
0.012569788973794769
0.012582118283647442
0.012594086455875253
0.012605709107914857
0.012617000970642587
0.012627975950325117
0.012638647185453334
0.012649027098945245
0.012659127446151643
0.012668959359052684
0.012678533386992924
0.012687859534266727
0.01269694729483423
0.012705805684419973
0.012714443270221348
0.012722868198431733
0.012731088219763381
0.012739110713137556
0.012746942707693405
0.012754590903253097
0.012762061689367912
0.012769361163058764
0.012776495145354196
0.012783469196719875
0.012790288631465255
0.012796958531205495
0.01280348375745022
0.012809868963384284
0.012816118604900492
0.012822236950938991
0.012828228093183638
0.012834095955161459
0.012839844300787662
0.01284547674239513
0.012850996748284355
0.012856407649826807
0.012861712648152338
0.012866914820448612
0.012872017125898685
0.01287702241128066
0.012881933416251665
0.012886752778336674
0.012891483037641288
0.012896126641306044
0.012900685947718676
0.012905163230499547
0.012909560682274304
0.01291388041824693
0.012918124479585421
0.012922294836631397
0.012926393391944235
0.012930421983189666
0.012934382385881894
0.01293827631598796
0.012942105432402259
0.012945871339298733
0.012949575588367745
0.01295321968094415
0.012956805070032718
0.012960333162236564
0.01296380531959407
0.012967222861329236
0.012970587065520189
0.012973899170690336
0.012977160377326241
0.012980371849326199
0.01298353471538307
0.01298665007030498
0.012989718976276937
0.012992742464066596
0.012995721534176908
0.012998657157948406
0.013001550278613726
0.013004401812306651
0.013007212649028065
0.013009983653570846
0.01301271566640582
0.013015409504530569
0.013018065962282988
0.013020685812121222
0.013023269805371643
0.013025818672946343
0.013028333126031598
0.013030813856748685
0.013033261538788286
0.013035676828019762
0.013038060363076417
0.013040412765917837
0.013042734642370383
0.013045026582646797
0.013047289161845832
0.013049522940432871
0.013051728464702279
0.01305390626722239
0.013056056867263771
0.013058180771211608
0.013060278472962835
0.013062350454308631
0.013064397185303007
0.013066419124617958
0.013068416719885827
0.013070390408029396
0.013072340615580172
0.013074267758985406
0.013076172244904337
0.013078054470493978
0.013079914823685007
0.013081753683448077
0.013083571420050982
0.013085368395306968
0.013087144962814653
0.0130889014681898
0.013090638249289244
0.013092355636427421
0.013094053952585595
0.013095733513614196
0.01309739462842853
0.013099037599198003
0.013100662721529264
0.013102270284643365
0.01310386057154723
0.013105433859199617
0.013106990418671825
0.013108530515303259
0.013110054408852115
0.013111562353641344
0.013113054598700033
0.013114531387900426
0.013115992960090682
0.01311743954922359
0.013118871384481316
0.013120288690396352
0.013121691686968844
0.013123080589780352
0.01312445561010419
0.01312581695501254
0.01312716482748029
0.0131284994264859
0.013129820947109246
0.013131129580626627
0.013132425514603
0.013133708932981545
0.013134980016170656
0.01313623894112843
0.013137485881444737
0.008251623528789206
0.008674802154472529
0.009036888680698605
0.00934962886719105
0.009622092752767868
0.009861346459710468
0.010072949866658184
0.010261322333360294
0.010430011778941841
0.010581893791343638
0.010719320142359818
0.010844230567806885
0.010958237692724217
0.011062692162099715
0.011158733051510553
0.011247327231691862
0.0113293003691773
0.011405361538027098
0.011476122909676858
0.011542115620033195
0.011603802644246815
0.011661589311708184
0.011715831946868292
0.011766845011492137
0.011814907040970692
0.011860265604241894
0.011903141468578796
0.01194373211327115
0.011982214707329932
0.01201874864377335
0.012053477705314102
0.012086531922245413
0.012118029172175776
0.012148076562352932
0.0121767716281597
0.012204203375585542
0.01223045319078983
0.012255595636052656
0.012279699148282645
0.012302826653681225
0.012325036110042424
0.012346380986410343
0.012366910688355735
0.012386670935914043
0.01240570410020634
0.012424049503906945
0.012441743689998487
0.012458820662643786
0.012475312103485615
0.012491247566244274
0.012506654652107
0.012521559168081398
0.012535985270209462
0.012549955593301448
0.012563491368644797
0.012576612530966529
0.01258933781577503
0.012601684848074276
0.012613670223328438
0.012625309581454245
0.01263661767453074
0.012647608428839274
0.012658295001779419
0.012668689834147063
0.012678804698209385
0.01268865074196511
0.012698238529938285
0.012707578080817863
0.012716678902223706
0.012725550022851494
0.012734200022223972
0.012742637058253745
0.012750868892802959
0.012758902915407554
0.012766746165317863
0.012774405351993196
0.012781886874175422
0.012789196837654993
0.012796341071832786
0.012803325145171815
0.012810154379624638
0.012816833864114679
0.012823368467143076
0.012829762848586463
0.012836021470745525
0.01284214860869931
0.012848148360015535
0.012854024653863169
0.012859781259569722
0.012865421794662322
0.012870949732428479
0.012876368409029726
0.012881681030198606
0.012886890677547195
0.012892000314513225
0.012897012791967786
0.012901930853506908
0.012906757140447582
0.012911494196547297
0.012916144472464777
0.012920710329978298
0.012925194045976841
0.012929597816238198
0.012933923759007156
0.012938173918386036
0.01294235026754893
0.012946454711790217
0.012950489091417307
0.01295445518449671
0.012958354709462147
0.012962189327592627
0.012965960645368015
0.012969670216709141
0.012973319545108913
0.01297691008566066
0.012980443246989352
0.012983920393091136
0.012987342845086222
0.012990711882889795
0.012994028746805442
0.012997294639045228
0.013000510725180329
0.01300367813552589
0.013006797966463594
0.013009871281705122
0.013012899113499609
0.013015882463787992
0.013018822305306873
0.013021719582644527
0.01302457521325144
0.013027390088407621
0.013030165074148838
0.013032901012153836
0.013035598720594385
0.013038258994949982
0.013040882608788938
0.013043470314517396
0.013046022844097881
0.013048540909738757
0.013051025204555967
0.013053476403208378
0.013055895162507918
0.013058282122005672
0.01306063790455506
0.01306296311685307
0.01306525834996063
0.013067524179802966
0.013069761167650889
0.013071969860583836
0.013074150791935465
0.013076304481722572
0.013078431437058042
0.01308053215254856
0.013082607110677661
0.013084656782174835
0.013086681626371204
0.013088682091542372
0.013090658615238974
0.013092611624605448
0.013094541536687494
0.013096448758728712
0.013098333688456818
0.013100196714359953
0.013102038215953342
0.013103858564036834
0.013105658120943605
0.013107437240780381
0.013109196269659548
0.013110935545923443
0.013112655400361141
0.013114356156418004
0.013116038130398341
0.013117701631661328
0.013119346962810585
0.01312097441987752
0.013122584292498775
0.013124176864087931
0.013125752412001722
0.013127311207700939
0.013128853516906264
0.013130379599749137
0.013131889710917945
0.013133384099799611
0.013134863010616792
0.013136326682560845
0.013137775349920729
0.013139209242207904
0.013140628584277505
0.013142033596445776
0.013143424494604044
0.013144801490329209
0.013146164790990966
0.013147514599855865
0.013148851116188263
0.013150174535348341
0.013151485048887232
0.013152782844639395
0.01315406810681231
0.013155341016073588
0.013156601749635587
0.0131578504813376
0.008264259877851707
0.008688030239585
0.0090506212532071
0.009363795940448755
0.009636637512942029
0.00987622226245135
0.010088118012195342
0.010276750400563563
0.010445672363632242
0.01059776353980372
0.010735379002735902
0.01086046120412253
0.010974625021577788
0.011079222982903274
0.01117539574877268
0.011264111533321493
0.01134619714874577
0.011422362651819059
0.011493221061496393
0.011559304248322168
0.011621075827268849
0.011678941687458842
0.011733258645066016
0.011784341595539491
0.011832469458190973
0.011877890143021368
0.011920824721300897
0.011961470944132111
0.012000006224287336
0.01203659017400905
0.012071366773698045
0.012104466232371934
0.01213600658961346
0.012166095099805953
0.012194829432285562
0.012222298715252732
0.01224858444659124
0.012273761290917375
0.012297897779051215
0.01232105692352844
0.012343296761647509
0.01236467083578804
0.012385228619273108
0.012405015894827648
0.012424075091662767
0.01244244558635682
0.012460163971980211
0.012477264299298565
0.012493778293369902
0.01250973554840976
0.012525163703421648
0.0125400886007681
0.01255453442958145
0.012568523855675931
0.012582078139418243
0.012595217242836867
0.012607959927097453
0.01262032384133887
0.012632325603748934
0.012643980875658312
0.012655304429343189
0.012666310210150415
0.01267701139349144
0.012687420437192206
0.01269754912963399
0.012707408634074394
0.012717009529497048
0.01272636184830283
0.012735475111123499
0.012744358359010713
0.012753020183228027
0.012761468752851479
0.01276971184036432
0.01277775684541375
0.012785610816881753
0.012793280473407751
0.012800772222488307
0.012808092178267522
0.012815246178121534
0.012822239798131428
0.012829078367530389
0.01283576698220349
0.012842310517311824
0.012848713639106422
0.01285498081599196
0.012861116328895243
0.012867124280988807
0.01287300860681598
0.012878773080859895
0.012884421325595575
0.012889956819061047
0.012895382901980727
0.012900702784471564
0.012905919552360215
0.012911036173137307
0.012916055501572793
0.012920980285014812
0.012925813168392527
0.012930556698942119
0.012935213330673647
0.012939785428595127
0.01294427527270915
0.01294868506179615
0.012953016916997503
0.012957272885210702
0.012961454942307968
0.012965564996188981
0.01296960488967754
0.01297357640327142
0.012977481257754036
0.012981321116675913
0.01298509758871348
0.012988812229912255
0.01299246654582085
0.012996061993522105
0.012999599983566947
0.01300308188181645
0.013006509011197098
0.013009882653374008
0.013013204050346524
0.013016474405970375
0.013019694887410286
0.013022866626526746
0.01302599072120037
0.013029068236597094
0.013032100206377288
0.013035087633851677
0.013038031493086705
0.013040932729962016
0.013043792263182339
0.013046610985246142
0.013049389763373144
0.013052129440392732
0.013054830835595162
0.0130574947455474
0.013060121944875255
0.013062713187013453
0.013065269204925133
0.013067790711792253
0.013070278401678268
0.013072732950164305
0.013075155014960156
0.013077545236491177
0.013079904238462203
0.013082232628399575
0.013084530998172184
0.013086799924492522
0.013089039969398641
0.013091251680717807
0.013093435592512713
0.013095592225510988
0.01309772208751871
0.013099825673818644
0.013101903467553857
0.013103955940097282
0.0131059835514079
0.013107986750374064
0.013109965975144503
0.013111921653447513
0.013113854202898848
0.013115764031298757
0.013117651536918618
0.013119517108777564
0.01312136112690958
0.013123183962621346
0.013124985978741288
0.013126767529860152
0.013128528962563408
0.013130270615655845
0.01313199282037868
0.013133695900619375
0.013135380173114563
0.01313704594764627
0.013138693527231713
0.013140323208306928
0.01314193528090443
0.013143530028825177
0.01314510772980499
0.013146668655675705
0.013148213072521175
0.013149741240828398
0.013151253415633862
0.013152749846665347
0.013154230778479312
0.01315569645059404
0.013157147097618695
0.013158582949378451
0.013160004231035744
0.013161411163207955
0.013162803962081481
0.013164182839522389
0.013165548003183805
0.01316689965661009
0.013168237999337945
0.013169563226994566
0.013170875531392881
0.013172175100624073
0.013173462119147385
0.013174736767877351
0.013175999224268532
0.013177249662397816
0.008276311098999461
0.00870064578329311
0.009063717912432892
0.00937730697063114
0.009650508732175602
0.00989040918724912
0.010102583735633941
0.010291464003507896
0.010460607711488129
0.010612898360797669
0.010750694173994522
0.010875940192831175
0.010990253443140488
0.011094988248310924
0.011191286780677934
0.011280118535539556
0.011362311417677008
0.011438576421048969
0.011509527372864911
0.011575696844271625
0.011637549060420619
0.011695490444233955
0.011749878280826895
0.011801027879240056
0.011849218524918765
0.011894698453125341
0.011937689025042886
0.011978388250993535
0.012016973776217351
0.01205360542202429
0.01208842735734422
0.012121569961638708
0.012153151428960342
0.012183279154011125
0.012212050933874348
0.012239556013299312
0.01226587599671787
0.012291085646341172
0.012315253582549743
0.012338442900213534
0.012360711712451924
0.012382113631582314
0.012402698195541042
0.012422511246838078
0.012441595270083164
0.012459989693261257
0.012477731157209898
0.012494853757138345
0.012511389259508381
0.01252736729715458
0.012542815545144644
0.01255775987955799
0.012572224521084176
0.012586232165104943
0.012599804099718982
0.012612960312991296
0.012625719590556073
0.012638099604568872
0.012650116994888331
0.012661787443266908
0.012673125741242172
0.012684145852343126
0.012694860969158605
0.012705283565755551
0.012715425445882757
0.01272529778734973
0.012734911182929761
0.012744275678100332
0.012753400805902272
0.012762295619170711
0.012770968720366059
0.012779428289210571
0.012787682108316496
0.012795737586973837
0.01280360178324997
0.012811281424539099
0.012818782926686867
0.012826112411803973
0.012833275724872324
0.012840278449238114
0.012847125921077826
0.012853823242915641
0.012860375296264041
0.012866786753453109
0.012873062088708719
0.012879205588534481
0.012885221361448073
0.012891113347118184
0.012896885324944703
0.012902540922121293
0.012908083621216405
0.012913516767305929
0.012918843574688085
0.012924067133208844
0.012929190414223937
0.01293421627622156
0.012939147470128105
0.012943986644317548
0.012948736349343605
0.012953399042412375
0.012957977091611988
0.012962472779914379
0.012966888308963509
0.012971225802663144
0.01297548731057643
0.012979674811148721
0.012983790214764281
0.01298783536664672
0.012991812049612418
0.012995721986685627
0.012999566843583145
0.013003348231076205
0.013007067707236548
0.013010726779573267
0.01301432690706652
0.013017869502103971
0.013021355932325201
0.013024787522379296
0.013028165555600222
0.01303149127560451
0.013034765887815394
0.013037990560917324
0.013041166428244532
0.013044294589107115
0.013047376110057886
0.013050412026103075
0.013053403341859712
0.013056351032662486
0.013059256045622566
0.013062119300640817
0.013064941691377719
0.013067724086182083
0.013070467328980614
0.013073172240130247
0.01307583961723503
0.013078470235929281
0.01308106485062864
0.013083624195250495
0.013086148983905312
0.013088639911560146
0.013091097654675657
0.013093522871817894
0.01309591620424597
0.013098278276476711
0.013100609696827373
0.013102911057937372
0.013105182937270001
0.01310742589759499
0.0131096404874528
0.013111827241601374
0.013113986681446237
0.01311611931545455
0.013118225639553841
0.013120306137516132
0.013122361281327998
0.01312439153154719
0.013126397337646424
0.013128379138344803
0.013130337361927433
0.013132272426553713
0.013134184740554753
0.013136074702720383
0.01313794270257616
0.01313978912065077
0.013141614328734244
0.013143418690127327
0.013145202559882347
0.013146966285035932
0.013148710204833915
0.013150434650948693
0.013152139947689346
0.013153826412204809
0.013155494354680356
0.013157144078527649
0.01315877588056859
0.013160390051213243
0.013161986874631985
0.01316356662892216
0.013165129586269458
0.013166676013104082
0.01316820617025211
0.013169720313082002
0.013171218691646606
0.01317270155082071
0.013174169130434382
0.01317562166540217
0.013177059385848388
0.013178482517228573
0.013179891280447272
0.013181285891972282
0.013182666563945447
0.013184033504290187
0.013185386916815802
0.013186727001318729
0.013188053953680789
0.013189367965964587
0.013190669226506134
0.013191957920004766
0.01319323422761051
0.013194498327008903
0.013195750392503414
0.008287816858938927
0.008712690311852008
0.009076221770056861
0.009390206434940977
0.009663752074669586
0.009903953938728016
0.01011639466040717
0.010305511582548853
0.010474866993665042
0.010627348082886387
0.010765316079083168
0.010890718496782765
0.011005174412759436
0.01111003986467871
0.011206458468084487
0.011295400941421497
0.011377696232579483
0.011454056230262528
0.011525095533333196
0.011591347381814169
0.011653276583404162
0.011711290070651834
0.011765745576377804
0.011816958804484624
0.011865209389970786
0.011910745878630448
0.01195378990843074
0.011994539737174494
0.012033173232042059
0.012069850413943121
0.012104715631798938
0.012137899427796344
0.01216952014346246
0.012199685307463529
0.012228492838844827
0.01225603209362645
0.012282384777963236
0.012307625747241476
0.012331823707346305
0.012355041831753354
0.012377338305969269
0.012398766809082026
0.012419376940715147
0.012439214600456171
0.012458322325804697
0.012476739593824261
0.012494503090956344
0.012511646954841148
0.012528202991469197
0.012544200870545183
0.01255966830156778
0.012574631192806381
0.012589113795078639
0.012603138831994813
0.012616727618129682
0.012629900166405687
0.012642675285817456
0.012655070670494886
0.012667102980986038
0.012678787918540338
0.012690140293084462
0.012701174085506152
0.012711902504793721
0.012722338040519615
0.012732492511104202
0.012742377108249887
0.012752002437895132
0.012761378558001846
0.012770515013457925
0.012779420868348384
0.012788104735823386
0.012796574805769286
0.012804838870468621
0.01281290434841751
0.01282077830645274
0.01282846748032682
0.012835978293856376
0.012843316876757934
0.01285048908127471
0.012857500497689005
0.012864356468806164
0.012871062103488809
0.012877622289313169
0.012884041704413107
0.012890324828572036
0.012896475953617835
0.01290249919317126
0.012908398491794251
0.012914177633580777
0.012919840250229466
0.012925389828634018
0.012930829718024731
0.012936163136691742
0.012941393178318314
0.012946522817950251
0.012951554917625592
0.012956492231686946
0.012961337411797093
0.01296609301167703
0.01297076149158419
0.01297534522254729
0.012979846490373162
0.012984267499439619
0.012988610376287697
0.01299287717302549
0.012997069870554954
0.013001190381632416
0.013005240553772609
0.013009222172005539
0.013013136961494795
0.013016986590025351
0.01302077267036837
0.01302449676253007
0.013028160375891223
0.013031764971243401
0.013035311962727811
0.013038802719682004
0.01304223856839965
0.013045620793807989
0.013048950641067508
0.013052229317097958
0.013055457992034687
0.01305863780061893
0.013061769843525528
0.013064855188631375
0.013067894872227587
0.013070889900178361
0.013073841249029196
0.013076749867067
0.013079616675334619
0.013082442568601915
0.013085228416295652
0.013087975063390173
0.013090683331260778
0.013093354018501625
0.013095987901709884
0.013098585736237667
0.013101148256913418
0.013103676178734047
0.013106170197529285
0.013108630990599494
0.01311105921732822
0.013113455519770563
0.013115820523218566
0.013118154836744583
0.013120459053723662
0.013122733752335896
0.013124979496049561
0.013127196834085999
0.013129386301866934
0.01313154842144509
0.013133683701918754
0.013135792639831032
0.013137875719554418
0.013139933413661327
0.013141966183281176
0.013143974478444575
0.013145958738415172
0.013147919392009665
0.013149856857906476
0.013151771544943541
0.013153663852405663
0.01315553417030188
0.013157382879633184
0.013159210352651069
0.013161016953107197
0.013162803036494579
0.013164568950280583
0.013166315034132101
0.013168041620133186
0.013169749032995434
0.01317143759026142
0.013173107602501403
0.013174759373503618
0.01317639320045838
0.01317800937413618
0.01317960817906009
0.013181189893672623
0.013182754790497266
0.013184303136294914
0.013185835192215351
0.013187351213943991
0.013188851451844018
0.013190336151094145
0.013191805551822084
0.013193259889233946
0.013194699393739651
0.013196124291074557
0.013197534802417362
0.013198931144504527
0.013200313529741187
0.013201682166308806
0.013203037258269632
0.013204379005668069
0.01320570760462904
0.013207023247453518
0.01320832612271125
0.013209616415330798
0.013210894306687013
0.013212159974685946
0.013213413593847392
0.008298813322882785
0.00872420168575223
0.009088172131936686
0.009402534884123449
0.009676409173302673
0.009916899098273167
0.010129594205535539
0.01031893730145645
0.010488495040168308
0.010641158135399831
0.010779290689204978
0.010904842579382876
0.011019434842825438
0.011124425155559729
0.011220958512426202
0.011310006800849398
0.011392399965633413
0.011468850750603651
0.011539974492102742
0.011606305069407644
0.011668307846965702
0.011726390244382875
0.011780910422358029
0.01183218446216874
0.011880492332886246
0.01192608287708423
0.01196917799725606
0.01200997618772521
0.01204865552778335
0.012085376229100282
0.012120282812617417
0.012153505976040296
0.012185164201839401
0.012215365146712343
0.01224420684626506
0.012271778762860633
0.012298162699871842
0.012323433601733694
0.012347660256049189
0.0123709059114184
0.012393228822529438
0.012414682732283765
0.012435317299260137
0.012455178477595863
0.01247430885533806
0.012492747956455275
0.012510532510973265
0.01252769669708402
0.012544272358556189
0.012560289200331698
0.012575774964815347
0.012590755591040887
0.012605255358619779
0.012619297018140626
0.012632901909481749
0.012646090069322144
0.012658880328982311
0.012671290403593303
0.01268333697347632
0.012695035758514283
0.012706401586208567
0.01271744845403688
0.01272818958666072
0.01273863748847135
0.012748803991910924
0.012758700301959483
0.0127683370371376
0.0127777242673387
0.01278687154877309
0.012795787956277409
0.01280448211321818
0.01281296221919569
0.012821236075734512
0.012829311110129147
0.012837194397597432
0.012844892681880004
0.012852412394411459
0.012859759672177302
0.012866940374360487
0.012873960097872221
0.012880824191853137
0.012887537771223593
0.012894105729355015
0.01290053274992799
0.01290682331803737
0.012912981730599495
0.012919012106112193
0.012924918393813928
0.012930704382284887
0.012936373707529137
0.012941929860574068
0.012947376194620396
0.012952715931773396
0.012957952169383663
0.012963087886023655
0.012968125947124045
0.012973069110292352
0.012977920030334515
0.012982681263998543
0.01298735527445805
0.012991944435552141
0.012996451035796963
0.013000877282183106
0.0130052253037721
0.013009497155104261
0.013013694819429355
0.013017820211770715
0.013021875181832735
0.013025861516760995
0.013029780943763697
0.013033635132602384
0.01303742569795957
0.013041154201690296
0.013044822154964102
0.013048431020303758
0.01305198221352635
0.013055477105592208
0.013058917024366748
0.013062303256299921
0.013065637048027786
0.013068919607900338
0.013072152107439573
0.013075335682731407
0.01307847143575499
0.013081560435652641
0.01308460371994348
0.013087602295683624
0.013090557140575748
0.01309346920403046
0.013096339408181983
0.013099168648860435
0.013101957796522803
0.013104707697144656
0.013107419173074567
0.013110093023852958
0.013112730026997189
0.013115330938754397
0.013117896494823712
0.01312042741104924
0.013122924384085178
0.013125388092034413
0.013127819195061764
0.013130218335983077
0.013132586140831277
0.01313492321940037
0.013137230165768468
0.013139507558800704
0.01314175596263297
0.013143975927137338
0.013146167988369916
0.013148332669001953
0.013150470478734931
0.013152581914700246
0.013154667461844287
0.013156727593299363
0.013158762770741232
0.013160773444733691
0.013162760055060823
0.013164723031047373
0.0131666627918678
0.013168579746844412
0.013170474295735075
0.013172346829010886
0.013174197728124231
0.013176027365767628
0.013177836106123691
0.013179624305106594
0.01318139231059536
0.013183140462659303
0.013184869093775892
0.013186578529041433
0.01318826908637468
0.01318994107671384
0.01319159480420705
0.013193230566396704
0.01319484865439777
0.013196449353070402
0.01319803294118697
0.01319959969159383
0.0132011498713679
0.01320268374196835
0.01320420155938349
0.013205703574273111
0.013207190032106384
0.013208661173295498
0.013210117233325196
0.01321155844287837
0.013212985027957782
0.013214397210004171
0.013215795206010746
0.013217179228634263
0.013218549486302824
0.013219906183320418
0.013221249519968418
0.013222579692604096
0.013223896893756231
0.013225201312217962
0.01322649313313692
0.013227772538102816
0.01322903970523246
0.013230294809252387
0.008309333532077256
0.008735214494974098
0.009099604908475887
0.009414329365853954
0.009688518064336177
0.009929283568655462
0.010142222039012341
0.01033178150858989
0.010501532807996015
0.010654370022848438
0.010792660003897801
0.010918354889819949
0.011033077592696384
0.011138187355928156
0.011234830493889193
0.011323980012333201
0.011406466809783175
0.011483004448134024
0.011554208969253764
0.011620614863974952
0.01168268802936977
0.011740836350997309
0.011795418398894697
0.011846750615362818
0.011895113289070208
0.011940755546510504
0.011983899543241312
0.012024743999858185
0.012063467198573215
0.012100229533550562
0.012135175690298067
0.012168436515301223
0.012200130625866702
0.012230365801175778
0.012259240188344397
0.012286843351470662
0.012313257186932772
0.012338556724355892
0.012362810829519944
0.012386082822894263
0.012408431025350693
0.012429909240839091
0.012450567184338852
0.012470450862173355
0.012489602910746937
0.012508062898900732
0.012525867598356201
0.012543051226099975
0.01255964566204185
0.012575680644834119
0.012591183948361843
0.012606181541090063
0.012620697730176399
0.012634755292018768
0.012648375590702619
0.012661578685634087
0.012674383429492144
0.012686807557498979
0.012698867768892147
0.012710579801380645
0.012721958499279012
0.012733017875936056
0.012743771171007327
0.012754230903060765
0.012764408917952755
0.012774316433365612
0.012783964079856824
0.012793361938734335
0.01280251957704023
0.01281144607989691
0.012820150080444542
0.01282863978757646
0.012836923011658771
0.012845007188403132
0.012852899401045254
0.012860606400967773
0.012868134626893155
0.012875490222760903
0.012882679054393
0.012889706725042333
0.012896578589910293
0.012903299769712486
0.01290987516336442
0.01291630945985307
0.012922607149354557
0.012928772533653196
0.012934809735912548
0.012940722709844997
0.012946515248322514
0.012952190991468052
0.012957753434263582
0.012963205933708193
0.012968551715556966
0.012973793880668941
0.0129789354109904
0.012983979175197637
0.012988927934021626
0.012993784345275254
0.01299855096860238
0.013003230269966432
0.013007824625895129
0.013012336327496538
0.013016767584260805
0.013021120527660735
0.013025397214563476
0.013029599630464874
0.01303372969255703
0.013037789252639124
0.013041780099880634
0.01304570396344577
0.013049562514987012
0.013053357371015404
0.013057090095154676
0.013060762200285646
0.013064375150587264
0.013067930363479873
0.013071429211476266
0.013074873023945492
0.013078263088794239
0.0130816006540702
0.013084886929491639
0.013088123087907105
0.013091310266688935
0.013094449569064073
0.01309754206538543
0.013100588794346908
0.013103590764144912
0.013106548953589144
0.013109464313165207
0.01311233776605143
0.013115170209092239
0.01311796251373019
0.013120715526898714
0.013123430071877468
0.013126106949112138
0.013128746937000408
0.013131350792645649
0.013133919252579954
0.013136453033457906
0.01313895283272246
0.013141419329244227
0.013143853183935465
0.013146255040339803
0.013148625525198934
0.013150965248997252
0.013153274806485461
0.01315555477718406
0.013157805725867626
0.01316002820303076
0.01316222274533646
0.013164389876047714
0.013166530105443035
0.013168643931216653
0.013170731838863955
0.013172794302052898
0.013174831782981908
0.013176844732724862
0.013178833591563714
0.013180798789309256
0.013182740745610485
0.0131846598702531
0.013186556563447518
0.013188431216106883
0.013190284210115415
0.01319211591858754
0.013193926706118152
0.013195716929024342
0.013197486935578958
0.013199237066236272
0.013200967653850149
0.013202679023884912
0.013204371494619217
0.013206045377343264
0.013207700976549493
0.013209338590117126
0.013210958509490684
0.01321256101985278
0.013214146400291376
0.01321571492396168
0.013217266858242954
0.013218802464890338
0.013220322000181927
0.013221825715061261
0.013223313855275379
0.01322478666150861
0.013226244369512283
0.013227687210230401
0.013229115409921575
0.013230529190277205
0.013231928768536133
0.013233314357595845
0.013234686166120372
0.01323604439864497
0.013237389255677738
0.013238720933798204
0.013240039625753092
0.013241345520549244
0.01324263880354388
0.013243919656532254
0.013245188257832805
0.013246444782369842
0.008319407733574953
0.008745760404242983
0.009110552973079904
0.009425623794564427
0.009700113567124413
0.009941142962405617
0.010154314473828946
0.010344081139725732
0.010514017790052949
0.01066702173931173
0.010805462470372708
0.010931294286900026
0.011046141896633464
0.011151366043871439
0.011248114306555972
0.011337360761337978
0.011419937220008858
0.011496558027835701
0.011567839902287918
0.011634317919815194
0.01169645848752374
0.011754669937162763
0.011809311230745863
0.01186069915628465
0.011909114308489406
0.011954806085731396
0.011997996885898827
0.012038885646262067
0.012077650843346811
0.012114453046071137
0.012149437097529234
0.012182733986676063
0.012214462459935415
0.012244730413777084
0.012273636102097325
0.012301269186414169
0.0123277116521664
0.012353038610555974
0.012377319002223879
0.012400616216460334
0.012422988637513736
0.012444490127792952
0.012465170456285767
0.012485075679288138
0.012504248479510555
0.012522728468763428
0.012540552458695408
0.012557754703442264
0.012574367117522006
0.01259041947186745
0.012605939570508672
0.012620953410093678
0.01263548532415784
0.012649558113813698
0.01266319316632705
0.012676410562867214
0.01268922917656568
0.012701666761883619
0.012713740036172577
0.01272546475421154
0.012736855776415056
0.012747927131329868
0.012758692072969587
0.01276916313347752
0.01277935217155532
0.012789270417048793
0.012798928512041795
0.012808336548772626
0.012817504104655732
0.012826440274662967
0.012835153701293633
0.012843652602339897
0.012851944796634408
0.012860037727948949
0.012867938487197021
0.01287565383307913
0.012883190211296483
0.01289055377244763
0.012897750388711982
0.01290478566941511
0.01291166497556211
0.012918393433418012
0.012924975947207259
0.01293141721099813
0.012937721719832495
0.01294389378015617
0.012949937519600559
0.012955856896162164
0.012961655706822735
0.012967337595649407
0.012972906061410976
0.012978364464743805
0.012983716034897976
0.012988963876092146
0.012994110973503326
0.012999160198915779
0.013004114316051424
0.013008975985602574
0.013013747769986102
0.01301843213783693
0.013023031468257328
0.013027548054837357
0.013031984109460711
0.013036341765909173
0.013040623083278045
0.013044830049213967
0.01304896458298584
0.013053028538398754
0.013057023706560266
0.01306095181850761
0.013064814547703998
0.013068613512411457
0.013072350277947377
0.013076026358831276
0.013079643220828023
0.013083202282893227
0.013086704919026285
0.013090152460036112
0.013093546195224343
0.013096887373990418
0.013100177207362848
0.013103416869460462
0.013106607498887455
0.01310975020006563
0.013112846044507156
0.013115896072030883
0.013118901291925134
0.013121862684059689
0.013124781199949542
0.013127657763772838
0.0131304932733453
0.013133288601053252
0.013136044594747341
0.013138762078598827
0.013141441853920272
0.013144084699952322
0.013146691374618278
0.013149262615247865
0.013151799139271765
0.013154301644888223
0.01315677081170304
0.013159207301344185
0.013161611758052198
0.013163984809247489
0.013166327066075562
0.013168639123931174
0.013170921562962389
0.013173174948555383
0.01317539983180089
0.013177596749943045
0.013179766226811475
0.013181908773237267
0.013184024887453578
0.013186115055481541
0.013188179751502023
0.013190219438213947
0.013192234567179642
0.013194225579157823
0.013196192904424697
0.01319813696308368
0.013200058165364199
0.013201956911910041
0.013203833594057635
0.01320568859410472
0.013207522285569739
0.013209335033442378
0.01321112719442555
0.013212899117169219
0.013214651142496307
0.013216383603621096
0.013218096826360319
0.013219791129337268
0.013221466824179195
0.013223124215708258
0.013224763602126207
0.013226385275193143
0.013227989520400467
0.013229576617138326
0.013231146838857708
0.013232700453227374
0.01323423772228589
0.01323575890258884
0.013237264245351474
0.013238753996586916
0.013240228397240105
0.013241687683317625
0.013243132086013538
0.013244561831831436
0.013245977142702755
0.01324737823610155
0.013248765325155822
0.013250138618755531
0.013251498321657389
0.013252844634586591
0.01325417775433552
0.013255497873859576
0.013256805182370254
0.013258099865425466
0.013259382105017297
0.013260652079657254
0.01326190996445905
0.008329063669146583
0.008755868455503298
0.009121046476193571
0.009436449275440791
0.009711227616770197
0.009952509942058863
0.010165904814921595
0.010355870070963776
0.010525984373387372
0.010679148131470643
0.010817733350882227
0.010943696410353483
0.011058663738700583
0.011163997518779768
0.01126084653961872
0.011350185904285486
0.011432848299906793
0.011509548822584008
0.01158090483732626
0.011647451981876156
0.011709657152189128
0.011767929107671445
0.011822627186031923
0.01187406850663331
0.01192253395751574
0.011968273197635236
0.012011508857145015
0.012052440080990314
0.012091245531939274
0.012128085946405154
0.01216310631852286
0.012196437773799099
0.012228199182411633
0.012258498553246979
0.012287434242546347
0.01231509600520118
0.012341565912011524
0.01236691915236766
0.01239122473866213
0.012414546126147417
0.012436941759815984
0.012458465558107487
0.012479167341774731
0.012499093215010552
0.012518285904908132
0.012536785064462359
0.012554627543590588
0.012571847632034658
0.012588477277483258
0.01260454628180889
0.012620082477934485
0.012635111889520372
0.012649658875384015
0.012663746260326004
0.01267739545382962
0.012690626557923385
0.012703458465341766
0.012715908948985766
0.01272799474356853
0.012739731620229969
0.012751134454815911
0.01276221729043973
0.012772993394876708
0.012783475313281641
0.012793674916667865
0.012803603446539462
0.012813271556027864
0.01282268934784772
0.012831866409354978
0.012840811844961851
0.012849534306137982
0.012858042019204765
0.012866342811109703
0.012874444133349903
0.012882353084197752
0.012890076429367648
0.012897620621249661
0.012904991816824784
0.012912195894365795
0.012919238469018698
0.012926124907351216
0.012932860340947306
0.012939449679119818
0.012945897620807268
0.012952208665715177
0.012958387124757217
0.012964437129847057
0.012970362643087374
0.012976167465398983
0.012981855244629349
0.012987429483176827
0.012992893545163958
0.01299825066319064
0.013003503944695616
0.013008656377952427
0.01301371083772419
0.013018670090599555
0.013023536800030633
0.013028313531092142
0.013033002754979523
0.013037606853262666
0.013042128121910523
0.013046568775100909
0.013050930948828685
0.013055216704324751
0.01305942803129721
0.013063566851005473
0.01306763501917725
0.013071634328777646
0.013075566512639147
0.013079433245960463
0.01308323614868187
0.013086976787744078
0.013090656679237237
0.013094277290446255
0.013097840041798234
0.013101346308717437
0.013104797423392822
0.013108194676463032
0.013111539318623116
0.013114832562157388
0.013118075582402206
0.013121269519142454
0.013124415477945166
0.013127514531433602
0.013130567720504843
0.01313357605549377
0.013136540517286207
0.013139462058383788
0.013142341603922948
0.013145180052650342
0.013147978277856867
0.013150737128272302
0.013153457428922462
0.013156139981950764
0.013158785567405833
0.013161394943996816
0.013163968849817947
0.013166508003043774
0.013169013102596463
0.013171484828786441
0.013173923843927685
0.013176330792928695
0.013178706303860397
0.013181050988501943
0.0131833654428654
0.013185650247700326
0.01318790596897909
0.013190133158363789
0.013192332353655571
0.013194504079227155
0.01319664884643925
0.013198767154041571
0.013200859488559131
0.013202926324664422
0.013204968125536063
0.01320698534320455
0.013208978418885558
0.013210947783301376
0.01321289385699096
0.013214817050609041
0.013216717765214762
0.01321859639255027
0.013220453315309633
0.013222288907398537
0.013224103534185058
0.013225897552741912
0.013227671312080502
0.013229425153377099
0.013231159410191418
0.013232874408677976
0.013234570467790373
0.013236247899478934
0.013237907008881819
0.013239548094509918
0.0132411714484258
0.01324277735641683
0.013244366098162791
0.013245937947398152
0.01324749317206916
0.013249032034486033
0.013250554791470314
0.013252061694497677
0.013253552989836284
0.013255028918680856
0.013256489717282622
0.01325793561707533
0.013259366844797362
0.013260783622610229
0.013262186168213425
0.013263574694955895
0.013264949411944137
0.013266310524147128
0.013267658232498144
0.01326899273399356
0.013270314221788811
0.013271622885291531
0.013272918910251983
0.013274202478850918
0.013275473769784885
0.013276732958349129
0.008338326829112178
0.008765565333663662
0.009131113121204413
0.009446834389075651
0.009721889556383326
0.009963414519080083
0.010177023663984118
0.010367179428774454
0.010537464153921376
0.01069078121755056
0.010829505045472261
0.010955594007046675
0.011070676182132025
0.011176115133603906
0.011273060812293314
0.011362489305917533
0.011445234141318504
0.01152201113487798
0.011593438272794215
0.01166005173126175
0.011722318875192187
0.011780648874245882
0.01183540142653838
0.011886893969299601
0.011935407671962765
0.011981192443464399
0.012024471136770904
0.012065443096051218
0.012104287162736944
0.01214116423392042
0.012176219448630777
0.01220958406336955
0.012241377067032407
0.01227170657634783
0.012300671045737128
0.012328360319665355
0.012354856550820078
0.01238023500359808
0.012404564759223535
0.012427909336226894
0.012450327237872727
0.012471872436351315
0.012492594802073938
0.012512540485181141
0.012531752255342676
0.012550269805061909
0.012568130020967556
0.012585367226958561
0.012602013402544401
0.012618098379278185
0.012633650017799921
0.01264869436768299
0.012663255811998099
0.01267735719826989
0.01269101995729503
0.012704264211112343
0.01271710887126155
0.01272957172833308
0.012741669533695137
0.01275341807418277
0.012764832240445091
0.01277592608956933
0.012786712902532403
0.012797205236971103
0.01280741497570942
0.012817353371435272
0.012827031087878108
0.012836458237802568
0.012845644418101546
0.012854598742243425
0.012863329870303163
0.012871846036784266
0.012880155076418869
0.012888264448115012
0.012896181257204504
0.012903912276130195
0.012911463963698827
0.012918842483014106
0.012926053718194191
0.012933103289968662
0.012939996570241507
0.012946738695699143
0.012953334580535759
0.01295978892836193
0.01296610624335701
0.012972290840720734
0.01297834685647475
0.012984278256660823
0.012990088845978518
0.012995782275901813
0.01300136205231089
0.013006831542672608
0.013012193982800385
0.013017452483221965
0.013022610035181426
0.013027669516299517
0.013032633695914949
0.013037505240127343
0.013042286716561075
0.013046980598867912
0.013051589270984947
0.013056115031163216
0.013060560095781288
0.013064926602957052
0.013069216615970084
0.013073432126506062
0.013077575057733916
0.013081647267225719
0.013085650549728541
0.013089586639797052
0.013093457214294842
0.01309726389477214
0.013101008249726914
0.01310469179675602
0.01310831600460256
0.013111882295105246
0.013115392045055201
0.013118846587965294
0.013122247215756746
0.013125595180367496
0.01312889169528656
0.013132137937018278
0.013135335046480163
0.013138484130337882
0.013141586262280581
0.013144642484239678
0.013147653807554024
0.013150621214084147
0.013153545657278165
0.013156428063191799
0.013159269331464763
0.013162070336255717
0.013164831927137775
0.013167554929956549
0.013170240147652505
0.013172888361049344
0.0131755003296101
0.013178076792162392
0.013180618467594362
0.013183126055522633
0.013185600236933605
0.013188041674799325
0.013190451014669079
0.013192828885237838
0.013195175898892601
0.013197492652237635
0.013199779726599517
0.013202037688512951
0.013204267090188144
0.013206468469960589
0.013208642352723999
0.01321078925034715
0.013212909662075282
0.013215004074916803
0.013217072964015805
0.013219116793011102
0.013221136014382292
0.01322313106978341
0.01322510239036468
0.013227050397082874
0.013228975501000714
0.013230878103575804
0.013232758596939485
0.013234617364166049
0.013236454779532641
0.013238271208770339
0.013240067009306609
0.013241842530499603
0.013243598113864531
0.013245334093292512
0.013247050795262075
0.013248748539043708
0.013250427636897651
0.013252088394265197
0.013253731109953822
0.013255356076316224
0.013256963579423707
0.013258553899233898
0.013260127309753213
0.01326168407919409
0.01326322447012734
0.013264748739629642
0.013266257139426514
0.01326774991603076
0.013269227310876713
0.013270689560450308
0.013272136896415208
0.013273569545735046
0.013274987730792035
0.013276391669501938
0.013277781575425645
0.013279157657877396
0.01328052012202978
0.013281869169015685
0.013283204996027191
0.013284527796411615
0.01328583775976475
0.01328713507202139
0.013288419915543267
0.013289692469204445
0.013290952908474308
0.008347220675957261
0.008774875600707612
0.00914077840750116
0.009456805442233804
0.009732126394545584
0.009973884317201198
0.010187699187991324
0.01037803786313327
0.010548486213710243
0.010701950468291387
0.010840807376307153
0.010967017218354554
0.011082209659485006
0.011187749587553517
0.011284788068857392
0.011374302136491519
0.011457126123521805
0.011533976537882577
0.011605471962185483
0.01167214908960116
0.01173447573529323
0.0117928614628133
0.011847666316308927
0.011899208038199102
0.011947768068086792
0.01199359655491858
0.012036916565587124
0.012077927635539023
0.01211680877774331
0.012153721043562701
0.0121888097111414
0.01222220616275103
0.012254029501270036
0.012284387946967571
0.012313380048529086
0.012341095736420563
0.01236761724195099
0.012393019901531962
0.012417372862473922
0.012440739704061397
0.01246317898550686
0.012484744730607351
0.01250548685745196
0.012525451560296292
0.012544681649688482
0.01256321685606454
0.012581094101300313
0.012598347742089441
0.012615009788493031
0.012631110100560939
0.012646676565544752
0.012661735257897332
0.01267631058397528
0.012690425413120937
0.01270410119659422
0.012717358075646161
0.012730214979871667
0.012742689716845036
0.012754799053925233
0.012766558793016422
0.012777983838980569
0.012789088262321401
0.012799885356690913
0.01281038769171003
0.01282060716154233
0.01283055502961349
0.012840241969828251
0.012849678104600408
0.012858873039979405
0.012867835898128593
0.012876575347384997
0.012885099630107906
0.012893416588503563
0.012901533688595375
0.012909458042492994
0.012917196429099345
0.01292475531338192
0.01293214086432291
0.012939358971652722
0.01294641526146181
0.01295331511077757
0.012960063661185378
0.01296666583156606
0.012973126330015884
0.012979449665009624
0.012985640155862102
0.01299170194253911
0.012997638994864377
0.013003455121165507
0.013009153976398326
0.013014739069785997
0.013020213772006286
0.01302558132195794
0.013030844833134539
0.01303600729963219
0.013041071601815297
0.013046040511662946
0.013050916697816656
0.01305570273034879
0.013060401085269454
0.013065014148788523
0.013069544221348102
0.013073993521439734
0.013078364189219649
0.013082658289934395
0.013086877817168344
0.01309102469592378
0.01309510078554358
0.0130991078824857
0.0131030477229583
0.013106921985423453
0.013110732292977122
0.013114480215612418
0.013118167272372808
0.013121794933401432
0.013125364621892292
0.01312887771594888
0.013132335550355152
0.013135739418263745
0.013139090572805929
0.013142390228627366
0.013145639563353786
0.013148839718990165
0.01315199180325698
0.013155096890866736
0.01315815602474395
0.013161170217191397
0.013164140451005424
0.01316706768054288
0.013169952832742114
0.013172796808100273
0.013175600481609165
0.013178364703651618
0.01318109030086033
0.013183778076941013
0.013186428813461552
0.01318904327060879
0.013191622187914476
0.013194166284951889
0.013196676262004412
0.013199152800707447
0.013201596564664863
0.013204008200041176
0.013206388336130515
0.01320873758590349
0.013211056546532932
0.01321334579989943
0.013215605913077584
0.013217837438803863
0.01322004091592678
0.013222216869840266
0.013224365812900898
0.01322648824482969
0.013228584653099148
0.01323065551330616
0.013232701289531378
0.013234722434685587
0.0132367193908437
0.013238692589566808
0.013240642452212835
0.013242569390236221
0.013244473805477136
0.0132463560904406
0.013248216628565939
0.013250055794486971
0.013251873954283285
0.013253671465722943
0.013255448678497012
0.013257205934446138
0.013258943567779603
0.013260661905287054
0.013262361266543208
0.013264041964105853
0.01326570430370735
0.013267348584439898
0.013268975098934786
0.013270584133535903
0.013272175968467656
0.013273750877997547
0.013275309130593603
0.013276850989076825
0.013278376710768858
0.013279886547635084
0.0132813807464232
0.013282859548797604
0.013284323191469563
0.01328577190632349
0.013287205920539278
0.013288625456711046
0.0132900307329622
0.013291421963057125
0.013292799356509498
0.013294163118687419
0.013295513450915421
0.013296850550573478
0.013298174611193144
0.013299485822550857
0.013300784370758588
0.01330207043835182
0.013303344204375067
0.013304605844464907
0.00835576684184405
0.00878382190247318
0.009150065845155701
0.009466386689340614
0.009741963032715881
0.009983944805012464
0.010197957356370344
0.010388471788764366
0.010559077365828945
0.010712683055111125
0.01085166783879629
0.010977993833978633
0.011093292228912737
0.011198929184618501
0.011296056839237983
0.011385653134273453
0.011468553177486216
0.01154547414131889
0.011617035181472744
0.011683773487877185
0.011746157308339888
0.011804596584899796
0.011859451694204135
0.011911040671925898
0.011959645217272196
0.012005515709813504
0.012048875422002656
0.012089924073083524
0.012128840840854173
0.012165786924914563
0.012200907737083528
0.012234334780484194
0.012266187267520203
0.012296573517952141
0.012325592171043141
0.012353333239896826
0.012379879031368876
0.012405304951069375
0.012429680209810532
0.012453068445255013
0.012475528270375173
0.012497113758556586
0.012517874873701575
0.01253785785245556
0.012557105544646384
0.01257565771715925
0.012593551325738667
0.012610820758590463
0.012627498055132545
0.012643613102797081
0.012659193814406493
0.012674266288320158
0.012688854953269895
0.012702982699562491
0.012716670998120853
0.01272994000865686
0.012742808678114491
0.01275529483038772
0.012767415248200902
0.012779185747937991
0.012790621248117983
0.012801735832136386
0.01281254280582459
0.01282305475031897
0.012833283570679224
0.012843240540648854
0.012852936343909962
0.012862381112148134
0.012871584460211263
0.01288055551861763
0.012889302963643214
0.012897835045195854
0.012906159612663611
0.012914284138906995
0.012922215742548409
0.012929961208698245
0.012937527008243774
0.012944919315815807
0.012952144026537497
0.012959206771650513
0.01296611293310531
0.012972867657194617
0.01297947586730262
0.012985942275835854
0.012992271395396517
0.012998467549253594
0.01300453488116277
0.013010477364581833
0.013016298811324533
0.013022002879692391
0.01302759308212079
0.013033072792372851
0.01303844525231199
0.013043713578281612
0.013048880767118331
0.013053949701822902
0.013058923156911532
0.01306380380346823
0.013068594213917591
0.013073296866535848
0.013077914149716773
0.013082448366007846
0.013086901735930943
0.013091276401600929
0.013095574430154397
0.013099797817000158
0.013103948488902156
0.013108028306904804
0.013112039069110046
0.013115982513314871
0.013119860319517309
0.013123674112298606
0.013127425463088559
0.013131115892320664
0.01313474687148333
0.013138319825072877
0.013141836132453818
0.01314529712963148
0.013148704110941791
0.013152058330662651
0.013155361004551145
0.013158613311310541
0.013161816393990743
0.013164971361325785
0.013168079289011519
0.013171141220926713
0.01317415817030037
0.013177131120828058
0.013180061027739828
0.013182948818822123
0.013185795395396008
0.01318860163325384
0.013191368383556498
0.013194096473692988
0.01319678670810435
0.013199439869073532
0.013202056717482882
0.013204637993540751
0.013207184417478753
0.013209696690220953
0.013212175494026382
0.01321462149310602
0.013217035334215557
0.013219417647224828
0.013221769045665245
0.01322409012725597
0.013226381474409923
0.013228643654720505
0.013230877221429852
0.013233082713879442
0.013235260657943865
0.013237411566448407
0.013239535939571249
0.013241634265230857
0.01324370701945921
0.013245754666761502
0.013247777660462855
0.013249776443042597
0.013251751446456623
0.013253703092448308
0.013255631792848497
0.013257537949864964
0.013259421956361789
0.013261284196129073
0.013263125044143342
0.013264944866819069
0.0132667440222516
0.013268522860451885
0.01327028172357329
0.01327202094613082
0.013273740855213054
0.013275441770687051
0.013277124005396518
0.013278787865353487
0.013280433649923753
0.013282061652006297
0.01328367215820694
0.013285265449006427
0.013286841798923145
0.013288401476670703
0.013289944745310516
0.013291471862399613
0.013292983080133852
0.013294478645486652
0.013295958800343458
0.013297423781632078
0.013298873821449023
0.01330030914718201
0.013301729981628756
0.013303136543112196
0.01330452904559225
0.013305907698774244
0.013307272708214132
0.013308624275420594
0.013309962597954163
0.013311287869523406
0.013312600280078368
0.013313900015901235
0.01331518725969448
0.013316462190666376
0.013317724984614159
0.008363985303501686
0.008792425151749137
0.009158997145015852
0.009475600528601025
0.009751422466587707
0.009993619501911674
0.01020782215100485
0.010398505598750087
0.010569262371207061
0.010723004069842241
0.010862111823953757
0.010988549516689518
0.011103949801080606
0.01120968006247574
0.011306893469747697
0.011396568837961085
0.011479542019856424
0.011556530826894987
0.011628154965884634
0.011694952104458424
0.011757390906472298
0.011815881677934102
0.011870785115236338
0.011922419536056994
0.0119710668892491
0.012016977776160438
0.012060375666918852
0.012101460457515131
0.012140411484253613
0.012177390089285194
0.01221254181297562
0.012245998274663722
0.012277878792076985
0.012308291780650965
0.012337335966751952
0.012365101442951247
0.01239167058875327
0.012417118876312161
0.012441515577505988
0.01246492438613616
0.012487403966872711
0.012509008440787533
0.012529787815838795
0.012549788369435662
0.012569052989178923
0.01258762147700478
0.012605530821227213
0.012622815440355432
0.012639507402038008
0.012655636620039046
0.01267123103177091
0.012686316758582427
0.01270091825072233
0.012715058418657653
0.01272875875222002
0.012742039428873997
0.012754919412247134
0.012767416541927042
0.01277954761541406
0.012791328463016494
0.012802774016386456
0.012813898371316738
0.012824714845350905
0.012835236030699058
0.012845473842899035
0.012855439565616366
0.012865143891935455
0.012874596962458015
0.012883808400492889
0.012892787344592774
0.012901542478668069
0.012910082059885603
0.01291841394453977
0.01292654561206588
0.012934484187349295
0.012942236461469723
0.012949808911007159
0.012957207716024323
0.012964438776830267
0.012971507729620278
0.012978419961078999
0.012985180622025956
0.01299179464017593
0.012998266732080401
0.013004601414310651
0.013010803013938144
0.013016875678363075
0.01302282338453789
0.013028649947628769
0.013034359029154573
0.013039954144639682
0.013045438670814223
0.013050815852392546
0.013056088808458582
0.013061260538484306
0.013066333928005706
0.013071311753978777
0.013076196689836322
0.013080991310264948
0.013085698095720077
0.013090319436695603
0.01309485763776361
0.013099314921398448
0.013103693431598465
0.013107995237317798
0.01311222233571972
0.013116376655262236
0.013120460058626049
0.01312447434549402
0.013128421255191005
0.013132302469192093
0.013136119613506825
0.01313987426094657
0.013143567933281534
0.013147202103293804
0.013150778196732035
0.013154297594173402
0.013157761632797759
0.01316117160807892
0.013164528775397434
0.01316783435157918
0.013171089516363615
0.013174295413805506
0.013177453153613551
0.013180563812429236
0.013183628435048968
0.013186648035592448
0.013189623598619981
0.013192556080201307
0.013195446408938445
0.013198295486944758
0.013201104190782461
0.01320387337236062
0.013206603859795545
0.013209296458235391
0.013211951950650754
0.013214571098592792
0.013217154642920507
0.0132197033044986
0.013222217784867242
0.013224698766885153
0.013227146915347158
0.013229562877577416
0.013231947283999426
0.013234300748683852
0.013236623869875239
0.013238917230498429
0.013241181398645711
0.01324341692804549
0.013245624358513305
0.013247804216385956
0.013249957014939476
0.013252083254791672
0.013254183424289852
0.013256257999884394
0.013258307446488761
0.013260332217826515
0.013262332756765884
0.013264309495642413
0.013266262856570156
0.01326819325174192
0.013270101083718979
0.013271986745710704
0.013273850621844508
0.013275693087426483
0.013277514509193136
0.013279315245554542
0.013281095646829277
0.013282856055471417
0.013284596806289963
0.013286318226660963
0.013288020636732605
0.013289704349623541
0.013291369671614752
0.013293016902335131
0.013294646334941084
0.013296258256290314
0.01329785294711007
0.013299430682160003
0.013300991730389877
0.013302536355092303
0.013304064814050668
0.01330557735968247
0.013307074239178172
0.013308555694635809
0.013310021963191402
0.01331147327714544
0.013312909864085478
0.013314331947005036
0.013315739744418915
0.013317133470475074
0.01331851333506313
0.01331987954391969
0.013321232298730522
0.013322571797229774
0.013323898233296258
0.013325211797046939
0.013326512674927727
0.013327801049801639
0.013329077101034453
0.013330341004577882
0.008371894537458515
0.008800704690790185
0.009167592387430045
0.009484467676072578
0.009760525964811358
0.010002930160901445
0.010217315752631184
0.010408161854126935
0.0105790641310872
0.010732936719765114
0.010872162815759971
0.010998708001803342
0.011114206340571711
0.011220026395661229
0.011317322327880443
0.011407073792976776
0.01149011736063
0.011567171457268176
0.011638856320062759
0.011705710076370193
0.011768201790435043
0.011826742118534591
0.011881692064771656
0.011933370218214782
0.0119820587679664
0.012028008528804058
0.012071443161090229
0.012112562730909954
0.012151546727107764
0.012188556629019923
0.012223738100720652
0.012257222873390164
0.012289130366115444
0.012319569086405836
0.012348637844452254
0.012376426809302524
0.012403018430375355
0.012428488243864215
0.012452905580414531
0.012476334187853409
0.012498832780602667
0.012520455525625609
0.012541252473277998
0.012561269940198402
0.012580550850338781
0.012599135039367021
0.012617059526940675
0.012634358760731698
0.012651064835556735
0.012667207690520698
0.012682815286700322
0.012697913767568566
0.012712527604081179
0.012726679726106615
0.012740391641673485
0.012753683545330834
0.012766574416761815
0.012779082110656967
0.012791223438736447
0.012803014244708786
0.012814469472864902
0.012825603230928226
0.012836428847713653
0.012846958926088187
0.012857205391673416
0.012867179537683439
0.01287689206625105
0.012886353126558482
0.012895572350057057
0.012904558883031481
0.012913321416739211
0.012921868215332834
0.012930207141753122
0.012938345681762713
0.012946290966274178
0.012954049792111873
0.012961628641334225
0.01296903369923142
0.012976270871103202
0.012983345797912016
0.012990263870898518
0.012997030245238623
0.013003649852814717
0.01301012741416719
0.013016467449687028
0.013022674290105042
0.013028752086328758
0.013034704818673745
0.013040536305532407
0.013046250211519866
0.013051850055133235
0.01305733921595794
0.013062720941451982
0.013067998353336642
0.013073174453620079
0.013078252130278079
0.013083234162614588
0.0130881232263228
0.013092921898266194
0.013097632660997345
0.013102257907031234
0.013106799942888343
0.013111260992921984
0.01311564320294311
0.013119948643654986
0.013124179313909301
0.01312833714379438
0.013132423997565604
0.013136441676427243
0.013140391921174527
0.013144276414703992
0.013148096784399729
0.013151854604402657
0.013155551397769397
0.013159188638526997
0.013162767753629337
0.013166290124820589
0.013169757090410931
0.013173169946969224
0.013176529950937182
0.01317983832016923
0.01318309623540203
0.013186304841657365
0.013189465249581925
0.013192578536727232
0.0131956457487728
0.013198667900695498
0.013201645977887803
0.013204580937227565
0.01320747370810166
0.013210325193385934
0.01321313627038348
0.013215907791723401
0.013218640586221922
0.013221335459707703
0.013223993195813093
0.013226614556732907
0.013229200283952292
0.013231751098945208
0.01323426770384474
0.013236750782086736
0.01323920099902788
0.013241619002539416
0.013244005423577628
0.013246360876732189
0.013248685960753216
0.013250981259058213
0.01325324734021958
0.013255484758433687
0.013257694053972292
0.013259875753617001
0.013262030371077635
0.013264158407395074
0.01326626035132933
0.013268336679733438
0.013270387857913749
0.013272414339977268
0.013274416569166498
0.01327639497818233
0.013278349989495553
0.01328028201564731
0.013282191459539069
0.013284078714712499
0.013285944165619616
0.013287788187883683
0.013289611148551126
0.013291413406334895
0.013293195311849606
0.013294957207838727
0.013296699429394198
0.013298422304168719
0.013300126152581013
0.013301811288014337
0.013303478017008489
0.013305126639445566
0.013306757448729702
0.013308370731961006
0.01330996677010395
0.01331154583815037
0.0133131082052773
0.013314654134999838
0.013316183885319209
0.013317697708866205
0.013319195853040176
0.013320678560143729
0.013322146067513278
0.013323598607645603
0.01332503640832057
0.01332645969272014
0.013327868679543761
0.013329263583120345
0.013330644613516865
0.013332011976643776
0.013333365874357277
0.0133347065045586
0.013336034061290377
0.013337348734830234
0.013338650711781619
0.013339940175162067
0.01334121730448892
0.01334248227586257
0.00837951165814441
0.00880867843589795
0.009175870172352062
0.00949300732052781
0.009769293227992045
0.010011896931212464
0.010226458706662975
0.010417461452556571
0.010588503858242329
0.010742502501115973
0.010881842566740688
0.011008491274641957
0.011124084045063126
0.011229990576317832
0.011327365984503509
0.011417190734991388
0.01150030208791309
0.011577419061943373
0.011649162405022817
0.011716070687246585
0.011778613358455287
0.011837201412254719
0.011892196149089474
0.011943916419391899
0.011992644643637659
0.012038631842148699
0.012082101858493751
0.012123254922567814
0.012162270670119855
0.012199310712603065
0.0122345208332296
0.012268032870888955
0.012299966342282767
0.012330429843592412
0.012359522265736417
0.012387333851413645
0.01241394711737399
0.012439437661484268
0.012463874870986005
0.012487322545735976
0.012509839448069639
0.012531479789146184
0.012552293660152538
0.012572327415507291
0.012591624014170532
0.01261022332429557
0.012628162395725489
0.012645475704217543
0.012662195370752692
0.012678351358840394
0.012693971652347449
0.012709082416053535
0.012723708140856372
0.012737871775309016
0.01275159484496476
0.012764897560825904
0.012777798918038019
0.012790316785836569
0.012802467989636152
0.012814268386050438
0.012825732931542193
0.012836875745324682
0.012847710167067705
0.012858248809901437
0.012868503609158647
0.012878485867249215
0.012888206295020027
0.012897675049916816
0.012906901771232545
0.01291589561269825
0.012924665272647011
0.012933219021959066
0.012941564729975995
0.012949709888554015
0.012957661634410205
0.012965426769901325
0.012973011782361826
0.012980422862116233
0.012987665919270575
0.012994746599378345
0.013001670298067862
0.013008442174710495
0.013015067165202246
0.013021549993925045
0.013027895184948447
0.01303410707252742
0.013040189810947234
0.013046147383762318
0.013051983612472123
0.013057702164673612
0.0130633065617268
0.013068800185966942
0.013074186287494294
0.013079467990570068
0.01308464829964489
0.0130897301050442
0.01309471618833316
0.013099609227381834
0.013104411801150136
0.01310912639421033
0.01311375540102379
0.013118301129987417
0.01312276580726408
0.013127151580410352
0.013131460521814006
0.01313569463195276
0.013139855842485029
0.013143946019182687
0.013147966964715214
0.01315192042129388
0.013155808073184155
0.01315963154909389
0.013163392424444443
0.013167092223531298
0.013170732421580495
0.013174314446706588
0.013177839681777638
0.013181309466192392
0.013184725097574294
0.013188087833387013
0.013191398892475515
0.013194659456536827
0.013197870671524035
0.013201033648987155
0.013204149467354116
0.013207219173154906
0.013210243782191908
0.01321322428065903
0.013216161626212353
0.01321905674899463
0.013221910552616012
0.0132247239150931
0.013227497689748423
0.013230232706072265
0.013232929770548657
0.013235589667447246
0.013238213159582714
0.013240800989043235
0.013243353877889507
0.013245872528825631
0.013248357625843254
0.013250809834840158
0.013253229804214457
0.013255618165435561
0.013257975533592932
0.01326030250792362
0.013262599672319568
0.01326486759581555
0.013267106833058626
0.013269317924759893
0.013271501398129352
0.01327365776729457
0.01327578753370387
0.01327789118651473
0.01327996920296795
0.013282022048748274
0.013284050178331971
0.013286054035321977
0.013288034052771062
0.013289990653493546
0.013291924250366042
0.013293835246617645
0.01329572403611004
0.013297591003607868
0.013299436525039836
0.013301260967750826
0.013303064690745492
0.013304848044923545
0.013306611373307155
0.013308355011260743
0.013310079286703438
0.013311784520314507
0.013313471025732033
0.013315139109745078
0.013316789072479577
0.01331842120757824
0.013320035802374633
0.013321633138061681
0.013323213489854827
0.013324777127149974
0.013326324313676498
0.013327855307645402
0.013329370361892901
0.013330869724019506
0.013332353636524845
0.01333382233693831
0.013335276057945735
0.013336715027512188
0.0133381394690011
0.01333954960128975
0.013340945638881312
0.01334232779201357
0.01334369626676441
0.013345051265154144
0.013346392985244928
0.01334772162123717
0.013349037363563198
0.013350340398978193
0.0133516309106485
0.01335290907823742
0.013354175077988535
0.00838685254102676
0.008816363006333013
0.009183847753177736
0.009501237261532637
0.00977774253045548
0.010020538503300945
0.010235270071042735
0.010426423778715097
0.010597601229635257
0.01075172135378855
0.01089117125451507
0.011017919728758215
0.01113360350508107
0.011239593375351499
0.011337045376301404
0.011426940753555473
0.011510117432649881
0.0115872950030213
0.011659094704850312
0.011726055534909581
0.011788647314647481
0.011847281362761017
0.011902319265286098
0.011954080124537338
0.012002846583970012
0.012048869861993878
0.012092373978737664
0.012133559321963729
0.012172605668996162
0.012209674758612198
0.0122449124888399
0.012278450802370618
0.012310409309979412
0.01234089669330288
0.012370011921058563
0.012397845306924452
0.01242447943253903
0.012449989955205066
0.012474446316707043
0.01249791236704386
0.012520446914726414
0.012542104213506478
0.012562934393920849
0.012582983846797579
0.012602295564834871
0.01262090944749294
0.012638862573705348
0.012656189446295776
0.012672922211460302
0.012689090856227596
0.012704723386427742
0.012719845987374181
0.012734483169183144
0.012748657898414456
0.01276239171751032
0.01277570485332943
0.012788616315918804
0.012801143988531178
0.012813304709778787
0.012825114348712273
0.012836587873524673
0.012847739414502264
0.012858582321775953
0.01286912921836676
0.012879392048966331
0.01288938212484673
0.012899110165252796
0.012908586335593985
0.012917820282720417
0.012926821167539335
0.012935597695202736
0.012944158143074449
0.012952510386664656
0.012960661923702078
0.012968619896497748
0.012976391112740106
0.012983982064848236
0.012991398947998353
0.012998647676928425
0.013005733901616422
0.013012663021919169
0.013019440201251266
0.013026070379376743
0.013032558284379688
0.01303890844387479
0.013045125195513315
0.013051212696835748
0.01305717493451787
0.013063015733053466
0.01306873876291316
0.013074347548216016
0.01307984547394735
0.013085235792753834
0.013090521631344443
0.013095705996523672
0.013100791780881395
0.013105781768161923
0.013110678638333241
0.013115484972375637
0.013120203256807789
0.01312483588796686
0.013129385176058102
0.01313385334898827
0.01313824255599625
0.013142554871093204
0.0131467922963239
0.013150956764859868
0.01315505014393448
0.013159074237629253
0.013163030789520136
0.013166921485191857
0.013170747954628012
0.013174511774483949
0.01317821447024908
0.013181857518304918
0.013185442347884595
0.0131889703429393
0.013192442843916831
0.013195861149456985
0.013199226518008287
0.013202540169370334
0.01320580328616566
0.013209017015244868
0.013212182469028536
0.013215300726789204
0.013218372835876489
0.013221399812888321
0.013224382644790972
0.013227322289990528
0.013230219679358193
0.013233075717211787
0.01323589128225552
0.01323866722848021
0.013241404386025741
0.013244103562007732
0.013246765541310015
0.013249391087344652
0.01325198094278096
0.013254535830245096
0.013257056452991457
0.013259543495547333
0.013261997624331966
0.013264419488251229
0.013266809719269041
0.01326916893295653
0.01327149772902
0.013273796691808632
0.0132760663908028
0.013278307381083893
0.013280520203786426
0.013282705386533238
0.013284863443854494
0.013286994877591187
0.013289100177283821
0.01329117982054691
0.01329323427342985
0.013295263990764791
0.013297269416502028
0.01329925098403343
0.013301209116504398
0.013303144227114837
0.013305056719409594
0.013306946987558748
0.013308815416628228
0.0133106623828411
0.013312488253829892
0.013314293388880353
0.013316078139166965
0.013317842847980486
0.01331958785094793
0.01332131347624519
0.013323020044802628
0.013324707870503907
0.013326377260378306
0.013328028514786754
0.013329661927601889
0.01333127778638225
0.013332876372540943
0.013334457961508893
0.013336022822892944
0.01333757122062896
0.01333910341313013
0.01334061965343063
0.01334212018932484
0.013343605263502256
0.013345075113678249
0.01334652997272084
0.013347970068773592
0.013349395625374821
0.013350806861573177
0.013352203992039785
0.013353587227177041
0.013354956773224173
0.01335631283235968
0.013357655602800781
0.013358985278899943
0.013360302051238589
0.013361606106718125
0.013362897628648304
0.013364176796833094
0.013365443787654065
0.008393931932637072
0.008823773839502197
0.009191541156332276
0.00950917403282344
0.009785890846919287
0.01002887223840763
0.01024376754835097
0.010435066838669457
0.010606374522823276
0.010760611799563327
0.010900167621674634
0.011027012307313384
0.011142783846745254
0.011248854086427385
0.011346379950922417
0.011436343438306667
0.011519583115811232
0.011596819123297287
0.011668673175645888
0.011735684681103722
0.011798323819485694
0.011857002222996271
0.011912081753086362
0.01196388175497766
0.012012685087159735
0.012058743159071763
0.012102280161111196
0.01214349663328252
0.012182572489440229
0.01221966959114872
0.012254933947160741
0.012288497600270757
0.012320480251975154
0.012350990666320743
0.012380127887051872
0.012407982296296473
0.012434636538269445
0.012460166327591659
0.012484641158646993
0.012508124929789782
0.012530676494061001
0.012552350146287281
0.012573196054953165
0.012593260645998767
0.012612586944658215
0.012631214880583093
0.01264918156076084
0.012666521514117103
0.012683266911164604
0.01269944776161314
0.012715092092473474
0.012730226108861134
0.012744874339426032
0.012759059768093136
0.012772803953591767
0.012786127138071968
0.012799048345951244
0.01281158547400012
0.012823755373558192
0.012835573925669906
0.012847056109840587
0.012858216067034956
0.01286906715747226
0.012879622013711928
0.012889892589471
0.012899890204567927
0.012909625586346266
0.012919108907895417
0.012928349823353374
0.012937357500547867
0.01294614065120684
0.012954707558946675
0.01296306610522637
0.012971223793437875
0.012979187771286836
0.012986964851603413
0.01299456153171013
0.013001984011462008
0.01300923821006391
0.013016329781760623
0.013023264130486791
0.013030046423556192
0.013036681604463033
0.013043174404861668
0.013049529355785568
0.013055750798161292
0.013061842892668533
0.013067809628993217
0.013073654834516744
0.01307938218248102
0.01308499519966584
0.013090497273612146
0.013095891659422284
0.01310118148616579
0.013106369762917146
0.013111459384449946
0.013116453136610032
0.013121353701388533
0.013126163661714131
0.013130885505982553
0.013135521632339917
0.013140074352735377
0.013144545896757457
0.013148938415267387
0.013153253983841883
0.01315749460603692
0.013161662216483228
0.013165758683823591
0.01316978581350126
0.013173745350408219
0.013177638981401469
0.013181468337694877
0.0131852349971338
0.013188940486359043
0.013192586282866434
0.013196173816967804
0.013199704473658879
0.013203179594399142
0.013206600478808497
0.013209968386285263
0.013213284537549632
0.013216550116116676
0.013219766269702527
0.013222934111567303
0.013226054721798065
0.013229129148534847
0.013232158409142785
0.013235143491332991
0.013238085354234824
0.013240984929421992
0.013243843121894755
0.01324666081102045
0.013249438851434349
0.013252178073902804
0.013254879286150507
0.013257543273653593
0.013260170800400213
0.013262762609620133
0.013265319424484808
0.013267841948779323
0.01327033086754752
0.013272786847711531
0.013275210538666895
0.01327760257285441
0.013279963566309708
0.013282294119191629
0.0132845948162903
0.013286866227515811
0.013289108908368413
0.01329132340039094
0.013293510231604366
0.013295669916927103
0.013297802958578823
0.013299909846469418
0.013301991058573787
0.01330404706129299
0.013306078309802377
0.013308085248387218
0.0133100683107664
0.01331202792040461
0.013313964490813533
0.0133158784258425
0.013317770119959004
0.013319639958519532
0.01332148831803101
0.013323315566403359
0.013325122063193424
0.013326908159840651
0.013328674199894822
0.013330420519236183
0.013332147446288245
0.013333855302223523
0.013335544401162497
0.013337215050366107
0.013338867550421914
0.013340502195424271
0.013342119273148694
0.013343719065220604
0.013345301847278748
0.013346867889133385
0.013348417454919518
0.013349950803245303
0.013351468187335826
0.013352969855172432
0.013354456049627723
0.01335592700859642
0.013357382965122237
0.013358824147520872
0.013360250779499296
0.013361663080271416
0.013363061264670333
0.013364445543257185
0.013365816122426794
0.013367173204510205
0.013368516987874187
0.013369847667017832
0.013371165432666355
0.013372470471862172
0.013373762968053335
0.013375043101179467
0.013376311047755215
0.008400763549086757
0.008830925294094795
0.009198965288345845
0.009516833012775677
0.009793753965911069
0.01003691428456112
0.010251967604092532
0.010443407380193743
0.010614840738090423
0.010769191065873374
0.010908849101026047
0.011035786629661525
0.011151642859577062
0.011257790654898726
0.01135538779693749
0.011445417009878337
0.0115287174801818
0.011606009878863337
0.01167791637888528
0.011744976785562699
0.01180766162453063
0.01186638283052507
0.011921502530769647
0.011973340304888905
0.012022179218878316
0.012068270866518504
0.012111839602514468
0.012153086113782782
0.012192190445928373
0.012229314579003964
0.012264604628610487
0.012298192734140852
0.012330198684636586
0.012360731323669473
0.012389889767383967
0.012417764463961456
0.012444438118002433
0.012469986499439105
0.012494479153413243
0.012517980024941656
0.012540548010036352
0.012562237443160785
0.012583098529418656
0.01260317772863286
0.012622518097434334
0.012641159594609007
0.012659139354216024
0.012676491930369146
0.012693249517046382
0.012709442145844595
0.012725097864213667
0.012740242896377915
0.012754901788872078
0.012769097542378288
0.012782851731342752
0.012796184612671523
0.012809115224649443
0.012821661477091583
0.01283384023361929
0.012845667386850907
0.012857157927207995
0.01286832600595986
0.012879184993060887
0.01288974753027496
0.012900025580028535
0.012910030470387234
0.012919772936509786
0.012929263158896656
0.012938510798718555
0.012947525030481414
0.012956314572258886
0.012964887713701016
0.012973252342007312
0.012981415966034714
0.012989385738694598
0.012997168477778822
0.013004770685341678
0.01301219856575319
0.013019458042528728
0.013026554774030502
0.013033494168128216
0.013040281395898303
0.01304692140443456
0.013053418928836599
0.013059778503436991
0.013066004472322902
0.013072100999203343
0.013078072076668987
0.013083921534887754
0.01308965304977581
0.013095270150680516
0.013100776227608977
0.013106174538033236
0.013111468213300732
0.013116660264676474
0.013121753589041319
0.013126750974269063
0.013131655104303143
0.013136468563952425
0.013141193843423968
0.01314583334260951
0.013150389375141049
0.013154864172229996
0.013159259886303135
0.013163578594447922
0.01316782230167862
0.01317199294403408
0.013176092391517156
0.013180122450885146
0.01318408486830001
0.013187981331846461
0.01319181347392557
0.013195582873531052
0.013199291058414785
0.01320293950714789
0.013206529651083144
0.013210062876224234
0.013213540525006895
0.013216963897996856
0.013220334255508948
0.013223652819151738
0.013226920773301582
0.013230139266509846
0.013233309412846797
0.013236432293185487
0.013239508956428704
0.013242540420681927
0.013245527674375026
0.013248471677335321
0.013251373361814416
0.013254233633471129
0.0132570533723127
0.013259833433596296
0.0132625746486928
0.013265277825914655
0.013267943751309567
0.013270573189421604
0.01327316688402135
0.013275725558806472
0.013278249918074171
0.01328074064736675
0.01328319841409162
0.013285623868116849
0.01328801764234341
0.013290380353255186
0.01329271260144771
0.013295014972136605
0.013297288035646646
0.013299532347882264
0.013301748450780335
0.013303936872746027
0.013306098129072401
0.013308232722344538
0.0133103411428288
0.013312423868847852
0.013314481367142104
0.013316514093218084
0.013318522491684325
0.013320506996575276
0.01332246803166372
0.013324406010762216
0.013326321338013918
0.01332821440817333
0.013330085606877304
0.013331935310906703
0.013333763888439123
0.013335571699293015
0.013337359095163513
0.013339126419850352
0.013340874009478153
0.013342602192709368
0.013344311290950175
0.013346001618549604
0.013347673482992132
0.013349327185084013
0.01335096301913357
0.01335258127312568
0.013354182228890663
0.013355766162267798
0.013357333343263639
0.01335888403620536
0.013360418499889257
0.01336193698772465
0.013363439747873289
0.013364927023384477
0.01336639905232601
0.013367856067911138
0.013369298298621667
0.013370725968327316
0.013372139296401483
0.013373538497833551
0.01337492378333785
0.013376295359459354
0.013377653428676306
0.013378998189499787
0.013380329836570386
0.013381648560752081
0.013382954549223346
0.013384247985565704
0.01338552904984968
0.013386797918718336
0.008407360164451826
0.008837830742612234
0.009206134031917236
0.009524228523511365
0.00980134659152182
0.010044679680650483
0.010259885572817429
0.010451461000710975
0.01062301570801831
0.010777475196840604
0.01091723192795238
0.01104425910491427
0.011160197111162177
0.01126641979347484
0.011364085760432213
0.011454178437343619
0.011537537608592146
0.0116148844580712
0.011686841601062353
0.011753949226286347
0.011816678193299027
0.01187544072895812
0.011930599217114951
0.011982473463731321
0.012031346735168494
0.012077470803205485
0.012121070181201147
0.012162345697928987
0.012201477526210928
0.012238627760510903
0.01227394261960145
0.012307554336150028
0.012339582783730912
0.012370136882704472
0.012399315819123985
0.012427210104951458
0.012453902503095114
0.01247946883689528
0.012503978700505049
0.012527496083998061
0.012550079924878764
0.012571784595883527
0.012592660337475175
0.012612753642193471
0.012632107596985829
0.01265076218877001
0.012668754577745332
0.012686119342346956
0.012702888699210756
0.01271909270106753
0.012734759415102971
0.012749915083992662
0.012764584271540758
0.012778789994609933
0.01279255384282248
0.012805896087332704
0.012818835779815635
0.012831390842681995
0.012843578151412297
0.012855413609800519
0.01286691221880882
0.012878088139656529
0.01288895475169818
0.012899524705585395
0.012909809972154348
0.012919821887434055
0.01292957119412949
0.012939068079897172
0.012948322212698546
0.012957342773487939
0.012966138486466364
0.0129747176471099
0.012983088148161057
0.01299125750375369
0.012999232871825795
0.013007021074960191
0.01301462861978012
0.013022061715015253
0.013029326288343121
0.013036428002101707
0.01304337226796036
0.013050164260628692
0.01305680893067623
0.01306331101652929
0.013069675055706026
0.013075905395345463
0.013082006202081671
0.013087981471310135
0.013093835035889408
0.013099570574317893
0.01310519161842217
0.013110701560590639
0.013116103660583509
0.013121401051947743
0.01312659674806348
0.013131693647846351
0.013136694541128313
0.013141602113737945
0.013146418952299586
0.013151147548769303
0.013155790304724387
0.013160349535421789
0.013164827473639944
0.013169226273317325
0.01317354801300014
0.013177794699110776
0.013181968269047738
0.013186070594127146
0.013190103482375141
0.013194068681179958
0.01319796787981177
0.013201802711818008
0.013205574757301223
0.013209285545086134
0.013212936554782156
0.0132165292187472
0.013220064923958217
0.013223545013793627
0.013226970789732404
0.013230343512974373
0.013233664405985906
0.013236934653975008
0.013240155406299534
0.013243327777812019
0.013246452850144473
0.013249531672936181
0.013252565265007493
0.013255554615482303
0.013258500684861878
0.013261404406052394
0.013264266685348565
0.013267088403375505
0.013269870415990887
0.013272613555149321
0.013275318629730783
0.013277986426334865
0.013280617710042443
0.013283213225146289
0.013285773695852198
0.013288299826951847
0.013290792304468856
0.013293251796279219
0.013295678952707262
0.01329807440709831
0.013300438776369071
0.013302772661536733
0.01330507664822779
0.013307351307167425
0.013309597194650347
0.013311814852993903
0.013314004810974236
0.013316167584246173
0.013318303675747635
0.013320413576089176
0.013322497763929263
0.013324556706335982
0.013326590859135647
0.01332860066724892
0.013330586565014955
0.013332548976504047
0.01333448831581925
0.013336404987387446
0.01333829938624027
0.013340171898285295
0.01334202290056789
0.013343852761524128
0.013345661841225043
0.013347450491612676
0.013349219056728107
0.013350967872931916
0.013352697269117288
0.013354407566916023
0.013356099080897825
0.013357772118763028
0.013359426981529046
0.013361063963710808
0.013362683353495362
0.013364285432910851
0.013365870477990208
0.013367438758929526
0.013368990540241519
0.013370526080904176
0.013372045634504686
0.013373549449379019
0.013375037768747076
0.013376510830843782
0.013377968869046103
0.013379412111996222
0.013380840783721013
0.013382255103747864
0.013383655287217078
0.013385041544990896
0.013386414083759283
0.01338777310614261
0.01338911881079131
0.013390451392482596
0.013391771042214427
0.013393077947296673
0.013394372291439718
0.01339565425484049
0.013396924014266044
0.008413733690220571
0.008844502654541345
0.009213060332263545
0.00953137391998466
0.009808682434869705
0.01005218244997358
0.01026753575350999
0.010459242244319083
0.01063091419597632
0.010785479153083128
0.010925331241411342
0.011052445034020838
0.011168462050217334
0.011274757086191523
0.011372489549807727
0.011462643543782087
0.011546059430193788
0.01162345888846453
0.011695464961232303
0.011762618207653619
0.011825389809909177
0.011884192277096445
0.01193938824101316
0.011991297726301756
0.012040204192911227
0.01208635958459756
0.012129988568006438
0.012171292108969486
0.012210450503222055
0.01224762595576892
0.01228296478506406
0.012316599313894134
0.012348649497506546
0.012379224330452576
0.012408423066329416
0.012436336278722055
0.012463046786873981
0.012488630465726904
0.01251315695678725
0.012536690293661272
0.012559289453942205
0.01258100884734463
0.012601898748494315
0.012622005681541131
0.012641372762723386
0.012660040006139017
0.012678044597243213
0.01269542113796978
0.012712201866845959
0.01272841685702154
0.012744094194750394
0.012759260140535189
0.012773939274865271
0.01278815463023651
0.012801927810933884
0.012815279101877936
0.012828227567680914
0.012840791142923106
0.012852986714542998
0.012864830197132134
0.012876336601836718
0.012887520099489475
0.012898394078527112
0.012908971198188311
0.01291926343743448
0.012929282139988636
0.012939038055846714
0.01294854137957921
0.012957801785708569
0.012966828461419375
0.012975630136832724
0.012984215113053633
0.012992591288180103
0.013000766181444395
0.013008746955641071
0.013016540437981847
0.01302415313950435
0.013031591273150404
0.013038860770618919
0.013045967298089137
0.013052916270901516
0.013059712867275948
0.01306636204114011
0.013072868534134474
0.013079236886855018
0.013085471449389378
0.013091576391197745
0.013097555710385515
0.013103413242410863
0.013109152668267073
0.013114777522176073
0.013120291198827004
0.013125696960190829
0.013130997941939622
0.01313619715949712
0.013141297513744876
0.013146301796406773
0.013151212695132749
0.013156032798301211
0.013160764599558072
0.013165410502109141
0.013169972822781352
0.01317445379586716
0.013178855576765588
0.013183180245432248
0.013187429809650009
0.013191606208131043
0.013195711313460309
0.013199746934889867
0.013203714820992727
0.013207616662184434
0.013211454093119999
0.013215228694973297
0.01321894199760559
0.013222595481629469
0.013226190580373975
0.013229728681756397
0.013233211130065939
0.013236639227663945
0.013240014236605285
0.01324333738018512
0.013246609844414968
0.01324983277943189
0.013253007300844229
0.013256134491017271
0.013259215400301892
0.013262251048209123
0.013265242424533415
0.01326819049042717
0.013271096179428989
0.013273960398447977
0.01327678402870623
0.013279567926641608
0.013282312924772688
0.013285019832527785
0.01328768943703972
0.013290322503907995
0.013292919777929934
0.013295481983802246
0.01329800982679436
0.013300503993394941
0.013302965151932699
0.013305393953172803
0.013307791030889887
0.013310157002418836
0.01331249246918424
0.013314798017209563
0.013317074217606837
0.01331932162704786
0.013321540788217583
0.013323732230250563
0.013325896469151152
0.01332803400819819
0.013330145338334765
0.013332230938543799
0.013334291276209956
0.013336326807468522
0.01333833797754173
0.013340325221063137
0.013342288962390474
0.013344229615907475
0.013346147586315152
0.013348043268912878
0.013349917049869802
0.013351769306486856
0.01335360040744983
0.013355410713073815
0.013357200575539388
0.013358970339120825
0.013360720340406682
0.013362450908513058
0.01336416236528975
0.013365855025519673
0.013367529197111712
0.013369185181287303
0.013370823272760991
0.013372443759915136
0.01337404692496905
0.01337563304414274
0.013377202387815423
0.01337875522067911
0.013380291801887288
0.013381812385199043
0.013383317219118635
0.013384806547030826
0.013386280607331994
0.013387739633557279
0.01338918385450383
0.013390613494350348
0.013392028772773018
0.013393429905057938
0.013394817102210268
0.013396190571060052
0.013397550514364993
0.013398897130910144
0.013400230615604742
0.01340155115957618
0.013402858950261269
0.01340415417149492
0.013405437003596171
0.013406707623451884
0.008419895246840212
0.008850952671255893
0.009219756274882059
0.00953828167020733
0.009815774296467074
0.01005943568448119
0.010274931495490698
0.010466764689166578
0.010638549984815764
0.010793216901595536
0.010933161174887969
0.011060358701694747
0.011176452099405645
0.011282817082040073
0.011380613830157565
0.011470827101346243
0.011554297816163501
0.011631748133074826
0.01170380150785794
0.01177099885778196
0.011833811676919765
0.01189265274721936
0.011947884940176502
0.011999828491839431
0.012048767049304805
0.012094952722584429
0.01213861032651143
0.012179940959416045
0.012219125035858064
0.012256324867705748
0.0122916868697784
0.012325343451983873
0.012357414648525668
0.01238800952567785
0.012417227402334523
0.012445158911653651
0.012471886927339864
0.012497487374219619
0.012522029939577349
0.01254557869910372
0.012568192669147122
0.012589926295170157
0.01261082988482504
0.012630949992820172
0.01265032976371032
0.012669009237869379
0.012687025625168227
0.012704413550257565
0.01272120527282774
0.012737430885768248
0.012753118493766792
0.012768294374560056
0.012782983124767515
0.012797207791998153
0.01281098999471184
0.01282435003113741
0.012837306978393918
0.012849878782826384
0.012862082342450069
0.012873933582294907
0.012885447523352321
0.012896638345748643
0.012907519446700592
0.012918103493748254
0.012928402473707967
0.01293842773774077
0.012948190042891031
0.0129576995904132
0.012966966061172458
0.01297599864837638
0.012984806087869194
0.01299339668619761
0.01300177834663694
0.013009958593348244
0.013017944593821093
0.013025743179742096
0.013033360866416412
0.0130408038708579
0.013048078128653065
0.01305518930969461
0.013062142832871982
0.013068943879798574
0.013075597407648486
0.013082108161169434
0.013088480683932825
0.013094719328876805
0.01310082826819367
0.013106811502608581
0.013112672870092856
0.013118416054051642
0.013124044591022541
0.013129561877918902
0.013134971178848886
0.01314027563153899
0.013145478253388548
0.013150581947179649
0.01315558950646515
0.013160503620655767
0.01316532687982561
0.013170061779254224
0.013174710723721774
0.013179276031572928
0.013183759938563813
0.013188164601505396
0.013192492101715811
0.013196744448293147
0.013200923581219543
0.013205031374306588
0.013209069637991469
0.013213040121992571
0.013216944517832703
0.0132207844612376
0.013224561534416824
0.01322827726823371
0.013231933144270637
0.013235530596795463
0.013239071014634554
0.013242555742957587
0.013245986084978918
0.013249363303580026
0.013252688622857282
0.013255963229598985
0.013259188274695483
0.013262364874485785
0.013265494112044057
0.013268577038409095
0.013271614673759632
0.013274608008538361
0.013277558004527163
0.013280465595876034
0.013283331690088024
0.013286157168962347
0.013288942889497744
0.013291689684758011
0.013294398364701553
0.013297069716976678
0.013299704507684272
0.01330230348210941
0.013304867365423387
0.013307396863357506
0.013309892662849987
0.013312355432667214
0.01331478582400051
0.013317184471039554
0.013319551991523489
0.01332188898727076
0.01332419604468858
0.013326473735262977
0.013328722616030287
0.013330943230030829
0.01333313610674566
0.013335301762517036
0.013337440700953348
0.013339553413319185
0.013341640378911106
0.013343702065419846
0.013345738929279358
0.013347751416003433
0.01334973996051023
0.01335170498743535
0.01335364691143388
0.013355566137471821
0.013357463061107407
0.013359338068762643
0.013361191537985517
0.013363023837703238
0.013364835328466839
0.01336662636268749
0.013368397284864901
0.01337014843180803
0.013371880132848466
0.01337359271004676
0.013375286478391936
0.013376961745994497
0.013378618814273109
0.013380257978135293
0.013381879526152236
0.01338348374072804
0.013385070898263574
0.013386641269315092
0.013388195118747916
0.013389732705885223
0.013391254284652243
0.01339276010371596
0.013394250406620484
0.0133957254319183
0.013397185413297442
0.013398630579704876
0.013400061155466087
0.013401477360401084
0.013402879409936942
0.013404267515216957
0.013405641883206615
0.013407002716796353
0.013408350214901396
0.013409684572558592
0.013411005981020466
0.013412314627846577
0.013413610696992172
0.013414894368894363
0.013416165820555824
0.008425855228263671
0.008857191673589771
0.009226233155703752
0.009544963427624701
0.00982263414052829
0.01006645162077817
0.010282085275912768
0.010474041026278727
0.010645935956885493
0.01080070149683443
0.010940734938447539
0.011068013459345513
0.011184180739069825
0.01129061337943458
0.011388472308409597
0.011478742917025511
0.011562266666042716
0.011639766177294585
0.011711865306179233
0.0117791053163597
0.011841958003594843
0.01190083641375456
0.011956103650188833
0.012008080153433747
0.012057049751609449
0.012103264715543067
0.012146950003405904
0.012188306841690949
0.012227515759894062
0.012264739173249982
0.012300123589789902
0.01233380150369192
0.012365893025531878
0.012396507290959586
0.01242574368202928
0.01245369288952243
0.012480437839822627
0.01250605450600864
0.012530612619644886
0.012554176297129259
0.012576804592297075
0.012598551985189149
0.012619468815403379
0.012639601667206693
0.012658993712543693
0.012677685017204371
0.012695712814676312
0.012713111751583735
0.01272991410808753
0.012746149996170948
0.012761847538352286
0.012777033029038272
0.012791731080450681
0.012805964754817037
0.012819755684308237
0.01283312418002591
0.012846089331186646
0.012858669095515191
0.012870880381741133
0.012882739124991171
0.012894260355779797
0.012905458263222811
0.012916346253029638
0.012926937000770102
0.012937242500858417
0.01294727411165026
0.012957042597007765
0.01296655816465061
0.012975830501579152
0.012984868806826864
0.012993681821773819
0.013002277858230339
0.013010664824479629
0.013018850249450258
0.013026841305173162
0.013034644827663408
0.013042267336354035
0.013049715052197684
0.013056993914541223
0.013064109596869322
0.013071067521504259
0.01307787287334188
0.013084530612696477
0.013091045487321333
0.013097422043665895
0.013103664637425561
0.013109777443435321
0.013115764464954365
0.013121629542384902
0.013127376361465047
0.013133008460972276
0.01313852923997136
0.013143941964637716
0.013149249774685047
0.013154455689423632
0.013159562613473891
0.013164573342157824
0.013169490566589285
0.01317431687848261
0.013179054774697507
0.013183706661536976
0.013188274858813768
0.013192761603699763
0.013197169054371682
0.013201499293465587
0.013205754331351755
0.013209936109240724
0.013214046502130573
0.013218087321604847
0.013222060318489808
0.0132259671853793
0.013229809559034751
0.013233589022667507
0.013237307108110183
0.013240965297883224
0.013244565027162578
0.013248107685653926
0.013251594619378616
0.013255027132376102
0.013258406488327424
0.01326173391210393
0.0132650105912453
0.013268237677370513
0.01327141628752532
0.013274547505469591
0.013277632382907502
0.013280671940663662
0.013283667169807788
0.013286619032730637
0.013289528464173595
0.013292396372214212
0.013295223639209944
0.013298011122702052
0.013300759656281722
0.013303470050420093
0.013306143093264085
0.013308779551399561
0.0133113801705834
0.013313945676445949
0.013316476775165256
0.0133189741541144
0.013321438482483103
0.01332387041187491
0.01332627057688095
0.01332863959563141
0.013330978070325687
0.013333286587742191
0.013335565719728715
0.01333781602367419
0.013340038042962682
0.013342232307410409
0.013344399333686467
0.013346539625718024
0.013348653675080634
0.01335074196137425
0.013352804952585638
0.01335484310543767
0.013356856865726135
0.013358846668644484
0.013360812939097105
0.01336275609200154
0.013364676532580132
0.013366574656641478
0.013368450850852183
0.013370305492999203
0.013372138952243269
0.013373951589363612
0.01337574375699448
0.013377515799853624
0.013379268054963186
0.013381000851863209
0.013382714512818094
0.013384409353016229
0.013386085680763129
0.013387743797668251
0.01338938399882577
0.013391006572989516
0.013392611802742342
0.013394199964660052
0.013395771329470152
0.013397326162205597
0.013398864722353705
0.013400387264000415
0.013401894035970103
0.01340338528196102
0.013404861240676637
0.013406322145952897
0.013407768226881672
0.01340919970793042
0.01341061680905828
0.01341201974582867
0.013413408729518534
0.013414783967224331
0.013416145661964928
0.01341749401278143
0.01341882921483413
0.013420151459496604
0.013421460934447108
0.013422757823757318
0.013424042307978553
0.013425314564225502
0.008431623360281994
0.008863229842904358
0.009232501544492414
0.00955143009652312
0.00982927316212297
0.01007324170880691
0.010289008769796937
0.01048108313079385
0.010653084166343
0.010807945153996438
0.010948064892887818
0.011075421800024923
0.011191660582902826
0.011298158702545875
0.011396077810269606
0.011486403910151988
0.011569978985763237
0.011647526107385321
0.011719669517169934
0.011786950814020952
0.011849842085669603
0.011908756633409985
0.01196405778498111
0.012016066178822823
0.012065065818250197
0.012111309129727755
0.012155021210149781
0.01219640341004543
0.012235636370145908
0.012272882605724256
0.01230828871502229
0.012341987273775033
0.012374098466471608
0.012404731495903803
0.01243398580525236
0.012461952141066868
0.01248871348071372
0.012514345843970369
0.012538919005255462
0.012562497120363437
0.01258513927940951
0.012606899995899357
0.012627829640347976
0.012647974825629073
0.012667378750195184
0.012686081504434055
0.012704120344689545
0.01272152993885188
0.012738342586893398
0.012754588419276298
0.012770295575775362
0.012785490366930628
0.012800197420063782
0.012814439811550202
0.012828239186830355
0.012841615869464161
0.012854588960376235
0.012867176428304646
0.01287939519234831
0.01289126119740561
0.01290278948320747
0.012913994247569715
0.01292488890442101
0.012935486137102395
0.012945797947381307
0.012955835700576413
0.01296561016714809
0.012975131561073069
0.012984409575289348
0.012993453414468708
0.013002271825348823
0.01301087312483415
0.01301926522605453
0.013027455662552551
0.013035451610754277
0.013043259910863872
0.013050887086309346
0.013058339361855282
0.01306562268048786
0.01307274271916803
0.013079704903540398
0.013086514421677558
0.013093176236932895
0.013099695099968466
0.013106075560019107
0.013112321975448683
0.013118438523649783
0.013124429210334038
0.013130297878256293
0.01313604821541248
0.013141683762747854
0.013147207921409325
0.013152623959573017
0.013157935018875836
0.013163144120477487
0.013168254170777532
0.013173267966810133
0.013178188201337468
0.013183017467661273
0.01318775826417054
0.013192412998642076
0.013196983992309438
0.013201473483714674
0.013205883632356294
0.013210216522145851
0.013214474164684836
0.013218658502372645
0.013222771411355642
0.013226814704326807
0.013230790133184622
0.013234699391559478
0.013238544117215138
0.013242325894332493
0.013246046255682216
0.013249706684692608
0.013253308617418483
0.013256853444416525
0.013260342512532322
0.01326377712660386
0.013267158551085985
0.013270488011600096
0.013273766696413041
0.013276995757848964
0.013280176313637624
0.01328330944820249
0.013286396213891723
0.013289437632154984
0.013292434694668842
0.013295388364413324
0.01329829957670215
0.013301169240168893
0.013303998237711261
0.013306787427395581
0.013309537643323422
0.013312249696462167
0.013314924375441297
0.013317562447316033
0.013320164658299858
0.013322731734467394
0.013325264382429057
0.013327763289978771
0.013330229126715979
0.013332662544643166
0.013335064178739992
0.01333743464751508
0.013339774553536528
0.013342084483941998
0.013344365010929378
0.013346616692228853
0.013348840071557178
0.013351035679054917
0.013353204031707502
0.013355345633750609
0.013357460977060743
0.013359550541531474
0.013361614795436077
0.013363654195777043
0.013365669188623069
0.01336766020943404
0.013369627683374474
0.013371572025615926
0.013373493641628811
0.013375392927464043
0.013377270270024942
0.013379126047329742
0.01338096062876517
0.013382774375331325
0.013384567639878327
0.013386340767334966
0.013388094094929696
0.013389827952404305
0.013391542662220467
0.013393238539759532
0.013394915893515748
0.013396575025283209
0.013398216230336732
0.013399839797606923
0.013401446009849619
0.013403035143809933
0.013404607470381105
0.013406163254758328
0.013407702756587772
0.01340922623011092
0.013410733924304457
0.013412226083015826
0.013413702945094617
0.013415164744519922
0.01341661171052384
0.013418044067711247
0.013419462036175929
0.013420865831613256
0.013422255665429504
0.013423631744847916
0.013424994273011623
0.01342634344908358
0.013427679468343539
0.013429002522282227
0.01343031279869278
0.013431610481759563
0.013432895752144399
0.013434168787070416
0.008437208753329015
0.008869076716368758
0.009238571342235557
0.00955769189123877
0.009835701847965058
0.0100798166740215
0.010295712913428848
0.01048790212644825
0.010660005904612305
0.0108149593153513
0.010955162616863412
0.011082595426270193
0.011198903446446671
0.011305464970400803
0.01140344234987238
0.011493822182560356
0.011577446958277834
0.01165504018154477
0.011727226469010817
0.011794547744197427
0.011857476377556027
0.01191642591771087
0.011971759909679424
0.012023799183533995
0.01207282791223287
0.012119098672946017
0.012162836696894747
0.012204243454713826
0.01224349969484489
0.012280768029429165
0.012316195144060453
0.012349913693446221
0.012382043933646664
0.012412695132467884
0.012441966792280088
0.012469949713633773
0.012496726923262522
0.01252237448616264
0.012546962218249
0.012570554313464152
0.01259320989705354
0.012614983514927226
0.012635925567537572
0.01265608269545855
0.01267549812281061
0.012694211963799773
0.01271226149690189
0.01272968141059929
0.01274650402404794
0.01276275948560342
0.01277847595175015
0.012793679748650226
0.012808395518246744
0.01282264635061461
0.012836453904043348
0.012849838514156386
0.012862819293215342
0.012875414220622605
0.012887640225517829
0.012899513262261422
0.012911048379508681
0.012922259783499755
0.012933160896122101
0.012943764408241694
0.012954082328746196
0.012964126029696595
0.01297390628794242
0.01298343332351919
0.012992716835114371
0.013001766032859383
0.013010589668679724
0.013019196064412548
0.013027593137880773
0.01303578842709476
0.013043789112736444
0.013051602039066322
0.013059233733380776
0.013066690424135562
0.013073978057840812
0.013081102314823616
0.013088068623945615
0.013094882176355491
0.013101547938349403
0.013108070663406022
0.0131144549034573
0.013120705019451003
0.013126825191256271
0.013132819426959466
0.013138691571593503
0.013144445315340605
0.013150084201245093
0.013155611632470036
0.013161030879128871
0.013166345084720758
0.013171557272196224
0.013176670349677587
0.013181687115856924
0.013186610265092491
0.013191442392223128
0.013196185997118652
0.013200843488982969
0.013205417190425416
0.013209909341314798
0.013214322102429513
0.01321865755891619
0.013222917723568532
0.013227104539937109
0.013231219885280178
0.013235265573365
0.013239243357128302
0.01324315493120417
0.01324700193432694
0.013250785951616325
0.013254508516751331
0.013258171114039353
0.0132617751803862
0.0132653221071726
0.013268813242042269
0.013272249890606418
0.013275633318069179
0.013278964750778232
0.013282245377704532
0.013285476351855074
0.013288658791621926
0.013291793782071133
0.013294882376174433
0.013297925595986743
0.013300924433772232
0.013303879853081537
0.01330679278978258
0.01330966415304732
0.01331249482629661
0.0133152856681052
0.013318037513068877
0.01332075117263553
0.013323427435901914
0.013326067070377739
0.013328670822718606
0.013331239419429354
0.013333773567539056
0.013336273955249146
0.0133387412525558
0.013341176111847805
0.013343579168481036
0.013345951041330573
0.013348292333321517
0.013350603631939396
0.013352885509721114
0.013355138524727288
0.013357363220996801
0.013359560128984323
0.013361729765981559
0.013363872636522937
0.01336598923277637
0.013368080034919752
0.01337014551150378
0.01337218611980169
0.013374202306146459
0.013376194506255962
0.013378163145546584
0.013380108639435862
0.013382031393634412
0.013383931804427793
0.013385810258948534
0.013387667135438824
0.013389502803504212
0.01339131762435868
0.013393111951061375
0.01339488612874543
0.013396640494839088
0.013398375379279466
0.013400091104719286
0.013401787986726726
0.013403466333978795
0.013405126448448372
0.01340676862558519
0.013408393154491036
0.013410000318089237
0.01341159039328886
0.013413163651143619
0.013414720357005812
0.013416260770675419
0.013417785146544535
0.013419293733737347
0.013420786776245749
0.013422264513060816
0.01342372717830025
0.01342517500133195
0.013426608206893838
0.01342802701521009
0.013429431642103846
0.013430822299106622
0.013432199193564403
0.013433562528740672
0.013434912503916357
0.013436249314486889
0.013437573152056438
0.01343888420452938
0.013440182656199182
0.013441468687834697
0.013442742476764021
0.008442619950359418
0.008874741237082404
0.009244451833180636
0.00956375838984211
0.009841930031530001
0.010086186573760744
0.01030220796184107
0.010494508444044304
0.010666711759734097
0.01082175471038551
0.010962038967746885
0.011089545311616735
0.011205920409199663
0.01131254335953379
0.011410577192933619
0.011501009082201162
0.011584682007600211
0.011662319894342656
0.01173454772189362
0.01180190772826565
0.011864872557810865
0.011923855998768159
0.0119792218066554
0.012031290997199323
0.012080347907709354
0.012126645261359592
0.012170408419507991
0.012211838969148191
0.012251117763072177
0.012288407507267524
0.012323854971955012
0.01235759288835099
0.012389741581854016
0.012420410383256347
0.012449698852271221
0.012477697841765435
0.012504490426299742
0.012530152714678656
0.0125547545630188
0.012578360202220756
0.012601028791564299
0.012622814908353
0.012643768982042669
0.012663937680043414
0.012683364251342887
0.012702088833222342
0.012720148725599203
0.012737578636905512
0.012754410904882427
0.012770675695220713
0.012786401180593154
0.012801613702296561
0.012816337916439328
0.012830596926368508
0.012844412402821852
0.012857804693109973
0.012870792920477818
0.012883395074659418
0.012895628094521933
0.012907507943592626
0.012919049679172758
0.012930267515664
0.012941174882664334
0.01295178447832991
0.012962108318446495
0.012972157781607069
0.012981943650851008
0.012991476152083596
0.013000764989562413
0.013009819378708199
0.01301864807647244
0.013027259409471116
0.013035661300073803
0.013043861290619265
0.013051866565912545
0.013059683974143928
0.013067320046357508
0.013074781014585032
0.013082072828750683
0.01308920117244267
0.013096171477639307
0.0131029889384694
0.013109658524080102
0.013116184990678806
0.013122572892810453
0.013128826593926095
0.013134950276294185
0.013140947950301712
0.013146823463188611
0.013152580507255176
0.013158222627579328
0.013163753229277394
0.013169175584339683
0.013174492838069523
0.013179708015152385
0.013184824025379613
0.013189843669049475
0.01319476964206651
0.013199604540758716
0.013204350866430539
0.013209011029668455
0.01321358735441467
0.013218082081823363
0.013222497373912883
0.013226835317026418
0.013231097925112676
0.013235287142837483
0.013239404848536328
0.013243452857017227
0.013247432922222763
0.013251346739759402
0.013255195949301787
0.01325898213687915
0.013262706837050506
0.01326637153497491
0.013269977668382631
0.013273526629452729
0.013277019766602144
0.013280458386191194
0.01328384375414993
0.013287177097529627
0.013290459605983438
0.013293692433179849
0.013296876698152604
0.013300013486590281
0.013303103852068732
0.013306148817229246
0.013309149374905273
0.013312106489200247
0.013315021096519015
0.013317894106555124
0.013320726403236248
0.013323518845629696
0.013326272268810061
0.01332898748469075
0.013331665282821212
0.013334306431151459
0.013336911676765444
0.013339481746584773
0.01334201734804413
0.01334451916973974
0.013346987882052144
0.013349424137744374
0.013351828572536785
0.013354201805659483
0.013356544440383436
0.013358857064531184
0.013361140250968066
0.01336339455807483
0.01336562053020244
0.013367818698109858
0.013369989579385537
0.013372133678853308
0.013374251488963419
0.013376343490169203
0.013378410151290134
0.013380451929861759
0.01338246927247307
0.01338446261509188
0.013386432383378612
0.013388378992989083
0.013390302849866639
0.013392204350524146
0.0133940838823162
0.013395941823701955
0.01339777854449897
0.013399594406128413
0.013401389761851954
0.013403164957000693
0.013404920329196417
0.013406656208565508
0.013408372917945745
0.013410070773086322
0.013411750082841296
0.013413411149356763
0.013415054268251923
0.013416679728794376
0.013418287814069743
0.013419878801145917
0.01342145296123208
0.01342301055983274
0.013424551856896883
0.013426077106962527
0.013427586559296746
0.013429080458031376
0.013430559042294577
0.013432022546338337
0.013433471199662112
0.013434905227132726
0.013436324849100664
0.013437730281512865
0.013439121736022162
0.013440499420093472
0.013441863537106856
0.01344321428645755
0.013444551863653058
0.013445876460407439
0.013447188264732846
0.013448487461028443
0.01344977423016677
0.013451048749577633
0.008447864970327965
0.008880231799592445
0.009250151732090203
0.00956963858288972
0.009847966943107597
0.010092360848441354
0.01030850354101339
0.010500911874546123
0.01067321167026242
0.01082834141041955
0.010968704136897447
0.011096281756458642
0.011212721871016665
0.011319404360881486
0.011417492914098867
0.011507975260908678
0.011591694856960377
0.011669376035235513
0.011741644126870152
0.011809041674707761
0.011872041588587762
0.011931057889003468
0.0119864545355072
0.012038552723777372
0.012087636950426172
0.01213396008014701
0.012177747600437067
0.012219201211074622
0.012258501865996682
0.012295812362154473
0.012331279551796252
0.012365036240297098
0.012397202820264063
0.012427888683540795
0.012457193445422135
0.012485208009484178
0.012512015496645707
0.012537692058173799
0.012562307589151913
0.012585926356303425
0.012608607551896996
0.012630405783665387
0.01265137150917693
0.012671551421853555
0.012690988794786237
0.012709723787622671
0.012727793721063217
0.012745233322876835
0.012762074948818978
0.012778348781383102
0.012794083008933102
0.0128093039874356
0.012824036386729156
0.012838303323025296
0.012852126479127623
0.012865526213674913
0.012878521660558091
0.01289113081952545
0.012903370638872858
0.012915257091012853
0.012926805241627072
0.012938029313028024
0.012948942742287334
0.012959558234627421
0.012969887812520255
0.012979942860890171
0.012989734168776235
0.012999271967773205
0.013008565967537678
0.013017625388617239
0.013026458992834972
0.01303507511143889
0.013043481671205556
0.0130516862186692
0.013059695942631299
0.013067517695091244
0.01307515801072568
0.013082623125032538
0.013089918991245156
0.013097051296112695
0.013104025474634406
0.013110846723827693
0.013117520015603094
0.013124050108812926
0.013130441560534856
0.013136698736646331
0.013142825821741392
0.013148826828437012
0.013154705606112335
0.013160465849120678
0.013166111104511082
0.013171644779293142
0.013177070147276378
0.013182390355512873
0.01318760843036975
0.013192727283256107
0.013197749716027062
0.013202678426085948
0.013207516011204165
0.013212264974076725
0.013216927726630212
0.013221506594098759
0.013226003818882424
0.013230421564201424
0.013234761917558747
0.013239026894022631
0.013243218439339916
0.013247338432890207
0.013251388690490317
0.013255370967057784
0.013259286959141595
0.0132631383073278
0.01326692659852723
0.01327065336815186
0.013274320102186252
0.013277928239159818
0.013281479172025414
0.013284974249949458
0.013288414780018364
0.013291802028865797
0.013295137224225038
0.013298421556410443
0.013301656179731705
0.01330484221384452
0.013307980745040873
0.013311072827482173
0.01331411948437808
0.013317121709113831
0.013320080466328682
0.01332299669294789
0.01332587129917059
0.013328705169415703
0.013331499163227973
0.013334254116146084
0.013336970840534656
0.013339650126381938
0.013342292742064717
0.01334489943508213
0.013347470932759758
0.01335000794292543
0.013352511154558048
0.013354981238410696
0.013357418847609165
0.013359824618227085
0.013362199169838686
0.013364543106050182
0.01336685701501077
0.013369141469904137
0.01337139702942133
0.013373624238215805
0.013375823627341476
0.013377995714674407
0.01338014100531897
0.013382259991999056
0.01338435315543499
0.013386420964706755
0.013388463877604145
0.013390482340964327
0.013392476790997362
0.013394447653600206
0.013396395344659653
0.013398320270344617
0.013400222827388298
0.013402103403360533
0.013403962376930773
0.013405800118122077
0.013407616988556439
0.01340941334169183
0.01341118952305123
0.013412945870444034
0.013414682714180061
0.01341640037727648
0.013418099175657925
0.01341977941835008
0.013421441407666917
0.013423085439391906
0.013424711802953376
0.013426320781594246
0.013427912652536355
0.013429487687139592
0.013431046151055975
0.013432588304378941
0.013434114401787937
0.013435624692688532
0.013437119421348221
0.013438598827028029
0.013440063144110101
0.013441512602221407
0.013442947426353727
0.013444367836979967
0.013445774050167055
0.013447166277685423
0.013448544727115269
0.013449909601949653
0.0134512611016946
0.013452599421966239
0.013453924754585147
0.01345523728766795
0.013456537205716268
0.01345782468970313
0.013459099917156929
0.008452951347733927
0.00888555629129184
0.00925567922722036
0.009575340917763943
0.009853821255324871
0.010098348368117965
0.01031460869534868
0.010507121617369757
0.010679514974283339
0.010834728878281893
0.01097516769992747
0.011102814438853331
0.011219317603404711
0.011326057831527918
0.011424199449101856
0.011514730726940222
0.011598495581696382
0.011676218741785316
0.011748525879374971
0.011815959832917649
0.0118789937697083
0.011938041935468229
0.011993468487611535
0.0120455947963242
0.012094705512701753
0.012141053638675504
0.012184864784065722
0.01222634075802325
0.012265662612570127
0.012302993232869278
0.012338479550714829
0.012372254443397054
0.012404438368698199
0.012435140777666304
0.012464461339496268
0.01249249100693936
0.012519312945869915
0.01254500334873292
0.012569632148399797
0.012593263646332951
0.012615957066791895
0.012637767047017998
0.012658744071841616
0.012678934859909537
0.01269838270768687
0.012717127796511074
0.012735207467236694
0.012752656466384588
0.012769507167179527
0.012785789768409302
0.012801532473654207
0.01281676165310687
0.012831501989920628
0.012845776612782281
0.012859607216196247
0.01287301416978677
0.012886016617768637
0.012898632569601467
0.01291087898272457
0.012922771838166945
0.012934326209737078
0.012945556327418974
0.012956475635531817
0.012967096846150494
0.012977431988230908
0.01298749245283719
0.012997289034826597
0.013006831971311233
0.013016130977183366
0.01302519527796232
0.0130340336401954
0.013042654399622508
0.01305106548729388
0.013059274453812277
0.013067288491854703
0.013075114457114404
0.013082758887790707
0.01309022802274283
0.013097527818413168
0.013104663964616209
0.01311164189928074
0.013118466822225366
0.01312514370804042
0.013131677318143131
0.013138072212067243
0.0131443327580432
0.013150463142920288
0.013156467381477986
0.01316234932516993
0.013168112670340343
0.013173760965949759
0.013179297620843768
0.013184725910596062
0.01319004898395456
0.013195269868917172
0.013200391478461804
0.013205416615953324
0.013210347980248512
0.013215188170518512
0.013219939690806825
0.013224604954339598
0.013229186287603802
0.013233685934207685
0.01323810605853699
0.013242448749219392
0.0132467160224088
0.013250909824900353
0.013255032037086192
0.01325908447576141
0.013263068896789004
0.013266986997631954
0.013270840419760168
0.013274630750939377
0.013278359527408731
0.013282028235953328
0.013285638315877518
0.013289191160884561
0.013292688120867681
0.013296130503617422
0.013299519576449769
0.01330285656775938
0.013306142668501808
0.013309379033608557
0.013312566783338448
0.013315707004568637
0.013318800752028365
0.01332184904947846
0.013324852890839255
0.013327813241269621
0.013330731038199498
0.013333607192318294
0.013336442588521312
0.013339238086816287
0.013341994523191956
0.01334471271045052
0.01334739343900572
0.013350037477648232
0.013352645574279804
0.013355218456617777
0.01335775683287123
0.013360261392390162
0.01336273280628892
0.01336517172804509
0.013367578794074901
0.013369954624286275
0.013372299822610536
0.013374614977513662
0.013376900662488051
0.013379157436525655
0.013381385844573284
0.013383586417970869
0.013385759674873394
0.013387906120657276
0.013390026248311777
0.013392120538816128
0.013394189461502948
0.01339623347440859
0.013398253024610871
0.013400248548554781
0.013402220472366663
0.013404169212157278
0.0134060951743143
0.013407998755784594
0.013409880344346724
0.013411740318874078
0.013413579049588998
0.013415396898308226
0.01341719421868009
0.01341897135641366
0.013420728649500252
0.013422466428427572
0.01342418501638675
0.013425884729472568
0.013427565876877122
0.013429228761077203
0.013430873678015567
0.013432500917276415
0.013434110762255196
0.013435703490323053
0.013437279372986001
0.013438838676039132
0.013440381659715946
0.01344190857883304
0.013443419682930302
0.01344491521640677
0.013446395418652316
0.013447860524175301
0.013449310762726367
0.013450746359418442
0.013452167534843174
0.013453574505183842
0.013454967482324921
0.013456346673958395
0.013457712283686907
0.013459064511123919
0.013460403551990904
0.013461729598211741
0.013463042838004351
0.013464343455969715
0.013465631633178321
0.013466907547254148
0.008457886168639784
0.008890722130126351
0.009261042019467177
0.009580873339059059
0.009859501124609931
0.010104157474891549
0.010320531930915516
0.010513146324367489
0.010685630454062725
0.010840926013553602
0.010981438662486718
0.011109152460796006
0.011225716796244546
0.011332513041835515
0.01143070614227186
0.011521284892830545
0.011605093657429646
0.011682857548132551
0.011755202567975317
0.011822671842209118
0.011885738787911455
0.01194481786931916
0.012000273435811218
0.01205242702688032
0.012101563443501249
0.012147935820753086
0.012191769887133587
0.012233267557906487
0.012272609980255622
0.012309960124926616
0.012345465000888747
0.012379257555204163
0.012411458308887874
0.012442176770427821
0.01247151266131258
0.012499556982002986
0.012526392941989112
0.012552096773666619
0.012576738446568671
0.012600382295861372
0.012623087576841658
0.012644908955380025
0.01266589694275638
0.012686098282090573
0.012705556292525212
0.01272431117644109
0.012742400294246281
0.012759858410654676
0.012776717915839696
0.012793009024397861
0.012808759954672361
0.012823997090657832
0.012838745128425578
0.012853027208765855
0.012866865037535181
0.012880278995015843
0.012893288235438834
0.012905910777685643
0.01291816358806653
0.012930062655970145
0.012941623063089625
0.012952859046851825
0.012963784058607479
0.012974410817079727
0.012984751357515159
0.01299481707693471
0.013004618775840436
0.01301416669669734
0.01302347055947732
0.01303253959452327
0.013041382572965915
0.013050007834903177
0.013058423315531581
0.013066636569401165
0.013074654792948974
0.013082484845452002
0.01309013326852727
0.013097606304295113
0.013104909912311342
0.013112049785364403
0.013119031364225322
0.013125859851430409
0.013132540224169934
0.013139077246349575
0.013145475479885977
0.01315173929529245
0.013157872881606296
0.01316388025570506
0.01316976527105504
0.01317553162593204
0.013181182871151106
0.013186722417339095
0.013192153541781309
0.013197479394870957
0.013202703006188133
0.013207827290232791
0.013212855051834557
0.013217788991260335
0.0132226317090393
0.013227385710523249
0.013232053410199167
0.013236637135769523
0.013241139132014745
0.01324556156445135
0.013249906522798203
0.013254176024262515
0.013258372016656486
0.013262496381354617
0.013266550936101122
0.013270537437676273
0.013274457584429817
0.01327831301868916
0.013282105329049467
0.013285836052552413
0.013289506676759747
0.013293118641727695
0.01329667334188755
0.013300172127837668
0.013303616308051732
0.01330700715050773
0.013310345884241973
0.01331363370083211
0.013316871755812917
0.013320061170028371
0.01332320303092335
0.013326298393778007
0.013329348282887912
0.013332353692692558
0.01333531558885493
0.013338234909294602
0.01334111256517665
0.013343949441858578
0.0133467463997973
0.0133495042754182
0.013352223881947994
0.013354906010213267
0.013357551429406226
0.013360160887819243
0.013362735113549736
0.013365274815176669
0.013367780682410077
0.013370253386714829
0.013372693581909793
0.013375101904743582
0.01337747897544789
0.013379825398269447
0.013382141761981567
0.013384428640376166
0.013386686592737135
0.01338891616429589
0.013391117886669846
0.013393292278284615
0.013395439844780532
0.013397561079404333
0.013399656463386431
0.013401726466304558
0.013403771546434275
0.013405792151086872
0.013407788716935282
0.013409761670328368
0.013411711427594224
0.01341363839533273
0.013415542970698061
0.013417425541671284
0.013419286487323653
0.013421126178070848
0.013422944975918557
0.013424743234699792
0.013426521300304157
0.013428279510899479
0.01343001819714605
0.013431737682403772
0.0134334382829325
0.01343512030808579
0.013436784060498391
0.013438429836267606
0.013440057925128856
0.013441668610625582
0.013443262170273775
0.013444838875721227
0.013446398992901825
0.013447942782184977
0.01344947049852033
0.01345098239157809
0.013452478705884915
0.013453959680955693
0.013455425551421235
0.013456876547152158
0.01345831289337895
0.013459734810808442
0.013461142515736803
0.013462536220159157
0.013463916131875933
0.013465282454596106
0.013466635388037357
0.013467975128023372
0.013469301866578248
0.013470615792018182
0.013471917089040563
0.013473205938810417
0.01347448251904449
0.008462676103525317
0.008895736298988545
0.00926624735807358
0.009586243325418953
0.009865014229012556
0.010109796021591604
0.010326281254891214
0.010518994139947346
0.010691566376770923
0.010846941193837417
0.010987525502023622
0.011115304390427976
0.011231928100406815
0.011338778718434757
0.011437021789866577
0.011527646619041203
0.011611498004007105
0.011689301429209872
0.011761683218837428
0.011829186776517626
0.011892285761775413
0.011951394850946182
0.012006878579736535
0.012059058651973981
0.012108220014111163
0.012154615930464891
0.012198472244725289
0.01223999097515284
0.012279353361298621
0.01231672245697772
0.0123522453460682
0.012386055043355146
0.01241827213122941
0.012449006173932037
0.012478356943709589
0.012506415487331427
0.012533265056622516
0.012558981922755971
0.012583636090850094
0.012607291928784915
0.012630008721983332
0.012651841164104248
0.01267283979210037
0.012693051372845935
0.012712519247495084
0.012731283638853992
0.01274938192631002
0.012766848892235836
0.012783716943255797
0.012800016309310894
0.012815775223073676
0.012831020081935481
0.012845775594506208
0.012860064913324157
0.01287390975526455
0.012887330510954743
0.01290034634434778
0.012912975283470341
0.012925234303243122
0.012937139401168942
0.012948705666594024
0.012959947344169515
0.012970877892071207
0.01298151003547526
0.012991855815734199
0.013001926635650855
0.013011733301206288
0.01302128606006122
0.01303059463711801
0.01303966826740147
0.013048515726491131
0.013057145358714956
0.013065565103294027
0.013073782518609713
0.013081804804748683
0.01308963882446644
0.013097291122697332
0.01310476794472705
0.01311207525313338
0.013119218743591399
0.013126203859630897
0.013133035806426089
0.01313971956369082
0.013146259897746156
0.013152661372821652
0.013158928361646437
0.013165065055381595
0.013171075472941112
0.013176963469744849
0.013182732745943448
0.01318838685415203
0.013193929206726403
0.013199363082613203
0.013204691633802626
0.013209917891410475
0.013215044771414067
0.013220075080064765
0.013225011518998186
0.013229856690061655
0.013234613099876849
0.013239283164154559
0.013243869211777056
0.013248373488662528
0.013252798161425067
0.013257145320842663
0.013261416985144919
0.013265615103131222
0.013269741557129571
0.01327379816580544
0.013277786686829444
0.013281708819412043
0.013285566206712965
0.013289360438132464
0.013293093051491142
0.013296765535104626
0.013300379329758916
0.013303935830591952
0.013307436388886536
0.013310882313779426
0.013314274873891162
0.013317615298880859
0.013320904780930001
0.013324144476158931
0.013327335505979584
0.013330478958387884
0.013333575889198732
0.01333662732322674
0.013339634255415289
0.013342597651916692
0.013345518451125783
0.013348397564669334
0.013351235878353459
0.013354034253071082
0.013356793525671392
0.01335951450979318
0.013362197996663733
0.013364844755864991
0.013367455536068489
0.013370031065740563
0.013372572053819195
0.01337507919036389
0.013377553147179727
0.01337999457841685
0.0133824041211465
0.013384782395914613
0.013387130007274081
0.013389447544296522
0.013391735581064572
0.013393994677145495
0.013396225378046946
0.013398428215655695
0.013400603708660001
0.013402752362956395
0.013404874672041513
0.013406971117389577
0.013409042168816235
0.013411088284829224
0.013413109912966466
0.013415107490122122
0.01341708144286107
0.013419032187722309
0.013420960131511742
0.013422865671584738
0.013424749196118935
0.013426611084377628
0.013428451706964155
0.013430271426067616
0.013432070595700282
0.013433849561926985
0.013435608663086877
0.013437348230007768
0.013439068586213378
0.013440770048123786
0.013442452925249272
0.013444117520377899
0.013445764129756975
0.013447393043268705
0.01344900454460018
0.013450598911407971
0.013452176415477501
0.013453737322877374
0.013455281894108892
0.013456810384250877
0.0134583230431
0.013459820115306817
0.013461301840507527
0.013462768453451825
0.013464220184126768
0.013465657257876944
0.013467079895521001
0.013468488313464675
0.013469882723810485
0.013471263334464127
0.013472630349237777
0.013473983967950286
0.013475324386524544
0.013476651797081924
0.01347796638803402
0.01347926834417178
0.013480557846752016
0.01348183507358149
0.008467327437296638
0.008900605377133296
0.009271302073244
0.009591457923184565
0.009870367802749459
0.010115271407108304
0.010331864211588895
0.010524672737718052
0.010697330531680448
0.010852782312452638
0.01099343620592974
0.011121278300589475
0.011237959666677344
0.01134486308349058
0.011443154679652024
0.011533824253829553
0.011617717025637582
0.011695558841126564
0.011767976336341579
0.011835513185230483
0.01189864328274877
0.011957781511191895
0.012013292587201407
0.01206549837418346
0.012114683959858158
0.01216110273403964
0.012204980652276506
0.012246519832845063
0.012285901604990341
0.012323289103192669
0.012358829484070898
0.012392655828173008
0.012424888777489353
0.012455637950400465
0.012485003168441845
0.012513075523351125
0.012539938308062888
0.012565667831405405
0.01259033413305221
0.012614001612650451
0.012636729584877068
0.012658572770375121
0.012679581731027087
0.012699803256774084
0.012719280710144741
0.012738054333779426
0.012756161525495522
0.012773637084813372
0.01279051343433214
0.012806820818893195
0.01282258748508371
0.012837839843304001
0.012852602614339678
0.012866898962137044
0.01288075061427114
0.012894177971414978
0.012907200206962274
0.012919835357820215
0.012932100407270735
0.012944011360695961
0.012955583314873731
0.012966830521470372
0.012977766445289226
0.012988403817772677
0.012998754686202492
0.01300883045899604
0.01301864194745483
0.013028199404284912
0.013037512559176404
0.01304659065170053
0.013055442461756887
0.01306407633778105
0.013072500222902149
0.013080721679222026
0.013088747910371328
0.013096585782483405
0.013104241843713916
0.013111722342422291
0.013119033244120832
0.013126180247287702
0.013133168798131607
0.013140004104388326
0.013146691148222235
0.013153234698299876
0.013159639321096784
0.013165909391493778
0.013172049102714243
0.013178062475649673
0.013183953367616952
0.013189725480587312
0.01319538236892382
0.013200927446661225
0.013206363994359403
0.013211695165559303
0.013216923992868015
0.01322205339369744
0.013227086175679536
0.013232025041779033
0.013236872595123236
0.013241631343566955
0.013246303704009369
0.013250892006478407
0.013255398497997083
0.013259825346245297
0.013264174643029526
0.013268448407572152
0.013272648589631186
0.013276777072460538
0.013280835675620266
0.01328482615764556
0.013288750218582692
0.013292609502399619
0.013296405599278367
0.013300140047795948
0.01330381433700003
0.013307429908385267
0.013310988157775809
0.013314490437119075
0.013317938056195711
0.013321332284250215
0.013324674351546493
0.01332796545085238
0.013331206738856814
0.013334399337523284
0.013337544335382798
0.013340642788769529
0.013343695723002098
0.013346704133513208
0.013349668986930328
0.013352591222109796
0.01335547175112672
0.013358311460222849
0.013361111210714479
0.01336387183986236
0.013366594161705405
0.013369278967860027
0.013371927028286622
0.0133745390920249
0.013377115887899436
0.013379658125196855
0.013382166494316
0.013384641667392328
0.013387084298897668
0.013389495026216537
0.013391874470200037
0.013394223235698346
0.013396541912072775
0.013398831073688243
0.013401091280387195
0.013403323077945527
0.013405526998511559
0.01340770356102862
0.013409853271642003
0.013411976624091014
0.013414074100086638
0.013416146169675541
0.01341819329159092
0.01342021591359077
0.013422214472784078
0.013424189395945477
0.013426141099818791
0.013428069991409953
0.01342997646826972
0.013431860918766601
0.01343372372235039
0.013435565249806648
0.013437385863502568
0.013439185917624491
0.013440965758407416
0.013442725724356858
0.013444466146463298
0.013446187348409529
0.013447889646771218
0.013449573351210827
0.01345123876466531
0.01345288618352763
0.013454515897822528
0.013456128191376588
0.013457723341982895
0.013459301621560511
0.013460863296308863
0.013462408626857339
0.01346393786841018
0.013465451270886882
0.01346694907905828
0.013468431532678415
0.013469898866612394
0.013471351310960361
0.0134727890911777
0.013474212428191627
0.013475621538514282
0.01347701663435247
0.013478397923714119
0.013479765610511592
0.013481119894662007
0.013482460972184578
0.013483789035295134
0.013485104272497916
0.013486406868674715
0.01348769700517147
0.013488974859882364
0.008471846096733342
0.008905335568911292
0.009276212605974606
0.009596523777168749
0.009875568667800205
0.010120590608708142
0.010337287915408744
0.010530189354005338
0.0107029302641878
0.01085845681291173
0.010999178306427507
0.011127081804080868
0.011243819181359051
0.011350773890616242
0.011449112627103152
0.011539825669713724
0.011623758647601332
0.011701637758104871
0.011774089940229476
0.011841659130530887
0.01190481945267843
0.011963985989051653
0.012019523632065036
0.01207175440015066
0.012120963518265778
0.012167404498141444
0.01221130340399345
0.012252862451260496
0.012292263056322604
0.012329668432024005
0.012365225805649045
0.01239906832163239
0.01243131667986354
0.012462080551317912
0.012491459805413762
0.012519545577574025
0.012546421200670066
0.012572163020111028
0.012596841109139792
0.012620519898264314
0.012643258730580986
0.012665112352947143
0.012686131351463802
0.012706362538480861
0.012725849297291614
0.012744631889804785
0.012762747731741936
0.01278023163928187
0.012797116050542815
0.012813431224841389
0.012829205422282422
0.01284446506590406
0.012859234888320232
0.012873538064559802
0.012887396332592352
0.012900830102849939
0.01291385855789762
0.012926499743269728
0.012938770650370876
0.012950687292237723
0.012962264772867669
0.012973517350742115
0.012984458497102832
0.012995100949479687
0.013005456760914505
0.013015537345279016
0.013025353519043381
0.013034915539815034
0.013044233141935278
0.01305331556939202
0.013062171606281672
0.013070809605030227
0.013079237512563381
0.013087462894597297
0.013095492958205486
0.013103334572802782
0.01311099428967424
0.013118478360165348
0.013125792752639196
0.013132943168297058
0.013139935055950135
0.013146773625822672
0.013153463862459684
0.01316001053680626
0.013166418217519838
0.013172691281571537
0.013178833924188213
0.013184850168182445
0.013190743872714015
0.013196518741522802
0.01320217833066997
0.013207726055821278
0.01321316519910383
0.013218498915565105
0.013223730239260899
0.01322886208899679
0.013233897273745939
0.013238838497764254
0.013243688365422526
0.013248449385773502
0.01325312397687085
0.01325771446985547
0.013262223112823684
0.013266652074490785
0.013271003447662397
0.013275279252525356
0.013279481439768946
0.013283611893546583
0.01328767243428738
0.013291664821366431
0.013295590755641976
0.01329945188186714
0.013303249790983433
0.013306986022302679
0.013310662065583699
0.013314279363009603
0.013317839311071153
0.01332134326236143
0.013324792527286605
0.013328188375697329
0.013331532038445039
0.013334824708867186
0.013338067544205108
0.013341261666958083
0.013344408166176956
0.013347508098700347
0.013350562490336506
0.013353572336993507
0.013356538605760415
0.0133594622359419
0.013362344140048618
0.013365185204745524
0.013367986291760212
0.013370748238753241
0.013373471860152244
0.013376157947951637
0.013378807272479497
0.013381420583133193
0.013383998609085327
0.013386542059961206
0.013389051626489349
0.013391527981126146
0.013393971778655936
0.013396383656767593
0.013398764236608667
0.013401114123318139
0.01340343390653873
0.013405724160909627
0.01340798544654057
0.013410218309468064
0.013412423282094518
0.013414600883611037
0.013416751620404595
0.013418875986450236
0.01342097446368895
0.013423047522391835
0.013425095621511124
0.013427119209018585
0.013429118722231927
0.01343109458812954
0.013433047223654227
0.013434977036006249
0.013436884422926176
0.013438769772967948
0.01344063346576252
0.013442475872272494
0.01344429735503807
0.013446098268414695
0.013447878958802676
0.013449639764869147
0.013451381017762606
0.01345310304132041
0.013454806152269343
0.013456490660419738
0.013458156868853162
0.013459805074104096
0.01346143556633575
0.013463048629510206
0.013464644541553189
0.013466223574513572
0.01346778599471788
0.013469332062919934
0.01347086203444581
0.013472376159334326
0.013473874682473175
0.01347535784373086
0.013476825878084624
0.013478279015744457
0.013479717482273383
0.013481141498704094
0.013482551281652096
0.013483947043425506
0.01348532899213155
0.013486697331779957
0.013488052262383275
0.013489393980054304
0.013490722677100636
0.01349203854211651
0.013493341760071978
0.013494632512399556
0.013495910977078356
0.008476237675625177
0.008909932730083786
0.009280985035372408
0.009601447158840383
0.00988062326284332
0.010125760211629111
0.010342559081015197
0.0105355508185467
0.010708372506971183
0.010863971720494458
0.011004758912520889
0.011132722085955334
0.011249513898876592
0.011356518457763686
0.011454903008556765
0.011545658296867713
0.011629630349869033
0.01170754570630678
0.01178003159962421
0.011847632221598084
0.011910821918178102
0.011970015966199728
0.012025579428906086
0.012077834475394445
0.012127066463998859
0.012173529024937908
0.01221744832803785
0.012259026683166693
0.01229844559138843
0.012335868341706871
0.012371442230084115
0.012405300463044423
0.012437563796747788
0.012468341953285073
0.012497734848610373
0.0125258336606031
0.012552721760948009
0.012578475530606115
0.012603165075445387
0.012626854855966492
0.012649604242885831
0.012671468008537662
0.01269249676256027
0.012712737339082
0.012732233141576715
0.012751024450679483
0.01276914869951242
0.012786640720444213
0.01280353296667558
0.012819855711591235
0.012835637228433424
0.012850903952522613
0.012865680627968352
0.01287999044057029
0.012893855138400174
0.012907295141374606
0.012920329640971978
0.012932976691111098
0.012945253291090784
0.012957175461386892
0.012968758313013331
0.012980016111074843
0.012990962333070531
0.01300160972244651
0.013011970337842632
0.013022055598431566
0.013031876325706727
0.013041442782039073
0.013050764706290241
0.013059851346740592
0.013068711491565296
0.013077353497068525
0.013085785313865735
0.013094014511185737
0.013102048299448086
0.013109893551256763
0.01311755682093822
0.013125044362739976
0.013132362147795739
0.013139515879953293
0.01314651101055312
0.013153352752237947
0.01316004609186644
0.013166595802598161
0.013173006455211063
0.013179282428707773
0.013185427920262255
0.013191446954554143
0.01319734339253427
0.013203120939661415
0.013208783153647066
0.013214333451742121
0.013219775117596824
0.013225111307722802
0.013230345057583819
0.013235479287339907
0.013240516807267717
0.013245460322878022
0.0132503124397501
0.013255075668100951
0.013259752427106253
0.013264345048988564
0.013268855782887333
0.013273286798524117
0.013277640189675578
0.013281917977465887
0.013286122113489403
0.013290254482773729
0.013294316906592598
0.013298311145137387
0.013302238900055462
0.013306101816863026
0.013309901487239702
0.01331363945121147
0.0133173171992283
0.013320936174142376
0.013324497773092336
0.013328003349298763
0.013331454213775743
0.01333485163696303
0.013338196850283078
0.013341491047626934
0.013344735386772773
0.013347930990740615
0.013351078949086504
0.013354180319139325
0.013357236127183186
0.01336024736958815
0.013363215013891901
0.013366139999834834
0.013369023240350893
0.013371865622516332
0.013374668008458483
0.01337743123622646
0.013380156120625687
0.013382843454017959
0.01338549400708866
0.01338810852958279
0.013390687751011175
0.01339323238132828
0.013395743111583012
0.013398220614543689
0.013400665545298365
0.013403078541831691
0.013405460225579337
0.013407811201960974
0.013410132060892813
0.013412423377280573
0.013414685711493797
0.013416919609822253
0.013419125604915295
0.01342130421620484
0.013423455950312732
0.013425581301443133
0.013427680751760568
0.013429754771754248
0.013431803820589278
0.013433828346445204
0.013435828786842562
0.013437805568957779
0.01343975910992704
0.013441689817139467
0.013443598088520107
0.013445484312803107
0.013447348869795494
0.013449192130631924
0.013451014458020747
0.013452816206481748
0.0134545977225759
0.0134563593451274
0.013458101405438346
0.01345982422749627
0.013461528128174858
0.013463213417428125
0.013464880398478207
0.013466529367997113
0.013468160616282625
0.013469774427428518
0.013471371079489413
0.013472950844640355
0.013474513989331392
0.013476060774437262
0.013477591455402465
0.013479106282381782
0.013480605500376469
0.013482089349366285
0.013483558064437438
0.013485011875906686
0.013486451009441666
0.01348787568617757
0.013489286122830367
0.013490682531806634
0.013492065121310116
0.01349343409544514
0.013494789654317028
0.013496131994129513
0.013497461307279386
0.013498777782448339
0.013500081604692217
0.013501372955527662
0.013502652013016333
0.00848050745782199
0.00891440239195267
0.009285625103706292
0.009606233992168664
0.00988553766979004
0.010130786436218842
0.010347684051008811
0.010540763582637735
0.01071366380856133
0.010869333671200588
0.011010184739293358
0.011138205933130455
0.011255050671674014
0.01136210369738318
0.011460532791611924
0.011551329153743753
0.011635339197929584
0.01171328979485225
0.011785808464225654
0.011853439645967925
0.011916657902143215
0.011975878698648846
0.012031467264817883
0.012083745916233435
0.012133000140906545
0.012179483684256538
0.012223422818790571
0.012265019946186527
0.012304456649843289
0.012341896292811612
0.012377486237826243
0.012411359751778728
0.012443637645538606
0.012474429690894283
0.012503835849044794
0.012531947339148319
0.012558847570626322
0.012584612959005505
0.012609313641873895
0.012633014108892907
0.012655773757632783
0.01267764738519796
0.012698685624111097
0.01271893532967485
0.012738439924983854
0.012757239708880047
0.012775372131403426
0.012792872040663445
0.012809771904524953
0.012826102010050494
0.012841890643255307
0.012857164251401473
0.012871947589775268
0.012886263854648368
0.01290013480391444
0.012913580866711523
0.012926621243184113
0.012939273995402902
0.012951556130341917
0.012963483675709873
0.012975071749342527
0.012986334622784241
0.012997285779617895
0.013007937969041697
0.013018303255138267
0.013028393062234161
0.013038218216706707
0.013047788985558242
0.013057115112045336
0.01306620584862175
0.013075069987428259
0.013083715888539632
0.013092151506158738
0.0131003844129296
0.013108421822524979
0.013116270610649561
0.013123937334586805
0.013131428251405784
0.01313874933493395
0.013145906291592183
0.013152904575180095
0.013159749400691794
0.013166445757235433
0.013172998420123597
0.01317941196219595
0.013185690764430267
0.01319183902589361
0.013197860773080869
0.013203759868684252
0.013209540019833755
0.013215204785845407
0.013220757585511278
0.013226201703962505
0.013231540299134231
0.013236776407859138
0.013241912951614159
0.013246952741943246
0.013251898485577243
0.013256752789270392
0.013261518164371653
0.01326619703114758
0.013270791722872398
0.013275304489699727
0.013279737502329492
0.013284092855482453
0.01328837257119411
0.013292578601938786
0.013296712833594035
0.013300777088254771
0.013304773126906016
0.013308702651962361
0.013312567309681934
0.013316368692461984
0.013320108341022839
0.013323787746486453
0.013327408352355519
0.013330971556398574
0.0133344787124463
0.013337931132103836
0.013341330086383711
0.013344676807263527
0.013347972489172586
0.013351218290411016
0.013354415334505121
0.013357564711502134
0.013360667479207602
0.013363724664368304
0.013366737263803462
0.013369706245486938
0.013372632549582764
0.013375517089436434
0.013378360752524097
0.013381164401361719
0.013383928874376203
0.013386654986740285
0.013389343531172927
0.013391995278706943
0.013394610979425296
0.013397191363167651
0.013399737140208517
0.013402249001908301
0.01340472762133858
0.013407173653882705
0.013409587737812912
0.013411970494844985
0.01341432253067149
0.013416644435474556
0.013418936784419043
0.013421200138127084
0.013423435043134686
0.013425642032331295
0.01342782162538296
0.013429974329139885
0.01343210063802899
0.013434201034432132
0.013436275989050596
0.01343832596125644
0.013440351399431229
0.0134423527412927
0.013444330414209827
0.01344628483550681
0.013448216412756394
0.01345012554406298
0.013452012618335923
0.013453878015553453
0.013455722107017494
0.013457545255599878
0.01345934781598018
0.013461130134875574
0.013462892551262977
0.013464635396593802
0.01346635899500161
0.01346806366350291
0.013469749712191413
0.013471417444425917
0.013473067157012152
0.013474699140378733
0.01347631367874748
0.01347791105029834
0.01347949152732902
0.013481055376409663
0.013482602858532585
0.013484134229257407
0.01348564973885166
0.013487149632427026
0.013488634150071411
0.01349010352697699
0.013491557993564315
0.013492997775602726
0.013494423094327086
0.01349583416655104
0.013497231204776888
0.013498614417302202
0.013499984008323314
0.013501340178035722
0.01350268312273159
0.013504013034894412
0.01350533010329092
0.013506634513060362
0.013507926445801184
0.013509206079655296
0.008484660438396067
0.00891874978351457
0.009290138239406623
0.009610889877350872
0.009890317638145118
0.010135675162850208
0.010352668821331856
0.01054583374497341
0.010718810359572492
0.010874548938331464
0.011015462134806432
0.011143539761574645
0.01126043597766386
0.011367536144112896
0.011466008563040588
0.0115568448751868
0.011640891871093056
0.011718876744297089
0.011791427292950999
0.011859088198325048
0.011922334232684875
0.011981581045816838
0.012037194028599658
0.012089495639094363
0.012138771491440964
0.012185275443107582
0.012229233866472854
0.012270849252512595
0.012310303264707827
0.012347759338130294
0.012383364900460462
0.01241725327730545
0.01244954533274749
0.012480350886912748
0.012509769945007285
0.012537893766338622
0.012564805797032452
0.012590582486235399
0.01261529400238769
0.01263900486351361
0.012661774493302514
0.01268365771295129
0.012704705177240837
0.012724963762068773
0.012744476909613667
0.012763284936426181
0.012781425309001311
0.01279893289075859
0.012815840163825771
0.012832177428569014
0.012847972983427047
0.012863253287276857
0.012878043106275633
0.012892365646880557
0.01290624267653848
0.012919694633356574
0.012932740725908325
0.012945399024193262
0.012957686542650643
0.012969619316024118
0.012981212468784661
0.012992480278740063
0.013003436235390492
0.013014093093528915
0.01302446292253177
0.013034557151738492
0.013044386612276691
0.013053961575653372
0.01306329178939979
0.013072386510028917
0.013081254533538623
0.013089904223671123
0.013098343538118527
0.013106580052846642
0.013114620984692411
0.013122473212376402
0.013130143296058163
0.013137637495551125
0.013144961787302782
0.01315212188023672
0.013159123230544377
0.013165971055506912
0.013172670346420416
0.013179225880691606
0.013185642233165425
0.013191923786740764
0.013198074742325983
0.013204099128181563
0.013210000808693445
0.013215783492617112
0.013221450740829234
0.013227005973620885
0.01323245247756357
0.013237793411977016
0.013243031815025352
0.013248170609466382
0.013253212608076702
0.01325816051877382
0.01326301694945482
0.013267784412569626
0.013272465329445832
0.013277062034380558
0.013281576778513849
0.013286011733497218
0.013290368994969697
0.013294650585853178
0.013298858459477883
0.013302994502548043
0.013307060537957303
0.013311058327462603
0.013314989574224771
0.013318855925223557
0.013322658973554214
0.013326400260612407
0.013330081278173683
0.013333703470373465
0.013337268235592944
0.013340776928256201
0.01334423086054327
0.013347631304023763
0.01335097949121527
0.013354276617070598
0.013357523840397557
0.013360722285214878
0.013363873042047548
0.013366977169164733
0.01337003569376321
0.013373049613099094
0.013376019895570475
0.01337894748175344
0.013381833285393769
0.01338467819435656
0.013387483071535786
0.013390248755725805
0.013392976062456596
0.013395665784794552
0.013398318694110373
0.013400935540815753
0.013403517055070212
0.013406063947459522
0.013408576909647082
0.013411056614999431
0.01341350371918713
0.01341591886076213
0.013418302661712678
0.013420655727996767
0.013422978650055156
0.013425272003304763
0.013427536348613395
0.013429772232756567
0.013431980188857244
0.013434160736809203
0.013436314383684762
0.013438441624127495
0.013440542940730653
0.013442618804401788
0.01344466967471426
0.01344669600024611
0.013448698218906884
0.013450676758252844
0.013452632035791048
0.013454564459272848
0.013456474426977089
0.013458362327983555
0.013460228542436965
0.01346207344180195
0.01346389738910936
0.013465700739194179
0.013467483838925506
0.0134692470274288
0.013470990636300712
0.013472714989816822
0.013474420405132569
0.013476107192477528
0.013477775655343426
0.013479426090666049
0.013481058789001268
0.013482674034695451
0.013484272106050429
0.01348585327548323
0.013487417809680791
0.013488965969749793
0.013490498011361844
0.013492014184894124
0.013493514735565714
0.01349499990356973
0.01349646992420139
0.013497925027982218
0.01349936544078047
0.013500791383927952
0.013502203074333302
0.013503600724591933
0.013504984543092693
0.013506354734121373
0.013507711497961195
0.01350905503099033
0.013510385525776613
0.013511703171169476
0.013513008152389292
0.01351430065111408
0.013515580845563794
0.008488701343094773
0.008922979851825028
0.009294529578206579
0.009615420112623119
0.009894968607399397
0.010140431954823934
0.01035751906462129
0.010550767075401467
0.010723818016814057
0.010879623456923846
0.011020597104824876
0.011148729641297015
0.011265675945458384
0.011372821980231228
0.011471336554443098
0.011562211738277369
0.011646294688506847
0.011724312912809828
0.011796894480261125
0.011864584306968653
0.011927857369725858
0.011987129497244679
0.012042766237589094
0.01209509018745232
0.012144387083698914
0.012190910892821389
0.012234888084374165
0.012276521236220663
0.012315992089762496
0.01235346415014842
0.012389084908251604
0.01242298774680992
0.012455293581681962
0.012486112280026947
0.012515543889870123
0.012543679709584647
0.012570603221009719
0.01259639090600443
0.012621112963028445
0.012644833937703348
0.0126676132791326
0.012689505831955245
0.012710562272609617
0.012730829497032416
0.012750350965971019
0.012769167013206833
0.01278731512124568
0.01280483016840394
0.012821744650687285
0.01283808888140639
0.01285389117108815
0.012869177989910933
0.012883974114609432
0.012898302761551399
0.012912185707479006
0.012925643399226475
0.012938695053568754
0.012951358748220204
0.012963651504883801
0.012975589365148262
0.012987187459940657
0.012998460073163156
0.013009420700073509
0.013020082100908398
0.013030456350195216
0.013040554882150949
0.013050388532525287
0.013059967577208297
0.013069301767890552
0.01307840036503465
0.013087272168391471
0.013095925545271652
0.013104368456762395
0.013112608482061595
0.013120652841085014
0.01312850841548765
0.013136181768227544
0.013143679161788394
0.013151006575167018
0.013158169719722137
0.013165174053972481
0.01317202479742453
0.013178726943503239
0.013185285271652938
0.013191704358669721
0.013197988589321738
0.013204142166308958
0.013210169119609788
0.013216073315258184
0.013221858463591238
0.013227528127004146
0.013233085727246512
0.013238534552291344
0.013243877762805566
0.013249118398248837
0.013254259382625236
0.013259303529910744
0.013264253549177506
0.01326911204943457
0.013273881544203146
0.013278564455843224
0.013283163119647178
0.01328767978771488
0.013292116632623738
0.013296475750906266
0.013300759166346834
0.013304968833108444
0.013309106638699709
0.013313174406791424
0.013317173899891625
0.01332110682188724
0.013324974820460153
0.013328779489384778
0.013332522370713895
0.013336204956859006
0.013339828692571172
0.013343394976827709
0.013346905164630083
0.013350360568717707
0.01335376246120223
0.013357112075126656
0.013360410605953173
0.013363659212983565
0.013366859020715698
0.013370011120139419
0.013373116569974999
0.013376176397857074
0.013379191601466847
0.013382163149615194
0.013385091983279127
0.013387979016593908
0.013390825137803094
0.013393631210168459
0.013396398072841893
0.01339912654170098
0.01340181741015015
0.013404471449888895
0.013407089411648757
0.013409672025900467
0.013412220003532673
0.013414734036503576
0.013417214798466724
0.013419662945372132
0.013422079116043917
0.013424463932735425
0.013426818001662925
0.013429141913518823
0.013431436243965287
0.01343370155410917
0.013435938390959024
0.013438147287865037
0.013440328764942566
0.013442483329480039
0.013444611476331853
0.013446713688296936
0.013448790436483535
0.013450842180660881
0.013452869369598197
0.013454872441391666
0.013456851823779753
0.013458807934447467
0.013460741181319933
0.013462651962845735
0.013464540668270474
0.01346640767790089
0.013468253363359915
0.013470078087833109
0.013471882206306691
0.013473666065797587
0.013475430005575773
0.013477174357379218
0.013478899445621709
0.013480605587593838
0.01348229309365739
0.013483962267433439
0.013485613405984304
0.013487246799989689
0.013488862733917136
0.013490461486187072
0.013492043329332633
0.013493608530154395
0.013495157349870317
0.013496690044260965
0.013498206863810215
0.013499708053841654
0.013501193854650751
0.013502664501633
0.013504120225408162
0.013505561251940749
0.013506987802656883
0.01350840009455764
0.013509798340329032
0.01351118274844871
0.013512553523289523
0.013513910865220035
0.013515254970702106
0.013516586032385638
0.013517904239200539
0.013519209776446103
0.013520502825877781
0.013521783565791468
0.00849263464624241
0.008927097280739201
0.009298803982598051
0.009619829714332194
0.009899495727637129
0.010145062079445195
0.010362240151699832
0.010555569036781995
0.010728692325479783
0.01088456284623571
0.011025595335570595
0.011153781319344804
0.011270776377589185
0.011377967059079848
0.01147652266585818
0.011567435686113948
0.011651553633097564
0.011729604320261528
0.011802216080387978
0.011869934058168162
0.011933233429476194
0.011992530197184322
0.012048190062355513
0.012100535756623034
0.012149853136307467
0.012196396274022105
0.012240391733909096
0.012282042178405405
0.012321529424757977
0.012359017046326238
0.012394652595493058
0.0124285695106055
0.012460888757919585
0.012491720250374927
0.012521164077675583
0.012549311576219913
0.012576246262609453
0.012602044650544552
0.01262677696770479
0.012650507786574068
0.012673296580993093
0.012695198218418732
0.012716263396369956
0.012736539030288839
0.012756068598997035
0.012774892453047772
0.012793048090531303
0.012810570404264095
0.01282749190376013
0.012843842914929852
0.012859651760066378
0.012874944920348467
0.012889747182806596
0.012904081773455141
0.012917970478084054
0.012931433752022154
0.012944490820027429
0.012957159767323614
0.012969457622683932
0.012981400434359866
0.012993003339562652
0.013004280628126506
0.013015245800913424
0.013025911623458833
0.013036290175303878
0.01304639289541321
0.013056230624035482
0.013065813641327098
0.013075151703027168
0.013084254073442738
0.013093129555977731
0.013101786521416175
0.013110232934149934
0.013118476376522928
0.013126524071447713
0.013134382903435592
0.013142059438168546
0.01314955994072943
0.013156890392596491
0.013164056507498741
0.013171063746220204
0.013177917330433407
0.013184622255635492
0.013191183303254115
0.013197605051984567
0.01320389188841448
0.013210048016987695
0.013216077469354803
0.013221984113153885
0.013227771660261522
0.013233443674550979
0.013239003579191562
0.013244454663520444
0.013249800089515875
0.013255042897898524
0.013260186013885575
0.013265232252620428
0.013270184324299127
0.01327504483901308
0.013279816311326225
0.01328450116460346
0.013289101735105929
0.013293620275867741
0.013298058960367547
0.013302419886007557
0.013306705077411631
0.013310916489553386
0.013315056010724384
0.013319125465351887
0.013323126616675006
0.013327061169287436
0.013330930771554502
0.013334737017911685
0.013338481451051374
0.013342165564004103
0.013345790802120158
0.013349358564957116
0.013352870208078446
0.01335632704476803
0.013359730347665147
0.013363081350324196
0.013366381248703187
0.013369631202584723
0.013372832336933042
0.013375985743190478
0.01337909248051639
0.0133821535769716
0.013385170030651084
0.013388142810767518
0.013391072858688156
0.013393961088927372
0.013396808390097088
0.0133996156258171
0.013402383635587293
0.013405113235623621
0.013407805219659532
0.013410460359714552
0.013413079406831554
0.013415663091784196
0.013418212125755934
0.013420727200991918
0.013423208991425056
0.013425658153277387
0.013428075325637938
0.013430461131018093
0.013432816175885515
0.013435141051177563
0.013437436332795113
0.013439702582077707
0.013441940346260728
0.013444150158915527
0.013446332540373144
0.013448487998132365
0.013450617027252792
0.013452720110733552
0.013454797719878238
0.013456850314646742
0.013458878343994372
0.013460882246198973
0.01346286244917638
0.013464819370784795
0.013466753419118488
0.013468664992791275
0.013470554481210149
0.013472422264839547
0.013474268715456502
0.013476094196397163
0.013477899062794946
0.013479683661810665
0.013481448332854975
0.013483193407803396
0.013484919211204236
0.013486626060479644
0.0134883142661201
0.013489984131872563
0.013491635954922537
0.013493270026070241
0.013494886629901177
0.013496486044951211
0.013498068543866478
0.013499634393558183
0.013501183855352596
0.013502717185136327
0.013504234633497123
0.013505736445860284
0.013507222862620913
0.013508694119272103
0.013510150446529232
0.013511592070450513
0.013513019212553871
0.013514432089930358
0.01351583091535417
0.013517215897389391
0.013518587240493615
0.013519945145118478
0.013521289807807304
0.013522621421289857
0.013523940174574395
0.013525246253037027
0.01352653983850857
0.01352782110935884
0.008496464587233549
0.008931106508178036
0.009302966059756695
0.009624123435428133
0.009903903878521816
0.010149570527441884
0.010366837171376049
0.010560244805127003
0.010733438539591075
0.010889372430462712
0.011030462214686117
0.011158700240991217
0.011275742771899688
0.011382976926643609
0.011481572487515143
0.011572522349724015
0.011656674373628951
0.01173475667041999
0.01180739782965556
0.01187514321860236
0.01193846820698272
0.011997788967251712
0.012053471349450003
0.012105838216604232
0.012155175541351343
0.012201737499636208
0.012245750747702613
0.012287418030338207
0.012326921238641812
0.012364424012390718
0.012400073963860819
0.01243400458554677
0.0124663368927774
0.012497180843069482
0.0125266365667104
0.012554795437124297
0.012581741004761386
0.012607549814326354
0.01263229212195072
0.012656032526274653
0.012678830525225941
0.012700741008479533
0.012721814694080975
0.012742098516465041
0.01276163597205261
0.012780467427727921
0.012798630396756026
0.012816159786072381
0.012833088118344237
0.012849445731750623
0.012865260960041636
0.012880560295107299
0.012895368534003263
0.01290970891213698
0.012923603224108366
0.01293707193351758
0.012950134272895836
0.012962808334778846
0.012975111154824276
0.012987058787771242
0.012998666376949972
0.013009948217970822
0.013020917817152741
0.013031587945190614
0.01304197068650757
0.013052077484691131
0.013061919184370677
0.013071506069856813
0.013080847900830772
0.013089953945342996
0.01309883301035444
0.013107493470031246
0.013115943291983068
0.013124190061617162
0.013132241004764112
0.01314010300871646
0.013147782641808523
0.013155286171654006
0.013162619582147358
0.01316978858932558
0.013176798656178455
0.013183655006487632
0.013190362637767966
0.01319692633337831
0.01320335067386325
0.013209640047582055
0.013215798660676618
0.013221830546425764
0.013227739574029531
0.01323352945686352
0.013239203760240228
0.013244765908711348
0.01325021919294235
0.013255566776188353
0.013260811700397897
0.01326595689196938
0.013271005167182933
0.013275959237328966
0.013280821713552797
0.013285595111433695
0.013290281855315032
0.013294884282401269
0.013299404646636204
0.013303845122376043
0.013308207807869819
0.013312494728558832
0.013316707840206004
0.013320849031865263
0.01332492012870046
0.01332892289466257
0.013332859035033468
0.013336730198843958
0.013340537981173222
0.013344283925336448
0.013347969524966913
0.013351596225998397
0.013355165428553481
0.013358678488742866
0.013362136720380594
0.013365541396619694
0.013368893751512533
0.013372194981499904
0.013375446246832593
0.013378648672928968
0.013381803351671929
0.013384911342648388
0.013387973674334166
0.013390991345227133
0.013393965324931197
0.013396896555193594
0.013399785950897854
0.013402634401014593
0.013405442769512194
0.013408211896229413
0.013410942597711657
0.013413635668012765
0.013416291879463874
0.013418911983411011
0.013421496710922798
0.013424046773469742
0.013426562863576408
0.013429045655447728
0.013431495805570601
0.01343391395329201
0.013436300721374594
0.0134386567165308
0.013440982529936502
0.01344327873772502
0.01344554590146245
0.013447784568605056
0.013449995272939542
0.013452178535006956
0.013454334862510912
0.013456464750710823
0.013458568682800756
0.013460647130274526
0.013462700553277656
0.01346472940094666
0.013466734111736264
0.01346871511373501
0.013470672824969748
0.01347260765369945
0.013474519998698807
0.013476410249531974
0.013478278786816938
0.013480125982480778
0.013481952200006274
0.013483757794670176
0.0134855431137734
0.013487308496863585
0.013489054275950187
0.013490780775712497
0.01349248831370076
0.013494177200530772
0.013495847740072078
0.013497500229630113
0.013499134960122451
0.01350075221624945
0.013502352276659385
0.013503935414108423
0.013505501895615484
0.0135070519826123
0.013508585931088751
0.013510103991733708
0.01351160641007152
0.013513093426594304
0.013514565276890187
0.01351602219176766
0.013517464397376153
0.013518892115322995
0.013520305562786848
0.013521704952627767
0.013523090493494015
0.013524462389925683
0.013525820842455311
0.01352716604770553
0.013528498198483889
0.013529817483874908
0.013531124089329523
0.013532418196751916
0.013533699984583886
0.008500195185745404
0.008935011742053429
0.009307020178074814
0.009628305782520493
0.009908197686807459
0.010153962030874614
0.010371314948706557
0.01056479928817575
0.010738061640852389
0.010894057257845561
0.011035202850569803
0.011163491569277581
0.011280580341276058
0.011387856841454344
0.011486491319896527
0.01157747706827319
0.011661662285046547
0.0117397753714201
0.011812445167067146
0.01188021725605564
0.011943567196927208
0.012002911327320311
0.01205861564238844
0.012111003133142915
0.012160359885519476
0.012206940176113866
0.012250970750882152
0.012292654434826258
0.012332173190980962
0.012369690723818345
0.012405354703953538
0.012439298676624057
0.01247164370495844
0.012502499789894168
0.012531967101249104
0.01256013704851262
0.012587093215105472
0.01261291217593235
0.012637664214838577
0.01266141395594204
0.012684220920632695
0.012706140020227196
0.012727221992765124
0.012747513791181251
0.012767058929039087
0.01278589778913021
0.012804067899500804
0.012821604180839021
0.012838539168624135
0.012854903212985502
0.01287072465883295
0.012886030008489896
0.012900844068777072
0.012915190084251335
0.012929089858094
0.01294256386196199
0.012955631335958073
0.012968310379740264
0.012980618035672046
0.012992570364811874
0.013004182516450219
0.013015468791823734
0.01302644270256673
0.013037117024399724
0.013047503846501165
0.013057614616961519
0.013067460184677242
0.01307705083800536
0.013086396340466969
0.013095505963758792
0.01310438851830653
0.013113052381570697
0.013121505524295259
0.01312975553487134
0.013137809641971853
0.01314567473559841
0.013153357386668875
0.013160863865262122
0.013168200157626144
0.01317537198204604
0.01318238480366013
0.013189243848304465
0.01319595411545927
0.013202520390364507
0.013208947255366053
0.013215239100548873
0.013221400133708858
0.013227434389710817
0.013233345739276226
0.013239137897240828
0.013244814430319007
0.013250378764408967
0.013255834191470039
0.013261183876001068
0.013266430861146613
0.013271578074455635
0.013276628333315534
0.013281584350082663
0.013286448736928927
0.013291224010422568
0.01329591259586007
0.013300516831364729
0.013305038971766422
0.013309481192276151
0.013313845591967808
0.013318134197078925
0.013322348964141242
0.01332649178295129
0.013330564479390385
0.013334568818102905
0.013338506505041054
0.013342379189883846
0.013346188468337464
0.013349935884323746
0.013353622932063066
0.013357251058057565
0.013360821662980162
0.013364336103474601
0.013367795693871334
0.0133712017078238
0.013374555379869427
0.01337785790691927
0.013381110449680135
0.013384314134012733
0.013387470052229122
0.013390579264332675
0.013393642799203437
0.013396661655731716
0.013399636803902503
0.013402569185833168
0.013405459716766814
0.01340830928602343
0.013411118757910975
0.013413888972598258
0.013416620746951602
0.013419314875336926
0.013421972130388898
0.013424593263748818
0.013427179006772632
0.013429730071210459
0.013432247149859019
0.013434730917188206
0.013437182029942915
0.013439601127721391
0.013441988833531014
0.013444345754322663
0.013446672481504527
0.013448969591436356
0.013451237645904921
0.01345347719258163
0.01345568876546295
0.013457872885294497
0.0134600300599794
0.013462160784971693
0.013464265543655325
0.013466344807709404
0.013468399037460268
0.013470428682220929
0.013472434180618418
0.013474415960909491
0.013476374441285272
0.013478310030165166
0.013480223126480563
0.013482114119948707
0.013483983391337146
0.013485831312719111
0.013487658247720228
0.013489464551756836
0.013491250572266335
0.013493016648929783
0.013494763113887108
0.013496490291945175
0.013498198500779024
0.013499888051126487
0.013501559246976522
0.013503212385751393
0.01350484775848299
0.013506465649983534
0.013508066339010798
0.013509650098428118
0.01351121719535935
0.01351276789133894
0.013514302442457361
0.01351582109950199
0.013517324108093653
0.013518811708818954
0.013520284137358604
0.013521741624611776
0.013523184396816776
0.013524612675667996
0.013526026678429434
0.013527426618044784
0.013528812703244299
0.01353018513864844
0.013531544124868532
0.013532889858604475
0.01353422253273957
0.013535542336432636
0.013536849455207476
0.013538144071039739
0.013539426362441353
0.008503830255783787
0.008938816974972293
0.009310970482426493
0.009632381031626757
0.009912381542507055
0.010158241079673433
0.010375678061857855
0.01056923714254567
0.010742566356060829
0.01089862211831227
0.011039822090228413
0.01116816020305697
0.011285294031865125
0.011392611792968367
0.011491284192262273
0.011582304907724687
0.011666522467262236
0.01174466555466444
0.01181736325331383
0.01188516135852717
0.011948535612829568
0.012007902514812388
0.012063628201025477
0.012116035787187044
0.01216541146962993
0.012212009623022997
0.012256057080736977
0.0122977567459337
0.012337290651741552
0.012374822565670508
0.012410500215180817
0.01244445719690205
0.012476814620538266
0.012507682529335597
0.012537161131629974
0.01256534187205233
0.012592308366149548
0.012618137218252877
0.012642898739211664
0.012666657577968985
0.012689473278776103
0.012711400774037075
0.012732490821273486
0.012752790391446264
0.012772343014822541
0.012791189089693813
0.012809366158508835
0.012826909155356232
0.01284385062819918
0.012860220938811295
0.01287604844297633
0.012891359653183866
0.012906179385769653
0.012920530894205598
0.012934435990034646
0.012947915152764142
0.0129609876298745
0.012973671527963606
0.012985983895929042
0.012997940800986738
0.01300955739823477
0.013020847994391984
0.013031826106271936
0.013042504514492043
0.013052895312864295
0.013063009953866776
0.013072859290553728
0.01308245361522498
0.013091802695143127
0.013100915805557799
0.013109801760270715
0.01311846893995237
0.013126925318400779
0.013135178486914516
0.01314323567693602
0.013151103781106597
0.013158789372861482
0.013166298724681603
0.013173637825108189
0.013180812394616884
0.01318782790043951
0.01319468957041391
0.013201402405935333
0.013207971194076676
0.013214400518938987
0.013220694772288714
0.013226858163533393
0.013232894729083197
0.013238808341142074
0.013244602715968508
0.01325028142164287
0.0132558478853754
0.013261305400386132
0.013266657132385796
0.013271906125684338
0.013277055308951818
0.013282107500654533
0.013287065414187497
0.01329193166272289
0.013296708763792624
0.013301399143621863
0.013306005141229205
0.01331052901230793
0.013314972932901932
0.01331933900288884
0.013323629249282015
0.013327845629362341
0.013331990033649922
0.013336064288725169
0.0133400701599081
0.013344009353804084
0.013347883520723743
0.013351694256984206
0.013355443107098406
0.0133591315658588
0.013362761080321327
0.01336633305169515
0.013369848837143398
0.013373309751499706
0.013376717068905121
0.013380072024369695
0.013383375815262697
0.013386629602735293
0.013389834513079197
0.013392991639024635
0.01339610204098077
0.01339916674822152
0.013402186760019585
0.013405163046731278
0.013408096550834624
0.013410988187923087
0.013413838847657091
0.013416649394675448
0.013419420669468596
0.013422153489215544
0.013424848648586292
0.013427506920511267
0.013430129056919498
0.013432715789446874
0.013435267830115963
0.013437785871988689
0.013440270589793107
0.013442722640525515
0.013445142664028971
0.013447531283549332
0.013449889106269798
0.013452216723824944
0.01345451471279512
0.01345678363518214
0.01345902403886704
0.013461236458050682
0.013463421413678008
0.013465579413846546
0.01346771095419998
0.013469816518307271
0.013471896578028067
0.013473951593864896
0.013475982015302757
0.013477988281136548
0.013479970819786961
0.013481930049605174
0.01348386637916691
0.013485780207556256
0.013487671924639615
0.01348954191133027
0.013491390539843863
0.01349321817394519
0.013495025169186632
0.013496811873138555
0.013498578625612035
0.01350032575887412
0.013502053597855987
0.01350376246035426
0.01350545265722571
0.013507124492575639
0.01350877826394013
0.013510414262462474
0.01351203277306389
0.013513634074608843
0.013515218440065108
0.01351678613665876
0.013518337426024356
0.013519872564350374
0.013521391802520174
0.01352289538624858
0.013524383556214287
0.013525856548188192
0.013527314593157848
0.013528757917448139
0.013530186742838304
0.0135316012866755
0.013533001761984909
0.013534388377576673
0.013535761338149557
0.013537120844391671
0.013538467093078191
0.013539800277166232
0.013541120585887014
0.013542428204835335
0.013543723316056498
0.013545006098130735
0.008507373418665639
0.008942525997827355
0.009314820908277018
0.009636353242728383
0.009916459613836887
0.0101624119369224
0.010379930857691472
0.01057356278958473
0.010746957173197482
0.010903071559784518
0.011044324535777885
0.01117271079367157
0.011289888539912845
0.011397246518552458
0.011495955879771315
0.01158701067808588
0.011671259762516456
0.01174943209229274
0.011822156988343754
0.011889980451893142
0.011953378404797025
0.01201276750252961
0.012068514019461535
0.012120941192864379
0.01217033532667643
0.012216950891159636
0.0122610148048889
0.012302730047209491
0.012342278719570908
0.01237982465092695
0.012415515624145513
0.012449485285948636
0.012481854791438126
0.012512734225098864
0.01254222383281084
0.01257041509345789
0.012597391653900645
0.012623230147152782
0.012648000910384791
0.012671768616737189
0.012694592832744416
0.012716528511364709
0.012737626429108978
0.012757933574508482
0.012777493494111565
0.012796346601317695
0.012814530452613998
0.0128320799951507
0.012849027789059188
0.012865404207462877
0.012881237616744475
0.012896554539302657
0.012911379800747556
0.012925736663240706
0.012939646946475238
0.012953131137610395
0.012966208491317658
0.012978897120959322
0.01299121408180181
0.013003175447062826
0.013014796377501199
0.013026091185179323
0.013037073391959034
0.013047755783230822
0.013058150457323038
0.013068268870990437
0.013078121881339905
0.013087719784514364
0.013097072351423305
0.013106188860779418
0.013115078129675052
0.013123748541909536
0.013132208074257686
0.013140464320852006
0.013148524515834429
0.013156395554419203
0.013164084012495279
0.013171596164884882
0.013178938002364502
0.013186115247544927
0.013193133369698549
0.013199997598614368
0.01320671293755425
0.013213284175377659
0.01321971589789643
0.013226012498515991
0.013232178188214747
0.01323821700490917
0.013244132822248185
0.013249929357877045
0.013255610181207557
0.013261178720728815
0.013266638270889697
0.013271991998582155
0.013277242949252057
0.01328239405266221
0.013287448128330527
0.013292407890664416
0.013297275953811041
0.013302054836241603
0.013306746965086477
0.013311354680236918
0.013315880238227771
0.013320325815914767
0.01332469351395894
0.01332898536012987
0.013333203312438634
0.01333734926211061
0.013341425036407627
0.013345432401308262
0.013349373064054534
0.01335324867557269
0.013357060832775361
0.013360811080751636
0.013364500914851574
0.013368131782670913
0.013371705085941502
0.013375222182332724
0.013378684387168665
0.013382092975065657
0.013385449181494416
0.013388754204270844
0.013392009204979228
0.013395215310331388
0.013398373613465141
0.013401485175185177
0.013404551025149333
0.013407572163003027
0.013410549559464507
0.013413484157363324
0.013416376872634448
0.01341922859527013
0.013422040190231677
0.013424812498323009
0.013427546337027921
0.013430242501312806
0.013432901764396368
0.013435524878488082
0.013438112575496713
0.01344066556771039
0.013443184548449522
0.013445670192693805
0.013448123157684575
0.01345054408350352
0.01345293359362894
0.013455292295470486
0.013457620780883384
0.013459919626663014
0.013462189395020797
0.013464430634042087
0.013466643878126981
0.013468829648414697
0.013470988453192261
0.013473120788288193
0.013475227137451798
0.013477307972718696
0.01347936375476316
0.013481394933237804
0.013483401947101174
0.013485385224933737
0.013487345185242673
0.013489282236756089
0.013491196778706886
0.013493089201106867
0.01349495988501136
0.013496809202774821
0.013498637518297697
0.013500445187264964
0.0135022325573766
0.013503999968570404
0.013505747753237332
0.01350747623642973
0.013509185736062732
0.013510876563109038
0.013512549021787348
0.0135142034097447
0.013515840018232958
0.013517459132279589
0.013519061030853048
0.013520645987022895
0.013522214268114865
0.013523766135861072
0.013525301846545535
0.01352682165114516
0.013528325795466409
0.013529814520277714
0.013531288061437894
0.013532746650020645
0.013534190512435238
0.013535619870543619
0.013537034941773982
0.013538435939230964
0.013539823071802553
0.01354119654426385
0.013542556557377804
0.01354390330799296
0.013545236989138395
0.013546557790115883
0.013547865896589434
0.013549161490672222
0.013550444751011085
0.008510828115030799
0.00894614241237172
0.009318575194737203
0.009640226273238421
0.00992043586104336
0.01016647865300132
0.010384077466183712
0.010577780430038373
0.010751238356315558
0.010907409903264706
0.011048714559710297
0.011177147760383022
0.01129436832734364
0.011401765519199693
0.011500510919322818
0.01159159894936523
0.011675878771442102
0.011754079613345039
0.01182683102761755
0.011894679216248262
0.011958100275946055
0.012017511015150289
0.012073277842610728
0.01212572411411689
0.012175136238525366
0.012221768779304039
0.01226584873810425
0.012307579168552248
0.012347142238712512
0.012384701837448293
0.01242040580165147
0.012454387826885642
0.012486769112516675
0.012517659783238398
0.012547160121537285
0.01257536163969471
0.012602348015103071
0.012628195908742207
0.012652975683446475
0.012676752035949547
0.01269958455451259
0.01272152821213473
0.012742633803841993
0.012762948335297213
0.012782515368923362
0.012801375332850605
0.012819565797253851
0.012837121722018759
0.012854075679141066
0.012870458052810549
0.01288629721974419
0.012901619712002307
0.012916450364237816
0.012930812447084885
0.012944727788183287
0.012958216882153076
0.01297129899067724
0.012983992233713548
0.012996313672738222
0.013008279386820872
0.013019904542239695
0.013031203456267213
0.013042189655687465
0.013052875930544819
0.013063274383571213
0.013073396475691269
0.01308325306796331
0.013092854460277374
0.013102210427098797
0.013111330250516823
0.013120222750832286
0.013128896314895179
0.013137358922382814
0.013145618170190838
0.01315368129509327
0.013161555194813046
0.013169246447631556
0.013176761330653864
0.013184105836835899
0.013191285690870263
0.013198306364018962
0.013205173087973438
0.013211890867815549
0.013218464494146723
0.013224898554446859
0.013231197443719419
0.013237365374474466
0.013243406386097147
0.013249324353645286
0.013255122996116264
0.01326080588422009
0.013266376447692766
0.01327183798218132
0.013277193655729444
0.01328244651489055
0.013287599490492913
0.013292655403079789
0.013297616968045704
0.013302486800488464
0.013307267419795094
0.01331196125397858
0.013316570643781039
0.013321097846557866
0.013325545039956355
0.013329914325401381
0.013334207731399862
0.013338427216674826
0.013342574673139321
0.013346651928719578
0.01335066075003628
0.013354602844952195
0.013358479864993838
0.013362293407654453
0.013366045018584901
0.013369736193678929
0.013373368381058584
0.01337694298296535
0.01338046135756222
0.013383924820651488
0.013387334647312895
0.013390692073466328
0.013393998297363163
0.013397254481009984
0.013400461751528236
0.013403621202453149
0.013406733894975056
0.013409800859126129
0.013412823094915198
0.013415801573413402
0.013418737237793047
0.01342163100432208
0.013424483763316293
0.013427296380051426
0.013430069695637056
0.013432804527854164
0.013435501671958113
0.013438161901448704
0.013440785968808848
0.013443374606213372
0.013445928526209336
0.013448448422369166
0.013450934969917935
0.013453388826335885
0.013455810631937383
0.013458201010427363
0.013460560569436272
0.013462889901034471
0.013465189582227014
0.013467460175429678
0.013469702228927048
0.013471916277313471
0.013474102841917595
0.013476262431211201
0.013478395541203041
0.01348050265581826
0.013482584247264059
0.013484640776382145
0.013486672692988585
0.013488680436201484
0.013490664434757074
0.013492625107314665
0.013494562862750924
0.013496478100443866
0.013498371210547052
0.01350024257425432
0.013502092564055462
0.013503921543983187
0.013505729869851756
0.013507517889487532
0.013509285942951867
0.013511034362756526
0.013512763474072006
0.013514473594928989
0.013516165036413204
0.013517838102853917
0.013519493092006361
0.013521130295228247
0.013522749997650647
0.013524352478343403
0.013525938010475327
0.01352750686146932
0.013529059293152618
0.013530595561902385
0.013532115918786749
0.013533620609701515
0.01353510987550262
0.013536583952134612
0.013538043070755157
0.013539487457855826
0.013540917335379193
0.01354233292083248
0.013543734427397775
0.013545122064038987
0.013546496035605645
0.013547856542933655
0.013549203782943112
0.013550537948733246
0.013551859229674633
0.013553167811498758
0.013554463876384985
0.013555747603045079
0.00851419761596672
0.008949669642864751
0.009322236896653669
0.009644003790474465
0.009924314049208644
0.010170445078682918
0.010388121813780382
0.010581894057633214
0.010755413959328875
0.01091164125680873
0.011052996319033156
0.011181475304663034
0.011298737636189073
0.011406173074084508
0.011504953624227402
0.011596074066350628
0.011680383867941948
0.011758612518730994
0.011831389797163135
0.011899262101040246
0.011962705697611337
0.01202213754450811
0.012077924181545085
0.01213038908010652
0.012179818751379572
0.012226467849739176
0.012270563457864075
0.012312308701829382
0.012351885814671552
0.01238945874368563
0.012425175378455007
0.012459169462180193
0.012491562237399351
0.012522463868023529
0.012551974672242788
0.012580186194912316
0.012607182143203225
0.012633039205371736
0.012657827769283085
0.012681612554682184
0.012704453171021049
0.012726404610845388
0.012747517687239685
0.012767839422575793
0.012787413394759774
0.012806280046289163
0.012824476960689047
0.012842039110266414
0.012858999078588703
0.01287538726063912
0.012891232043214025
0.012906559967797077
0.012921395877860934
0.012935763052303421
0.012949683326514964
0.012963177202392408
0.012976263948457308
0.012988961691100222
0.013001287497854022
0.013013257453495882
0.01302488672968724
0.013036189648782238
0.013047179742365706
0.013057869805021114
0.013068271943775363
0.013078397623620095
0.013088257709467616
0.013097862504862667
0.013107221787738701
0.013116344843478258
0.013125240495511496
0.01313391713366386
0.013142382740443541
0.013150644915441188
0.013158710897997984
0.013166587588283688
0.013174281566913106
0.013181799113217839
0.013189146222279494
0.013196328620821155
0.013203351782045365
0.013210220939499076
0.013216941100039256
0.013223517055966326
0.013229953396387106
0.013236254517863689
0.013242424634400004
0.013248467786813656
0.013254387851536618
0.013260188548885048
0.01326587345083513
0.013271445988339039
0.013276909458212381
0.013282267029622189
0.013287521750202098
0.013292676551819572
0.013297734256017931
0.01330269757915446
0.013307569137254158
0.013312351450597297
0.01331704694805769
0.01332165797120735
0.013326186778201965
0.013330635547460872
0.013335006381153957
0.013339301308507273
0.013343522288938259
0.013347671215030657
0.013351749915358714
0.01335576015716939
0.013359703648930878
0.013363582042755173
0.013367396936701793
0.013371149876969532
0.013374842359982403
0.013378475834375785
0.013382051702888231
0.01338557132416416
0.013389036014472291
0.013392447049344334
0.013395805665138268
0.013399113060530207
0.01340237039793862
0.013405578804884468
0.013408739375290586
0.013411853170723456
0.013414921221580335
0.013417944528224507
0.013420924062071298
0.013423860766627323
0.013426755558485281
0.01342960932827653
0.013432422941583484
0.013435197239813847
0.013437933041038443
0.013440631140794496
0.013443292312855952
0.013445917309972424
0.013448506864578238
0.01345106168947299
0.013453582478474928
0.013456069907048427
0.013458524632906753
0.013460947296591207
0.013463338522027775
0.013465698917062249
0.013468029073974827
0.013470329569975053
0.013472600967678026
0.013474843815562649
0.013477058648412723
0.01347924598774166
0.013481406342201439
0.0134835402079766
0.013485648069163782
0.013487730398137526
0.013489787655902878
0.013491820292435302
0.01349382874700852
0.013495813448510701
0.013497774815749533
0.013499713257746574
0.013501629174021371
0.013503522954865756
0.013505394981608647
0.013507245626871842
0.013509075254817059
0.013510884221384644
0.013512672874524227
0.013514441554417663
0.013516190593694556
0.013517920317640635
0.01351963104439928
0.013521323085166459
0.013522996744379286
0.013524652319898509
0.013526290103185085
0.013527910379471125
0.013529513427925367
0.013531099521813427
0.013532668928652963
0.013534221910363995
0.01353575872341454
0.0135372796189617
0.013538784842988405
0.013540274636435945
0.013541749235332478
0.013543208870917582
0.013544653769763087
0.013546084153890213
0.013547500240883264
0.013548902243999857
0.013550290372277951
0.013551664830639666
0.013553025819992084
0.013554373537325066
0.013555708175806272
0.013557029924873381
0.013558338970323687
0.013559635494401118
0.013560919675880759
0.008517485033321481
0.008953110946868275
0.009325809395816963
0.00964768928322159
0.009928097760121978
0.010174314877274524
0.010392067635777144
0.010585907471669636
0.010759487838794313
0.010915769528479197
0.011057173768377095
0.011185697423441332
0.01130300050196372
0.011410473254055739
0.011509288097807914
0.011600440162309439
0.011684779212980542
0.01176303499510697
0.011835837507532051
0.01190373333910005
0.011967198923445027
0.012026651363756066
0.012082457327719143
0.012134940399496873
0.012184387190113753
0.012231052442636892
0.01227516331879824
0.012316923015356623
0.012356513828737448
0.012394099763243913
0.012429828759867121
0.012463834608283838
0.01249623859315267
0.012527150916646367
0.012556671931788693
0.012584893215214998
0.012611898503149565
0.01263776451046043
0.012662561649433838
0.012686354662265288
0.012709203179081334
0.012731162211498039
0.012752282590218341
0.012772611353916023
0.012792192095602985
0.012811065271794084
0.012829268479039327
0.012846836701764373
0.012863802534826434
0.012880196383739162
0.01289604664513272
0.012911379869684513
0.012926220909472059
0.012940593051455496
0.012954518138587048
0.012968016679863071
0.012981107950477067
0.012993810083095646
0.013006140151160773
0.013018114245018107
0.01302974754158118
0.013041054368161938
0.013052048261029035
0.013062742019194449
0.013073147753875403
0.013083276934031463
0.013093140428335022
0.01310274854389647
0.013112111062032885
0.01312123727133986
0.013130135998300641
0.013138815635643614
0.013147284168638891
0.013155549199506454
0.013163617970092106
0.0131714973829528
0.013179194020979921
0.013186714165677352
0.013194063814200593
0.013201248695253732
0.01320827428393256
0.013215145815594347
0.013221868298827912
0.013228446527591278
0.013234885092578544
0.013241188391872456
0.013247360640934423
0.013253405881979593
0.013259327992780616
0.013265130694940293
0.013270817561670138
0.013276392025108847
0.013281857383212158
0.01328721680624306
0.013292473342889109
0.013297629926031618
0.01330268937818961
0.013307654416659681
0.013312527658371424
0.013317311624476594
0.013322008744688873
0.013326621361389922
0.013331151733516247
0.013335602040240407
0.013339974384459146
0.013344270796100142
0.013348493235258307
0.013352643595171753
0.013356723705046949
0.013360735332741867
0.013364680187315393
0.013368559921450697
0.013372376133759824
0.013376130370976118
0.013379824130040947
0.013383458860090517
0.013387035964348332
0.013390556801928521
0.013394022689554846
0.01339743490319999
0.013400794679649341
0.013404103217993405
0.013407361681052502
0.013410571196737369
0.01341373285934901
0.013416847730820886
0.013419916841906448
0.013422941193314792
0.013425921756797056
0.013428859476186002
0.013431755268391181
0.013434610024351819
0.013437424609949553
0.01344019986688293
0.013442936613505554
0.013445635645629655
0.013448297737296638
0.01345092364151632
0.013453514090976205
0.013456069798722272
0.013458591458812593
0.013461079746945034
0.013463535321060191
0.013465958821920782
0.013468350873668437
0.013470712084359068
0.01347304304647759
0.013475344337433056
0.01347761652003503
0.013479860142951997
0.013482075741152604
0.013484263836330512
0.013486424937313515
0.013488559540457652
0.013490668130026886
0.01349275117855903
0.01349480914721846
0.013496842486136173
0.013498851634737715
0.013500837022059498
0.013502799067053955
0.013504738178884014
0.013506654757207314
0.013508549192450571
0.013510421866074505
0.013512273150829698
0.01351410341100373
0.013515913002659974
0.01351770227386831
0.013519471564928172
0.013521221208584122
0.013522951530234313
0.013524662848132089
0.013526355473580953
0.013528029711123254
0.013529685858722676
0.01353132420794091
0.013532945044108648
0.013534548646491111
0.013536135288448351
0.013537705237590486
0.013539258755928065
0.013540796100017733
0.013542317521103391
0.01354382326525299
0.01354531357349108
0.013546788681927404
0.013548248821881445
0.01354969422000334
0.013551125098391039
0.01355254167470404
0.013553944162273672
0.013555332770210128
0.013556707703506352
0.013558069163138852
0.013559417346165573
0.013560752445820931
0.013562074651608077
0.013563384149388511
0.013564681121469146
0.013565965746686847
0.008520693329273441
0.00895646942526454
0.00932929591136172
0.0096512860724617
0.009931790403295226
0.0101780915358844
0.010395918487807371
0.010589824288706558
0.010763463665772799
0.010919798438364891
0.011061250672158598
0.011189817921398539
0.011307160766076803
0.011414669934156987
0.011513518246019646
0.011604701171700892
0.011689068767381818
0.011767351027752733
0.011840178166749649
0.011908096959660603
0.011971584002499574
0.012031056540509281
0.012086881366169113
0.012139382173705306
0.012188845671576479
0.012235526689406959
0.012279652466078993
0.012321426267333645
0.012361030451459422
0.012398629078395397
0.012434370139302934
0.012468387469216307
0.012500802393900654
0.012531725152869409
0.012561256133141543
0.01258948694236757
0.012616501345125593
0.012642376082254877
0.012667181589874822
0.012690982632091095
0.012713838859207125
0.01273580530145026
0.01275693280671782
0.012777268429593074
0.012796855777830164
0.01281573532162383
0.012833944670235478
0.012851518819917716
0.012868490376545777
0.012884889755910275
0.012900745364238454
0.012916083761180159
0.012930929807210632
0.012945306797158251
0.012959236581355029
0.01297273967572592
0.012985835361975773
0.012998541778896183
0.013010876005695952
0.013022854138155196
0.013034491358313107
0.013045801998320092
0.013056799599015886
0.013067496963734375
0.013077906207782226
0.013088038803991429
0.013097905624703941
0.013107516980509982
0.013116882656028794
0.013126011942991688
0.013134913670861496
0.01314359623519968
0.013152067623971777
0.013160335441963815
0.013168406933465927
0.013176289003364795
0.013183988236773584
0.013191510917316168
0.013198863044172011
0.013206050347978528
0.013213078305679186
0.013219952154397988
0.01322667690441392
0.013233257351302706
0.013239698087307517
0.01324600351199514
0.013252177842249387
0.013258225121649307
0.013264149229275947
0.013269953887987792
0.013275642672201937
0.013281219015215055
0.013286686216095564
0.01329204744617602
0.013297305755172524
0.013302464076955848
0.013307525234997232
0.013312491947509966
0.013317366832306466
0.013322152411388986
0.013326851115290857
0.01333146528718391
0.013335997186766663
0.01334044899394678
0.013344822812330352
0.013349120672529797
0.013353344535301199
0.013357496294521275
0.013361577780013505
0.013365590760232166
0.01336953694481261
0.013373417986995456
0.013377235485931945
0.013380990988877121
0.013384685993277252
0.01338832194875731
0.013391900259014083
0.013395422283620097
0.013398889339743213
0.013402302703786458
0.013405663612952352
0.013408973266735817
0.013412232828349344
0.013415443426084075
0.013418606154610064
0.013421722076218924
0.013424792222011728
0.013427817593035067
0.01343079916136779
0.01343373787116097
0.013436634639633373
0.013439490358024695
0.013442305892508572
0.01344508208506741
0.013447819754330792
0.013450519696379313
0.013453182685515418
0.013455809475002852
0.013458400797776202
0.013460957367121908
0.013463479877332093
0.01346596900433248
0.013468425406285539
0.013470849724170059
0.01347324258233815
0.013475604589050762
0.0134779363369926
0.013480238403767431
0.013482511352374608
0.01348475573166762
0.013486972076795513
0.01348916090962787
0.013491322739164063
0.013493458061927501
0.013495567362345435
0.013497651113115029
0.013499709775556156
0.013501743799951595
0.013503753625875064
0.013505739682507647
0.013507702388943044
0.013509642154482146
0.013511559378917352
0.013513454452807027
0.013515327757740517
0.013517179666594086
0.013519010543778156
0.013520820745476147
0.013522610619875313
0.01352438050738982
0.013526130740876436
0.013527861645843024
0.01352957354065023
0.013531266736706547
0.013532941538656982
0.013534598244565694
0.013536237146092686
0.013537858528664851
0.01353946267164157
0.013541049848475073
0.0135426203268657
0.01354417436891234
0.013545712231258148
0.013547234165231736
0.013548740416984013
0.013550231227620814
0.013551706833331463
0.013553167465513456
0.013554613350893339
0.013556044711643952
0.013557461765498175
0.013558864725859262
0.013560253801907916
0.013561629198706193
0.013562991117298365
0.013564339754808814
0.01356567530453711
0.013566997956050292
0.013568307895272528
0.013569605304572194
0.013570890362846455
0.008523825325219196
0.008959748031560553
0.009332699509426026
0.009654797321338643
0.009935395226193706
0.01018177837588555
0.010399677756511674
0.010593647953413901
0.010767344936845336
0.010923731529744005
0.011065230615876307
0.011193840422383378
0.011311222087359636
0.011418766805255026
0.011517647789171609
0.011608860841982913
0.011693256303715073
0.01177156441253081
0.011844415592342776
0.011912356800448144
0.01197586479137857
0.012035356949051586
0.012091200187771736
0.012143718309210984
0.012193198116944541
0.012239894525095166
0.012284034847860333
0.012325822418322589
0.012365439655162087
0.012403050672630447
0.012438803510865973
0.012472832049181589
0.012505257653471234
0.012536190599700861
0.012565731308076047
0.012593971416524767
0.012620994717304521
0.012646877976608073
0.012671691653821086
0.012695500534438256
0.012718364288459964
0.012740337964282176
0.012761472426587588
0.012781814745490566
0.012801408543136831
0.012820294303075627
0.0128385096469774
0.012856089582640411
0.01287306672669584
0.0128894715049668
0.012905332333049368
0.01292067577935241
0.01293552671254914
0.01294990843514903
0.012963842804688343
0.012977350343855845
0.012990450340712837
0.013003160940030227
0.013015499226646476
0.0130274813016469
0.01303912235207444
0.013050436714802868
0.013061437935134285
0.013072138820621663
0.013082551490563876
0.013092687421573206
0.013102557489573898
0.01311217200855323
0.013121540766354073
0.013130673057768858
0.013139577715169146
0.013148263136882075
0.013156737313504498
0.013165007852327461
0.013173082000027281
0.013180966663764958
0.01318866843082259
0.013196193586893612
0.013203548133133323
0.013210737802066462
0.013217768072440236
0.01322464418310336
0.013231371145984777
0.013237953758239432
0.01324439661362273
0.013250704113150203
0.013256880475094223
0.013262929744365307
0.01326885580132178
0.013274662370047931
0.013280353026137778
0.01328593120401841
0.01329140020384446
0.013296763197992624
0.01330202323718308
0.01330718325625253
0.013312246079601762
0.013317214426338967
0.013322090915138383
0.013326878068832544
0.013331578318754922
0.01333619400884873
0.013340727399556374
0.013345180671503122
0.013349555928987563
0.013353855203290552
0.013358080455813617
0.013362233581056914
0.013366316409446237
0.013370330710017983
0.013374278192970266
0.013378160512087896
0.01338197926704848
0.01338573600561635
0.013389432225730679
0.013393069377493565
0.013396648865063827
0.013400172048461483
0.013403640245287934
0.013407054732366315
0.013410416747306354
0.013413727489997765
0.013416988124035887
0.013420199778083215
0.013423363547170091
0.013426480493937742
0.013429551649826607
0.013432578016212731
0.013435560565494893
0.013438500242134895
0.013441397963653377
0.01344425462158334
0.01344707108238349
0.013449848188313329
0.013452586758271852
0.013455287588601652
0.013457951453859987
0.013460579107558504
0.013463171282872992
0.013465728693324627
0.013468252033434023
0.013470741979349336
0.013473199189449631
0.013475624304924636
0.013478017950331926
0.013480380734132616
0.013482713249206451
0.013485016073347282
0.013487289769739721
0.01348953488741788
0.013491751961706912
0.013493941514648127
0.013496104055408397
0.013498240080674517
0.013500350075033158
0.013502434511337022
0.013504493851057793
0.013506528544626424
0.013508539031761281
0.013510525741784667
0.0135124890939282
0.013514429497627446
0.013516347352806365
0.01351824305015184
0.013520116971378776
0.01352196948948614
0.013523800969004261
0.01352561176623376
0.013527402229476463
0.013529172699258553
0.013530923508546325
0.013532654982954749
0.013534367440949227
0.013536061194040714
0.01353773654697447
0.013539393797912726
0.013541033238611451
0.013542655154591457
0.01354425982530405
0.013545847524291426
0.013547418519342023
0.01354897307264097
0.013550511440915857
0.013552033875578002
0.013553540622859298
0.013555031923944916
0.0135565080151019
0.013557969127803882
0.013559415488852002
0.013560847320492214
0.01356226484052903
0.013563668262435918
0.01356505779546242
0.013566433644738054
0.01356779601137324
0.013569145092557227
0.01357048108165318
0.013571804168290512
0.013573114538454566
0.013574412374573724
0.013575697855604012
0.008526883710035866
0.008962949580537435
0.00933602311213073
0.00965822604442174
0.00993891532374682
0.010185378562642879
0.010403348669456273
0.010597381748660963
0.010771134984353507
0.010927572179461467
0.01106911701661208
0.011197768380026063
0.011315187952781514
0.011422767384849585
0.011521680272822538
0.011612922744587667
0.011697345417344105
0.011775678767003906
0.011848553422520643
0.011916516518922317
0.011980044965532103
0.012039556281682677
0.012095417500640086
0.01214795252899637
0.012197448263207539
0.012244159699908523
0.012288314226841669
0.012330115242848045
0.012369745225579883
0.01240736834232468
0.012443132681046392
0.012477172164295792
0.012509608197152328
0.012540551091177611
0.012570101298983746
0.012598350488064436
0.012625382477705964
0.012651274058858604
0.012676095713627395
0.012699912248393279
0.012722783352390592
0.01274476409175683
0.012765905347565519
0.012786254205097033
0.012805854300550375
0.01282474613051539
0.01284296732877987
0.01286055291441633
0.012877535514559054
0.012893945564827862
0.012909811489967404
0.012925159866939675
0.012940015572423174
0.012954401916427908
0.01296834076352505
0.012981852643008163
0.012994956849145603
0.013007671532547027
0.013020013783548242
0.013031999708415048
0.013043644499076497
0.013054962497018723
0.013065967251901286
0.013076671575397086
0.013087087590703327
0.013097226778123753
0.013107100017080684
0.013116717624878597
0.013126089392508221
0.01313522461775115
0.0131441321358193
0.013152820347740473
0.013161297246680994
0.013169570442378029
0.013177647183837992
0.013185534380442749
0.013193238621592336
0.013200766195001115
0.013208123103753761
0.013215315082217984
0.013222347610902328
0.013229225930339667
0.013235955054070138
0.013242539780790773
0.013248984705733663
0.013255294231329033
0.013261472577205172
0.013267523789572775
0.013273451750037406
0.013279260183880363
0.013284952667844904
0.013290532637461971
0.013296003393946883
0.013301368110695926
0.013306629839409754
0.013311791515868284
0.01331685596538002
0.013321825907927007
0.013326703963025054
0.013331492654317448
0.013336194413918999
0.013340811586526169
0.013345346433307766
0.0133498011355898
0.01335417779834706
0.013358478453513152
0.01336270506311987
0.013366859522276123
0.013370943661995895
0.013374959251884021
0.013378908002688135
0.013382791568724437
0.013386611550184542
0.013390369495330106
0.013394066902581592
0.013397705222507033
0.013401285859716415
0.013404810174666732
0.013408279485382715
0.013411695069097746
0.013415058163819188
0.013418369969822267
0.013421631651076175
0.013424844336606023
0.013428009121793972
0.01343112706962265
0.013434199211863881
0.013437226550215418
0.013440210057388453
0.013443150678148217
0.01344604933031011
0.013448906905693569
0.013451724271035654
0.013454502268866454
0.013457241718348044
0.013459943416078847
0.013462608136864954
0.013465236634460087
0.013467829642275556
0.013470387874061775
0.013472912024562455
0.013475402770142973
0.013477860769393895
0.013480286663710924
0.013482681077852271
0.013485044620474514
0.013487377884647858
0.013489681448351751
0.013491955874951736
0.01349420171365829
0.013496419499968524
0.013498609756091448
0.01350077299135749
0.013502909702613003
0.013505020374600319
0.013507105480324029
0.013509165481404059
0.013511200828416042
0.0135132119612196
0.013515199309274945
0.013517163291948346
0.013519104318806912
0.013521022789903046
0.013522919096049133
0.013524793619082692
0.013526646732122501
0.013528478799815977
0.013530290178578194
0.01353208121682286
0.013533852255185538
0.013535603626739463
0.013537335657204209
0.01353904866514747
0.013540742962180247
0.013542418853145704
0.013544076636301833
0.013545716603498317
0.013547339040347679
0.013548944226390986
0.013550532435258295
0.01355210393482406
0.013553658987357615
0.013555197849669028
0.013556720773250349
0.013558228004412577
0.013559719784418342
0.013561196349610578
0.013562657931537263
0.013564104757072388
0.013565537048533284
0.01356695502379443
0.013568358896397854
0.013569748875660304
0.013571125166777193
0.013572487970923527
0.013573837485351892
0.01357517390348756
0.01357649741502085
0.013577808205996848
0.013579106458902517
0.013580392352751363
0.00852987104776846
0.008966076756297882
0.009339269505933952
0.009661575116324718
0.00994235364719683
0.010188895114563426
0.01040693430436118
0.010601028804902778
0.010774836985927369
0.0109313236075841
0.011072913132801218
0.011201605087613104
0.011319061687419921
0.011426675027130833
0.011525619077918669
0.011616890285133373
0.011701339536707454
0.011779697540778629
0.011852595126577624
0.011920579602733981
0.011984128029766108
0.012043658059275656
0.012099536840726302
0.012152088383192546
0.012201599673853232
0.012248325789938438
0.012292494191026685
0.012334308340189774
0.012373950772681894
0.012411585707594194
0.012447361279605164
0.012481411453498832
0.012513857672629754
0.012544810283328187
0.012574369769859841
0.012602627828597248
0.012629668305227491
0.012655568014883156
0.012680397461860806
0.012704221472942367
0.01272709975614926
0.012749087394948316
0.012770235286423078
0.012790590530667549
0.012810196777607533
0.012829094536570482
0.01284732145318001
0.012864912557520938
0.012881900486986652
0.012898315686766035
0.01291418659053978
0.01292953978362429
0.012944400150517354
0.012958791008555244
0.012972734229180594
0.012986250348138332
0.012999358665759644
0.013012077338357294
0.013024423461636682
0.013036413146923751
0.013048061590920153
0.013059383139617211
0.013070391346930695
0.013081099028557723
0.013091518311503271
0.013101660679676753
0.013111537015917302
0.013121157640769526
0.013130532348298874
0.013139670439206656
0.013148580751479148
0.013157271688782076
0.013165751246791531
0.01317402703763398
0.013182106312591787
0.013189995983216084
0.013197702640975643
0.013205232575558794
0.013212591791934772
0.01321978602627143
0.013226820760797725
0.013233701237691579
0.013240432472066861
0.013247019264126886
0.01325346621054611
0.013259777715136586
0.013265957998851025
0.013272011109170073
0.013277940928917575
0.013283751184544012
0.013289445453915189
0.013295027173640263
0.013300499645970576
0.013305866045298327
0.013311129424281865
0.01331629271962241
0.013321358757515087
0.013326330258795496
0.013331209843801463
0.01333600003696819
0.013340703271173678
0.013345321891850129
0.013349858160875878
0.0133543142602614
0.01335869229564198
0.013362994299588789
0.013367222234749253
0.01337137799682691
0.013375463417410239
0.013379480266659314
0.013383430255858527
0.013387315039843127
0.013391136219306793
0.013394895342996937
0.013398593909804142
0.013402233370751556
0.013405815130889828
0.013409340551102785
0.013412810949828671
0.013416227604701566
0.013419591754117234
0.013422904598727452
0.013426167302866578
0.013429380995913925
0.013432546773595285
0.013435665699226766
0.013438738804903864
0.013441767092638586
0.013444751535447268
0.013447693078391516
0.013450592639574658
0.013453451111095888
0.013456269359964163
0.013459048228973876
0.013461788537544069
0.01346449108252305
0.013467156638959966
0.01346978596084497
0.013472379781819458
0.013474938815857714
0.013477463757921394
0.013479955284588039
0.013482414054654796
0.013484840709718563
0.01348723587473353
0.013489600158547188
0.013491934154415776
0.013494238440500048
0.013496513580342248
0.013498760123325123
0.013500978605113761
0.013503169548080967
0.013505333461716937
0.013507470843023856
0.013509582176896106
0.013511667936486647
0.013513728583560192
0.013515764568833707
0.013517776332304773
0.01351976430356831
0.013521728902122127
0.013523670537661785
0.013525589610365176
0.013527486511167261
0.013529361622025324
0.013531215316175169
0.013533047958378583
0.013534859905162443
0.013536651505049716
0.01353842309878282
0.013540175019539448
0.01354190759314134
0.013543621138256101
0.013545315966592477
0.013546992383089231
0.013548650686097907
0.013550291167559726
0.013551914113176786
0.013553519802577832
0.013555108509478742
0.013556680501837982
0.013558236042007146
0.01355977538687684
0.013561298788018001
0.013562806491818877
0.013564298739617758
0.013565775767831712
0.013567237808081336
0.013568685087311771
0.013570117827910077
0.013571536247819059
0.013572940560647728
0.013574330975778471
0.013575707698471058
0.013577070929963596
0.013578420867570523
0.013579757704777779
0.013581081631335179
0.01358239283334615
0.013583691493354887
0.013584977790431045
0.008532789784788417
0.00896913211976006
0.009342441349410868
0.009664847279731745
0.009945713012338915
0.010192330911524067
0.010410437597693556
0.010604592108920813
0.01077845397335787
0.010934988886391637
0.011076622073330673
0.01120535368728284
0.011322846463744794
0.011430492932345038
0.01152946743023411
0.01162076671293356
0.011705241932891443
0.011783624025137666
0.01185654401458041
0.011924549379463701
0.011988117328028704
0.01204766564110826
0.012103561581694995
0.012156129258992156
0.012205655748817821
0.012252396207146202
0.012296578163742135
0.01233840514443298
0.01237805974075194
0.012415706222404062
0.012451492769709466
0.012485553388715482
0.012518009560172705
0.012548971664381521
0.012578540216534252
0.012606806941219
0.012633855709917298
0.012659763361388663
0.012684600421611503
0.01270843173730019
0.012731317034831734
0.012753311414604306
0.012774465789343754
0.01279482727361752
0.012814439530762906
0.012833343082552445
0.012851575586173739
0.012869172082471004
0.01288616521886109
0.012902585449882188
0.012918461217945786
0.01293381911653083
0.012948684037774806
0.012963079306171996
0.012977026799878675
0.012990547060942964
0.013003659395619642
0.013016381965793578
0.01302873187241647
0.013040725231758175
0.013052377245183329
0.013063702263084967
0.013074713843537335
0.013085424806169333
0.013095847281706255
0.01310599275758038
0.01311587211996918
0.013125495692582975
0.013134873272491313
0.013144014163248171
0.013152927205550459
0.013161620805641247
0.013170102961648746
0.013178381288033844
0.013186463038302603
0.013194355126125584
0.013202064144992785
0.01320959638652117
0.01321695785752124
0.013224154295919666
0.013231191185626295
0.013238073770426309
0.013244807066971176
0.013251395876935896
0.013257844798404167
0.013264158236538124
0.013270340413584481
0.013276395378264683
0.01328232701459286
0.013288139050161839
0.013293835063934176
0.013299418493572482
0.01330489264234034
0.013310260685602973
0.013315525676954439
0.013320690553996099
0.013325758143789335
0.013330731168003696
0.01333561224778015
0.013340403908327626
0.013345108583269781
0.013349728618757675
0.01335426627736286
0.013358723741764559
0.013363103118243385
0.013367406439993429
0.013371635670263612
0.013375792705338443
0.013379879377367709
0.013383897457053956
0.013387848656206021
0.01339173463016627
0.013395556980118913
0.013399317255285974
0.013403016955017357
0.013406657530780856
0.013410240388057689
0.013413766888148692
0.013417238349896127
0.013420656051325572
0.01342402123121228
0.013427335090575924
0.013430598794107636
0.013433813471532795
0.013436980218912944
0.013440100099890006
0.013443174146875719
0.01344620336218912
0.013449188719144679
0.013452131163093576
0.013455031612420445
0.013457890959497829
0.013460710071600327
0.013463489791780563
0.013466230939708647
0.013468934312477032
0.013471600685372339
0.013474230812615735
0.013476825428073392
0.013479385245938346
0.013481910961385178
0.013484403251198724
0.013486862774377965
0.013489290172716384
0.013491686071359634
0.013494051079341743
0.013496385790100714
0.01349869078197443
0.013500966618677787
0.013503213849761855
0.013505433011055825
0.013507624625092545
0.013509789201518295
0.013511927237487537
0.013514039218043193
0.013516125616483188
0.013518186894713697
0.013520223503589772
0.013522235883243791
0.01352422446340228
0.013526189663691568
0.013528131893932725
0.013530051554426244
0.013531949036226846
0.013533824721408825
0.013535678983322336
0.013537512186840909
0.013539324688600637
0.013541116837231259
0.013542888973579578
0.01354464143092536
0.013546374535190147
0.01354808860513918
0.013549783952576687
0.013551460882534847
0.013553119693456604
0.013554760677372608
0.013556384120072488
0.01355799030127064
0.0135595794947668
0.013561151968601512
0.013562707985206743
0.013564247801551793
0.013565771669284667
0.013567279834869082
0.013568772539717265
0.013570250020318704
0.013571712508364945
0.013573160230870657
0.013574593410291021
0.013576012264635604
0.013577417007578852
0.013578807848567288
0.013580184992923565
0.013581548641947425
0.013582898993013764
0.013584236239667782
0.01358556057171742
0.013586872175323107
0.013588171233084971
0.01358945792412751
0.008535642256465331
0.008972118115641851
0.009345541180504405
0.009668045152877593
0.00994899610720084
0.010195688702726009
0.010413861352676603
0.010608074511969122
0.010781988840865859
0.010938570948756152
0.011080246806018344
0.01120901717859548
0.011326545310271401
0.011434224155523174
0.011533228409169118
0.011624555129859599
0.011709055728552076
0.011787461362016798
0.011860403246396293
0.011928429025697773
0.011992016052530925
0.012051582234025415
0.012107494944125006
0.012160078389888133
0.012209619733759444
0.012256374208669277
0.012300569412975127
0.012342408933834951
0.012382075417783082
0.012419733183989206
0.012455530457378707
0.012489601284325285
0.012522067182126456
0.012553038564281374
0.012582615976206742
0.012610891170065574
0.012637948042548149
0.012663863455504428
0.012688707956102347
0.01271254641053612
0.012735438563121568
0.012757439530803754
0.01277860024159565
0.012798967824209476
0.012818585955089534
0.012837495168170836
0.012855733131942399
0.012873334897763529
0.012890333122846936
0.012906758270867832
0.012922638792770266
0.012938001290010367
0.012952870662191855
0.012967270240804489
0.012981221910565749
0.01299474621968381
0.013007862480202553
0.013020588859452427
0.013032942463512304
0.013044939413483683
0.01305659491528832
0.013067923323621009
0.013078938200620048
0.01308965236975684
0.013100077965392525
0.013110226478402254
0.013120108798226032
0.013129735251668011
0.01313911563873363
0.013148259265764753
0.013157174976107383
0.013165871178523402
0.01317435587353747
0.013182636677891888
0.013190720847265913
0.01319861529740142
0.01320632662376374
0.013213861119854668
0.01322122479428418
0.013228423386697809
0.013235462382648137
0.013242347027491106
0.013249082339380882
0.013255673121430708
0.01326212397310154
0.013268439300874943
0.01327462332826225
0.01328068010519752
0.01328661351685816
0.01329242729195338
0.013298125010517605
0.01330371011124297
0.013309185898382312
0.013314555548251793
0.013319822115359927
0.013324988538187775
0.013330057644643314
0.013335032157211102
0.01333991469781701
0.013344707792426129
0.013349413875390844
0.01335403529356473
0.013358574310196847
0.013363033108619958
0.013367413795745355
0.013371718405375918
0.013375948901348389
0.013380107180515055
0.013384195075574274
0.013388214357758756
0.01339216673938985
0.013396053876305547
0.013399877370169438
0.013403638770667383
0.013407339577598178
0.013410981242864174
0.013414565172367367
0.013418092727816144
0.013421565228447611
0.013424983952669957
0.013428350139629282
0.01343166499070483
0.013434929670936404
0.013438145310387584
0.01344131300544804
0.013444433820078112
0.013447508786998597
0.01345053890882859
0.01345352515917393
0.013456468483668795
0.013459369800972745
0.013462230003725442
0.013465049959461121
0.01346783051148476
0.013470572479711838
0.013473276661473417
0.013475943832288189
0.013478574746603088
0.013481170138503962
0.013483730722397638
0.01348625719366678
0.013488750229298812
0.01349121048848998
0.013493638613225865
0.013496035228839253
0.013498400944546471
0.013500736353963153
0.013503042035600286
0.013505318553341514
0.01350756645690239
0.01350978628227249
0.013511978552141066
0.013514143776306952
0.013516282452073404
0.013518395064628541
0.013520482087411943
0.013522543982468035
0.013524581200786829
0.013526594182632426
0.013528583357859982
0.01353054914622142
0.013532491957660478
0.013534412192597451
0.013536310242204115
0.01353818648866912
0.01354004130545436
0.013541875057542573
0.013543688101676596
0.013545480786590519
0.013547253453233148
0.013549006434984006
0.013550740057862186
0.013552454640728327
0.013554150495479986
0.01355582792724063
0.013557487234542526
0.013559128709503734
0.013560752637999406
0.013562359299827666
0.013563948968870188
0.013565521913247738
0.013567078395470833
0.013568618672585676
0.013570142996315584
0.013571651613198042
0.013573144764717528
0.013574622687434302
0.013576085613109263
0.013577533768825012
0.013578967377103308
0.01358038665601897
0.01358179181931039
0.013583183076486776
0.013584560632932223
0.01358592469000673
0.013587275445144252
0.013588613091947917
0.013589937820282472
0.013591249816364065
0.013592549262847461
0.013593836338910772
0.008538430693389953
0.008975037078975356
0.009348571423288255
0.00967117123652472
0.009952205499206097
0.010198971114021004
0.010417208246759844
0.010611478737372664
0.01078544435281492
0.010942072595957957
0.011083790165522172
0.011212598426526825
0.01133016111963121
0.011437871614622501
0.011536904955956651
0.011628258498607151
0.01171278390623693
0.011791212552378166
0.011864175840114236
0.011932221575493885
0.011995827252254013
0.01205541090098556
0.01211134000409237
0.012163938864291072
0.012213494728707957
0.012260262905501716
0.012304471060082464
0.012346322839561795
0.012386000944240291
0.012423669741641719
0.01245947750029526
0.012493558305995588
0.012526033711766586
0.01255701416356082
0.012586600236340794
0.012614883709225306
0.012641948503547412
0.01266787150372909
0.012692723277652071
0.012716568710553051
0.012739467564283905
0.012761474971965073
0.012782641876553431
0.012803015420588416
0.01282263929332703
0.012841554040593716
0.01285979734192516
0.012877404258959668
0.012894407458485892
0.012910837413110915
0.01292672258211976
0.012942089574766665
0.012956963297953936
0.012971367090009756
0.012985322842065484
0.01299885110835107
0.013011971206569502
0.013024701309374548
0.013037058527857134
0.013049058987841946
0.013060717899705518
0.013072049622347839
0.01308306772188
0.013093785025529646
0.013104213671212124
0.013114365153168165
0.013124250364027052
0.013133879633617312
0.013143262764814354
0.013152409066685342
0.013161327385165882
0.01317002613148013
0.013178513308495387
0.013186796535184139
0.013194883069350048
0.013202779828759807
0.013210493410809716
0.013218030110844103
0.013225395939231997
0.01323259663729921
0.013239637692204174
0.013246524350838333
0.013253261632824798
0.01325985434268278
0.013266307081219557
0.013272624256206513
0.01327881009239119
0.013284868640893057
0.013290803788026665
0.013296619263592548
0.013302318648672934
0.013307905382966364
0.013313382771692722
0.013318753992097757
0.013324022099583908
0.01332919003349219
0.013334260622558153
0.013339236590063086
0.013344120558700125
0.013348915055173553
0.013353622514548115
0.013358245284364145
0.01336278562853297
0.013367245731026243
0.013371627699371773
0.01337593356796755
0.013380165301224954
0.013384324796551297
0.013388413887181184
0.013392434344865586
0.01339638788242687
0.01340027615618751
0.013404100768279728
0.013407863268842798
0.013411565158114327
0.01341520788842147
0.013418792866077557
0.013422321453189381
0.013425794969380005
0.013429214693431654
0.013432581864852963
0.013435897685374648
0.01343916332037736
0.013442379900255298
0.013445548521718882
0.01344867024903972
0.013451746115240741
0.013454777123234353
0.013457764246911221
0.01346070843218217
0.013463610597975507
0.013466471637192026
0.013469292417619752
0.01347207378281037
0.013474816552919214
0.013477521525510586
0.013480189476330052
0.013482821160045242
0.013485417310956746
0.013487978643680378
0.013490505853802227
0.013492999618507738
0.013495460597186
0.013497889432010385
0.013500286748496602
0.013502653156039188
0.01350498924842742
0.013507295604341513
0.013509572787830045
0.013511821348769378
0.01351404182330587
0.013516234734281667
0.01351840059164472
0.013520539892843755
0.01352265312320881
0.013524740756317946
0.013526803254350756
0.013528841068429144
0.013530854638946006
0.013532844395882227
0.013534810759112507
0.01353675413870049
0.013538674935183605
0.013540573539848033
0.013542450334994216
0.013544305694193286
0.013546139982534738
0.01354795355686575
0.013549746766022414
0.013551519951053265
0.013553273445435336
0.013555007575283076
0.01355672265955039
0.013558419010226053
0.013560096932522785
0.013561756725060171
0.013563398680041703
0.01356502308342616
0.013566630215093484
0.013568220349005473
0.013569793753361307
0.013571350690748281
0.013572891418287776
0.013574416187776741
0.013575925245824766
0.013577418833986955
0.01357889718889276
0.01358036054237086
0.01358180912157028
0.013583243149077858
0.013584662843032188
0.013586068417234188
0.01358746008125433
0.013588838040536786
0.01359020249650044
0.013591553646637002
0.013592891684606217
0.01359421680032836
0.01359552918007404
0.013596829006551453
0.013598116458991106
0.008541157227183365
0.008977891241188182
0.009351534394280176
0.00967422792047637
0.009955343641860676
0.010202180654750368
0.010420480838592525
0.010614807387620245
0.010788823150911278
0.010945496504981717
0.011087254860723178
0.01121610016893029
0.011333696656105972
0.01144143809812665
0.011540499881323094
0.011631879650412806
0.011716429316153503
0.011794880464026637
0.011867864679905856
0.011935929928283701
0.011999553840890914
0.01205915456903852
0.012115099701182377
0.012167713633573418
0.012217283696139435
0.012264065270597199
0.012308286087920704
0.012350149853844038
0.012389839321240288
0.012427518904913702
0.012463336916029145
0.012497427478927008
0.012529912181564323
0.012560901501626512
0.012590496042965877
0.012618787611058519
0.012645860151333128
0.012671790570282542
0.01269664945604237
0.012720501712469013
0.012743407118561045
0.01276542082325514
0.012786593784120294
0.012806973157216139
0.012826602644327926
0.012845522802905527
0.012863771323288021
0.012881383277164489
0.01289839134068691
0.012914825995195927
0.012930715708132357
0.012946087096375382
0.012960965073963864
0.012975372985912566
0.012989332729624338
0.013002864865217185
0.01301598871592756
0.013028722459614367
0.013041083212269303
0.013053087104335356
0.01306474935054495
0.013076084313909886
0.013087105564425857
0.013097825932993336
0.013108257561002968
0.013118411945986345
0.013128299983691208
0.01313793200690332
0.013147317821304329
0.01315646673862619
0.013165387607336626
0.013174088841067386
0.013182578444976402
0.013190864040216832
0.013198952886669578
0.01320685190408118
0.013214567691736056
0.013222106546780129
0.01322947448130245
0.013236677238271793
0.013243720306416795
0.013250608934130294
0.013257348142471736
0.01326394273733509
0.01327039732084407
0.013276716302031213
0.01328290390685286
0.013288964187587545
0.013294901031661715
0.01330071816994301
0.013306419184538194
0.013312007516129865
0.013317486470883485
0.013322859226953752
0.013328128840617175
0.013333298252055637
0.013338370290813892
0.013343347680952248
0.013348233045914096
0.01335302891312648
0.013357737718350705
0.013362361809798603
0.013366903452029073
0.01337136482963847
0.013375748050757428
0.013380055150365833
0.013384288093436943
0.01338844877792078
0.013392539037576291
0.013396560644661194
0.013400515312487753
0.013404404697852167
0.013408230403344878
0.013411993979548521
0.013415696927129763
0.013419340698831132
0.013422926701368156
0.01342645629723719
0.013429930806438688
0.013433351508120606
0.013436719642146055
0.013440036410589433
0.01344330297916467
0.01344652047858923
0.013449690005887176
0.013452812625634466
0.013455889371149452
0.01345892124563134
0.013461909223249312
0.013464854250184682
0.013467757245628537
0.013470619102737018
0.013473440689546305
0.013476222849849296
0.013478966404035862
0.013481672149898372
0.01348434086340422
0.013486973299436841
0.013489570192506798
0.013492132257434244
0.013494660190004174
0.013497154667595674
0.013499616349786385
0.013502045878933298
0.013504443880730986
0.013506810964748237
0.01350914772494412
0.013511454740164313
0.013513732574618683
0.013515981778340808
0.013518202887630362
0.013520396425478986
0.01352256290198044
0.013524702814725686
0.013526816649183532
0.013528904879067452
0.013530967966689181
0.01353300636329962
0.01353502050941758
0.013537010835146888
0.013538977760482296
0.013540921695604696
0.013542843041166036
0.013544742188564376
0.013546619520209465
0.013548475409779243
0.013550310222467592
0.013552124315223723
0.01355391803698346
0.013555691728892852
0.01355744572452427
0.013559180350085409
0.013560895924621369
0.013562592760210126
0.013564271162151656
0.013565931429150932
0.013567573853494982
0.013569198721224342
0.013570806312298985
0.01357239690075902
0.013573970754880317
0.013575528137325241
0.013577069305288698
0.013578594510639606
0.013580104000058069
0.013581598015168263
0.013583076792667275
0.013584540564450078
0.013585989557730632
0.013587423995159414
0.013588844094937387
0.013590250070926579
0.013591642132757396
0.013593020485932743
0.013594385331929082
0.013595736868294586
0.013597075288744365
0.013598400783252994
0.013599713538144338
0.013601013736178821
0.013602301556638201
0.008543823895924008
0.008980682735784668
0.00935443230833993
0.009677217489661168
0.009958412880999922
0.010205319724134066
0.010423681574538324
0.01061806295099092
0.010792127760930038
0.010948845235332506
0.011090643481622808
0.01121952502350804
0.01133715456266621
0.011444926272145734
0.011544015872645013
0.01163542129226311
0.011719994683426577
0.011798467838911949
0.011871472523369264
0.011939556856255595
0.012003198604265295
0.012062816036778602
0.012118776845974559
0.012171405519584498
0.012220989468519464
0.012267784146439035
0.012312017348441352
0.012353892837595715
0.01239359341819326
0.012431283551280476
0.012467111589721686
0.012501211695556541
0.01253370549090814
0.012564703484497926
0.012594306308433608
0.012622605793969798
0.012649685910101705
0.012675623584908369
0.012700489426334527
0.0127243483564474
0.012747260171015727
0.012769280034445128
0.012790458918595824
0.012810843992750766
0.012830478970948333
0.012849404422008548
0.012867658046835668
0.012885274926948843
0.012902287747657767
0.012918726998844866
0.012934621155927643
0.012949996843242802
0.012964878981809043
0.012979290923180875
0.012993254570894917
0.013006790490827938
0.013019918011628343
0.013032655316245877
0.013045019525465383
0.013057026774246742
0.013068692281582611
0.013080030414506316
0.013091054746812847
0.013101778112994854
0.013112212657841965
0.01312236988210436
0.013132260684579776
0.01314189540094625
0.013151283839630068
0.013160435314969451
0.013169358677908635
0.013178062344434091
0.013186554321944082
0.013194842233724566
0.013202933341688048
0.013210834567517458
0.01321855251234385
0.013226093475075206
0.013233463469482806
0.013240668240142323
0.013247713277318107
0.01325460383087142
0.01326134492326652
0.01326794136174193
0.013274397749708882
0.013280718497433407
0.013286907832054065
0.01329296980698302
0.0132989083107342
0.013304727075218913
0.013310429683545955
0.013316019577360384
0.013321500063752465
0.013326874321765892
0.013332145408532056
0.013337316265055226
0.013342389721671604
0.013347368503203411
0.013352255233827808
0.01335705244167874
0.013361762563198768
0.01336638794725647
0.013370930859044113
0.013375393483769024
0.013379777930151434
0.013384086233740343
0.013388320360058555
0.013392482207586869
0.013396573610597061
0.013400596341842482
0.013404552115114526
0.013408442587672716
0.013412269362555662
0.013416033990779598
0.013419737973430858
0.013423382763658205
0.013426969768570537
0.013430500351045212
0.01343397583145181
0.013437397489295953
0.013440766564787467
0.013444084260336883
0.013447351741984078
0.013450570140762699
0.013453740554003554
0.013456864046580272
0.013459941652100137
0.013462974374042869
0.013465963186850022
0.013468909036967482
0.013471812843843346
0.013474675500883486
0.013477497876366786
0.013480280814322069
0.01348302513536859
0.013485731637521776
0.013488401096965981
0.013491034268795695
0.013493631887726851
0.013496194668779458
0.013498723307933043
0.013501218482756084
0.013503680853010624
0.013506111061233256
0.01350850973329348
0.013510877478930518
0.013513214892269487
0.013515522552317904
0.013517801023443379
0.013520050855833266
0.013522272585937176
0.01352446673689296
0.013526633818936989
0.013528774329799348
0.013530888755084552
0.01353297756863852
0.01353504123290223
0.013537080199252746
0.013539094908332031
0.013541085790364147
0.01354305326546127
0.01354499774391896
0.013546919626501173
0.013548819304715388
0.013550697161078262
0.013552553569372202
0.013554388894893181
0.013556203494690194
0.013557997717796616
0.013559771905453866
0.013561526391327572
0.013563261501716613
0.013564977555755277
0.013566674865608794
0.013568353736662483
0.013570014467704807
0.013571657351104523
0.013573282672982117
0.013574890713375828
0.013576481746402372
0.013578056040412616
0.01357961385814235
0.013581155456858372
0.013582681088500016
0.013584190999816349
0.013585685432499075
0.01358716462331147
0.013588628804213309
0.013590078202482082
0.013591513040830502
0.013592933537520523
0.013594339906473964
0.013595732357379832
0.013597111095798461
0.013598476323262658
0.0135998282373758
0.013601167031907153
0.013602492896884397
0.013603806018683481
0.013605106580115923
0.01360639476051358
0.008546432649221575
0.00898341360365746
0.009357267284183481
0.009680142129821849
0.009961415460628965
0.010208390617244077
0.010426812794766135
0.010621247807749108
0.01079536059900375
0.010952121235408414
0.011093958505791469
0.011222875494328537
0.01134053736755166
0.011448338687054445
0.01154745550064025
0.01163888601363447
0.01172348261488328
0.011801977299955711
0.011875002008395044
0.011943105011256925
0.012006764207267834
0.012066397981312638
0.01212237412704064
0.012175017221676538
0.012224614755355592
0.012271422252117546
0.012315667569791865
0.01235755452753768
0.012397265979947334
0.012434966433305147
0.012470804281269132
0.01250491372275937
0.012537416413322882
0.012568422892043015
0.012598033818669151
0.012626341049674483
0.012653428577108848
0.012679373350168619
0.012704245996177393
0.012728111455017644
0.012751029538864034
0.012773055427255108
0.012794240106031906
0.012814630757413474
0.012834271107425164
0.012853201736010183
0.012871460354408483
0.01288908205375577
0.012906099528320527
0.012922543276341427
0.012938441781039412
0.012953821674046712
0.012968707883210258
0.012983123766482259
0.012997091233399868
0.013010630855473541
0.013023761966646076
0.013036502754847478
0.013048870345551628
0.013060880878137185
0.013072549575764508
0.013083890809401102
0.013094918156558713
0.013105644455244151
0.01311608185357221
0.013126241855441725
0.013136135362634197
0.013145772713657116
0.013155163719621771
0.01316431769741605
0.013173243500406913
0.013181949546884408
0.013190443846438457
0.013198734024441484
0.013206827344793495
0.013214730731071732
0.013222450786213778
0.013229993810851399
0.01323736582040157
0.013244572561011952
0.01325161952444925
0.01325851196201127
0.013265254897536546
0.013271853139578963
0.01327831129280931
0.013284633768700302
0.013290824795547055
0.013296888427870728
0.013302828555249115
0.013308648910614524
0.013314353078056018
0.013319944500160202
0.013325426484922069
0.01333080221225499
0.013336074740126665
0.0133412470103459
0.013346321854023136
0.013351301996725972
0.0133561900633494
0.013360988582718902
0.013365699991943501
0.013370326640534266
0.013374870794303061
0.01337933463905493
0.013383720284086867
0.013388029765504652
0.013392265049368676
0.013396428034679005
0.013400520556209104
0.013404544387197181
0.013408501241903355
0.013412392778040412
0.013416220599085392
0.013419986256478715
0.013423691251717263
0.013427337038347207
0.013430925023862282
0.013434456571512564
0.013437933002028729
0.01344135559526633
0.013444725591774346
0.013448044194292144
0.013451312569178486
0.013454531847776322
0.013457703127716537
0.013460827474163977
0.013463905921008577
0.013466939472004471
0.013469929101859682
0.013472875757278914
0.013475780357961695
0.013478643797558199
0.013481466944584741
0.01348425064330095
0.013486995714550472
0.013489702956566967
0.01349237314574701
0.013495007037391593
0.013497605366417531
0.013500168848040364
0.013502698178429917
0.013505194035339946
0.0135076570787129
0.01351008795126106
0.013512487279025067
0.013514855671910858
0.013517193724206008
0.013519502015076356
0.013521781109043814
0.013524031556446183
0.013526253893879753
0.01352844864462541
0.013530616319059042
0.013532757415046816
0.013534872418326033
0.013536961802872168
0.013539026031252639
0.013541065554967917
0.013543080814780452
0.01354507224103194
0.013547040253949417
0.013548985263940622
0.013550907671879091
0.013552807869379343
0.013554686239062617
0.013556543154813519
0.013558378982027901
0.01356019407785237
0.013561988791415742
0.013563763464052723
0.013565518429520172
0.013567254014206179
0.01356897053733229
0.013570668311149062
0.013572347641125332
0.013574008826131242
0.013575652158615484
0.013577277924776766
0.013578886404729897
0.01358047787266653
0.013582052597010903
0.013583610840570633
0.013585152860682854
0.01358667890935579
0.01358818923340595
0.013589684074591131
0.013591163669739328
0.013592628250873744
0.013594078045333994
0.013595513275893681
0.013596934160874437
0.013598340914256562
0.013599733745786383
0.013601112861080443
0.013602478461726636
0.013603830745382366
0.01360516990586988
0.0136064961332688
0.013607809614006029
0.013609110530943064
0.013610399063460794
0.008548985352964326
0.008986085798057156
0.009360041349542221
0.00968300393283774
0.009964353528387121
0.010211395530593222
0.010429876738948731
0.010624364235941
0.010798523977506157
0.010955326848462895
0.011097202304401947
0.011226153977924501
0.011343847490428136
0.011451677783702822
0.01155082122562822
0.01164227629279916
0.011726895605401386
0.011805411357438903
0.0118784556595902
0.011946576931252041
0.01201025320034594
0.01206990296477951
0.012125894117491945
0.012178551323278308
0.012228162149795746
0.012274982189951853
0.01231923936295947
0.01236113754286232
0.0124008596334731
0.01243857018534191
0.012474417632043875
0.01250853620858704
0.012541047603224147
0.012572062384748041
0.01260168123995581
0.012629996049997353
0.012657090829481731
0.0126830425482689
0.012707921852644891
0.01273179369992464
0.012754717918336198
0.01277674970222586
0.012797940051115071
0.012818336159881004
0.01283798176627841
0.012856917461134681
0.012875180965803357
0.012892807380830065
0.012909829409249576
0.012926277557477254
0.012942180316369796
0.012957564324698204
0.012972454516990901
0.01298687425746034
0.013000845461515264
0.013014388706178753
0.01302752333057424
0.013040267527504971
0.013052638427033116
0.013064652172861166
0.013076323992227617
0.013087668259949609
0.013098698557175794
0.013109427725351633
0.013119867915845608
0.013130030635637599
0.013139926789428713
0.013149566718495105
0.013158960236575392
0.013168116663052322
0.013177044853663528
0.013185753228953125
0.01319424980065562
0.01320254219618506
0.01321063768138624
0.01321854318169001
0.013226265301801678
0.013233810344039733
0.013241184325431494
0.013248392993662829
0.01325544184197052
0.013262336123058046
0.013269080862108686
0.013275680868963424
0.01328214074952554
0.013288464916448499
0.013294657599159125
0.013300722853263752
0.01330666456938117
0.01331248648144275
0.013318192174496753
0.013323785092051106
0.013329268542986087
0.013334645708066053
0.013339919646077048
0.013345093299615127
0.013350169500548337
0.013355150975173632
0.0133600403490884
0.013364840151794824
0.013369552821054053
0.013374180707005846
0.01337872607606835
0.013383191114631474
0.013387577932556599
0.0133918885664943
0.013396124983031027
0.013400289081674933
0.013404382697690405
0.013408407604790082
0.013412365517692742
0.013416258094554696
0.013420086939281982
0.013423853603730107
0.013427559589797664
0.013431206351419707
0.01343479529646652
0.013438327788552903
0.013441805148762875
0.013445228657294379
0.013448599555028279
0.013451919045025702
0.013455188293957447
0.01345840843346911
0.013461580561485224
0.013464705743455575
0.013467785013546691
0.013470819375781212
0.013473809805127919
0.013476757248544757
0.01347966262597728
0.013482526831314727
0.013485350733305743
0.013488135176435798
0.013490880981768117
0.013493588947749872
0.013496259850985343
0.013498894446977544
0.013501493470839891
0.013504057637979227
0.013506587644751608
0.013509084169092076
0.013511547871119606
0.0135139793937184
0.013516379363096551
0.013518748389323144
0.01352108706684471
0.013523395974982005
0.013525675678407942
0.013527926727607529
0.013530149659320574
0.01353234499696794
0.013534513251062023
0.013536654919602155
0.013538770488455563
0.013540860431724491
0.013542925212100092
0.013544965281203587
0.013546981079915326
0.013548973038692104
0.013550941577873352
0.013552887107976589
0.01355481002998256
0.013556710735610529
0.01355858960758408
0.013560447019887808
0.013562283338015301
0.013564098919208692
0.013565894112690166
0.013567669259885728
0.0135694246946415
0.013571160743432873
0.013572877725566763
0.01357457595337725
0.013576255732414857
0.013577917361629676
0.0135795611335486
0.013581187334446895
0.013582796244514276
0.013584388138015734
0.0135859632834473
0.013587521943686873
0.013589064376140419
0.013590590832883553
0.013592101560798802
0.013593596801708616
0.01359507679250433
0.013596541765271197
0.013597991947409637
0.013599427561752836
0.013600848826680811
0.013602255956231088
0.01360364916020609
0.013605028644277354
0.013606394610086683
0.013607747255344343
0.013609086773924419
0.01361041335595737
0.013611727187919951
0.013613028452722567
0.013614317329794078
0.008551483793764015
0.008988701189245454
0.009362756445993612
0.00968580490170829
0.009967229140664311
0.010214336567368035
0.010432875551598535
0.010627414416821732
0.010801620110561183
0.010958464318187325
0.01110037714787852
0.011229362769002459
0.011347087248152213
0.01145494589923143
0.011554115403391515
0.011645594502729725
0.011730236043853265
0.011808772414982526
0.011881835894292989
0.011949975046368876
0.012013668025580161
0.012073333440454397
0.012129339281109815
0.012182010298050161
0.012231634134806404
0.012278466451689883
0.012322735227991845
0.012364644391473792
0.01240437689412238
0.012442097329812399
0.012477954171187508
0.012512081688576475
0.012544601602242465
0.012575624510056215
0.012605251125287502
0.012633573353238304
0.012660675230597327
0.01268663374744879
0.012711519568638044
0.012735397668541877
0.012758327891100435
0.012780365445152961
0.012801561343610478
0.012821962793739166
0.012841613544773825
0.01286055419819462
0.012878822485253683
0.012896453515706507
0.0129134800011678
0.01292993245605576
0.012945839378700525
0.012961227414860086
0.012976121505602331
0.012990545021266849
0.013004519883009154
0.013018066673247751
0.013031204736176584
0.013043952269368529
0.01305632640737649
0.013068343298134867
0.013080018172873607
0.013091365410177642
0.01310239859475521
0.013113130571417306
0.013123573494716951
0.013133738874649536
0.013143637618773733
0.013153280071075498
0.013162676047864906
0.013171834870966542
0.013180765398438293
0.013189476053030443
0.013197974848576472
0.013206269414488662
0.013214367018515236
0.013222274587901251
0.013229998729082159
0.013237545746027323
0.013244921657340154
0.013252132212212043
0.013259182905318578
0.013266078990739043
0.01327282549497286
0.01327942722912075
0.013285888800292292
0.013292214622296603
0.01329840892566814
0.013304475767075344
0.013310419038155871
0.013316242473818919
0.013321949660051551
0.013327544041263434
0.013333028927201309
0.013338407499462426
0.013343682817633776
0.013348857825081923
0.013353935354416417
0.01335891813264806
0.01336380878606171
0.013368609844821855
0.013373323747327904
0.013377952844334958
0.013382499402854539
0.013386965609848988
0.013391353575732085
0.013395665337687622
0.013399902862816903
0.01340406805112539
0.013408162738357928
0.01341218869869153
0.013416147647293868
0.01342004124275534
0.013423871089401882
0.01342763873949525
0.013431345695327203
0.013434993411213422
0.013438583295392735
0.013442116711836911
0.013445594981975784
0.013449019386342425
0.013452391166142526
0.013455711524752133
0.013458981629147437
0.013462202611270263
0.013465375569332541
0.013468501569062943
0.013471581644898693
0.013474616801125253
0.013477608012966599
0.013480556227628544
0.013483462365297441
0.013486327320096502
0.013489151961001762
0.013491937132719737
0.013494683656528554
0.013497392331084379
0.013500063933194754
0.013502699218560444
0.013505298922487266
0.013507863760569318
0.013510394429344912
0.013512891606926525
0.013515355953605911
0.013517788112435536
0.013520188709787384
0.013522558355890217
0.013524897645346147
0.013527207157627556
0.013529487457555143
0.013531739095757986
0.013533962609116379
0.013536158521188167
0.013538327342619363
0.013540469571539631
0.013542585693943354
0.013544676184056869
0.013546741504692409
0.013548782107589401
0.01355079843374357
0.013552790913724376
0.013554759967981252
0.013556706007139156
0.013558629432283765
0.01356053063523687
0.013562409998822213
0.013564267897122267
0.013566104695726267
0.013567920751969834
0.013569716415166553
0.013571492026831784
0.01357324792089901
0.013574984423929057
0.013576701855312415
0.0135784005274649
0.013580080746016994
0.013581742809997022
0.013583387012008431
0.013585013638401408
0.01358662296943899
0.013588215279457952
0.013589790837024563
0.013591349905085547
0.013592892741114209
0.013594419597252142
0.013595930720446474
0.013597426352582941
0.013598906730614872
0.01360037208668825
0.01360182264826301
0.013603258638230642
0.013604680275028315
0.013606087772749569
0.013607481341251722
0.01360886118626014
0.013610227509469391
0.013611580508641481
0.013612920377701218
0.013614247306828822
0.013615561482549858
0.013616863087822575
0.0136181523021228
0.00855392968312069
0.008991261568855014
0.009365414433487358
0.009688546955222477
0.009970044267394992
0.010217215742331844
0.01043581128706702
0.010630400439940506
0.010804651119204723
0.010961535793941775
0.011103485211190041
0.01123250406579247
0.011350258860172595
0.011458145272520044
0.01155734029066803
0.011648842916631185
0.011733506218675192
0.011812062775151316
0.011885145028208581
0.011953301684564509
0.012017011022377577
0.012076691758468264
0.012132711978089617
0.012185396515651068
0.01223503308896133
0.012281877424317598
0.012326157559825711
0.012368077475834927
0.012407820171492487
0.012445550283086491
0.01248141632150727
0.012515552591661323
0.012548080845148867
0.012579111708306829
0.012608745920320807
0.012637075410136792
0.01266418423605866
0.012690149407969462
0.012715041608883454
0.012738925829880359
0.012761861930281893
0.012783905133115378
0.012805106464399741
0.012825513143529563
0.012845168930978191
0.012864114438654484
0.01288238740750092
0.012900022956289135
0.012917053805033262
0.012933510475986017
0.012949421474793735
0.012964813454054435
0.012979711361237902
0.012994138572681972
0.01300811701516804
0.013021667276396537
0.013034808705525248
0.01304755950479634
0.013059936813158998
0.013071956782690512
0.013083634648528297
0.013094984792945826
0.013106020804136038
0.013116755530204678
0.013127201128822303
0.013137369112936389
0.013147270392903053
0.01315691531536105
0.013166313699137821
0.01317547486844842
0.013184407683622182
0.013193120569569148
0.01320162154217762
0.01320991823281607
0.013218017911096119
0.013225927506038874
0.013233653625773518
0.01324120257588556
0.013248580376521369
0.013255792778346159
0.01326284527744409
0.013269743129241278
0.013276491361525623
0.013283094786631082
0.013289558012848143
0.013295885455117264
0.013302081345057254
0.013308149740376304
0.013314094533709511
0.013319919460923316
0.013325628108923859
0.013331223923003562
0.013336710213757395
0.013342090163597994
0.013347366832896446
0.013352543165773608
0.01335762199556494
0.013362606049980075
0.01336749795597688
0.01337230024436821
0.013377015354178326
0.013381645636764698
0.013386193359719757
0.013390660710566243
0.013395049800258706
0.01339936266650292
0.01340360127690424
0.013407767531954959
0.01341186326787029
0.013415890259281828
0.013419850221796708
0.013423744814430292
0.013427575641919563
0.013431344256923994
0.01343505216212024
0.013438700812196593
0.013442291615752678
0.01344582593710971
0.013449305098036088
0.013452730379392949
0.013456103022703975
0.01345942423165351
0.013462695173516719
0.013465916980525412
0.013469090751172873
0.013472217551460806
0.013475298416091432
0.013478334349607494
0.013481326327482803
0.013484275297165825
0.013487182179078652
0.01349004786757354
0.01349287323184914
0.01349565911682835
0.013498406343999686
0.013501115712223906
0.013503787998507552
0.013506423958744965
0.01350902432843033
0.013511589823341039
0.013514121140193845
0.013516618957274927
0.01351908393504518
0.013521516716721785
0.013523917928837186
0.013526288181776447
0.013528628070294
0.013530938174010656
0.013533219057891791
0.013535471272707536
0.013537695355475693
0.013539891829888226
0.013542061206721943
0.013544203984234109
0.013546320648543587
0.013548411673998178
0.01355047752352867
0.013552518648990198
0.013554535491491444
0.01355652848171215
0.013558498040209442
0.013560444577713458
0.013562368495412614
0.01356427018522905
0.013566150030084566
0.01356800840415745
0.01356984567313058
0.0135716621944311
0.013573458317462065
0.013575234383826303
0.013576990727542836
0.013578727675256133
0.013580445546438478
0.013582144653585714
0.0135838253024066
0.013585487792006051
0.013587132415062458
0.013588759457999346
0.013590369201151541
0.013591961918926069
0.013593537879958007
0.0135950973472614
0.013596640578375514
0.013598167825506517
0.013599679335664784
0.013601175350798004
0.01360265610792019
0.01360412183923679
0.013605572772265984
0.013607009129956358
0.013608431130801023
0.013609838988948351
0.013611232914309414
0.013612613112662255
0.013613979785753107
0.013615333131394621
0.013616673343561283
0.013618000612482011
0.01361931512473014
0.013620617063310782
0.013621906607745728
0.008556324661327781
0.008993768653977432
0.009368017094589308
0.00969123193233702
0.009972800796553076
0.010220034986422016
0.01043868591423237
0.010633324307908571
0.01080761903622448
0.010964543335659478
0.0111065285788129
0.011235579975064167
0.0113533644535946
0.011461278049296473
0.011560498050300589
0.011652023713128245
0.011736708323089318
0.011815284644707963
0.011888385280693286
0.011956559076937316
0.012020284432810092
0.012079980171170686
0.012136014470426486
0.012188712247145968
0.01223836129186931
0.012285217395505924
0.012329508653751882
0.01237143909844948
0.012411191774924774
0.012448931360996254
0.01248480640500474
0.012518951245714635
0.012551487665410858
0.012582526318303946
0.012612167968955815
0.01264050456946426
0.012667620199298374
0.012693591887727871
0.012718490335557681
0.01274238055022275
0.012765322406106174
0.012787371140127997
0.012808577791142165
0.012828989590419192
0.01284865030943701
0.012867600570316069
0.012885878123487484
0.012903518096551318
0.012920553217746296
0.012937014016996541
0.012952929007112302
0.012968324847389221
0.012983226491565712
0.012997657321852985
0.013011639270541213
0.013025192930502789
0.013038337655755995
0.013051091653115117
0.013063472065834076
0.013075495050046813
0.013087175844716876
0.013098528835729484
0.013109567614689743
0.013120305032929554
0.013130753251172113
0.013140923785255524
0.013150827548275124
0.013160474889467224
0.013169875630124245
0.01317903909680194
0.013187974152053805
0.013196689222904675
0.013205192327254906
0.013213491098388423
0.013221592807741479
0.013229504386074228
0.013237232443174346
0.013244783286209844
0.013252162936837914
0.013259377147166929
0.013266431414660282
0.013273330996062893
0.013280080920424321
0.013286686001286074
0.013293150848094973
0.013299479876899275
0.013305677320379553
0.013311747237262105
0.013317693521158712
0.013323519908873132
0.013329229988211434
0.013334827205330427
0.013340314871655663
0.013345696170398172
0.013350974162696826
0.013356151793411073
0.013361231896587163
0.013366217200619021
0.013371110333123506
0.013375913825548348
0.013380630117529647
0.013385261561014699
0.013389810424164768
0.01339427889505131
0.013398669085158384
0.013402983032702908
0.013407222705783766
0.013411390005369957
0.013415486768137273
0.013419514769162425
0.013423475724482865
0.013427371293530069
0.013431203081443514
0.013434972641272101
0.013438681476069383
0.01344233104088849
0.01344592274468235
0.013449457952114347
0.013452937985284383
0.013456364125374837
0.013459737614220767
0.013463059655808397
0.013466331417705639
0.013469554032428256
0.01347272859874502
0.013475856182924982
0.013478937819929857
0.0134819745145543
0.01348496724251677
0.013487916951503328
0.01349082456216689
0.013493690969083993
0.013496517041671261
0.013499303625063488
0.013502051540955191
0.013504761588407469
0.0135074345446217
0.013510071165681786
0.013512672187266352
0.013515238325332284
0.013517770276771042
0.013520268720038904
0.013522734315762371
0.013525167707319928
0.013527569521401123
0.013529940368544085
0.013532280843652374
0.013534591526492154
0.013536872982170467
0.013539125761595546
0.013541350401919866
0.01354354742696669
0.013545717347640917
0.013547860662324739
0.013549977857258921
0.0135520694069102
0.01355413577432545
0.013556177411473098
0.013558194759572432
0.013560188249411187
0.013562158301651944
0.013564105327127821
0.013566029727127832
0.01356793189367239
0.013569812209779302
0.013571671049720683
0.013573508779271094
0.013575325755947307
0.013577122329239983
0.0135788988408376
0.013580655624842926
0.013582393007982335
0.013584111309808213
0.013585810842894758
0.013587491913027373
0.013589154819385971
0.013590799854722332
0.013592427305531788
0.013594037452219453
0.013595630569261156
0.013597206925359328
0.013598766783593962
0.013600310401568892
0.013601838031553518
0.013603349920620147
0.013604846310777137
0.013606327439097923
0.013607793537846163
0.013609244834597096
0.013610681552355192
0.013612103909668351
0.013613512120738632
0.013614906395529739
0.013616286939871304
0.013617653955560145
0.013619007640458512
0.013620348188589515
0.01362167579022977
0.013622990631999381
0.013624292896949358
0.013625582764646487
0.008558670301136063
0.008996224090998843
0.009370566138463378
0.009693861596284298
0.009975500538369422
0.010222796151063439
0.010441501320897724
0.010636187940872847
0.010810525810701025
0.010967488918448573
0.011109509249387587
0.011238592516833144
0.011356406067932
0.011464346286930011
0.011563590756068625
0.011655138981132247
0.011739844460003222
0.011818440139542924
0.011891558779712538
0.011959749362711197
0.012023490406623205
0.012083200838161511
0.012139248926968618
0.012191959670079303
0.012241620929266745
0.012288488558721368
0.01233279071054294
0.012374731467005904
0.012414493918663689
0.012452242784009552
0.012488126648063185
0.012522279882749333
0.012554824300405415
0.01258587058254131
0.01261551951857241
0.01264386308327134
0.012670985376836315
0.0126969634475243
0.012721868013564362
0.012745764098409704
0.01276871159119448
0.012790765742445235
0.012811977603586497
0.01283239441752002
0.012852059966501602
0.012871014882652892
0.012889296925698148
0.012906941231883972
0.01292398053750422
0.012940445379996376
0.012956364279187001
0.012971763900931368
0.01298666920510737
0.013001103579678583
0.013015088962330446
0.013028645951000777
0.013041793904468212
0.013054551034024935
0.013066934487140934
0.01307896042392321
0.013090644087082614
0.01310199986604171
0.013113041355747458
0.013123781410691444
0.013134232194586624
0.013144405226102166
0.013154311421016182
0.013163961131109042
0.013173364180087348
0.013182529896799315
0.013191467145976795
0.013200184356715841
0.013208689548887398
0.013216990357651405
0.013225094056231117
0.013233007577089936
0.013240737531639847
0.01324829022859876
0.01325567169110357
0.013262887672676065
0.01326994367213046
0.013276844947503308
0.01328359652907983
0.013290203231584212
0.013296669665595782
0.013303000248247761
0.013309199213260622
0.013315270620357795
0.013321218364107613
0.013327046182231843
0.013332757663417951
0.013338356254669313
0.013343845268224946
0.013349227888077847
0.013354507176118831
0.013359686077930727
0.013364767428255939
0.013369753956158567
0.013374648289900905
0.013379452961552468
0.013384170411348584
0.01338880299181424
0.013393352971667792
0.013397822539518123
0.013402213807367887
0.013406528813934606
0.013410769527800535
0.013414937850401562
0.013419035618864551
0.01342306460870217
0.013427026536373326
0.013430923061717025
0.013434755790266949
0.013438526275453416
0.013442236020699092
0.013445886481414444
0.013449479066898407
0.013453015142149497
0.013456496029592292
0.013459923010723789
0.013463297327684004
0.013466620184754821
0.013469892749790865
0.013473116155586017
0.01347629150117885
0.013479419853100258
0.01348250224656609
0.013485539686617752
0.013488533149213274
0.013491483582271438
0.013494391906671224
0.013497259017208834
0.01350008578351438
0.013502873050930167
0.013505621641352484
0.013508332354038623
0.013511005966380808
0.013513643234648591
0.013516244894701228
0.01351881166267141
0.0135213442356217
0.013523843292174962
0.013526309493119906
0.01352874348199299
0.013531145885637632
0.01353351731474187
0.013535858364355325
0.013538169614386506
0.013540451630081218
0.013542704962482947
0.01354493014887605
0.013547127713212408
0.013549298166522356
0.013551442007310448
0.013553559721936831
0.013555651784984737
0.013557718659614717
0.01355976079790618
0.013561778641186727
0.013563772620349863
0.013565743156161447
0.013567690659555466
0.013569615531919453
0.013571518165370063
0.013573398943019146
0.0135752582392307
0.013577096419869084
0.01357891384253885
0.013580710856816457
0.013582487804474271
0.01358424501969709
0.013585982829291495
0.013587701552888328
0.013589401503138518
0.013591082985902544
0.013592746300433771
0.013594391739555848
0.013596019589834439
0.0135976301317435
0.013599223639826248
0.013600800382851075
0.013602360623962561
0.013603904620827785
0.013605432625778069
0.013606944885946392
0.013608441643400502
0.013609923135272052
0.013611389593881714
0.013612841246860595
0.013614278317267912
0.01361570102370522
0.013617109580427153
0.01361850419744897
0.013619885080650831
0.013621252431879088
0.013622606449044568
0.013623947326218012
0.013625275253722743
0.013626590418224688
0.013627893002819781
0.013629183187118903
0.008560968111193825
0.008998629459201176
0.009373063204610167
0.009696437638429279
0.009978145229291583
0.010225501012218426
0.01044425931792067
0.010638993180716223
0.010813373312271408
0.010970374436912646
0.011112429140090734
0.01124154362877978
0.011359385659568483
0.011467351958931993
0.011566620397224635
0.011658190724410739
0.01174291664661015
0.011821531289303064
0.011894667566495916
0.011962874593915247
0.01202663100593868
0.012086355831015163
0.012142417428161741
0.012195140873238555
0.012244814097799128
0.0122916930180244
0.012336005841267608
0.012377956699206851
0.012417728726700637
0.012455486682087475
0.012491379186317958
0.012525540643800927
0.012558092896313447
0.012589146652108007
0.012618802724946646
0.012647153111814396
0.012674281933215877
0.012700266256008098
0.012725176815488922
0.012749078650803151
0.012772031665535189
0.012794091123540578
0.012815308088558092
0.012835729814883522
0.012855400095330743
0.012874359571818646
0.012892646013175114
0.012910294564116957
0.012927337968828903
0.012943806772108563
0.012959729500655727
0.012975132826751539
0.012990041716288155
0.013004479562864216
0.013018468309450403
0.01303202855894665
0.01304517967479487
0.013057939872673834
0.013070326304183612
0.013082355133323245
0.01309404160647447
0.013105400116525053
0.013116444261695663
0.013127186899573135
0.013137640196799201
0.013147815674816373
0.013157724252030822
0.013167376282715106
0.01317678159294075
0.013185949513801714
0.01319488891216376
0.013203608219151924
0.013212115456567556
0.013220418261408347
0.013228523908648121
0.01323643933241879
0.013244171145723516
0.013251725658798508
0.013259108896230179
0.013266326612924925
0.013273384309020222
0.013280287243817919
0.0132870404488137
0.013293648739890307
0.013300116728736482
0.013306448833548295
0.013312649289064893
0.013318722155986513
0.013324671329818539
0.013330500549182014
0.013336213403627829
0.013341813340988676
0.013347303674300443
0.013352687588322127
0.013357968145681166
0.01336314829266903
0.013368230864710055
0.013373218591524879
0.013378114102008046
0.013382919928838175
0.013387638512837618
0.013392272207097263
0.013396823280881194
0.013401293923324762
0.013405686246938647
0.013410002290930758
0.013414244024356876
0.013418413349110231
0.013422512102759592
0.013426542061244679
0.013430504941437247
0.013434402403575543
0.013438236053579411
0.013442007445252785
0.013445718082379944
0.013449369420721391
0.01345296286991502
0.013456499795287635
0.01345998151958187
0.01346340932460293
0.013466784452789572
0.013470108108713304
0.013473381460509625
0.013476605641244841
0.013479781750221853
0.013482910854228033
0.013485993988728207
0.013489032159005467
0.013492026341252558
0.013494977483616229
0.013497886507196907
0.013500754307005987
0.013503581752882701
0.013506369690372652
0.013509118941569772
0.01351183030592356
0.013514504561013184
0.013517142463290055
0.013519744748790388
0.01352231213381908
0.013524845315606323
0.01352734497293816
0.013529811766762214
0.013532246340769678
0.013534649321954709
0.01353702132115219
0.01353936293355484
0.013541674739210608
0.013543957303501214
0.013546211177602656
0.013548436898928479
0.01355063499155656
0.013552805966640102
0.013554950322803537
0.013557068546523962
0.013559161112498715
0.013561228483999724
0.013563271113215092
0.013565289441578548
0.013567283900087199
0.01356925490960808
0.01357120288117398
0.013573128216268947
0.013575031307103927
0.013576912536882875
0.01357877228005981
0.013580610902587067
0.01358242876215517
0.013584226208424635
0.013586003583250008
0.013587761220896432
0.01358949944824907
0.013591218585015613
0.013592918943922165
0.013594600830902751
0.013596264545282679
0.013597910379956005
0.0135995386215573
0.013601149550627948
0.013602743441777181
0.013604320563838004
0.013605881180018278
0.013607425548047022
0.01360895392031624
0.013610466544018311
0.013611963661279203
0.013613445509287569
0.013614912320419944
0.01361636432236216
0.013617801738227069
0.013619224786668774
0.01362063368199344
0.013622028634266802
0.013623409849418528
0.013624777529343497
0.013626131872000114
0.013627473071505782
0.013628801318229591
0.013630116798882338
0.013631419696603976
0.013632710191048576
0.00856321953927889
0.009000986274145577
0.009375509866379417
0.009698961681893152
0.009980736535704061
0.010228151274191638
0.01044696164309298
0.010641741795003745
0.010816163335134844
0.010973201709209936
0.011115290090742703
0.01124443517040075
0.011362305105949284
0.011470296959184108
0.01156958888275625
0.011661180865880645
0.011745926818710922
0.011824560041740258
0.011897713599910608
0.011965936739780351
0.012029708209672793
0.0120894471377191
0.01214552197050663
0.012198257861129623
0.012247942809513256
0.012294832792577575
0.012339156071813847
0.012381116827306513
0.012420898237324752
0.012458665099247966
0.012494566069232285
0.012528735583514885
0.012561295512718163
0.01259235659129735
0.012622019656869652
0.012650376728184087
0.012677511945641751
0.01270350239432421
0.012728418826253543
0.012752326295949384
0.012775284721154667
0.012797349378784864
0.012818571344644395
0.012838997884193083
0.012858672800589725
0.012877636745352678
0.01289592749622967
0.012913580206236733
0.012930627627290163
0.012947100311399128
0.012963026791997883
0.012978433747663718
0.01299334615018165
0.013007787398671632
0.013021779441282876
0.013035342885777262
0.013048497100165857
0.013061260304425445
0.013073649654202818
0.013085681317310475
0.013097370543726942
0.013108731729735226
0.013119778476763617
0.013130523645431717
0.013140979405250913
0.013151157280381071
0.013161068191803373
0.013170722496232235
0.01318013002205639
0.013189300102570179
0.013198241606730225
0.013206962967649566
0.013215472209021
0.013223776969642859
0.013231884526204201
0.013239801814471763
0.013247535449007777
0.013255091741536083
0.013262476718063354
0.01326969613485264
0.013276755493337972
0.013283660054060946
0.013290414849703275
0.013297024697282875
0.013303494209575497
0.0133098278058186
0.013316029721749455
0.013322104019025378
0.013328054594069879
0.013333885186385145
0.013339599386368042
0.013345200642663839
0.01335069226908921
0.013356077451153695
0.01336135925220649
0.013366540619233376
0.013371624388326887
0.01337661328985091
0.013381509953319489
0.013386316912008072
0.013391036607314156
0.013395671392883113
0.01340022353851375
0.013404695233857247
0.013409088591922056
0.013413405652396578
0.013417648384800545
0.013421818691475327
0.013425918410422646
0.013429949318000671
0.013433913131485665
0.013437811511507053
0.013441646064363042
0.01344541834422366
0.013449129855227473
0.013452782053477977
0.013456376348945163
0.01345991410727751
0.013463396651529281
0.013466825263807668
0.013470201186844126
0.013473525625493964
0.013476799748167869
0.013480024688199081
0.013483201545149478
0.013486331386057752
0.01348941524663266
0.013492454132394117
0.013495449019764846
0.01349840085711494
0.013501310565761822
0.013504179040927728
0.013507007152656798
0.013509795746693816
0.013512545645326376
0.013515257648192298
0.013517932533053915
0.013520571056540844
0.013523173954862671
0.013525741944493026
0.01352827572282635
0.013530775968808573
0.013533243343543007
0.013535678490872474
0.013538082037938819
0.01354045459572081
0.01354279675955137
0.013545109109615072
0.013547392211426815
0.013549646616292424
0.013551872861752034
0.013554071472006962
0.013556242958330819
0.01355838781946548
0.013560506542002627
0.013562599600751412
0.013564667459092883
0.01356671056932165
0.01356872937297542
0.013570724301152816
0.013572695774820003
0.013574644205106585
0.013576569993591171
0.013578473532577085
0.013580355205358548
0.013582215386477772
0.013584054441973279
0.01358587272961985
0.01358767059916036
0.013589448392529856
0.013591206444072225
0.013592945080749617
0.013594664622345026
0.013596365381658204
0.013598047664695245
0.01359971177085194
0.013601357993091341
0.013602986618115523
0.01360459792653195
0.013606192193014524
0.013607769686459577
0.013609330670136947
0.013610875401836363
0.013612404134009276
0.013613917113906273
0.01361541458371036
0.013616896780666042
0.013618363937204593
0.013619816281065459
0.013621254035414044
0.013622677418955953
0.013624086646047816
0.013625481926804848
0.013626863467205211
0.013628231469191336
0.013629586130768255
0.013630927646099082
0.013632256205597739
0.013633571996019004
0.013634875200545961
0.013636165998874981
0.008565425975337135
0.009003295990853217
0.00937790763427218
0.009701435284959948
0.009983276057425765
0.010230748573207177
0.010449609964787974
0.010644435480692518
0.010818897601818511
0.01097597248086943
0.011118093867669158
0.011247268926911936
0.011365166209521754
0.011473183105913495
0.011572498045393027
0.01166411125164433
0.011748876834777041
0.011827528266799607
0.011900698760572927
0.011968937690872473
0.012032723917689937
0.012092476666846487
0.01214856447074965
0.012201312558184157
0.012251008996080413
0.012297909820883624
0.012342243347141124
0.012384213802376242
0.01242400440740124
0.01246177999785614
0.012497689264399012
0.012531866674459245
0.012564434126928068
0.012595502381939787
0.012625172300489991
0.012653535922656726
0.012680677408339908
0.012706673860481427
0.01273159604749335
0.012755509038962845
0.012778472766508411
0.012800542519844442
0.012821769386599857
0.012842200643175383
0.012861880102867998
0.012880848426603673
0.012899143400871699
0.012916800186821474
0.012933851543946327
0.012950328031322862
0.01296625818898521
0.012981668701680979
0.012996584546970254
0.013011029129383952
0.013025024402146337
0.01303859097778406
0.013051748228786002
0.013064514379341096
0.013076906589061951
0.013088941029498324
0.013100632954153632
0.013111996762638276
0.013123046059524059
0.013133793708402739
0.013144251881598002
0.013154432105932761
0.013164345304911739
0.013174001837642411
0.013183411534784414
0.013192583731788495
0.013201527299660325
0.013210250673461241
0.013218761878737677
0.013227068556052615
0.013235177983776077
0.01324309709927694
0.013250832518645337
0.013258390555063029
0.01326577723592856
0.013272998318834515
0.013280059306485566
0.013286965460638287
0.013293721815136703
0.013300333188111222
0.01330680419340289
0.013313139251269725
0.01331934259842718
0.013325418297470531
0.013331370245723053
0.01333720218355047
0.013342917702178717
0.013348520251049397
0.013354013144744367
0.013359399569508719
0.01336468258939896
0.013369865152081323
0.013374950094303171
0.013379940147058806
0.013384837940469385
0.013389646008395237
0.013394366792797527
0.013399002647865026
0.013403555843920577
0.013408028571120879
0.013412422942962202
0.013416740999603844
0.013420984711020219
0.013425155979991867
0.01342925664494482
0.013433288482647326
0.013437253210772087
0.013441152490331868
0.013444987927995693
0.013448761078292355
0.013452473445707637
0.013456126486681156
0.013459721611508383
0.013463260186153035
0.013466743533974774
0.013470172937376741
0.013473549639377257
0.013476874845109729
0.013480149723254552
0.013483375407406562
0.013486552997381444
0.01348968356046418
0.013492768132602582
0.013495807719548666
0.01349880329795051
0.013501755816397117
0.01350466619641856
0.013507535333443694
0.013510364097717477
0.013513153335179894
0.013515903868308324
0.013518616496925154
0.013521291998972227
0.013523931131253783
0.01352653463014933
0.013529103212297862
0.01353163757525477
0.013534138398122685
0.013536606342157493
0.013539042051350616
0.013541446152988645
0.013543819258191349
0.013546161962429045
0.013548474846020214
0.013550758474610264
0.013553013399632257
0.013555240158750377
0.013557439276286932
0.013559611263633514
0.013561756619647106
0.013563875831031684
0.013565969372705985
0.013568037708157983
0.013570081289786678
0.013572100559231668
0.013574095947691068
0.013576067876228191
0.013578016756067516
0.013579942988880333
0.013581846967060496
0.013583729073990681
0.013585589684299529
0.013587429164110043
0.013589247871279558
0.01359104615563166
0.013592824359180317
0.01359458281634656
0.013596321854167993
0.0135980417925014
0.013599742944218736
0.013601425615396689
0.013603090105500152
0.01360473670755978
0.01360636570834381
0.013607977388524454
0.013609572022839007
0.013611149880245844
0.013612711224075563
0.013614256312177376
0.013615785397060987
0.013617298726034052
0.013618796541335442
0.013620279080264423
0.0136217465753059
0.013623199254251876
0.01362463734031925
0.01362606105226409
0.01362747060449249
0.013628866207168156
0.01363024806631678
0.013631616383927386
0.013632971358050701
0.013634313182894644
0.013635642048917073
0.013636958142915859
0.013638261648116361
0.013639552744256413
0.008567588754340823
0.00900556000679749
0.009380257959047116
0.00970385994428118
0.009985765331000079
0.010233294480773527
0.010452205885391653
0.010647075867621623
0.010821577766720068
0.01097868842838072
0.011120842167333698
0.011250046612919897
0.011367970701442288
0.011476012145432132
0.011575349645375686
0.011666983654786293
0.011751768479772887
0.0118304377604652
0.011903624854716065
0.011971879262980864
0.012035679954709975
0.012095446251481467
0.012151546769824806
0.012204306812717464
0.012254014512769133
0.01230092596477232
0.012345269535280517
0.012387249498317227
0.012427049116395937
0.012464833262660192
0.012500750661587262
0.012534935811181515
0.012567510638043625
0.012598585927478822
0.012628262563398471
0.01265663260678758
0.012683780236659047
0.012709782573461652
0.012734710401673116
0.012758628805649992
0.012781597730611768
0.012803672478818496
0.012824904149489594
0.012845340029750213
0.01286502394283488
0.012883996558891019
0.01290229567297652
0.012919956454213186
0.012937011669521457
0.012953491884905506
0.012969425646868753
0.012984839646207004
0.012999758866141157
0.013014206716506015
0.013028205155500454
0.013041774800321622
0.01305493502784761
0.013067704066396131
0.013080099079467146
0.013092136242273716
0.013103830811774398
0.013115197190841142
0.013126248987127062
0.013136999067137256
0.013147459605952058
0.013157642133004722
0.013167557574273594
0.013177216291211855
0.013186628116705084
0.013195802388317784
0.013204747979064117
0.013213473325915173
0.013221986456234326
0.013230295012314309
0.013238406274172826
0.013246327180749203
0.013254064349631249
0.013261624095429777
0.013269012446907667
0.01327623516296072
0.013283297747539124
0.013290205463590376
0.013296963346097817
0.013303576214282329
0.01331004868302917
0.013316385173596738
0.013322589923659296
0.013328666996731518
0.013334620291018656
0.01334045354773286
0.013346170358912748
0.013351774174780492
0.013357268310667988
0.01336265595354132
0.013367940168150325
0.013373123902828212
0.013378209994964222
0.013383201176170586
0.013388100077163562
0.013392909232376796
0.013397631084323961
0.013402267987726474
0.013406822213420846
0.013411295952059287
0.013415691317616246
0.01342001035071258
0.013424255021768404
0.013428427233994723
0.013432528826233497
0.013436561575654933
0.013440527200320313
0.013444427361618185
0.013448263666581025
0.013452037670089302
0.01345575087696915
0.01345940474398966
0.013463000681765324
0.01346654005656887
0.013470024192059313
0.013473454370929895
0.01347683183648011
0.01348015779411598
0.013483433412782263
0.013486659826330207
0.013489838134824284
0.013492969405790894
0.013496054675412181
0.013499094949667653
0.013502091205426309
0.013505044391491706
0.013507955429602366
0.013510825215389677
0.013513654619295436
0.013516444487450978
0.013519195642519705
0.013521908884504915
0.013524584991524407
0.013527224720553599
0.013529828808138552
0.013532397971080343
0.013534932907092144
0.013537434295430176
0.013539902797499892
0.013542339057438365
0.013544743702674063
0.013547117344464966
0.013549460578416073
0.013551773984977122
0.013554058129921442
0.01355631356480682
0.013558540827419047
0.013560740442198994
0.013562912920653931
0.013565058761753658
0.013567178452312223
0.01356927246735577
0.013571341270477103
0.013573385314177537
0.013575405040196543
0.013577400879829761
0.013579373254235727
0.013581322574731925
0.013583249243080485
0.013585153651764003
0.013587036184251854
0.013588897215257406
0.013590737110986462
0.01359255622937729
0.013594354920332582
0.013596133525943657
0.013597892380707176
0.013599631811734703
0.01360135213895536
0.013603053675311842
0.013604736726950069
0.013606401593402661
0.01360804856776653
0.013609677936874762
0.013611289981463059
0.013612884976330827
0.013614463190497274
0.013616024887352546
0.013617570324804174
0.013619099755418949
0.01362061342656046
0.013622111580522366
0.013623594454657585
0.013625062281503602
0.01362651528890393
0.013627953700125948
0.013629377733975191
0.013630787604906243
0.013632183523130325
0.01363356569471973
0.013634934321709157
0.013636289602194115
0.013637631730426442
0.01363896089690707
0.013640277288476103
0.013641581088400339
0.013642872476458252
0.008569709158979118
0.009007779664720555
0.009382562234644471
0.009706237097892305
0.009988205832791768
0.010235790506850969
0.010454750944532305
0.01064966452179709
0.010824205419442172
0.010981351162573025
0.011123536619757162
0.011252769875877762
0.011370720245065587
0.01147878575565664
0.011578145374003998
0.01166979977894702
0.011754603468753452
0.011833290248380108
0.011906493617830718
0.011974763200777961
0.012038578073986133
0.0120983576529139
0.012154470636564357
0.012207242400653951
0.012256961142184712
0.01230388301315316
0.01234823643109993
0.01239022571563755
0.012430034170163612
0.012467826704590325
0.012503752076551494
0.012537944814027369
0.01257052687078511
0.012601609056807673
0.012631292278473163
0.012659668617263899
0.012686822270931233
0.012712830377087828
0.012737763735962233
0.012761687446391003
0.012784661466928113
0.01280674111213343
0.012827977492589786
0.01284841790593659
0.012868106185151214
0.012887083009421846
0.012905386182207067
0.012923050880444872
0.012940109878337287
0.012956593748680311
0.012972531044319887
0.012987948461981518
0.013002870990435981
0.013017322044718033
0.013031323587903711
0.013044896241769122
0.013058059387495574
0.01307083125744865
0.013083229018939501
0.01309526885077271
0.013106966013294266
0.013118334912573762
0.013129389159285248
0.013140141622790076
0.01315060448087121
0.013160789265521115
0.013170706905143263
0.013180367763490585
0.013189781675630998
0.013198957981201328
0.013207905555184894
0.013216632836425091
0.013225147854066654
0.013233458252098162
0.013241571312152721
0.013249493974709328
0.013257232858824112
0.013264794280508963
0.013272184269864339
0.013279408587063744
0.01328647273727845
0.013293381984623556
0.013300141365199405
0.013306755699295972
0.013313229602822265
0.01331956749801746
0.013325773623495855
0.013331852043673492
0.013337806657620323
0.013343641207378349
0.01334935928578293
0.01335496434382152
0.013360459697561363
0.013365848534675397
0.013371133920593204
0.013376318804301913
0.013381406023820047
0.013386398311365674
0.013391298298238489
0.013396108519434213
0.01340083141800821
0.013405469349204106
0.013410024584362005
0.01341449931461993
0.013418895654421125
0.013423215644838983
0.01342746125673056
0.013431634393728919
0.013435736895083778
0.01343977053835943
0.013443737041998138
0.013447638067756843
0.013451475223024381
0.013455250063025993
0.01345896409292149
0.013462618769802977
0.013466215504597739
0.013469755663881432
0.013473240571606582
0.013476671510750831
0.013480049724889344
0.013483376419695416
0.013486652764372976
0.013489879893024687
0.013493058905958909
0.01349619087093874
0.013499276824376055
0.013502317772473411
0.013505314692316382
0.01350826853291889
0.013511180216223814
0.013514050638061107
0.013516880669065558
0.013519671155556082
0.013522422920378476
0.013525136763713398
0.013527813463851155
0.013530453777934985
0.013533058442674245
0.01353562817502893
0.013538163672866876
0.013540665615594904
0.013543134664765092
0.013545571464657315
0.013547976642839129
0.013550350810704038
0.013552694563989078
0.013555008483272646
0.013557293134453523
0.013559549069211748
0.01356177682545234
0.013563976927732434
0.013566149887672678
0.013568296204353503
0.013570416364696863
0.013572510843834212
0.013574580105461117
0.013576624602179201
0.013578644775825871
0.013580641057792364
0.013582613869330584
0.013584563621849188
0.013586490717199367
0.013588395547950723
0.013590278497657635
0.013592139941116538
0.013593980244614404
0.013595799766168851
0.013597598855760135
0.013599377855555404
0.013601137100125466
0.013602876916654391
0.013604597625142226
0.013606299538601038
0.013607982963244598
0.013609648198671928
0.013611295538044906
0.013612925268260207
0.013614537670115754
0.013616133018471865
0.013617711582407387
0.013619273625370843
0.013620819405326922
0.013622349174898424
0.013623863181503755
0.013625361667490276
0.013626844870263524
0.013628313022412523
0.013629766351831295
0.013631205081836698
0.013632629431282779
0.013634039614671651
0.013635435842261128
0.013636818320169181
0.013638187250475295
0.013639542831318881
0.01364088525699484
0.013642214718046322
0.013643531401354853
0.013644835490227845
0.013646127164483626
0.008571788422192157
0.00900995625528606
0.00938482180093999
0.009708568128053808
0.009990598981903796
0.010238238102834783
0.010457246622122383
0.010652202948485883
0.010826782087933067
0.010983962231797758
0.01112617879173812
0.011255440299340187
0.011373416439231027
0.011481505549423449
0.011580886856978386
0.011672561261688908
0.011757383450252876
0.01183608738925581
0.011909306718093994
0.011977591181266454
0.012041419960769035
0.012101212564119305
0.012157337771193637
0.01221012102903598
0.01225985059779124
0.012306782685549907
0.012351145759850388
0.01239314418500961
0.012432961304515943
0.012470762064336779
0.012506695254619067
0.012540895432737276
0.012573484579097911
0.012604573527882775
0.012634263207500777
0.01266264571953379
0.01268980528010804
0.01271581904366697
0.012740757825884366
0.012764686739795784
0.012787665757030931
0.012809750204210834
0.012830991203061231
0.012851436061531767
0.012871128622153602
0.012890109572980249
0.012908416725707977
0.012926085264939309
0.01294314797201655
0.012959635426395746
0.012975576187142268
0.012990996956796261
0.013005922729570706
0.013020376925599403
0.013034381512740898
0.013047957117261418
0.013061123124561976
0.013073897770977488
0.013086298227556338
0.013098340676624926
0.013110040381850964
0.013121411752439627
0.013132468402027284
0.013143223202776106
0.013153688335119266
0.013163875333558747
0.013173795128876124
0.01318345808707943
0.013192874045376581
0.013202052345436512
0.013211001864173485
0.013219731042266876
0.013228247910608209
0.013236560114849
0.013244674938206413
0.013252599322669246
0.013260339888733461
0.013267902953784804
0.013275294549235395
0.013282520436511628
0.013289586121982173
0.013296496870907067
0.013303257720481972
0.013309873492045227
0.013316348802509724
0.01332268807507638
0.013328895549281284
0.013334975290424362
0.013340931198423483
0.013346767016134391
0.013352486337173746
0.013358092613279412
0.013363589161239722
0.013368979169420755
0.013374265703918645
0.013379451714361744
0.01338454003938566
0.013389533411802532
0.013394434463484171
0.013399245729977475
0.013403969654868984
0.013408608593914389
0.013413164818947625
0.0134176405215831
0.013422037816723761
0.013426358745886744
0.013430605280357583
0.013434779324183192
0.013438882717013146
0.013442917236798175
0.013446884602354124
0.013450786475799191
0.013454624464871645
0.013458400125134811
0.013462114962075708
0.013465770433103187
0.01346936794945124
0.013472908877992601
0.013476394542967585
0.013479826227632725
0.013483205175833523
0.013486532593505334
0.013489809650106252
0.013493037479985454
0.01349621718369048
0.013499349829216512
0.013502436453200716
0.01350547806206435
0.013508475633105376
0.013511430115544
0.013514342431523479
0.013517213477068494
0.01352004412300306
0.013522835215830054
0.01352558757857412
0.013528302011589827
0.013530979293336656
0.013533620181122405
0.01353622541181655
0.013538795702534918
0.013541331751297028
0.013543834237657364
0.013546303823311782
0.013548741152680193
0.01355114685346655
0.01355352153719723
0.013555865799738748
0.013558180221795696
0.013560465369389832
0.013562721794321095
0.013564950034611412
0.01356715061493193
0.01356932404701448
0.013571470830047956
0.01357359145106015
0.013575686385285765
0.013577756096521145
0.01357980103746628
0.013581821650054598
0.013583818365771085
0.0135857916059592
0.013587741782117007
0.013589669296183035
0.01359157454081219
0.013593457899642215
0.013595319747550991
0.013597160450905098
0.013598980367799957
0.013600779848291878
0.01360255923462237
0.013604318861434952
0.013606059055984797
0.013607780138341493
0.013609482421585124
0.013611166211996019
0.013612831809238297
0.013614479506537547
0.013616109590852792
0.013617722343042975
0.01361931803802815
0.013620896944945629
0.01362245932730119
0.01362400544311559
0.013625535545066507
0.013627049880626126
0.013628548692194476
0.01363003221722868
0.013631500688368305
0.013632954333556891
0.013634393376159838
0.013635818035078738
0.013637228524862322
0.013638625055814098
0.013640007834096822
0.013641377061833894
0.013642732937207783
0.013644075654555613
0.013645405404461936
0.01364672237384889
0.013648026746063717
0.013649318700963822
0.00857382772955918
0.009012091019579133
0.009387037946340236
0.009710854363928639
0.009992946142926163
0.010240638664366648
0.010459694341225137
0.01065469259513169
0.01082930924144633
0.010986523124927806
0.011128770189887898
0.011258059406030804
0.011376060821359755
0.011484173077613008
0.011583575657549066
0.011675269677668451
0.011760110009477857
0.011838830778085348
0.011912065759600906
0.011980364817027855
0.012044207235571239
0.012104012613038345
0.012160149808624579
0.012212944339330636
0.012262684527230783
0.01230962663543149
0.012353999180508059
0.012396006570622677
0.01243583218858403
0.012473641015721772
0.012509581874071167
0.012543789349835993
0.012576385449550136
0.0126074810311292
0.012637177044589502
0.012665565611226191
0.01269273096518723
0.012718750277423406
0.012743694378756889
0.01276762839614937
0.012790612314054997
0.012812701470924164
0.012833946999411358
0.012854396217578324
0.012874092977326406
0.012893077975404066
0.012911389031586947
0.012929061337994797
0.012946127682972984
0.01296261865250959
0.012978562811769918
0.012993986868996997
0.0130089158237414
0.013023373101137997
0.01303738067373593
0.013050959172205244
0.013064127986085583
0.013076905355604893
0.01308930845547697
0.01310135347148236
0.013113055670546648
0.013124429464950339
0.013135488471235177
0.01314624556431035
0.01315671292720828
0.013166902096892268
0.01317682400647626
0.013186489024180074
0.01319590698931049
0.013205087245529497
0.013214038671645195
0.013222769710137649
0.01323128839361161
0.013239602369349568
0.013247718922122308
0.013255644995399406
0.013263387211088981
0.013270951887924253
0.013278345058603779
0.013285572485782764
0.013292639677004269
0.013299551898651271
0.013306314188993699
0.013312931370398101
0.01331940806076196
0.013325748684229453
0.01333195748124075
0.013338038517962674
0.013343995695144707
0.013349832756440711
0.01335555329623361
0.013361160766997284
0.013366658486227272
0.013372049642969487
0.0133773373039738
0.013382524419497464
0.013387613828781317
0.013392608265220143
0.013397510361246884
0.013402322652949012
0.01340704758443404
0.013411687511959886
0.013416244707844822
0.013420721364170485
0.013425119596290695
0.013429441446157795
0.013433688885477564
0.013437863818702822
0.01344196808587531
0.01344600346532477
0.01344997167623345
0.013453874381073861
0.013457713187926986
0.013461489652687744
0.013465205281164065
0.013468861531075467
0.013472459813956755
0.01347600149697202
0.01347948790464385
0.013482920320502308
0.01348629998865801
0.013489628115303375
0.01349290587014575
0.013496134387776105
0.013499314768976544
0.013502448081969896
0.013505535363614271
0.013508577620545439
0.013511575830269658
0.013514530942209444
0.013517443878704606
0.013520315535970787
0.013523146785017613
0.013525938472528372
0.013528691421703116
0.013531406433066998
0.013534084285245409
0.013536725735707546
0.013539331521479937
0.013541902359831236
0.013544438948929727
0.013546941968474722
0.013549412080303105
0.013551849928972116
0.013554256142319483
0.013556631332001919
0.01355897609401292
0.013561291009180833
0.013563576643648044
0.013565833549332098
0.013568062264369572
0.01357026331354342
0.013572437208694546
0.013574584449118214
0.013576705521946005
0.013578800902513899
0.013580871054717081
0.013582916431352014
0.0135849374744463
0.013586934615576883
0.013588908276177005
0.013590858867832428
0.01359278679256733
0.013594692443120292
0.013596576203210812
0.013598438447796658
0.013600279543322479
0.01360209984796001
0.013603899711840152
0.013605679477277354
0.013607439478986433
0.013609180044292311
0.013610901493332774
0.013612604139254624
0.013614288288403453
0.013615954240507239
0.013617602288854058
0.013619232720464081
0.01362084581625609
0.013622441851208734
0.013624021094516669
0.013625583809741826
0.013627130254959941
0.013628660682902537
0.013630175341094538
0.013631674471987612
0.013633158313089484
0.0136346270970893
0.013636081051979172
0.013637520401172092
0.013638945363616296
0.013640356153906233
0.013641752982390225
0.013643136055274958
0.013644505574726896
0.013645861738970744
0.013647204742385026
0.013648534775594915
0.013649852025562372
0.013651156675673713
0.01365244890582466
0.008575828221550452
0.009014185151463745
0.0093892119102299
0.009713097084106937
0.009995248628527936
0.010242993533985698
0.01046209547075778
0.010657134854104383
0.010831788293331786
0.010989035274185701
0.011131312263492439
0.011260628660734752
0.011378654870375118
0.011486789832095775
0.011586213279485558
0.011677926541627357
0.011762784671318853
0.011841521949173112
0.011914772285411442
0.011983085659285703
0.012046941457245535
0.012106759365669241
0.012162908321561413
0.012215713910547826
0.012265464515453276
0.012312416453352962
0.01235679828892565
0.012398814473344181
0.012438648427989071
0.01247646516887912
0.01251241354933089
0.012546628183828692
0.012579231104536454
0.012610333192651799
0.01264003541938714
0.012668429925375672
0.012695600962444022
0.01272162571773611
0.012746575036934136
0.012770514060660829
0.01279350278595067
0.012815596562858227
0.01283684653475872
0.012857300029633508
0.012877000908575735
0.012895989876863318
0.01291430476219747
0.012931980764072079
0.012949050677702256
0.012965545095483805
0.012981492588565818
0.01299691987078566
0.013011851946929907
0.013026312247039287
0.01304032274826425
0.013053904085594849
0.013067075652630544
0.013079855693418243
0.013092261386267358
0.013104308920346839
0.013116013565778125
0.01312738973785851
0.01313845105597982
0.013149210397745952
0.013159679948739112
0.013169871248337057
0.013179795231941717
0.013189462269942585
0.013198882203705353
0.013208064378847126
0.013217017676033792
0.01322575053951184
0.013234271003566618
0.013242586717080552
0.013250704966348474
0.013258632696292544
0.01326637653020617
0.01327394278814439
0.013281337504067705
0.01328856644183675
0.013295635110146612
0.013302548776481835
0.013309312480166167
0.013315931044574795
0.013322409088571052
0.013328751037224425
0.013334961131861934
0.013341043439500815
0.013347001861706332
0.013352840142915268
0.013358561878262221
0.01336417052094308
0.013369669389147139
0.013375061672587186
0.0133803504386544
0.01338553863822296
0.0133906291111274
0.013395624591334077
0.013400527711826371
0.013405341009222044
0.01341006692813965
0.013414707825329797
0.013419265973585863
0.013423743565447822
0.013428142716711772
0.013432465469757
0.013436713796701524
0.013440889602396332
0.013444994727267873
0.013449030950017687
0.013452999990187457
0.013456903510597246
0.013460743119664243
0.013464520373608641
0.013468236778553175
0.013471893792522113
0.01347549282734535
0.013479035250472792
0.013482522386703916
0.013485955519837112
0.01348933589424308
0.013492664716366388
0.013495943156158905
0.013499172348448774
0.013502353394248223
0.01350548736200337
0.013508575288789074
0.013511618181451534
0.01351461701770134
0.01351757274715947
0.013520486292358533
0.013523358549701516
0.013526190390380104
0.013528982661254565
0.013531736185697033
0.01353445176439999
0.013537130176151576
0.013539772178579323
0.013542378508863804
0.013544949884423611
0.013547487003572951
0.013549990546153213
0.01355246117413961
0.013554899532224116
0.01355730624837568
0.013559681934378861
0.013562027186351732
0.013564342585244036
0.013566628697316492
0.013568886074602002
0.013571115255349618
0.01357331676445198
0.013575491113856973
0.013577638802964212
0.013579760319007098
0.01358185613742096
0.013583926722197937
0.013585972526229124
0.01358799399163452
0.01358999155008126
0.01359196562309067
0.013593916622334532
0.01359584494992105
0.013597750998670891
0.01359963515238374
0.01360149778609574
0.013603339266328125
0.013605159951327477
0.01360696019129789
0.01360874032862534
0.013610500698094607
0.013612241627099016
0.013613963435843262
0.013615666437539597
0.013617350938597634
0.013619017238807991
0.013620665631520042
0.013622296403813933
0.013623909836667166
0.013625506205115852
0.01362708577841091
0.01362864882016935
0.013630195588520841
0.013631726336249728
0.013633241310932659
0.013634740755071973
0.013636224906225042
0.013637693997129625
0.013639148255825484
0.013640587905772307
0.01364201316596408
0.013643424251040107
0.013644821371392661
0.013646204733271525
0.013647574538885415
0.013648930986500454
0.013650274270535799
0.01365160458165645
0.013652922106863443
0.013654227029581415
0.013655519529743688
0.00857779099565192
0.009016239799806888
0.009391344885280765
0.0097152975189881
0.009997507701902818
0.010245304003629725
0.010464451328041857
0.010659531065294107
0.010834220603668662
0.010991500057811968
0.011133806407212482
0.011263149473027702
0.01138120000945804
0.011489357248511746
0.011588801169878368
0.011680533311214748
0.011765408903191141
0.011844162378993443
0.011917427780425496
0.011985755200795728
0.0120496241258893
0.012109454328985459
0.012165614823430801
0.012218431262182203
0.012268192087669477
0.012315153669918914
0.012359544620805709
0.012401569433702353
0.012441411567833884
0.012479236073254137
0.01251519183397114
0.012549413492216485
0.012582023105300853
0.012613131577264881
0.012642839900117418
0.012671240233465043
0.012698416846479718
0.01272444694219315
0.012749401380867362
0.012773345316528541
0.01279633875855428
0.01281843706838451
0.012839691399913037
0.012860149090853782
0.012879854011318387
0.012898846874953369
0.012917165517236083
0.012934845144895499
0.012951918559886946
0.01296841636089311
0.012984367124934056
0.012999797571335996
0.01301473271002277
0.013029195975848468
0.013043209350478086
0.01305679347314021
0.013069967741417592
0.013082750403104065
0.013095158640036875
0.013107208644709479
0.013118915690378902
0.013130294195302358
0.013141357781667999
0.013152119329723624
0.013162591027553145
0.013172784416903248
0.0131827104354207
0.013192379455623765
0.01320180132089822
0.01321098537877943
0.013219940511756022
0.013228675165807606
0.013237197376868449
0.013245514795390743
0.013253634709164613
0.013261564064537438
0.013269309486161767
0.013276877295389547
0.013284273527419427
0.013291503947294739
0.013298574064840883
0.01330548914862319
0.013312254238999354
0.013318874160334185
0.013325353532438657
0.013331696781290106
0.013337908149085701
0.013343991703677043
0.013349951347429794
0.013355790825548892
0.013361513733906458
0.01336712352640675
0.013372623521919742
0.013378016910812529
0.013383306761105504
0.013388496024278124
0.013393587540747452
0.013398584045040619
0.013403488170681073
0.01340830245480686
0.013413029342537953
0.01341767119110834
0.01342223027377756
0.013426708783535274
0.01343110883661153
0.013435432475804494
0.013439681673636655
0.013443858335349664
0.013447964301747429
0.013452001351896267
0.013455971205690514
0.013459875526291253
0.013463715922445517
0.013467493950692654
0.013471211117464264
0.013474868881083613
0.01347846865367013
0.013482011802954138
0.013485499654006795
0.013488933490889747
0.013492314558228876
0.013495644062716142
0.013498923174543327
0.013502153028771287
0.013505334726638013
0.013508469336808722
0.01351155789657093
0.013514601412977285
0.01351760086393887
0.013520557199271374
0.013523471341696576
0.013526344187801263
0.013529176608955761
0.013531969452193983
0.013534723541056885
0.013537439676401131
0.013540118637174539
0.013542761181159987
0.013545368045689204
0.013547939948327875
0.01355047758753339
0.013552981643286525
0.013555452777698231
0.013557891635592652
0.0135602988450675
0.013562675018032771
0.013565020750728752
0.013567336624224307
0.013569623204896247
0.013571881044890663
0.013574110682566955
0.013576312642925387
0.013578487438018802
0.013580635567349208
0.013582757518249895
0.013584853766253666
0.013586924775447793
0.013588970998816226
0.0135909928785696
0.013592990846463555
0.013594965324105833
0.013596916723252618
0.013598845446094552
0.013600751885532841
0.013602636425445853
0.013604499440946615
0.013606341298631506
0.013608162356820552
0.013609962965789648
0.013611743467994958
0.013613504198289897
0.013615245484134916
0.013616967645800348
0.013618670996562658
0.013620355842894274
0.01362202248464728
0.013623671215231182
0.013625302321784985
0.013626916085343792
0.013628512781000097
0.013630092678060018
0.013631656040194602
0.013633203125586446
0.013634734187071708
0.013636249472277793
0.013637749223756757
0.013639233679114668
0.013640703071137
0.01364215762791026
0.01364359757293995
0.013645023125264945
0.013646434499568549
0.013647831906286174
0.013649215551709875
0.013650585638089826
0.01365194236373279
0.013653285923097783
0.013654616506888892
0.013655934302145482
0.013657239492329797
0.013658532257412044
0.00857971710837094
0.009018256070578209
0.009393438019631458
0.00971745685302947
0.009999724579077794
0.010247571316996395
0.01046676318121086
0.010661882518560154
0.010836607481751408
0.010993918802584133
0.011136253963632551
0.01126562319985213
0.011383697608648182
0.011491876708894375
0.011591340721783855
0.01168309138965128
0.011767984117716837
0.011846753488889219
0.011920033674096855
0.011988374878574164
0.012052256685586262
0.012112098953690014
0.01216827077114798
0.012221097856990389
0.012270868712138642
0.012317839758581011
0.012362239654507487
0.012404272934701917
0.012444123095526921
0.012481955220435615
0.012517918223554164
0.012552146774343123
0.012584762954790187
0.012615877691352303
0.012645591996446263
0.012673998048297623
0.012701180133099664
0.01272721546947509
0.012752174931993415
0.01277612368783388
0.012799121758486631
0.012821224516564304
0.012842483126282778
0.012862944934906737
0.012882653821397852
0.012901650507614933
0.012919972836666193
0.012937656022380551
0.012954732873327643
0.012971233994359595
0.012987187968257773
0.013002621519734706
0.013017559663755535
0.013032025839897795
0.013046042034256695
0.013059628890220193
0.013072805809279905
0.013085591042906606
0.013098001776399477
0.013110054205514372
0.01312176360658535
0.013133144400774217
0.013144210213013246
0.013154973926144741
0.013165447730707585
0.01317564317077315
0.013185571186191104
0.013195242151568708
0.013204665912274092
0.013213851817725044
0.013222808752198898
0.013231545163375998
0.013240069088808721
0.013248388180489706
0.013256509727676453
0.013264440678114914
0.013272187657791423
0.013279756989330576
0.013287154709146053
0.013294386583441793
0.013301458123152393
0.01330837459790378
0.013315141049068287
0.013321762301981857
0.013328242977385395
0.013334587502147138
0.013340800119318147
0.013346884897568793
0.013352845740050197
0.013358686392721104
0.013364410452177365
0.01337002137301839
0.01337552247478211
0.013380916948477716
0.013386207862743037
0.013391398169651535
0.013396490710191888
0.013401488219441541
0.013406393331453919
0.013411208583877642
0.01341593642232472
0.013420579204503505
0.013425139204130975
0.013429618614638096
0.013434019552680745
0.013438344061468148
0.01344259411391971
0.01344677161566045
0.013450878407864669
0.013454916269956662
0.013458886922176831
0.013462792028020898
0.01346663319655959
0.01347041198464544
0.013474129899013141
0.01347778839827939
0.013481388894847717
0.01348493275672364
0.013488421309244915
0.013491855836731532
0.013495237584059783
0.01349856775816441
0.013501847529472612
0.013505078033273612
0.01350826037102696
0.013511395611612867
0.013514484792527533
0.013517528921026208
0.01352052897521671
0.013523485905105818
0.013526400633600931
0.013529274057469218
0.0135321070482563
0.013534900453166486
0.013537655095906414
0.013540371777493853
0.01354305127703332
0.013545694352460138
0.013548301741254364
0.01355087416112603
0.013553412310673033
0.013555916870012945
0.013558388501389896
0.013560827849757751
0.013563235543340574
0.013565612194171447
0.013567958398610601
0.013570274737843781
0.01357256177836174
0.013574820072421627
0.01357705015849114
0.01357925256167615
0.013581427794132494
0.013583576355462668
0.013585698733097982
0.0135877954026669
0.013589866828350039
0.013591913463222468
0.013593935749583765
0.013595934119276433
0.013597908993993012
0.013599860785572512
0.013601789896286468
0.013603696719115113
0.013605581638014045
0.013607445028171728
0.013609287256258287
0.013611108680665819
0.013612909651740675
0.013614690512007905
0.01361645159638827
0.013618193232408093
0.013619915740402118
0.013621619433709826
0.013623304618865292
0.013624971595780903
0.013626620657925193
0.013628252092494908
0.01362986618058169
0.013631463197333347
0.013633043412110177
0.013634607088636265
0.013636154485146122
0.013637685854526776
0.013639201444455424
0.013640701497532912
0.013642186251413096
0.013643655938928275
0.013645110788210835
0.013646551022811218
0.013647976861812369
0.013649388519940762
0.013650786207674136
0.013652170131346042
0.013653540493247322
0.013654897491724636
0.013656241321276099
0.01365757217264416
0.013658890232905806
0.013660195685560175
0.013661488710613668
0.008581607577130737
0.009020235028833219
0.00939549241894628
0.009719576226870318
0.010001900431093749
0.01024979667177349
0.01046903225148428
0.010664190456043993
0.010838950188437564
0.010996292786195964
0.01113865622566857
0.01126805114795068
0.011386148987300788
0.011494349544148942
0.011593833276722358
0.011685602128245518
0.011770511675258128
0.011849296647620732
0.011922591342996615
0.011990946076474761
0.012054840526996154
0.012114694636817048
0.012170877567729459
0.012223715103614145
0.012273495802801586
0.012320476138280351
0.012364884813698079
0.012406926404483556
0.012446784443449689
0.01248462404683072
0.012520594158313567
0.0125548294740838
0.012587452100349441
0.012618572985568868
0.012648293162189132
0.012676704826710176
0.012703892282031577
0.012729932762078499
0.012754897155463137
0.012778850642274388
0.012801853255890762
0.01282396037989081
0.012845223188621479
0.012865689038721442
0.012885401817838617
0.012904402255892101
0.012922728203479764
0.012940414881399059
0.012957495104711513
0.012973999484324521
0.012989956608674122
0.013005393207759473
0.013020334301493719
0.013034803334090421
0.013048822295993013
0.013062411834671835
0.013075591355455036
0.013088379113422276
0.0131007922972706
0.013112847105957889
0.013124558818838268
0.013135941859924415
0.013147009856841904
0.013157775694979546
0.013168251567285752
0.013178449020113548
0.013188378995474745
0.013198051870026945
0.013207477491083933
0.013216665209911082
0.013225623912541326
0.013234362048324271
0.013242887656400467
0.01325120839027448
0.013259331540644025
0.013267264056627748
0.013275012565521072
0.01328258339119771
0.013289982571263879
0.013297215873062637
0.01330428880861725
0.01331120664859462
0.013317974435362935
0.0133245969952113
0.013331078949793341
0.013337424726851711
0.013343638570275554
0.013349724549538863
0.013355686568563676
0.013361528374048592
0.013367253563299807
0.01337286559159901
0.013378367779139737
0.013383763317561373
0.013389055276107772
0.013394246607435399
0.013399340153093978
0.013404338648701074
0.013409244728830282
0.013414060931631347
0.013418789703199216
0.013423433401707815
0.01342799430132311
0.01343247459590918
0.013436876402539873
0.01344120176482786
0.013445452656082109
0.013449630982303923
0.01345373858503114
0.013457777244039407
0.013461748679908774
0.013465654556463428
0.01346949648309179
0.013473276016953776
0.01347699466508158
0.013480653886379873
0.013484255093531058
0.013487799654810735
0.013491288895818328
0.01349472410112739
0.013498106515859996
0.013501437347189154
0.013504717765773156
0.013507948907125348
0.013511131872922733
0.013514267732256544
0.013517357522827803
0.013520402252090617
0.013523402898345895
0.013526360411787956
0.013529275715506404
0.01353214970644544
0.013534983256322734
0.013537777212509849
0.013540532398876023
0.013543249616597157
0.013545929644931572
0.013548573241964207
0.013551181145320706
0.013553754072852775
0.01355629272329622
0.013558797776902862
0.01356126989604757
0.013563709725811517
0.013566117894542772
0.013568495014395242
0.013570841681846867
0.013573158478198127
0.013575445970051586
0.013577704709773413
0.01357993523593759
0.01358213807375365
0.013584313735478512
0.013586462720813295
0.013588585517285525
0.013590682600617549
0.013592754435081605
0.013594801473842191
0.013596824159286206
0.01359882292334137
0.01360079818778347
0.013602750364532802
0.01360467985594031
0.013606587055063792
0.013608472345934628
0.013610336103815342
0.013612178695448427
0.01361400047929673
0.013615801805775742
0.013617583017478122
0.013619344449390745
0.013621086429104569
0.013622809277017577
0.013624513306531093
0.013626198824239686
0.013627866130114949
0.013629515517683325
0.013631147274198266
0.01363276168080687
0.013634359012711279
0.013635939539324932
0.013637503524423975
0.01363905122629389
0.013640582897871612
0.013642098786883227
0.013643599135977465
0.013645084182855078
0.013646554160394328
0.013648009296772621
0.013649449815584525
0.013650875935956226
0.013652287872656573
0.013653685836204849
0.013655070032975327
0.013656440665298777
0.01365779793156101
0.013659142026298518
0.013660473140291403
0.01366179146065357
0.013663097170920378
0.013664390451133754
0.008583463382060803
0.009022177700587499
0.009397509148360891
0.009721656739339102
0.010004036386066227
0.01025198122174657
0.010471259715316738
0.010666456074355207
0.010841249938366642
0.01099862323950597
0.011141014438843178
0.01127043457616581
0.011388555416408527
0.011496777036394727
0.011596280127039067
0.011688066828772041
0.011772992886311302
0.011851793173774487
0.011925102113235745
0.01199347012762415
0.012057376989802101
0.012117242724190375
0.01217343656476211
0.012226284359059375
0.012276074721768991
0.012323064175944597
0.012367481469857892
0.012409531218837276
0.01244939699147752
0.012487243936192874
0.012523221025688924
0.012557462982386192
0.01259009193626887
0.012621218857393325
0.012650944797869546
0.012679361972136757
0.012706554699494492
0.012732600228889746
0.012757569462719892
0.012781527593746742
0.012804534667019172
0.012826646076880562
0.012847913007623134
0.01286838282508767
0.01288809942544903
0.01290710354653881
0.012925433046307187
0.012943123152392348
0.012960206686228689
0.012976714264667812
0.012992674481696748
0.013008114072504335
0.013023058061860986
0.013037529898531271
0.013051551577227118
0.013065143749426382
0.013078325824223396
0.013091116060240524
0.013103531649510372
0.013115588794134122
0.013127302776430597
0.013138688023211043
0.013149758164744972
0.01316052608892099
0.013171003991052858
0.013181203419733414
0.013191135319096964
0.013200810067813845
0.013210237515107824
0.013219427014057986
0.013228387452420658
0.013237127281184105
0.013245654541047924
0.013253976887000883
0.013262101611154506
0.013270035663974961
0.013277785674042746
0.01328535796645779
0.013292758579996974
0.013299993283121599
0.013307067588923627
0.013313986769091842
0.013320755866972036
0.013327379709788985
0.013333862920092312
0.013340209926483037
0.01334642497367303
0.01335251213192516
0.013358475305918258
0.013364318243077197
0.0133700445414055
0.01337565765685462
0.01338116091026167
0.013386557493884682
0.013391850477562429
0.013397042814523665
0.013402137346868886
0.01340713681074588
0.013412043841238862
0.01341686097698951
0.013421590664566857
0.013426235262601866
0.013430797045701253
0.013435278208154282
0.013439680867445087
0.0134440070675824
0.013448258782257609
0.013452437917841387
0.013456546316228455
0.01346058575753936
0.013464557962687588
0.013468464595819745
0.013472307266636133
0.013476087532598425
0.013479806901030837
0.013483466831120752
0.01348706873582432
0.01349061398368228
0.013494103900550915
0.013497539771252705
0.01350092284115098
0.013504254317652675
0.013507535371642908
0.013510767138855054
0.013513950721179575
0.013517087187914863
0.013520177576963006
0.013523222895973307
0.013526224123436237
0.01352918220973022
0.013532098078123715
0.01353497262573471
0.013537806724449774
0.01354060122180465
0.013543356941828205
0.013546074685851565
0.01354875523328403
0.013551399342357419
0.013554007750840286
0.013556581176723422
0.013559120318878005
0.013561625857687653
0.013564098455655565
0.01356653875798789
0.013568947393154444
0.013571324973427716
0.01357367209540122
0.013575989340488051
0.013578277275400546
0.013580536452611884
0.013582767410800393
0.01358497067527735
0.013587146758398928
0.01358929615996304
0.01359141936759167
0.013593516857099322
0.013595589092848186
0.013597636528090547
0.013599659605299
0.013601658756484948
0.013603634403505892
0.01360558695836192
0.013607516823481925
0.013609424391999851
0.01361131004802147
0.01361317416688201
0.01361501711539501
0.013616839252092755
0.013618640927458618
0.013620422484151629
0.013622184257223557
0.01362392657432882
0.01362564975592747
0.013627354115481537
0.013629039959644994
0.013630707588447531
0.013632357295472464
0.013633989368028879
0.01363560408731835
0.013637201728596317
0.013638782561328418
0.013640346849341893
0.013641894850972256
0.01364342681920544
0.013644943001815521
0.013646443641498227
0.013647928976000364
0.013649399238245303
0.013650854656454646
0.01365229545426628
0.01365372185084883
0.01365513406101276
0.01365653229531812
0.013657916760179165
0.013659287657965861
0.01366064518710244
0.013661989542163085
0.013663320913964851
0.01366463948965789
0.013665945452813109
0.013667238983507312
0.00858528546768974
0.009024085074588845
0.009399489234322038
0.009723699449351402
0.010006133531133967
0.010254126078791878
0.010473446706430009
0.010668680526638349
0.01084350790205816
0.011000911348663468
0.011143329803437085
0.011272774697614186
0.011390918120796897
0.011499160421179617
0.011598682518136307
0.011690486745720013
0.011775429013770374
0.011854244338040838
0.011927567262755708
0.011995948316724602
0.012059867365024665
0.012119744512748191
0.012175949064737814
0.01222880693104014
0.01227860678167425
0.012325605188849127
0.012370030944649661
0.01241208870357884
0.012451962069363103
0.012489816222011962
0.012525800162722367
0.012560048639673076
0.012592683806192405
0.012623816653542256
0.012653548253138261
0.012681970837032945
0.012709168740627778
0.012735219227618635
0.012760193213937576
0.012784155904789037
0.012807167356680206
0.012829282974523681
0.012850553952376234
0.012871027665113544
0.012890748017282481
0.012909755754483348
0.012928088741885025
0.012945782213842148
0.012962868998046157
0.012979379717184866
0.01299534297069542
0.013010785498862035
0.013025732331224133
0.013040206921014597
0.01305423126713628
0.013067826025001734
0.013081010607403042
0.013093803276440902
0.013106221227422854
0.013118280665536275
0.0131299968760108
0.013141384288405417
0.01315245653558551
0.013163226507894057
0.013173706402967198
0.013183907771596882
0.01319384156000133
0.013203518148827044
0.013212947389173082
0.01322213863589926
0.013231100778454003
0.013239842269434452
0.01324837115107091
0.013256695079809387
0.01326482134914952
0.01327275691088052
0.013280508394844612
0.013288082127345642
0.013295484148309902
0.0133027202272966
0.013309795878446988
0.013316716374453159
0.013323486759620733
0.01333011186209317
0.013336596305299804
0.013342944518684428
0.013349160747766674
0.013355249063583973
0.013361213371558177
0.013367057419827254
0.013372784807079364
0.013378398989923568
0.013383903289828856
0.01338930089966067
0.013394594889841878
0.013399788214163147
0.013404883715265721
0.013409884129817964
0.013414792093405455
0.01341961014515286
0.013424340732094682
0.013428986213310613
0.013433548863840118
0.013438030878389906
0.013442434374846957
0.013446761397608857
0.013451013920742466
0.013455193850981116
0.013459303030569927
0.013463343239968088
0.013467316200416444
0.013471223576378177
0.013475066977859792
0.01347884796261923
0.013482568038267442
0.013486228664269377
0.013489831253849949
0.013493377175810228
0.013496867756258697
0.013500304280262214
0.01350368799342101
0.01350702010337167
0.013510301781222032
0.013513534162921491
0.013516718350570108
0.01351985541366965
0.013522946390319618
0.01352599228836098
0.013528994086470309
0.013531952735206802
0.013534869158014516
0.01353774425218206
0.013540578889761849
0.013543373918450813
0.013546130162434541
0.013548848423196575
0.013551529480294446
0.013554174092104188
0.013556782996534667
0.013559356911713222
0.013561896536643955
0.013564402551839883
0.013566875619930197
0.013569316386243762
0.013571725479369915
0.013574103511697582
0.01357645107993375
0.013578768765602083
0.01358105713552269
0.013583316742273824
0.013585548124636259
0.01358775180802117
0.013589928304882168
0.013592078115112219
0.013594201726426038
0.013596299614728614
0.01359837224447045
0.013600420068990027
0.013602443530844084
0.013604443062126187
0.013606419084774047
0.013608372010866114
0.013610302242907804
0.013612210174107828
0.013614096188645002
0.013615960661925924
0.013617803960833893
0.013619626443969374
0.013621428461882391
0.013623210357297133
0.01362497246532909
0.013626715113694978
0.013628438622915795
0.013630143306513177
0.013631829471199414
0.013633497417061248
0.013635147437737818
0.013636779820592856
0.0136383948468814
0.013639992791911231
0.013641573925199237
0.013643138510622816
0.013644686806566619
0.01364621906606467
0.013647735536938176
0.013649236461929011
0.013650722078829187
0.013652192620606362
0.013653648315525544
0.01365508938726714
0.013656516055041458
0.013657928533699798
0.01365932703384226
0.013660711761922338
0.01366208292034849
0.013663440707582668
0.013664785318236065
0.01366611694316201
0.013667435769546248
0.013668741980994588
0.01367003575761808
0.008587074744546761
0.009025958103993752
0.009401433666327997
0.009725705377705417
0.010008192914302279
0.010256232314761644
0.010475594317735402
0.01067086492452829
0.010845725207896409
0.011003158257119876
0.011145603476524353
0.011275072681743709
0.011393238281201094
0.011501500889575206
0.011601041650585318
0.011692863088420382
0.011777821275068576
0.011856651365368648
0.011929988023495444
0.01199838188223246
0.012062312897211023
0.012122201252742248
0.012178416323262092
0.012231284080196112
0.012281093247899272
0.012328100446850723
0.012372534512159562
0.012414600136797942
0.012454480958991326
0.01249234218977553
0.012528332858325808
0.012562587738115309
0.0125952290053961
0.012626367672253756
0.012656104829061893
0.012684532725169182
0.012711735711789057
0.012737791067100693
0.012762769720327093
0.012786736888891273
0.012809752640552376
0.0128318723906019
0.012853147342685337
0.01287362488055056
0.012893348916965683
0.012912360205159828
0.012930696617390585
0.012948393394608083
0.012965483370648137
0.012981997173929683
0.012997963409241827
0.013013408821872414
0.013028358446043987
0.013042835739377291
0.01305686270489062
0.013070460001860384
0.013083647046709817
0.013096442104955308
0.013108862375120378
0.013120924065423005
0.013132642463951238
0.013144032002962304
0.013155106317870726
0.013165878301429656
0.013176360153555791
0.013186563427200586
0.013196499070628663
0.013206177466427093
0.013215608467536449
0.013224801430565227
0.01323376524662347
0.013242508369888214
0.01325103884409292
0.013259364327114595
0.013267492113815994
0.013275429157285528
0.013283182088604448
0.01329075723525884
0.013298160638303691
0.013305398068376353
0.013312475040648468
0.013319396828797384
0.013326168478071259
0.013332794817515694
0.013339280471423883
0.013345629870067221
0.013351847259758565
0.013357936712295952
0.013363902133830867
0.013369747273201546
0.013375475729768455
0.013381090960786414
0.013386596288344918
0.013391994905905874
0.013397289884465735
0.013402484178366949
0.013407580630781782
0.01341258197888981
0.013417490858768928
0.013422309810018095
0.013427041280128907
0.013431687628621704
0.013436251130960902
0.01344073398226315
0.01344513830081101
0.013449466131383918
0.013453719448417448
0.013457900159001071
0.013462010105723985
0.01346605106937791
0.013470024771525178
0.01347393287693983
0.013477776995929076
0.01348155868654178
0.013485279456670465
0.013488940766052641
0.013492544028177164
0.01349609061210073
0.01349958184417948
0.013503019009720271
0.01350640335455594
0.013509736086548606
0.013513018377024812
0.013516251362146087
0.013519436144218298
0.013522573792942947
0.013525665346613387
0.013528711813258789
0.013531714171738495
0.013534673372789196
0.0135375903400274
0.013540465970909275
0.01354330113765007
0.013546096688105014
0.013548853446613607
0.013551572214809036
0.013554253772394416
0.013556898877887382
0.013559508269334592
0.013562082664997487
0.013564622764010683
0.013567129247014267
0.013569602776761159
0.01357204399870073
0.01357445354153968
0.01357683201778129
0.013579180024243957
0.01358149814255993
0.013583786939655156
0.01358604696821106
0.013588278767109024
0.01359048286185832
0.013592659765008244
0.013594809976545098
0.013596933984274664
0.013599032264190788
0.013601105280830687
0.013603153487617491
0.013605177327190573
0.013607177231724164
0.013609153623234766
0.013611106913877766
0.013613037506233728
0.01361494579358478
0.013616832160181464
0.013618696981500474
0.013620540624493605
0.013622363447828276
0.013624165802119961
0.013625948030156838
0.013627710467116961
0.013629453440778235
0.013631177271721492
0.013632882273526919
0.013634568752964052
0.013636237010175675
0.013637887338855742
0.013639520026421634
0.013641135354180902
0.013642733597492728
0.013644315025924315
0.013645879903402332
0.013647428488359658
0.013648961033877574
0.013650477787823542
0.013651978992984759
0.013653464887197632
0.01365493570347331
0.013656391670119429
0.013657833010858138
0.013659259944940681
0.013660672687258468
0.01366207144845091
0.01366345643501006
0.013664827849382145
0.013666185890066183
0.013667530751709692
0.013668862625201636
0.013670181697762698
0.01367148815303297
0.013672782171157128
0.00858883209067755
0.009027797707954258
0.009403343398575906
0.009727675508781435
0.010010215546187815
0.010258300963268591
0.010477703603153317
0.010673010340000916
0.0108479029440091
0.011005365067532413
0.011147836573898815
0.011277329656280546
0.011395517036231843
0.01150379959015979
0.011603358682125102
0.011695197023059309
0.01178017084420526
0.011859015437004758
0.011932365583442446
0.01200077201842007
0.012064714786507037
0.012124614149819461
0.012180839551144577
0.012233717022191476
0.012283535340681273
0.012330551174501794
0.012374993401018516
0.012417066750986172
0.012456954896513554
0.012494823079109048
0.012530820355426898
0.0125650815237832
0.01259772878294466
0.012628873165448869
0.012658615780289114
0.01268704889380149
0.012714256872729222
0.012740317009476292
0.012765300246319451
0.012789271812682215
0.012812291787374884
0.012834415595882609
0.012855694451268477
0.012876175745994211
0.012895903400902447
0.01291491817671497
0.012933257952651569
0.01295095797614016
0.01296805108705128
0.012984567919432682
0.013000537083329922
0.013015985328945184
0.013030937695100556
0.013045417643726315
0.013059447181882764
0.013073046972641209
0.01308623643599122
0.013099033840803933
0.01311145638876144
0.01312352029105824
0.013135240838589779
0.013146632466263372
0.013157708811997175
0.013168482770911517
0.013178966545162932
0.013189171689823854
0.013199109155168767
0.013208789325690704
0.01321822205613887
0.013227416704839231
0.013236382164533789
0.013245126890951302
0.013253658929301537
0.01326198593886697
0.013270115215849136
0.013278053714612485
0.013285808067455144
0.013293384603024365
0.013300789363483678
0.013308028120529346
0.01331510639034501
0.013322029447575667
0.013328802338395217
0.013335429892735288
0.013341916735737518
0.01334826729848615
0.013354485828073089
0.0133605763970434
0.01336654291226521
0.013372389123264494
0.013378118630062032
0.013383734890546891
0.013389241227417983
0.013394640834723037
0.01339993678402186
0.013405132030198838
0.013410229416947764
0.013415231681950312
0.013420141461767909
0.013424961296465341
0.01342969363398314
0.01343434083427443
0.01343890517322099
0.013443388846342094
0.013447793972308827
0.013452122596275665
0.013456376693040308
0.01346055817004201
0.0134646688702079
0.013468710574656317
0.013472685005265321
0.013476593827114278
0.013480438650805724
0.013484221034674263
0.013487942486888956
0.01349160446745502
0.013495208390120535
0.013498755624193264
0.013502247496272584
0.013505685291901067
0.013509070257140012
0.013512403600073043
0.013515686492241497
0.013518920070015254
0.01352210543590233
0.01352524365980037
0.013528335780193142
0.013531382805294657
0.013534385714143747
0.013537345457651454
0.013540262959603644
0.013543139117621056
0.01354597480407887
0.013548770866987785
0.013551528130838458
0.013554247397411073
0.013556929446551711
0.013559575036917088
0.013562184906689197
0.013564759774261173
0.013567300338895834
0.013569807281358065
0.01357228126452231
0.013574722933956283
0.01357713291848196
0.013579511830714935
0.01358186026758303
0.013584178810825135
0.013586468027471155
0.013588728470303839
0.01359096067830338
0.013593165177075397
0.013595342479263167
0.013597493084944665
0.013599617482015106
0.01360171614655561
0.013603789543188567
0.013605838125420242
0.013607862335971155
0.013609862607094781
0.013611839360884993
0.013613793009572748
0.013615723955812415
0.01361763259295823
0.013619519305331184
0.013621384468476813
0.013623228449414184
0.013625051606876479
0.013626854291543446
0.013628636846266116
0.01363039960628399
0.013632142899435068
0.013633867046358966
0.01363557236069334
0.013637259149263982
0.013638927712268697
0.013640578343455296
0.013642211330293839
0.01364382695414345
0.013645425490413803
0.013647007208721515
0.01364857237304164
0.013650121241854444
0.013651654068287597
0.013653171100254003
0.013654672580585375
0.013656158747161718
0.013657629833036903
0.013659086066560409
0.013660527671495415
0.013661954867133352
0.013663367868405031
0.013664766885988474
0.013666152126413587
0.01366752379216372
0.01366888208177427
0.013670227189928445
0.013671559307550199
0.013672878621894544
0.013674185316635237
0.013675479571949976
0.008590558353079708
0.009029604773120616
0.009405219351521776
0.009729610792151209
0.010012202401670837
0.010260333021375783
0.01047977557933635
0.010675117807125774
0.010850042160046376
0.011007532843566908
0.011150030171898303
0.011279546709072887
0.011397755484236965
0.011506057630896266
0.011605634729555298
0.011697489674584841
0.01178247885366535
0.01186133769242527
0.011934701088575087
0.012003119877328411
0.012067074190619479
0.012126984366993086
0.012183219916378676
0.012236106929702506
0.012285934237107818
0.012332958553052515
0.012377408796410942
0.012419489735052091
0.012459385074368686
0.012497260085802684
0.012533263853001197
0.012567531198683826
0.012600184343733653
0.01263133434077851
0.012661082317101974
0.012689520555727078
0.012716733438652122
0.01274279827225426
0.012767786011633094
0.012791761898000355
0.012814786021022003
0.012836913816196541
0.012858196505838047
0.01287868149096796
0.012898412700360597
0.012917430902097873
0.012935773982238621
0.012953477194573952
0.012970573384902363
0.01298709319280087
0.013003065233478512
0.01301851626196485
0.01303347132160016
0.013047953878548027
0.013061985943839267
0.013075588184272936
0.013088780023341871
0.013101579733212604
0.013114004518669922
0.013126070593832197
0.01313779325235261
0.01314918693174168
0.013160265272376927
0.013171041171703958
0.013181526834079542
0.013191733816659564
0.013201673071692828
0.013211354985544592
0.013220789414740714
0.013229985719294254
0.013238952793550302
0.01324769909476187
0.01325623266958895
0.013264561178694595
0.013272691919595458
0.013280631847909438
0.013288387597130035
0.013295965497045103
0.013303371590907125
0.013310611651452527
0.01331769119585905
0.013324615499722244
0.013331389610125352
0.013338018357870364
0.013344506368932363
0.013350858075194033
0.01335707772451257
0.013363169390166855
0.013369136979728963
0.013374984243400452
0.013380714781850742
0.013386332053591911
0.013391839381921527
0.013397239961462765
0.013402536864328823
0.013407733045936433
0.013412831350491709
0.013417834516169527
0.013422745180006284
0.013427565882524372
0.013432299072105303
0.013436947109127337
0.013441512269882234
0.013445996750284763
0.013450402669387664
0.013454732072713815
0.01345898693541665
0.013463169165279
0.013467280605559965
0.013471323037698709
0.01347529818388345
0.013479207709493464
0.013483053225421392
0.013486836290282533
0.01349055841251758
0.013494221052394739
0.013497825623916715
0.0135013734966379
0.01350486599739661
0.013508304411966952
0.01351168998663465
0.013515023929700908
0.013518307412918075
0.013521541572860691
0.013524727512235329
0.01352786630113233
0.013530958978222488
0.013534006551901396
0.013537010001384207
0.013539970277753216
0.013542888304960653
0.01354576498078892
0.013548601177770302
0.01355139774406822
0.013554155504321808
0.01355687526045565
0.013559557792456253
0.013562203859116977
0.013564814198752731
0.013567389529886035
0.013569930551905626
0.013572437945698988
0.01357491237425993
0.013577354483272424
0.013579764901671686
0.013582144242183626
0.013584493101843561
0.013586812062495141
0.013589101691270375
0.01359136254105156
0.01359359515091594
0.01359580004656379
0.01359797774073069
0.013600128733584672
0.013602253513108804
0.013604352555469941
0.013606426325374133
0.0136084752764093
0.013610499851375694
0.013612500482604619
0.013614477592265962
0.013616431592664893
0.013618362886528304
0.013620271867281243
0.013622158919313915
0.013624024418239473
0.013625868731143076
0.013627692216822494
0.013629495226020628
0.013631278101650234
0.013633041179011183
0.013634784786000506
0.013636509243315543
0.01363821486465044
0.013639901956886226
0.013641570820274763
0.013643221748616745
0.013644855029434001
0.013646470944136319
0.013648069768182957
0.013649651771239078
0.013651217217327268
0.013652766364974329
0.013654299467353515
0.013655816772422363
0.013657318523056312
0.013658804957178196
0.01366027630788385
0.013661732803563864
0.013663174668021711
0.013664602120588301
0.013666015376233145
0.013667414645672202
0.01366880013547256
0.013670172048154022
0.013671530582287744
0.013672875932591973
0.01367420829002505
0.01367552784187569
0.01367683477185073
0.013678129260160302
0.008592254349062807
0.009031380155065036
0.009407062413358508
0.009731512144102707
0.010014154421460645
0.010262329451197717
0.01048181122730177
0.01067718832372654
0.010852143868866335
0.011009662611605811
0.011152185309133072
0.011281724889837837
0.011399954685065123
0.011508276080911307
0.011607870870529533
0.011699742128513387
0.011784746396237913
0.011863619231165353
0.011936995644702866
0.012005426570617048
0.01206939222667508
0.012129313026510338
0.012185558546017172
0.012238454934300678
0.012288291073007059
0.012335323722347701
0.012379781841978008
0.012421870236230436
0.012461772643198074
0.012499654363731535
0.012535664507997531
0.012569937922691274
0.012602596850424412
0.012633752363562758
0.012663505607359453
0.012691948881231898
0.012719166582165976
0.012745236030267006
0.01277022819323258
0.012794208323855968
0.012817236522468448
0.012839368234406276
0.01286065469107233
0.012881143301897664
0.01290087800344921
0.01291989957103995
0.012938245897447843
0.012955952242715625
0.01297305145846581
0.01298957418970773
0.013005549056723353
0.013021002819284987
0.013035960525171867
0.01305044564470666
0.013064480192821071
0.01307808483997655
0.013091279013107767
0.013104080987618864
0.013116507971342926
0.013128576181270935
0.01314030091376544
0.01315169660889453
0.01316277690945195
0.013173554715167833
0.013184042232560589
0.013194251020833022
0.013204192034173647
0.013213875660787112
0.01322331175894478
0.013232509690317213
0.01324147835082449
0.013250226199217159
0.013258761283579978
0.0132670912659324
0.013275223445083119
0.01328316477788151
0.013290921898995486
0.013298501139333507
0.013305908543217906
0.013313149884407044
0.013320230681055326
0.013327156209692183
0.013333931518294264
0.013340561438518654
0.013347050597159262
0.013353403426883237
0.013359624176299623
0.01336571691940826
0.013371685564472824
0.01337753386235861
0.013383265414372306
0.013388883679638076
0.013394391982041644
0.013399793516771558
0.013405091356484683
0.013410288457120775
0.013415387663389275
0.013420391713949608
0.013425303246304844
0.01343012480142693
0.013434858828130634
0.013439507687211891
0.01344407365536526
0.013448558928894072
0.013452965627226025
0.013457295796245949
0.01346155141145675
0.01346573438097884
0.013469846548397455
0.01347388969546696
0.013477865544680284
0.013481775761711374
0.01348562195773788
0.013489405691650865
0.013493128472157914
0.013496791759785583
0.013500396968786747
0.013503945468958112
0.013507438587372734
0.0135108776100322
0.013514263783442719
0.013517598316119277
0.013520882380021509
0.013524117111925037
0.013527303614731511
0.013530442958720593
0.01353353618274682
0.013536584295384178
0.013539588276021055
0.013542549075907993
0.013545467619160681
0.013548344803720334
0.013551181502273593
0.013553978563133921
0.013556736811086332
0.013559457048197263
0.01356214005459121
0.01356478658919575
0.013567397390456402
0.013569973177022795
0.01357251464840737
0.01357502248561807
0.013577497351765975
0.013579939892649273
0.013582350737314432
0.013584730498595755
0.013587079773634155
0.01358939914437621
0.013591689178054244
0.013593950427648358
0.013596183432331144
0.013598388717895867
0.013600566797168812
0.013602718170406463
0.013604843325678219
0.013606942739235149
0.013609016875865508
0.013611066189237447
0.013613091122229536
0.013615092107249557
0.01361706956654206
0.01361902391248515
0.013620955547876942
0.01362286486621209
0.01362475225194877
0.013626618080766581
0.013628462719815606
0.01363028652795708
0.01363208985599594
0.013633873046905592
0.013635636436045217
0.013637380351369837
0.013639105113633518
0.013640811036585883
0.013642498427162246
0.013644167585667572
0.013645818805954515
0.013647452375595764
0.013649068576050877
0.013650667682827834
0.013652249965639487
0.013653815688555122
0.013655365110147272
0.013656898483633956
0.013658416057016582
0.013659918073213526
0.013661404770189716
0.013662876381082212
0.013664333134321993
0.013665775253752122
0.01366720295874229
0.013668616464300036
0.013670015981178587
0.013671401715981558
0.013672773871264577
0.013674132645633913
0.01367547823384226
0.013676810826881719
0.013678130612074145
0.01367943777315885
0.01368073249037785
0.008593920867537564
0.009033124679631216
0.009408873441416896
0.009733380449085484
0.010016072513579444
0.010264291181417933
0.01048381149397903
0.010679222852955021
0.010854209048132751
0.011011755362367266
0.011154302988124129
0.011283865211817264
0.011402115661737662
0.011510455972181852
0.011610068145255392
0.011701955432642052
0.011786974526739984
0.0118658611145537
0.011939250319210776
0.012007693171317741
0.012071669972982795
0.012131601211622694
0.012187856527950111
0.012240762128237716
0.012290606944739445
0.012337647782624892
0.012382113641621655
0.012424209361891873
0.012464118713660566
0.012502007026675855
0.012538023437163072
0.012572302815376298
0.01260496742527807
0.012636128358629085
0.012665886778339717
0.012694334999936756
0.012721557435133157
0.012747631417523778
0.012772627927185243
0.012796612228291024
0.012819644431652333
0.012841779992272203
0.012863070150484308
0.012883562323983156
0.012903300456992835
0.012922325331931704
0.012940674848180055
0.012958384271923591
0.01297548646050761
0.012992012064279326
0.013007989708505457
0.013023446157618631
0.013038406463759878
0.013052894101338659
0.01306693108911975
0.013080538101163339
0.013093734567786112
0.013106538767573544
0.013118967911354033
0.013131038218941224
0.013142764989359951
0.01315416266519142
0.013165244891603603
0.013176024570571432
0.013186513910737408
0.013196724473315668
0.013206667214400704
0.013216352524004606
0.013225790262113887
0.013234989792027807
0.013243960011214055
0.013252709379894678
0.013261245947554451
0.013269577377545635
0.013277710969946514
0.013285653682816536
0.013293412151977605
0.013300992709439314
0.013308401400575248
0.013315644000147935
0.01332272602727148
0.013329652759392949
0.013336429245366873
0.013343060317690576
0.013349550603962562
0.013355904537620781
0.013362126368013087
0.013368220169847733
0.013374189852067977
0.013380039166191321
0.013385771714150639
0.013391390955671541
0.013396900215217684
0.013402302688533152
0.013407601448809044
0.013412799452499036
0.013417899544807156
0.013422904464868964
0.013427816850646063
0.013432639243552157
0.013437374092827742
0.013442023759679171
0.013446590521196785
0.013451076574065739
0.013455484038082164
0.013459814959486543
0.013464071314125206
0.013468255010450245
0.013472367892367384
0.0134764117419407
0.013480388281962553
0.013484299178396417
0.013488146042700006
0.013491930434035359
0.013495653861372303
0.013499317785491263
0.013502923620890941
0.013506472737606131
0.013509966462940549
0.013513406083119314
0.013516792844865299
0.013520127956903528
0.01352341259139734
0.013526647885319938
0.013529834941764667
0.013532974831197198
0.013536068592652634
0.013539117234880254
0.01354212173743866
0.01354508305174373
0.01354800210207175
0.013550879786520007
0.013553716977926806
0.013556514524753045
0.01355927325192708
0.013561993961654747
0.013564677434196116
0.01356732442861066
0.013569935683472239
0.013572511917555362
0.013575053830494057
0.013577562103414598
0.013580037399543315
0.013582480364790626
0.01358489162831232
0.013587271803049191
0.013589621486245939
0.013591941259950264
0.013594231691493071
0.013596493333950552
0.013598726726589003
0.013600932395293053
0.013603110852978106
0.013605262599987593
0.013607388124475712
0.013609487902776302
0.013611562399758387
0.01361361206916895
0.013615637353963525
0.013617638686625029
0.013619616489471395
0.013621571174952385
0.013623503145936109
0.013625412795985593
0.013627300509625833
0.013629166662601699
0.013631011622127081
0.013632835747125562
0.013634639388463049
0.013636422889172543
0.013638186584671495
0.013639930802971918
0.013641655864883613
0.013643362084210724
0.013645049767941902
0.013646719216434287
0.013648370723591596
0.013650004577036495
0.01365162105827744
0.013653220442870283
0.013654803000574754
0.013656368995506016
0.013657918686281526
0.013659452326163316
0.013660970163195875
0.013662472440339794
0.013663959395601355
0.01366543126215811
0.013666888268480752
0.013668330638451222
0.013669758591477336
0.01367117234260399
0.013672572102621032
0.013673958078167972
0.013675330471835643
0.013676689482264812
0.013678035304242015
0.013679368128792543
0.0136806881432708
0.01368199553144802
0.013683290473597533
0.008595558670238434
0.009034839144214202
0.009410653263494297
0.009735216561081355
0.010017957554769596
0.010266219108728308
0.010485777293677294
0.010681222324783853
0.010856238641830242
0.011013812052440508
0.011156384176856935
0.011285968653348162
0.011404239402034125
0.011512598301134488
0.011612227558106534
0.01170413059867256
0.011789164263651362
0.011868064367357435
0.011941466142713571
0.012009920715497474
0.01207390847070497
0.012133849968264755
0.012190114912590847
0.012243029566138378
0.012292882910896915
0.012339931796219547
0.01238440526121552
0.01242650818125922
0.01246642435815391
0.012504319150047238
0.012540341718774117
0.012574626957741511
0.012607297151894924
0.012638463412055725
0.012668226918487246
0.012696680002548063
0.01272390709042441
0.01274998552896825
0.012774986310421897
0.012798974710142932
0.012822010849241916
0.01284415019222206
0.012865443988193944
0.012885939662973123
0.012905681168308904
0.01292470929360258
0.012943061944722995
0.012960774393892958
0.012977879504081944
0.012994407930883056
0.013010388304461874
0.013025847393831025
0.013040810255418187
0.01305530036764917
0.013069339753055787
0.013082949089234942
0.013096147809827055
0.013108954196544106
0.013121385463158193
0.013133457832257002
0.013145186605481755
0.013156586227883465
0.01316767034696343
0.013178451866902705
0.013188942998431253
0.013199155304739897
0.013209099743796273
0.01321878670738875
0.013228226057189443
0.013237427158098246
0.01324639890910378
0.013255149771874237
0.013263687797270288
0.01327202064995403
0.013280155631251466
0.013288099700411253
0.013295859494389412
0.013303441346277683
0.013310851302482794
0.013318095138754146
0.013325178375148981
0.013332106290016209
0.013338883933073104
0.013345516137642757
0.013352007532114383
0.01335836255068348
0.013364585443423962
0.013370680285740292
0.013376650987243598
0.013382501300092348
0.013388234826834811
0.013393855027787688
0.013399365227982598
0.013404768623709597
0.013410068288684802
0.013415267179866965
0.013420368142946164
0.013425373917525898
0.013430287142018407
0.01343511035827153
0.013439846015944158
0.013444496476645987
0.013449064017856328
0.013453550836635565
0.013457959053141925
0.013462290713965416
0.01346654779528986
0.013470732205893336
0.013474845789996515
0.013478890329967862
0.01348286754889399
0.013486779113022929
0.013490626634087627
0.01349441167151642
0.013498135734536865
0.013501800284178885
0.013505406735182756
0.013508956457817273
0.013512450779612847
0.013515890987014254
0.013519278326957302
0.013522614008373443
0.013525899203626209
0.013529135049882972
0.013532322650425466
0.013535463075902185
0.013538557365525665
0.013541606528217467
0.013544611543703476
0.01354757336356204
0.013550492912227301
0.01355337108794991
0.013556208763717228
0.013559006788135049
0.013561765986272602
0.013564487160472708
0.013567171091128684
0.01356981853742963
0.013572430238075531
0.013575006911963628
0.013577549258847424
0.013580057959969506
0.013582533678669462
0.013584977060968
0.013587388736128346
0.013589769317195964
0.01359211940151753
0.013594439571240147
0.01359673039379158
0.013598992422342474
0.0136012261962512
0.013603432241492191
0.013605611071068436
0.013607763185408787
0.013609889072750809
0.013611989209509673
0.013614064060633774
0.013616114079947584
0.013618139710482261
0.013620141384794577
0.013622119525274565
0.013624074544442422
0.013626006845235041
0.013627916821282652
0.013629804857175899
0.013631671328723817
0.013633516603202993
0.013635341039598299
0.013637144988835542
0.013638928794006303
0.013640692790585295
0.01364243730664054
0.013644162663036613
0.01364586917363124
0.013647557145465485
0.01364922687894777
0.013650878668032003
0.013652512800389944
0.013654129557578124
0.01365572921519944
0.013657312043059677
0.013658878305319096
0.013660428260639314
0.013661962162325595
0.01366348025846478
0.013664982792058949
0.01366647000115501
0.01366794211897034
0.01366939937401463
0.01367084199020804
0.013672270186995865
0.013673684179459697
0.013675084178425384
0.013676470390567718
0.013677843018512107
0.013679202260933247
0.013680548312650923
0.013681881364723047
0.013683201604535993
0.013684509215892392
0.01368580437909634
0.008597168492883596
0.00903652431897467
0.009412402679115237
0.0097370213049049
0.010019810391828757
0.010268114099194574
0.010487709509477826
0.010683187637422726
0.010858233561701867
0.01101583360574266
0.011158429810255586
0.011288036159352545
0.011406326859996532
0.01151470403016293
0.011614350079152277
0.011706268603751967
0.011791316590665658
0.011870229979342723
0.011943644110625313
0.012012110203836295
0.012076108725442986
0.012136060306647135
0.012192334714475773
0.012245258266606595
0.012295119993915079
0.012342176789182903
0.012386657730228144
0.012428767727035824
0.01246869061244792
0.012506591772526405
0.012542620394278219
0.012576911393867655
0.012609587076864676
0.012640758572825674
0.012670527079070456
0.012698984942518893
0.012726216603583229
0.012752299422146025
0.01277730440240743
0.012801296830718064
0.012824336838311853
0.01284647989902988
0.012867777270609688
0.012888276386849123
0.012908021206894132
0.012927052527009639
0.0129454082594422
0.012963123682348563
0.012980231664226299
0.012996762865824775
0.013012745922124737
0.013028207606640557
0.013043172980013312
0.013057665524616565
0.01307170726668478
0.013085318887291171
0.013098519823343091
0.013111328359625626
0.013123761712804268
0.013135836108193336
0.013147566850005767
0.013158968385720168
0.013170054365131297
0.013180837694588634
0.013191330586873953
0.013201544607120991
0.013211490715138514
0.01322117930446083
0.013230620238416858
0.013239822883479763
0.013248796140133133
0.013257548471466596
0.013266087929693197
0.013274422180762503
0.013282558527226904
0.013290503929503969
0.013298265025664436
0.013305848149863728
0.013313259349524046
0.013320504401364805
0.013327588826370283
0.013334517903775812
0.01334129668414668
0.013347930001617613
0.013354422485355063
0.013360778570299112
0.013367002507237328
0.013373098372258495
0.013379070075630202
0.013384921370140928
0.01339065585894382
0.013396277002936574
0.013401788127709067
0.013407192430088005
0.013412492984305548
0.013417692747816894
0.01342279456678987
0.01342780118128791
0.013432715230166198
0.013437539255699297
0.013442275707957333
0.01344692694894646
0.013451495256528313
0.013455982828132096
0.013460391784271946
0.01346472417188142
0.013468981967476073
0.013473167080154384
0.013477281354446608
0.01348132657302039
0.01348530445925157
0.013489216679667872
0.013493064846272777
0.013496850518756369
0.013500575206599532
0.013504240371077413
0.013507847427167758
0.013511397745369346
0.013514892653435404
0.013518333438026636
0.013521721346288129
0.013525057587354242
0.013528343333785275
0.013531579722939458
0.013534767858283695
0.01353790881064617
0.013541003619413839
0.01354405329367758
0.013547058813327711
0.013550021130102289
0.013552941168590595
0.013555819827194027
0.013558657979046464
0.013561456472896114
0.01356421613395067
0.01356693776468761
0.013569622145631215
0.013572270036097987
0.013574882174911884
0.013577459281090793
0.01358000205450565
0.013582511176513358
0.013584987310564834
0.013587431102789194
0.013589843182555263
0.013592224163011377
0.013594574641604466
0.013596895200579308
0.013599186407458911
0.013601448815506727
0.013603682964171648
0.01360588937951637
0.013608068574629956
0.013610221050025254
0.013612347294021741
0.013614447783114544
0.013616522982330077
0.013618573345568957
0.013620599315936694
0.013622601326062645
0.013624579798407718
0.013626535145561329
0.01362846777052799
0.013630378067003976
0.013632266419644474
0.013634133204321577
0.013635978788373498
0.013637803530845344
0.013639607782721814
0.01364139188715205
0.013643156179667066
0.013644900988389927
0.013646626634239056
0.013648333431124829
0.013650021686139838
0.013651691699742915
0.013653343765937288
0.013654978172442985
0.013656595200863778
0.013658195126848821
0.013659778220249157
0.013661344745269376
0.013662894960614496
0.013664429119632284
0.013665947470451209
0.01366745025611412
0.013668937714707868
0.013670410079488961
0.013671867579005436
0.013673310437215026
0.013674738873599834
0.013676153103277553
0.013677553337109394
0.013678939781804837
0.013680312640023281
0.013681672110472758
0.013683018388005747
0.013684351663712206
0.01368567212500996
0.013686979955732469
0.013688275336214091
0.00859875104627603
0.009038180947991586
0.009414122460728001
0.00973879547743792
0.010021631842877264
0.010269976989552568
0.010489608994555673
0.010685119658662735
0.010860194688613732
0.011017820914901577
0.011160440791582077
0.011290068642751713
0.011408378957357312
0.011516774089068413
0.011616436645609522
0.0117083703919352
0.011793432458162618
0.011872358906756187
0.011945785184649225
0.012014262603125062
0.012078271708742337
0.012138233202768453
0.012194516913782767
0.012247449213750032
0.01229731918160349
0.012344383752817704
0.012388872043263837
0.012430988996951222
0.012470918477234744
0.012508825897617816
0.01254486046985298
0.012579157132476333
0.012611838211332911
0.012643014854396742
0.012672788275755171
0.012701250837625739
0.012728486994405722
0.012754574118787502
0.012779583226726527
0.012803579615380204
0.012826623425934332
0.012848770141409688
0.012870071028024618
0.012890573527424046
0.012910321606025253
0.012929356066840522
0.012947714828386065
0.012965433174652076
0.012982543979570535
0.012999077908959756
0.01301506360253405
0.013030527838233297
0.01304549568084059
0.01305999061661035
0.013074034675416993
0.013087648541751134
0.01310085165573173
0.013113662305164893
0.01312609770956051
0.013138174096913341
0.01314990677396446
0.013161310190578958
0.013172397998806186
0.013183183107127336
0.013193677730341214
0.013203893435491557
0.013213841184197087
0.013223531371708458
0.01323297386298333
0.0132421780260415
0.01325115276283618
0.01325990653785436
0.013268447404638554
0.013276783030403978
0.013284920718908648
0.013292867431719226
0.013300629808002302
0.013308214182958942
0.013315626605009635
0.013322872851827362
0.013329958445307747
0.013336888665557524
0.013343668563975614
0.01335030297549466
0.013356796530045154
0.013363153663299154
0.013369378626745808
0.01337547549714661
0.013381448185414497
0.01338730044495729
0.013393035879522761
0.013398657950579766
0.013404169984266977
0.013409575177938652
0.013414876606334262
0.013420077227397038
0.013425179887764465
0.01343018732795212
0.013435102187250626
0.013439927008354037
0.013444664241736758
0.013449316249794672
0.01345388531076527
0.013458373622440328
0.013462783305683854
0.01346711640776714
0.013471374905531854
0.01347556070839146
0.013479675661180534
0.01348372154686084
0.013487700089092551
0.013491612954678336
0.013495461755887625
0.01349924805266783
0.013502973354748857
0.013506639123646934
0.013510246774573244
0.013513797678252653
0.013517293162657448
0.013520734514660578
0.013524122981612877
0.013527459772848176
0.013530746061120202
0.013533982983974818
0.013537171645060957
0.013540313115383444
0.0135434084345007
0.013546458611670063
0.013549464626943487
0.01355242743221604
0.013555347952229504
0.013558227085533489
0.013561065705405896
0.013563864660734934
0.013566624776864418
0.01356934685640419
0.013572031680007294
0.013574680007115474
0.013577292576674553
0.013579870107821026
0.01358241330054126
0.013584922836304561
0.013587399378671264
0.013589843573877065
0.013592256051394603
0.01359463742447335
0.013596988290658772
0.013599309232291697
0.013601600816988722
0.01360386359810457
0.013606098115177101
0.013608304894355785
0.013610484448814311
0.013612637279148073
0.0136147638737571
0.013616864709215103
0.013618940250625197
0.013620990951962864
0.013623017256406699
0.013625019596657406
0.01362699839524558
0.013628954064828681
0.013630887008477692
0.01363279761995382
0.013634686283975687
0.013636553376477383
0.013638399264857711
0.01364022430822099
0.013642028857609805
0.013643813256229896
0.01364557783966761
0.013647322936100133
0.01364904886649881
0.0136507559448258
0.01365244447822433
0.013654114767202795
0.0136557671058129
0.013657401781822134
0.013659019076880715
0.013660619266683244
0.01366220262112528
0.013663769404454986
0.013665319875420035
0.013666854287409986
0.013668372888594228
0.013669875922055694
0.013671363625920498
0.013672836233483619
0.01367429397333078
0.013675737069456649
0.013677165741379536
0.013678580204252602
0.013679980668971834
0.013681367342280799
0.013682740426872328
0.013684100121487214
0.013685446621010068
0.013686780116562373
0.013688100795592854
0.013689408841965293
0.01369070443604378
0.008600307017349169
0.009039809750356809
0.009415813354840992
0.009740539848801731
0.01002342269856169
0.010271808588439138
0.0104914765734348
0.010687019227153014
0.010862122873850837
0.01101977484256898
0.011162417993765151
0.011292066985809313
0.011410396584895309
0.011518809376427606
0.01161848816322152
0.011710436875573873
0.011795512784606263
0.011874452073731705
0.011947890294192524
0.012016378847687756
0.012080398359521953
0.012140369599851219
0.012196662457773226
0.012249603358627886
0.012299481428598904
0.012346553645136576
0.012391049161525905
0.012433172955228992
0.012473108919601072
0.01251102249512602
0.012547062917886306
0.01258136514841401
0.012614051532488665
0.012645233236192543
0.01267501149009886
0.012703478671465863
0.012730719248440915
0.012756810606311064
0.01278182377258956
0.012805824055059072
0.012828871604690106
0.012851021913528916
0.012872326256132199
0.012892832081860126
0.012912583364279178
0.012931620913035648
0.01294998265281009
0.012967703873328127
0.012984817453864901
0.013001354065222483
0.01301734235176927
0.013032809095796275
0.01304777936615904
0.013062276652927664
0.013076322989555356
0.013089939063892733
0.013103144319216393
0.013115957046302744
0.01312839446745828
0.013140472813313172
0.013152207393094162
0.013163612659012738
0.013174702265334978
0.013185489122637957
0.013195985447703652
0.013206202809453711
0.01321615217128639
0.01322584393013988
0.01323528795257321
0.013244493608126826
0.013253469800198887
0.013262224994650261
0.013270767246330598
0.013279104223699517
0.013287243231700392
0.013295191233029682
0.013302954867931418
0.013310540472634741
0.013317954096541667
0.013325201518262726
0.013332288260589562
0.013339219604485683
0.013346000602169651
0.013352636089358601
0.013359130696734242
0.013365488860688318
0.013371714833399755
0.013377812692291472
0.013383786348910905
0.013389639557274818
0.013395375921715623
0.013400998904263718
0.01340651183159738
0.013411917901589545
0.013417220189478472
0.013422421653687226
0.013427525141315066
0.013432533393322114
0.013437449049427109
0.013442274652736563
0.013447012654122358
0.01345166541636357
0.013456235218067223
0.013460724257381573
0.013465134655514636
0.013469468460069755
0.01347372764820923
0.01347791412965622
0.013482029749544513
0.013486076291125054
0.013490055478337565
0.013493968978255045
0.01349781840340842
0.01350160531399808
0.013505331219998785
0.013508997583163795
0.0135126058189338
0.013516157298255976
0.013519653349317958
0.013523095259201406
0.013526484275459424
0.013529821607621971
0.013533108428632958
0.013536345876222714
0.013539535054219152
0.013542677033800778
0.013545772854694587
0.013548823526321585
0.013551830028892656
0.013554793314457213
0.013557714307907016
0.01356059390793736
0.013563432987967769
0.013566232397024097
0.013568992960584
0.013571715481387466
0.013574400740214116
0.013577049496628846
0.0135796624896973
0.013582240438672576
0.013584784043654555
0.013587293986223027
0.013589770930045937
0.013592215521463755
0.013594628390051194
0.013597010149157158
0.013599361396424006
0.013601682714286977
0.01360397467045472
0.013606237818371673
0.013608472697663175
0.013610679834564009
0.013612859742331064
0.013615012921640912
0.013617139860972766
0.0136192410369776
0.013621316914833951
0.013623367948590903
0.013625394581498907
0.013627397246328821
0.013629376365679749
0.013631332352276057
0.013633265609254073
0.013635176530438858
0.013637065500611403
0.013638932895766754
0.013640779083363266
0.0136426044225635
0.013644409264466941
0.013646193952334977
0.013647958821808366
0.013649704201117503
0.013651430411285767
0.013653137766326222
0.013654826573431894
0.013656497133159884
0.013658149739609594
0.013659784680595151
0.013661402237812436
0.013663002687000755
0.01366458629809942
0.013666153335399434
0.013667704057690421
0.013669238718403023
0.013670757565746856
0.01367226084284427
0.013673748787859982
0.013675221634126787
0.01367667961026747
0.013678122940313026
0.013679551843817334
0.01368096653596845
0.013682367227696543
0.013683754125778706
0.01368512743294062
0.013686487347955304
0.013687834065738966
0.013689167777444066
0.013690488670549724
0.013691796928949522
0.013693092733036802
0.008601837070160333
0.009041411421215034
0.009417476083102337
0.009742255163470936
0.01002518372319828
0.010273609677561649
0.010493313043180548
0.010688887153613623
0.010864018940348288
0.011021696222668116
0.011164362260662787
0.0112940320414073
0.011412380603724074
0.011520810760892182
0.011620505507567847
0.011712468936635839
0.011797558457873265
0.011876510373626942
0.011949960337710591
0.012018459840732763
0.012082489585432149
0.012142470409705956
0.012198772262162068
0.012251721620626387
0.012301607657745966
0.012348687392247579
0.012393190014206825
0.0124353205339813
0.01247526287442682
0.012513182502558274
0.012549228678382762
0.012583536384061927
0.012616227984977725
0.012647414665019018
0.012677197670970253
0.012705669394879838
0.012732914318416166
0.012759009839251134
0.012784026996263274
0.012808031107683505
0.012831082334104047
0.012853236176446278
0.012874543917466341
0.012895053014111134
0.012914807446977237
0.012933848032234442
0.012952212700624958
0.012969936747514305
0.012987053057431756
0.013003592306080135
0.013019583142404378
0.013035052352974162
0.01305002501064964
0.013064524609253012
0.01307857318575667
0.013092191431315254
0.013105398792310418
0.013118213562439373
0.013130652966758624
0.01314273323848987
0.013154469689304105
0.013165876773720123
0.013176968148183806
0.013187756725333196
0.013198254723900408
0.01320847371465371
0.013218424662741262
0.013228117966760657
0.01323756349484564
0.013246770618031964
0.013255748241138662
0.013264504831377595
0.013273048444883785
0.01328138675134051
0.013289527056856758
0.013297476325239966
0.013305241197793655
0.013312828011757932
0.013320242817499956
0.013327491394552214
0.013334579266587442
0.01334151171541164
0.013348293794049362
0.013354930338989168
0.013361425981651463
0.013367785159135694
0.013374012124299072
0.013380110955214925
0.013386085564054625
0.01339193970543371
0.013397676984259511
0.013403300863114627
0.013408814669207923
0.013414221600922385
0.013419524733986759
0.013424727027295942
0.01342983132840327
0.013434840378706013
0.013439756818343898
0.013444583190829012
0.013449321947424096
0.013453975451285037
0.01345854598138224
0.013463035736214504
0.013467446837328107
0.01347178133265293
0.013476041199666553
0.01348022834839668
0.013484344624271317
0.013488391810825773
0.01349237163227467
0.013496285755956834
0.01350013579466031
0.013503923308834275
0.013507649808694266
0.01351131675622661
0.013514925567097689
0.013518477612473278
0.01352197422075279
0.0135254166792231
0.01352880623563623
0.013532144099714986
0.013535431444590294
0.013538669408173892
0.013541859094469678
0.013545001574826944
0.01354809788913846
0.01355114904698617
0.013554156028737233
0.013557119786592853
0.013560041245592246
0.013562921304573993
0.013565760837096858
0.01356856069232206
0.013571321695858857
0.01357404465057522
0.013576730337375244
0.013579379515944918
0.01358199292546771
0.013584571285311393
0.013587115295687445
0.013589625638284327
0.013592102976875778
0.01359454795790532
0.013596961211048017
0.013599343349750562
0.013601694971750585
0.013604016659576182
0.01360630898102649
0.013608572489634187
0.013610807725110634
0.013613015213774497
0.0136151954689645
0.013617348991437008
0.013619476269749117
0.013621577780627791
0.013623653989325708
0.013625705349964334
0.013627732305864781
0.013629735289866898
0.013631714724637149
0.013633671022965697
0.013635604588053133
0.013637515813787289
0.013639405085010499
0.013641272777777737
0.013643119259605947
0.01364494488971493
0.013646750019260141
0.013648534991557687
0.013650300142301827
0.013652045799775275
0.013653772285052584
0.01365547991219687
0.013657168988450125
0.01365883981441737
0.013660492684244867
0.013662127885792637
0.013663745700801458
0.013665346405054587
0.013666930268534366
0.013668497555573918
0.013670048525004131
0.013671583430296036
0.013673102519698811
0.013674606036373561
0.013676094218522963
0.013677567299517007
0.013679025508014923
0.013680469068083408
0.01368189819931134
0.013683313116921073
0.013684714031876403
0.013686101150987371
0.013687474677011981
0.013688834808754935
0.013690181741163505
0.013691515665420612
0.013692836769035275
0.013694145235930377
0.013695441246528016
0.008603341846834943
0.009042986632752235
0.009419111343326025
0.009743942141332038
0.010026915655859793
0.010275381012809528
0.010495119174533052
0.010690724221988385
0.010865883683861457
0.011023585861579565
0.01116627440826213
0.011295964634258759
0.011414331846516386
0.01152277908242403
0.01162248952530947
0.011714467427959313
0.011799570336515495
0.011878534670293735
0.011951996183984591
0.01202050645563725
0.012084546264145284
0.01214453651402786
0.012200847212419893
0.012253804888766172
0.012303698761409491
0.012350785889671166
0.012395295499809583
0.01243743263453436
0.012477381245714535
0.012515306826457684
0.01255135866030028
0.012585671750676194
0.01261836848224595
0.012649560056410814
0.012679347735898659
0.012707823927303685
0.012735073125591946
0.012761172740615579
0.01278619382243062
0.012810201699543649
0.012833256542009615
0.01285541385947841
0.012876724942770151
0.01289723725629313
0.012916994787557878
0.01293603835914992
0.012954405907772965
0.012972132734339259
0.012989251728545396
0.013005793570913998
0.013021786914890924
0.013037258551253837
0.013052233556801327
0.013066735429045715
0.013080786208420438
0.01309440658932957
0.013107616021208517
0.013120432800627049
0.013132874155346246
0.013144956321136516
0.01315669461207273
0.013168103484942864
0.01317919659833659
0.013189986866918878
0.01320048651133975
0.013210707104183594
0.013220659612319555
0.013230354435977238
0.01323980144483905
0.01324901001141138
0.013257989041910643
0.013266747004877386
0.013275291957710753
0.013283631571297463
0.013291773152892886
0.013299723667397057
0.013307489757155504
0.013315077760402569
0.013322493728454652
0.013329743441750919
0.013336832424830664
0.013343765960328468
0.013350549102061541
0.013357186687277135
0.013363683348122159
0.013370043522392044
0.013376271463611105
0.01338237125049232
0.013388346795820679
0.013394201854800631
0.01339994003290491
0.013405564793259186
0.013411079463594159
0.013416487242794442
0.013421791207071144
0.01342699431578322
0.013432099416930573
0.013437109252340394
0.013442026462566446
0.013446853591519696
0.013451593090847286
0.013456247324075684
0.013460818570532674
0.013465309029061803
0.013469720821542033
0.013474055996224374
0.013478316530896494
0.013482504335885593
0.013486621256909049
0.01349066907778183
0.01349464952298891
0.013498564260130564
0.013502414902247701
0.013506203010034181
0.013509930093942326
0.01351359761618769
0.013517206992658622
0.013520759594735879
0.013524256751027147
0.013527699749021132
0.013531089836665488
0.013534428223872685
0.013537716083957574
0.013540954555010292
0.013544144741207829
0.013547287714067442
0.013550384513644926
0.01355343614968051
0.013556443602695048
0.01355940782503903
0.013562329741896686
0.013565210252247509
0.01356805022978722
0.01357085052381016
0.01357361196005501
0.013576335341515608
0.013579021449218472
0.013581671042968684
0.013584284862065588
0.013586863625989732
0.013589408035062357
0.013591918771078794
0.013594396497916831
0.013596841862121328
0.01359925549346606
0.013601638005493886
0.013603989996036129
0.013606312047712208
0.013608604728410266
0.013610868591749746
0.013613104177526616
0.013615312012142049
0.013617492609015227
0.013619646468981027
0.013621774080673114
0.013623875920893178
0.013625952454966837
0.01362800413708674
0.013630031410643485
0.01363203470854477
0.013634014453523316
0.013635971058433984
0.013637904926540571
0.013639816451792647
0.013641706019092877
0.013643574004555173
0.013645420775754083
0.01364724669196572
0.013649052104400584
0.01365083735642859
0.013652602783796618
0.01365434871483883
0.013656075470680117
0.013657783365432817
0.01365947270638708
0.013661143794195044
0.01366279692304908
0.013664432380854321
0.013666050449395712
0.013667651404499735
0.013669235516191047
0.013670803048844205
0.01367235426133066
0.013673889407161178
0.01367540873462385
0.01367691248691788
0.013678400902283297
0.013679874214126664
0.013681332651143045
0.013682776437434256
0.013684205792623597
0.013685620931967155
0.013687022066461791
0.01368840940294996
0.013689783144221444
0.013691143489112101
0.013692490632599766
0.013693824765897328
0.013695146076543176
0.013696454748489042
0.013697750962185284
0.008604821968464398
0.009044536035135586
0.009420719810467649
0.009745601478690033
0.010028619211408938
0.010277123325311242
0.010496895712984946
0.010692531190541065
0.01086771787407873
0.01102544453926882
0.011168155225820538
0.01129786556206109
0.011416251118668584
0.011524715153469822
0.011624441035372652
0.011716433174445458
0.011801549250960578
0.011880525799286043
0.011953998673336307
0.012022519537168454
0.012086569244583078
0.012146568765629662
0.012202888165011172
0.012255854022945462
0.012305755602722311
0.01235285000359242
0.012397366487404079
0.012439510128688835
0.012479464907853526
0.012517396343670885
0.01255345374282121
0.012587772129662046
0.012620473907816577
0.012651670295911549
0.012681462572356993
0.012709943158054569
0.012737196561050098
0.012763300203176384
0.012788325145483814
0.01281233672658624
0.012835395125846314
0.012857555861499398
0.01287887023229746
0.012899385709987922
0.01291914628888198
0.012938192797875756
0.012956563179536787
0.012974292740233154
0.012991414374744114
0.013007958768333085
0.013023954578873126
0.013039428601280914
0.013054405916228955
0.013068910024859225
0.013082962971009485
0.013096585452280015
0.013109796921109921
0.013122615676894468
0.013135058950054996
0.013147142978868855
0.013158883079775408
0.013170293711794633
0.013181388535624863
0.013192180467924782
0.01320268173123089
0.013212903899913944
0.013222857942535872
0.013232554260931537
0.013242002726306663
0.013251212712614143
0.013260193127444893
0.013268952440646374
0.013277498710861136
0.013285839610159634
0.013293982446924806
0.013301934187131412
0.01330970147414989
0.013317290647192549
0.013324707758509441
0.013331958589431599
0.013339048665350649
0.013345983269716172
0.013352767457125068
0.013359406065570827
0.013365903727914963
0.013372264882637503
0.01337849378391891
0.013384594511101347
0.01339057097757337
0.013396426939118678
0.013402166001766148
0.013407791629175624
0.013413307149591092
0.013418715762390565
0.013424020544259627
0.013429224455013659
0.013434330343091837
0.01343934095074423
0.013444258918931841
0.013449086791957984
0.013453827021847907
0.013458481972492588
0.013463053923571323
0.013467545074266764
0.01347195754678511
0.013476293389693238
0.013480554581083819
0.013484743031578641
0.013488860587179715
0.013492909031977085
0.013496890090721657
0.013500805431270843
0.013504656666914305
0.013508445358586557
0.013512173016972828
0.013515841104514151
0.013519451037317201
0.013523004186974188
0.013526501882297672
0.013529945410974874
0.013533336021145875
0.013536674922909699
0.013539963289762109
0.013543202259968726
0.013546392937876784
0.013549536395168756
0.0135526336720608
0.01355568577844883
0.013558693695004871
0.013561658374226255
0.013564580741439855
0.01356746169576377
0.013570302111028422
0.013573102836659096
0.013575864698521786
0.013578588499734128
0.013581275021443056
0.013583925023570788
0.013586539245530656
0.013589118406914125
0.013591663208150414
0.013594174331139958
0.013596652439862899
0.01359909818096377
0.013601512184313444
0.013603895063549358
0.01360624741659501
0.013608569826159635
0.013610862860218923
0.013613127072477669
0.013615363002815056
0.013617571177713405
0.013619752110671053
0.01362190630260008
0.013624034242209487
0.013626136406374466
0.013628213260492364
0.013630265258825852
0.01363229284483388
0.01363429645149089
0.013636276501594751
0.013638233408063985
0.013640167574224555
0.013642079394086747
0.01364396925261257
0.013645837525973915
0.013647684581801992
0.013649510779428302
0.013651316470117476
0.013653101997292368
0.013654867696751609
0.013656613896879981
0.013658340918851875
0.013660049076828041
0.013661738678146008
0.013663410023504253
0.0136650634071405
0.013666699117004261
0.013668317434923919
0.01366991863676847
0.013671502992604199
0.013673070766846419
0.013674622218406481
0.013676157600834222
0.013677677162456013
0.013679181146508554
0.013680669791268581
0.013682143330178644
0.013683601991969056
0.013685046000776184
0.013686475576257176
0.013687890933701298
0.013689292284137938
0.013690679834441437
0.013692053787432826
0.013693414341978623
0.013694761693086708
0.013696096031999446
0.013697417546284146
0.01369872641992087
0.013700022833387816
0.008606278035960181
0.009046060257407531
0.009422302137552612
0.009747233849225989
0.01003029508148148
0.010278837322439751
0.010498643379806624
0.010694308792898207
0.010869522255680008
0.01102727301035894
0.011170005476950996
0.011299735596593075
0.0114181391994082
0.011526619760078318
0.011626360830075212
0.01171836697419283
0.011803496004653954
0.011882484569009054
0.011955968618783851
0.012024499902645472
0.012088559348084105
0.012148567989614535
0.012204895948572131
0.012257869855122644
0.012307779016772324
0.01235488057205231
0.012399403817822369
0.012441553859918781
0.012481514706822388
0.012519451902553949
0.012555514776561439
0.012589838373786015
0.012622545116505339
0.012653746240291662
0.012683543038982305
0.012712027947553863
0.012739285486919345
0.012765393090697488
0.012790421830754361
0.012814437055646817
0.01283749895389392
0.012859663052176989
0.012880980657050914
0.012901499247482986
0.012921262824474516
0.012940312223129677
0.012958685391784523
0.012976417642174292
0.012993541874078304
0.013010088777423743
0.01302608701443888
0.013041563384112158
0.01305654297092703
0.01307104927959614
0.013085104357306247
0.013098728904801876
0.01311194237747703
0.013124763077506539
0.013137208237928778
0.013149294099487285
0.013161035980947484
0.013172448343525085
0.01318354484999281
0.01319433841897065
0.013204841274850932
0.013215064993761735
0.013225020545930275
0.013234718334770572
0.013244168232986901
0.013253379615955168
0.013262361392618448
0.01327112203410986
0.013279669600295169
0.013288011764409316
0.013296155835944484
0.013304108781932696
0.013311877246752639
0.013319467570578686
0.01332688580657939
0.013334137736963127
0.013341228887960018
0.0133481645438214
0.013354949759911177
0.013361589374956975
0.013368088022523272
0.013374450141763576
0.013380679987503839
0.013386781639705173
0.013392759012349896
0.01339861586179154
0.013404355794606087
0.013409982274978876
0.013415498631658838
0.013420908064509358
0.013426213650682781
0.013431418350443522
0.013436525012662869
0.013441536380006891
0.013446455093837233
0.013451283698843162
0.013456024647421886
0.013460680303822976
0.013465252948071531
0.013469744779683802
0.013474157921187887
0.013478494421461408
0.013482756258897072
0.013486945344406481
0.013491063524271648
0.013495112582853219
0.013499094245163708
0.013503010179313503
0.013506861998836953
0.013510651264905315
0.013514379488432964
0.013518048132082724
0.013521658612176052
0.01352521230051319
0.013528710526108219
0.013532154576843664
0.013535545701048897
0.013538885109006473
0.013542173974390124
0.013545413435638094
0.01354860459726511
0.013551748531116166
0.013554846277565171
0.013557898846661197
0.013560907219225
0.013563872347898347
0.013566795158148444
0.01356967654922974
0.013572517395105172
0.01357531854532884
0.013578080825891979
0.013580805040034012
0.013583491969020332
0.013586142372888398
0.013588756991163667
0.01359133654354672
0.013593881730573
0.013596393234246332
0.013598871718647564
0.01360131783051927
0.013603732199827839
0.013606115440303764
0.013608468149961209
0.01361079091159776
0.013613084293275249
0.013615348848782415
0.013617585118080318
0.013619793627731108
0.013621974891310982
0.01362412940980798
0.0136262576720052
0.01362836015485015
0.01363043732381074
0.013632489633218527
0.013634517526599702
0.013636521436994346
0.013638501787264456
0.013640458990391149
0.013642393449761545
0.013644305559445683
0.013646195704463928
0.013648064261045222
0.013649911596876507
0.013651738071343768
0.013653544035764905
0.013655329833614832
0.013657095800743105
0.013658842265584292
0.013660569549361474
0.013662277966283049
0.013663967823733133
0.013665639422455802
0.01366729305673339
0.013668929014559069
0.013670547577803956
0.013672149022378864
0.013673733618391033
0.013675301630295865
0.01367685331704397
0.013678388932223617
0.01367990872419884
0.013681412936243208
0.013682901806669593
0.013684375568955933
0.013685834451867218
0.013687278679573804
0.013688708471766136
0.013690124043766128
0.013691525606635155
0.013692913367278927
0.01369428752854923
0.013695648289342725
0.013696995844696858
0.013698330385883004
0.013699652100496887
0.013700961172546478
0.013702257782537329
0.008607710630866697
0.009047559908336717
0.009423858956559469
0.009748839904908348
0.010031943935421814
0.01028052368876941
0.010500362873021897
0.010696057739041486
0.010871297549344062
0.01102907200515136
0.011171825900655085
0.011301575484758885
0.011419996842848081
0.011528493662963716
0.011628249676198323
0.011720269599577001
0.011805411375145746
0.011884411761812772
0.011957906807141436
0.012026448343044872
0.012090517369514865
0.012150534984492213
0.012206871365031704
0.012259853190441723
0.012309769811732173
0.012356878406081365
0.012401408304796094
0.0124435646445127
0.012483531461333425
0.01252147432412002
0.012557542584721085
0.012591871308329549
0.01262458293557681
0.012655788718707435
0.012685589966737333
0.01271407912849111
0.01274134073754152
0.01276745223910325
0.01279248471568366
0.012816503525622311
0.012839568866447076
0.012861736273149054
0.012883057059960273
0.012903578712951475
0.012923345239706263
0.012942397481436753
0.012960773392154526
0.012978508288875458
0.01299563507629831
0.013012184448938837
0.013028185073310331
0.013043663752407349
0.013058645574462855
0.013073154047702583
0.013087211222608312
0.013100837803018116
0.013114053247233267
0.013126875860163336
0.013139322877421537
0.013151410542177853
0.013163154175486266
0.013174568240722814
0.01318566640270117
0.01319646158197101
0.013206966004750562
0.013217191248896915
0.013227148286275702
0.013236847521854663
0.013246298829812457
0.013255511586925051
0.013264494703465895
0.013273256651833033
0.013281805493095725
0.01329014890163462
0.013298294188033279
0.013306248320363924
0.013314017943997242
0.013321609400054168
0.013329028742606941
0.013336281754727137
0.013343373963469855
0.013350310653875264
0.01335709688206191
0.0133637374874797
0.013370237104384768
0.01337660017259323
0.013382830947566126
0.013388933509873541
0.013394911774081978
0.013400769497105613
0.013406510286058722
0.013412137605643661
0.013417654785106158
0.013423065024787163
0.013428371402298252
0.013433576878345621
0.013438684302225713
0.01344369641701389
0.01344861586446598
0.01345344518965098
0.013458186845332072
0.013462843196111626
0.013467416522354968
0.013471909023906568
0.013476322823611248
0.013480659970652351
0.013484922443717798
0.013489112154004324
0.01349323094806942
0.013497280610539992
0.013501262866685928
0.013505179384866513
0.013509031778856845
0.013512821610061124
0.013516550389619141
0.013520219580411962
0.013523830598972355
0.013527384817305232
0.013530883564622963
0.013534328129000215
0.013537719758952613
0.013541059664943263
0.013544349020821016
0.013547588965193955
0.01355078060274158
0.013553925005468807
0.01355702321390475
0.013560076238249164
0.013563085059469135
0.01356605063034854
0.013568973876492661
0.013571855697290094
0.013574696966834155
0.013577498534805683
0.013580261227319135
0.013582985847733757
0.01358567317743149
0.013588323976563177
0.01359093898476459
0.013593518921843677
0.013596064488440376
0.013598576366660262
0.013601055220683226
0.013603501697348334
0.013605916426715946
0.013608300022608101
0.013610653083128166
0.013612976191160676
0.013615269914852186
0.013617534808074053
0.01361977141086787
0.013621980249874342
0.013624161838746273
0.013626316678546427
0.01362844525813082
0.013630548054518098
0.013632625533245605
0.013634678148712661
0.01363670634451162
0.013638710553747158
0.013640691199344336
0.013642648694345887
0.013644583442199086
0.013646495837032764
0.01364838626392471
0.013650255099159975
0.013652102710480358
0.013653929457325447
0.013655735691065535
0.01365752175522678
0.013659287985708816
0.01366103471099521
0.013662762252356953
0.01366447092404931
0.013666161033502246
0.01366783288150469
0.01366948676238287
0.013671122964172916
0.01367274176878798
0.013674343452180038
0.01367592828449661
0.013677496530232546
0.013679048448377067
0.01368058429255629
0.01368210431117127
0.013683608747531864
0.01368509783998649
0.013686571822047914
0.013688030922515245
0.013689475365592268
0.013690905371002201
0.013692321154099065
0.013693722925975725
0.013695110893568741
0.013696485259760156
0.013697846223476303
0.013699193979783711
0.013700528719982273
0.013701850631695708
0.013703159898959427
0.013704456702305901
0.008609120316135137
0.009049035577228082
0.009425390879260937
0.009750420276860523
0.01003356642117371
0.010282183086986942
0.01050205486833692
0.010697778716252552
0.010873044452707582
0.011030842230597745
0.011173617212306428
0.011303385949582054
0.011421824778989901
0.011530337598517976
0.011630108316006933
0.011722141798278442
0.01180729611512549
0.011886308135033148
0.011959814000066498
0.01202836562405334
0.012092444078327581
0.01215247052324167
0.012208815190678709
0.012261804808303804
0.012311728769934754
0.012358844290778973
0.012403380736039391
0.012445543272659825
0.01248551596392217
0.012523464403131908
0.01255953796418
0.012593871732187277
0.012626588165845345
0.01265779853380445
0.012687604160016337
0.012716097506932164
0.012743363120581962
0.012769478457590903
0.012794514610937481
0.012818536948587497
0.012841605676933559
0.012863776339143646
0.012885100257004156
0.012905624923575672
0.012925394352918814
0.012944449392255966
0.01296282800118347
0.012980565501913382
0.01299769480398523
0.013014246606429967
0.013030249579977365
0.013045730531564024
0.013060714553112451
0.013075225156305312
0.013089284394866674
0.013102912975678713
0.013116130359903454
0.013128954855141487
0.013141403699539691
0.013153493138655672
0.01316523849579538
0.013176654236460632
0.013187754027473398
0.013198550791282192
0.013209056755901949
0.01321928350089109
0.013229241999727491
0.013238942658907737
0.013248395354061311
0.013257609463341855
0.013266593898331888
0.013275357132674186
0.013283907228622226
0.013292251861684059
0.013300398343517164
0.013308353643217329
0.013316124407131376
0.013323716977311663
0.013331137408719657
0.013338391485276341
0.013345484734848596
0.013352422443252791
0.013359209667350061
0.013365851247301044
0.013372351818042461
0.013378715820042443
0.013384947509386961
0.013391050967245327
0.013397030108758892
0.01340288869139352
0.013408630322793153
0.013414258468168905
0.01341977645725536
0.013425187490863385
0.01343049464705645
0.013435700886975464
0.013440809060335224
0.013445821910613854
0.013450742079955034
0.013455572113801445
0.013460314465276367
0.013464971499329337
0.013469545496660478
0.013474038657437218
0.013478453104816034
0.013482790888281108
0.01348705398681085
0.013491244311882563
0.01349536371032483
0.013499413967026534
0.013503396807510832
0.013507313900381936
0.013511166859651827
0.013514957246953925
0.013518686573649838
0.01352235630283538
0.013525967851251253
0.013529522591103765
0.0135330218518004
0.0135364669216049
0.013539859049216153
0.013543199445274951
0.013546489283802438
0.013549729703573828
0.013552921809430775
0.013556066673535538
0.013559165336569963
0.013562218808882075
0.01356522807158295
0.013568194077596313
0.013571117752663297
0.013573999996304511
0.013576841682741564
0.013579643661780001
0.013582406759655535
0.013585131779845317
0.013587819503845973
0.013590470691919916
0.013593086083811472
0.013595666399434233
0.013598212339530968
0.013600724586307358
0.013603203804040776
0.01360565063966523
0.013608065723333534
0.013610449668957823
0.013612803074729247
0.013615126523617873
0.01361742058385365
0.013619685809389218
0.013621922740345425
0.013624131903440265
0.013626313812401925
0.01362846896836671
0.01363059786026237
0.01363270096517756
0.013634778748717942
0.013636831665349534
0.013638860158729775
0.013640864662026908
0.01364284559822806
0.013644803380436575
0.01364673841215894
0.013648651087581821
0.013650541791839516
0.01365241090127231
0.013654258783675955
0.013656085798542786
0.013657892297294668
0.013659678623508163
0.01366144511313221
0.013663192094698566
0.013664919889525378
0.013666628811914026
0.013668319169339586
0.013669991262635121
0.013671645386170068
0.01367328182802281
0.013674900870147872
0.01367650278853773
0.013678087853379543
0.013679656329206966
0.013681208475047243
0.013682744544563691
0.013684264786193823
0.013685769443283206
0.01368725875421523
0.013688732952536921
0.013690192267080969
0.013691636922084057
0.013693067137301649
0.013694483128119363
0.013695885105661037
0.013697273276893605
0.013698647844728878
0.013700009008122373
0.013701356962169252
0.013702691898197474
0.013704014003858293
0.01370532346321412
0.01370662045682392
0.00861050763686056
0.009050487834694435
0.009426898498024864
0.009751975576187224
0.010035163166128666
0.010283816158759135
0.010503720020024889
0.010699472390012923
0.01087476364127864
0.011032584371225649
0.011175380104587377
0.011305167691152149
0.011423623714680045
0.01153215227977504
0.011631937468221658
0.011723984294261492
0.01180915095340772
0.011888174421983724
0.011961690935056956
0.012030252487070247
0.012094340219567713
0.01215437535432324
0.012210728177178339
0.012263725463387618
0.012313656648897595
0.012360778986341404
0.012405321874280326
0.012447490509484797
0.01248746898198515
0.012525422909142743
0.012561501686541209
0.012595840418913084
0.01262856158272365
0.01265977646276854
0.012689586397698363
0.012718083863374632
0.012745353418087009
0.012771472529690114
0.012796512301467429
0.012820538110858284
0.012843610172979362
0.012865784039045794
0.012887111038278484
0.012907638670616969
0.012927410956496108
0.012946468749053202
0.012964850013380744
0.012982590076804523
0.012999721853628046
0.013016276047325803
0.013032281332777163
0.013047764520798226
0.013062750706942506
0.01307726340629473
0.01309132467576984
0.013104955225245808
0.013118174518700017
0.013131000866381378
0.013143451508930246
0.01315554269425397
0.013167289747874721
0.013178707137386381
0.013189808531587358
0.013200606854794867
0.013211114336792042
0.013221342558811655
0.013231302495918227
0.013241004556112958
0.01325045861645311
0.013259674056448146
0.013268659788968906
0.013277424288883117
0.01328597561960971
0.013294321457766246
0.013302469116067073
0.01331042556461531
0.013318197450718432
0.013325791117345435
0.013333212620332914
0.01334046774443777
0.013347562018325789
0.013354500728577242
0.013361288932784052
0.013367931471806316
0.013374432981250543
0.013380797902226538
0.01338703049143529
0.013393134830635823
0.013399114835535223
0.013404974264142281
0.013410716724622209
0.013416345682686806
0.013421864468551752
0.013427276283490374
0.013432584206010872
0.013437791197681969
0.013442900108630185
0.013447913682729993
0.013452834562506797
0.013457665293771017
0.013462408330000331
0.013467066036485925
0.013471640694257405
0.013476134503800035
0.013480549588577013
0.013484887998368576
0.013489151712439015
0.013493342642541758
0.013497462635772162
0.013501513477276943
0.013505496892828518
0.013509414551272112
0.013513268066852862
0.013517059001429743
0.013520788866582681
0.01352445912561882
0.013528071195483504
0.013531626448581236
0.013535126214511525
0.013538571781724181
0.013541964399098452
0.013545305277449987
0.013548595590969503
0.013551836478596691
0.013555029045332775
0.013558174363494872
0.013561273473915132
0.013564327387087505
0.013567337084264764
0.013570303518508263
0.013573227615692834
0.013576110275469004
0.013578952372184634
0.013581754755768009
0.013584518252574156
0.013587243666196281
0.013589931778243866
0.013592583349089117
0.013595199118583198
0.01359777980674367
0.013600326114414496
0.01360283872389989
0.01360531829957315
0.013607765488461702
0.01361018092080938
0.013612565210616967
0.013614918956161997
0.013617242740498732
0.013619537131939172
0.013621802684515964
0.013624039938427947
0.013626249420469177
0.013628431644442034
0.013630587111555188
0.013632716310806993
0.013634819719355006
0.013636897802872118
0.013638951015889973
0.013640979802130082
0.013642984594823233
0.013644965817017645
0.013646923881876308
0.013648859192963977
0.013650772144524242
0.013652663121747016
0.013654532501026924
0.013656380650212829
0.013658207928848982
0.013660014688407988
0.013661801272516023
0.013663568017170537
0.013665315250950731
0.013667043295221146
0.01366875246432854
0.013670443065792397
0.01367211540048922
0.013673769762830943
0.013675406440937555
0.013677025716804294
0.01367862786646348
0.01368021316014129
0.01368178186240958
0.013683334232332993
0.013684870523611475
0.013686390984718414
0.013687895859034505
0.013689385384977569
0.01369085979612835
0.013692319321352585
0.013693764184919324
0.013695194606615772
0.01369661080185864
0.01369801298180226
0.013699401353443438
0.01370077611972329
0.013702137479626064
0.013703485628275083
0.013704820757025938
0.013706143053556975
0.013707452701957184
0.013708749882811597
0.008611873120984149
0.009051917233391611
0.00942838238657747
0.009753506394761826
0.010036734777934254
0.010285423525559573
0.010505358961769039
0.010701139404861379
0.010876455769307018
0.011034299090020468
0.01117711524838147
0.01130692138752681
0.011425394334520292
0.011533938397329503
0.011633737828944802
0.011725797788707162
0.011810976595870971
0.011890011332900439
0.011963538326401447
0.012032109650162885
0.012096206514833886
0.012156250202642941
0.012212611052540605
0.012265615886621888
0.012315554182298852
0.01236268322904125
0.012407232458243612
0.01244940709603349
0.012489391258768589
0.012527350587487503
0.012563434499125056
0.012597778117716781
0.01263050393722186
0.012661723258327168
0.012691537434150796
0.012720038953753518
0.012747312387491654
0.012773435214272506
0.012798478547522328
0.012822507774004855
0.012845583117423523
0.012867760136913944
0.012889090169014496
0.012909620720435383
0.012929395817885377
0.012948456320323582
0.012966840198252123
0.01298458278403004
0.013001716996649811
0.013018273543959534
0.013034281104922841
0.013049766494174268
0.013064754810841184
0.013079269573356821
0.013093332841776776
0.01310696532892764
0.013120186501557858
0.013133014672522977
0.01314546708491755
0.013157559988961696
0.013169308712358945
0.01318072772476228
0.013191830696915444
0.013202630554974944
0.013213139530464272
0.01322336920626421
0.013233330559000936
0.013243033998156566
0.013252489402193696
0.013261706151956251
0.013270693161583115
0.013279458907147686
0.013288011453216005
0.013296358477497666
0.013304507293747266
0.013312464873059385
0.01332023786368704
0.013327832609501433
0.013335255167200497
0.013342511322363922
0.013349606604443794
0.013356546300772279
0.013363335469660578
0.013369978952657242
0.013376481386028021
0.013382847211514295
0.013389080686422375
0.013395185893091743
0.013401166747786294
0.013407027009049206
0.013412770285558751
0.013418400043519534
0.013423919613620763
0.013429332197590942
0.013434640874375996
0.013439848605965742
0.013444958242891915
0.013449972529419124
0.013454894108448485
0.013459725526152357
0.013464469236357239
0.013469127604690595
0.013473702912506325
0.013478197360602524
0.013482613072744282
0.01348695209900324
0.013491216418925058
0.013495407944534946
0.013499528523190842
0.013503579940293227
0.013507563921859856
0.013511482136973181
0.013515336200107815
0.013519127673344749
0.01352285806847878
0.013526528849025063
0.01353014143213035
0.013533697190394232
0.013537197453605211
0.013540643510396248
0.013544036609824105
0.013547377962876533
0.01355066874391116
0.013553910092029556
0.013557103112390017
0.013560248877462062
0.013563348428225788
0.013566402775318773
0.013569412900133256
0.013572379755866058
0.013575304268523603
0.013578187337884285
0.013581029838420236
0.013583832620180541
0.013586596509637684
0.013589322310499068
0.013592010804485273
0.013594662752076577
0.013597278893229287
0.013599859948063299
0.01360240661752218
0.013604919584007117
0.013607399511985828
0.013609847048577706
0.013612262824116136
0.013614647452689178
0.013617001532659392
0.013619325647163895
0.013621620364595462
0.013623886239065465
0.013626123810849527
0.013628333606816569
0.013630516140841986
0.013632671914205675
0.013634801415975489
0.013636905123376786
0.013638983502148653
0.01364103700688731
0.013643066081377336
0.013645071158911084
0.01364705266259689
0.01364901100565646
0.013650946591711908
0.013652859815062836
0.013654751060953905
0.01365662070583322
0.01365846911760193
0.013660296655855369
0.013662103672116096
0.013663890510059116
0.013665657505729626
0.013667404987753515
0.013669133277541
0.013670842689483508
0.01367253353114422
0.013674206103442395
0.0136758607008318
0.013677497611473376
0.013679117117402422
0.013680719494690494
0.013682305013602165
0.013683873938746885
0.013685426529226108
0.013686963038775833
0.013688483715904755
0.013689988804028164
0.013691478541597744
0.013692953162227444
0.013694412894815511
0.013695857963662874
0.013697288588587962
0.013698704985038099
0.013700107364197618
0.013701495933092748
0.013702870894693436
0.0137042324480122
0.0137055807882001
0.013706916106639915
0.013708238591036651
0.013709548425505468
0.013710845790657053
0.008613217279962636
0.009053324308719236
0.00942984310073078
0.009755013305976837
0.01003828184526459
0.010287005789456637
0.010506972307466136
0.010702780385211257
0.010878121470613792
0.011035987029266104
0.011178823293624109
0.01130864769559152
0.011427137301735907
0.011535696620212327
0.01163551007254304
0.011727582960902212
0.011812773726352846
0.011891819555842252
0.01196535686608507
0.012033937808976995
0.012098043663192908
0.012158095770471701
0.012214464522043505
0.01226747678611215
0.012317422080907659
0.012364557732161061
0.012409113203587337
0.012451293750212651
0.012491283514310907
0.012529248160228126
0.012565337125916847
0.012599685554414142
0.012632415956899847
0.012663639649703897
0.012693458000185912
0.012721963510399776
0.012749240762579998
0.012775367246513946
0.012800414085612237
0.012824446675817372
0.012847525249285431
0.012869705372948813
0.012891038390549066
0.012911571815461334
0.012931349680570307
0.01295041285056596
0.012968799301275574
0.012986544370012808
0.01300368098038589
0.013020239844548224
0.01303624964548391
0.013051737201586287
0.013066727615500744
0.01308124440895675
0.013095309645101479
0.013108944039664098
0.013122167062120837
0.01313499702789316
0.013147451182491509
0.013159545778412638
0.013171296145507343
0.01318271675545558
0.013193821280916049
0.0132046226498558
0.013215133095511512
0.013225364202386222
0.013235326948643397
0.013245031745222943
0.013254488471970818
0.013263706511044583
0.01327269477783135
0.013281461749591373
0.013290015492019875
0.01329836368390143
0.013306513640014634
0.013314472332430062
0.013322246410331473
0.013329842218478206
0.013337265814416084
0.01334452298453471
0.013351619259060227
0.013358559926064916
0.01336535004456804
0.013371994456795848
0.01337849779966304
0.013384864515532696
0.013391098862307011
0.013397204922896845
0.013403186614114212
0.013409047695028323
0.013414791774822514
0.013420422320186483
0.013425942662275571
0.013431356003266365
0.013436665422535663
0.013441873882487791
0.0134469842340534
0.013451999221881127
0.013456921489241918
0.013461753582664434
0.01346649795631855
0.013471156976162742
0.013475732923870151
0.01348022800054682
0.013484644330254997
0.013488983963353187
0.01349324887966403
0.013497440991480265
0.013501562146418311
0.013505614130128463
0.013509598668869964
0.013513517431958805
0.013517372034095466
0.013521164037579508
0.013524894954417242
0.013528566248328575
0.013532179336658534
0.013535735592198742
0.013539236344923749
0.01354268288364679
0.013546076457599383
0.0135494182779387
0.013552709519186655
0.013555951320604179
0.01355914478750418
0.01356229099250621
0.013565390976735998
0.013568445750972503
0.013571456296745256
0.013574423567384418
0.013577348489025962
0.013580231961574148
0.01358307485962345
0.01358587803334185
0.013588642309317448
0.01359136849137009
0.013594057361329692
0.013596709679782914
0.013599326186789586
0.013601907602570327
0.01360445462816676
0.013606967946075521
0.013609448220857284
0.013611896099721951
0.013614312213091093
0.013616697175138658
0.013619051584310904
0.013621376023826522
0.01362367106215779
0.013625937253493597
0.013628175138185122
0.013630385243174992
0.013632568082410479
0.013634724157241599
0.013636853956804609
0.013638957958391623
0.013641036627806868
0.013643090419710152
0.013645119777948127
0.013647125135873753
0.013649106916654543
0.013651065533570005
0.013653001390298701
0.013654914881195388
0.013656806391558616
0.013658676297889139
0.013660524968139557
0.013662352761955508
0.013664160030908718
0.013665947118722259
0.013667714361488321
0.013669462087878777
0.013671190619348777
0.013672900270333731
0.013674591348439829
0.013676264154628436
0.013677918983394485
0.013679556122939227
0.013681175855337407
0.013682778456699192
0.013684364197326953
0.013685933341867157
0.013687486149457487
0.013689022873869435
0.013690543763646455
0.013692049062237872
0.013693539008128731
0.013695013834965644
0.013696473771678881
0.013697919042600737
0.01369934986758038
0.013700766462095278
0.01370216903735929
0.013703557800427603
0.01370493295429855
0.013706294698012485
0.013707643226747756
0.013708978731913912
0.01371030140124221
0.01371161141887356
0.01371290896544391
0.008614540609406592
0.009054709579488899
0.00943128117907631
0.00975649686545952
0.010039804938555046
0.010288563533864929
0.010508560651992661
0.010704395936129735
0.010879761359382394
0.01103764881134659
0.011180504870113753
0.011310347251879455
0.011428853259003417
0.01153742759672582
0.011637254852489055
0.011729340469086986
0.011814543007503522
0.011893599757549875
0.011967147224653009
0.012035737637605012
0.012099852342052263
0.01215991273832183
0.012216289269113228
0.012269308848024556
0.01231926103347121
0.012366403186883573
0.012410964803796179
0.012453151167685958
0.012493146446341382
0.012531116327054694
0.012567210268470451
0.012601563432332763
0.012634298346775277
0.012665526343528542
0.01269534880397301
0.01272385824295431
0.012751139254401075
0.012777269338812113
0.012802319629427678
0.012826355531226793
0.012849437284687196
0.01287162046441722
0.012892956421249987
0.01291349267512227
0.012933273264998962
0.012952339061212117
0.012970728044831622
0.012988475558049006
0.013005614529016689
0.013022175674126658
0.013038187680321188
0.013053677369694157
0.013068669848354477
0.01308318864127674
0.01309725581465181
0.013110892087066447
0.01312411693068238
0.01313694866344723
0.013149404533249885
0.013161500794828456
0.01317325278014774
0.013184674962883239
0.013195781017578923
0.013206583873984348
0.013217095767022822
0.013227328282794507
0.013237292400976312
0.013246998533943358
0.013256456562903522
0.013265675871307649
0.01327466537577173
0.013283433554724468
0.013291988474972786
0.013300337816359585
0.013308488894671577
0.013316448682940202
0.01332422383126556
0.01333182068528134
0.013339245303368125
0.013346503472712882
0.013353600724303801
0.013360542346941827
0.013367333400343302
0.013373978727401677
0.013380482965670534
0.013386850558125028
0.013393085763253997
0.013399192664530823
0.01340517517930715
0.01341103706717008
0.01341678193780016
0.013422413258364685
0.013427934360477902
0.013433348446757525
0.01343865859700456
0.013443867774031417
0.013448978829161474
0.013453994507421442
0.013458917452446382
0.013463750211115722
0.013468495237937389
0.013473154899195764
0.013477731476878248
0.013482227172394074
0.013486644110098058
0.013490984340631104
0.013495249844088546
0.013499442533026507
0.013503564255315882
0.013507616796852903
0.013511601884134566
0.013515521186706767
0.013519376319492384
0.013523168845006128
0.01352690027546256
0.01353057207478317
0.013534185660508175
0.013537742405618263
0.01354124364027114
0.013544690653457543
0.013548084694581014
0.01355142697496553
0.013554718669294745
0.013557960916986484
0.013561154823505858
0.013564301461620144
0.013567401872598434
0.013570457067358883
0.013573468027566184
0.01357643570668178
0.013579361030969172
0.013582244900456543
0.013585088189858797
0.013587891749460996
0.013590656405965056
0.013593382963301509
0.013596072203407937
0.013598724886975725
0.013601341754166604
0.01360392352530037
0.013606470901515177
0.01360898456540164
0.013611465181611937
0.01361391339744509
0.013616329843409474
0.0136187151337636
0.013621069867036137
0.013623394626526075
0.013625689980783964
0.013627956484074997
0.013630194676824768
0.013632405086048443
0.013634588225764067
0.013636744597390685
0.013638874690131897
0.013640978981345538
0.013643057936899967
0.013645112011517602
0.013647141649106196
0.013649147283078377
0.013651129336659927
0.01365308822318725
0.013655024346394488
0.0136569381006907
0.013658829871427474
0.01366070003515741
0.013662548959883766
0.013664377005301702
0.013666184523031337
0.013667971856843075
0.013669739342875381
0.01367148730984537
0.013673216079252455
0.013674925965575343
0.01367661727646257
0.013678290312916926
0.013679945369473905
0.013681582734374427
0.013683202689732079
0.013684805511695038
0.013686391470602893
0.013687960831138535
0.013689513852475335
0.013691050788419722
0.013692571887549361
0.013694077393347104
0.013695567544330819
0.01369704257417929
0.013698502711854306
0.013699948181719037
0.013701379203652936
0.013702795993163121
0.013704198761492533
0.013705587715724867
0.013706963058886398
0.013708324990044894
0.013709673704405557
0.013711009393404297
0.01371233224479822
0.013713642442753578
0.013714940167931185
0.008615843589689313
0.009056073548561548
0.00943269714364675
0.009757957611754506
0.010041304610703058
0.010290097324262042
0.010510124571935658
0.01070598664408123
0.010881376030913176
0.011039285039510731
0.011182160588285642
0.01131202067335351
0.011430542829240166
0.011539131955240138
0.011638972802164423
0.011731070951264105
0.011816285081599851
0.011895352584264933
0.011968910052034407
0.012037509789414218
0.012101633207992374
0.012161701765783121
0.012218085956163863
0.012271112737428888
0.012321071707560992
0.012368220263140902
0.012412787931033408
0.012454980022728677
0.012494980731137376
0.012532955766145108
0.012569054606770227
0.012603412433176222
0.012636151790189813
0.012667384024705344
0.012697210531908476
0.012725723839239877
0.01275300855214246
0.012779142181661762
0.012804195870716505
0.012828235033183274
0.012851319917733478
0.012873506106533364
0.012894844957398555
0.012915383996726551
0.012935167269468958
0.012954235651513133
0.012972627129090954
0.012990377049196785
0.013007518344457389
0.013024081735438136
0.013040095912978607
0.01305558770281632
0.013070582214470433
0.013085102976110772
0.013099172056925072
0.013112810178313748
0.013126036815082731
0.013138870287666948
0.01315132784629716
0.013163425747918366
0.013175179326576851
0.013186603057912982
0.013197710618326999
0.013208514939323557
0.013219028257486661
0.01322926216048902
0.013239227629497733
0.013248935078301043
0.01325839438944782
0.013267614947662286
0.013276605670770433
0.013285375038351447
0.013293931118306837
0.01330228159152156
0.013310433774774944
0.013318394642044516
0.013326170844332626
0.013333768728133872
0.013341194352650751
0.013348453505855343
0.013355551719486162
0.013362494283061604
0.01336928625698438
0.01337593248480487
0.013382437604705727
0.013388806060264762
0.013395042110548438
0.013401149839584011
0.013407133165254447
0.013412995847656763
0.013418741496961109
0.013424373580805001
0.013429895431254545
0.013435310251361795
0.013440621121345442
0.013445831004419713
0.013450942752294665
0.013455959110369273
0.0134608827226371
0.013465716136322971
0.013470461806267646
0.013475122099076406
0.013479699297046083
0.013484195601884437
0.013488613138234342
0.013492953957014775
0.013497220038589558
0.013501413295774155
0.013505535576690018
0.01350958866747553
0.013513574294861795
0.013517494128621077
0.013521349783895218
0.013525142823410795
0.013528874759587393
0.013532547056544988
0.013536161132016
0.013539718359167268
0.013543220068336834
0.013546667548690203
0.013550062049800311
0.013553404783155355
0.013556696923598253
0.013559939610701307
0.01356313395007951
0.013566281014645562
0.013569381845809731
0.013572437454627221
0.013575448822895811
0.013578416904206206
0.013581342624947477
0.013584226885269824
0.013587070560006732
0.013589874499558532
0.013592639530739213
0.013595366457588288
0.013598056062149347
0.01360070910521689
0.013603326327052991
0.013605908448075093
0.013608456169516399
0.013610970174060048
0.013613451126448324
0.013615899674067991
0.013618316447512902
0.01362070206112483
0.013623057113513571
0.013625382188057202
0.01362767785338333
0.013629944663832282
0.013632183159902913
0.013634393868681826
0.013636577304256743
0.013638733968114672
0.013640864349525536
0.01364296892591187
0.013645048163205182
0.013647102516189526
0.01364913242883283
0.01365113833460647
0.01365312065679359
0.013655079808786627
0.013657016194374448
0.01365893020801957
0.013660822235125818
0.013662692652296828
0.013664541827585745
0.013666370120736474
0.013668177883416805
0.01366996545944373
0.01367173318500128
0.013673481388851124
0.013675210392536257
0.013676920510577997
0.013678612050666594
0.013680285313845632
0.013681940594690528
0.013683578181481266
0.013685198356369672
0.013686801395541357
0.013688387569372542
0.013689957142582006
0.01369151037437824
0.013693047518602076
0.013694568823864873
0.013696074533682472
0.013697564886605087
0.013699040116343163
0.013700500451889523
0.01370194611763776
0.013703377333497104
0.013704794315003899
0.013706197273429714
0.013707586415886305
0.013708961945427482
0.013710324061147968
0.013711672958279447
0.013713008828283756
0.01371433185894346
0.013715642234449765
0.013716940135487977
0.008617126686527827
0.009057416703455709
0.009434091500547387
0.009759396066975196
0.010042781397736875
0.010291607708872533
0.010511664626290156
0.01070755307763674
0.010882966062343477
0.01104089629860178
0.011183791039950203
0.01131366855815257
0.011432206616357809
0.011540810304953367
0.01164066453562571
0.011732775025970189
0.011818000571322278
0.01189707866251166
0.011970645978328481
0.012039254897837094
0.01210338689756079
0.012163463492320666
0.012219855225398613
0.012272889099103013
0.012322854750380226
0.012370009610424906
0.012414583236953953
0.012456780969043285
0.012496787024342367
0.012534767134985376
0.012570870800053539
0.012605233217848621
0.012637976949635674
0.012669213357241419
0.012699043849446045
0.012727560966093052
0.012754849323963912
0.012780986444489943
0.012806043480120623
0.012830085853494324
0.012853173821351078
0.012875362973299716
0.012896704674031794
0.012917246456306942
0.012937032370972119
0.012956103299385197
0.012974497232861282
0.012992249523124272
0.013009393107206989
0.013025958709784504
0.013041975025534218
0.013057468883781686
0.013072465397404273
0.013086988097718275
0.01310105905686256
0.013114698999008259
0.013127927401565157
0.013140762587417532
0.013153221809102264
0.013165321325737578
0.013177076473419464
0.01318850172972318
0.013199610772876912
0.013210416536113621
0.013220931257652661
0.013231166526715297
0.013241133325936077
0.0132508420704948
0.013260302644260862
0.013269524433212438
0.01327851635636704
0.013287286894436784
0.013295844116401065
0.013304195704170994
0.013312348975503364
0.013320310905307355
0.013328088145473793
0.013335687043345045
0.013343113658932993
0.013350373780982824
0.01335747294197194
0.013364416432125242
0.013371209312521332
0.01337785642735749
0.013384362415435846
0.013390731720927668
0.013396968603468224
0.013403077147630189
0.013409061271819758
0.013414924736636077
0.01342067115273141
0.013426303988206337
0.013431826575571912
0.013437242118307914
0.013442553697044349
0.013447764275391105
0.01345287670543904
0.013457893732953698
0.01346281800228169
0.013467652060987937
0.013472398364240988
0.013477059278962094
0.013481637087752824
0.013486133992614892
0.013490552118474842
0.013494893516525466
0.013499160167395
0.013503353984154271
0.013507476815171476
0.013511530446823456
0.013515516606071832
0.013519436962911798
0.013523293132700821
0.013527086678374092
0.013530819112553105
0.0135344918995533
0.013538106457296351
0.01354166415913241
0.013545166335577116
0.013548614275968056
0.013552009230044983
0.013555352409457818
0.013558644989206302
0.013561888109014862
0.013565082874646065
0.013568230359155846
0.013571331604093479
0.013574387620649126
0.013577399390751622
0.013580367868118958
0.01358329397926386
0.013586178624456685
0.01358902267864769
0.013591826992350717
0.013594592392490109
0.013597319683212716
0.013600009646666491
0.013602663043747503
0.013605280614816622
0.013607863080387448
0.013610411141786773
0.013612925481788874
0.013615406765224748
0.01361785563956757
0.013620272735495355
0.013622658667431876
0.013625014034066827
0.01362733941885614
0.013629635390503322
0.013631902503422689
0.013634141298185225
0.013636352301947891
0.01363853602886702
0.013640692980496548
0.013642823646171701
0.013644928503378737
0.013647008018111337
0.013649062645214264
0.013651092828714692
0.013653099002141851
0.013655081588835383
0.013657041002242885
0.013658977646207125
0.013660891915243261
0.01366278419480655
0.013664654861550891
0.013666504283578556
0.013668332820681455
0.013670140824574307
0.013671928639119996
0.013673696600547418
0.013675445037662118
0.013677174272049994
0.013678884618274354
0.0136805763840665
0.0136822498705102
0.01368390537222017
0.01368554317751488
0.013687163568583804
0.01368876682164941
0.013690353207124004
0.013691922989761691
0.01369347642880556
0.013695013778130309
0.013696535286380481
0.013698041197104417
0.013699531748884157
0.013701007175461345
0.013702467705859357
0.013703913564501725
0.013705344971327043
0.013706762141900405
0.01370816528752158
0.013709554615329963
0.013710930328406451
0.013712292625872351
0.01371364170298539
0.013714977751232966
0.01371630095842269
0.013717611508770355
0.013718909582985377
0.00861839035153755
0.009058739516928097
0.009435464740558855
0.009760812737425583
0.010044235819453975
0.010293095219320836
0.01051318135712491
0.010709095788151017
0.010884532013334964
0.011042483155753985
0.011185396798997854
0.011315291486303888
0.011433845205981546
0.011542463236617045
0.011642330648335832
0.011734453293012537
0.011819690080496437
0.011898778599843078
0.011972355614554984
0.012040973577125691
0.012105114028030335
0.012165198538036475
0.01222159769957469
0.012274638558300832
0.012324610789534726
0.012371771858560702
0.012416351353480518
0.012458554640538029
0.012498565961746835
0.012536551071152709
0.01257265948759591
0.01260702642724176
0.012639774467544676
0.012671014985037601
0.01270084940188937
0.012729370270158451
0.01275666221779316
0.012782802776453288
0.012807863107974748
0.01283190864362497
0.012854999648090431
0.012877191718309797
0.012898536225746436
0.012919080709425755
0.012938869226000772
0.012957942662217021
0.012976339014395852
0.01299409363891907
0.01301123947715881
0.013027807257837608
0.01304382567941257
0.013059321574742933
0.013074320060013411
0.01308884466963912
0.013102917478665363
0.013116559213992022
0.013129789355593297
0.013142626228765723
0.013155087088317377
0.01316718819550678
0.013178944888448611
0.013190371646623688
0.013201482150060471
0.01321228933369405
0.013222805437354357
0.013233042051787762
0.013243010161074034
0.013252720181763458
0.013262181999025948
0.013271405000074645
0.013280398105100535
0.013289169795931505
0.013297728142608515
0.013306080828053277
0.013314235170985258
0.013322198147231176
0.013329976409556871
0.013337576306139649
0.013345003897788504
0.013352264974010044
0.01335936506800935
0.013366309470707133
0.013373103243847648
0.013379751232265282
0.013386258075372248
0.013392628217924295
0.01339886592011688
0.013404975267059839
0.013410960177674652
0.013416824413055018
0.013422571584327986
0.013428205160050204
0.013433728473170939
0.013439144727591203
0.013444457004346082
0.013449668267435157
0.013454781369324296
0.01345979905614008
0.013464723972576798
0.013469558666534345
0.013474305593504071
0.013478967120718418
0.01348354553107908
0.013488043026877273
0.013492461733318906
0.013496803701866459
0.013501070913408549
0.013505265281267519
0.013509388654054565
0.013513442818381374
0.013517429501436615
0.013521350373435003
0.013525207049946378
0.013529001094111388
0.013532734018750384
0.013536407288371289
0.013540022321082184
0.013543580490413747
0.013547083127056526
0.013550531520517597
0.013553926920700983
0.01355727053941589
0.013560563551816505
0.013563807097777077
0.013567002283205518
0.013570150181298816
0.013573251833743149
0.013576308251861603
0.013579320417712072
0.013582289285137914
0.013585215780773638
0.013588100805007929
0.013590945232906049
0.013593749915093635
0.013596515678603724
0.013599243327688845
0.013601933644599778
0.013604587390332582
0.013607205305345442
0.013609788110246667
0.013612336506455228
0.01361485117683513
0.013617332786304757
0.013619781982422384
0.013622199395948914
0.013624585641388876
0.013626941317510657
0.013629267007846863
0.013631563281175749
0.013633830691984494
0.013636069780915137
0.013638281075193912
0.01364046508904473
0.013642622324087448
0.013644753269721598
0.01364685840349619
0.013648938191466158
0.013650993088536033
0.013653023538791349
0.013655029975818314
0.0136570128230122
0.013658972493874946
0.01366090939230239
0.013662823912861543
0.013664716441058315
0.013666587353596106
0.013668437018625561
0.013670265795985879
0.013672074037437998
0.013673862086889997
0.013675630280614946
0.013677378947461613
0.013679108409058156
0.013680818980009219
0.013682510968086545
0.013684184674413468
0.013685840393643428
0.013687478414132783
0.013689099018108088
0.013690702481828104
0.013692289075740693
0.01369385906463473
0.013695412707787388
0.013696950259106718
0.013698471967269943
0.013699978075857409
0.01370146882348251
0.0137029444439176
0.013704405166216157
0.013705851214831208
0.013707282809730242
0.013708700166506686
0.013710103496488074
0.013711493006841022
0.013712868900673112
0.013714231377131821
0.013715580631500534
0.013716916855291805
0.013718240236337935
0.01371955095887892
0.013720849203647922
0.008619635022761906
0.00906004244752805
0.00943681733971272
0.009762208114194034
0.010045668380030657
0.010294560371254771
0.010514675290218144
0.010710615310409202
0.010886074426730041
0.011044046161057718
0.011186978422072107
0.011316890020403349
0.011435459166136967
0.011544091323229045
0.011643971717862418
0.011736106334172595
0.01182135419480133
0.011900452985553561
0.011974039553370824
0.012042666423072092
0.012106815198123039
0.012166907504396744
0.012223313982733682
0.0122763617214856
0.012326340433768967
0.012373507618445379
0.012418092893544721
0.012460301652070394
0.01250031816003392
0.012538308193063296
0.012574421289460794
0.012608792682986786
0.012641544967041705
0.01267278953264365
0.012702627815148852
0.012731152378647142
0.01275844786208582
0.012784591807199406
0.012809655385069138
0.012833704035461815
0.0128567980308909
0.012878992975514723
0.012900340247466668
0.01292088739194374
0.012940678471317727
0.01295975437764086
0.012978153112165464
0.012995910035861244
0.013013058094374422
0.013029628020414158
0.013045648516160439
0.013061146417953081
0.013076146845234433
0.013090673335471837
0.013104747966573349
0.01311839146812659
0.013131623322631623
0.013144461857760973
0.013156924330559792
0.013169027004394714
0.013180785219368754
0.013192213456839661
0.013203325398609102
0.013214133981288708
0.013224651446294786
0.013234889385875886
0.013244858785535264
0.013254570063173102
0.013264033105240276
0.013273257300166331
0.013282251569298091
0.01329102439556244
0.01329958385004594
0.013307937616665724
0.013316093015089459
0.013324057022047605
0.01333183629116787
0.013339437171449937
0.013346865724487943
0.013354127740538457
0.013361228753523316
0.013368174055048573
0.013374968707514128
0.013381617556381913
0.01338812524166504
0.013394496208694956
0.013400734718218885
0.013406844855875748
0.01341283054109458
0.013418695535456174
0.013424443450555247
0.013430077755397656
0.013435601783364282
0.013441018738771054
0.013446331703052044
0.01345154364059066
0.013456657404222156
0.01346167574042871
0.013466601294247078
0.013471436613907078
0.01347618415521801
0.013480846285718853
0.013485425288606882
0.013489923366458479
0.013494342644754726
0.01349868517522372
0.013502952939010559
0.01350714784968532
0.013511271756098538
0.013515326445093224
0.013519313644081661
0.013523235023494822
0.013527092199111692
0.013530886734275317
0.013534620142001888
0.013538293886988944
0.013541909387528155
0.013545468017328019
0.013548971107251354
0.01355241994697218
0.013555815786556336
0.013559159837969894
0.013562453276519188
0.013565697242226022
0.013568892841141475
0.013572041146601467
0.013575143200427022
0.013578200014072145
0.013581212569721866
0.013584181821343005
0.013587108695690036
0.013589994093268193
0.013592838889256012
0.013595643934389242
0.013598410055807978
0.013601138057868858
0.013603828722923914
0.013606482812067716
0.0136091010658543
0.01361168420498524
0.013614232930970312
0.013616747926761905
0.013619229857364476
0.013621679370420114
0.013624097096771376
0.013626483651002323
0.013628839631958845
0.013631165623249078
0.013633462193724914
0.013635729897945283
0.013637969276622211
0.013640180857050176
0.013642365153519638
0.013644522667715386
0.013646653889100305
0.013648759295285199
0.013650839352385338
0.013652894515364125
0.013654925228364579
0.013656931925029016
0.013658915028807521
0.01366087495325555
0.01366281210232121
0.01366472687062258
0.013666619643715473
0.013668490798352046
0.013670340702730585
0.013672169716736866
0.013673978192177359
0.013675766473004638
0.013677534895535318
0.013679283788660707
0.01368101347405061
0.013682724266350373
0.013684416473371574
0.013686090396276527
0.013687746329756802
0.01368938456220608
0.013691005375887437
0.013692609047095398
0.013694195846312814
0.013695766038362847
0.013697319882556205
0.013698857632833815
0.013700379537905077
0.013701885841381867
0.013703376781908458
0.013704852593287457
0.01370631350460199
0.013707759740334127
0.013709191520479828
0.013710609060660423
0.013712012572230793
0.013713402262384367
0.013714778334255018
0.013716140987015981
0.013717490415975926
0.013718826812672195
0.01372015036496139
0.01372146125710735
0.013722759669866635
0.008620861125178313
0.0090613259401272
0.009438149759841304
0.009763582673720527
0.010047079568604421
0.010296003664941149
0.010516146935664893
0.010712112163244539
0.010887593829178858
0.011045585848194903
0.011188536449212512
0.011318464706265335
0.01143704904790619
0.011545695120695414
0.011645588304544973
0.011737734713877977
0.011822993482445865
0.01190210239135953
0.011975698369754647
0.01204433401369658
0.012108490988701757
0.012168590974926622
0.012225004660899305
0.01227805917703045
0.012328044273669264
0.01237521748275365
0.012419808451795099
0.012462022600157354
0.012502044217491782
0.012540039100686629
0.01257615680721582
0.01261053258817226
0.01264328905266449
0.012674537605979669
0.012704379696464648
0.012732907900061142
0.012760206866551332
0.01278635414759415
0.012811420923378232
0.012835472642042932
0.01285856958381193
0.012880767359955504
0.012902117355177538
0.012922667120754554
0.012942460724691808
0.012961539064269036
0.012979940145595979
0.012997699334161788
0.013014849579823008
0.013031421619215944
0.013047444158187923
0.013062944036507405
0.013077946376825769
0.01309247471961706
0.013106551145609368
0.013120196387037946
0.013133429928891042
0.013146270101181738
0.01315873416315885
0.013170838380265698
0.013182598094563973
0.013194027789260335
0.01320514114790321
0.013215951108755751
0.013226469914796986
0.013236709159755219
0.013246679830535967
0.013256392346369154
0.013265856594967524
0.013275081965958864
0.013284077381828602
0.013292851326586213
0.01330141187234827
0.013309766704012472
0.013317923142180534
0.013325888164473176
0.013333668425367122
0.01334127027467217
0.013348699774755862
0.01335596271661356
0.01336306463487315
0.013370010821815813
0.01337680634048731
0.013383456036967736
0.013389964551862171
0.013396336331069143
0.013402575635879424
0.013408686552453123
0.013414673000719256
0.013420538742738443
0.013426287390566108
0.013431922413650578
0.013437447145797941
0.013442864791732841
0.013448178433282384
0.013453391035208087
0.013458505450709061
0.013463524426617789
0.013468450608308377
0.01347328654433565
0.013478034690822123
0.013482697415608712
0.01348727700218389
0.013491775653404935
0.013496195495024
0.01350053857903084
0.013504806886823206
0.013509002332215204
0.013513126764293152
0.013517181970127924
0.013521169677352087
0.013525091556609631
0.013528949223885593
0.013532744242722366
0.013536478126329084
0.013540152339590054
0.013543768300977803
0.013547327384376005
0.013550830920817169
0.013554280200139773
0.013557676472569048
0.01356102095022561
0.01356431480856565
0.013567559187756331
0.013570755193989772
0.013573903900738742
0.013577006349957108
0.013580063553227835
0.013583076492861185
0.013586046122945618
0.013588973370353766
0.013591859135705675
0.013594704294291476
0.013597509696955376
0.013600276170942938
0.013603004520713348
0.013605695528718386
0.013608349956149662
0.013610968543655622
0.013613552012029734
0.013616101062871212
0.013618616379219517
0.01362109862616388
0.013623548451428972
0.013625966485937759
0.013628353344352681
0.013630709625595958
0.01363303591335014
0.013635332776539624
0.013637600769794062
0.013639840433894402
0.013642052296202342
0.01364423687107392
0.013646394660257874
0.013648526153279484
0.013650631827810455
0.013652712150025472
0.013654767574945941
0.013656798546771496
0.013658805499199747
0.013660788855734749
0.013662749029984687
0.01366468642594916
0.01366660143829656
0.013668494452631843
0.013670365845755195
0.01367221598591185
0.01367404523303345
0.013675853938971314
0.013677642447721879
0.013679411095644613
0.01368116021167276
0.013682890117517128
0.013684601127863173
0.013686293550561718
0.013687967686813463
0.013689623831347544
0.013691262272594398
0.0136928832928531
0.013694487168453383
0.01369607416991258
0.013697644562087614
0.013699198604322244
0.013700736550589773
0.013702258649631302
0.013703765145089763
0.01370525627563984
0.01370673227511396
0.01370819337262444
0.013709639792681968
0.013711071755310543
0.013712489476158987
0.013713893166609122
0.013715283033880784
0.01371665928113374
0.013718022107566619
0.013719371708512982
0.013720708275534586
0.01372203199651198
0.013723343055732497
0.013724641633975727
0.008622069071181657
0.009062590426425566
0.009439462449103146
0.00976493687833872
0.010048469859830461
0.010297425585834923
0.010517596788457307
0.01071358685012867
0.0108890907317385
0.01104710273504618
0.0111900714044691
0.011320016073543705
0.01143861538605482
0.011547275168462875
0.011647180952132373
0.011739338979844624
0.011824608494815324
0.011903727372049915
0.011977332621661018
0.012045976909905297
0.012110141963431015
0.012170249515874108
0.012226670302744144
0.012279731495887819
0.01232972288233569
0.012376902026612149
0.012421498605273694
0.012463718063654025
0.01250374471469429
0.012541744376228138
0.012577866624617219
0.012612246728030312
0.012645007311051427
0.012676259793025474
0.012706105635097562
0.012734637424885757
0.012761939822846666
0.012788090390416671
0.012813160316756927
0.012837215058255365
0.012860314902731679
0.012882515468462797
0.012903868146625797
0.012924420494486673
0.012944216585600727
0.012963297322397788
0.012981700715773078
0.012999462135668268
0.013016614536087871
0.013033188657537177
0.013049213209476556
0.013064715035052328
0.013079719260077382
0.013094249427987925
0.01310832762229034
0.013121974577828297
0.013135209782041385
0.013148051567248551
0.01316051719486969
0.013172622932394022
0.013184384123812905
0.013195815254154551
0.013206930008688257
0.013217741327304262
0.013228261454521141
0.01323850198552507
0.01324847390860304
0.013258187644295035
0.013267653081556975
0.013276879611197152
0.013285876156822722
0.013294651203509733
0.013303212824389513
0.013311568705325795
0.01331972616784052
0.013327692190431487
0.013335473428411848
0.013343076232389525
0.013350506665494026
0.013357770519448548
0.013364873329576577
0.013371820388824425
0.013378616760874141
0.013385267292414849
0.0133917766246348
0.013398149203991225
0.013404389292310396
0.013410500976265886
0.013416488176279284
0.013422354654883943
0.013428104024589146
0.013433739755279176
0.013439265181179005
0.013444683507415942
0.013449997816204309
0.013455211072678126
0.013460326130394988
0.013465345736532483
0.013470272536797084
0.013475109080063795
0.013479857822763706
0.01348452113303521
0.013489101294653662
0.013493600510753078
0.013498020907352668
0.013502364536699965
0.01350663338044163
0.013510829352632193
0.01351495430259025
0.013519010017611178
0.013522998225544564
0.013526920597244252
0.013530778748898279
0.01353457424424544
0.013538308596684954
0.013541983271285132
0.01354559968669668
0.013549159216975835
0.013552663193322313
0.01355611290573659
0.013559509604600943
0.013562854502188238
0.013566148774102303
0.01356939356065352
0.013572589968172937
0.01357573907026816
0.013578841909023932
0.013581899496150261
0.013584912814080797
0.013587882817023826
0.013590810431968393
0.013593696559647666
0.013596542075461699
0.013599347830361569
0.01360211465169673
0.013604843344027407
0.01360753468990365
0.013610189450612672
0.01361280836689593
0.013615392159637427
0.01361794153052448
0.013620457162682339
0.013622939721283766
0.013625389854134768
0.013627808192237564
0.013630195350331768
0.013632551927414829
0.013634878507242591
0.01363717565881091
0.013639443936819082
0.013641683882115972
0.013643896022129507
0.013646080871280315
0.01364823893138015
0.013650370692015764
0.013652476630918852
0.013654557214322634
0.013656612897305666
0.013658644124123362
0.013660651328527791
0.013662634934076202
0.01366459535442871
0.013666532993635652
0.013668448246414977
0.013670341498420073
0.013672213126498437
0.013674063498941543
0.013675892975726238
0.013677701908748023
0.01367949064204653
0.01368125951202347
0.013683008847653388
0.01368473897068749
0.013686450195850757
0.013688142831032658
0.013689817177471718
0.013691473529934089
0.013693112176886424
0.013694733400663248
0.013696337477628986
0.013697924678334951
0.013699495267671311
0.013701049505014409
0.013702587644369425
0.013704109934508695
0.013705616619105755
0.013707107936865248
0.013708584121648968
0.013710045402598002
0.013711492004251227
0.013712924146660279
0.013714342045501045
0.013715745912181894
0.013717135953948686
0.013718512373986694
0.013719875371519568
0.013721225141905387
0.013722561876729964
0.01372388576389744
0.013725196987718286
0.013726495728994799
0.008623259261046474
0.009063836325435407
0.009440755842485243
0.009766271176794078
0.010049839714413623
0.010298826605123282
0.010519025329039457
0.010715039859735901
0.010890565630445763
0.011048597324271332
0.011191583796489712
0.011321544636325403
0.01144015869963131
0.011548831990123392
0.011648750188392312
0.011740919663690683
0.011826199767089318
0.011905328466107954
0.011978942850645765
0.012047595656118883
0.012111768669408772
0.012171883676844691
0.012228311460227008
0.01228137923222935
0.01233137681602441
0.012378561808244027
0.012423163914062745
0.01246538860440246
0.012505420215151731
0.012543424584781705
0.012579551308264108
0.01261393567059256
0.012646700311599066
0.012677956664479626
0.012707806202989468
0.012736341526251364
0.012763647305239434
0.012789801111023777
0.01281487414160617
0.012838931861501854
0.0128620345660149
0.012884237880325854
0.012905593201989841
0.012926148094174295
0.012945946635902962
0.012965029734680064
0.012983435406115951
0.01300119902453936
0.013018353548041806
0.01303492972094068
0.013050956256256276
0.013066460000463131
0.013081466082489163
0.013095998048689201
0.013110077985307077
0.013123726629756527
0.01313696347189244
0.01314980684630577
0.013162274016555526
0.01317438125214678
0.013186143898972193
0.01319757644385473
0.013208692573759288
0.01321950523017925
0.01323002665915013
0.013240268457294514
0.013250241614260591
0.013259956551879132
0.01326942316033096
0.01327865083158751
0.013287648490361187
0.013296424622778927
0.013304987302971895
0.013313344217755665
0.013321502689558872
0.013329469697743502
0.013337251898446836
0.013344855643063189
0.013352286995472829
0.013359551748116098
0.013366655437001855
0.01337360335573175
0.013380400568614788
0.013387051922940157
0.01339356206047071
0.013399935428214172
0.013406176288524429
0.013412288728580982
0.013418276669290751
0.013424143873652865
0.01342989395462381
0.013435530382517399
0.013441056491971339
0.013446475488509677
0.01345179045472827
0.013457004356128168
0.01346212004662016
0.013467140273721888
0.013472067683467282
0.013476904825046843
0.013481654155195687
0.01348631804234532
0.013490898770553747
0.013495398543227663
0.013499819486649405
0.013504163653320498
0.013508433025132858
0.013512629516377899
0.013516754976603089
0.013520811193324992
0.013524799894607028
0.013528722751509827
0.013532581380421425
0.013536377345274141
0.013540112159654477
0.013543787288812045
0.01354740415157311
0.01355096412216395
0.013554468531948999
0.013557918671088385
0.013561315790119103
0.01356466110146403
0.013567955780872467
0.013571200968795898
0.013574397771702282
0.01357754726333206
0.01358065048589892
0.013583708451238073
0.013586722141904716
0.013589692512225214
0.013592620489303315
0.013595506973983635
0.013598352841774547
0.013601158943732419
0.013603926107309074
0.013606655137164286
0.013609346815944934
0.013612001905032419
0.013614621145259862
0.013617205257600452
0.013619754943828319
0.013622270887153246
0.013624753752830284
0.013627204188745603
0.013629622825979484
0.0136320102793476
0.013634367147921517
0.013636694015529301
0.013638991451237202
0.013641260009813149
0.01364350023217292
0.013645712645809698
0.013647897765207754
0.013650056092240927
0.013652188116556548
0.013654294315945403
0.013656375156698406
0.013658431093950409
0.013660462572011787
0.01366247002468828
0.013664453875589531
0.01366641453842683
0.013668352417300508
0.013670267906977345
0.013672161393158435
0.013674033252737907
0.013675883854052788
0.013677713557124467
0.01367952271389198
0.013681311668437508
0.01368308075720439
0.013684830309207877
0.013686560646238962
0.01368827208306157
0.013689964927603266
0.013691639481139831
0.01369329603847389
0.013694934888107777
0.013696556312410943
0.013698160587782017
0.013699747984805761
0.013701318768405128
0.013702873197988534
0.013704411527592598
0.013705934006020423
0.01370744087697568
0.013708932379192566
0.013710408746561781
0.013711870208252772
0.01371331698883219
0.013714749308378887
0.013716167382595438
0.013717571422916363
0.013718961636613161
0.013720338226896235
0.01372170139301388
0.013723051330348346
0.013724388230509145
0.013725712281423663
0.013727023667425172
0.01372832256933833
0.00862443208336891
0.009065064043943857
0.009442030362283364
0.009767586004739405
0.010051189579617129
0.010300207180245918
0.010520433023837804
0.010716471666482806
0.01089201900686488
0.01105007010386434
0.011193074119081653
0.011323050893698148
0.011441679492540114
0.011550366093992355
0.011650296525694055
0.01174247728152353
0.01182776781883279
0.0119069061963058
0.01198052958246397
0.012049190780873655
0.012113371637770536
0.01217349399140824
0.01222992866920242
0.012283002924057847
0.012333006614761916
0.012380197369585375
0.012424804921903194
0.012467034767852048
0.012507071265933044
0.012545080274953657
0.012581211408224116
0.01261559996731736
0.01264836860709087
0.012679628774389598
0.01270948195539488
0.01273802076056631
0.012765329871242029
0.012791486867985273
0.012816562957509426
0.012840623612338443
0.012863729135151544
0.012885935157932158
0.01290729308452038
0.012927850483898953
0.01294765144048028
0.012966736866768913
0.012985144783021534
0.013002910567889917
0.013020067183492932
0.013036645377904454
0.013052673867652749
0.013068179502491992
0.013083187414419679
0.013097721152666674
0.013111802806174293
0.013125453114888854
0.013138691571045302
0.01315153651147341
0.013164005201840115
0.013176113913636916
0.013187877994630018
0.013199311933410975
0.013210429418615515
0.013221243393316782
0.013231766105045088
0.013242009151838482
0.013251983524686463
0.013261699646691761
0.013271167409242227
0.013280396205455479
0.013289394961133027
0.013298172163437365
0.013306735887484903
0.013315093821029167
0.013323253287392247
0.013331221266787706
0.013339004416164943
0.013346609087693173
0.013354041345992482
0.01336130698420988
0.013368411539029595
0.013375360304699074
0.013382158346145104
0.01338881051124818
0.01339532144233739
0.013401695586962914
0.013407937207998542
0.013414050393122327
0.013420039063719441
0.013425906983247995
0.013431657765105133
0.013437294880027947
0.013442821663060846
0.013448241320118844
0.01345355693417375
0.013458771471088274
0.013463887785121274
0.013468908624125461
0.013473836634457463
0.013478674365618656
0.01348342427464376
0.0134880887302531
0.013492670016783222
0.013497170337909512
0.0135015918201736
0.01350593651632729
0.013510206408504179
0.013514403411229104
0.013518529374275064
0.013522586085376593
0.013526575272807814
0.013530498607833119
0.013534357707037644
0.013538154134544393
0.013541889404124414
0.013545564981205994
0.013549182284788379
0.013552742689265403
0.013556247526163839
0.013559698085801104
0.013563095618866674
0.013566441337931237
0.013569736418887458
0.013572982002325859
0.013576179194849297
0.013579329070329127
0.013582432671106103
0.01358549100913879
0.013588505067102186
0.013591475799438993
0.013594404133365988
0.013597290969837618
0.013600137184468987
0.013602943628420221
0.013605711129244018
0.013608440491698251
0.013611132498525209
0.013613787911199117
0.013616407470643401
0.01361899189791915
0.01362154189488605
0.013624058144837158
0.013626541313108642
0.013628992047665638
0.013631410979665363
0.013633798723998447
0.01363615587980947
0.013638483030997683
0.013640780746698701
0.013643049581748085
0.013645290077127538
0.013647502760394562
0.013649688146096132
0.013651846736167275
0.013653979020314995
0.013656085476388337
0.013658166570735047
0.013660222758545459
0.013662254484184106
0.01366426218150961
0.013666246274183249
0.013668207175966746
0.01367014529100969
0.013672061014126977
0.013673954731066721
0.013675826818768987
0.01367767764561571
0.013679507571672151
0.013681316948920247
0.013683106121484132
0.013684875425848144
0.013686625191067638
0.01368835573897284
0.013690067384366036
0.013691760435212322
0.013693435192824208
0.013695091952040246
0.013696731001397941
0.013698352623301161
0.01369995709418222
0.013701544684658867
0.013703115659686347
0.013704670278704697
0.013706208795781487
0.013707731459750159
0.013709238514344085
0.013710730198326557
0.013712206745616795
0.013713668385412159
0.013715115342306686
0.01371654783640605
0.013717966083439122
0.013719370294866182
0.013720760677983994
0.01372213743602774
0.013723500768269989
0.013724850870116812
0.013726187933201071
0.013727512145473058
0.013728823691288514
0.013730122751494137
0.008625587915489511
0.009066273976955499
0.009443286418561484
0.009768881785208777
0.010052519889749163
0.010301567755392706
0.010521820325768679
0.010717882731044362
0.01089345132861144
0.011051521547684278
0.011194542851748934
0.011324535330293397
0.011443178254089897
0.011551877973661601
0.011651820461565878
0.011744012334501269
0.011829313154561242
0.011908461070273265
0.011982093327641968
0.012050762797396614
0.01211495138426721
0.012175080977679512
0.012231522450003607
0.012284603093792569
0.012334612802932543
0.012381809236874812
0.01242642215678623
0.012468657083652947
0.012508698398261027
0.01254671197945965
0.012582847458631877
0.012617240153689766
0.012650012734298603
0.012681276660754557
0.012711133431485047
0.01273967566812224
0.012766988062218168
0.012793148203691655
0.012818227307841499
0.01284229085508434
0.012865399155367685
0.012887607847379313
0.012908968341153224
0.012929528211403224
0.0129493315478523
0.012968419267932903
0.012986829396480722
0.01300459731640795
0.01302175599380246
0.013038336180440193
0.013054366596306556
0.01306987409438786
0.013084883809706705
0.01309941929432832
0.013113502639852437
0.013127154588721254
0.013140394635515286
0.013153241119270706
0.013165711307731833
0.013177821474347812
0.013189586968731265
0.013201022281216685
0.013212141102086449
0.013222956375970565
0.01323348035187249
0.013243724629225224
0.013253700200340154
0.013263417489573538
0.013272886389502768
0.013282116294375028
0.013291116131065171
0.013299894387756243
0.01330845914053562
0.013316818078081192
0.01332497852459557
0.013332947461131549
0.013340731545438878
0.013348337130450453
0.013355770281515448
0.013363036792477315
0.01337014220068587
0.01337709180102498
0.01338389065903028
0.01339054362316502
0.013397055336316292
0.013403430246568874
0.013409672617308953
0.01341578653670589
0.013421775926616183
0.013427644550950274
0.013433396023539601
0.013439033815538372
0.013444561262391835
0.013449981570400282
0.013455297822906035
0.013460512986128242
0.01346562991466877
0.013470651356710543
0.01347557995892822
0.013480418271129543
0.013485168750644497
0.013489833766478047
0.013494415603241241
0.01349891646487426
0.013503338478174268
0.013507683696139736
0.013511954101142427
0.013516151607937225
0.013520278066519401
0.013524335264838275
0.013528324931375652
0.01353224873759672
0.01353610830028085
0.013539905183738973
0.013543640901924033
0.013547316920440368
0.01355093465845772
0.013554495490535053
0.013558000748359111
0.01356145172240234
0.013564849663504472
0.013568195784381882
0.013571491261068503
0.013574737234291895
0.013577934810787857
0.01358108506455675
0.013584189038064562
0.013587247743391428
0.0135902621633304
0.013593233252438844
0.013596161938044925
0.013599049121211324
0.013601895677658338
0.013604702458648341
0.01360747029183345
0.01361019998206821
0.013612892312188943
0.013615548043761343
0.013618167917797856
0.013620752655446173
0.013623302958650305
0.013625819510785387
0.013628302977267507
0.013630754006139641
0.013633173228634827
0.013635561259717547
0.013637918698604368
0.01364024612926467
0.013642544120902432
0.013644813228419865
0.013647053992863662
0.01364926694185469
0.013651452590001733
0.013653611439300106
0.01365574397951564
0.013657850688554778
0.013659932032821284
0.013661988467560164
0.013664020437189336
0.013666028375619525
0.013668012706562899
0.013669973843830893
0.013671912191621616
0.013673828144797416
0.01367572208915272
0.013677594401672877
0.013679445450784066
0.013681275596594803
0.013683085191129301
0.013684874578553021
0.013686644095390726
0.013688394070737287
0.013690124826461586
0.013691836677403722
0.013693529931565782
0.013695204890296468
0.013696861848469744
0.013698501094657768
0.01370012291129833
0.01370172757485695
0.013703315355983875
0.013704886519666172
0.01370644132537504
0.01370798002720857
0.013709502874030085
0.013711010109602236
0.013712501972716985
0.01371397869732165
0.013715440512641125
0.013716887643296417
0.013718320309419635
0.01371973872676556
0.013721143106819874
0.013722533656904238
0.013723910580278238
0.013725274076238378
0.0137266243402142
0.013727961563861586
0.013729285935153396
0.013730597638467512
0.013731896854672354
0.008626727123897723
0.009067466508115834
0.009444524409591402
0.009770158929071097
0.010053831066628494
0.010302908761979918
0.010523187674723846
0.010719273500847842
0.010894863049853723
0.011052952115963362
0.011195990460206359
0.011325998416805948
0.011444655459518144
0.011553368108528602
0.011653322479228494
0.01174552530937004
0.011830836264281656
0.01190999358104209
0.01198363458202472
0.012052312204155716
0.012116508409818063
0.012176645138873633
0.012233093308000374
0.012286180248829374
0.012336195889840699
0.012383397921217704
0.012428016131519374
0.012470256066223932
0.012510302128081865
0.012548320215695795
0.012584459978261662
0.012618856749795652
0.012651633214557853
0.012682900846102189
0.012712761154926023
0.012741306773673399
0.012768622403963323
0.012794785644935656
0.012819867720351113
0.012843934118405499
0.01286704515621008
0.01288925647906053
0.012910619503095685
0.012931181808677979
0.012950987490764601
0.012970077471645015
0.01298848978066806
0.013006259804945068
0.01302342051447584
0.013040002664685113
0.013056034978965724
0.013071544313489634
0.013086555806261026
0.013101093012138739
0.013115178025342672
0.01312883159077501
0.013142073205328099
0.013154921210212788
0.013167392875220885
0.013179504475731026
0.013191271363175692
0.013202708029607258
0.013213828166931046
0.013224644721311553
0.013235169943204183
0.013245415433416827
0.013255392185563736
0.013265110625236685
0.013274580646185483
0.013283811643770644
0.013292812545924917
0.013301591841837223
0.013310157608551938
0.013318517535658027
0.013326678948225947
0.013334648828135662
0.013342433833925759
0.013350040319281824
0.013357474350271643
0.013364741721425084
0.013371847970747974
0.013378798393751463
0.013385598056571269
0.013392251808245
0.013398764292209746
0.01340513995707719
0.013411383066738536
0.0134174977098474
0.013423487808724818
0.013429357127727054
0.013435109281113595
0.013440747740449788
0.013446275841575914
0.013451696791172033
0.01345701367294564
0.013462229453467192
0.013467346987676633
0.013472369024082363
0.013477298209672476
0.013482137094556692
0.013486888136356002
0.013491553704355919
0.013496136083438044
0.013500637477803556
0.013505060014501464
0.013509405746773364
0.013513676657225762
0.013517874660840274
0.013522001607831239
0.013526059286359702
0.013530049425112132
0.013533973695751636
0.013537833715249033
0.01354163104810048
0.013545367208438176
0.013549043662040003
0.013552661828243738
0.0135562230817711
0.013559728754466503
0.013563180136955193
0.013566578480225001
0.013569924997135888
0.013573220863861027
0.01357646722126303
0.01357966517620874
0.013582815802825679
0.013585920143703249
0.013588979211041415
0.013591993987749577
0.013594965428498123
0.013597894460725004
0.01360078198559958
0.013603628878945817
0.01360643599212688
0.013609204152892865
0.013611934166193608
0.013614626814958099
0.013617282860842204
0.013619903044946082
0.013622488088502811
0.013625038693539485
0.013627555543512153
0.013630039303915674
0.01363249062286974
0.013634910131682117
0.013637298445390092
0.013639656163281158
0.013641983869393831
0.013644282132999473
0.013646551509065984
0.013648792538704107
0.013651005749597163
0.013653191656414862
0.013655350761211937
0.0136574835538122
0.013659590512178667
0.01366167210277031
0.013663728780886026
0.013665760990996343
0.01366776916706335
0.013669753732849373
0.01367171510221482
0.01367365367940567
0.013675569859330983
0.013677464027830877
0.013679336561935316
0.01368118783011409
0.013683018192518343
0.013684828001213956
0.01368661760040713
0.013688387326662464
0.01369013750911378
0.013691868469668068
0.013693580523202685
0.013695273977756179
0.013696949134712925
0.01369860628898179
0.013700245729169086
0.013701867737746036
0.013703472591210884
0.013705060560245914
0.013706631909869565
0.013708186899583735
0.013709725783516601
0.013711248810560945
0.013712756224508262
0.013714248264178788
0.013715725163547528
0.013717187151866508
0.013718634453783317
0.013720067289456132
0.013721485874665255
0.013722890420921417
0.01372428113557081
0.013725658221897075
0.013727021879220317
0.013728372302993203
0.01372970968489429
0.0137310342129187
0.013732346071466138
0.013733645441426428
0.008627850064619132
0.009068642010116621
0.009445744722273535
0.009771417835464195
0.010055123520030153
0.010304230619106049
0.01052453549803527
0.010720644410545568
0.010896254611792576
0.011054362255793218
0.011197417396871589
0.011327440610491245
0.011446111570493288
0.01155483696430299
0.011654803048105605
0.011747016678978307
0.011832337624010241
0.011911504207566852
0.011985153827299705
0.012053839485386525
0.01211804320103999
0.01217818696383782
0.012234641734133071
0.01228773488207681
0.012337756370249003
0.01238496391912619
0.012429587344268328
0.012471832215295953
0.0125118829566103
0.01254990548628535
0.012586049471075555
0.012620450260871231
0.012653230554318867
0.0126845018380408
0.012714365634431977
0.012742914586991064
0.012770233407260273
0.01279639970346883
0.012821484707718524
0.012845553915873225
0.012868667652105661
0.01289088156822505
0.012912247086387857
0.0129328117925245
0.01295261978675161
0.012971711996146312
0.012990126454506146
0.013007898553081609
0.013025061265728556
0.013041645351468435
0.013057679537052846
0.013073190681793901
0.013088203926634796
0.013102742829188073
0.013116829486256388
0.013130484645166786
0.013143727805090434
0.01315657730938178
0.013169050429850903
0.013181163443778374
0.01319293170439053
0.013204369705433108
0.0132154911404112
0.01322630895700187
0.01323683540709173
0.013247082092843941
0.013257060009157018
0.013266779582840584
0.013276250708800143
0.01328548278349364
0.013294484735896592
0.013303265056189449
0.01331183182235992
0.01332019272489503
0.013328355089720686
0.013336325899532216
0.013344111813645771
0.013351719186488885
0.01335915408483769
0.01336642230389867
0.013373529382324303
0.013380480616244042
0.013387281072385137
0.013393935600351346
0.013400448844121901
0.013406825252827869
0.013413069090858262
0.013419184447344024
0.013425175245064102
0.013431045248814225
0.013436798073275802
0.013442437190419446
0.013447965936474843
0.013453387518496389
0.013458705020551546
0.013463921409557052
0.013469039540786102
0.013474062163067922
0.013478991923699578
0.01348383137308844
0.013488582969142357
0.01349324908142339
0.013497831995079815
0.013502333914570092
0.01350675696719148
0.013511103206425214
0.013515374615109202
0.013519573108448557
0.013523700536873552
0.013527758688753926
0.013531749292977903
0.013535674021403682
0.013539534491190785
0.013543332267017958
0.013547068863194095
0.013550745745668141
0.013554364333943511
0.013557926002902346
0.013561432084544496
0.01356488386964581
0.013568282609340102
0.01357162951662888
0.013574925767822554
0.013578172503916883
0.01358137083190786
0.013584521826048353
0.013587626529049428
0.01359068595322916
0.013593701081611644
0.01359667286897867
0.0135996022428764
0.01360249010457936
0.01360533733001371
0.013608144770641952
0.01361091325431077
0.01361364358606392
0.013616336548921758
0.013618992904629007
0.013621613394372314
0.013624198739468896
0.013626749642027775
0.013629266785584737
0.01363175083571229
0.013634202440605751
0.01363662223164654
0.013639010823943712
0.013641368816854684
0.013643696794486107
0.013645995326175771
0.013648264966956324
0.013650506258001648
0.013652719727056617
0.013654905888851002
0.01365706524549811
0.013659198286878903
0.013661305491012158
0.013663387324411271
0.013665444242428264
0.013667476689585515
0.013669485099895747
0.013671469897170725
0.013673431495319147
0.013675370298634148
0.013677286702070869
0.013679181091514437
0.013681053844038803
0.013682905328156749
0.013684735904061435
0.013686545923859818
0.013688335731798257
0.013690105664480612
0.013691856051079115
0.013693587213538295
0.013695299466772256
0.013696993118855482
0.013698668471207504
0.013700325818771592
0.013701965450187738
0.013703587647960114
0.013705192688619219
0.013706780842878921
0.013708352375788567
0.013709907546880343
0.013711446610312063
0.013712969815005544
0.013714477404780732
0.013715969618485712
0.013717446690122793
0.013718908848970741
0.01372035631970336
0.013721789322504497
0.013723208073179645
0.01372461278326419
0.013726003660128529
0.013727380907080011
0.013728744723461993
0.01373009530474994
0.013731432842644782
0.01373275752516356
0.013734069536727492
0.013735369058247508
0.008628957083586214
0.009069800845084002
0.009446947732539856
0.009772658892210496
0.010056397648112197
0.010305533733988265
0.010525864210920168
0.010721995882467552
0.010897626443120869
0.011055752401590487
0.011198824101336307
0.011328862355641602
0.011447547035595505
0.011556284993491572
0.011656262624312772
0.011748486902769318
0.011833817696268156
0.011912993415223791
0.011986651531498558
0.012055345111596543
0.012119556230754287
0.012179706927560437
0.01223616820542387
0.012289267472469449
0.012339294724893507
0.012386507713036258
0.012431136279075761
0.012473386016432542
0.012513441370851594
0.012551468279602178
0.012587616426748265
0.012622021177829238
0.01265480524567398
0.012686080129787955
0.012715947364294985
0.012744499603394445
0.01277182156841106
0.012797990876534531
0.012823078768089443
0.01284715074649902
0.01287026714289732
0.01289248361551473
0.012913851592440038
0.012934418665092689
0.012954228938675597
0.012973323344985663
0.012991739922206043
0.013009514065667721
0.013026678753027923
0.01304326474685381
0.013059300777208117
0.013074813706498576
0.013089828678565733
0.013104369253736783
0.013118457531360529
0.013132114261154468
0.013145358944536296
0.013158209926973662
0.013170684482266288
0.013182798889569719
0.01319456850387872
0.013206007820608365
0.013217130534840837
0.013227949595744325
0.01323847725661636
0.01324872512095614
0.013258704184928236
0.013268424876542865
0.013277897091844829
0.013287130228373929
0.01329613321613371
0.013304914546282045
0.01331348229773662
0.013321844161869777
0.01333000746545076
0.01333797919197868
0.013345766001536231
0.013353374249282391
0.01336081000269158
0.013368079057637306
0.013375186953409519
0.013382138986747229
0.013388940224960816
0.01339559551821216
0.013402109511014964
0.013408486653012294
0.01341473120908391
0.013420847268831335
0.013426838755484928
0.013432709434273642
0.013438462920294835
0.013444102685918627
0.01344963206775861
0.013455054273238188
0.01346037238677969
0.013465589375641226
0.013470708095424526
0.013475731295275083
0.01348066162279455
0.01348550162868374
0.01349025377113328
0.013494920419977866
0.013499503860628665
0.013504006297797765
0.013508429859027163
0.013512776598034335
0.013517048497885296
0.013521247474005502
0.013525375377038096
0.013529433995558556
0.013533425058653983
0.013537350238374914
0.013541211152066898
0.013545009364588672
0.013548746390423343
0.01355242369568847
0.013556042700050761
0.013559604778550515
0.0135631112633408
0.013566563445345943
0.013569962575843674
0.013573309867975024
0.013576606498185716
0.013579853607602745
0.013583052303349441
0.013586203659802239
0.013589308719792133
0.01359236849575364
0.013595383970823927
0.013598356099894598
0.013601285810618507
0.013604174004373831
0.013607021557187494
0.01360982932061992
0.013612598122613007
0.013615328768303112
0.013618022040800646
0.01362067870193795
0.013623299492986905
0.013625885135347699
0.013628436331210102
0.013630953764188516
0.013633438099931994
0.013635889986710413
0.013638310055977794
0.013640698922913943
0.013643057186945208
0.013645385432245418
0.013647684228217844
0.013649954129958957
0.013652195678704885
0.0136544094022612
0.01365659581541686
0.013658755420342925
0.013660888706976695
0.01366299615339192
0.013665078226155647
0.013667135380672267
0.013669168061515278
0.013671176702747312
0.01367316172822888
0.013675123551916274
0.013677062578149131
0.013678979201928005
0.013680873809182401
0.013682746777029638
0.013684598474024874
0.013686429260402696
0.013688239488310546
0.013690029502034372
0.013691799638216743
0.013693550226067747
0.013695281587568938
0.013696994037670631
0.013698687884482736
0.01370036342945945
0.013702020967577963
0.013703660787511451
0.013705283171796584
0.013706888396995647
0.013708476733853649
0.013710048447450416
0.013711603797347973
0.013713143037733369
0.013714666417557033
0.013716174180666958
0.013717666565938695
0.013719143807401458
0.013720606134360384
0.013722053771515107
0.013723486939074797
0.013724905852869757
0.013726310724459715
0.013727701761238885
0.013729079166538021
0.013730443139723388
0.013731793876292937
0.013733131567969636
0.01373445640279215
0.013735768565202904
0.013737068236133623
0.008630048516993422
0.009070943364950223
0.009448133805739764
0.00977388247621511
0.01005765383782439
0.010306818502380412
0.010527174216907215
0.010723328327055037
0.010898978960463577
0.011057122975542774
0.01120021100081746
0.01133026408404226
0.01144896229077718
0.011557712635862824
0.01165770165112565
0.011749936427252701
0.011835276930556311
0.0119144616562885
0.011988128149477539
0.012056829540048178
0.01212104795847204
0.012181205491658634
0.012237673185466466
0.012290778485459532
0.012340811420977241
0.012388029771803004
0.012432663406358213
0.012474917941528291
0.012514977844101487
0.012553009070272065
0.012589161321169814
0.012623569977762851
0.012656357766862775
0.012687636200676786
0.012717506824892436
0.01274606230425916
0.012773387369746458
0.012799559647378337
0.01282465038558642
0.012848725095246843
0.012871844114356976
0.012894063107477986
0.012915433508547451
0.01293600291439655
0.012955815435242875
0.012974912007536652
0.012993330673784907
0.013011106833341647
0.013028273467611968
0.013044861342658799
0.013060899191809411
0.013076413880523566
0.01309143055549835
0.013105972779737417
0.013120062655099834
0.013133720933659936
0.01314696711905028
0.013159819558821985
0.013172295528736399
0.013184411309797636
0.013196182258743989
0.013207622872636372
0.013218746848111853
0.013229567135808749
0.013240095990415642
0.01325034501674897
0.013260325212221521
0.013270047006027212
0.013279520295334087
0.013288754478748596
0.013297758487287798
0.013306540813073264
0.01331510953593955
0.013323472348131856
0.013331636577250875
0.013339609207588197
0.013347396899982274
0.013355006010313203
0.013362442606743874
0.013369712485805431
0.013376821187416326
0.013383774008916534
0.013390576018191356
0.013397232065952941
0.01340374679724192
0.013410124662206174
0.013416369926209294
0.01342248667931675
0.013428478845203958
0.013434350189527
0.013440104327793316
0.013445744732766928
0.013451274741439912
0.01345669756159949
0.013462016278017859
0.013467233858289702
0.013472353158340649
0.013477376927628015
0.01348230781405375
0.013487148368607968
0.013491901049760113
0.01349656822761365
0.013501152187838967
0.013505655135398184
0.013510079198074598
0.0135144264298186
0.013518698813921117
0.013522898266024815
0.013527026636982731
0.013531085715573172
0.013535077231079329
0.013539002855741361
0.013542864207088232
0.013546662850156134
0.013550400299599911
0.013554078021703397
0.013557697436294279
0.01356125991856879
0.013564766800831051
0.013568219374151778
0.013571618889950595
0.013574966561506092
0.0135782635653974
0.013581511042880901
0.01358471010120547
0.013587861814869363
0.01359096722682182
0.013594027349612164
0.013597043166489029
0.013600015632452299
0.01360294567526001
0.013605834196392545
0.013608682071976148
0.013611490153667808
0.013614259269503291
0.013616990224710253
0.013619683802487884
0.013622340764754905
0.01362496185286725
0.013627547788306901
0.013630099273343237
0.013632616991668164
0.013635101609006219
0.013637553773700762
0.013639974117277427
0.01364236325498575
0.013644721786320044
0.013647050295520376
0.013649349352054566
0.013651619511082028
0.013653861313900242
0.013656075288374623
0.0136582619493525
0.013660421799061857
0.013662555327495544
0.013664663012781506
0.013666745321539695
0.01366880270922612
0.013670835620464691
0.013672844489367246
0.013674829739842347
0.013676791785893221
0.013678731031905339
0.013680647872924038
0.013682542694922578
0.01368441587506103
0.013686267781936334
0.013688098775823911
0.013689909208911128
0.01369169942552297
0.013693469762340165
0.013695220548610117
0.013696952106350888
0.013698664750548498
0.013700358789347781
0.013702034524237112
0.013703692250227118
0.01370533225602371
0.01370695482419557
0.01370856023133635
0.013710148748221743
0.013711720639961626
0.013713276166147455
0.013714815580995084
0.013716339133483179
0.013717847067487361
0.013719339621910267
0.013720817030807634
0.013722279523510603
0.013723727324744275
0.013725160654742783
0.013726579729360904
0.01372798476018233
0.013729375954624807
0.01373075351604212
0.01373211764382315
0.013733468533487996
0.013734806376781369
0.013736131361763243
0.013737443672896952
0.013738743491134742
0.008631124691637423
0.009072069911809765
0.009449303297009826
0.009775088953847273
0.01005889246529981
0.01030808530897355
0.010528465908244937
0.010724642143275863
0.010900312568799402
0.011058474388035904
0.011201578510589623
0.011331646215408376
0.01145035775980414
0.01155912031889195
0.011659120559428573
0.011751365686456376
0.011836715763810268
0.011915909370393675
0.01198958412337785
0.012058293215221515
0.01212251883085913
0.012182683104845488
0.012239157124895223
0.012292268373488024
0.012342306912643004
0.012389530551175112
0.012434169183382162
0.012476428449286417
0.012516492836425159
0.012554528319653063
0.012590684616927155
0.01262509712442855
0.012657888582756079
0.012689170516641096
0.012719044483173212
0.012747603157504407
0.01277493128011411
0.012801106485737134
0.012826200030798787
0.012850277433523908
0.01287339903867724
0.0128956205170622
0.012916993308383393
0.01293756501480807
0.012957379751498396
0.012976478459492846
0.012994899185561872
0.013012677333026263
0.013029845886986573
0.013046435616952642
0.013062475259470605
0.013077991683009611
0.013093010037083349
0.013107553887334485
0.013121645338097288
0.013135305143769944
0.013148552810168935
0.013161406686899699
0.013173884051657796
0.013186001187270063
0.013197773452193945
0.013209215345113181
0.013220340564197988
0.013231162061536253
0.013241692093188168
0.01325194226526898
0.013261923576422262
0.013271646457009059
0.013281120805304976
0.013290356020968178
0.01329936103601509
0.013308144343517493
0.013316714024213992
0.01332507777121044
0.013333242912927371
0.01334121643443776
0.013349004997325246
0.013356614958180978
0.013364052385846687
0.013371323077501948
0.013378432573684939
0.013385386172328187
0.013392188941883883
0.013398845733606755
0.013405361193056992
0.013411739770880223
0.013417985732917123
0.013424103169690602
0.013430096005314921
0.013435968005867324
0.013441722787259604
0.013447363822644165
0.013452894449386268
0.013458317875631887
0.013463637186498182
0.013468855349911713
0.01347397522211747
0.013478999552880231
0.013483930990398059
0.013488772085946316
0.013493525298269353
0.013498192997735668
0.013502777470271222
0.013507280921084691
0.013511705478197295
0.013516053195789076
0.013520326057372729
0.013524525978805104
0.013528654811146183
0.013532714343374275
0.013536706304965923
0.01354063236834825
0.013544494151231063
0.01354829321882554
0.01355203108595587
0.013555709219069812
0.0135593290381538
0.013562891918557803
0.013566399192734908
0.013569852151900163
0.013573252047613098
0.013576600093287934
0.013579897465635357
0.01358314530603932
0.013586344721872489
0.013589496787753237
0.013592602546747403
0.0135956630115175
0.013598679165422081
0.013601651963567787
0.013604582333816367
0.013607471177748985
0.013610319371589824
0.013613127767091069
0.01361589719238106
0.013618628452777455
0.013621322331567001
0.013623979590753591
0.013626600971776029
0.013629187196196935
0.013631738966364208
0.013634256966046168
0.013636741861041763
0.013639194299766837
0.013641614913817606
0.013644004318512384
0.013646363113412496
0.013648691882823307
0.013650991196276299
0.013653261608992932
0.0136555036623312
0.013657717884215518
0.013659904789550759
0.013662064880621043
0.013664198647473992
0.013666306568290997
0.013668389109744158
0.013670446727340399
0.013672479865753323
0.013674488959143291
0.013676474431466249
0.013678436696771693
0.013680376159490294
0.013682293214711549
0.013684188248451853
0.013686061637913433
0.013687913751734424
0.013689744950230526
0.01369155558562846
0.013693346002291697
0.013695116536938598
0.013696867518853368
0.013698599270090057
0.013700312105669885
0.013702006333772138
0.01370368225591888
0.013705340167153716
0.013706980356214812
0.013708603105702443
0.013710208692241179
0.013711797386636967
0.01371336945402931
0.013714925154038689
0.013716464740909363
0.013717988463647829
0.013719496566156961
0.013720989287366099
0.013722466861357138
0.013723929517486851
0.013725377480505452
0.013726810970671691
0.013728230203864464
0.013729635391691117
0.013731026741592578
0.013732404456945353
0.01373376873716061
0.013735119777780299
0.01373645777057056
0.013737782903612389
0.013739095361389734
0.013740395324875055
0.008632185925243153
0.009073180818260699
0.009450456551628114
0.009776278681305893
0.010060113896230159
0.010309334527779738
0.010529739666293067
0.01072593771902254
0.010901627661864841
0.01105980703806338
0.011202927034399335
0.011333009157803796
0.01145173385467842
0.011560508458187431
0.011660519768144494
0.0117527751023596
0.011838134620836212
0.011917336984967747
0.01199101988306679
0.01205973656925781
0.012123969282181936
0.012184140203377734
0.012240620461834831
0.012293737576436061
0.01234378164142651
0.012391010494249595
0.012435654054720288
0.012477917985676434
0.012517986795116284
0.01255602647629584
0.012592186763765723
0.012626603068708834
0.012659398145319814
0.012690683530680272
0.012720560793123573
0.012749122618059824
0.01277645375534634
0.012802631848307794
0.01282772816125219
0.012851808219651057
0.01287493237494253
0.012897156304085625
0.012918531452471887
0.012939105427530562
0.012958922349299736
0.012978023163342435
0.012996445920633336
0.013014226028404935
0.01303139647540193
0.013047988034533223
0.01306402944551913
0.013079547579796381
0.01309456758965618
0.013109113043343562
0.013123206047633621
0.013136867359216146
0.013150116486061205
0.01316297177980005
0.013175450520035582
0.013187568991392059
0.013199342554022213
0.013210785708210082
0.01322191215363773
0.013232734843822497
0.013243266036177143
0.013253517338097685
0.013263499749441396
0.013273223701720245
0.01328269909430202
0.013291935327882
0.013300941335462094
0.013309725611051109
0.013318296236279142
0.013326660905100755
0.013334826946744927
0.013342801347055185
0.013350590768350004
0.013358201567921706
0.013365639815281445
0.013372911308248225
0.013380021587971334
0.013386975952967636
0.013393779472248332
0.01340043699760321
0.013406953175104784
0.013413332455889541
0.013419579106268592
0.01342569721721596
0.013431690713278658
0.013437563360949218
0.013443318776538187
0.013448960433580957
0.01345449166981081
0.01345991569372746
0.013465235590788271
0.013470454329247043
0.013475574765663717
0.013480599650106258
0.013485531631064715
0.013490373260095754
0.013495126996214819
0.013499795210051749
0.013504380187784538
0.013508884134864998
0.013513309179548948
0.013517657376242921
0.013521930708678274
0.013526131092923088
0.013530260380241407
0.013534320359808769
0.01353831276129238
0.013542239257303726
0.013546101465730966
0.013549900951957822
0.013553639230975467
0.013557317769393326
0.013560937987354367
0.013564501260360172
0.013568008921010705
0.013571462260663355
0.01357486253101561
0.013578210945615458
0.013581508681303282
0.013584756879588858
0.013587956647966914
0.013591109061174281
0.013594215162391766
0.013597275964393508
0.01360029245064645
0.013603265576362517
0.013606196269505728
0.013609085431756617
0.013611933939435949
0.0136147426443898
0.013617512374837774
0.013620243936186304
0.013622938111808463
0.01362559566379214
0.01362821733365785
0.013630803843047753
0.013633355894387151
0.013635874171519735
0.013638359340317829
0.013640812049268742
0.013643232930038308
0.013645622598012655
0.013647981652819188
0.013650310678827673
0.013652610245632362
0.013654880908515906
0.013657123208895963
0.013659337674755133
0.013661524821055034
0.013663685150135153
0.01366581915209711
0.013667927305175001
0.013670010076092361
0.013672067920406308
0.013674101282839456
0.013676110597600018
0.013678096288690659
0.013680058770206503
0.013681998446622797
0.013683915713072582
0.013685810955614792
0.013687684551493221
0.013689536869386636
0.013691368269650438
0.013693179104550174
0.013694969718487257
0.013696740448217165
0.013698491623060381
0.013700223565106456
0.013701936589411321
0.01370363100418823
0.013705307110992469
0.01370696520490016
0.013708605574681293
0.013710228502967277
0.013711834266413168
0.013713423135854764
0.013714995376460787
0.013716551247880317
0.01371809100438564
0.013719614895010687
0.01372112316368522
0.0137226160493649
0.013724093786157427
0.01372555660344483
0.01372700472600211
0.013728438374112285
0.013729857763678039
0.013731263106330032
0.013732654609532052
0.013734032476683025
0.013735396907216084
0.013736748096694734
0.013738086236906245
0.013739411515952336
0.013740724118337285
0.013742024225053502
0.008633232526776367
0.009074276407731865
0.009451593905353889
0.009777452004969961
0.01006131848622549
0.010310566522500028
0.01053099586189774
0.01072721543149386
0.01090292462254156
0.01106112131361895
0.011204256964862313
0.011334353308042512
0.01145309097604364
0.011561877457899866
0.011661899684647118
0.011754165085308119
0.011839533914728887
0.011918744915655397
0.01199243584656067
0.012061160022384637
0.012125399734734567
0.012185577211484961
0.01224206362233132
0.012295186522057692
0.012345236036690785
0.01239247003190774
0.01243711845268884
0.012479386984372934
0.012519460155137104
0.01255750397638496
0.012593668199031911
0.012628088249055812
0.012660886894059625
0.012692175683304933
0.012722056196213824
0.012750621128313086
0.01277795523870861
0.012804136179196492
0.012829235221858741
0.01285331789931365
0.012876444569580744
0.012898670915689744
0.012920048388640738
0.012940624601052397
0.012960443677771502
0.012979546568823247
0.012997971329328558
0.013015753370377709
0.01303292568430929
0.013049519047384401
0.013065562202453765
0.013081082023880784
0.013096103666695863
0.013110650701710542
0.013124745238107076
0.01313840803483526
0.013151658601989056
0.01316451529319759
0.013176995389944813
0.013189115178627621
0.013200890021070649
0.013212334419136162
0.01322346207399725
0.013234285940580976
0.013244818277634022
0.01325507069381552
0.0132650541901797
0.013274779199373601
0.013284255621842114
0.013293492859303348
0.0133024998457311
0.013311285076058275
0.01331985663279419
0.013328222210730399
0.013336389139893184
0.013344364406885993
0.01335215467475201
0.01335976630147506
0.013367205357226492
0.013374477640455917
0.013381588692915312
0.013388543813697825
0.013395348072365958
0.01340200632123716
0.013408523206889239
0.013414903180942747
0.01342115051017276
0.013427269285998186
0.013433263433392805
0.013439136719258747
0.013444892760299795
0.013450535030429055
0.013456066867742741
0.013461491481089452
0.01346681195626204
0.013472031261837054
0.01347715225468503
0.013482177685172948
0.013487110202078816
0.013491952357236717
0.013496706609929455
0.01350137533104461
0.013505960807008735
0.013510465243513407
0.013514890769045843
0.013519239438235908
0.013523513235030635
0.013527714075706403
0.013531843811728516
0.013535904232467016
0.013539897067777145
0.013543823990452222
0.013547686618556272
0.0135514865176432
0.013555225202868861
0.013558904141002115
0.013562524752340295
0.013566088412534517
0.013569596454329596
0.013573050169223298
0.013576450809049168
0.013579799587487108
0.013583097681505417
0.013586346232737963
0.013589546348799848
0.013592699104544723
0.013595805543266788
0.013598866677850263
0.013601883491868992
0.013604856940638718
0.013607787952224327
0.013610677428404359
0.013613526245594833
0.0136163352557344
0.013619105287132699
0.013621837145283684
0.013624531613645588
0.013627189454389121
0.013629811409115393
0.013632398199545006
0.01363495052817959
0.013637469078937172
0.013639954517762447
0.013642407493213195
0.01364482863702391
0.013647218564647602
0.013649577875776841
0.013651907154844909
0.013654206971507953
0.013656477881108988
0.0136587204251245
0.013660935131594481
0.013663122515536506
0.013665283079344663
0.013667417313173832
0.013669525695310087
0.013671608692527676
0.013673666760433238
0.013675700343797715
0.013677709876876502
0.013679695783718346
0.013681658478463385
0.013683598365630805
0.013685515840396597
0.01368741128886165
0.013689285088310753
0.01369113760746274
0.013692969206712173
0.01369478023836288
0.013696571046853708
0.01369834196897672
0.013700093334088195
0.013701825464312685
0.013703538674740355
0.013705233273617957
0.013706909562533546
0.013708567836595305
0.013710208384604617
0.013711831489223598
0.013713437427137369
0.013715026469211154
0.0137165988806425
0.0137181549211087
0.013719694844909664
0.013721218901106398
0.013722727333655156
0.013724220381537582
0.0137256982788868
0.013727161255109789
0.01372860953500595
0.01373004333888225
0.013731462882664833
0.01373286837800736
0.013734260032396159
0.01373563804925226
0.013737002628030468
0.013738353964315542
0.013739692249915583
0.013741017672952764
0.0137423304179514
0.013743630665923575
0.008634264796743412
0.00907535699479666
0.00945271568475333
0.009778609261734614
0.010062506581159252
0.010311781646877285
0.01053223485575127
0.01072847564756086
0.010904203823227848
0.011062417592072993
0.011205568683844364
0.011335679052073652
0.011454429513573693
0.011563227711114111
0.011663260705156147
0.011755536034412293
0.011840914047272357
0.011920133566720836
0.011993832420430388
0.012062563983323605
0.012126810599248566
0.012186994541781196
0.012243487020765435
0.012296615626394905
0.012346670516042726
0.012393909583233127
0.012438562797767082
0.012480835867176316
0.012520913339540416
0.01255896124416208
0.012595129348097405
0.012629553091916589
0.012662355256447315
0.012693647402964343
0.012723531121826632
0.012752099118539105
0.01277943616132959
0.012805619910349588
0.012830721645348663
0.012854806905994002
0.012877936056796383
0.012900164786773114
0.012921544552456015
0.01294212297158213
0.012961944173741063
0.012981049113359077
0.012999475849646582
0.013017259797498782
0.013034433952798966
0.013051029095114497
0.013067073970383664
0.013082595455856445
0.013097618709264954
0.01311216730395207
0.013126263351474259
0.013139927613010364
0.013153179600749161
0.013166037670290287
0.013178519104972995
0.01319064019294253
0.013202416297672544
0.013213861922581916
0.013224990770314336
0.01323581579718729
0.01324634926326312
0.013256602778446772
0.013266587344973043
0.013276313396608487
0.013285790834860367
0.013295029062455591
0.013304037014326562
0.013312823186317619
0.013321395661805246
0.013329762136406544
0.01333792994093417
0.013345906062741088
0.013353697165585267
0.013361309608132574
0.013368749461205493
0.01337602252387563
0.013383134338489384
0.013390090204708287
0.013396895192638609
0.013403554155118229
0.013410071739223327
0.013416452397051888
0.013422700395836607
0.013428819827435177
0.01343481461724232
0.013440688532564131
0.013446445190492248
0.01345208806531233
0.01345762049547854
0.013463045690183598
0.013468366735551237
0.013473586600476348
0.013478708142135799
0.013483734111191487
0.013488667156705443
0.013493509830785375
0.013498264592977774
0.013502933814424434
0.013507519781797057
0.01351202470102372
0.013516450700819846
0.013520799836035597
0.013525074090830709
0.013529275381687019
0.01353340556026833
0.013537466416136528
0.013541459679332308
0.013545387022828335
0.0135492500648621
0.013553050371155347
0.013556789457026371
0.01356046878940127
0.013564089788729647
0.013567653830810086
0.013571162248530281
0.013574616333526437
0.013578017337766313
0.013581366475059909
0.013584664922501691
0.013587913821847913
0.01359111428083241
0.01359426737442405
0.013597374146028872
0.013600435608639671
0.013603452745935721
0.013606426513335178
0.013609357839002405
0.013612247624812602
0.013615096747275736
0.013617906058421773
0.01362067638664915
0.013623408537538153
0.013626103294630992
0.013628761420180074
0.013631383655866
0.013633970723486728
0.013636523325619192
0.013639042146254724
0.013641527851409391
0.013643981089710504
0.013646402492960254
0.013648792676677622
0.013651152240619458
0.013653481769281684
0.013655781832381503
0.013658052985321445
0.013660295769636049
0.013662510713421883
0.013664698331751747
0.013666859127073546
0.013668993589594714
0.01367110219765258
0.013673185418071426
0.013675243706506716
0.013677277507777058
0.0136792872561844
0.013681273375822933
0.013683236280877175
0.013685176375909679
0.013687094056138773
0.013688989707706739
0.013690863707938802
0.013692716425593304
0.013694548221103437
0.013696359446810788
0.01369815044719112
0.013699921559072584
0.013701673111846764
0.01370340542767273
0.013705118821674425
0.013706813602131626
0.01370849007066471
0.013710148522413498
0.013711789246210311
0.013713412524747566
0.01371501863474003
0.013716607847081966
0.013718180426999332
0.013719736634197253
0.0137212767230029
0.013722800942503959
0.01372430953668284
0.013725802744546784
0.01372728080025402
0.013728743933236105
0.013730192368316536
0.013731626325825884
0.013733046021713434
0.013734451667655537
0.013735843471160747
0.0137372216356719
0.013738586360665172
0.013739937841746283
0.013741276270743895
0.013742601835800328
0.013743914721459687
0.013745215108753442
0.008635283027478721
0.009076422885474009
0.009453822207512005
0.009779750779333463
0.010063678517499185
0.010312980245034683
0.010533456998737272
0.01072971872411783
0.010905465626194936
0.011063696240533615
0.01120686256282677
0.011336986765350759
0.011455749846345578
0.011564559600225368
0.011664603215116361
0.011756888337928963
0.011842275409324463
0.011921503331434574
0.011995210000190402
0.012063948849681393
0.012128202275285905
0.012188392595659698
0.012244891060249098
0.0122980252941757
0.012348085485732688
0.012395329555912635
0.012439987498999616
0.012482265044416392
0.012522346759874362
0.012560398692331862
0.012596570624766155
0.012630998012141306
0.012663803648329856
0.012695099106456342
0.012724985987667846
0.01275355700731172
0.012780896942613652
0.012807083461966913
0.012832187852684335
0.01285627566138612
0.012879407258986014
0.012901638340407483
0.012923020367638838
0.012943600963465866
0.012963424262156515
0.01298253122247824
0.013000959907675313
0.013018745736396125
0.01303592170802044
0.013052518605376939
0.013068565177449455
0.013084088304335315
0.013099113146431553
0.013113663279577992
0.01312776081767301
0.013141426524094172
0.013154679913096587
0.013167539342223597
0.013180022096644517
0.013192144466229173
0.013203921816077798
0.013215368651144716
0.013226498675524216
0.013237324846905305
0.013247859426648065
0.013258114025886334
0.013268099648019411
0.01327782672791814
0.013287305168137708
0.013296544372400115
0.013305553276583301
0.013314340377430662
0.013322913759174052
0.013331281118244888
0.01333944978623151
0.013347426751226202
0.013355218677692005
0.013362831924967533
0.013370272564517565
0.013377546396027232
0.013384658962429276
0.013391615563945889
0.013398421271219695
0.013405080937601942
0.01341159921066039
0.013417980542963979
0.013424229202196783
0.013430349280649326
0.01343634470413153
0.013442219240347969
0.013447976506772878
0.01345361997805937
0.013459152993014718
0.013464578761171062
0.013469900368978528
0.013475120785646007
0.013480242868652542
0.013485269368950937
0.013490202935883381
0.013495046121827479
0.013499801386589827
0.013504471101562977
0.013509057553660454
0.013513562949043599
0.01351798941665295
0.013522339011555968
0.0135266137181222
0.013530815453036141
0.013534946068157399
0.01353900735323709
0.013543001038498845
0.013546928797092229
0.013550792247425853
0.013554592955387003
0.013558332436454209
0.01356201215770867
0.013565633539750184
0.013569197958522803
0.013572706747055147
0.01357616119712
0.013579562560817481
0.013582912052085928
0.013586210848144273
0.013589460090869473
0.013592660888112486
0.013595814314955835
0.013598921414915869
0.013601983201092486
0.013605000657268971
0.013607974738964468
0.013610906374441484
0.013613796465670569
0.013616645889254344
0.013619455497312867
0.013622226118332139
0.013624958557977625
0.013627653599874369
0.013630312006355356
0.013632934519179605
0.013635521860221371
0.013638074732131869
0.013640593818974735
0.013643079786836453
0.013645533284412892
0.013647954943573045
0.01365034537990096
0.013652705193216886
0.013655034968078534
0.013657335274263337
0.01365960666723254
0.013661849688577917
0.013664064866451883
0.01366625271598166
0.013668413739668286
0.013670548427771014
0.01367265725867773
0.013674740699262066
0.013676799205227654
0.013678833221440131
0.013680843182247339
0.013682829511788308
0.013684792624291337
0.013686732924361747
0.01368865080725964
0.013690546659168114
0.013692420857452283
0.013694273770909466
0.013696105760010957
0.013697917177135588
0.013699708366795528
0.01370147966585454
0.013703231403739025
0.0137049639026421
0.013706677477721025
0.013708372437288155
0.013710049082995761
0.01371170771001485
0.013713348607208277
0.01371497205729834
0.013716578337029064
0.013718167717323326
0.013719740463435132
0.013721296835097058
0.013722837086663154
0.01372436146724744
0.013725870220858104
0.013727363586527661
0.013728841798439088
0.01373030508604818
0.013731753674202218
0.013733187783255052
0.013734607629178792
0.013736013423672158
0.013737405374265649
0.013738783684423593
0.013740148553643257
0.013741500177551035
0.013742838747995862
0.01374416445313995
0.013745477477546904
0.013746778002267326
0.0086362875034207
0.009077474377517164
0.009454913782734659
0.009780876876647884
0.010064834622624867
0.010314162651800424
0.010534662632261781
0.010730945008419125
0.010906710383928878
0.011064957616193092
0.011208138963256831
0.011338276813186113
0.011457052343197164
0.011565873497300058
0.011665927589561411
0.011758222373627857
0.01184361838118568
0.01192285459244459
0.011996568970672047
0.012065315008325035
0.012129575151616076
0.01218977176367178
0.01224627613300586
0.012299415919196043
0.012349481341037865
0.012396730346621166
0.012441392954382399
0.012483674915339613
0.012523760816570816
0.012561816722451465
0.012597992431664918
0.01263242341337465
0.01266523247432183
0.012696531199320703
0.012726421200160733
0.012754995201898729
0.012782337990636695
0.012808527242898333
0.012833634253457564
0.012857724575793676
0.012880858587136898
0.012903091988237051
0.01292447624646522
0.012945058989587758
0.012964884356487724
0.012983993310215141
0.013002423917993639
0.013020211602174096
0.013037389365585524
0.013053987994273843
0.013070036240227314
0.013085560986352114
0.013100587395674247
0.013115139046496709
0.013129238055028147
0.01314290518681518
0.013156159958151305
0.013169020728497327
0.013181504784827894
0.013193628418714114
0.013205406996860833
0.013216855025737082
0.013227986210868136
0.013238813511296
0.013249349189660985
0.013259604858309196
0.01326959152178871
0.013279319616059746
0.013288799044711254
0.013298039212446877
0.013307049056077332
0.013315837073232922
0.013324411348989318
0.013332779580581239
0.013340949100362244
0.01334892689715395
0.013356719636114924
0.013364333677247469
0.013371775092649963
0.01337904968261278
0.013386162990647075
0.013393120317528137
0.013399926734427695
0.01340658709520343
0.01341310604790804
0.01341948804557506
0.013425737356333844
0.013431858072901898
0.013437854121498737
0.01344372927022204
0.013449487136923453
0.01345513119661859
0.013460664788463063
0.013466091122323835
0.013471413284973038
0.013476634245929302
0.013481756862969773
0.013486783887334227
0.013491717968641227
0.013496561659534629
0.013501317420077628
0.013505987621910139
0.013510574552184232
0.013515080417291383
0.013519507346394195
0.013523857394774484
0.013528132547008784
0.013532334719981508
0.01353646576574542
0.013540527474238312
0.01354452157586428
0.013548449743947404
0.013552313597065092
0.013556114701267944
0.013559854572192559
0.013563534677073144
0.013567156436657658
0.01357072122703366
0.013574230381368789
0.013577685191570562
0.013581086909869675
0.013584436750331073
0.013587735890296455
0.013590985471761867
0.013594186602693804
0.013597340358286908
0.013600447782166354
0.013603509887537689
0.013606527658286786
0.01360950205003245
0.013612433991133982
0.01361532438365599
0.013618174104292523
0.013620984005252489
0.013623754915108286
0.013626487639609398
0.013629182962462575
0.013631841646080313
0.01363446443229897
0.013637052043068084
0.013639605181112138
0.0136421245305661
0.013644610757585912
0.01364706451093509
0.013649486422548507
0.01365187710807441
0.013654237167395587
0.01365656718513071
0.013658867731116624
0.013661139360872486
0.013663382616046552
0.013665598024846307
0.01366778610245268
0.013669947351419118
0.013672082262055981
0.013674191312801044
0.013676274970576621
0.013678333691133856
0.01368036791938477
0.013682378089722502
0.0136843646263303
0.013686327943479657
0.013688268445818079
0.013690186528646883
0.013692082578189432
0.013693956971850184
0.013695810078464918
0.013697642258542513
0.013699453864498532
0.013701245240881073
0.01370301672458902
0.013704768645083118
0.013706501324590085
0.013708215078300036
0.013709910214557473
0.013711587035046118
0.013713245834967754
0.013714886903215349
0.013716510522540689
0.013718116969716636
0.013719706515694334
0.013721279425755434
0.013722835959659587
0.01372437637178738
0.01372590091127878
0.013727409822167443
0.013728903343510792
0.013730381709516215
0.013731845149663444
0.013733293888823186
0.01373472814737228
0.013736148141305343
0.013737554082343173
0.013738946178037899
0.013740324631875071
0.013741689643372749
0.013743041408177722
0.01374438011815893
0.013745705961498201
0.01374701912277838
0.013748319783068952
0.008637278501376494
0.009078511760690864
0.009455990711232955
0.009781987864003841
0.010065975215132457
0.010315329193019446
0.010535852088571069
0.010732154838402421
0.010907938439458673
0.01106620206666036
0.011209398236884369
0.011339549551090792
0.011458337363070515
0.011567169764422198
0.0116672341934629
0.011759538509143255
0.011844943332953127
0.011924187722132523
0.011997909706381708
0.012066662835742004
0.012130929606577984
0.012191132425890351
0.012247642620736006
0.01230078788468644
0.012350858466630248
0.012398112341390944
0.012442779551233248
0.012485065868480739
0.012525155899318149
0.012563215725304357
0.01259939516061805
0.012633829688431589
0.012666642128182085
0.01269794407621664
0.012727837154824282
0.012756414098641006
0.012783759702526017
0.012809951651024342
0.01283506124627088
0.012859154048511985
0.01288229044120958
0.012904526130861672
0.0129259125901499
0.012946497451754333
0.01296632485911123
0.012985435779495706
0.013003868284057356
0.013021657798799866
0.013038837329955203
0.013055437666743368
0.013071487564116724
0.01308701390775262
0.013102041863270728
0.013116595011404181
0.013130695470640911
0.01314436400866745
0.01315762014378836
0.013170482237356165
0.013182967578126627
0.013195092459349309
0.013206872249312131
0.013218321455978503
0.0132294537862855
0.013240282200609962
0.013250818962855238
0.013261075686563449
0.013271063377416029
0.013280792472447955
0.013290272876268067
0.013299513994548484
0.013308524765020178
0.013317313686188461
0.013325888843961489
0.013334257936366523
0.013342428296512054
0.013350406913939256
0.013358200454492888
0.013365815278830028
0.013373257459674163
0.013380532797912771
0.013387646837627686
0.013394604880139849
0.013401411997143006
0.013408073042994462
0.013414592666225364
0.013420975320327596
0.01342722527386982
0.013433346619990788
0.013439343285314133
0.013445219038325339
0.013450977497248403
0.01345662213745659
0.013462156298449166
0.013467583190423424
0.013472905900469182
0.013478127398410662
0.013483250542319103
0.013488278083717407
0.013493212672496797
0.013498056861563811
0.013502813111234795
0.013507483793393707
0.01351207119542798
0.013516577523956116
0.013521004908359805
0.013525355404132355
0.013529630996054497
0.013533833601207888
0.013537965071835849
0.013542027198060348
0.013546021710463523
0.013549950282541622
0.013553814533038586
0.013557616028166151
0.013561356283716845
0.013565036767075845
0.013568658899137276
0.013572224056130275
0.013575733571359647
0.013579188736865819
0.013582590805008316
0.013585940989977
0.013589240469234681
0.013592490384894903
0.013595691845038137
0.013598845924969643
0.013601953668421967
0.013605016088704881
0.013608034169805485
0.01361100886744089
0.013613941110065895
0.013616831799837916
0.01361968181354118
0.01362249200347227
0.013625263198288821
0.0136279962038232
0.01363069180386279
0.0136333507608985
0.013635973816843006
0.013638561693720113
0.013641115094326594
0.013643634702867788
0.013646121185568166
0.013648575191257978
0.013650997351937103
0.013653388283317112
0.013655748585342508
0.01365807884269209
0.013660379625261324
0.013662651488626514
0.013664894974491625
0.013667110611118471
0.013669298913740989
0.0136714603849643
0.013673595515149215
0.01367570478278271
0.01367778865483513
0.013679847587104502
0.013681882024548604
0.013683892401605263
0.013685879142501349
0.013687842661550974
0.013689783363443264
0.013691701643520193
0.013693597888044851
0.013695472474460516
0.013697325771640907
0.013699158140131971
0.013700969932385534
0.013702761492985126
0.013704533158864286
0.013706285259517642
0.013708018117205057
0.013709732047149061
0.013711427357725875
0.013713104350650249
0.013714763321154323
0.01371640455816079
0.013718028344450506
0.013719634956824808
0.013721224666262709
0.013722797738073136
0.013724354432042469
0.01372589500257744
0.013727419698843663
0.013728928764899877
0.013730422439828093
0.013731900957859795
0.013733364548498312
0.013734813436637483
0.013736247842676809
0.013737667982633124
0.013739074068249
0.013740466307097916
0.013741844902686342
0.013743210054552868
0.0137445619583644
0.013745900806009612
0.013747226785689685
0.013748540082006454
0.013749840876048018
0.008638256290776173
0.009079535317037427
0.009457053285801702
0.009783084043456892
0.010067100605127272
0.010316480185852635
0.010537025691056759
0.010733348542999042
0.010909150126671277
0.011067429930280263
0.011210640726084721
0.011340805325101157
0.011459605255341537
0.011568448754025887
0.011668523382065563
0.011760837102311603
0.011846250624860442
0.011925503082955648
0.011999232571844792
0.012067992698385994
0.012132266008427381
0.012192474952258977
0.012248990894967086
0.012302141563663879
0.012352217236929901
0.012399475915965987
0.01244414766654753
0.01248643828201964
0.012526532387419107
0.012564596081259188
0.012600779193007354
0.012635217219658133
0.012668032993175357
0.012699338121285247
0.012729234236636463
0.012757814083316488
0.012785162464825008
0.012811357073621462
0.012836469219103615
0.012860564468194656
0.012883703210505183
0.012905941158204749
0.01292732978921476
0.012947916741063508
0.012967746161679764
0.01298685902250742
0.0130052933985697
0.013023084719474411
0.013040265994811121
0.013056868016931601
0.0130729195437128
0.013088447463566313
0.013103476944670902
0.013118031570157455
0.013132133460762791
0.01314580338628485
0.013159060867012438
0.013171924266164595
0.01318441087425445
0.013196536986187645
0.01320831797181408
0.013219768340571626
0.013230901800790333
0.013241731314164083
0.013252269145842438
0.013262526910547585
0.013272515615079215
0.013282245697532733
0.013291727063523266
0.01330096911967851
0.013309980804637432
0.013318770617768674
0.013327346645801796
0.013335716587546027
0.013343887776854737
0.013351867203979045
0.013359661535440784
0.013367277132543057
0.01337472006862614
0.013381996145166657
0.013389110906809502
0.013396069655413997
0.013402877463188956
0.013409539184984656
0.013416059469804299
0.013422442771592005
0.01342869335934991
0.013434815326632384
0.013440812600461777
0.013446688949706237
0.013452447992957138
0.013458093205940623
0.01346362792849503
0.013469055371143603
0.013474378621289577
0.01347960064905871
0.013484724312812408
0.013489752364352934
0.013494687453840531
0.01349953213444092
0.013504288866720223
0.013508960022803199
0.013513547890309476
0.013518054676081586
0.013522482509717378
0.013526833446918827
0.01353110947266814
0.013535312504241587
0.013539444394070517
0.013543506932458605
0.013547501850163676
0.013551430820851834
0.013555295463431346
0.013559097344272925
0.013562837979322957
0.013566518836115567
0.01357014133568911
0.01357370685441241
0.013577216725725608
0.013580672241800266
0.013584074655123037
0.013587425180007006
0.013590724994034506
0.013593975239434999
0.013597177024401424
0.013600331424348175
0.013603439483113738
0.013606502214110725
0.01360952060142611
0.013612495600873999
0.013615428141003427
0.01361831912406336
0.013621169426927027
0.013623979901977498
0.013626751377956518
0.013629484660778228
0.013632180534309559
0.01363483976111881
0.01363746308319395
0.013640051222632052
0.013642604882301224
0.013645124746476237
0.01364761148144917
0.01365006573611613
0.013652488142541122
0.013654879316498211
0.013657239857992776
0.013659570351762962
0.013661871367762061
0.013664143461622758
0.013666387175103994
0.013668603036521192
0.013670791561160571
0.013672953251678267
0.013675088598484837
0.013677198080115825
0.01367928216358896
0.01368134130474852
0.013683375948597441
0.013685386529617632
0.01368737347207902
0.013689337190337752
0.013691278089124018
0.013693196563819923
0.013695093000727744
0.013696967777329063
0.013698821262535025
0.013700653816928171
0.01370246579299609
0.01370425753535727
0.013706029380979451
0.013707781659390695
0.01370951469288356
0.013711228796712566
0.013712924279285228
0.013714601442346902
0.0137162605811597
0.01371790198467562
0.013719525935704222
0.013721132711074925
0.013722722581794234
0.01372429581319801
0.013725852665098983
0.013727393391929701
0.013728918242881066
0.013730427462036576
0.013731921288502503
0.013733399956534106
0.013734863695657988
0.013736312730790817
0.013737747282354454
0.013739167566387656
0.013740573794654471
0.01374196617474945
0.01374334491019971
0.013744710200564083
0.013746062241529333
0.013747401225003602
0.013748727339207172
0.013750040768760598
0.013751341694770368
0.008639221133916838
0.00908054532113228
0.009458101791484146
0.00978416570906581
0.010068211094504733
0.010317615939064186
0.010538183754548807
0.010734526442431997
0.01091034577061411
0.011068641536440063
0.011211866764168951
0.011342044472092357
0.011460856360136495
0.011569710809214623
0.011669795501209132
0.011762118501495722
0.011847540607604169
0.011926801027775262
0.01200053792193597
0.012069304953008904
0.01213358471567054
0.01219379970292702
0.012250321317390539
0.012303477319269807
0.012353558016444187
0.012400821436142573
0.012445497667339718
0.012487792524123936
0.012527890650134443
0.01256595816061439
0.012602144900117601
0.012636586379277734
0.012669405442419492
0.012700713708497543
0.012730612820383
0.01275919553148969
0.012786546653843378
0.01281274388771312
0.01283785854966337
0.012861956213205766
0.01288509727401814
0.012907337449866503
0.012928728223842664
0.012949317238258928
0.0129691486454771
0.012988263421054642
0.013006699643837126
0.01302449274698875
0.013041675743412227
0.01305827942854964
0.013074332563163791
0.013089862038364312
0.013104893024855187
0.013119449108133296
0.01313355241115457
0.013147223705800404
0.013160482514317569
0.013173347201766914
0.013185835060395659
0.0131979623867436
0.013209744552201934
0.013221196067663471
0.013232330642832793
0.013243161240703388
0.013253700127654519
0.01326395891957282
0.013273948624361435
0.013283679681162147
0.013293161996583064
0.013302404978194793
0.013311417565532266
0.013320208258816038
0.013328785145586192
0.01333715592542357
0.01334532793291655
0.013353308159016822
0.01336110327091429
0.013368719630549558
0.013376163311871508
0.013383440116938126
0.01339055559094989
0.013397515036297401
0.013404323525697691
0.013410985914487493
0.013417506852135814
0.013423890793033036
0.013430142006608997
0.013436264586828218
0.01344226246110647
0.013448139398689492
0.013453899018531175
0.013459544796705875
0.013465080073386506
0.01347050805941794
0.013475831842512697
0.013481054393094067
0.013486178569809784
0.013491207124737763
0.013496142708303719
0.013500987873929119
0.013505745082426556
0.013510416706158383
0.013515005032973385
0.013519512269935124
0.013523940546854765
0.013528291919640171
0.013532568373472375
0.013536771825819676
0.013540904129298958
0.01354496707439321
0.013548962392033587
0.013552891756053839
0.013556756785524354
0.013560559046972722
0.01356430005649717
0.013567981281778777
0.013571604143998222
0.013575170019662176
0.01357868024234431
0.013582136104345601
0.013585538858278127
0.013588889718576587
0.013592189862941237
0.013595440433715925
0.013598642539204578
0.013601797254929271
0.013604905624833023
0.01360796866242994
0.013610987351905534
0.013613962649169625
0.01361689548286423
0.013619786755328676
0.013622637343523982
0.013625448099918589
0.013628219853337216
0.013630953409774712
0.0136336495531765
0.013636309046187234
0.013638932630869183
0.013641521029391729
0.013644074944693357
0.013646595061117352
0.01364908204502252
0.013651536545369927
0.013653959194286885
0.013656350607609101
0.013658711385402044
0.013661042112462399
0.01366334335880053
0.01366561568010476
0.013667859618188272
0.013670075701419381
0.01367226444513591
0.01367442635204432
0.013676561912604274
0.013678671605399224
0.013680755897493662
0.01368281524477751
0.013684850092298254
0.013686860874581309
0.013688848015939083
0.013690811930769204
0.013692753023842392
0.013694671690580331
0.013696568317323979
0.013698443281592712
0.013700296952334611
0.013702129690168319
0.013703941847616714
0.013705733769332797
0.01370750579231803
0.013709258246133477
0.013710991453103963
0.013712705728515566
0.013714401380806686
0.013716078711752889
0.01371773801664584
0.013719379584466476
0.013721003698052663
0.013722610634261537
0.013724200664126746
0.013725774053010696
0.013727331060752145
0.01372887194180911
0.013730396945397436
0.013731906315625066
0.013733400291622205
0.01373487910766756
0.013736342993310727
0.013737792173490878
0.013739226868651944
0.013740647294854316
0.01374205366388324
0.01374344618335405
0.01374482505681424
0.01374619048384262
0.013747542660145542
0.013748881777650365
0.013750208024596207
0.013751521585622121
0.013752822641852708
0.008640173286197091
0.009081542040329401
0.00945913650582675
0.009785233147155483
0.010069306977220242
0.010318736753297617
0.010539326585596948
0.0107356888485022
0.010911525687785625
0.011069837205863922
0.0112130766756818
0.011343267320079484
0.011462091008636106
0.011570956264068039
0.01167105088763748
0.011763383045896206
0.011848813622657259
0.011928081900172138
0.012001826102196429
0.012070599946979767
0.012134886077384714
0.012195107028571638
0.012251634240185001
0.012304795505094737
0.012354881160093605
0.012402149258096207
0.012446829910971496
0.012489128953278118
0.012529231047013045
0.012567302323929243
0.012603492643468446
0.012637937529724051
0.012670759839219016
0.01270207120198877
0.012731973270992418
0.012760558808847453
0.012787912635993562
0.01281411246040669
0.012839229605723715
0.012863329651958055
0.01288647300077498
0.012908715375463339
0.01293010826421732
0.012950699314070335
0.012970532681758894
0.012989649346899928
0.013008087392111074
0.01302588225406615
0.013043066948937424
0.01305967227521663
0.013075726996514492
0.013091258006603174
0.013106290478678655
0.013120848000572694
0.013134952697431156
0.013148625343191465
0.013161885462032626
0.013174751420833047
0.013187240513551236
0.013199369038339653
0.013211152368110518
0.01322260501519244
0.01323374069064644
0.01324457235874853
0.013255112287091506
0.013265372092711124
0.01327536278459945
0.013285094802930917
0.013294578055293518
0.01330382195018838
0.013312835428034622
0.013321626989893502
0.013330204724104955
0.013338576331011298
0.013346749145926252
0.013354730160492843
0.013362526042560285
0.013370143154698281
0.013377587571456313
0.013384865095466074
0.013391981272476348
0.013398941405401987
0.013405750567461593
0.013412413614471933
0.013418935196361698
0.013425319767961661
0.013431571599123747
0.01343769478421721
0.013443693251046086
0.01344957076922873
0.013455330958076795
0.013460977294008242
0.013466513117526188
0.013471941639792883
0.013477265948826079
0.013482489015342672
0.013487613698272966
0.013492642749966897
0.013497578821112164
0.013502424465382612
0.01350718214383406
0.013511854229063345
0.013516443009145375
0.013520950691361847
0.013525379405734426
0.013529731208374172
0.013534008084658315
0.013538211952244661
0.013542344663933184
0.01354640801038383
0.013550403722698817
0.013554333474877308
0.013558198886149706
0.013562001523198416
0.013565742902271478
0.013569424491195022
0.01357304771129017
0.013576613939199615
0.013580124508628824
0.013583580712006466
0.01358698380206841
0.013590334993369355
0.013593635463725936
0.013596886355594891
0.013600088777389649
0.01360324380473858
0.013606352481687851
0.013609415821851715
0.013612434809512932
0.013615410400675786
0.01361834352407405
0.01362123508213621
0.01362408595190994
0.01362689698594791
0.013629669013156737
0.01363240283961091
0.013635099249333312
0.013637759005043944
0.013640382848878401
0.013642971503077427
0.013645525670648946
0.01364804603600387
0.013650533265566842
0.013652988008363051
0.013655410896582258
0.013657802546121024
0.013660163557104098
0.013662494514385951
0.013664795988033263
0.013667068533789257
0.013669312693520647
0.01367152899564796
0.013673717955559925
0.013675880076012673
0.013678015847514316
0.013680125748695605
0.013682210246667166
0.013684269797363964
0.013686304845877458
0.013688315826775991
0.013690303164413886
0.013692267273229721
0.0136942085580342
0.013696127414288072
0.013698024228370471
0.013699899377838057
0.013701753231675377
0.013703586150536693
0.013705398486979707
0.013707190585691476
0.01370896278370675
0.013710715410619153
0.013712448788785355
0.013714163233522581
0.013715859053299702
0.013717536549922093
0.013719196018710602
0.013720837748674705
0.013722462022680213
0.013724069117611615
0.013725659304529327
0.013727232848821984
0.013728790010354
0.013730331043608539
0.013731856197826058
0.013733365717138617
0.013734859840700053
0.01373633880281221
0.013737802833047357
0.013739252156366899
0.01374068699323653
0.013742107559737992
0.013743514067677463
0.013744906724690767
0.013746285734345519
0.01374765129624024
0.01374900360610062
0.013750342855872972
0.013751669233815015
0.013752982924584038
0.01375428410932254
0.008641112996342317
0.00908252573499716
0.00946015769912404
0.009786286636569469
0.010070388539548492
0.010319842921340954
0.010540454482741098
0.010736836064863553
0.010912690186414505
0.011071017250895796
0.011214270776687983
0.011344474188506912
0.011463309523367639
0.011572185443936574
0.011672289869295683
0.011764631065850666
0.011850070002570288
0.011929346034749589
0.012003097449138668
0.012071878018591189
0.012136170433526078
0.01219639727070709
0.01225293000632701
0.01230609646549017
0.012356187013524906
0.012403459728695854
0.012448144745466988
0.012490447918599799
0.012530553928209091
0.012568628922341915
0.012604822775133352
0.012639271023960643
0.012672096537385609
0.01270341095637963
0.012733315943857966
0.012761904271521516
0.012789260768113929
0.012815463149217322
0.012840582745448583
0.012864685143237953
0.012887830750159868
0.012910075294953874
0.012931470270849848
0.012952063329540601
0.012971898632080196
0.012991017162091983
0.013009457005916363
0.013027253603690912
0.01304443997481473
0.013061046920789361
0.013077103208036206
0.013092635732955186
0.013107669671201715
0.013122228612911908
0.013136334685392943
0.013150008664611421
0.013163270076653306
0.01317613729019083
0.013188627600871434
0.013200757308439151
0.01321254178730736
0.013223995551221682
0.013235132312581891
0.013245965036929732
0.013256505993055681
0.013266766799129599
0.013276758465218263
0.013286491432515223
0.013295975609575593
0.01330522040581884
0.013314234762536716
0.013323027181620192
0.01333160575219862
0.013339978175365818
0.013348151787151388
0.013356133579880648
0.013363930222053507
0.01337154807686055
0.013378993219444017
0.013386271453001801
0.013393388323823818
0.013400349135342347
0.013407158961270975
0.013413822657900252
0.013420344875612542
0.013426730069673242
0.013432982510350862
0.013439106292414092
0.013445105344050166
0.013450983435245173
0.013456744185663855
0.013462391072063318
0.01346792743527252
0.013473356486766981
0.013478681314865668
0.01348390489057526
0.013489030073104934
0.013494059615073103
0.013498996167426013
0.01350384228408659
0.013508600426350707
0.013513272967046616
0.013517862194472395
0.013522370316125031
0.01352679946223393
0.013531151689110694
0.013535428982326193
0.01353963325972525
0.01354376637428855
0.013547830116850677
0.013551826218682679
0.013555756353946975
0.013559622142031885
0.013563425149772601
0.01356716689356503
0.013570848841378453
0.013574472414672595
0.013578038990224401
0.013581549901869404
0.013585006442162303
0.013588409863961133
0.013591761381939037
0.013595062174027504
0.013598313382794672
0.013601516116762063
0.013604671451662935
0.013607780431645265
0.01361084407042214
0.013613863352372307
0.013616839233593261
0.013619772642909346
0.013622664482837043
0.013625515630509535
0.013628326938562637
0.013631099235983785
0.013633833328926067
0.013636530001488806
0.013639190016466386
0.01364181411606676
0.01364440302260109
0.013646957439145851
0.013649478050178685
0.013651965522189214
0.01365442050426591
0.013656843628660176
0.013659235511328615
0.013661596752454506
0.013663927936949326
0.01366622963493535
0.013668502402209983
0.013670746780692768
0.013672963298855754
0.013675152472137918
0.013677314803344408
0.013679450783031174
0.013681560889875613
0.013683645591033902
0.01368570534248546
0.013687740589365133
0.013689751766283644
0.01369173929763668
0.013693703597903228
0.013695645071933462
0.013697564115226681
0.01369946111419969
0.013701336446445965
0.013703190480986019
0.013705023578509275
0.013706836091607815
0.013708628365002293
0.013710400735760322
0.01371215353350766
0.013713887080632398
0.013715601692482506
0.013717297677556924
0.01371897533769046
0.013720634968232741
0.013722276858221425
0.0137239012905499
0.013725508542129651
0.013727098884047512
0.013728672581717997
0.013730229895030852
0.013731771078494048
0.013733296381372348
0.0137348060478216
0.013736300317018965
0.013737779423289125
0.013739243596226733
0.013740693060815119
0.013742128037541478
0.01374354874250861
0.01374495538754334
0.013746348180301744
0.013747727324371272
0.013749093019369909
0.01375044546104242
0.013751784841353837
0.013753111348580227
0.013754425167396877
0.013755726478963948
0.0086420405066212
0.00908349665874496
0.009461165634653886
0.009787326448912724
0.010071456060332652
0.010320934728381633
0.010541567736771255
0.010737968387287257
0.01091383956672795
0.011072181975771346
0.011215449375047322
0.01134566538852639
0.011464512218485694
0.011573398665724703
0.011673512765615495
0.011765862883121276
0.011851310071260945
0.011930593757424758
0.012004352290539463
0.012073139497353808
0.01213743811522568
0.01219767076198205
0.012254208949889538
0.012307380535868362
0.012357475913411953
0.012404753185805863
0.01244944250981573
0.01249174976014359
0.012531859634786865
0.012569938297875123
0.012606135638046051
0.012640587205788253
0.012673415881546109
0.012704733317084967
0.012734641185146993
0.012763232266398543
0.012790591397779428
0.01281679630237919
0.012841918317704095
0.012866023036517885
0.012889170872227473
0.012911417558952303
0.01293281459489258
0.012953409636340023
0.012973246848610186
0.012992367219280812
0.01301080883836676
0.013028607149424366
0.013045795175037683
0.013062403719678976
0.013078461552543847
0.01309399557262585
0.013109030958007898
0.013123591301100548
0.013137698731344237
0.013151374026708386
0.01316463671516117
0.013177505167145352
0.013189996679975374
0.013202127554966189
0.013213913168012816
0.013225368034259537
0.013236505867427459
0.013247339634307648
0.013257881604872703
0.013268143398411869
0.013278136026052673
0.013287869929994561
0.013297355019747202
0.013306600705636485
0.013315615929815467
0.013324409194994061
0.013332988591080775
0.01334136181991119
0.013349536218221473
0.013357518779010397
0.013365316171420108
0.013372934759254006
0.013380380618239401
0.013387659552133037
0.013394777107758934
0.013401738589060068
0.013408549070238605
0.013415213408052714
0.013421736253332543
0.013428122061772477
0.01343437510405219
0.013440499475334634
0.013446499104185258
0.013452377760953125
0.013458139065651473
0.013463786495372124
0.013469323391265695
0.013474752965116871
0.013480078305541938
0.013485302383833594
0.013490428059476277
0.013495458085353369
0.013500395112666326
0.013505241695583921
0.013510000295638955
0.013514673285888096
0.013519262954849686
0.013523771510233214
0.013528201082473136
0.013532553728078978
0.013536831432812747
0.013541036114703853
0.013545169626911347
0.013549233760442175
0.013553230246734032
0.01355716076011047
0.013561026920115675
0.01356483029373564
0.013568572397512232
0.013572254699556006
0.013575878621463505
0.013579445540144178
0.01358295678956193
0.013586413662395862
0.013589817411624593
0.013593169252038153
0.013596470361681405
0.01359972188323245
0.01360292492531949
0.013606080563779311
0.013609189842860362
0.013612253776373314
0.013615273348791628
0.013618249516304817
0.013621183207826609
0.013624075325960331
0.013626926747923585
0.013629738326434234
0.013632510890559491
0.013635245246530025
0.013637942178520612
0.013640602449399034
0.013643226801444676
0.013645815957038199
0.013648370619323738
0.01365089147284481
0.013653379184155164
0.013655834402405727
0.01365825775990875
0.013660649872680113
0.013663011340960832
0.013665342749718687
0.013667644669130796
0.01366991765504805
0.013672162249442147
0.01367437898083598
0.01367656836471812
0.013678730903942114
0.013680867089111091
0.013682977398948524
0.013685062300655536
0.013687122250255422
0.013689157692925863
0.013691169063319387
0.013693156785872532
0.013695121275104161
0.013697062935903398
0.013698982163807605
0.013700879345270763
0.01370275485792268
0.013704609070819374
0.01370644234468498
0.013708255032145494
0.01371004747795475
0.013711820019212787
0.013713572985577077
0.013715306699466736
0.013717021476260072
0.013718717624485711
0.013720395446007498
0.013722055236203474
0.01372369728413912
0.013725321872735032
0.013726929278929335
0.013728519773834956
0.013730093622891938
0.013731651086015038
0.01373319241773671
0.0137347178673457
0.01373622767902135
0.01373772209196383
0.013739201340520368
0.013740665654307708
0.013742115258330821
0.013743550373098126
0.013744971214733207
0.01374637799508327
0.013747770921824371
0.013749150198563546
0.013750516024937987
0.013751868596711295
0.013753208105866964
0.013754534740699178
0.013755848685900997
0.013757150122650007
0.008642956053053853
0.009084455058641125
0.009462160568903687
0.009788352848784961
0.010072509811223953
0.010322012452251485
0.010542666630977306
0.01073908610391593
0.01091497412120967
0.011073331676879322
0.011216612770679249
0.011346841223264358
0.01146569940004212
0.011574596238163228
0.011674719887789805
0.011767078811171233
0.011852534144292345
0.011931825385708632
0.01200559094572145
0.012074384704279423
0.01213868944507391
0.012198927826465408
0.012255471396329036
0.012308648042990502
0.012358748187745006
0.01240602995857627
0.012450723534263918
0.012493034809193304
0.012533148499013793
0.012571230783730028
0.012607431566295202
0.012641886410140177
0.012674718207438603
0.012706038620610562
0.012735949332098357
0.01276454313141817
0.012791904863600226
0.012818112259144664
0.012843236662358253
0.012867343672256552
0.012890493708003693
0.01291274250902964
0.012934141578440802
0.012954738577068477
0.012974577674434747
0.012993699862020746
0.01301214323346837
0.013029943235708642
0.01304713289446946
0.013063743017155512
0.013079802375700798
0.01309533787165905
0.013110374685509374
0.013124936411907437
0.013139045182399393
0.013152721776931664
0.013165985725330356
0.013178855399785926
0.013191348099258305
0.013203480126613102
0.01321526685920789
0.013226722813567533
0.013237861704717446
0.013248696500681894
0.013259239472600352
0.013269502240867015
0.013279495817656469
0.01328923064616109
0.01329871663683278
0.013307963200892163
0.013316979281342478
0.013325773381702035
0.013334353592648437
0.01334272761674946
0.013350902791438723
0.013358886110379766
0.013366684243348696
0.013374303554753813
0.013381750120899942
0.013389029746095488
0.013396147977691671
0.013403110120135594
0.013409921248111682
0.013416586218839692
0.013423109683591783
0.013429496098485802
0.013435749734607278
0.013441874687508334
0.01344787488612776
0.013453754101172912
0.013459515953001018
0.013465163919034327
0.01347070134074093
0.013476131430210706
0.013481457276353432
0.013486681850744125
0.013491808013138925
0.013496838516682794
0.013501776012829071
0.013506623055989223
0.013511382107929926
0.013516055541933308
0.01352064564673515
0.01352515463025468
0.013529584623128772
0.013533937682062324
0.013538215793005993
0.013542420874171433
0.013546554778893731
0.013550619298349983
0.013554616164142375
0.013558547050753517
0.013562413577881446
0.013566217312661031
0.013569959771778183
0.013573642423482937
0.013577266689506873
0.013580833946890242
0.013584345529723662
0.013587802730809034
0.013591206803243995
0.013594558961933973
0.013597860385035732
0.013601112215335913
0.013604315561568027
0.013607471499671049
0.013610581073992628
0.013613645298439718
0.0136166651575793
0.013619641607691713
0.01362257557777891
0.013625467970529957
0.013628319663245781
0.013631131508725225
0.013633904336114258
0.013636638951720119
0.013639336139792076
0.013641996663270366
0.013644621264504869
0.013647210665944858
0.013649765570801265
0.013652286663682605
0.013654774611205941
0.013657230062583868
0.013659653650188675
0.013662045990094754
0.01366440768260014
0.01366673931272815
0.013669041450710073
0.013671314652449583
0.013673559459969856
0.013675776401843974
0.013677965993609476
0.013680128738167652
0.013682265126168242
0.013684375636380173
0.013686460736048938
0.013688520881241149
0.01369055651717676
0.013692568078549579
0.01369455598983646
0.01369652066559562
0.013698462510754647
0.013700381920888457
0.013702279282487743
0.013704154973218169
0.013706009362170805
0.013707842810104034
0.01370965566967736
0.013711448285677335
0.013713220995236025
0.013714974128042207
0.013716708006545609
0.0137184229461545
0.013720119255426797
0.013721797236255013
0.01372345718404525
0.01372509938789042
0.013726724130738003
0.013728331689552422
0.013729922335472346
0.013731496333963023
0.0137330539449639
0.013734595423031595
0.01373612101747853
0.013737630972507239
0.0137391255273406
0.013740604916348102
0.013742069369168285
0.013743519110827503
0.013744954361855096
0.013746375338395187
0.013747782252315089
0.013749175311310582
0.013750554719008042
0.013751920675063613
0.013753273375259485
0.013754613011597389
0.013755939772389389
0.013757253842346075
0.01375855540266225
0.008643859865611975
0.009085401175422409
0.009463142751787886
0.009789366094005027
0.010073550056912026
0.010323076363662361
0.010543751441389271
0.010740189495507958
0.010916094134847867
0.011074466643012907
0.011217761255817135
0.011348001988079016
0.01146687136624554
0.011575778462071067
0.011675911539036517
0.011768279155430557
0.01185374252914061
0.011933041228975295
0.012006813725823944
0.012075613952153216
0.012139924737394083
0.01220016877992108
0.012256717662761426
0.012309899305243798
0.012360004156108852
0.012407290367721913
0.01245198814059446
0.012494303388542866
0.012534420844642215
0.012572506704568758
0.012608710885407704
0.012643168963366301
0.012676003842197135
0.012707327194838473
0.012737240713308423
0.012765837195859556
0.012793201495508843
0.012819411350072012
0.012844538110569199
0.012868647382187626
0.012891799589774879
0.012914050478003362
0.012935451554822817
0.01295605048554594
0.012975891443847412
0.012995015425061741
0.01301346052641137
0.013031262198158755
0.01304845346913535
0.013065065149640669
0.013081126014312027
0.013096662967230518
0.013111701191240721
0.013126264283214638
0.013140374376777167
0.01315405225382638
0.013167317446022505
0.013180188327281288
0.013192682198187058
0.01320481536313622
0.013216603200930137
0.013228060229456568
0.013239200165028527
0.013250035976887665
0.013260579937325379
0.013270843667826646
0.013280838181599697
0.013290573922817114
0.013300060802860949
0.013309308233835094
0.013318325159582091
0.013327120084418255
0.01333570109978045
0.013344075908959252
0.013352251850076801
0.013360235917452879
0.013368034781489416
0.013375654807191883
0.013383102071435216
0.013390382379072384
0.013397501277975076
0.013404464073088049
0.013411275839571805
0.013417941435101784
0.01342446551138649
0.01343085252496179
0.013437106747313868
0.013443232274379054
0.013449233035464664
0.01345511280163177
0.013460875193577183
0.013466523689049326
0.01347206162982972
0.013477492228309521
0.013482818573688212
0.013488043637819542
0.013493170280727856
0.013498201255816333
0.01350313921478699
0.013507986712290863
0.013512746210325503
0.013517420082395615
0.013522010617451624
0.013526520023619825
0.013530950431736896
0.013535303898700618
0.013539582410647885
0.013543787885970233
0.013547922178176543
0.013551987078611893
0.013555984319040832
0.013559915574103003
0.013563782463648325
0.013567586554958606
0.013571329364861991
0.013575012361746186
0.013578636967476087
0.013582204559221064
0.013585716471196834
0.01358917399632651
0.013592578387825228
0.013595930860712337
0.013599232593255066
0.013602484728347207
0.013605688374826227
0.013608844608731983
0.013611954474510047
0.01361501898616243
0.013618039128348434
0.013621015857438048
0.013623950102520335
0.013626842766368991
0.013629694726367195
0.01363250683539375
0.013635279922672359
0.013638014794585856
0.013640712235457035
0.013643373008297665
0.013645997855527225
0.013648587499662721
0.013651142643981002
0.013653663973154782
0.01365615215386361
0.013658607835380948
0.013661031650138369
0.013663424214268026
0.013665786128124226
0.01366811797678514
0.013670420330535508
0.013672693745331126
0.013674938763245974
0.013677155912902694
0.013679345709887158
0.013681508657147793
0.013683645245380334
0.013685755953398597
0.01368784124849189
0.013689901586769552
0.01369193741349329
0.013693949163397667
0.01369593726099931
0.01369790212089532
0.01369984414805123
0.013701763738079053
0.013703661277505691
0.01370553714403223
0.013707391706784328
0.0137092253265542
0.013711038356034391
0.013712831140043787
0.013714604015746056
0.013716357312860871
0.0137180913538682
0.013719806454205865
0.013721502922460719
0.013723181060553567
0.0137248411639182
0.013726483521674639
0.01372810841679688
0.013729716126275313
0.013731306921274016
0.013732881067283126
0.013734438824266459
0.01373598044680449
0.013737506184233009
0.01373901628077745
0.013740510975683103
0.013741990503341434
0.01374345509341251
0.013744904970943769
0.013746340356485235
0.01374776146620128
0.013749168511979087
0.013750561701533895
0.01375194123851117
0.013753307322585773
0.013754660149558248
0.013755999911448318
0.013757326796585695
0.013758640989698291
0.013759942671997885
0.008644752168411329
0.009086335243695507
0.00946411242685715
0.009790366435826696
0.010074577055346487
0.010324126726432731
0.010544822437008362
0.010741278835672491
0.010917199885373801
0.01107558715561144
0.011218895115252906
0.011349147970807535
0.01146802840771098
0.011576945630607054
0.011677088014852361
0.011769464213551777
0.011854935525452266
0.01193424158872089
0.01200802093406337
0.012076827545795553
0.012141144298505543
0.012201393930072319
0.012257948058227532
0.012311134632908005
0.012361244129950318
0.012408534725790904
0.012453236642396316
0.012495555812766526
0.012535676987180389
0.01257376637678618
0.012609973912621177
0.012644435183506277
0.012677273104625561
0.012708599359301513
0.012738515649006112
0.012767114780617045
0.01279448161503632
0.012820693897302105
0.012845822985062377
0.012869934489597452
0.012893088841365974
0.012915341790216032
0.012936744848879005
0.012957345687091924
0.012977188482629198
0.012996314234629614
0.013014761043850579
0.013032564363843542
0.013049757226504009
0.013066370444989431
0.013082432796606022
0.013097971187930053
0.013113010804141447
0.013127575244300319
0.013141686644083835
0.013155365787316861
0.013168632207470391
0.013181504280163486
0.013193999307584199
0.013206133595640216
0.01321792252455831
0.013229380613571796
0.013240521580264859
0.013251358395081049
0.013261903331449013
0.01327216801193062
0.013282163450754586
0.013291900093061202
0.013301387851150835
0.0133106361379994
0.013319653898278038
0.013328449637090924
0.013337031446624507
0.013345407030882953
0.01335358372866816
0.013361568534947792
0.013369368120741635
0.013376988851644716
0.013384436805094827
0.013391717786482585
0.013398837344193497
0.013405800783663635
0.01341261318052353
0.01341927939289849
0.01342580407292781
0.01343219167756005
0.013438446478676968
0.013444572572594172
0.013450573888982843
0.013456454199253242
0.013462217124437452
0.013467866142605917
0.013473404595849585
0.013478835696857051
0.01348416253511384
0.013489388082748847
0.013494515200051228
0.013499546640679094
0.013504485056579963
0.013509333002641389
0.013514092941088868
0.013518767245646837
0.013523358205477636
0.013527868028911982
0.013532298846983822
0.013536652716781365
0.013540931624625361
0.013545137489084941
0.013549272163840574
0.01355333744040317
0.013557335050697582
0.013561266669518476
0.013565133916865722
0.013568938360166208
0.01357268151638849
0.013576364854056194
0.013579989795165828
0.013583557717014246
0.013587069953940661
0.01359052779898787
0.013593932505487004
0.013597285288569875
0.013600587326612774
0.013603839762615283
0.013607043705517501
0.01361020023145888
0.013613310384981665
0.013616375180181724
0.01361939560180949
0.013622372606323471
0.013625307122898726
0.013628200054392503
0.013631052278269187
0.013633864647486522
0.013636637991344958
0.013639373116301957
0.013642070806752908
0.013644731825780196
0.013647356915872011
0.013649946799612232
0.013652502180342793
0.013655023742799774
0.013657512153724426
0.013659968062450298
0.0136623921014675
0.013664784886965198
0.013667147019353263
0.013669479083764017
0.013671781650534972
0.01367405527567338
0.013676300501303387
0.013678517856096556
0.013680707855686466
0.0136828710030681
0.0136850077889826
0.013687118692288096
0.01368920418031713
0.013691264709221263
0.013693300724303404
0.01369531266033834
0.013697300941881995
0.01369926598356983
0.013701208190404855
0.013703127958035691
0.013705025673025019
0.013706901713108866
0.013708756447447058
0.013710590236865189
0.013712403434088449
0.013714196383967626
0.0137159694236976
0.013717722883028546
0.013719457084470275
0.013721172343489803
0.01372286896870253
0.01372454726205721
0.01372620751901497
0.013727850028722587
0.013729475074180236
0.01373108293240394
0.013732673874582872
0.013734248166231743
0.013735806067338407
0.013737347832506911
0.013738873711096118
0.013740383947354051
0.013741878780548153
0.013743358445091563
0.013744823170665612
0.013746273182338556
0.013747708700680828
0.013749129941876805
0.013750537117833271
0.013751930436284695
0.01375331010089538
0.013754676311358665
0.013756029263493211
0.013757369149336509
0.013758696157235704
0.013760010471935792
0.013761312274665328
0.008645633179896955
0.009087257492130914
0.00946506983149963
0.009791354119146318
0.010075591057950072
0.010325163797705676
0.01054587988002926
0.010742354391095572
0.01091829164349131
0.011076693488993001
0.0112200146265724
0.011350279452003943
0.011469170807700012
0.011578098029512218
0.011678249603257104
0.011770634275655893
0.011856113425291854
0.011935426758812775
0.012009212865983821
0.012078025782313907
0.012142348426976805
0.012202603576856024
0.012259162883948488
0.012312354328411823
0.012362468412835646
0.012409763337422886
0.012454469345323675
0.012496792388478804
0.012536917234153205
0.012575010108771384
0.012611220957146119
0.012645685380552347
0.012678526305460975
0.012709855425447298
0.012739774451317527
0.012768376198465332
0.012795745535577954
0.01282196021482461
0.012847091600397263
0.012871205309592196
0.01289436177840811
0.012916616761803282
0.012938021777230226
0.01295862449879432
0.012978469108317804
0.012997596608695624
0.013016045104175398
0.01303385005155596
0.013051044485758083
0.013067659222761001
0.013083723042506046
0.013099262854033083
0.013114303844827844
0.013128869616110851
0.013142982305585572
0.013156662698979294
0.013169930331550853
0.013182803580601067
0.01319529974990142
0.01320743514685176
0.013219225153086232
0.013230684289166666
0.013241826273932347
0.013252664079013515
0.013263209978961663
0.013273475597401937
0.013283471949570611
0.013293209481563453
0.013302698106587513
0.013311947238479699
0.013320965822729267
0.013329762365218283
0.01333834495887328
0.013346721308403007
0.013354898753280501
0.01336288428911311
0.013370684587530669
0.013378306014710298
0.013385754648645515
0.013393036295257772
0.013400156503439908
0.013407120579113092
0.013413933598371933
0.013420600419785912
0.013427125695919657
0.013433513884129222
0.013439769256686905
0.013445895910282807
0.013451897774947368
0.013457778622435617
0.013463542074110671
0.01346919160836091
0.013474730567582808
0.013480162164758629
0.013485489489656305
0.01349071551467642
0.013495843100369576
0.013500875000645588
0.01350581386769437
0.013510662256637012
0.013515422629924046
0.01352009736149689
0.013524688740727098
0.013529198976147228
0.013533630198986004
0.013537984466519635
0.013542263765250424
0.013546470013922837
0.013550605066386766
0.01355467071431684
0.013558668689796207
0.013562600667772585
0.013566468268393892
0.013570273059230267
0.013574016557388897
0.013577700231527606
0.01358132550377286
0.013584893751547375
0.013588406309312299
0.01359186447022859
0.013595269487741915
0.01359862257709513
0.0136019249167722
0.013605177649877155
0.013608381885451435
0.013611538699732828
0.013614649137359025
0.013617714212518556
0.013620734910051844
0.01362371218650479
0.01362664697113736
0.0136295401668893
0.013632392651305178
0.01363520527742067
0.013637978874612
0.013640714249410322
0.013643412186282698
0.013646073448381237
0.01364869877826197
0.013651288898574799
0.013653844512725919
0.013656366305513978
0.013658854943741154
0.013661311076800318
0.013663735337239365
0.01366612834130377
0.013668490689458256
0.013670822966888608
0.013673125743984446
0.013675399576803826
0.013677645007520426
0.013679862564854105
0.013682052764485565
0.013684216109455735
0.013686353090550597
0.01368846418667203
0.013690549865195271
0.01369261058231356
0.013694646783370491
0.013696658903180569
0.013698647366338513
0.013700612587517657
0.013702554971758023
0.013704474914744367
0.013706372803074695
0.013708249014519544
0.013710103918272465
0.013711937875192017
0.013713751238035615
0.013715544351685555
0.01371731755336751
0.013719071172861797
0.013720805532707683
0.013722520948401009
0.013724217728585363
0.013725896175237092
0.013727556583844312
0.013729199243580207
0.013730824437470823
0.01373243244255748
0.01373402353005413
0.013735597965499731
0.013737156008905897
0.013738697914899942
0.01374022393286349
0.013741734307066891
0.01374322927679944
0.0137447090764957
0.013746173935857978
0.013747624079975089
0.013749059729437619
0.013750481100449689
0.013751888404937455
0.013753281850654348
0.013754661641283288
0.013756027976535853
0.013757381052248586
0.013758721060476532
0.01376004818958403
0.01376136262433296
0.013762664545968438
0.008646503113021356
0.009088168143649477
0.009466015197134619
0.009792329382702579
0.010076592309823756
0.010326187828158681
0.010546924026054023
0.010743416421757662
0.01091936967309764
0.011077785910578203
0.011221120060381808
0.011351396705167981
0.011470298842351847
0.011579235937342874
0.0116793965850285
0.011771789624569061
0.011857276513380192
0.011936597025729266
0.012010389809698197
0.01207920895134522
0.012143537413869112
0.012203798012667426
0.012260362433571462
0.012313558686579625
0.012363677300698152
0.0124109764995976
0.012455686547345288
0.012498013414584652
0.012538141885353094
0.012576238201159249
0.012612452320418178
0.01264691985670224
0.012679763747627231
0.012711095696892338
0.012741017424520608
0.012769621754314618
0.012796993562648948
0.012823210608734181
0.012848344263223965
0.012872460149354913
0.012895618708596113
0.012917875700951775
0.012939282648536162
0.01295988722976808
0.012979733630466696
0.012998862857235872
0.013017313017769566
0.01303511957207315
0.013052315558054613
0.013068931794479502
0.013084997063891119
0.013100538277761952
0.01311558062585454
0.013130147711522648
0.013144261674470564
0.013157943302304066
0.013171212132047354
0.013184086542661864
0.013196583839482598
0.013208720331382786
0.013220511401386262
0.013231971571366657
0.013243114561402583
0.013253953344296028
0.013264500195707235
0.013274766740311238
0.01328476399433921
0.013294502404830367
0.013303991885887061
0.013313241852196348
0.013322261250055319
0.01333105858611414
0.01333964195403014
0.013348019059207768
0.01335619724178278
0.01336418349799416
0.013371984500074107
0.013379606614774527
0.013387055920637669
0.013394338224109155
0.013401459074582766
0.013408423778458672
0.01341523741228972
0.013421904835083981
0.013428430699826077
0.013434819464274408
0.013441075401086924
0.013447202607323502
0.01345320501336932
0.013459086391319852
0.013464850362865061
0.013470500406707293
0.01347603986554468
0.013481471952649477
0.01348679975806848
0.013492026254470529
0.013497154302664394
0.01350218665680842
0.013507125969331884
0.013511974795586454
0.013516735598244895
0.013521410751462844
0.013526002544818465
0.013530513187043618
0.013534944809559336
0.013539299469827484
0.013543579154529613
0.013547785782583345
0.01355192120800584
0.013555987222633405
0.013559985558705481
0.01356391789132092
0.013567785840773831
0.01357159097477579
0.013575334810570876
0.013579018816949435
0.013582644416166238
0.01358621298576829
0.013589725860337139
0.013593184333150429
0.013596589657766903
0.013599943049539074
0.013603245687057234
0.013606498713528543
0.0136097032380945
0.013612860337089996
0.013615971055246966
0.01361903640684545
0.013622057376814718
0.013625034921786967
0.013627969971106003
0.013630863427793032
0.013633716169471788
0.013636529049254909
0.013639302896593443
0.013642038518091308
0.013644736698286329
0.013647398200399466
0.013650023767053746
0.013652614120964253
0.01365516996560065
0.013657691985823351
0.013660180848494694
0.013662637203066125
0.013665061682142616
0.013667454902025224
0.013669817463232842
0.013672149951004046
0.013674452935779912
0.013676726973668655
0.013678972606892856
0.01368119036422008
0.013683380761377541
0.013685544301451549
0.013687681475272356
0.013689792761785044
0.013691878628407005
0.013693939531372639
0.013695975916065702
0.013697988217339935
0.01369997685982834
0.013701942258241673
0.013703884817656484
0.013705804933793227
0.013707702993284773
0.013709579373935736
0.013711434444972973
0.013713268567287596
0.013715082093668837
0.013716875369030098
0.013718648730627475
0.01372040250827103
0.013722137024529126
0.013723852594926055
0.013725549528133254
0.0137272281261543
0.013728888684503969
0.013730531492381527
0.013732156832838547
0.013733764982941335
0.01373535621392831
0.013736930791362388
0.013738488975278625
0.013740031020327306
0.013741557175912552
0.01374306768632674
0.013744562790880755
0.013746042724030304
0.013747507715498403
0.013748957990394177
0.013750393769328111
0.013751815268523832
0.013753222699926598
0.013754616271308584
0.013755996186371081
0.013757362644843679
0.013758715842580593
0.013760055971654181
0.013761383220445778
0.013762697773733928
0.013763999812780085
0.008647362175416057
0.009089067415601969
0.009466948749398968
0.009793292459268837
0.0100775810499442
0.010327199062205568
0.010547955124297986
0.010744465181143109
0.01092043423149602
0.011078864681105602
0.01122221168052567
0.01135249999696544
0.011471412780905785
0.011580359625695022
0.011680529233928472
0.011772930536050429
0.011858425067323757
0.011937752668790397
0.012011552046120276
0.01208037733528924
0.012144711542970922
0.012204977522595622
0.012261546993406208
0.012314747994868962
0.012364871082076609
0.012412174501874085
0.012456888538984502
0.012499219182520213
0.012539351233081506
0.01257745094707264
0.012613668296340967
0.012648138906602603
0.012680985726478959
0.012712320469666596
0.012742244865290237
0.012770851745456266
0.012798225994130535
0.012824445377477001
0.012849581272530258
0.012873699308393015
0.012896859931936375
0.012919118908147422
0.01294052776374394
0.012961134181404226
0.012980982350894447
0.01300011328248103
0.013018565087261194
0.013036373228406783
0.013053570746775687
0.013070188463884923
0.013086255164847266
0.013101797763537423
0.013116841451966278
0.01313140983559419
0.01314552505610127
0.013159207902948299
0.013172477914902787
0.013185353472566034
0.013197851882817016
0.013209989455983947
0.01322178157646297
0.013233242767423135
0.013244386750166879
0.013255226498653315
0.013265774289637561
0.013276041748831423
0.01328603989344855
0.013295779171459823
0.013305269497851678
0.013314520288150722
0.013323540489451778
0.013332338609163512
0.01334092274166491
0.013349300593047442
0.01335747950410129
0.013365466471689177
0.013373268168638156
0.013380890962267716
0.013388340931661993
0.013395623883784225
0.013402745368522876
0.013409710692751129
0.013416524933474339
0.013423192950133703
0.013429719396128564
0.01343610872961466
0.013442365223630764
0.013448492975601911
0.01345449591626358
0.013460377818047431
0.013466142302966212
0.013471792850032284
0.013477332802241686
0.013482765373153034
0.013488093653088493
0.013493320614981822
0.013498449119896727
0.013503481922236979
0.01350842167466822
0.013513270932769827
0.013518032159434
0.013522707729027948
0.01352729993133384
0.013531810975280344
0.013536242992478416
0.013540598040573247
0.013544878106423408
0.013549085109117487
0.013553220902837854
0.013557287279580452
0.013561285971739067
0.0135652186545618
0.013569086948487111
0.013572892421366268
0.01357663659057852
0.013580320925045065
0.0135839468471474
0.013587515734555248
0.013591028921969065
0.013594487702781705
0.013597893330663602
0.01360124702107553
0.013604549952712786
0.013607803268884376
0.01361100807883061
0.013614165458982263
0.01361727645416434
0.013620342078747237
0.013623363317747966
0.013626341127883952
0.01362927643858178
0.013632170152943103
0.01363502314866984
0.013637836278950616
0.013640610373310373
0.013643346238424883
0.013646044658901856
0.013648706398030239
0.013651332198499202
0.013653922783088223
0.013656478855329616
0.013659001100144813
0.013661490184455538
0.0136639467577711
0.013666371452752818
0.013668764885756642
0.01367112765735496
0.013673460352838476
0.013675763542699082
0.013678037783094522
0.013680283616295683
0.01368250157111722
0.013684692163332283
0.013686855896072
0.013688993260210343
0.013691104734735046
0.013693190787105142
0.013695251873595663
0.013697288439630041
0.013699300920100747
0.013701289739678603
0.013703255313111305
0.01370519804551148
0.013707118332634835
0.01370901656114867
0.013710893108891259
0.013712748345122334
0.013714582630765157
0.01371639631864038
0.013718189753692128
0.013719963273206537
0.013721717207023037
0.013723451877738725
0.013725167600905995
0.013726864685223779
0.013728543432722545
0.013730204138943398
0.013731847093111356
0.013733472578303199
0.01373508087160992
0.013736672244294087
0.013738246961942271
0.013739805284612685
0.013741347466978296
0.01374287375846544
0.01374438440338825
0.013745879641078927
0.01374735970601405
0.013748824827937104
0.013750275231977263
0.013751711138764656
0.013753132764542167
0.013754540321273928
0.013755934016750628
0.013757314054691694
0.013758680634844502
0.013760033953080713
0.013761374201489783
0.013762701568469843
0.013764016238815876
0.013765318393805485
0.008648210569556725
0.009089955519941944
0.009467870708326557
0.00979424357583824
0.010078557511353812
0.01032819773819088
0.01054897341778797
0.010745500916441721
0.010921485569600334
0.011079930054839083
0.011223289744296726
0.011353589587440241
0.011472512885915357
0.011581469359420369
0.011681647816920868
0.011774057279011464
0.011859559357835454
0.0119388939603801
0.012012699849188142
0.012081531209533125
0.012145871091023615
0.012206142384650343
0.012262716842652803
0.012315922533599184
0.012366050038344758
0.012413357626621015
0.01245807560355034
0.012500409976484652
0.012540545562381412
0.012578648632355527
0.012614869171519827
0.012649342817583361
0.012682192530036494
0.012713530032448992
0.012743457062934211
0.012772066461799222
0.01279944312050689
0.012825664812088185
0.012850802919879396
0.012874923078776471
0.012898085740985462
0.012920346676414427
0.012941757416327498
0.012962365647609579
0.01298221556392481
0.013001348179156698
0.013019801607763459
0.01303761131604409
0.013054810347769728
0.013071429527174721
0.01308749764190938
0.013103041608220806
0.013118086620340315
0.013132656285808692
0.013146772748257318
0.013160456798978964
0.01317372797846279
0.013186604668929592
0.013199104178783144
0.013211242819788582
0.01322303597769731
0.013234498176957711
0.013245643140080851
0.013256483842168588
0.01326703256105733
0.013277300923482782
0.01328729994762885
0.013297040082386509
0.01330653124361533
0.013315782847671011
0.013324803842436207
0.013333602736068678
0.013342187623660101
0.01335056621198043
0.013358745842466137
0.013366733512595961
0.013374535895784401
0.01338215935991149
0.01338960998459652
0.013396893577313914
0.013404015688440674
0.013410981625317125
0.013417796465395516
0.013424465068544778
0.013430992088573835
0.01343738198403082
0.013443639028330604
0.013449767319258846
0.013455770787896983
0.013461653207008678
0.013467418198925444
0.01347306924296583
0.013478609682420067
0.013484042731129579
0.013489371479688483
0.013494598901292162
0.013499727857256092
0.013504761102226428
0.013509701289102238
0.013514550973687773
0.013519312619091964
0.013523988599890936
0.013528581206068351
0.013533092646747232
0.013537525053726109
0.013541880484831206
0.01354616092709592
0.013550368299777703
0.013554504457222047
0.013558571191582578
0.0135625702354055
0.013566503264086302
0.013570371898206025
0.013574177705753863
0.01357792220424257
0.013581606862722589
0.013585233103700542
0.013588802304967364
0.013592315801340928
0.01359577488632788
0.013599180813708946
0.013602534799051828
0.01360583802115552
0.013609091623429607
0.01361229671521198
0.013615454373028114
0.013618565641794925
0.01362163153597205
0.013624653040663147
0.013627631112669802
0.013630566681500363
0.013633460650335927
0.013636313896955621
0.01363912727462313
0.013641901612936358
0.01364463771864204
0.0136473363764169
0.013649998349617037
0.01365262438099695
0.013655215193399687
0.013657771490419454
0.013660293957037932
0.013662783260235505
0.013665240049578618
0.013667664957784233
0.013670058601262525
0.013672421580638704
0.01367475448125496
0.01367705787365336
0.013679332314040567
0.013681578344735174
0.013683796494598343
0.013685987279448596
0.013688151202461307
0.01369028875455363
0.013692400414755435
0.013694486650566861
0.013696547918303078
0.013698584663426697
0.013700597320868427
0.01370258631533647
0.013704552061614975
0.013706494964852217
0.0137084154208387
0.01371031381627574
0.013712190529034843
0.013714045928408218
0.013715880375350872
0.013717694222714485
0.013719487815473524
0.013721261490943791
0.013723015578993726
0.013724750402248801
0.013726466276289161
0.013728163509840886
0.013729842404961015
0.01373150325721664
0.013733146355858216
0.013734771983987426
0.013736380418719628
0.013737971931341252
0.013739546787462222
0.013741105247163633
0.013742647565140837
0.013744173990842115
0.013745684768603087
0.013747180137776996
0.013748660332861054
0.013750125583618945
0.013751576115199646
0.013753012148252686
0.013754433899039967
0.01375584157954427
0.013757235397574553
0.013758615556868154
0.01375998225719003
0.013761335694429054
0.013762676060691592
0.013764003544392323
0.013765318330342502
0.013766620599835664
0.008649048492922215
0.00909083266339224
0.009468781288521112
0.009795182953802035
0.010079521921343794
0.010329184088577106
0.010549979143553184
0.010746523868742953
0.010922523932132179
0.01108098227976759
0.011224354502638003
0.01135466573021871
0.011473599413454553
0.011582565396834364
0.011682752594381153
0.011775170115727176
0.01186067964894729
0.011940021166160148
0.01201383348607937
0.012082670842667752
0.012147016327938874
0.012207292869980308
0.012263872253620928
0.01231708257617165
0.012367214443932305
0.012414526149238471
0.01245924801736004
0.012501586073663362
0.012541725151261202
0.012579831535797538
0.012616055225486957
0.012650531869883425
0.012683384439212096
0.012714724666794096
0.012744654299620479
0.012773266186097778
0.012800645225093329
0.012826869196420374
0.012852009489639125
0.01287613174536725
0.012899296421079915
0.012921559291545417
0.012942971892518118
0.01296358191503761
0.012983433556617897
0.013002567834714922
0.013021022867106418
0.013038834123179938
0.013056034649583912
0.013072655273236467
0.013088724784294153
0.013104270101347164
0.01311931642081985
0.013133887352307746
0.013148005041369423
0.013161690281107023
0.01317496261371011
0.01318784042299899
0.013200341018883417
0.013212480714547708
0.013224274897081802
0.013235738092197625
0.013246884023599956
0.013257725667519302
0.013268275302859997
0.013278544557369019
0.01328854445018856
0.01329828543111833
0.013307777416880245
0.013317029824648878
0.013326051603084999
0.013334851261086194
0.013343436894448042
0.013351816210610604
0.013359996551648684
0.013367984915649412
0.013375787976607493
0.013383412102956582
0.013390863374844526
0.01339814760025062
0.013405270330034379
0.013412236871997496
0.013419052304033608
0.013425721486434089
0.0134322490734124
0.013438639523904231
0.013444897111695886
0.013451025934929226
0.013457029925027345
0.013462912855081829
0.013468678347739033
0.01347432988261989
0.013479870803305205
0.013485304323915715
0.013490633535314147
0.013495861410954262
0.013500990812400204
0.01350602449453752
0.013510965110495817
0.013515815216301465
0.013520577275277428
0.01352525366220618
0.013529846667270383
0.013534358499785033
0.013538791291733888
0.013543147101122002
0.013547427915155428
0.013551635653258379
0.01355577216993749
0.0135598392575021
0.013563838648648956
0.013567772018919122
0.01357164098903445
0.013575447127120367
0.013579191950821481
0.013582876929315873
0.01358650348523377
0.013590072996485798
0.013593586798005814
0.013597046183412849
0.013600452406596554
0.013603806683230244
0.013607110192215333
0.013610364077060733
0.01361356944720072
0.013616727379254297
0.013619838918229163
0.01362290507867308
0.01362592684577529
0.013628905176420509
0.013631841000197834
0.01363473522036683
0.013637588714782871
0.013640402336783767
0.013643176916039503
0.013645913259366892
0.013648612151510829
0.013651274355893719
0.013653900615334585
0.01365649165273928
0.013659048171763132
0.013661570857447305
0.013664060376830142
0.013666517379534514
0.01366894249833234
0.01367133634968735
0.013673699534276919
0.013676032637494086
0.013678336229930485
0.013680610867841093
0.013682857093591605
0.013685075436089131
0.013687266411196997
0.01368943052213429
0.013691568259860797
0.013693680103447998
0.01369576652043666
0.01369782796718157
0.013699864889184041
0.01370187772141257
0.013703866888612228
0.013705832805603212
0.01370777587756898
0.01370969650033442
0.013711595060634442
0.013713471936373359
0.01371532749687547
0.013717162103127133
0.013718976108010674
0.013720769856530528
0.013722543686031785
0.013724297926411552
0.013726032900323313
0.013727748923374632
0.0137294463043184
0.01373112534523789
0.01373278634172587
0.013734429583057923
0.013736055352360315
0.013737663926772474
0.013739255577604394
0.013740830570489068
0.013742389165530184
0.013743931617445214
0.013745458175704108
0.013746969084663701
0.013748464583698033
0.013749944907324677
0.01375141028532728
0.013752860942874368
0.013754297100634638
0.013755718974888774
0.013757126777637968
0.01375852071670923
0.013759900995857596
0.013761267814865362
0.01376262136963843
0.013763961852299837
0.013765289451280634
0.01376660435140813
0.013767906733991598
0.008649876138147748
0.009091699047605309
0.009469680699322669
0.009796110809121295
0.010080474501630465
0.010330158340124988
0.010550972532809077
0.010747534273222906
0.010923549557810722
0.011082021597797472
0.011225406200337497
0.011355728672706298
0.011474672613316455
0.011583647989916563
0.011683843820298368
0.011776269302039562
0.011861786198215152
0.011941134545276235
0.012014953217418276
0.01208379649669607
0.012148147517008052
0.012208429243083579
0.012265013491941132
0.012318228389281784
0.012368364566537804
0.012415680338371584
0.01246040604995338
0.012502747744443
0.01254289027091033
0.012580999929350207
0.012617226730918248
0.01265170633686805
0.012684561728027873
0.01271590464735058
0.012745836850596024
0.012774451194170857
0.012801832584256052
0.012828058807363929
0.012853201259202258
0.012877325586040277
0.012900492250557595
0.012922757032323155
0.012944171471526445
0.012964783263310804
0.01298463660899286
0.01300377252955718
0.013022229146060287
0.013040041930940402
0.013057243933687967
0.013073865983871953
0.013089936874124405
0.01310548352534988
0.013120531136138848
0.013135103318116396
0.013149222218744644
0.013162908632912914
0.01317618210449031
0.01318906101887703
0.013201562687470329
0.013213703424856298
0.013225498619447001
0.013236962798202403
0.01324810968600635
0.013258952260204144
0.013269502800754968
0.013279772936404649
0.01328977368724191
0.013299515503964065
0.013309008304144786
0.013318261505767483
0.013327284058261467
0.013336084471255116
0.013344670841239258
0.013353050876315841
0.01336123191919017
0.0133692209685503
0.013377024698964034
0.013384649479411856
0.013392101390563679
0.013399386240897475
0.013406509581749361
0.013413476721376738
0.013420292738109206
0.01342696249265541
0.013433490639628391
0.013439881638346626
0.013446139762963313
0.013452269111972117
0.013458273617133632
0.013464157051863337
0.013469923039118545
0.013475575058818887
0.013481116454832166
0.01348655044155502
0.013491880110115465
0.013497108434222492
0.013502238275685856
0.013507272389627562
0.013512213429404932
0.01351706395126371
0.013521826418738288
0.01352650320681496
0.01353109660587293
0.013535608825416812
0.013540041997613345
0.013544398180644197
0.01354867936188596
0.013552887460927577
0.013557024332434834
0.01356109176887088
0.013565091503081154
0.013569025210750513
0.013572894512739884
0.01357670097730928
0.013580446122233521
0.013584131416816771
0.013587758283811334
0.01359132810124608
0.013594842204169417
0.013598301886311372
0.013601708401669195
0.013605062966020523
0.013608366758367912
0.013611620922318416
0.013614826567401494
0.013617984770328528
0.013621096576196888
0.013624162999641384
0.013627185025935799
0.013630163612046945
0.01363309968764368
0.013635994156063069
0.013638847895235817
0.013641661758572943
0.01364443657581562
0.013647173153849885
0.013649872277487962
0.013652534710217759
0.013655161194922036
0.01365775245456866
0.013660309192873326
0.01366283209493599
0.013665321827852222
0.013667779041300612
0.013670204368107387
0.013672598424789146
0.013674961812074818
0.013677295115407656
0.013679598905428247
0.013681873738439295
0.013684120156853025
0.013686338689621925
0.01368852985265357
0.013690694149210227
0.0136928320702938
0.013694944095016879
0.013697030690960323
0.013699092314518085
0.013701129411229692
0.013703142416100954
0.013705131753913385
0.013707097839522776
0.013709041078147332
0.013710961865645906
0.013712860588786579
0.013714737625506096
0.013716593345160427
0.013718428108766901
0.01372024226923812
0.013722036171608113
0.013723810153250918
0.013725564544091934
0.013727299666812322
0.01372901583704673
0.013730713363574523
0.013732392548504906
0.013734053687455984
0.013735697069728174
0.013737322978472017
0.013738931690850723
0.013740523478197559
0.013742098606168299
0.01374365733488895
0.013745199919098831
0.013746726608289298
0.013748237646838142
0.013749733274139937
0.013751213724732378
0.013752679228418819
0.013754130010387102
0.01375556629132486
0.013756988287531323
0.013758396211025871
0.01375979026965334
0.013761170667186245
0.013762537603424023
0.013763891274289373
0.013765231871921822
0.013766559584768585
0.013767874597672815
0.01376917709195935
0.008650693693172493
0.009092554869317721
0.009470569144967966
0.009797027352492368
0.0100814154685251
0.01033112071406727
0.010551953811134492
0.01074853235932452
0.010924562679535576
0.011083048244937835
0.01122644507621569
0.011356778656277152
0.011475732729204623
0.011584717384503708
0.01168492174246974
0.011777355087553634
0.011862879256916155
0.011942234350556514
0.012016059297475588
0.01208490842723384
0.012149264915103899
0.01220955176201018
0.01226614081676832
0.012319360233123418
0.012369500667333767
0.012416820456116372
0.012461549964299216
0.012503895252618639
0.0125440411859071
0.01258215407833533
0.012618383953842204
0.012652866485238296
0.012685724663825712
0.012717070242071622
0.012747004984397767
0.012775621755113382
0.012803005467623908
0.012829233915059064
0.012854378499199244
0.012878504871896327
0.012901673500970934
0.012923940170734113
0.012945356425756428
0.012965969965234903
0.012985824994242442
0.013004962537249209
0.013023420718550553
0.013041235013598164
0.013058438474689835
0.013075061934013083
0.013091134186645254
0.01310668215577706
0.013121731042138676
0.013136304459359992
0.01315042455678348
0.013164112131063842
0.013177386727729255
0.013190266733740534
0.013202769461964315
0.01321491122837137
0.013226707422679755
0.013238172573082265
0.013249320405627447
0.013260163898761803
0.013270715333486498
0.01328098633953403
0.013290987937928126
0.013300730580252738
0.013310224184922927
0.013319478170721068
0.01332850148783567
0.013337302646616951
0.013345889744242535
0.013354270489468197
0.013362452225622032
0.013370441951985716
0.013378246343693143
0.01338587177026497
0.013393324312886808
0.013400609780529236
0.013407733724999142
0.0134147014550041
0.01342151804930435
0.013428188369020717
0.013434717069160947
0.013441108609421642
0.01344736726431843
0.013453497132692487
0.013459502146637783
0.013465386079889737
0.013471152555712844
0.013476805054321786
0.01348234691986787
0.01348778136702025
0.013493111487169022
0.013498340254275284
0.013503470530391411
0.013508505070872975
0.013513446529302245
0.013518297462141664
0.01352306033313447
0.013527737517468288
0.013532331305716485
0.01353684390757097
0.013541277455379225
0.013545634007497382
0.013549915551470504
0.013554124007050248
0.013558261229059607
0.013562329010113673
0.013566329083204764
0.01357026312415977
0.013574132753977003
0.0135779395410494
0.013581685003280445
0.013585370610098822
0.013588997784377426
0.013592567904261929
0.013596082304913892
0.013599542280172999
0.01360294908414278
0.013606303932703906
0.013609608004958872
0.01361286244461164
0.013616068361285722
0.013619226831783742
0.01362233890129165
0.01362540558453024
0.013628427866856804
0.013631406705319255
0.013634343029665236
0.013637237743308373
0.013640091724253765
0.013642905825984772
0.013645680878312867
0.013648417688192475
0.013651117040502331
0.013653779698795047
0.013656406406016331
0.013658997885195324
0.013661554840107358
0.013664077955910441
0.013666567899756676
0.013669025321379712
0.013671450853659397
0.013673845113164582
0.013676208700675098
0.013678542201683814
0.013680846186879666
0.013683121212612503
0.013685367821340512
0.013687586542061005
0.01368977789072528
0.013691942370638243
0.013694080472843411
0.013696192676493964
0.013698279449210385
0.013700341247425307
0.013702378516716008
0.013704391692125159
0.013706381198470268
0.013708347450642273
0.013710290853893727
0.013712211804117018
0.013714110688113006
0.013715987883850452
0.013717843760716632
0.01371967867975946
0.013721492993921443
0.013723287048265849
0.013725061180195296
0.013726815719663145
0.013728550989377898
0.013730267305000945
0.01373196497533782
0.01373364430252332
0.013735305582200605
0.013736949103694595
0.01373857515017983
0.013740183998843004
0.013741775921040368
0.013743351182450219
0.013744910043220593
0.013746452758112399
0.013747979576638125
0.013749490743196275
0.013750986497201707
0.013752467073211986
0.013753932701049937
0.013755383605922484
0.013756820008535956
0.013758242125207909
0.01375965016797569
0.013761044344701746
0.013762424859175853
0.013763791911214383
0.013765145696756633
0.013766486407958405
0.013767814233282882
0.013769129357588884
0.013770431962216605
0.00865150134138179
0.009093400320499037
0.009471446824744989
0.009797932789506332
0.010082345033097653
0.0103320714262761
0.010552923198642358
0.010749518350931183
0.010925563524563062
0.01108406245147913
0.011227471363306294
0.01135781591645676
0.011476779998917525
0.011585773820475742
0.011685986602688193
0.011778427715826302
0.011863959070238803
0.011943320828702935
0.01201715197436087
0.012086006883703058
0.012150368772874946
0.0122106606785574
0.012267254480977888
0.012320478361585691
0.012370623001164293
0.012417946758218047
0.012462680016994455
0.012505028855593386
0.012545178154418872
0.012583294241645747
0.012619527153841233
0.012654012575232843
0.012686873507469599
0.012718221712417682
0.012748158963055757
0.012776778131499876
0.012804164138292412
0.012830394783100283
0.012855541473702915
0.012879669867467192
0.012902840437292437
0.012925108972174335
0.012946527021011435
0.012967142287005334
0.01298699897893969
0.013006138124728025
0.013024597851865261
0.013042413638780039
0.013059618540543494
0.013076243391929945
0.013092316990432413
0.013107866261500057
0.013122916407976833
0.01313749104547314
0.013151612325189008
0.013165301045523135
0.013178576753642656
0.013191457838050109
0.013203961613063685
0.013216104396022063
0.013227901577933483
0.013239367688208605
0.01325051645404657
0.013261360854981741
0.013271913173044637
0.013282185038942473
0.013292187474622644
0.013301930932545
0.013311425331955793
0.013320680092426679
0.013329704164896159
0.013338506060427562
0.013347093876876975
0.013355475323646069
0.013363657744678197
0.013371648139841447
0.013379453184828962
0.013387079249695016
0.013394532416134666
0.013401818493605127
0.013408943034378368
0.01341591134760666
0.013422728512475677
0.013429399390513434
0.01343592863711759
0.013442320712358295
0.013448579891109204
0.013454710272554803
0.013460715789118397
0.013466600214851472
0.013472367173321976
0.013478020145036063
0.013483562474425111
0.013488997376427503
0.01349432794269222
0.013499557147429411
0.01350468785293114
0.013509722814783727
0.013514664686791637
0.0135195160256314
0.013524279295252567
0.01352895687104166
0.013533551043763845
0.013538064023296062
0.013542497942164342
0.01354685485889718
0.013551136761206055
0.013555345569003369
0.01355948313726742
0.013563551258763396
0.013567551666628715
0.013571486036830584
0.013575355990503041
0.013579163096170327
0.013582908871863017
0.013586594787132828
0.013590222264971787
0.01359379268364094
0.013597307378413633
0.01360076764323787
0.013604174732322182
0.01360752986164903
0.013610834210419628
0.013614088922433688
0.013617295107407609
0.013620453842234172
0.013623566172186819
0.013626633112071303
0.013629655647327397
0.013632634735083136
0.013635571305163999
0.01363846626105924
0.013641320480847464
0.013644134818083464
0.013646910102648194
0.013649647141563633
0.013652346719774205
0.013655009600896448
0.013657636527938263
0.013660228223989315
0.013662785392883849
0.01366530871983723
0.0136677988720574
0.013670256499332404
0.013672682234595064
0.013675076694465844
0.013677440479774865
0.013679774176064002
0.013682078354069968
0.013684353570189173
0.013686600366925221
0.013688819273319698
0.01369101080536709
0.013693175466414433
0.013695313747546343
0.013697426127956111
0.013699513075303371
0.013701575046058945
0.013703612485837409
0.013705625829717856
0.013707615502553349
0.013709581919269551
0.013711525485152943
0.013713446596129036
0.01371534563903108
0.013717222991859464
0.01371907902403239
0.013720914096627979
0.01372272856261829
0.013724522767095473
0.01372629704749038
0.013728051733783986
0.013729787148711817
0.013731503607961671
0.013733201420364938
0.013734880888081693
0.013736542306779852
0.01373818596580854
0.013739812148366006
0.013741421131662141
0.013743013187075912
0.013744588580307845
0.013746147571527752
0.013747690415517867
0.013749217361811561
0.013750728654827791
0.013752224534001455
0.013753705233909744
0.01375517098439473
0.013756622010682177
0.013758058533496886
0.01375948076917452
0.01376088892977017
0.013762283223163686
0.013763663853161898
0.013765031019597892
0.013766384918427377
0.01376772574182223
0.01376905367826141
0.013770368912619206
0.013771671626250991
0.008652299261744224
0.009094235588495314
0.009472313933141945
0.009798827320802667
0.010083263401334513
0.010333010687424399
0.010553880910144243
0.010750492466534116
0.010926552314676069
0.01108506444216531
0.011228485289030452
0.011358840683098018
0.011477814654526271
0.01158681753193513
0.011687038636923112
0.011779487424548435
0.011865025877466245
0.011944394220475659
0.012018231490208
0.012087092109518426
0.012151459334932897
0.012211756238458014
0.012268354731354746
0.012321583022442847
0.012371731816735588
0.01241905949426223
0.012463796458455889
0.012506148804570828
0.012546301428395072
0.012584420671938889
0.012620656584245738
0.012655144860822547
0.012688008513540626
0.012719359313551962
0.01274929904228907
0.012777920579580788
0.012805308853020444
0.012831541668733428
0.012856690440425936
0.012880820830913423
0.01290399331811274
0.012926263695647793
0.012947683516692978
0.012968300488406224
0.01298815882323726
0.013007299552501472
0.013025760806854829
0.013043578067667067
0.013060784392749252
0.013077410619431344
0.013093485547592945
0.013109036104914462
0.013124087496328169
0.013138663339401117
0.013152785787168518
0.013166475639752057
0.013179752445938095
0.013192634595752314
0.013205139404946983
0.01321728319221221
0.013229081349830862
0.013240548408416826
0.013251698096305959
0.01326254339410738
0.013273096584868567
0.013283369300259713
0.013293372563140747
0.013303116826836877
0.01331261201141553
0.013321867537228142
0.013330892355954164
0.013339694979361449
0.013348283505976374
0.013356665645838726
0.013364848743499712
0.013372839799406764
0.01338064548980553
0.013388272185277477
0.013395725968020984
0.013403012647974027
0.01341013777786806
0.013417106667294698
0.013423924395859916
0.013430595825494017
0.013437125611979876
0.013443518215756692
0.013449777912051836
0.013455908800388976
0.013461914813516773
0.013467799725798972
0.013473567161103333
0.013479220600223957
0.013484763387868932
0.01349019873924261
0.013495529746249745
0.013500759383346564
0.013505890513061898
0.013510925891210033
0.013515868171814983
0.013520719911764775
0.01352548357521278
0.013530161537742016
0.013534756090307156
0.013539269442967935
0.01354370372842678
0.01354806100538247
0.013552343261710904
0.013556552417483282
0.013560690327831349
0.013564758785668572
0.013568759524275727
0.013572694219758645
0.013576564493385443
0.013580371913810112
0.013584117999188766
0.013587804219194682
0.013591431996937572
0.013595002710792475
0.013598517696143179
0.013601978247044705
0.013605385617809308
0.013608741024520029
0.013612045646475592
0.013615300627570314
0.013618507077612373
0.013621666073583609
0.01362477866084391
0.013627845854282956
0.013630868639422013
0.013633847973468276
0.01363678478632412
0.01363967998155351
0.01364253443730767
0.013645349007211989
0.013648124521216037
0.013650861786408536
0.013653561587798822
0.01365622468906659
0.01365885183328117
0.01366144374359203
0.01366400112389162
0.013666524659451968
0.013669015017536187
0.013671472847986059
0.01367389878378674
0.013676293441609689
0.013678657422334706
0.013680991311552091
0.013683295680045744
0.013685571084258098
0.013687818066737602
0.013690037156569596
0.013692228869791236
0.013694393709791173
0.01369653216769464
0.013698644722734538
0.013700731842609178
0.013702793983827132
0.013704831592039817
0.013706845102362305
0.013708834939682786
0.013710801518961235
0.013712745245517636
0.013714666515310253
0.013716565715204309
0.013718443223231451
0.013720299408840432
0.013722134633139225
0.013723949249129074
0.01372574360193066
0.013727518029002746
0.013729272860353584
0.013731008418745382
0.01373272501989204
0.013734422972650491
0.013736102579205791
0.013737764135250293
0.013739407930157065
0.013741034247147756
0.013742643363455185
0.013744235550480748
0.013745811073946951
0.013747370194045115
0.013748913165578532
0.013750440238101212
0.013751951656052322
0.013753447658886548
0.01375492848120049
0.013756394352855209
0.013757845499095096
0.013759282140663204
0.013760704493913083
0.013762112770917358
0.013763507179573056
0.013764887923703867
0.0137662552031594
0.013767609213911559
0.013768950148148117
0.013770278194363609
0.013771593537447611
0.013772896358770496
0.008653087628943797
0.009095060856167448
0.009473170659990895
0.009799711142217431
0.010084170774290628
0.010333938703141445
0.010554827155308977
0.010751454919393695
0.01092752926634785
0.01108605443635979
0.011229487075364655
0.011359853180550968
0.011478836922546032
0.011587848747379746
0.01168807807549458
0.011780534445720386
0.011866079912153013
0.011945454760870857
0.012019298081353966
0.012088164342267092
0.012152536840033213
0.012212838681561748
0.01226944180877557
0.01232267445753721
0.012372827356799614
0.012420158907859243
0.012464899533105124
0.012507255344740507
0.012547411253753233
0.012585533615823336
0.012621772492321152
0.012656263589897972
0.012689129930524994
0.012720483294528833
0.012750425471694641
0.012779049349471683
0.012806439862419847
0.012832674823045648
0.012857825650911097
0.012881958014214977
0.01290513239583161
0.012927404593957685
0.012948826165992265
0.01296944482300224
0.01298930478105951
0.013008447074840609
0.013026909838124693
0.01304472855518738
0.013061936286546862
0.013078563872058148
0.013094640113958849
0.013110191942133885
0.013125244563578855
0.013139821597794046
0.013153945199627872
0.013167636170904377
0.013180914062009753
0.013193797264474595
0.013206303095468084
0.013218447875015566
0.013230246996659287
0.01324171499220194
0.0132528655911025
0.01326371177503197
0.013274265828042604
0.013284539382756054
0.013294543462933855
0.01330428852275621
0.01331378448310189
0.013323040765092768
0.013332066321140385
0.013340869663708673
0.013349458891986285
0.01335784171664347
0.013366025482832016
0.013374017191571767
0.013381823519654262
0.013389450838181846
0.013396905229850181
0.013404192505072273
0.013411318217033539
0.013418287675759678
0.01342510596127195
0.013431777935898118
0.01343830825580166
0.013444701381786415
0.013450961589429232
0.013457092978588877
0.0134630994823355
0.013468984875341362
0.01347475278177043
0.013480406682701325
0.013485949923115515
0.013491385718480142
0.013496717160952687
0.013501947225232465
0.013507078774082288
0.013512114563541656
0.013517057247851504
0.01352190938410882
0.01352667343666836
0.013531351781307297
0.01353594670916752
0.013540460430489377
0.013544895078149596
0.013549252711015179
0.013553535317124485
0.013557744816705616
0.013561883065041917
0.013565951855193365
0.013569952920582374
0.01357388793745174
0.013577758527202062
0.013581566258615506
0.013585312649972255
0.013588999171065656
0.013592627245121714
0.013596198250628105
0.013599713523077725
0.013603174356631328
0.013606582005703657
0.013609937686477122
0.013613242578346802
0.013616497825300482
0.013619704537237008
0.013622863791226226
0.01362597663271343
0.013629044076671221
0.01363206710870139
0.013635046686089333
0.013637983738813402
0.013640879170511388
0.01364373385940626
0.013646548659193148
0.013649324399889431
0.013652061888649768
0.013654761910547642
0.013657425229325115
0.013660052588112249
0.013662644710117583
0.013665202299291069
0.013667726040960726
0.013670216602444177
0.013672674633636295
0.013675100767573955
0.013677495620978983
0.01367985979478028
0.013682193874615972
0.013684498431316607
0.01368677402137006
0.013689021187369112
0.013691240458442326
0.013693432350669004
0.01369559736747893
0.013697736000037455
0.013699848727616641
0.013701936017952986
0.013703998327592368
0.01370603610222261
0.01370804977699432
0.013710039776830408
0.013712006516724738
0.013713950402030408
0.013715871828738034
0.01371777118374443
0.01371964884511214
0.013721505182320074
0.013723340556505727
0.013725155320699164
0.013726949820049267
0.013728724392042355
0.01373047936671365
0.013732215066851714
0.013733931808196247
0.013735629899629405
0.01373730964336093
0.013738971335107332
0.013740615264265309
0.013742241714079652
0.013743850961805824
0.013745443278867397
0.013747018931008569
0.01374857817844192
0.013750121275991567
0.013751648473231888
0.013753160014622028
0.013754656139636228
0.013756137082890252
0.013757603074263934
0.013759054339020072
0.013760491097919741
0.01376191356733417
0.013763321959353304
0.013764716481891148
0.013766097338788048
0.013767464729909931
0.013768818851244712
0.01377015989499586
0.013771488049673316
0.01377280350018174
0.013774106427906331
0.00865386661350736
0.00909587630202458
0.00947401719060623
0.009800584444926123
0.01008506734823619
0.010334855674162893
0.010555762138815643
0.010752405917695067
0.010928494590899951
0.011087032648205502
0.011230476939002747
0.01136085362782649
0.011479847024101271
0.011588867689869584
0.011689105143241434
0.011781569005821285
0.011867121402295407
0.011946502679292155
0.012020351978511314
0.012089223813882
0.012153601521249386
0.012213908242010279
0.01227051594838454
0.012323752902955619
0.012373909858331207
0.012421245236821869
0.012465989479546902
0.012508348715456839
0.012548507870558428
0.012586633314038781
0.01262287511944839
0.012657369004450268
0.012690238000995304
0.012721593898475547
0.012751538494929366
0.012780164685335778
0.012807557411138284
0.012833794491148597
0.012858947350714847
0.012883081663355072
0.012906257916842056
0.012928531913890866
0.012949955216074931
0.012970575538323589
0.012990437100287786
0.013009580939965217
0.013028045194221047
0.013045865350202196
0.013063074471101752
0.013079703399269733
0.013095780939273678
0.013111334023176798
0.013126387860013463
0.013140966071194166
0.013155090813358954
0.013168782890013973
0.013182061853126205
0.013194946095713238
0.013207452936344309
0.013219598696364115
0.013231398770559274
0.013242867691907153
0.013254019190976466
0.013264866250487473
0.013275421155485242
0.013285695539531558
0.013295700427278831
0.013305446273752082
0.013314943000631768
0.013324200029801034
0.013333226314394795
0.013342030367564785
0.013350620289154033
0.013359003790455768
0.013367188217215196
0.013375180571017765
0.013382987529194406
0.013390615463362142
0.013398070456708017
0.013405358320114382
0.013412484607215239
0.013419454628465203
0.013426273464295854
0.013432945977427705
0.013439476824400307
0.013445870466377786
0.013452131179282312
0.013458263063303787
0.01346427005182999
0.01347015591983804
0.01347592429178459
0.013481578649029383
0.013487122336824017
0.013492558570895312
0.013497890443650443
0.013503120930028945
0.013508252893024795
0.013513289088900055
0.013518232172109988
0.013523084699958055
0.013527849136998012
0.013532527859198855
0.013537123157887476
0.013541637243482691
0.013546072249033429
0.013550430233572944
0.013554713185300098
0.013558923024598043
0.01356306160689991
0.013567130725410449
0.013571132113692022
0.013575067448122757
0.013578938350234167
0.013582746388935068
0.013586493082628215
0.013590179901225626
0.013593808268068198
0.013597379561754901
0.013600895117886438
0.01360435623072805
0.013607764154795747
0.013611120106370115
0.013614425264941452
0.013617680774589889
0.013620887745303872
0.013624047254240192
0.013627160346928544
0.013630228038423457
0.013633251314406288
0.013636231132239707
0.01363916842197714
0.013642064087329323
0.013644919006590114
0.013647734033523557
0.013650509998214036
0.013653247707881351
0.013655947947662367
0.0136586114813608
0.013661239052166686
0.013663831383346946
0.013666389178908358
0.01366891312423425
0.013671403886696121
0.013673862116241295
0.013676288445957741
0.013678683492617078
0.01368104785719669
0.013683382125381999
0.01368568686804961
0.013687962641732321
0.013690209989066709
0.013692429439224035
0.013694621508325282
0.013696786699840844
0.013698925504975718
0.013701038403040655
0.013703125861809915
0.013705188337866204
0.01370722627693333
0.013709240114197024
0.013711230274614492
0.013713197173213084
0.013715141215378628
0.013717062797133691
0.013718962305406313
0.013720840118289557
0.013722696605292153
0.013724532127580737
0.013726347038213876
0.013728141682368302
0.013729916397557577
0.013731671513843554
0.013733407354040855
0.013735124233914656
0.01373682246237204
0.013738502341647148
0.01374016416748035
0.013741808229291705
0.01374343481034886
0.013745044187929658
0.013746636633479574
0.013748212412764254
0.01374977178601728
0.013751315008083331
0.013752842328556933
0.013754353991916955
0.01375585023765697
0.01375733130041167
0.013758797410079451
0.01376024879194128
0.013761685666776054
0.013763108250972465
0.01376451675663757
0.013765911391702162
0.01376729236002303
0.013768659861482235
0.013770014092083508
0.013771355244045828
0.013772683505894345
0.013773999062548656
0.013775302095408587
0.008654636381927544
0.009096682100352785
0.00947485370591827
0.009801447415581505
0.010085953314798111
0.010335761796475476
0.01055668606050108
0.010753345664698207
0.010929448494654558
0.011087999286779258
0.01123145509151207
0.011361842238754166
0.011480845175085158
0.011589874577187544
0.011690120059683333
0.011782591325972265
0.011868150570495853
0.011947538199716013
0.012021393406934441
0.012090270750809085
0.012154653606140889
0.012214965148406011
0.012271577379762848
0.012324818589199624
0.012374979552698923
0.012422318713336749
0.012467066530741103
0.012509429150411639
0.012549591513196318
0.01258772000162953
0.012623964701297804
0.012658461340745596
0.012691332961785425
0.012722691362767498
0.012752638349885768
0.012781266825559898
0.012808661738035583
0.01283490091235512
0.012860055779584306
0.012884192018497494
0.012907370121707982
0.012929645896395746
0.012951070908259203
0.012971692876044431
0.012991556022939096
0.013010701390222739
0.013029167117810029
0.013046988695685213
0.013064199189684642
0.013080829444623803
0.013096908267372611
0.013112462592146792
0.013127517629995363
0.013142097004216424
0.013156222873220463
0.013169916042175815
0.013183196064611557
0.013196081335014681
0.0132085891733379
0.01322073590222966
0.013232536917706244
0.013244006753905774
0.01325515914249358
0.013266007067226762
0.01327656281413147
0.013286838017698473
0.013296843703460539
0.013306590327277504
0.01331608781162202
0.013325345579129507
0.013334372583649692
0.013343177339013964
0.013351767945711999
0.013360152115652633
0.013368337195167461
0.013376330186400852
0.013384137767216739
0.013391766309740746
0.013399221897645464
0.01340651034227706
0.013413637197712797
0.013420607774831134
0.01342742715446913
0.013434100199735382
0.013440631567541078
0.013447025719406366
0.01345328693159465
0.013459419304623035
0.013465426772193199
0.013471313109583495
0.0134770819415398
0.013482736749699657
0.0134882808795816
0.013493717547169042
0.01349904984511591
0.013504280748599115
0.01350941312084107
0.013514449718323756
0.013519393195714222
0.013524246110519974
0.0135290109274914
0.013533690022787061
0.013538285687916658
0.01354280013347536
0.013547235492682278
0.013551593824734923
0.013555877117990785
0.013560087292986217
0.013564226205302366
0.013568295648287043
0.013572297355640911
0.013576233003875823
0.013580104214652649
0.013583912557005362
0.013587659549457846
0.013591346662039374
0.013594975318204385
0.01359854689666182
0.013602062733118921
0.01360552412194417
0.013608932317753657
0.013612288536924979
0.013615593959042514
0.013618849728277654
0.013622056954707393
0.013625216715574436
0.013628330056491871
0.013631397992595197
0.013634421509644388
0.013637401565078476
0.013640339089025073
0.013643234985266994
0.013646090132168155
0.013648905383560686
0.01365168156959519
0.01365441949755585
0.013657119952642145
0.013659783698718717
0.013662411479034877
0.013665004016915231
0.013667562016422708
0.013670086162995296
0.013672577124057731
0.013675035549609166
0.013677462072788062
0.01367985731041523
0.013682221863515993
0.013684556317822472
0.013686861244256807
0.013689137199396184
0.013691384725920453
0.01369360435304309
0.01369579659692622
0.013697961961080404
0.013700100936749811
0.01370221400328342
0.013704301628492784
0.013706364268997042
0.013708402370555532
0.013710416368388705
0.01371240668748764
0.01371437374291281
0.01371631794008235
0.013718239675050417
0.013720139334775915
0.013722017297382047
0.013723873932407024
0.013725709601046278
0.013727524656386532
0.013729319443632041
0.01373109430032329
0.01373284955654845
0.013734585535147885
0.013736302551911956
0.013738000915772385
0.0137396809289874
0.013741342887320972
0.013742987080216231
0.013744613790963412
0.01374622329686247
0.01374781586938053
0.013749391774304433
0.013750951271888509
0.013752494616997762
0.013754022059246623
0.013755533843133452
0.013757030208170925
0.013758511389012443
0.01375997761557473
0.013761429113156731
0.013762866102554935
0.013764288800175294
0.013765697418141782
0.01376709216440177
0.013768473242828302
0.013769840853319386
0.013771195191894372
0.013772536450787574
0.01377386481853917
0.013775180480083513
0.013776483616834881
0.008655397096781344
0.009097478421339202
0.00947568038260213
0.009802300236446546
0.010086828861096523
0.010336657261456599
0.010557599115502268
0.010754274358882696
0.010930391179081426
0.01108895455624066
0.011232421739484202
0.011362819222134595
0.011481831586313336
0.011590869621994564
0.011691123039177128
0.011783601622093982
0.011869167634121446
0.011948561540851249
0.012022422586580058
0.012091305374168564
0.012155693316915284
0.01221600962397491
0.012272626327092234
0.012325871741349685
0.012376036665829801
0.012423379564129804
0.012468130914168683
0.012510496877800582
0.012550662410540106
0.012588793908111937
0.01262504146799708
0.01265954082949345
0.012692415044159184
0.012723775919197305
0.012753725268861416
0.012782356002924319
0.012809753076353882
0.012835994320349722
0.012861151171628026
0.012885289314157673
0.012908469245335518
0.012930746776753928
0.012952173478187806
0.012972797072155071
0.012992661785338503
0.013011808662260899
0.013030275845850557
0.01304809882889569
0.013065310679844806
0.013081942245949881
0.013098022336356107
0.013113577887406427
0.01312863411214079
0.013143214635722716
0.013157341618312304
0.013171035866720525
0.013184316936020183
0.01319720322215039
0.013209712046431064
0.01322185973279906
0.013233661678485865
0.013245132418776706
0.013256285686420633
0.013267134466199388
0.013277691045108647
0.013287967058557275
0.013297973532948008
0.01330772092496569
0.013317219157865861
0.013326477655027348
0.013335505371006296
0.013344310820305757
0.013352902104054439
0.013361286934769543
0.01336947265936217
0.013377466280529018
0.013385274476660769
0.013392903620385655
0.01340035979585611
0.01340764881487666
0.013414776231962612
0.013421747358411288
0.01342856727546045
0.013435240846602229
0.01344177272911506
0.013448167384870932
0.01345442909047048
0.013460561946754157
0.013466569887733842
0.013472456688985583
0.013478225975541077
0.013483881229312409
0.013489425796081903
0.013494862892086543
0.01350019561022411
0.0135054269259061
0.013510559702580669
0.013515596696947133
0.013520540563881843
0.013525393861093948
0.01353015905352815
0.013534838517530349
0.013539434544790903
0.013543949346079262
0.013548385054782706
0.01355274373026109
0.01355702736102865
0.013561237867773145
0.013565377106222003
0.013569446869864412
0.01357344889253769
0.013577384850885863
0.01358125636669763
0.013585065009130655
0.013588812296828515
0.013592499699936362
0.013596128642020849
0.013599700501899587
0.013603216615385107
0.013606678276947925
0.01361008674130301
0.013613443224923848
0.013616748907487793
0.013620004933256425
0.013623212412394232
0.013626372422228826
0.013629486008455717
0.013632554186290407
0.013635577941570574
0.013638558231810708
0.01364149598721174
0.013644392111627712
0.013647247483491763
0.013650062956703337
0.013652839361478451
0.013655577505164922
0.013658278173024114
0.013660942128980863
0.013663570116343072
0.01366616285849235
0.013668721059547105
0.013671245404999366
0.01367373656232645
0.013676195181578747
0.013678621895944622
0.01368101732229349
0.013683382061698043
0.013685716699936568
0.013688021807976191
0.013690297942437972
0.013692545646044524
0.013694765448051024
0.013696957864660282
0.01369912339942254
0.01370126254362068
0.01370337577664145
0.013705463566333283
0.013707526369351297
0.013709564631489961
0.01371157878800401
0.013713569263918035
0.013715536474325205
0.013717480824675611
0.013719402711054617
0.013721302520451626
0.013723180631019634
0.013725037412325974
0.01372687322559454
0.013728688423939886
0.013730483352593467
0.013732258349122364
0.013734013743640767
0.013735749859014473
0.013737467011058737
0.013739165508729612
0.01374084565430916
0.01374250774358465
0.013744152066022019
0.013745778904933835
0.013747388537641896
0.013748981235634719
0.013750557264720098
0.013752116885172864
0.013753660351878104
0.013755187914469919
0.013756699817465938
0.013758196300397714
0.013759677597937127
0.013761143940019031
0.013762595551960115
0.013764032654574272
0.01376545546428451
0.013766864193231509
0.013768259049379034
0.013769640236616185
0.013771007954856727
0.013772362400135456
0.013773703764701838
0.013775032237110902
0.013776348002311568
0.013777651241732424
0.008656148916844547
0.009098265431191816
0.009476497393202072
0.009803143085522704
0.010087694169876479
0.010337542256009039
0.010558501494393649
0.010755192194087432
0.010931322840939721
0.011089898655975811
0.011233377084680357
0.011363784781886366
0.011482806463672324
0.01159185303197929
0.011692114291067724
0.011784600105058593
0.01187017280545697
0.011949572916292988
0.012023439732261994
0.01209232789991057
0.012156720870584642
0.012217041886723626
0.012273663009312763
0.012326912579223567
0.01237708141836841
0.012424428010625783
0.01246918285199179
0.01251155212048382
0.012551720786111635
0.012589855257635965
0.012626105644293211
0.012660607696009
0.012693484473973143
0.012724847794137958
0.012754799478722455
0.012783432444766589
0.012810831653881811
0.012837074943353038
0.012862233755480804
0.012886373779367749
0.012909555517138363
0.012931834784745811
0.012953263155993804
0.012973888357128014
0.012993754618285462
0.013012902987194264
0.01303137160976113
0.013049195981545428
0.013066409173577298
0.013083042035516702
0.013099123378757523
0.013114680141745017
0.013129737539486812
0.013144319198990017
0.013158447282143895
0.01317214259738285
0.013185424701305348
0.013198311991285645
0.013210821789994883
0.01322297042264326
0.013234773287663253
0.013246244921473782
0.013257399057894945
0.013268248682721147
0.013278806083906261
0.013289082897766483
0.013299090151564379
0.013308838302800139
0.013318337275503031
0.013327596493786613
0.013336624912905166
0.01334543104802557
0.013354023000908084
0.01336240848467116
0.013370594846798627
0.013378589090533069
0.01338639789478574
0.013394027632681608
0.013401484388847341
0.013408773975540458
0.0134159019477092
0.013422873617064845
0.013429694065241176
0.013436368156109367
0.013442900547310815
0.013449295701065235
0.013455557894306542
0.013461691228194763
0.013467699637048346
0.013473586896737555
0.013479356632576576
0.013485012326748803
0.013490557325297277
0.013495994844709596
0.013501327978124538
0.013506559701185427
0.013511692877563541
0.01351673026417299
0.013521674516096972
0.013526528191243913
0.01353129375475057
0.013535973583147988
0.01354056996830507
0.013545085121163501
0.013549521175276778
0.013553880190165192
0.013558164154497896
0.01356237498911228
0.013566514549880351
0.013570584630431001
0.013574586964736637
0.013578523229571888
0.0135823950468518
0.013586203985856261
0.013589951565347166
0.013593639255584187
0.013597268480244867
0.01360084061825422
0.013604357005528842
0.013607818936640077
0.013611227666400636
0.013614584411378756
0.013617890351343693
0.013621146630646147
0.013624354359537079
0.013627514615428021
0.01363062844409594
0.01363369686083541
0.013636720851560893
0.01363970137386147
0.013642639358010512
0.013645535707932473
0.013648391302128915
0.013651206994565776
0.013653983615523746
0.013656721972413525
0.013659422850557637
0.013662087013940422
0.013664715205927668
0.013667308149957327
0.013669866550202659
0.013672391092209066
0.013674882443505863
0.013677341254194064
0.013679768157511348
0.013682163770375174
0.013684528693905053
0.013686863513924884
0.013689168801446275
0.01369144511313362
0.013693692991751813
0.013695912966597248
0.013698105553912931
0.013700271257288326
0.013702410568044577
0.013704523965605765
0.01370661191785676
0.013708674881488234
0.013710713302329387
0.01371272761566885
0.01371471824656431
0.01371668561014126
0.013718630111881375
0.013720552147900859
0.013722452105219253
0.013724330362019005
0.013726187287896225
0.013728023244102942
0.013729838583781209
0.013731633652189362
0.013733408786920776
0.013735164318115344
0.013736900568664008
0.013738617854406615
0.013740316484323285
0.013741996760719613
0.013743658979405902
0.013745303429870636
0.013746930395448444
0.01374854015348272
0.013750132975483123
0.013751709127278142
0.013753268869162883
0.013754812456042275
0.013756340137569862
0.013757852158282322
0.013759348757729842
0.0137608301706026
0.013762296626853335
0.013763748351816296
0.013765185566322563
0.013766608486811997
0.0137680173254418
0.013769412290191933
0.013770793584967373
0.013772161409697451
0.01377351596043223
0.013774857429436141
0.013776186005278902
0.013777501872923835
0.01377880521381365
0.008656891997202168
0.009099043292255077
0.009477304906251524
0.00980397613667374
0.010088549419635058
0.010338416962690961
0.010559393383319684
0.010756099359645447
0.010932243672414847
0.011090831780736013
0.011234321324171716
0.011364739117187874
0.011483770008262707
0.01159282501000257
0.011693094019833712
0.01178558698083643
0.011871166291852541
0.011950572534671227
0.01202444505380064
0.012093338538965367
0.012157736479116471
0.01221806214959114
0.012274687640275134
0.012327941317529258
0.012378114025830325
0.012425464269102316
0.012470222561208295
0.01251259509614101
0.01255276685823686
0.012590904269141088
0.012627157449708817
0.012661662160369859
0.012694541471833718
0.012725907208700291
0.012755861201061399
0.012784496373139675
0.012811897693112908
0.012838143004280588
0.012863303754462672
0.012887445637835875
0.012910629161197357
0.012932910144810413
0.012954340166460705
0.012974966956078318
0.01299483474721436
0.013013984590765025
0.013032454635580785
0.013050280379959964
0.013067494897484317
0.01308412904019379
0.013100211621704824
0.013115769582540557
0.013130828139653397
0.013145410921872647
0.013159540092796601
0.01317323646246423
0.013186519588981933
0.013199407871142418
0.013211918632952355
0.013224068200880472
0.013235871974546273
0.013247344491489201
0.013258499486587942
0.013269349946637796
0.013279908160539687
0.013290185765506612
0.01330019378965095
0.01330994269127877
0.013319442395184072
0.013328702326206605
0.01333773144029067
0.013346538253259243
0.013355130867496815
0.013363516996716094
0.01337170398896697
0.013379698848031567
0.01338750825333566
0.01339513857849519
0.013402595908605538
0.013409886056371952
0.013417014577170563
0.013423986783121806
0.01343080775625088
0.013437482360803589
0.013444015254780079
0.013450410900743743
0.0134566735759579
0.013462807381898447
0.01346881625318683
0.013474703965984108
0.013480474145883665
0.013486130275337068
0.013491675700645031
0.013497113638542857
0.01350244718240751
0.013507679308111465
0.013512812879546521
0.013517850653839071
0.013522795286276763
0.013527649334964996
0.013532415265230337
0.013537095453786827
0.013541692192679838
0.01354620769302129
0.01355064408852896
0.013555003438881715
0.013559287732901822
0.013563498891574568
0.013567638770914839
0.013571709164689633
0.013575711807004853
0.013579648374764226
0.013583520490007666
0.013587329722135884
0.0135910775900277
0.013594765564055972
0.013598395068007854
0.013601967480914521
0.013605484138795408
0.013608946336321521
0.013612355328402177
0.013615712331699269
0.01361901852607287
0.013622275055961773
0.01362548303170242
0.013628643530789276
0.013631757599079804
0.01363482625194675
0.01363785047538047
0.013640831227043751
0.013643769437281583
0.013646666010087991
0.013649521824032168
0.013652337733145798
0.01365511456777347
0.013657853135388039
0.013660554221372476
0.013663218589769937
0.01366584698400343
0.013668440127566583
0.013670998724686866
0.013673523460962452
0.013676015003974034
0.013678474003872669
0.013680901093944778
0.0136832968911553
0.01368566199667002
0.01368799699635793
0.013690302461274579
0.01369257894812722
0.01369482699972252
0.013697047145397611
0.01369923990143523
0.013701405771463612
0.013703545246841711
0.013705658807030507
0.01370774691995089
0.013709810042328676
0.013711848620027382
0.013713863088369138
0.013715853872444353
0.013717821387410466
0.013719766038780359
0.013721688222700729
0.0137235883262209
0.013725466727552428
0.013727323796319876
0.01372915989380307
0.01373097537317124
0.013732770579709298
0.013734545851036603
0.013736301517318451
0.013738037901470653
0.013739755319357342
0.013741454079982427
0.013743134485674772
0.013744796832267446
0.013746441409271209
0.013748068500042496
0.013749678381946049
0.013751271326512427
0.01375284759959057
0.01375440746149562
0.013755951167152126
0.013757478966232847
0.013758991103293268
0.01376048781790203
0.013761969344767356
0.013763435913859697
0.013764887750530634
0.01376632507562825
0.013767748105609056
0.013769157052646589
0.013770552124736806
0.013771933525800391
0.01377330145578205
0.013774656110746932
0.013775997682974273
0.013777326361048302
0.013778642329946567
0.013779945771125755
0.008657626489355068
0.009099812163121498
0.009478103086388929
0.009804799559745246
0.010089394784744092
0.010339281559841412
0.010560274964122839
0.01075699604051408
0.010933153861250596
0.01109175412077162
0.011235254650474914
0.01136568242261428
0.011484722416537405
0.01159378575423687
0.01169406242522793
0.011786562450637608
0.011872148295866164
0.011951560599794278
0.012025438756167156
0.012094337497388363
0.012158740349579443
0.012219070620595131
0.012275700428887686
0.01232895816601258
0.012379134698750282
0.012426488550838572
0.012471250253800978
0.012513626017420948
0.012553800840195948
0.012591941156506796
0.012628197098693079
0.012662704437567356
0.012695586253248813
0.012726954378884969
0.012756910652349471
0.012785548004964606
0.012812951411398616
0.01283919872089604
0.012864361386732453
0.01288850510810002
0.012911690396414571
0.012933973076199683
0.012955404729176962
0.012976033088918325
0.012995902392349521
0.013015053693498167
0.013033525144124505
0.013051352245234148
0.01306856807293097
0.013085203481607412
0.013101287287076758
0.013116846431916029
0.013131906134999947
0.013146490026958915
0.013160620273080521
0.013174317684989764
0.01318760182228354
0.013200491085156627
0.013213002798935765
0.013225153291333681
0.013236957963143187
0.013248431353011288
0.013259587196863033
0.013270438482483042
0.013280997499708354
0.01329127588663839
0.013301284672225525
0.01331103431557239
0.013320534742228888
0.013329795377752543
0.013338825178769725
0.013347632661751922
0.013356225929700625
0.013364612696915933
0.013372800312007271
0.013380795779290048
0.013388605778698635
0.013396236684334243
0.013403694581755566
0.013410985284110404
0.013418114347197838
0.013425087083542718
0.013431908575557143
0.01343858368785722
0.01344511707879769
0.013451513211281654
0.013457776362898036
0.01346391063543494
0.013469919963813307
0.013475808124481644
0.013481578743309297
0.013487235303012901
0.013492781150147879
0.013498219501694362
0.013503553451264765
0.013508785974958047
0.01351391993688398
0.013518958094378796
0.013523903102932238
0.01352875752084438
0.01353352381362942
0.01353820435818227
0.013542801446722737
0.013547317290531016
0.013551754023487246
0.013556113705427055
0.013560398325324043
0.013564609804309687
0.01356874999854011
0.013572820701918812
0.01357682364868365
0.013580760515865953
0.01358463292562907
0.013588442447493129
0.013592190600452522
0.013595878854991996
0.013599508635007036
0.01360308131963376
0.013606598244993249
0.013610060705855024
0.013613469957223888
0.013616827215854303
0.013620133661696116
0.013623390439275206
0.013626598659012484
0.013629759398484393
0.013632873703627991
0.013635942589893257
0.013638967043345569
0.013641948021720588
0.01364488645543407
0.013647783248548841
0.01365063927970092
0.013653455402986965
0.01365623244881475
0.013658971224718555
0.013661672516141109
0.01366433708718369
0.013666965681325867
0.013669559022116317
0.013672117813836076
0.013674642742135484
0.013677134474646017
0.013679593661568196
0.013682020936236617
0.013684416915663165
0.013686782201059344
0.013689117378338729
0.013691423018600313
0.013693699678593695
0.013695947901166836
0.01369816821569713
0.013700361138506612
0.013702527173261807
0.013704666811359057
0.013706780532295822
0.013708868804028574
0.013710932083317886
0.013712970816061185
0.013714985437613727
0.013716976373098242
0.013718944037703764
0.013720888836974022
0.013722811167085841
0.013724711415117998
0.013726589959310812
0.013728447169316958
0.013730283406443756
0.013732099023887296
0.01373389436695876
0.013735669773303183
0.013737425573110983
0.013739162089322524
0.01374087963782598
0.013742578527648758
0.013744259061142718
0.013745921534163437
0.013747566236243694
0.013749193450761477
0.013750803455102635
0.013752396520818368
0.013753972913777848
0.013755532894316014
0.01375707671737681
0.013758604632651984
0.013760116884715623
0.013761613713154592
0.013763095352694966
0.013764562033324695
0.013766013980412491
0.013767451414823242
0.013768874553029924
0.01377028360722221
0.013771678785411882
0.013773060291535133
0.01377442832555187
0.013775783083542173
0.01377712475779989
0.013778453536923595
0.013779769605904914
0.01378107314621433
0.00865835254132289
0.009100572198739408
0.009478892094469633
0.009805613520680044
0.010090230435568621
0.01034013622170148
0.01056114641446713
0.01075788241740063
0.010934053590876697
0.01109266586196134
0.011236177251682855
0.011366614888269698
0.011485663880435136
0.011594735458300972
0.011695019702413212
0.011787526711048713
0.01187311901540136
0.011952537310787228
0.01202642103962278
0.012095324976500114
0.012159732684284103
0.012220067502973353
0.012276701579258344
0.012329963329599701
0.012380143642825234
0.012427501062258836
0.012472266136881547
0.012514645092086066
0.01255482294036819
0.012592966128697954
0.012629224800767436
0.012663734737652635
0.012696619028774274
0.01272798951572928
0.012757948044083697
0.012786587552177882
0.012813993021095937
0.012840242305959136
0.012865406865435993
0.012889552403676466
0.012912739436661984
0.01293502379312745
0.012956457058685197
0.012977086970507114
0.012996957768854792
0.013016110510851324
0.01303458335113325
0.013052411793382382
0.013069628916195723
0.013086265576291167
0.01310235059165362
0.013117910906890358
0.013132971742776329
0.013147556731722344
0.013161688040685888
0.013175386482859739
0.01318867161931418
0.013201561851629927
0.013214074506438633
0.01322622591268273
0.013238031472314846
0.01324950572507683
0.01326066240792807
0.013271514509631124
0.0132820743209484
0.013292353480855553
0.013302363019135306
0.013312113395677694
0.013321614536779824
0.01333087586870878
0.013339906348765132
0.013348714494061432
0.013357308408209092
0.013365695806088847
0.013373884036863223
0.013381880105374793
0.013389690692060672
0.013397322171501773
0.013404780629714771
0.013412071880284933
0.013419201479429432
0.013426174740072891
0.013432996745009852
0.013439672359222474
0.013446206241416018
0.013452602854829398
0.013458866477373385
0.013465001211144712
0.013471010991360383
0.013476899594753029
0.013482670647464801
0.013488327632474359
0.013493873896588892
0.013499312657030554
0.013504647007644496
0.01350987992475358
0.013515014272683031
0.013520052808976522
0.013524998189323543
0.013529852972216627
0.013534619623355438
0.013539300519813694
0.01354389795398361
0.013548414137311737
0.013552851203838718
0.013557211213555114
0.013561496155584146
0.013565707951201784
0.013569848456703776
0.013573919466128546
0.013577922713844393
0.013581859877008783
0.01358573257790708
0.013589542386177452
0.013593290820928548
0.013596979352755705
0.013600609405661507
0.013604182358885789
0.01360769954865013
0.013611162269821425
0.013614571777498863
0.01361792928852842
0.013621235982948681
0.013624493005371597
0.013627701466301594
0.013630862443396164
0.013633976982671003
0.013637046099652477
0.013640070780480108
0.013643051982961583
0.013645990637582638
0.013648887648474071
0.013651743894337987
0.013654560229335273
0.013657337483936147
0.013660076465735617
0.013662777960235479
0.013665442731594465
0.01366807152334806
0.013670665059099349
0.01367322404318233
0.0136757491612989
0.013678241081130742
0.013680700452927267
0.0136831279100707
0.013685524069619318
0.013687889532829841
0.013690224885659895
0.013692530699251422
0.01369480753039588
0.01369705592198205
0.013699276403427146
0.013701469491092008
0.013703635688681048
0.01370577548762755
0.013707889367465028
0.01370997779618515
0.013712041230582825
0.013714080116589013
0.0137160948895917
0.01371808597474559
0.013720053787270928
0.01372199873274194
0.013723921207365238
0.013725821598248703
0.0137277002836611
0.013729557633282893
0.01373139400844857
0.013733209762380776
0.013735005240416657
0.013736780780226644
0.013738536712025969
0.013740273358779281
0.013741991036398508
0.013743690053934292
0.013745370713761224
0.013747033311757122
0.013748678137476553
0.013750305474318792
0.013751915599690547
0.01375350878516344
0.01375508529662663
0.013756645394434632
0.01375818933355056
0.013759717363684927
0.013761229729430214
0.0137627266703913
0.013764208421311912
0.013765675212197282
0.013767127268433071
0.013768564810900778
0.013769988056089647
0.013771397216205312
0.01377279249927519
0.0137741741092508
0.013775542246107097
0.01377689710593889
0.013778238881054491
0.013779567760066658
0.013780883927980917
0.013782187566281395
0.00865907029774346
0.009101323550517014
0.009479672087673884
0.00980641818162963
0.010091056538581332
0.01034098111853135
0.010562007907957433
0.010758758666883743
0.010934943040532007
0.011093567185937065
0.011237089311591026
0.011367536699914879
0.011486594587509344
0.011595674311389971
0.011695966042093418
0.011788479954164873
0.011874078643840078
0.011953502862225693
0.012027392099853314
0.012096301173021535
0.012160713680918724
0.012221052995320105
0.012277691290831708
0.012330957008534761
0.012381141059052499
0.012428502005071139
0.012473270412829768
0.012515652523151979
0.01255583336237195
0.012593979389905119
0.012630240760666305
0.012664753265877703
0.01269764000415529
0.01272901282544886
0.012758973582928948
0.012787615221873801
0.012815022729710076
0.012841273967368633
0.012866440398849304
0.012890587733203195
0.012913776490925163
0.012936062504913335
0.012957497364626293
0.01297812881079478
0.012998001086978107
0.013017155253359475
0.013035629467418867
0.013053459235483702
0.013070677638615632
0.013087315535831437
0.013103401747262818
0.013118963219524125
0.013134025175268814
0.013148611248667771
0.013162743608329277
0.013176443068995992
0.013189729193194739
0.013202620383876347
0.01321513396896247
0.013227286278611187
0.013239092715921707
0.013250567821718195
0.013261725333982562
0.013272578242444148
0.013283138838780132
0.013293418762832411
0.013303429045204554
0.013313180146565011
0.013322681993949564
0.013331944014326722
0.013340975165663582
0.013349783965706422
0.013358378518669604
0.013366766540007869
0.013374955379430523
0.013382952042301282
0.013390763209554245
0.01339839525624457
0.01340585426884167
0.013413146061363275
0.013420276190439881
0.013427249969391309
0.013434072481390181
0.013440748591780526
0.013447282959614119
0.013453680048461836
0.013459944136552639
0.01346607932628835
0.013472089553178652
0.013477978594237069
0.013483750075875421
0.013489407481331402
0.013494954157661103
0.013500393322325933
0.013505728069401118
0.013510961375430855
0.013516096104953374
0.013521135015717396
0.013526080763609904
0.013530935907313678
0.013535702912711733
0.013540384157054532
0.013544981932904765
0.013549498451873396
0.013553935848159768
0.013558296181907594
0.013562581442388005
0.013566793551019824
0.013570934364236809
0.01357500567621078
0.013579009221438985
0.013582946677203594
0.013586819665910568
0.013590629757314794
0.01359437847063785
0.013598067276584424
0.013601697599262948
0.013605270818015807
0.013608788269163922
0.013612251247670456
0.013615661008727903
0.013619018769272701
0.013622325709431162
0.013625582973900336
0.0136287916732672
0.013631952885269362
0.013635067656000272
0.013638137001061802
0.013641161906666775
0.01364414333069408
0.013647082203698627
0.013649979429878417
0.013652835888000887
0.013655652432290409
0.01365842989327894
0.013661169078621523
0.013663870773878338
0.013666535743264933
0.013669164730372047
0.013671758458856563
0.013674317633104834
0.013676842938869727
0.013679335043882551
0.013681794598441061
0.013684222235974552
0.013686618573587179
0.013688984212580347
0.013691319738955234
0.013693625723896246
0.013695902724236219
0.013698151282904292
0.013700371929357025
0.013702565179993638
0.013704731538555993
0.013706871496513893
0.013708985533436496
0.013711074117350251
0.013713137705084033
0.013715176742601934
0.01371719166532431
0.013719182898437455
0.013721150857192489
0.013723095947193769
0.01372501856467737
0.013726919096779928
0.01372879792179834
0.013730655409440538
0.01373249192106787
0.013734307809929229
0.013736103421387437
0.01373787909313801
0.013739635155420732
0.013741371931224256
0.013743089736483981
0.013744788880273529
0.013746469664989963
0.013748132386533093
0.013749777334478987
0.013751404792248012
0.013753015037267474
0.013754608341129189
0.013756184969742074
0.01375774518347999
0.013759289237325004
0.013760817381006193
0.013762329859134208
0.013763826911331743
0.013765308772359965
0.013766775672241202
0.01376822783637787
0.013769665485667876
0.013771088836616562
0.013772498101445329
0.01377389348819705
0.01377527520083841
0.013776643439359228
0.013777998399868875
0.013779340274689966
0.01378066925244927
0.01378198551816607
0.013783289253337968
0.008659779899968828
0.009102066366422934
0.009480443219611213
0.009807213701061843
0.010091873256473068
0.010341816416723312
0.010562859614254759
0.010759624961530628
0.010935822385383525
0.011094458270204433
0.01123799100981953
0.011368448039090536
0.011487514721052704
0.011596602498400919
0.011696901630640091
0.011789422367717264
0.011875027370171092
0.01195445744426498
0.012028352128099034
0.012097266279204499
0.012161683532680581
0.012222027291718084
0.012278669758521467
0.012331939398512824
0.012382127143863202
0.01242949157640117
0.012474263279427794
0.012516648509022246
0.012556832305199876
0.012594981139680106
0.01263124517847303
0.012665760222831736
0.012698649380463004
0.012730024509574589
0.012759987470855137
0.012788631216441951
0.012816040740032189
0.012842293908300297
0.012867462190516845
0.012891611300578417
0.012914801763442015
0.012937089416121686
0.012958525851878573
0.012979158814961832
0.012999032552191044
0.013018188126774733
0.01303666369900403
0.013054494777821904
0.013071714446726657
0.013088353567007827
0.013104440960919533
0.01312000357706039
0.013135066639941028
0.013149653785472393
0.013163787183894823
0.013177487651483247
0.01319077475220448
0.013203666890363907
0.013216181395158514
0.01322833459794823
0.013240141902965793
0.013251617852105414
0.013262776184359905
0.013273629890414394
0.013284191262850447
0.013294471942366354
0.013304482960377211
0.01331423477832104
0.013323737323963901
0.013333000024967769
0.013342031839958678
0.013350841287309444
0.01335943647183053
0.013367825109544162
0.013376014550700201
0.013384011801177598
0.013391823542401801
0.013399456149896799
0.013406915710579611
0.013414208038895523
0.013421338691883642
0.013428312983254514
0.013435135996554543
0.013441812597485503
0.013448347445441756
0.013454745004322382
0.013461009552670895
0.013467145193190751
0.013473155861680991
0.01347904533543283
0.013484817241124703
0.013490475062250401
0.013496022146112065
0.013501461710407663
0.013506796849439874
0.013512030539971713
0.013517165646751997
0.013522204927732172
0.013527151038994463
0.013532006539409738
0.013536773895042275
0.013541455483317286
0.013546053596965982
0.013550570447761895
0.013555008170061235
0.013559368824159156
0.013563654399473003
0.013567866817562824
0.013572007934998836
0.013576079546084729
0.013580083385445241
0.013584021130485817
0.013587894403731664
0.013591704775053042
0.01359545376378319
0.013599142840734884
0.013602773430121232
0.013606346911385986
0.013609864620948282
0.013613327853866451
0.01361673786542524
0.013620095872650523
0.013623403055755342
0.013626660559520871
0.013629869494615709
0.013633030938856662
0.013636145938414066
0.013639215508964414
0.013642240636793024
0.013645222279849167
0.013648161368756132
0.013651058807778381
0.01365391547574792
0.013656732226951901
0.013659509891983307
0.013662249278556537
0.0136649511722895
0.013667616337453888
0.013670245517695103
0.013672839436723197
0.013675398798976278
0.013677924290257609
0.013680416578347569
0.01368287631359169
0.013685304129465822
0.01368770064311946
0.013690066455898197
0.013692402153846268
0.013694708308190046
0.013696985475803296
0.013699234199655042
0.013701455009240752
0.01370364842099759
0.013705814938704427
0.013707955053867186
0.013710069246090265
0.013712157983434496
0.013714221722762317
0.0137162609100706
0.013718275980811687
0.013720267360203122
0.013722235463526519
0.013724180696416056
0.01372610345513691
0.013728004126854173
0.01372988308989253
0.013731740713987074
0.013733577360525707
0.013735393382783288
0.013737189126147999
0.013738964928340173
0.013740721119623864
0.01374245802301145
0.013744175954461545
0.013745875223070483
0.01374755613125754
0.013749218974944265
0.01375086404372801
0.013752491621049964
0.013754101984357812
0.013755695405263325
0.01375727214969496
0.01375883247804571
0.013760376645316364
0.013761904901254361
0.013763417490488317
0.013764914652658538
0.01376639662254343
0.013767863630182228
0.013769315900993903
0.013770753655892597
0.013772177111399556
0.013773586479751767
0.013774981969007404
0.013776363783148126
0.013777732122178438
0.013779087182222143
0.01378042915561596
0.013781758231000533
0.013783074593408724
0.013784378424351486
0.008660481486158023
0.009102800791083304
0.009481205640421226
0.009808000233864841
0.010092680748259614
0.010342642278910977
0.010563701699187602
0.010760481470010332
0.010936691796641336
0.011095339288259363
0.01123888252193097
0.011369349083236498
0.01148842446021744
0.011597520200054152
0.011697826650214757
0.011790354135196338
0.011875965379114041
0.011955401242764924
0.012029301311280223
0.012098220482958038
0.012162642428402728
0.012222990581865786
0.012279637172838318
0.012332910690808312
0.012383102089251209
0.012430469968921677
0.012475244929990005
0.012517633243618613
0.012557819963349462
0.012595971573066977
0.012632238249751161
0.012666755804572705
0.012699647354226469
0.012731024765084895
0.012760989905269804
0.01278963573370006
0.012817047250272502
0.012843302327340267
0.012868472439385123
0.012892623305094391
0.012915815453836813
0.012938104726695857
0.012959542720692269
0.01298017718355387
0.01300005236532368
0.013019209332201381
0.013037686247257482
0.013055518622020947
0.01307273954239922
0.013089379871928914
0.013105468434962589
0.013121032182060708
0.013136096339570087
0.013150684545122096
0.013164818970570676
0.013178520433705723
0.01319180849991777
0.01320470157485145
0.013217216988964692
0.013229371074805676
0.013241179237727892
0.013252656020683488
0.01326381516366475
0.013274669658301815
0.013285231798070417
0.013295513224515557
0.013305524969854696
0.01331527749628673
0.013324780732299743
0.013334044106241349
0.013343076577389076
0.013351886664735201
0.013360482473679547
0.013368871720805411
0.013377061756897122
0.013385059588343025
0.013392871897054369
0.013400505059018686
0.01340796516159554
0.013415258019652945
0.013422389190634008
0.013429363988635578
0.01343618749757361
0.013442864583503598
0.013449399906158618
0.013455797929762233
0.013462062933168975
0.013468199019380515
0.013474210124481984
0.013480100026039148
0.01348587235099406
0.013491530583093686
0.013497078069883477
0.013502518029295248
0.013507853555856587
0.013513087626546846
0.013518223106323054
0.013523262753337088
0.013528209223864213
0.013533065076961254
0.013537832778871708
0.013542514707193566
0.01354711315482465
0.01355163033369922
0.013556068378328599
0.013560429349157653
0.01356471523574829
0.013568927959800204
0.013573069378018512
0.01357714128483729
0.013581145415007323
0.013585083446055943
0.013588957000626258
0.013592767648702594
0.013596516909728589
0.013600206254623888
0.013603837107705085
0.013607410848516162
0.01361092881357336
0.0136143922980291
0.013617802557259346
0.013621160808378392
0.01362446823168503
0.013627725972043607
0.013630935140203419
0.013634096814059587
0.013637212039858449
0.013640281833350303
0.013643307180892104
0.013646289040502732
0.013649228342873096
0.013652125992333345
0.013654982867779334
0.013657799823560279
0.013660577690329512
0.013663317275860105
0.013666019365827045
0.013668684724557557
0.013671314095751053
0.013673908203170168
0.01367646775130419
0.0136789934260062
0.013681485895105086
0.013683945808993637
0.013686373801193714
0.01368877048889964
0.013691136473500707
0.013693472341083722
0.013695778662916547
0.013698055995913403
0.013700304883082756
0.013702525853958546
0.01370471942501545
0.01370688610006893
0.013709026370660623
0.013711140716429758
0.013713229605471179
0.013715293494680501
0.013717332830086996
0.013719348047174642
0.013721339571191867
0.013723307817450464
0.013725253191614061
0.013727176089976627
0.01372907689973138
0.013730955999230476
0.013732813758235884
0.013734650538161744
0.013736466692308576
0.013738262566089655
0.013740038497249848
0.013741794816077197
0.013743531845607539
0.013745249901822451
0.013746949293840701
0.013748630324103547
0.013750293288554026
0.01375193847681053
0.013753566172334836
0.013755176652594774
0.013756770189221855
0.013758347048163845
0.013759907489832655
0.0137614517692476
0.013762980136174247
0.013764492835259
0.013765990106159545
0.013767472183671369
0.0137689392978504
0.01377039167413199
0.013771829533446318
0.013773253092330365
0.013774662563036534
0.013776058153638105
0.013777440068131561
0.013778808506535928
0.013780163664989256
0.013781505735842237
0.01378283490774921
0.013784151365756484
0.013785455291388197
0.008661175191366706
0.009103526965875606
0.00948195949687105
0.009808777931447635
0.01009347916938487
0.010343458864074808
0.010564534324859529
0.010761328357203155
0.010937551441669725
0.011096210409700626
0.011239764019544364
0.011370240005806848
0.011489323980131541
0.011598427593010564
0.011698741278887113
0.011791275435970857
0.01187689285123927
0.011956334439410451
0.012030239832118442
0.012099163967970245
0.012163590552676535
0.012223943051200576
0.012280593720013593
0.012333871072399133
0.012384066082897698
0.012431437370977455
0.01247621555348842
0.012518606916506829
0.01255879652694929
0.01259695088072858
0.012633220165671394
0.012667740202754595
0.012700634117560174
0.01273201378453354
0.012761981079146171
0.01279062896702235
0.012818042454188914
0.012844299418613911
0.012869471339931774
0.012893623941566745
0.01291681775724974
0.012939108632087939
0.01296054816681946
0.012981184112611708
0.013001060722694928
0.01302021906622636
0.01303869730902467
0.013056530965175783
0.01307375312296919
0.013090394648163375
0.013106484367185731
0.013122049232536551
0.013137114472378204
0.013151703726043155
0.01316583916698083
0.013179541614479064
0.013192830635336123
0.013205724636520842
0.013218240949737925
0.01323039590871046
0.013242204919900084
0.013253682527305015
0.013264842471905791
0.013275697746266921
0.01328626064474827
0.013296542809732043
0.013306555274229057
0.013316308501190515
0.01332581241981844
0.013335076459138364
0.013344109579071999
0.013352920299224117
0.01336151672557729
0.01336990657526958
0.013378097199613772
0.013386095605501896
0.013393908475325539
0.013401542185530562
0.013409002823914115
0.013416296205762183
0.013423427888917339
0.013430403187858386
0.013437227186866692
0.013443904752347495
0.013450440544368766
0.01345683902747493
0.013463104480828016
0.013469241007724586
0.013475252544532626
0.013481142869089384
0.013486915608597553
0.013492574247054454
0.01349812213224609
0.013503562482335515
0.013508898392072685
0.013514132838650874
0.013519268687232966
0.013524308696169038
0.013529255521925205
0.013534111723742177
0.013538879768040652
0.01354356203258945
0.01354816081045114
0.013552678313718916
0.013557116677057448
0.013561477961059644
0.013565764155430364
0.013569977182007354
0.01357411889762913
0.013578191096858691
0.01358219551457145
0.013586133828415253
0.013590007661149787
0.013593818582872166
0.013597568113135184
0.013601257722964152
0.013604888836777997
0.013608462834219792
0.013611981051901798
0.013615444785069479
0.01361885528918897
0.013622213781462006
0.013625521442272161
0.013628779416566029
0.013631988815172694
0.013635150716064703
0.013638266165563554
0.013641336179492498
0.013644361744279354
0.013647343818011817
0.013650283331447643
0.013653181188981942
0.013656038269573702
0.013658855427633506
0.013661633493874347
0.013664373276127326
0.01366707556012386
0.013669741110246074
0.013672370670246799
0.013674964963940654
0.013677524695867527
0.013680050551929765
0.013682543200004227
0.013685003290530406
0.013687431457075678
0.013689828316878691
0.013692194471371925
0.013694530506684292
0.013696836994124679
0.013699114490647315
0.013701363539299655
0.013703584669653674
0.013705778398221156
0.013707945228853734
0.013710085653128357
0.013712200150718695
0.013714289189753218
0.013716353227160354
0.013718392709001409
0.013720408070791633
0.013722399737810004
0.013724368125398137
0.013726313639248798
0.013728236675684418
0.013730137621926018
0.013732016856352936
0.013733874748753684
0.01373571166056837
0.013737527945122886
0.01373932394785531
0.013741100006534761
0.01374285645147301
0.013744593605729095
0.013746311785307273
0.013748011299348526
0.013749692450315824
0.013751355534173464
0.013753000840560636
0.013754628652959462
0.013756239248857719
0.013757832899906414
0.013759409872072415
0.01376097042578633
0.013762514816085793
0.01376404329275431
0.013765556100455845
0.013767053478865306
0.013768535662795038
0.013770002882317485
0.013771455362884193
0.013772893325441212
0.013774316986541064
0.0137757265584514
0.013777122249260441
0.01377850426297932
0.013779872799641425
0.013781228055398899
0.013782570222616239
0.013783899489961334
0.013785216042493787
0.01378652006175076
0.008661861147633804
0.009104245029019388
0.00948270493244946
0.0098095469418372
0.010094268671820573
0.0103442663276441
0.010565357649753184
0.01076216578430646
0.010938401484094537
0.011097071800338618
0.011240635670445247
0.011371120976381183
0.011490213452011145
0.011599324849984945
0.011699645690749287
0.011792186445403016
0.011877809963083703
0.011957257211828151
0.012031167869253751
0.012100096913826134
0.012164528085970119
0.012224884881017667
0.012281539582118733
0.012334820726086614
0.012385019308291565
0.012432393966706208
0.012477175334673957
0.01251956971301826
0.012559762181880985
0.01259791924906889
0.012634191113134186
0.012668713604750373
0.012701609858287301
0.012732991756173158
0.01276296118114699
0.012791611105463572
0.012819026541211283
0.012845285371910362
0.012870459082290338
0.012894613400459453
0.012917808864462085
0.012940101323384159
0.012961542381639653
0.012982179793797129
0.013002057816238461
0.01302121752104539
0.013039697076754068
0.013057531999978791
0.013074755381364513
0.013091398088866727
0.01310748895096453
0.013123054922076351
0.013138121232159839
0.013152711522229544
0.013166847967312559
0.013180551388177923
0.013193841353015913
0.013206736270104772
0.013219253472382049
0.013231409294732618
0.01324321914471389
0.013254697567358455
0.01326585830462406
0.013276714349999169
0.013287277998717891
0.013297560893990281
0.013307574069611642
0.013317327989277108
0.013326832582894632
0.013336097280160112
0.01334513104163224
0.01335394238752145
0.01336253942438654
0.013370929869914148
0.013379121075939616
0.013387120049853016
0.013394933474520924
0.013402567726842406
0.013410028895047305
0.013417322794834912
0.0134244549844428
0.013431430778727462
0.0134382552623316
0.013444933302006287
0.013451469558150648
0.013457868495626375
0.01346413439389958
0.0134702713565584
0.013476283320250537
0.013482174063081675
0.013487947212512239
0.013493606252787102
0.013499154531930145
0.01350459526833307
0.013509931556965714
0.013515166375232892
0.013520302588501041
0.013525342955316213
0.013530290132333254
0.0135351466789747
0.01353991506183647
0.013544597658856312
0.013549196763259694
0.013553714587296959
0.013558153265784433
0.013562514859461403
0.013566801358174067
0.013571014683896708
0.01357515669359974
0.01357922918197364
0.013583233884017061
0.01358717247749702
0.013591046585288476
0.01359485777760007
0.013598607574092533
0.013602297445895674
0.013605928817529584
0.01360950306873535
0.013613021536220161
0.013616485515321483
0.013619896261594627
0.013623254992327787
0.013626562887988376
0.013629821093604305
0.013633030720083563
0.013636192845475252
0.013639308516175196
0.013642378748078792
0.01364540452768392
0.013648386813146316
0.013651326535289849
0.01365422459857386
0.013657081882019763
0.013659899240098819
0.013662677503583031
0.013665417480360861
0.013668119956219537
0.013670785695595464
0.0136734154422943
0.013676009920182069
0.013678569833848698
0.01368109586924524
0.013683588694295985
0.013686048959486625
0.013688477298429525
0.013690874328407172
0.01369324065089476
0.013695576852062817
0.013697883503260812
0.013700161161482517
0.013702410369813966
0.013704631657864733
0.013706825542183276
0.013708992526657023
0.013711133102897817
0.013713247750613408
0.013715336937965499
0.013717401121914968
0.013719440748554801
0.013721456253431172
0.013723448061853265
0.013725416589192182
0.013727362241169497
0.013729285414135794
0.013731186495339586
0.013733065863187077
0.01373492388749305
0.013736760929723266
0.01373857734322871
0.013740373473471996
0.013742149658246227
0.013743906227886623
0.013745643505475167
0.01374736180703856
0.013749061441739732
0.013750742712063127
0.013752405913994063
0.013754051337192291
0.013755679265160069
0.01375728997540488
0.013758883739597015
0.013760460823722228
0.013762021488229626
0.013763565988174947
0.013765094573359431
0.013766607488464425
0.013768104973181849
0.013769587262340718
0.01377105458602982
0.013772507169716708
0.013773945234363117
0.013775368996536948
0.013776778668520926
0.013778174458418047
0.013779556570253928
0.013780925204076169
0.013782280556050821
0.013783622818556062
0.013784952180273164
0.01378626882627488
0.01378757293811125
0.008662539484065288
0.009104955115663924
0.009483442087457921
0.009810307409772385
0.010095049404162709
0.010345064821595595
0.01056617182883083
0.010762993908936914
0.010939242083906973
0.011097923622300582
0.01124149763869212
0.01137199216077221
0.011491093043269129
0.011600212139855537
0.01170054005602627
0.011793087334959637
0.011878716887262797
0.01195816973369897
0.012032085597358069
0.012101019496121572
0.012165455204742815
0.01222581624858511
0.012282474937180782
0.012335759830611484
0.012385961944845834
0.012433339936155342
0.01247812445419361
0.01252052181436748
0.01256071710989715
0.012598876860351233
0.012635151274888325
0.012669676193770844
0.012702574760058871
0.012733958864074687
0.012763930395744187
0.012792582333878977
0.012819999696561642
0.012846260372802926
0.012871435852370865
0.012895591868005669
0.012918788962017248
0.012941082987426095
0.012962525552281197
0.012983164414514494
0.013003043833624476
0.013022204884584915
0.013040685738619232
0.013058521914842025
0.013075746506227542
0.013092390382903892
0.013108482375379064
0.013124049439968317
0.013139116808404645
0.013153708123365998
0.013167845561439604
0.013181549944859261
0.013194840843191778
0.013207736666010278
0.013220254747471443
0.01323241142360904
0.013244222103064075
0.013255701331892022
0.013266862853016988
0.013277719660841115
0.01328828405146305
0.0132985676689115
0.013308581547757544
0.01331833615243197
0.013327841413540842
0.01333710676144296
0.013346141157326928
0.013354953122002102
0.013363550762597114
0.013371941797341087
0.013380133578586105
0.013388133114214768
0.013395947087563337
0.013403581875979075
0.013411043568119691
0.013418337980093202
0.013425470670527786
0.013432446954653447
0.013439271917470188
0.013445950426071076
0.013452487141182728
0.01345888652798056
0.013465152866231404
0.013471290259811721
0.013477302645645825
0.013483193802104857
0.013488967356904113
0.013494626794533268
0.013500175463251426
0.013505616581676412
0.013510953244995502
0.013516188430822682
0.0135213250047257
0.013526365725444398
0.013531313249820263
0.01353617013745563
0.0135409388551197
0.013545621780917259
0.013550221208234882
0.013554739349478309
0.013559178339613825
0.013563540239525485
0.013567827039199256
0.013572040660744425
0.013576182961261854
0.01358025573556808
0.013584260718783613
0.013588199588793337
0.013592073968586188
0.0135958854284811
0.01359963548824555
0.01360332561911267
0.013606957245702603
0.013610531747853347
0.013614050462365978
0.013617514684668944
0.01362092567040573
0.013624284636950031
0.013627592764852169
0.013630851199220473
0.013634061051040952
0.013637223398438427
0.01364033928788221
0.013643409735339038
0.013646435727376085
0.013649418222216375
0.01365235815074914
0.013655256417497253
0.013658113901543851
0.013660931457420212
0.013663709915956671
0.013666450085098435
0.013669152750687912
0.013671818677215192
0.01367444860853817
0.013677043268573701
0.013679603361961187
0.013682129574699862
0.013684622574760916
0.01368708301267572
0.013689511522101135
0.013691908720362998
0.013694275208978738
0.013696611574160047
0.013698918387296512
0.013701196205421026
0.01370344557165775
0.013705667015653455
0.013707861053992871
0.01371002819059881
0.013712168917117637
0.013714283713290783
0.013716373047312826
0.013718437376176736
0.01372047714600682
0.013722492792379842
0.013724484740634837
0.013726453406172085
0.013728399194741654
0.013730322502721947
0.013732223717388676
0.013734103217174616
0.013735961371920511
0.013737798543117512
0.013739615084141413
0.013741411340479077
0.01374318764994734
0.013744944342904606
0.013746681742455547
0.013748400164649057
0.013750099918669764
0.013751781307023366
0.013753444625715955
0.013755090164427625
0.013756718206680538
0.01375832903000166
0.013759922906080357
0.013761500100921064
0.01376306087499117
0.013764605483364322
0.013766134175859309
0.013767647197174646
0.01376914478701909
0.013770627180238137
0.013772094606936736
0.013773547292598269
0.013774985458199994
0.013776409320325006
0.013777819091270939
0.0137792149791554
0.013780597188018329
0.013781965917921375
0.013783321365044366
0.01378466372177898
0.013785993176819746
0.013787309915252396
0.013788614118639735
0.008663210326915123
0.009105657357972995
0.009484171099098581
0.009811059476794694
0.010095821511724707
0.010345854494548794
0.01056697701363152
0.010763812885229342
0.01094007339756395
0.01109876603413228
0.011242350084719336
0.011372853721129748
0.011491962917620127
0.011601089627769973
0.011701424541182677
0.01179397827231975
0.01187961379257885
0.011959072174867132
0.012032993187244679
0.012101931886573384
0.012166372081555868
0.012226737327255016
0.012283399959294065
0.012336688560765974
0.012386894168010167
0.012434275455394899
0.012479063088703769
0.012521463397765893
0.012561661488735342
0.012599823892812638
0.012636100829645575
0.012670628148979568
0.012703529002468926
0.012734915288242816
0.012764888903334583
0.012793542833040229
0.012820962101370322
0.012847224602765467
0.012872401831976535
0.012896559526324531
0.012919758232337783
0.012942053806927874
0.012963497861738647
0.012984138158028275
0.013004018958377422
0.013023181340619938
0.013041663478636834
0.013059500894015395
0.01307672668203341
0.01309337171496762
0.013109464825332484
0.013125032971319148
0.013140101386416324
0.013154693714946986
0.013168832135041272
0.01318253747038154
0.01319582929189595
0.013208726010438172
0.013221244961370579
0.013233402481863117
0.013245213981628427
0.013256694007733567
0.013267856304058323
0.013278713865908422
0.013289278990237503
0.013299563321883883
0.01330957789618584
0.013319333178301695
0.013328839099527904
0.013338105090878849
0.01334714011416608
0.013355952690791272
0.013364550928446593
0.013372942545897652
0.013381134896007568
0.013389134987146023
0.01339694950311379
0.013404584821701359
0.013412047031989595
0.013419341950490708
0.013426475136219185
0.013433451904774393
0.01344027734150971
0.013446956313856409
0.013453493482864978
0.013459893314021098
0.01346616008738899
0.013472297907130264
0.013478310710442785
0.013484202275960217
0.013489976231649917
0.013495636062243653
0.013501185116233152
0.013506626612459865
0.013511963646326106
0.013517199195652722
0.013522336126206548
0.013527377196919082
0.013532325064816376
0.013537182289678582
0.013541951338446271
0.013546634589389426
0.01355123433605394
0.013555752790999243
0.01356019208933992
0.013564554292103181
0.013568841389413238
0.013573055303512879
0.01357719789163198
0.013581270948711728
0.013585276209993178
0.013589215353477742
0.013593090002267091
0.013596901726789241
0.013600652046917214
0.013604342433986337
0.01360797431271571
0.013611549063039154
0.013615068021850602
0.013618532484668475
0.013621943707223468
0.013625302906973818
0.013628611264551848
0.013631869925145422
0.013635079999817699
0.013638242566768388
0.013641358672539461
0.013644429333168236
0.013647455535290388
0.0136504382371955
0.01365337836983745
0.01365627683780192
0.013659134520233106
0.013661952271721633
0.013664730923155531
0.01366747128253612
0.013670174135760375
0.01367284024737148
0.01367547036127899
0.013678065201450026
0.013680625472572937
0.013683151860694583
0.013685645033832544
0.01368810564256337
0.013690534320587918
0.013692931685274903
0.013695298338183517
0.013697634865566164
0.013699941838852113
0.01370221981511293
0.013704469337510499
0.013706690935728363
0.01370888512638713
0.013711052413444603
0.013713193288581286
0.01371530823157192
0.013717397710643602
0.013719462182821034
0.013721502094259496
0.013723517880566
0.01372550996710912
0.013727478769317979
0.013729424692970813
0.013731348134473555
0.01373324948112881
0.013735129111395624
0.01373698739514043
0.013738824693879471
0.013740641361013082
0.013742437742052124
0.013744214174836872
0.013745970989748686
0.013747708509914663
0.013749427051405647
0.013751126923427733
0.013752808428507617
0.013754471862671955
0.013756117515620947
0.013757745670896444
0.013759356606044684
0.013760950592773893
0.013762527897106979
0.013764088779529417
0.013765633495132566
0.013767162293752551
0.013768675420104888
0.013770173113914973
0.013771655610044616
0.013773123138614733
0.013774575925124367
0.01377601419056611
0.013777438151538108
0.013778848020352726
0.013780244005142023
0.013781626309960115
0.013782995134882528
0.013784350676102716
0.01378569312602572
0.013787022673359163
0.013788339503201633
0.01378964379712854
0.008663873799663597
0.009106351885206865
0.00948489210155938
0.009811803281336087
0.010096585136627579
0.010346635491858141
0.01056777335236513
0.010764622863932358
0.010940895578085138
0.011099599190896339
0.01124319316543662
0.011373705816041293
0.011492823235182088
0.011601957475247702
0.01170229930902602
0.011794859421478586
0.011880500844125681
0.0119599647014455
0.01203389080597423
0.012102834253125914
0.012167278885179468
0.012227648286571049
0.012284314818728157
0.012337607087502244
0.012387816149379732
0.012435200696626788
0.0124799914109798
0.012522394636531712
0.01256259549222835
0.012600760520774364
0.012637039952191507
0.012671569645603998
0.012704472761165948
0.012735861204727649
0.0127658368803518
0.01279449277974756
0.012821913932788361
0.012848178239284986
0.012873357198916422
0.012897516553534135
0.012920716853838518
0.012943013960589504
0.012964459488986292
0.012985101203576734
0.013004983369989821
0.013024147068888044
0.013042630476780821
0.013060469117700944
0.01307769608920445
0.013094342265693087
0.013110436481665752
0.01312600569716886
0.01314107514742756
0.013155668478391773
0.01316980786971759
0.013183514146520033
0.013196806881073633
0.01320970448549855
0.013222224296349595
0.01323438265192042
0.013246194962983526
0.013257675777606427
0.013268838840614106
0.013279697148205942
0.013290262998181167
0.013300548036178816
0.013310563298295934
0.013320319250410391
0.013329825824501434
0.013339092452231843
0.013348128096029262
0.013356941277881175
0.013365540106037096
0.013373932299793223
0.013382125212518104
0.013390125853063147
0.013397940905688528
0.013405576748623098
0.01341303947136623
0.013420334890829898
0.013427468566410632
0.013434445814073121
0.013441271719520219
0.013447951150517702
0.01345448876843636
0.013460889039068755
0.013467156242773198
0.013473294483993342
0.01347930770019758
0.013485199670279224
0.013490974022454909
0.013496634241695844
0.01350218367672384
0.013507625546601492
0.013512962946943801
0.013518198855776204
0.013523336139062432
0.013528377555923527
0.01353332576356809
0.01353818332195214
0.013542952698185716
0.013547636270702202
0.013552236333205046
0.013556755098405676
0.01356119470156536
0.013565557203852899
0.013569844595529203
0.013574058798969122
0.013578201671530097
0.01358227500827663
0.013586280544568972
0.013590219958523797
0.013594094873354272
0.01359790685959628
0.01360165743722725
0.013605348077683571
0.013608980205782203
0.013612555201551756
0.013616074401977988
0.013619539102668303
0.013622950559439656
0.013626309989833904
0.013629618574564455
0.013632877458897828
0.013636087753973505
0.01363925053806524
0.013642366857786893
0.01364543772924556
0.013648464139144683
0.013651447045839659
0.013654387380348305
0.013657286047318438
0.013660143925954629
0.013662961870906192
0.013665740713118227
0.013668481260647541
0.013671184299445097
0.013673850594106573
0.013676480888592614
0.013679075906920073
0.013681636353825678
0.01368416291540342
0.01368665625971675
0.013689117037386893
0.013691545882158235
0.013693943411441877
0.013696310226838338
0.01369864691464027
0.013700954046316192
0.013703232178975917
0.013705481855818642
0.013707703606564276
0.01370989794786891
0.013712065383724952
0.013714206405846675
0.013716321494041766
0.013718411116569473
0.013720475730485883
0.013722515781976918
0.013724531706679501
0.013726523929991418
0.013728492867370316
0.013730438924622303
0.01373236249818053
0.013734263975374191
0.01373614373468833
0.013738002146014776
0.013739839570894596
0.013741656362752392
0.013743452867122754
0.013745229421869155
0.013746986357395638
0.013748723996851493
0.013750442656329263
0.013752142645056283
0.01375382426558002
0.013755487813947451
0.013757133579878678
0.01375876184693502
0.013760372892681765
0.013761966988845808
0.013763544401468316
0.01376510539105265
0.013766650212707694
0.013768179116286718
0.01376969234652205
0.013771190143155542
0.013772672741065127
0.013774140370387532
0.013775593256637278
0.013777031620822134
0.013778455679555114
0.013779865645163168
0.01378126172579264
0.013782644125511664
0.013784013044409498
0.013785368678693075
0.013786711220780633
0.013788040859392767
0.013789357779640767
0.013790662163112515
0.008664530023093074
0.009107038823801573
0.00948560522609636
0.009812538958803897
0.01009734041788711
0.010347407955702204
0.010568560990003254
0.010765423992500824
0.01094170877514684
0.011100423244267387
0.011244027034325334
0.011374548600629312
0.011493674152574487
0.011602815840279085
0.011703164518806576
0.011795730942848196
0.011881378203389917
0.011960847475917483
0.012034778616957202
0.012103726760054029
0.012168175780696283
0.012228549292372458
0.012285219682032365
0.012338515578037262
0.012388728056800438
0.012436115828290403
0.012480909590022033
0.012523315700196234
0.012563519290410824
0.012601686914748873
0.012637968813492741
0.012672500855042974
0.012705406207960613
0.012736796785732703
0.012766774499374495
0.012795432346938227
0.01282285536409613
0.012849121455970506
0.012874302127114583
0.012898463123860802
0.012921665001036033
0.012943963623206507
0.012965410609087928
0.012986053726481888
0.013005937244032388
0.013025102245199673
0.01304358690909282
0.013061426762163424
0.013078654904220865
0.013095302211768698
0.013111397521268556
0.013126967794601856
0.013142038268711218
0.01315663259115573
0.013170772943100754
0.013184480151078327
0.013197773788694644
0.013210672269322515
0.013223192930696155
0.013235352112220648
0.013247165225716763
0.013258646820241561
0.013269810641554875
0.01328066968673997
0.013291236254432445
0.013301521991063298
0.013311537933480055
0.01332129454827226
0.013330801768094504
0.013340069025250869
0.013349105282778372
0.013357919063243896
0.013366518475448213
0.013374911239212315
0.013383104708404654
0.0133911058923531
0.013398921475772218
0.013406557837324428
0.013414021066923033
0.013421316981875403
0.013428451141955944
0.013435428863490664
0.013442255232528086
0.013448935117164829
0.013455473179088495
0.013461873884395147
0.013468141513734006
0.013474280171827651
0.013480293796412076
0.013486186166637392
0.013491960910966792
0.013497621514608316
0.01350317132651132
0.013508613565957155
0.013513951328771168
0.013519187593181162
0.0135243252253456
0.013529366984573007
0.01353431552825254
0.013539173416514144
0.013543943116635499
0.01354862700721159
0.013553227382101702
0.013557746454167607
0.013562186358815644
0.013566549157354654
0.013570836840180761
0.013575051329799432
0.013579194483694285
0.013583268097051779
0.01358727390535006
0.013591213586819806
0.013595088764784461
0.013598901009886602
0.013602651842206919
0.013606342733281759
0.013609975108024877
0.013613550346558633
0.013617069785959605
0.013620534721923216
0.013623946410351721
0.013627306068869693
0.01363061487827074
0.013633873983899189
0.01363708449696999
0.013640247495830144
0.013643364027164609
0.0136464351071495
0.013649461722555285
0.013652444831802453
0.013655385365972071
0.013658284229773394
0.013661142302470725
0.013663960438771418
0.01366673946967702
0.013669480203299226
0.013672183425642376
0.013674849901354095
0.01367748037444555
0.01368007556898277
0.01368263618975036
0.013685162922888894
0.013687656436507217
0.013690117381270739
0.013692546390966884
0.013694944083048695
0.013697311059157547
0.013699647905625915
0.01370195519396113
0.013704233481310849
0.013706483310911156
0.013708705212517946
0.01371089970282239
0.013713067285851126
0.013715208453351831
0.013717323685164779
0.013719413449581015
0.01372147820368767
0.01372351839370097
0.013725534455287425
0.013727526813873708
0.013729495884945693
0.013731442074337033
0.013733365778507818
0.013735267384813538
0.013737147271764946
0.013739005809278988
0.013740843358921291
0.013742660274140454
0.013744456900494532
0.013746233575869954
0.013747990630693189
0.013749728388135481
0.01375144716431084
0.013753147268467594
0.013754829003173763
0.013756492664496434
0.013758138542175374
0.013759766919791163
0.013761378074927947
0.013762972279331064
0.013764549799059752
0.013766110894635065
0.013767655821183205
0.013769184828574418
0.01377069816155765
0.01377219605989103
0.013773678758468442
0.013775146487442248
0.01377659947234228
0.013778037934191315
0.013779462089617079
0.013780872150960936
0.013782268326383375
0.013783650819966372
0.013785019831812793
0.01378637555814288
0.013787718191387948
0.013789047920281397
0.013790364929947098
0.013791669401985257
0.008665179115361264
0.00910771829744565
0.009486310601113308
0.009813266641662984
0.010098087491498197
0.010348172025169928
0.01056934006836717
0.010766216415185324
0.01094251313517281
0.011101238342624055
0.011244851841531591
0.01137538222664537
0.011494515823013352
0.01160366487742125
0.011704020326314
0.011796592993354768
0.011882246028348979
0.011961720657235612
0.012035656780053047
0.01210460956806277
0.012169062929601621
0.01222944050689469
0.012286114712136753
0.012339414195954248
0.012389630054470782
0.012437021015164841
0.012481817791158298
0.012524226754606724
0.012564433049622433
0.012602603241543255
0.012638887580800662
0.012673421944970708
0.01270632951093001
0.012737722199719382
0.012767701929231053
0.012796361703791424
0.0128237865648085
0.012850054422658384
0.012875236786715576
0.012899399407744788
0.01292260284465453
0.012944902965775962
0.012966351393303089
0.012986995898255874
0.013006880752260563
0.013026047041544753
0.01304453294778893
0.013062373999837205
0.013079603299727818
0.013096251726043274
0.013112348117186631
0.013127919436854363
0.013142990923687887
0.013157586226837976
0.013171727528962868
0.013185435657996205
0.013198730188861377
0.013211629536170236
0.013224151038823583
0.013236311037325851
0.01324812494453469
0.01325960731048595
0.013270771881864159
0.013281631656626866
0.013292198934236938
0.013302485361908731
0.013312501977232103
0.013322259247500533
0.013331767106036622
0.01334103498577878
0.01335007185036677
0.013358886222940585
0.013367486212846266
0.013375879540423895
0.013384073560036383
0.013392075281482903
0.013399891389927462
0.013407528264461333
0.013414991995407258
0.013422288400463698
0.013429423039778836
0.013436401230036074
0.013443228057625843
0.013449908390972008
0.013456446892075542
0.013462848027332714
0.013469116077680485
0.013475255148117347
0.01348126917664396
0.013487161942664467
0.01349293707488593
0.013498598058750637
0.013504148243433035
0.013509590848430841
0.013514928969777469
0.01352016558590088
0.013525303563152163
0.013530345661025284
0.013535294537087985
0.013540152751642269
0.013544922772131616
0.013549606977310856
0.013554207661193429
0.013558727036789807
0.013563167239649834
0.013567530331220858
0.01357181830203276
0.013576033074720188
0.013580176506891575
0.013584250393854014
0.01358825647120226
0.01359219641727976
0.013596071855519034
0.013599884356668198
0.013603635440910075
0.013607326579879887
0.013610959198587128
0.013614534677246895
0.013618054353025594
0.013621519521705712
0.013624931439273881
0.013628291323436483
0.013631600355066473
0.01363485967958511
0.013638070408282013
0.013641233619576632
0.01364435036022425
0.013647421646469246
0.013650448465148386
0.013653431774746552
0.013656372506407364
0.013659271564900858
0.0136621298295504
0.01366494815512077
0.013667727372669351
0.01367046829036212
0.013673171694256223
0.013675838349050649
0.013678468998806557
0.013681064367638614
0.013683625160378772
0.013686152063213705
0.013688645744297125
0.013691106854338168
0.01369353602716683
0.013695933880277632
0.013698301015352365
0.013700638018762893
0.01370294546205494
0.013705223902413587
0.013707473883111412
0.013709695933939899
0.013711890571624927
0.013714058300226994
0.013716199611526802
0.013718314985396864
0.013720404890159679
0.013722469782933091
0.013724510109963294
0.013726526306946058
0.013728518799336648
0.013730488002648826
0.013732434322743532
0.013734358156107459
0.013736259890122138
0.013738139903323742
0.013739998565654065
0.013741836238703013
0.013743653275942938
0.0137454500229551
0.013747226817648622
0.01374898399047218
0.013750721864618717
0.013752440756223469
0.013754140974555552
0.0137558228222033
0.01375748659525369
0.01375913258346595
0.013760761070439703
0.013762372333777743
0.013763966645243667
0.01376554427091458
0.013767105471329033
0.013768650501630366
0.01377017961170561
0.013771693046320147
0.013773191045248212
0.01377467384339947
0.013776141670941731
0.013777594753419983
0.013779033311871847
0.013780457562939606
0.013781867718978876
0.013783263988164138
0.013784646574591063
0.013786015678375967
0.013787371495752265
0.013788714219164203
0.013790044037357858
0.01379136113546953
0.01379266569511162
0.00866582119207212
0.009108390427154323
0.009487008352238799
0.009813986459515225
0.01009882649051644
0.010348927836344097
0.010570110726212938
0.010767000273118709
0.010943308801422094
0.011102044631138031
0.011245667733956351
0.011376206842561175
0.011495348396403208
0.01160450473789083
0.011704866883970821
0.011797445726532785
0.011883104473565855
0.011962584400916914
0.012036525451666124
0.012105482834383823
0.012169940489900328
0.012230322088866742
0.012287000068449919
0.01234030310130084
0.012390522303040385
0.012437916418467754
0.012482716176143136
0.012525127962025932
0.012565336932607684
0.01260350966435934
0.012639796417751786
0.012674333079437414
0.012707242834518531
0.01273863761150806
0.012768619335100914
0.012797281015829814
0.012824707700776549
0.012850977305514242
0.012876161344186548
0.012900325571942553
0.012923530551728278
0.01294583215559913
0.012967282009189805
0.012987927886703865
0.01300781406271756
0.013026981626195927
0.013045468761363076
0.013063310999429764
0.013080541444639007
0.013097190977629791
0.013113288438725612
0.013128860793418379
0.01314393328202994
0.013158529555285563
0.01317267179732022
0.013186380837454012
0.013199676251913279
0.013212576456535525
0.013225098791375536
0.0132372595980252
0.013249074290367854
0.01326055741940755
0.013271722732743503
0.01328258322919812
0.013293151209052579
0.013303438320296136
0.013313455601252949
0.013323213519912834
0.01333272201025917
0.013341990505857841
0.013351027970944854
0.01335984292922711
0.013368443490590017
0.013376837375887143
0.013385031939970524
0.013393034193105516
0.013400850820900728
0.013408488202871657
0.013415952429746041
0.013423249319609223
0.013430384432979104
0.013437363086892633
0.013444190368078446
0.013450871145284121
0.013457410080820603
0.013463811641381135
0.013470080108187305
0.013476219586510532
0.013482234014613298
0.013488127172151
0.01349390268807196
0.013499564048050175
0.01350511460148275
0.013510557568081429
0.01351589604408544
0.013521133008120743
0.013526271326728966
0.013531313759587518
0.013536262964440795
0.01354112150176099
0.013545891839155604
0.01355057635553758
0.013555177345072842
0.013559697020918958
0.013564137518767724
0.013568500900203496
0.013572789155888474
0.013577004208585082
0.01358114791602523
0.013585222073635328
0.013589228417125489
0.013593168624950708
0.013597044320651404
0.013600857075080082
0.0136046084085206
0.013608299792705988
0.013611932652740445
0.013615508368930794
0.013619028278532314
0.013622493677413597
0.013625905821644756
0.013629265929013094
0.013632575180470032
0.013635834721512969
0.013639045663505362
0.013642209084938335
0.013645326032636719
0.013648397522912442
0.01365142454266784
0.013654408050451494
0.013657348977468894
0.013660248228550205
0.013663106683077226
0.013665925195871545
0.013668704598045756
0.013671445697819543
0.013674149281302284
0.013676816113243792
0.013679446937754662
0.013682042478997673
0.013684603441851618
0.013687130512548763
0.01368962435928723
0.013692085632819373
0.013694514967017318
0.013696912979416616
0.013699280271739032
0.013701617430395396
0.013703925026969412
0.013706203618683178
0.01370845374884537
0.013710675947282674
0.013712870730755309
0.01371503860335726
0.01371718005690191
0.013719295571293647
0.0137213856148861
0.013723450644827473
0.013725491107393618
0.013727507438309253
0.013729500063057905
0.013731469397180954
0.013733415846566297
0.013735339807726975
0.013737241668070265
0.013739121806157478
0.013740980591954988
0.013742818387076732
0.013744635545018546
0.013746432411384651
0.013748209324106617
0.013749966613655074
0.013751704603244444
0.013753423609030969
0.013755123940304304
0.013756805899672892
0.013758469783243375
0.013760115880794243
0.01376174447594396
0.013763355846313758
0.01376495026368529
0.01376652799415334
0.013768089298273771
0.013769634431206872
0.013771163642856278
0.013772677178003626
0.013774175276439088
0.013775658173087936
0.013777126098133271
0.01377857927713506
0.013780017931145618
0.013781442276821612
0.013782852526532774
0.01378424888846741
0.013785631566734756
0.013787000761464416
0.013788356668902846
0.01378969948150708
0.013791029388035727
0.01379234657363739
0.013793651219936542
0.008666456366344465
0.009109055331341355
0.009487698602400762
0.00981469853917643
0.010099557545137142
0.010349675522382109
0.01057087309931376
0.010767775704399882
0.010944095914074081
0.011102842251860225
0.01124647485534263
0.011377022593656711
0.011496172019426062
0.011605335569653732
0.011705704340922909
0.011798289292616176
0.011883953690280877
0.011963438859135256
0.012037384784838536
0.012106346712868825
0.0121708086162006
0.012231194193605369
0.01228787590695362
0.012341182450684099
0.012391404959705345
0.012438802195951067
0.012483604903253814
0.012526019481228404
0.012566231098612528
0.012604406342890579
0.012640695484464906
0.012675234418966671
0.012708146339635448
0.01273954318237595
0.01276952687861261
0.012798190445017774
0.01282561893428602
0.0128518902671316
0.012877075962416074
0.012901241779625748
0.012924448285700775
0.01294675135638074
0.01296820262070407
0.012988849856023683
0.013008737339834129
0.013027906163808445
0.013046394514687032
0.013064237926021845
0.013081469504236965
0.013098120132005762
0.013114218651551518
0.013129792030142279
0.01314486550976227
0.013159462742694306
0.013173605914534228
0.013187315855973682
0.013200612144527966
0.013213513197247055
0.013226036355327295
0.013238197961436373
0.01325001343047226
0.013261497314396797
0.013272663361714083
0.013283524572102056
0.013294093246651425
0.013304381034118011
0.013314398973552372
0.013324157533633172
0.013333666648997482
0.013342935753831907
0.013351973812962272
0.013360789350656304
0.013369390477332987
0.013377784914353845
0.013385980017054778
0.013393982796162333
0.013401799937724914
0.013409437821677694
0.013416902539149067
0.013424199908607066
0.013431335490935368
0.013438314603520648
0.013445142333426119
0.013451823549719587
0.01345836291501865
0.013464764896310318
0.013471033775097755
0.013477173656922362
0.013483188480305629
0.01348908202515153
0.013494857920647023
0.013500519652695338
0.013506070570913839
0.013511513895225993
0.013516852722074646
0.013522090030281608
0.013527228686577016
0.013532271450819738
0.013537220980928927
0.01354207983754514
0.013546850488438126
0.013551535312677249
0.013556136604579282
0.013560656577447306
0.013565097367113529
0.013569461035297862
0.013573749572793378
0.013577964902488932
0.013582108882238562
0.013586183307586723
0.01359018991435764
0.013594130381116658
0.013598006331510934
0.013601819336496242
0.013605570916456394
0.013609262543221165
0.013612895641988452
0.01361647159315581
0.01361999173406644
0.01362345736067411
0.013626869729131519
0.013630230057306014
0.013633539526226661
0.013636799281466147
0.013640010434460996
0.01364317406377322
0.013646291216296482
0.013649362908409493
0.013652390127079478
0.013655373830918026
0.013658314951191833
0.013661214392790548
0.013664073035153773
0.013666891733159284
0.013669671317974308
0.01367241259787165
0.013675116359012366
0.013677783366196532
0.013680414363583655
0.01368301007538412
0.013685571206523044
0.013688098443277804
0.01369059245389043
0.01369305388915607
0.013695483382988496
0.013697881552963859
0.013700249000843462
0.0137025863130767
0.013704894061284816
0.013707172802726559
0.013709423080746302
0.01371164542520556
0.01371384035289851
0.013716008367952276
0.013718149962212562
0.013720265615615297
0.013722355796544895
0.013724420962179608
0.013726461558824612
0.01372847802223327
0.01373047077791707
0.01373244024144471
0.01373438681873075
0.013736310906314306
0.0137382128916281
0.013740093153258337
0.013741952061195703
0.013743789977077904
0.013745607254424
0.013747404238860929
0.013749181268342476
0.013750938673360986
0.013752676777152115
0.0137543958958929
0.013756096338893312
0.013757778408781687
0.01375944240168412
0.013761088607398152
0.013762717309560885
0.013764328785811793
0.013765923307950395
0.013767501142088964
0.013769062548800476
0.013770607783262
0.013772137095393593
0.013773650729992978
0.013775148926866085
0.013776631920953623
0.013778099942453822
0.013779553216941477
0.01378099196548342
0.013782416404750565
0.0137838267471266
0.013785223200813504
0.013786605969933937
0.013787975254630654
0.013789331251163005
0.013790674152000668
0.013792004145914662
0.013793321418065763
0.013794626150090365
0.008667084748878406
0.00910971312588858
0.00948838147189867
0.009815403004750815
0.010100280782771743
0.010350415213594161
0.010571627320539711
0.010768542844174882
0.010944874610310814
0.011103631343804179
0.011247273346359872
0.011377829622105548
0.011496986835627518
0.011606157517511997
0.011706532843127046
0.01179912383862652
0.011884793826500489
0.011964284180810648
0.012038234929339975
0.012107201354079698
0.01217166745980473
0.012232056973106297
0.012288742380294359
0.012342052397362448
0.012392278178300528
0.012439678501993604
0.012484484127383249
0.012526901467593705
0.012567115703477861
0.012605293433415776
0.012641584937635076
0.012676126120649688
0.012709040183749425
0.012740439070151752
0.012770424717938673
0.012799090149856503
0.012826520424152584
0.012852793466627335
0.012877980800809763
0.012902148190477032
0.012925356206520687
0.012947660728325136
0.012969113388296103
0.012989761966902208
0.013009650744525092
0.013028820815516831
0.013047310369107208
0.013065154941164343
0.013082387640270072
0.013099039351110384
0.013115138917788031
0.013130713309328213
0.013145787769359738
0.013160385951706335
0.013174530043409082
0.013188240876516509
0.013201538029819082
0.01321443992156628
0.013226963894083822
0.013239126291103659
0.013250942528527565
0.013262427159264942
0.013273593932715069
0.013284455849402285
0.013295025211218168
0.013305313667676899
0.013315332258547686
0.013325091453190668
0.01333460118688961
0.013343870894445203
0.0133529095412668
0.013361725652176939
0.013370327338122476
0.013378722320967462
0.013386917956526495
0.013394921255982363
0.013402738905818588
0.013410377286385507
0.01341784248920789
0.013425140333132388
0.013432276379404525
0.013439255945756958
0.01344608411958391
0.013452765770269994
0.013459305560736167
0.01346570795826008
0.013471977244623446
0.013478117525634783
0.013484132740071805
0.013490026668084396
0.013495802939095617
0.013501465039235477
0.01350701631833923
0.013512459996539824
0.013517799170481515
0.013523036819179905
0.013528175809551596
0.013533218901634982
0.01353816875352211
0.013543027926020098
0.01354779888705921
0.013552484015863555
0.013557085606899139
0.013561605873612999
0.013566046951976263
0.013570410903842946
0.0135746997201356
0.013578915323868132
0.013583059573015428
0.013587134263238721
0.013591141130475125
0.013595081853399152
0.013598958055763556
0.013602771308626284
0.013606523132470027
0.013610214999220271
0.01361384833416761
0.013617424517799362
0.013620944887545696
0.013624410739444676
0.01362782332973067
0.013631183876350237
0.013634493560409239
0.013637753527554867
0.013640964889295913
0.013644128724264537
0.013647246079422463
0.013650317971214517
0.013653345386672087
0.013656329284469103
0.013659270595932825
0.013662170226011735
0.013665029054202624
0.013667847935438857
0.013670627700941702
0.013673369159036532
0.013676073095935524
0.013678740276488473
0.013681371444903279
0.013683967325437415
0.013686528623061842
0.01368905602409855
0.013691550196833034
0.013694011792102743
0.013696441443862676
0.01369883976972913
0.013701207371502553
0.01370354483567045
0.013705852733891247
0.013708131623459916
0.013710382047756167
0.013712604536675957
0.013714799607047072
0.013716967763029407
0.01371910949650065
0.013721225287427937
0.013723315604226127
0.013725380904103206
0.013727421633393362
0.01372943822787829
0.013731431113097147
0.013733400704645644
0.013735347408464738
0.013737271621119323
0.013739173730067316
0.013741054113919524
0.0137429131426907
0.013744751178042056
0.01374656857351564
0.01374836567476086
0.01375014281975347
0.013751900339007304
0.01375363855577904
0.013755357786266256
0.013757058339799042
0.013758740519025406
0.013760404620090701
0.013762050932811305
0.01376367974084276
0.01376529132184259
0.013766885947627983
0.013768463884328515
0.013770025392534108
0.013771570727438405
0.013773100138977725
0.0137746138719657
0.013776112166223854
0.013777595256708165
0.013779063373631837
0.013780516742584317
0.013781955584646826
0.013783380116504346
0.013784790550554385
0.013786187095012448
0.013787569954014476
0.013788939327716224
0.01379029541238981
0.013791638400517421
0.013792968480882349
0.013794285838657402
0.013795590655490794
0.008667706448019629
0.009110363924213192
0.009489057078473395
0.00981609997770308
0.010100996328121819
0.010351147037518937
0.010572373519934893
0.010769301824715378
0.01094564502439665
0.011104412043026798
0.011248063344685682
0.011378628067057405
0.01149779298550015
0.011606970723187934
0.011707352533435715
0.011799949508458436
0.01188562502708325
0.011965120511695786
0.012039076031754744
0.012108046905376113
0.012172517168797014
0.012232910576132489
0.012289599637872035
0.012342913091334711
0.012393142109388942
0.01244054548769073
0.012485354000129987
0.012527774073196682
0.01256799089973004
0.012606171088889895
0.01264246493062466
0.012677008338236533
0.012709924520979953
0.012741325429307351
0.012771313007887503
0.012799980285476072
0.012827412325814115
0.01285368705973411
0.012878876015382885
0.012903044960782805
0.012926254470734796
0.012948560428229304
0.012970014469003551
0.012990664376608707
0.013010554434282808
0.01302972573902847
0.013048216482538375
0.013066062202972187
0.013083296011046533
0.013099948793438614
0.013116049396110668
0.013131624789826359
0.01314670021984159
0.013161299341504598
0.013175444343286342
0.0131891560585778
0.013202454067431042
0.013215356789282297
0.013227881567574637
0.013240044747092965
0.013251861744732177
0.013263347114339151
0.013274514606198846
0.013285377221672978
0.013295947263445483
0.013306236381780842
0.013316255617159253
0.013326015439615105
0.013335525785071956
0.013344796088938071
0.013353835317200103
0.01336265199522952
0.013371254234495427
0.013379649757359058
0.013387845920108613
0.013395849734378278
0.013403667887082053
0.013411306758981036
0.013418772441992147
0.013426070755336632
0.013433207260618009
0.013440187275911253
0.013447015888938055
0.013453697969396473
0.013460238180507606
0.01346664098983664
0.01347291067944089
0.013479051355393129
0.013485066956724589
0.013490961263828441
0.013496737906361342
0.013502400370677646
0.013507952006828222
0.013513396035153228
0.01351873555249622
0.013523973538064504
0.013529112858959181
0.01353415627539626
0.013539106445638842
0.013543965930658822
0.013548737198545293
0.013553422628675448
0.013558024515662938
0.01356254507309724
0.013566986437086918
0.013571350669618648
0.013575639761743096
0.013579855636597908
0.013584000152277509
0.013588075104558672
0.0135920822294902
0.013596023205854619
0.013599899657509157
0.01360371315561284
0.013607465220746177
0.013611157324929372
0.013614790893544702
0.013618367307168314
0.01362188790331642
0.013625353978110464
0.013628766787865638
0.013632127550606856
0.013635437447515962
0.01363869762431386
0.01364190919258084
0.013645073231018462
0.0136481907866558
0.013651262876003066
0.013654290486155157
0.013657274575847667
0.013660216076467765
0.013663115893022163
0.013665974905064219
0.013668793967582298
0.013671573911851137
0.013674315546248119
0.01367701965703598
0.013679687009113732
0.013682318346737141
0.013684914394210271
0.013687475856549428
0.013690003420120757
0.013692497753252736
0.013694959506824683
0.013697389314832374
0.013699787794931839
0.013702155548962234
0.013704493163448786
0.013706801210086701
0.013709080246206793
0.01371133081522373
0.01371355344706754
0.013715748658599269
0.013717916954011233
0.01372005882521276
0.013722174752201863
0.013724265203423524
0.013726330636115138
0.013728371496639611
0.013730388220806659
0.013732381234182814
0.013734350952390511
0.013736297781396834
0.01373822211779217
0.01374012434905936
0.013742004853833568
0.013743864002153343
0.013745702155703164
0.013747519668047808
0.013749316884858925
0.013751094144134002
0.013752851776408134
0.013754590104958789
0.013756309446003881
0.013758010108893402
0.01375969239629482
0.013761356604372537
0.01376300302296157
0.013764631935735707
0.013766243620370329
0.013767838348700108
0.013769416386871729
0.01377097799549189
0.013772523429770643
0.013774052939660367
0.013775566769990456
0.01377706516059785
0.013778548346453645
0.013780016557785843
0.01378147002019841
0.013782908954786774
0.013784333578249862
0.013785744102998841
0.01378714073726261
0.013788523685190235
0.013789893146950342
0.013791249318827678
0.013792592393316806
0.013793922559213159
0.013795240001701453
0.01379654490244159
0.008668321569821662
0.009111007837332931
0.009489725537374885
0.009816789576928206
0.010101704303250747
0.010351871118996894
0.010573111824792186
0.010770052775494674
0.010946407287755432
0.011105184482706544
0.011248844985084931
0.011379418064718132
0.011498590606564246
0.01160777532540553
0.011708163551679172
0.011800766442962275
0.011886447433823041
0.01196594799445977
0.012039908235565965
0.012108883511000167
0.01217335788812884
0.01223375514829966
0.012290447825925819
0.012343764679426288
0.012393996900348233
0.012441403300941208
0.01248621466988532
0.01252863744689484
0.01256885683666853
0.012607039459031948
0.012643335613551441
0.012677881222224503
0.012710799502185935
0.012742202411046597
0.012772191899992324
0.012800861003724571
0.012828294791419986
0.01285457119888987
0.012879761758849993
0.012903932243523026
0.012927143231577919
0.012949450609572989
0.012970906016541724
0.012991557239085225
0.013011448563267691
0.013030621088714249
0.013049113009554428
0.013066959866215172
0.013084194771525327
0.013100848614132238
0.013116950241837958
0.01313252662712621
0.01314760301686279
0.013162203067904318
0.01317634897013649
0.013190061558278534
0.013203360413630781
0.013216263956803653
0.013228789532345752
0.013240953486083794
0.013252771235895293
0.013264257336554681
0.013275425539223219
0.013286288846091154
0.013296859560626387
0.013307149333835765
0.013317169206902965
0.013326929650529465
0.013336440601271872
0.013345711495139587
0.01335475129869046
0.013363568537839075
0.013372171324571261
0.01338056738174018
0.01338876406610262
0.01339676838973939
0.013404587039990413
0.0134122263980232
0.013419692556142677
0.013426991333940722
0.013434128293375053
0.013441108752859345
0.013447937800439297
0.013454620306123093
0.01346116093342879
0.013467564150206075
0.013473834238784947
0.013479975305499645
0.013485991289632227
0.013491885971816582
0.013497662981940484
0.013503325806580285
0.013508877796000143
0.013514322170745276
0.013519662027856403
0.013524900346730522
0.013530039994651279
0.013535083732010412
0.013540034217240269
0.013544894011475789
0.013549665582963185
0.013554351311231151
0.013558953491039406
0.01356347433611834
0.01356791598271252
0.01357228049293989
0.013576569857977856
0.013580786001086486
0.0135849307804785
0.013589005992044977
0.013593013371945236
0.013596954599068668
0.013600831297375864
0.013604645038125866
0.013608397341995974
0.013612089681100096
0.01361572348091123
0.013619300122093406
0.013622820942247968
0.01362628723757886
0.013629700264481246
0.01363306124105756
0.013636371348564838
0.013639631732796895
0.013642843505404786
0.013646007745158716
0.01364912549915441
0.013652197783966771
0.013655225586753524
0.013658209866311284
0.013661151554086513
0.013664051555143492
0.013666910749091581
0.013669729990973555
0.013672510112117064
0.013675251920950926
0.013677956203787933
0.013680623725575764
0.013683255230617562
0.013685851443263482
0.013688413068574698
0.013690940792961043
0.013693435284793522
0.013695897194992881
0.013698327157595246
0.013700725790295947
0.01370309369497244
0.013705431458187294
0.013707739651672081
0.013710018832793094
0.013712269544999576
0.013714492318255288
0.013716687669454159
0.013718856102820597
0.013720998110295233
0.013723114171906626
0.013725204756129566
0.013727270320230554
0.013729311310600886
0.013731328163078031
0.013733321303255584
0.013735291146782444
0.013737238099651517
0.013739162558478436
0.013741064910770696
0.01374294553518756
0.013744804801791119
0.013746643072288865
0.013748460700268087
0.013750258031422422
0.013752035403770867
0.01375379314786955
0.013755531587016511
0.013757251037449791
0.013758951808539055
0.013760634202971044
0.013762298516928999
0.013763945040266378
0.013765574056675025
0.013767185843847994
0.013768780673637245
0.013770358812206408
0.013771920520178756
0.01377346605278058
0.013774995659980176
0.013776509586622503
0.013778008072559772
0.013779491352778023
0.013780959657519912
0.013782413212403765
0.013783852238539064
0.013785276952638547
0.013786687567126879
0.013788084290246215
0.013789467326158603
0.013790836875045426
0.013792193133203897
0.013793536293140844
0.013794866543663705
0.013796184069968988
0.013797489053728141
0.008668930218106156
0.009111644973929193
0.009490386961427667
0.009817471918819046
0.010102404827653101
0.010352587580241237
0.010573842359725593
0.010770795823261329
0.010947161529045204
0.011105948793219151
0.01124961839948637
0.011380199748427128
0.01149937983344599
0.011608571459969342
0.011708966034744953
0.011801574780024204
0.011887261185529706
0.011966766768769243
0.01204073168123715
0.012109711312158374
0.012174189759701097
0.012234590832159015
0.012291287087617259
0.012344607305372644
0.012394842695454489
0.012442252086531273
0.01248706628191763
0.012529491734412979
0.012569713660450788
0.012607898690410098
0.012644197133373964
0.012678744919943672
0.012711665275051446
0.012743070163391228
0.012773061542597344
0.012801732453254461
0.012829167969917593
0.012855446033324485
0.012880638180711768
0.0129048101884582
0.012928022639060045
0.012950331422605956
0.012971788181390984
0.01299244070503407
0.013012333282395832
0.013031507015696314
0.013050000101476224
0.013067848082405954
0.013085084073404318
0.013101738965068077
0.013117841607019742
0.013133418973444983
0.01314849631280255
0.013163097283441567
0.01317724407664759
0.013190957528454113
0.013204257221396589
0.013217161577247269
0.013229687941648659
0.01324185266145832
0.013253671155526047
0.01326515797954406
0.0132763268855407
0.013287190876526026
0.013297762256743655
0.013308052677934987
0.013318073181979764
0.01332783424023955
0.013337345789897334
0.013346617267557313
0.013355657640342532
0.013364475434704978
0.013373078763141765
0.0133814753489928
0.01338967254947853
0.01339767737712169
0.013405496519683643
0.013413136358734031
0.013420602986961716
0.013427902224325284
0.013435039633132945
0.0134420205321335
0.013448850009693251
0.013455532936127234
0.013462073975247353
0.0134684775951848
0.013474748078539375
0.013480889531904048
0.013486905894809052
0.01349280094812646
0.013498578321972744
0.013504241503143898
0.013509793842115139
0.01351523855963458
0.013520578752938037
0.013525817401610195
0.013530957373115318
0.013536001428019036
0.013540952224921153
0.013545812325117946
0.013550584197011096
0.013555270220279187
0.013559872689826478
0.013564393819522806
0.013568835745747285
0.013573200530747743
0.013577490165827013
0.01358170657436629
0.013585851614695336
0.01358992708281834
0.013593934715003976
0.013597876190247368
0.013601753132611385
0.013605567113454033
0.013609319653548384
0.013613012225101055
0.013616646253674826
0.013620223120020678
0.013623744161824198
0.01362721067537095
0.013630623917135232
0.013633985105296186
0.013637295421185244
0.013640556010668367
0.01364376798546663
0.013646932424418159
0.013650050374684631
0.013653122852904964
0.013656150846299044
0.013659135313723864
0.013662077186684534
0.013664977370302351
0.013667836744242049
0.013670656163600248
0.013673436459756948
0.013676178441191875
0.01367888289426733
0.013681550583979171
0.013684182254677397
0.013686778630757785
0.0136893404173259
0.013691868300834804
0.013694362949697579
0.013696825014875957
0.013699255130445998
0.013701653914141918
0.013704021967879076
0.013706359878256968
0.013708668217043177
0.013710947541639082
0.01371319839552814
0.013715421308707502
0.01371761679810362
0.013719785367972664
0.013721927510286235
0.013724043705103113
0.013726134420927598
0.013728200115054967
0.013730241233904629
0.013732258213341498
0.013734251478985958
0.01373622144651309
0.01373816852194135
0.01374009310191135
0.013741995573954984
0.013743876316755346
0.01374573570039784
0.013747574086612726
0.013749391829009553
0.013751189273303724
0.013752966757535522
0.013754724612281888
0.01375646316086121
0.01375818271953144
0.013759883597681731
0.013761566098017868
0.013763230516741751
0.013764877143725082
0.013766506262677562
0.013768118151309731
0.013769713081490673
0.013771291319400764
0.01377285312567969
0.013774398755569812
0.013775928459055158
0.013777442480996112
0.01377894106125998
0.013780424434847591
0.013781892832016106
0.013783346478398045
0.013784785595116828
0.013786210398898812
0.013787621102182054
0.013789017913221818
0.013790401036193004
0.013791770671289585
0.013793127014821152
0.01379447025930664
0.013795800593565381
0.013797118202805533
0.013798423268709989
0.008669532494521305
0.009112275440408161
0.009491041461094321
0.009818147117331802
0.01010309801832186
0.010353296540906668
0.010574565246740369
0.010771531092110438
0.01094790787423057
0.011106705102210958
0.011250383717056844
0.011380973248732357
0.011500160797953182
0.011609359259840874
0.011709760116654871
0.01180237465464375
0.011888066418107116
0.011967576971366942
0.012041546506291242
0.012110530447101116
0.012175012922443988
0.01223541776727749
0.012292117563110848
0.012345441109900154
0.01239567963596339
0.012443091986216067
0.012487908978454134
0.012530337078425163
0.012570561514174482
0.01260874892652412
0.012645049633974222
0.012679599575639775
0.012712521984168801
0.012743928831264177
0.012773922080941205
0.012802594779606158
0.012830032007136128
0.012856311709143718
0.01288150542733909
0.012905678942213589
0.01292889284005071
0.012951203014432495
0.012972661110881406
0.012993314922002626
0.01301320873942392
0.013032383667933075
0.013050877906456754
0.013068726999885283
0.013085964065205588
0.013102619994943433
0.013118723640522703
0.01313430197781323
0.013149380256850031
0.013163982137459104
0.013178129812311203
0.013191844118740342
0.013205144640504155
0.013218049800524573
0.013230576945526542
0.013242742423387677
0.013254561653919873
0.01326604919372354
0.013277218795685004
0.013288083463625571
0.013298655502556447
0.013308946564945884
0.013318967693362424
0.013328729359820785
0.013338241502123784
0.013347513557464196
0.01335655449352435
0.013365372837287984
0.013373976701758163
0.013382373810756448
0.013390571521962078
0.01339857684833509
0.013406396478053879
0.013414036793086013
0.013421503886500244
0.01342880357861806
0.013435941432094482
0.013442922766009918
0.013449752669047929
0.01345643601182719
0.013462977458450372
0.013469381477327218
0.013475652351324523
0.013481794187291254
0.01348781092500324
0.013493706345568249
0.013499484079329032
0.013505147613298945
0.013510700298162055
0.013516145354867233
0.013521485880843356
0.013526724855860832
0.01353186514756266
0.013536909516686532
0.01354186062199796
0.013546721024952857
0.013551493194106761
0.013556179509286562
0.01356078226553956
0.013565303676873565
0.013569745879800837
0.013574110936697737
0.013578400838991197
0.013582617510182285
0.013586762808716563
0.013590838530710157
0.013594846412539944
0.013598788133305676
0.013602665317171438
0.013606479535593158
0.013610232309438676
0.013613925111006352
0.013617559365947805
0.01362113645510005
0.013624657716232037
0.013628124445710117
0.013631537900086862
0.01363489929761734
0.013638209819706582
0.013641470612291966
0.013644682787163829
0.013647847423227529
0.013650965567709979
0.013654038237313459
0.01365706641931936
0.013660051072644425
0.01366299312885181
0.013665893493119193
0.01366875304516613
0.013671572640142522
0.013674353109480166
0.013677095261709165
0.013679799883240813
0.013682467739118633
0.013685099573739003
0.013687696111542833
0.013690258057679618
0.013692786098645191
0.013695280902894284
0.013697743121429184
0.013700173388365449
0.01370257232147579
0.013704940522713073
0.01370727857871333
0.013709587061279768
0.013711866527848497
0.013714117521936842
0.013716340573574955
0.013718536199721512
0.013720704904664087
0.013722847180404936
0.013724963507032752
0.013727054353081015
0.013729120175873497
0.01373116142185742
0.013733178526924841
0.013735171916722681
0.013737142006951895
0.013739089203656248
0.013741013903501062
0.013742916494042363
0.01374479735398685
0.013746656853442975
0.013748495354163538
0.01375031320978011
0.013752110766029639
0.013753888360973462
0.013755646325209118
0.013757384982075132
0.013759104647849164
0.013760805631939637
0.013762488237071196
0.013764152759464191
0.013765799489008378
0.013767428709431146
0.013769040698460324
0.013770635727981932
0.013772214064192934
0.013773775967749244
0.013775321693909139
0.013776851492672205
0.013778365608914083
0.01377986428251702
0.013781347748496497
0.013782816237124003
0.013784269974046122
0.013785709180400046
0.013787134072925636
0.013788544864074182
0.013789941762113914
0.01379132497123246
0.01379269469163626
0.013794051119647132
0.013795394447796008
0.013796724864913979
0.013798042556220743
0.01379934770341051
0.0086701284985984
0.009112899340960033
0.009491689144536963
0.009818815284049454
0.010103783989813535
0.010353998118155981
0.01057528060530089
0.01077225870355272
0.010948646446652817
0.01110745353466996
0.01125114106427319
0.011381738693463001
0.01150093362914861
0.01161013885521259
0.011710545928639621
0.01180316619900897
0.011888863264628824
0.011968378736147808
0.012042352845387135
0.012111341051199574
0.012175827512394375
0.012236236090315397
0.01229293938965202
0.01234626623080444
0.012396507860188838
0.012443923138798555
0.012488742898760029
0.012531173618634135
0.012571400537957127
0.012609590307885273
0.012645893256237719
0.012680445330554492
0.012713369771119054
0.012744778556570215
0.012774773657237799
0.012803448125289062
0.012830887045867753
0.012857168369410544
0.012882363642054539
0.012906538648360852
0.012929753978360763
0.012952065529093315
0.012973524949274765
0.012994180034465449
0.013014075079031458
0.013033251190301572
0.013051746569563562
0.013069596763904574
0.013086834892358103
0.013103491849358818
0.013119596488113242
0.013135175786157808
0.01315025499508738
0.013164857776189462
0.01317900632350558
0.01319272147565671
0.013206022817609958
0.013218928773424942
0.013231456690897783
0.013243622918915534
0.013255442878242155
0.01326693112637679
0.013278101417054839
0.01328896675490037
0.013299539445684206
0.013309831142593879
0.013319852888879546
0.013329615157202289
0.013339127885978297
0.013348400512982786
0.013357442006451538
0.013366260893894533
0.013374865288815489
0.013383262915512607
0.013391461132119158
0.013399466952027914
0.013407287063829949
0.013414927849886626
0.013422395403642644
0.013429695545778587
0.013436833839292683
0.013443815603593506
0.013450645927678554
0.013457329682466993
0.013463871532349223
0.013470275946010645
0.013476547206582258
0.013482689421166372
0.013488706529781843
0.013494602313769683
0.013500380403696572
0.013506044286790957
0.013511597313943583
0.013517042706301993
0.013522383561486103
0.013527622859450115
0.013532763468013902
0.013537808148085419
0.013542759558594172
0.01354762026115405
0.013552392724472829
0.013557079328524176
0.013561682368496931
0.013566204058535446
0.013570646535283747
0.013575011861245375
0.01357930202797007
0.01358351895907753
0.013587664513127918
0.01359174048634812
0.01359574861522209
0.01359969057895313
0.01360356800180548
0.01360738245533196
0.013611135460494202
0.01361482848968135
0.013618462968632932
0.01362204027827112
0.013625561756447342
0.01362902869960788
0.013632442364382803
0.013635803969102286
0.01363911469524421
0.01364237568881661
0.013645588061678367
0.013648752892801373
0.013651871229477107
0.013654944088470539
0.013657972457123932
0.01366095729441315
0.013663899531958786
0.013666800074994333
0.013669659803293583
0.013672479572059158
0.013675260212774123
0.013678002534018428
0.013680707322251852
0.013683375342565085
0.0136860073394004
0.013688604037243373
0.013691166141286978
0.013693694338069362
0.013696189296086469
0.013698651666380731
0.013701082083106789
0.013703481164075455
0.013705849511276687
0.013708187711382698
0.013710496336231944
0.013712775943294899
0.01371502707612239
0.013717250264777256
0.013719446026250037
0.013721614864859401
0.013723757272637926
0.01372587372970391
0.013727964704619712
0.0137300306547373
0.013732072026531417
0.013734089255920994
0.013736082768579188
0.013738052980232587
0.013740000296949984
0.013741925115421147
0.013743827823226008
0.013745708799094602
0.013747568413158195
0.013749407027191891
0.013751224994849064
0.01375302266188797
0.01375480036639079
0.013756558438975431
0.013758297203000371
0.013760016974762753
0.013761718063690077
0.013763400772525644
0.013765065397508068
0.013766712228544982
0.013768341549381252
0.013769953637761834
0.013771548765589508
0.013773127199077648
0.013774689198898234
0.013776235020325272
0.013777764913373776
0.013779279122934463
0.013780777888904378
0.013782261446313483
0.013783730025447466
0.01378518385196682
0.013786623147022364
0.013788048127367326
0.01378945900546608
0.013790855989599705
0.01379223928396841
0.013793609088790987
0.013794965600401343
0.013796309011342277
0.013797639510456528
0.013798957282975203
0.01380026251060372
0.008670718327806661
0.009113516777616414
0.009492330117676816
0.009819476528243203
0.010104462854311259
0.010354692426724599
0.01057598855239648
0.01077297877658142
0.010949377367097848
0.011108194212994655
0.011251890564991884
0.011382496207799884
0.011501698453421135
0.011610910373579617
0.011711323599211045
0.011803949542569222
0.011889651855411357
0.011969172194232743
0.012043150830393846
0.012112143257020303
0.012176633662770699
0.012237045935101715
0.012293752701642739
0.012347082803026257
0.012397327503579138
0.012444745680205958
0.012489568179215198
0.012532001491848258
0.012572230869013285
0.01261042297209369
0.012646728138131079
0.01268128232300324
0.012714208774549957
0.012745619478274111
0.012775616410754627
0.012804292629860062
0.012831733225946234
0.012858016154223925
0.01288321296521132
0.01290738944749711
0.012930606194821555
0.01295291910764486
0.01297437983784401
0.012995036183903859
0.013014932442900456
0.013034109724677254
0.01305260623285867
0.013070457516705901
0.013087696697277806
0.01310435467089819
0.013120460292537744
0.013136040541382227
0.013151120670570199
0.013165724342835517
0.013179873753576285
0.013193589742687103
0.013206891896332016
0.013219798639696547
0.013232327321636893
0.013244494292039083
0.013256314972609283
0.013267803921736062
0.013278974893995075
0.013289840894804866
0.013300414230687979
0.013310706555543794
0.013320728913297008
0.013330491777248373
0.013340005086421093
0.013349278279166803
0.013358320324268988
0.01336713974975842
0.013375744669634296
0.013384142808666503
0.01339234152543765
0.013400347833768748
0.013408168422659301
0.013415809674860361
0.013423277684188679
0.013430578271680232
0.013437717000672884
0.013444699190899984
0.013451529931669717
0.01345821409419861
0.013464756343161825
0.013471161147517561
0.013477432790658286
0.013483575379937031
0.013489592855613155
0.013495488999258495
0.01350126744166135
0.013506931670263022
0.013512485036158789
0.013517930760692805
0.013523271941674067
0.013528511559238657
0.013533652481381477
0.013538697469178998
0.013543649181723004
0.013548510180783731
0.013553282935219617
0.01355796982514959
0.013562573145902559
0.013567095111758
0.013571537859490338
0.013575903451728984
0.013580193880145218
0.013584411068476118
0.013588556875395279
0.0135926330972392
0.0135966414705978
0.013600583674776845
0.013604461334139695
0.01360827602033508
0.013612029254417433
0.013615722508865748
0.013619357209506557
0.013622934737346284
0.013626456430317997
0.013629923584947096
0.013633337457940311
0.01363669926770217
0.01364001019578264
0.013643271388259675
0.013646483957060009
0.013649648981221363
0.013652767508099121
0.01365584055452028
0.01365886910788736
0.013661854127234726
0.013664796544239813
0.013667697264191356
0.013670557166916812
0.01367337710767099
0.013676157917987678
0.013678900406496164
0.013681605359704214
0.013684273542749188
0.013686905700118782
0.013689502556342778
0.013692064816657166
0.013694593167641978
0.013697088277833955
0.013699550798315235
0.013701981363279159
0.01370438059057422
0.013706749082227115
0.013709087424945835
0.013711396190603735
0.01371367593670529
0.013715927206834493
0.013718150531086519
0.013720346426483444
0.013722515397374702
0.0137246579358229
0.013726774521975614
0.013728865624423794
0.013730931700547302
0.013732973196848132
0.013734990549271797
0.01373698418351742
0.013738954515336958
0.013740901950823971
0.013742826886692434
0.01374472971054591
0.013746610801137552
0.013748470528621198
0.013750309254794021
0.01375212733333097
0.013753925110011393
0.013755702922938097
0.013757461102749155
0.013759199972822772
0.013760919849475386
0.01376262104215337
0.013764303853618497
0.013765968580127448
0.013767615511605547
0.013769244931814958
0.013770857118517596
0.01377245234363281
0.013774030873390228
0.013775592968477718
0.013777138884184869
0.013778668870541936
0.013780183172454583
0.013781682029834486
0.013783165677725941
0.013784634346428688
0.013786088261616982
0.013787527644455129
0.013788952711709584
0.013790363675857687
0.01379176074519321
0.013793144123928822
0.013794514012295528
0.013795870606639211
0.01379721409951442
0.013798544679775405
0.013799862532664582
0.013801167839898439
0.008671302077606356
0.009114127850305909
0.009492964484251935
0.009820130956932044
0.010105134721685931
0.010355379578983089
0.010576689202605155
0.010773691427737197
0.010950100753862005
0.011108927257060721
0.011252632340516565
0.011383245914343667
0.011502455394554571
0.011611673939809235
0.01171209325423218
0.011804724812105743
0.011890432318085238
0.011969957474040057
0.012043940590462394
0.012112937194397481
0.012177431504045563
0.012237847432707014
0.01229455763071476
0.012347890958725044
0.012398138698790803
0.012445559743563856
0.012490384953388542
0.01253282083205609
0.01257305264172931
0.012611247053913362
0.012647554414777246
0.01268211068845056
0.012715039130251533
0.01274645173247637
0.012776450477888682
0.01280512842999956
0.012832570684323173
0.012858855200795202
0.01288405353426975
0.01290823147732158
0.012931449627361695
0.012953763888236209
0.012975225914950246
0.01299588350888304
0.013015780969792662
0.013034959410011322
0.013053457035475991
0.013071309397599522
0.01308854961944525
0.01310520859920665
0.013121315193600389
0.01313689638344456
0.013151977423405497
0.013166581977648525
0.013180732242914318
0.013194449060357993
0.013207752017328177
0.013220659540124706
0.01323318897865292
0.013245356683787532
0.013257178078167202
0.013268667721060744
0.013279839367875433
0.013290706024816076
0.013301279999149204
0.013311572945478696
0.013321595908396842
0.01333135936183748
0.013340873245424564
0.013350146998080192
0.013359189589129936
0.013368009547119968
0.013376614986539864
0.013385013632626352
0.013393212844406713
0.013401219636125818
0.013409040697187367
0.013416682410728097
0.013424150870932967
0.013431451899189692
0.013438591059172274
0.013445573670935478
0.013452404824094977
0.013459089390161605
0.013465632034092335
0.013472037225115363
0.013478309246881925
0.013484452206993187
0.013490470045946541
0.013496366545542267
0.013502145336787992
0.013507809907335681
0.01351336360848305
0.013518809661768827
0.013524151165189135
0.013529391099060062
0.013534532331549744
0.013539577623901428
0.013544529635367505
0.01354939092787294
0.013554163970425293
0.013558851143287236
0.013563454741926315
0.013567976980755745
0.013572419996678988
0.013576785852450044
0.013581076539860465
0.013585293982763518
0.013589440039945047
0.013593516507850031
0.013597525123173262
0.013601467565321936
0.013605345458757495
0.01360916037522358
0.013612913835866484
0.013616607313254123
0.01362024223329912
0.013623819977091311
0.013627341882644545
0.01363080924656252
0.013634223325627852
0.013637585338318641
0.013640896466256203
0.013644157855587695
0.013647370618306998
0.013650535833516986
0.013653654548636285
0.013656727780553293
0.013659756516730147
0.013662741716259126
0.013665684310873921
0.013668585205917915
0.013671445281271706
0.013674265392241737
0.013677046370412008
0.013679789024460624
0.013682494140942844
0.013685162485042226
0.01368779480129142
0.01369039181426394
0.013692954229238377
0.013695482732836205
0.013697977993634529
0.013700440662754798
0.013702871374428646
0.013705270746541869
0.013707639381157509
0.01370997786501898
0.013712286770034166
0.013714566653741201
0.013716818059756896
0.013719041518208432
0.013721237546149097
0.013723406647958783
0.013725549315729793
0.013727666029638692
0.01372975725830473
0.013731823459135376
0.013733865078659577
0.01373588255284917
0.013737876307428985
0.013739846758176067
0.013741794311208498
0.013743719363264201
0.013745622301970146
0.013747503506102338
0.013749363345836974
0.013751202182993066
0.013753020371266914
0.013754818256458742
0.013756596176691765
0.013758354462624025
0.013760093437653234
0.013761813418114938
0.013763514713474187
0.013765197626511037
0.013766862453500048
0.013768509484384043
0.013770139002942331
0.013771751286953576
0.01377334660835356
0.013774925233387966
0.013776487422760417
0.013778033431775898
0.013779563510479768
0.01378107790379247
0.013782576851640166
0.01378406058908134
0.013785529346429631
0.01378698334937292
0.013788422819088871
0.013789847972357015
0.013791259021667517
0.01379265617532673
0.013794039637559655
0.013795409608609366
0.01379676628483362
0.013798109858798573
0.01379944051936989
0.013800758451801159
0.013802063837819841
0.008671879841500293
0.009114732656908028
0.009493592345873166
0.009820778674940476
0.010105799699555475
0.010356059684997795
0.010577382668155447
0.010774396771170945
0.010950816722815884
0.011109652784285733
0.011253366509663451
0.011383987933181018
0.011503204573794454
0.011612429676208232
0.011712855016985161
0.011805492131800028
0.011891204777663826
0.01197073470135476
0.01204472225209546
0.012113722990502937
0.01217822116401615
0.012238640711514166
0.01229535430580063
0.012348690827350206
0.01239894157576013
0.012446365459267993
0.012491193352110031
0.012533631770498644
0.012573865987735872
0.01261206268534485
0.012648372218528351
0.012682930559583187
0.01271586097122933
0.012747275452486658
0.012777275992240038
0.01280595565958523
0.012833399555141869
0.012859685643522079
0.012884885483871417
0.01290906487270985
0.012932284411081466
0.012954600006183582
0.012976063316117375
0.012996722145126788
0.013016620795624403
0.01303580038240567
0.013054299113696394
0.013072152543039027
0.013089393795480821
0.013106053771065756
0.013122161328238556
0.013137743449432922
0.013152825390827298
0.013167430818003778
0.01318158192903186
0.01319529956631424
0.013208603318371986
0.013221511612607819
0.013234041799965464
0.013246210232298168
0.013258032333167538
0.013269522662713612
0.013280694977166732
0.013291562283509924
0.013302136889746075
0.013312430451176333
0.013322454013053741
0.013332218049938723
0.013341732502049824
0.013351006808873776
0.01336004994027265
0.01336887042530275
0.013377476378938996
0.013385875526880163
0.013394075228593665
0.013402082498743868
0.013409904027134524
0.013417546197284112
0.013425015103742022
0.013432316568244085
0.013439456154797002
0.01344643918377366
0.013453270745094068
0.013459955710560342
0.013466498745408392
0.013472904319133627
0.01347917671564341
0.013485320042784478
0.01349133824128983
0.013497235093185843
0.01350301422969722
0.013508679138684442
0.01351423317164557
0.013519679550311914
0.013525021372864814
0.01353026161979851
0.013535403159452598
0.01354044875323539
0.013545401060558238
0.013550262643499247
0.013555035971213575
0.013559723424106157
0.013564327297781759
0.013568849806785958
0.013573293088149946
0.01357765920475101
0.013581950148499763
0.013586167843364454
0.013590314148242029
0.01359439085968484
0.01359839971449148
0.013602342392169516
0.01360622051727748
0.01361003566165295
0.01361378934653314
0.013617483044573964
0.013621118181773272
0.013624696139303434
0.013628218255258274
0.013631685826318966
0.013635100109343247
0.013638462322882025
0.013641773648627242
0.013645035232794547
0.013648248187444274
0.013651413591743787
0.013654532493174304
0.013657605908684988
0.01366063482579699
0.013663620203659906
0.0136665629740631
0.013669464042404066
0.013672324288615971
0.013675144568056375
0.013677925712358971
0.013680668530250184
0.013683373808332275
0.013686042311834531
0.01368867478533409
0.013691271953447767
0.01369383452149628
0.013696363176142149
0.013698858586002425
0.013701321402237465
0.013703752259116795
0.013706151774563139
0.013708520550675507
0.013710859174232386
0.013713168217175815
0.013715448237077255
0.013717699777585994
0.013719923368860888
0.013722119527986125
0.013724288759371726
0.013726431555139404
0.013728548395494415
0.013730639749084004
0.013732706073342977
0.013734747814826958
0.013736765409533832
0.013738759283213865
0.013740729851668949
0.013742677521041424
0.013744602688092925
0.013746505740473576
0.01374838705698202
0.013750247007816572
0.013752085954817852
0.0137539042517033
0.013755702244293799
0.013757480270732769
0.013759238661698002
0.013760977740606539
0.01376269782381282
0.013764399220800392
0.013766082234367396
0.013767747160806091
0.013769394290076627
0.013771023905975264
0.013772636286297268
0.013774231702994666
0.013775810422329046
0.013777372705019606
0.01377891880638659
0.013780448976490289
0.013781963460265785
0.013783462497653567
0.01378494632372617
0.01378641516881099
0.013787869258609392
0.013789308814312253
0.013790734052712054
0.013792145186311661
0.013793542423429868
0.013794925968303878
0.013796296021188724
0.0137976527784539
0.013798996432677069
0.013800327172735164
0.01380164518389286
0.013802950647888466
0.008672451711083724
0.00911533129330545
0.009494213802078395
0.00982141978495447
0.010106457893342295
0.010356732852589597
0.010578069058986287
0.010775094918704771
0.010951525387466195
0.0111103709096918
0.011254093188824773
0.01138472238194868
0.011503946109912776
0.011613177702588197
0.011713609008237008
0.01180625162330013
0.011891969356610074
0.011971503999395686
0.012045495939214921
0.012114500769914037
0.01217900276787243
0.012239425897286889
0.01229614285320252
0.012349482535710232
0.012399736261772563
0.01244716295505386
0.012491993503540553
0.012534434435739459
0.012574671035978226
0.012612869995695731
0.012649181679036392
0.012683742066380886
0.012716674427775427
0.012748090768894951
0.012778093084683152
0.012806774449763476
0.012834219969808935
0.012860507614060386
0.01288570894591106
0.012909889765785868
0.012933110678324936
0.012955427594042581
0.012976892174104453
0.012997552225589966
0.013017452053539148
0.013036632775185547
0.013055132601020454
0.01307298708669419
0.013090229359217692
0.013106890320466552
0.01312299883059594
0.013138581873638665
0.013153664707269863
0.013168270998473947
0.013182422946635668
0.013196141395392581
0.013209445934426238
0.013222354992230984
0.01323488592077834
0.013247055072890115
0.013258877873041424
0.013270368882234648
0.013281541857514814
0.01329240980663521
0.01330298503832757
0.013313279208583207
0.013323303363309173
0.013333067977686072
0.013342582992520991
0.013351857847859517
0.013360901514094763
0.013369722520787957
0.01337832898339441
0.013386728628070225
0.013394928814718467
0.013402936558418708
0.013410758549370684
0.013418401171470702
0.013425870519628885
0.013433172415925619
0.013440312424696912
0.013447295866630524
0.013454127831947695
0.013460813192738856
0.013467356614516
0.013473762567039036
0.013480035334468822
0.013486179024895184
0.013492197579284307
0.013498094779886362
0.013503874258140926
0.013509539502114844
0.013515093863504489
0.013520540564231805
0.013525882702661432
0.013531123259463967
0.013536265103148705
0.013541310995287343
0.013546263595448567
0.013551125465862068
0.013555899075829075
0.01356058680589537
0.013565190951801516
0.013569713728224103
0.01357415727232075
0.01357852364709078
0.013582814844562644
0.013587032788818409
0.013591179338864981
0.013595256291360996
0.013599265383207782
0.013603208294012258
0.013607086648429058
0.013610902018388734
0.013614655925218488
0.01361834984166135
0.013621985193799513
0.013625563362887044
0.013629085687096924
0.013632553463187022
0.013635967948089417
0.013639330360427096
0.01364264188196189
0.013645903658977252
0.013649116803599287
0.01365228239505919
0.013655401480900133
0.013658475078131432
0.013661504174332647
0.013664489728710101
0.013667432673108264
0.013670333912978184
0.013673194328305077
0.013676014774497081
0.013678796083237082
0.013681539063299334
0.013684244501332623
0.013686913162611492
0.013689545791757112
0.013692143113429155
0.013694705832990057
0.013697234637142945
0.013699730194544409
0.013702193156393323
0.01370462415699672
0.013707023814313869
0.01370939273047939
0.013711731492306468
0.013714040671770969
0.013716320826477326
0.013718572500106982
0.013720796222850141
0.013722992511821575
0.013725161871461134
0.013727304793919634
0.013729421759430725
0.013731513236669372
0.013733579683097425
0.013735621545296924
0.013737639259291536
0.013739633250856701
0.0137416039358189
0.013743551720344499
0.013745477001218583
0.01374738016611421
0.01374926159385242
0.013751121654653416
0.013752960710379222
0.013754779114768193
0.013756577213661662
0.013758355345223041
0.01376011384014968
0.013761853021877745
0.013763573206780386
0.01376527470435944
0.013766957817430963
0.013768622842304741
0.013770270068958056
0.01377189978120396
0.01377351225685414
0.013775107767876703
0.013776686580548987
0.013778248955605608
0.013779795148381903
0.013781325408952952
0.013782839982268317
0.013784339108282681
0.013785823022082477
0.013787291954008716
0.013788746129776118
0.013790185770588631
0.013791611093251561
0.013793022310280335
0.01379441963000607
0.01379580325667804
0.013797173390563126
0.013798530228042429
0.013799873961704994
0.013801204780438937
0.01380252286951987
0.013803828410696864
0.008673017776092754
0.009115923853434668
0.009494828950385122
0.009822054387575732
0.010107109406328977
0.01035739918739085
0.01057874848280511
0.010775785979891043
0.010952226859015719
0.011111081745966346
0.011254812492030277
0.011385449375895657
0.011504680119270728
0.011613918136328814
0.011714355346303466
0.01180700340578492
0.011892726174901204
0.011972265488880623
0.012046261773227313
0.012115270654679516
0.012179776438263294
0.012240203113236165
0.012296923396658953
0.012350266208039681
0.012400522881529936
0.01244795235606423
0.012492785533239605
0.012535228953732524
0.012575467912784312
0.012613669111648948
0.012649982923321722
0.012684545336185127
0.012717479627537255
0.012748897809640558
0.012778901883436035
0.01280758492901873
0.012835032057063728
0.012861321241393636
0.012886524049606243
0.012910706285991776
0.012933928558749887
0.012956246781678227
0.012977712618975814
0.012998373880528751
0.013018274873977843
0.013037456718969989
0.013055957628238975
0.013073813159521578
0.01309105644177251
0.013107718378680367
0.013123827832093411
0.013139411787627328
0.01315449550443875
0.013169102650900166
0.013183255427698253
0.013196974679692872
0.013210279997714288
0.013223189811337382
0.013235721473551045
0.013247891338135805
0.013259714830471035
0.01327120651241269
0.013282380141812211
0.013293248727185337
0.013303824577985252
0.013314119350886416
0.013324144092443257
0.013333909278450278
0.01334342485029712
0.013352700248582556
0.01336174444422535
0.01337056596728652
0.013379172933696903
0.013387573070065292
0.013395773736725966
0.013403781949169507
0.013411604397987598
0.013419247467450553
0.01342671725282555
0.013434019576534045
0.013441160003238008
0.01344814385393688
0.013454976219150068
0.013461661971253397
0.013468205776032135
0.013474612103507996
0.013480885238092783
0.013487029288116927
0.01349304819477745
0.013498945740546027
0.013504725557074927
0.013510391132635278
0.013515945819119746
0.013521392838638974
0.01352673528973904
0.013531976153265103
0.013537118297894446
0.01354216448536048
0.013547117375387642
0.013551979530355661
0.013556753419710365
0.013561441424136934
0.01356604583951036
0.013570568880636917
0.013575012684799371
0.013579379315117837
0.013583670763737407
0.013587888954852814
0.013592035747579813
0.013596112938682231
0.013600122265163102
0.013604065406727681
0.013607943988125726
0.013611759581379832
0.013615513707906266
0.013619207840534284
0.013622843405429578
0.013626421783927083
0.01362994431427812
0.013633412293316483
0.013636826978047838
0.013640189587166517
0.013643501302503537
0.013646763270409465
0.013649976603075504
0.013653142379796031
0.013656261648175558
0.013659335425282932
0.013662364698755518
0.013665350427855806
0.013668293544482814
0.013671194954140597
0.013674055536865879
0.013676876148116884
0.013679657619625175
0.013682400760212363
0.01368510635657327
0.013687775174027247
0.01369040795723905
0.013693005430910779
0.01369556830044615
0.013698097252588491
0.013700592956033538
0.013703056062018278
0.01370548720488688
0.013707887002634783
0.013710256057431851
0.013712594956125626
0.013714904270725449
0.013717184558868396
0.01371943636426773
0.013721660217144695
0.01372385663464433
0.01372602612123601
0.013728169169099358
0.013730286258496142
0.01373237785812875
0.01373444442548582
0.013736486407175522
0.013738504239247044
0.013740498347500756
0.013742469147787475
0.013744417046297334
0.013746342439838657
0.013748245716107183
0.013750127253946129
0.013751987423597359
0.01375382658694409
0.013755645097745375
0.013757443301862786
0.013759221537479537
0.013760980135312326
0.013762719418816259
0.01376443970438299
0.013766141301532486
0.013767824513098513
0.013769489635408206
0.013771136958455825
0.013772766766071027
0.013774379336081758
0.013775974940472047
0.013777553845534814
0.013779116312019939
0.013780662595277698
0.01378219294539781
0.013783707607344181
0.013785206821085525
0.01378669082172204
0.013788159839608228
0.013789614100472003
0.013791053825530267
0.013792479231601014
0.013793890531212116
0.013795287932706875
0.013796671640346517
0.013798041854409655
0.013799398771288872
0.013800742583584494
0.013802073480195687
0.013803391646408907
0.013804697263983862
0.008673578124451263
0.00911651042933512
0.009495437886341478
0.00982268258137428
0.010107754339712297
0.010358058792900658
0.010579421045144187
0.010776470062069703
0.010952921246421488
0.011111785403521058
0.011255524531006844
0.011386169027943469
0.011505406715879563
0.011614651092439261
0.011715094147110847
0.01180774759602642
0.01189347535009147
0.011973019288089418
0.01204701987308735
0.012116032764383305
0.012180542295360707
0.012240972480084704
0.012297696057409508
0.012351041966064163
0.012401301557215697
0.012448733784914567
0.012493569564230995
0.012536015447888155
0.012576256741930848
0.012614460157329033
0.012650776075839474
0.01268534049376568
0.012718276695584374
0.012749696700078996
0.012779702514127293
0.012808387223240635
0.012835835943045666
0.012862126651900476
0.012887330921564948
0.012911514560155588
0.012934738179395618
0.012957057696332876
0.012978524778169104
0.012999187237568762
0.013019089384747148
0.013038272341740147
0.013056774323501394
0.013074630889833067
0.013091875171613983
0.013108538074327467
0.013124648461497758
0.013140233320307438
0.013155317911379668
0.013169925904461009
0.013184079501526896
0.013197799548647162
0.013211105637789182
0.013224016199597469
0.013236548588067998
0.013248719157930341
0.013260543335458987
0.013272035683354853
0.013283209960267647
0.013294079175467863
0.01330465563912284
0.0133149510085833
0.013324976331044496
0.013334742082908631
0.013344258206142018
0.013353534141891034
0.013362578861594778
0.013371400895809026
0.013380008360935329
0.013388408984030589
0.013396610125855957
0.013404618802308865
0.013412441704368993
0.013420085216676873
0.013427555434853147
0.013434858181656888
0.013441999022072736
0.013448983277408665
0.013455816038479241
0.013462502177942795
0.013469046361855114
0.013475453060497085
0.013481726558528903
0.013487870964519186
0.01349389021989344
0.013499788107342633
0.013505568258729568
0.0135112341625276
0.013516789170823693
0.013522236505915285
0.013527579266528068
0.01353282043368
0.01353796287621465
0.013543009356025515
0.013547962532991198
0.01355282496963996
0.01355759913556077
0.01356228741157679
0.013566892093696093
0.01357141539685333
0.013575859458455132
0.013580226341741199
0.013584518038972086
0.013588736474454053
0.013592883507410596
0.013596960934709686
0.013600970493455024
0.013604913863449215
0.013608792669536178
0.013612608483829617
0.013616362827833966
0.013620057174463848
0.013623692949967596
0.0136272715357602
0.013630794270170533
0.013634262450107544
0.01363767733264975
0.013641040136562099
0.013644352043744099
0.013647614200612744
0.013650827719423698
0.013653993679533873
0.013657113128608483
0.013660187083775324
0.013663216532728988
0.013666202434787552
0.013669145721904028
0.01367204729963495
0.013674908048068035
0.013677728822711073
0.01368051045534383
0.013683253754834776
0.013685959507924322
0.013688628479976166
0.013691261415698208
0.013693859039834541
0.013696422057829758
0.01369895115646698
0.013701447004480685
0.013703910253145598
0.013706341536842638
0.013708741473603056
0.013711110665631607
0.013713449699809834
0.013715759148180219
0.013718039568412152
0.013720291504250397
0.013722515485946923
0.013724712030676725
0.013726881642938412
0.013729024814940123
0.013731142026971451
0.013733233747761942
0.013735300434826736
0.013737342534799885
0.01373936048375584
0.013741354707519637
0.013743325621966188
0.013745273633309164
0.013747199138379875
0.013749102524896521
0.013750984171724268
0.013752844449126438
0.013754683719007208
0.013756502335146123
0.013758300643424804
0.01376007898204605
0.013761837681745721
0.013763577065997661
0.013765297451211862
0.013766999146926213
0.013768682455992033
0.013770347674753616
0.013771995093222036
0.013773624995243375
0.013775237658661696
0.013776833355476772
0.013778412351996954
0.013779974908987224
0.01378152128181266
0.013783051720577463
0.013784566470259734
0.013786065770842088
0.013787549857438346
0.013789018960416344
0.01379047330551709
0.013791913113970291
0.01379333860260651
0.01379474998396592
0.0137961474664039
0.013797531254193508
0.013798901547624962
0.013800258543102219
0.013801602433236764
0.01380293340693871
0.013804251649505241
0.013805557342706599
0.008674132842316416
0.009117091111196836
0.009496040703575678
0.009823304462939511
0.010108392792655602
0.010358711770538438
0.010580086849415242
0.010777147270423833
0.010953608656451164
0.011112481990549029
0.011256229415236341
0.011386881448744607
0.011506126011459613
0.011615376683617746
0.011715825524256072
0.01180848430845026
0.011894216997373027
0.011973765512925234
0.012047770355359484
0.012116787216206432
0.012181300456921916
0.01224173411612944
0.012298460954257616
0.012351809929063349
0.012402072408558153
0.012449507361756533
0.012494345717066487
0.012536794039136868
0.0125770376447074
0.012615243254366373
0.012651561258544
0.012686127661385205
0.012719065754473213
0.012750487563046918
0.012780495099861167
0.012809181455789225
0.012836631751359545
0.012862923969420122
0.01288812968585111
0.012912314712556841
0.01293553966474872
0.012957860462692091
0.012979328776561258
0.012999992421771113
0.013019895711085586
0.013039079768905537
0.013057582812382144
0.013075440403362223
0.013092685674629387
0.013109349533443632
0.013125460844988342
0.013141046597997247
0.01315613205454531
0.01317074088573934
0.013184895294830594
0.01319861612908672
0.013211922981600763
0.013224834284076125
0.013237367391505753
0.013249538659558722
0.01326136351539564
0.013272856522553902
0.013284031440473455
0.013294901279171961
0.013305478349523748
0.013315774309548993
0.013325800207077347
0.013335566519112604
0.013345083188191944
0.013354359656003859
0.013363404894502547
0.013372227434733566
0.013380835393564449
0.013389236498495728
0.013397438110711113
0.013405447246510802
0.013413270597258577
0.013420914547961474
0.013428385194590033
0.01343568836023756
0.013442829610208127
0.013449814266115127
0.013456647419065333
0.013463333941996735
0.013469878501232928
0.013476285567311357
0.013482559425138112
0.013488704183517625
0.013494723784101575
0.01350062200979802
0.013506402492678178
0.013512068721415598
0.013517624048289613
0.01352307169578255
0.013528414762797926
0.01353365623052475
0.013538798967971211
0.013543845737189284
0.013548799198210199
0.013553661913709245
0.013558436353417094
0.013563124898293512
0.013567729844478304
0.013572253407033209
0.013576697723487487
0.013581064857199222
0.013585356800543267
0.013589575477936277
0.013593722748708431
0.013597800409830777
0.013601810198506679
0.013605753794635111
0.01360963282315322
0.013613448856264882
0.013617203415561831
0.01362089797404318
0.01362453395803909
0.013628112749043794
0.013631635685462943
0.013635104064279882
0.013638519142645241
0.01364188213939388
0.013645194236493114
0.013648456580425695
0.013651670283511087
0.01365483642516812
0.013657956053122113
0.013661030184559195
0.01366405980723062
0.01366704588050949
0.013669989336402281
0.013672891080517464
0.013675751992993241
0.013678572929386477
0.013681354721524642
0.013684098178322609
0.013686804086565911
0.013689473211662147
0.013692106298361935
0.013694704071450934
0.013697267236414207
0.013699796480074258
0.01370229247120393
0.013704755861115294
0.013707187284225666
0.013709587358601737
0.013711956686482805
0.013714295854784068
0.013716605435580828
0.013718885986574456
0.013721138051540903
0.013723362160762545
0.01372555883144405
0.013727728568112954
0.013729871863005626
0.013731989196439207
0.01373408103717013
0.013736147842739774
0.0137381900598078
0.013740208124473678
0.01374220246258686
0.013744173490046113
0.013746121613088406
0.0137480472285678
0.013749950724224743
0.013751832478946128
0.013753692863016502
0.013755532238360806
0.013757350958778877
0.013759149370172162
0.013760927810762864
0.013762686611305813
0.013764426095293398
0.01376614657915376
0.013767848372442541
0.013769531778028428
0.013771197092272713
0.013772844605203095
0.013774474600681944
0.013776087356569246
0.013777683144880377
0.013779262231938968
0.013780824878524948
0.01378237134001804
0.013783901866536795
0.013785416703073351
0.013786916089624098
0.013788400261316332
0.013789869448531106
0.013791323877022366
0.013792763768032516
0.013794189338404542
0.013795600800690819
0.013796998363258667
0.013798382230392855
0.013799752602395096
0.013801109675680604
0.013802453642871915
0.013803784692889964
0.013805103011042574
0.0138064087791104
0.008674682014122822
0.00911766598740665
0.009496637493844
0.009823920126929678
0.010109024862339652
0.010359358219695894
0.01058074599696245
0.010777817708033544
0.010954289193737764
0.01111317161308021
0.01125692725201172
0.011387586746739252
0.011506838115497534
0.011616095020309244
0.01171654958906487
0.0118092136551943
0.011894951229634921
0.011974504276973923
0.012048513334277634
0.012117534124987067
0.01218205103834979
0.01224248813730214
0.012299218203631395
0.012352570213932101
0.012402835552891824
0.012450273204339517
0.012495114109887604
0.012537564845991375
0.012577810739978532
0.01261601852195955
0.012652338590951367
0.012686906958861911
0.012719846924309866
0.012751270518925044
0.012781279761280613
0.012809967747558139
0.012837419603138868
0.01286371331531581
0.012888920464048196
0.012913106864990313
0.012936333136806859
0.012958655202948538
0.012980124736532483
0.013000789555696517
0.013020693975727724
0.013039879123368294
0.013058383217944974
0.013076241823328779
0.013093488074189065
0.01311015287954475
0.013126265106221755
0.013141851744489466
0.013156938057860123
0.013171547718787195
0.01318570293178499
0.013199424545306999
0.013212732153560686
0.01322564418929776
0.013238178008498153
0.01325034996776107
0.013262175495124375
0.013273669154953562
0.01328484470747093
0.013295715163433846
0.01330629283441654
0.013316589379101962
0.013326615845947812
0.013336382712553458
0.01334589992202126
0.013355176916576372
0.013364222668682969
0.013373045709871485
0.013381654157470776
0.013390055739420554
0.013398257817322883
0.013406267407876694
0.013414091202826028
0.013421735587540763
0.013429206658337836
0.013436510238641453
0.013443651894071904
0.013450636946544975
0.0134574704874567
0.013464157390021943
0.01347070232082943
0.013477109750670598
0.013483383964694985
0.013489529071940443
0.0134955490142826
0.013501447574844418
0.013507228385903453
0.01351289493633144
0.01351845057859815
0.013523898535368966
0.013529241905723449
0.013534483671019944
0.01353962670042962
0.013544673756161342
0.013549627498397433
0.013554490489958753
0.01355926520071625
0.01356395401176493
0.013568559219375026
0.013573083038734075
0.013577527607492756
0.01358189498912634
0.013586187176122838
0.013590406093008215
0.013594553599218238
0.013598631491826017
0.013602641508133582
0.013606585328135315
0.013610464576860638
0.013614280826602734
0.013618035599039735
0.013621730367254406
0.013625366557657923
0.01362894555182297
0.013632468688231198
0.013635937263939616
0.013639352536170237
0.013642715723827149
0.013646028008944776
0.01364929053807098
0.013652504423588391
0.013655670744977137
0.013658790550022028
0.013661864855966958
0.01366489465061927
0.013667880893406549
0.013670824516388186
0.01367372642522408
0.013676587500102413
0.013679408596628627
0.013682190546677428
0.013684934159209617
0.013687640221055411
0.013690309497665863
0.013692942733833889
0.01369554065438629
0.013698103964848194
0.013700633352081104
0.01370312948489583
0.01370559301464143
0.013708024575771246
0.013710424786387052
0.013712794248762348
0.01371513354984566
0.013717443261744764
0.013719723942192699
0.013721976134996292
0.013724200370468027
0.013726397165841935
0.013728567025674201
0.013730710442229142
0.01373282789585117
0.013734919855323331
0.01373698677821298
0.013739029111205144
0.013741047290424049
0.01374304174174332
0.013745012881085348
0.013746961114710157
0.013748886839494349
0.013750790443200378
0.013752672304736646
0.013754532794408733
0.01375637227416212
0.013758191097816737
0.013759989611293665
0.013761768152834307
0.013763527053212276
0.013765266635938326
0.013766987217458563
0.013768689107346202
0.013770372608487128
0.013772038017259451
0.01377368562370734
0.013775315711709285
0.013776928559141045
0.013778524438033436
0.013780103614725207
0.013781666350011098
0.01378321289928533
0.013784743512680645
0.0137862584352031
0.013787757906862704
0.013789242162800103
0.013790711433409432
0.01379216594445745
0.013793605917199123
0.013795031568489748
0.013796443110893758
0.013797840752790315
0.013799224698475783
0.013800595148263237
0.01380195229857905
0.01380329634205669
0.013804627467627818
0.01380594586061078
0.01380725170279655
0.00867522572262536
0.009118235144593041
0.009497228347077325
0.009824529666119908
0.01010965064401188
0.010359998237787429
0.010581398587113856
0.010778481475928275
0.010954962960832737
0.011113854375035183
0.011257618146491455
0.011388285028210264
0.011507543135301859
0.011616806210761546
0.011717266450648241
0.011809935746165541
0.011895678157520387
0.011975235691561656
0.01204924892180316
0.012118273603278794
0.012182794152751383
0.012243234657228208
0.012299967919642746
0.012353322935239766
0.012403591105216983
0.012451031428070424
0.012495874858485561
0.012538327984606672
0.01257857614424411
0.0126167860769358
0.012653108190199967
0.012687678503630336
0.012720620322811035
0.012752045685699221
0.012782056616628509
0.012810746217035946
0.0128381996171073
0.012864494808536363
0.012889703375320877
0.012913891136827765
0.012937118715140677
0.012959442036863968
0.012980912778028339
0.013001578759467454
0.013021484298966442
0.01304067052558553
0.013059175660805401
0.013077035270501115
0.01309428249120903
0.013110948233689464
0.013127061366394563
0.01314264888111407
0.013157736042783206
0.013172346525188701
0.013186502534095361
0.013200224919130712
0.01321353327560556
0.013226446037309473
0.013238980561199577
0.013251153204795927
0.01326297939700492
0.013274473703011928
0.01328564988381381
0.013296520950900264
0.013307099216538477
0.013317396340067577
0.013327423370567058
0.013337190786225944
0.013346708530706134
0.013355986046764138
0.013365032307369004
0.01337385584453123
0.013382464776036405
0.01339086683025906
0.013399069369215439
0.013407079409999242
0.013414903644730988
0.013422548459139785
0.01343001994988553
0.013437323940720017
0.013444465997576632
0.013451451442670527
0.013458285367684128
0.01346497264610643
0.013471517944788623
0.013477925734773627
0.013484200301452
0.013490345754092713
0.013496366034793088
0.013502264926888868
0.013508046062861885
0.013513712931780095
0.013519268886301809
0.013524717149273651
0.013530060819949462
0.013535302879855257
0.013540446198323543
0.013545493537718526
0.01355044755837212
0.013555310823249301
0.013560085802359904
0.013564774876932834
0.01356938034336743
0.013573904416975806
0.013578349235528836
0.013582716862617816
0.013587009290842791
0.013591228444837934
0.013595376184143566
0.013599454305933848
0.013603464547608477
0.0136074085892563
0.013611288055998108
0.013615104520215478
0.013618859503672103
0.013622554479533571
0.013626190874291243
0.013629770069595483
0.013633293404003197
0.013636762174644317
0.01364017763881153
0.013643541015477453
0.013646853486742973
0.013650116199220397
0.013653330265354896
0.013656496764687293
0.013659616745061292
0.013662691223777976
0.013665721188700224
0.013668707599309547
0.013671651387717747
0.013674553459635625
0.013677414695300845
0.013680235950366954
0.013683018056755411
0.013685761823472503
0.013688468037392675
0.01369113746401
0.013693770848159273
0.013696368914708032
0.013698932369221074
0.0137014618985985
0.01370395817168873
0.013706421839877428
0.013708853537653592
0.013711253883153751
0.01371362347868526
0.013715962911229632
0.013718272752926808
0.01372055356154117
0.013722805880910117
0.013725030241375943
0.013727227160201751
0.013729397141972086
0.013731540678978938
0.013733658251593716
0.013735750328625814
0.013737817367668312
0.013739859815431339
0.01374187810806363
0.013743872671462768
0.013745843921574498
0.013747792264681697
0.013749718097683262
0.013751621808363448
0.013753503775651951
0.013755364369875171
0.013757203952998925
0.013759022878863034
0.013760821493408022
0.013762600134894307
0.013764359134114085
0.013766098814596301
0.01376781949280484
0.013769521478330323
0.013771205074075652
0.013772870576435604
0.013774518275470644
0.013776148455075216
0.013777761393140697
0.013779357361713197
0.013780936627146433
0.013782499450249803
0.013784046086431877
0.013785576785839464
0.013787091793492386
0.01378859134941414
0.01379007568875859
0.01379154504193282
0.01379299963471628
0.013794439688376368
0.01379586541978057
0.013797277041505266
0.013798674761941325
0.0138000587853966
0.013801429312195423
0.013802786538775202
0.013804130657780238
0.013805461858152807
0.013806780325221667
0.01380808624078801
0.008675764048940741
0.00911879866766964
0.009497813351426326
0.009825133171448792
0.01011027023103426
0.010360631920299089
0.010582044717231245
0.010779138673137538
0.010955630058257476
0.011114530378277376
0.011258302201752338
0.011388976397336582
0.011508241176056883
0.011617510361079608
0.01171797621595729
0.011810650689095294
0.011896397889482418
0.011975959865810844
0.012049977227681065
0.012119005761407124
0.012183529910994712
0.012243973787283778
0.012300710214144656
0.012354068205287717
0.012404339178257395
0.012451782146071585
0.012496628076359408
0.01253908356883841
0.012579333971697821
0.012617546033809683
0.012653870171109381
0.012688442410800322
0.012721386065363143
0.012752813179019704
0.012782825781807046
0.012811516980365666
0.012838971909638295
0.012865268565675946
0.012890478536474884
0.012914667645077926
0.012937896516953831
0.012960221081829383
0.012981693018619993
0.013002360150828497
0.013022266798713338
0.013041454093629834
0.01305996025919127
0.01307782086325693
0.013095069044211673
0.013111735714539996
0.013127849744304157
0.013143438126799214
0.013158526128369284
0.013173137424121156
0.013187294221057754
0.013201017369969016
0.013214326467258168
0.013227239947742376
0.013239775169346261
0.013251948490501632
0.013263775340974823
0.013275270286762952
0.013286447089629776
0.013297318761790088
0.013307897616197158
0.013318195312839792
0.01332822290141314
0.01333799086069003
0.013347509134886377
0.013356787167284761
0.013365833931354132
0.013374657959580283
0.013383267370201022
0.01339166989202139
0.013399872887467707
0.01340788337402455
0.013415708044185178
0.013423353284034371
0.013430825190571595
0.013438129587872995
0.013445272042181943
0.013452257876009992
0.013459092181323143
0.013465779831881772
0.013472325494796985
0.013478733641360659
0.013485008557202003
0.013491154351818795
0.013497174967527888
0.013503074187875674
0.01350885564554626
0.01351452282980187
0.013520079093487488
0.013525527659629184
0.01353087162765336
0.013536113979252029
0.013541257583917455
0.013546305204167632
0.013551259500482598
0.013556123035970008
0.013560898280777212
0.013565587616265685
0.013570193338962614
0.01357471766430343
0.013579162730178021
0.013583530600292559
0.01358782326735802
0.013592042656115714
0.013596190626209481
0.013600268974913517
0.01360427943972424
0.01360822370082402
0.013612103383424104
0.013615920059993597
0.013619675252380902
0.013623370433833609
0.013627007030922475
0.013630586425374777
0.013634109955821927
0.01363757891946605
0.013640994573669823
0.01364435813747371
0.013647670793044379
0.013650933687057984
0.013654147932021594
0.01365731460753612
0.013660434761503595
0.013663509411281718
0.013666539544788348
0.0136695261215584
0.013672470073755555
0.013675372307141026
0.01367823370200146
0.013681055114038027
0.013683837375218496
0.013686581294594168
0.013689287659083282
0.01369195723422253
0.013694590764888135
0.013697188975988001
0.013699752573126167
0.013702282243240993
0.01370477865521809
0.013707242460479394
0.013709674293549207
0.013712074772598466
0.013714444499968035
0.013716784062672096
0.013719094032882436
0.01372137496839447
0.013723627413075866
0.01372585189729843
0.013728048938354047
0.013730219040855357
0.013732362697121732
0.013734480387551314
0.013736572580979593
0.013738639735025105
0.013740682296422847
0.013742700701345822
0.013744695375715307
0.013746666735500205
0.013748615187005993
0.013750541127153655
0.01375244494374903
0.0137543270157429
0.01375618771348227
0.013758027398953099
0.013759846426014901
0.013761645140627447
0.013763423881069981
0.013765182978153108
0.01376692275542377
0.013768643529363467
0.013770345609580044
0.013772029298993262
0.013773694894014393
0.01377534268472003
0.013776972955020431
0.013778585982822429
0.013780182040187272
0.013781761393483496
0.013783324303535011
0.013784871025764603
0.013786401810332999
0.01378791690227366
0.013789416541623429
0.013790900963549261
0.013792370398471062
0.01379382507218084
0.013795265205958305
0.013796691016683016
0.013798102716943181
0.013799500515141259
0.01380088461559648
0.013802255218644312
0.013803612520733104
0.013804956714517862
0.013806287988951388
0.013807606529372754
0.013808912517593254
0.008676297072587845
0.00911935663987745
0.009498392593305273
0.009825730732063626
0.010110883714929712
0.01036125936083602
0.010582684482758576
0.010779789396740142
0.010956290584553285
0.011115199722663689
0.011258979518840738
0.011389660956245017
0.01150893234087497
0.011618207575278316
0.011718678989836362
0.011811358589592775
0.011897110531837672
0.011976676906694378
0.012050698359494582
0.012119730707524354
0.0121842584217639
0.012244705636651063
0.012301445196786803
0.012354806134165196
0.012405079882516368
0.012452525469237037
0.012497373874772465
0.012539831710299473
0.012580084334283922
0.012618298504840038
0.012654624646237431
0.01268919879321425
0.012722144265079704
0.012753573112258637
0.012783587370435336
0.012812280151402495
0.01283973659481295
0.012866034701032016
0.012891246062015086
0.012915436504444672
0.012938666657141273
0.012960992452923365
0.012982465573562668
0.013003133845204863
0.013023041590557364
0.013042229943247968
0.013060737129001552
0.013078598717642081
0.01309584784938471
0.013112515438421124
0.013128630356407836
0.01314421959813039
0.013159308431327916
0.01317392053241427
0.013188078109618287
0.013201802014880876
0.013215111845686918
0.01322802603787104
0.013240561950315859
0.013252735942355931
0.013264563444609061
0.013276059023876127
0.013287236442680223
0.013298108713954086
0.013308688151330324
0.013318986415441023
0.013329014556590909
0.013338783054130873
0.013348301852825387
0.013357580396477928
0.013366627659052398
0.013375452173505234
0.013384062058521995
0.013392465043333981
0.013400668490773577
0.013408679418712356
0.013416504520012657
0.013424150181111434
0.013431622499344362
0.013438927299108757
0.013446070146954918
0.013453056365687884
0.013459891047554426
0.013466579066583651
0.013473125090143985
0.013479533589773843
0.013485808851338706
0.013491954984562942
0.013497975931980731
0.01350387547734707
0.013509657253546328
0.013515324750033093
0.013520881319837186
0.013526330186162352
0.01353167444860585
0.013536917089024058
0.01354206097706743
0.013547108875406232
0.013552063444667155
0.01355692724809914
0.013561702755985696
0.013566392349819555
0.013570998326254488
0.013575522900848045
0.013579968211607948
0.013584336322354115
0.013588629225907357
0.013592848847115065
0.013596997045723577
0.013601075619106145
0.013605086304854953
0.013609030783244961
0.013612910679577005
0.01361672756640684
0.013620482965666748
0.013624178350685506
0.0136278151481125
0.013631394739751147
0.013634918464306634
0.013638387619052578
0.013641803461420948
0.013645167210519386
0.013648480048579714
0.013651743122341263
0.013654957544372423
0.013658124394333594
0.013661244720184552
0.013664319539339068
0.013667349839769435
0.013670336581063446
0.013673280695436146
0.013676183088698663
0.013679044641186154
0.01368186620864694
0.013684648623094629
0.013687392693625115
0.01369009920719999
0.013692768929398132
0.013695402605136815
0.013698000959363873
0.013700564697722243
0.013703094507188113
0.013705591056683978
0.013708054997667647
0.013710486964698398
0.013712887575981221
0.013715257433890175
0.013717597125471787
0.013719907222929359
0.013722188284089061
0.01372444085284851
0.013726665459608739
0.013728862621690145
0.013731032843733157
0.013733176618084281
0.01373529442516813
0.013737386733846026
0.013739454001761716
0.013741496675674805
0.013743515191782338
0.01374550997602906
0.013747481444406781
0.01374943000324337
0.013751356049481689
0.013753259970948927
0.013755142146616762
0.01375700294685259
0.013758842733662326
0.013760661860924964
0.013762460674619354
0.013764239513043364
0.013765998707025832
0.013767738580131523
0.013769459448859373
0.013771161622834288
0.013772845404992719
0.01377451109176226
0.013776158973235501
0.013777789333338324
0.013779402449992883
0.013780998595275415
0.01378257803556913
0.013784141031712306
0.013785687839141803
0.01378721870803213
0.013788733883430243
0.013790233605386218
0.013791718109079962
0.013793187624944074
0.013794642378783
0.013796082591888649
0.01379750848115252
0.013798920259174535
0.013800318134368637
0.013801702311065304
0.013803072989611052
0.013804430366465052
0.01380577463429292
0.013807105982057862
0.013808424595109165
0.01380973065526815
0.00867682487152686
0.009119909142825821
0.009498966157434577
0.009826322435364266
0.010111491185427163
0.010361880651168562
0.010583317977268927
0.010780433741912003
0.010956944636329902
0.01111586250609366
0.011259650196822362
0.011390338805060508
0.011509616730847303
0.011618897955333694
0.01171937487507468
0.011812059551197077
0.01189781618881883
0.0119773869190883
0.012051412422718132
0.01212044854766282
0.01218497979161268
0.01224543031237213
0.01230217297506955
0.012355536829803511
0.012405813326331163
0.012453261506287103
0.012498112362807111
0.012540572518414951
0.012580827341752393
0.012619043600085237
0.012655371725935635
0.012689947761502611
0.012722895032857017
0.01275432559656588
0.012784341493905373
0.012813035841769887
0.012840493784476185
0.012866793326661605
0.012892006064201857
0.012916197827383465
0.012939429248345825
0.01296175626296879
0.01298323055585238
0.013003899955759242
0.01302380878782173
0.013042998187917862
0.0130615063838634
0.013079368947427738
0.013096619020638377
0.013113287519377459
0.013129403316880131
0.013144993409407807
0.013160083066080958
0.013174695964607692
0.013188854314430738
0.013202578968630701
0.013215889525763502
0.013228804422671273
0.01324134101918522
0.0132535156755338
0.013265343823177954
0.013276840029714427
0.013288018058418213
0.01329889092293296
0.013309470937563947
0.013319769763580236
0.013329798451890158
0.013339567482417
0.01334908680046841
0.013358365850363652
0.013367413606556754
0.013376238602470149
0.013384848957232773
0.013393252400498018
0.013401456295500325
0.013409467660494497
0.013417293188708327
0.013424939266927484
0.013432411992820574
0.013439717191102915
0.01344686042862873
0.013453847028493676
0.013460682083222531
0.013467370467110502
0.01347391684778082
0.013480325697016009
0.013486601300915526
0.013492747769428078
0.013498769045303068
0.013504668912502044
0.013510451004107669
0.01351611880976502
0.013521675682686932
0.013527124846253086
0.013532469400229933
0.013537712326636598
0.013542856495280167
0.013547904668981696
0.013552859508513086
0.013557723577263182
0.013562499345650313
0.013567189195297185
0.01357179542298292
0.013576320244385976
0.013580765797630758
0.013585134146649821
0.013589427284372726
0.01359364713575191
0.013597795560635206
0.01360187435649395
0.013605885261015145
0.013609829954565455
0.013613710062534395
0.013617527157563546
0.013621282761668234
0.013624978348257637
0.013628615344058986
0.01363219513095111
0.013635719047712238
0.013639188391686773
0.0136426044203753
0.013645968352951978
0.013649281371713149
0.013652544623460706
0.013655759220823755
0.013658926243521597
0.01366204673957119
0.013665121726441826
0.0136681521921597
0.013671139096364958
0.013674083371323517
0.013676985922895922
0.013679847631465371
0.013682669352826863
0.013685451919039412
0.013688196139243047
0.013690902800442311
0.013693572668257834
0.013696206487647543
0.01369880498359883
0.013701368861793118
0.013703898809244087
0.013706395494910718
0.013708859570286369
0.013711291669964936
0.013713692412185135
0.013716062399353891
0.013718402218549756
0.01372071244200726
0.013722993627582985
0.013725246319204243
0.013727471047301
0.013729668329221862
0.013731838669634799
0.01373398256091318
0.013736100483507818
0.013738192906305617
0.013740260286975297
0.013742303072300833
0.013744321698503066
0.01374631659154997
0.013748288167456062
0.013750236832571374
0.013752162983860415
0.01375406700917154
0.013755949287497096
0.013757810189224687
0.01375965007637997
0.013761469302861255
0.013763268214666263
0.013765047150111308
0.01376680644004328
0.013768546408044601
0.01377026737063147
0.013771969637445678
0.013773653511440205
0.01377531928905882
0.013776967260409927
0.01377859770943491
0.013780210914071075
0.013781807146409503
0.013783386672847934
0.013784949754238877
0.013786496646033129
0.01378802759841884
0.013789542856456337
0.013791042660208787
0.013792527244868933
0.013793996840881936
0.013795451674064568
0.0137968919657208
0.013798317932753969
0.013799729787775595
0.013801127739210982
0.013802511991401766
0.01380388274470538
0.013805240195591711
0.013806584536736895
0.013807915957114444
0.013809234642083749
0.01381054077347605
0.008677347522197294
0.00912045625653224
0.00949953412688211
0.009826908367045754
0.010112092730505286
0.010362495881276981
0.010583945292510165
0.01078107180197253
0.010957592308312593
0.01111651882455722
0.011260314332830531
0.01139101004195497
0.011510294445093185
0.011619581601232616
0.011720063972456476
0.011812753675427647
0.011898514962625405
0.011978090005822938
0.012052119520768746
0.012121159385786584
0.012185694125016331
0.012246147919401073
0.012302893654396359
0.012356260398028646
0.012406539615925798
0.012453990363821393
0.012498843647417946
0.012541306100475477
0.012581563101712403
0.012619781427456834
0.01265611151840296
0.012690689424137917
0.012723638477428224
0.012755070740923191
0.012785088261436324
0.01281378416091395
0.012841243588291265
0.012867544552435956
0.01289275865310581
0.01291695172415621
0.01294018440101308
0.012962512622587775
0.01298398807628104
0.013004658593446947
0.013024568501619154
0.01304375893890393
0.013062268135187547
0.013080131664165828
0.01309738266966096
0.013114052069229054
0.013130168737668473
0.01314575967270212
0.013160850144818336
0.013175463833006842
0.013189622947912438
0.01320334834374429
0.013216659620118917
0.013229575214876136
0.013242112488786477
0.0132542878029636
0.01326611658970333
0.013277613417390529
0.013288792050044762
0.013299665502013645
0.013310246088268574
0.013320545470709362
0.013330574700842066
0.013340344259156787
0.01334986409149904
0.013359143642698862
0.013368191887695606
0.01337701736037317
0.013385628180299538
0.01339403207754607
0.01340223641574536
0.013410248213531682
0.013418074164494725
0.013425720655765479
0.013433193785342221
0.013440499378255175
0.013447643001659532
0.01345462997893872
0.013461465402892815
0.013468154148080528
0.013474700882377413
0.01348111007780772
0.013487386020702598
0.013493532821232907
0.013499554422361178
0.013505454608253475
0.01351123701218886
0.013516905124000996
0.013522462297083978
0.013527911754991694
0.013533256597658135
0.013538499807263595
0.013543644253770255
0.013548692700148496
0.013553647807314008
0.013558512138794178
0.013563288165140838
0.01356797826810541
0.013572584744591127
0.013577109810396188
0.013581555603760537
0.013585924188728268
0.013590217558336637
0.0135944376376421
0.013598586286592988
0.01360266530275777
0.013606676423917347
0.013610621330529182
0.013614501648070616
0.01361831894926821
0.013622074756219524
0.01362577054241336
0.013629407734654032
0.013632987714895035
0.013636511821986936
0.013639981353344242
0.013643397566535468
0.013646761680800663
0.013650074878500035
0.013653338306497443
0.013656553077482106
0.01365972027123167
0.013662840935819705
0.013665916088770477
0.013668946718163563
0.013671933783690964
0.01367487821766895
0.013677780926007018
0.01368064278913592
0.013683464662896902
0.013686247379393925
0.013688991747810731
0.013691698555194379
0.013694368567206868
0.013697002528846368
0.013699601165139432
0.013702165181805618
0.013704695265895711
0.013707192086404835
0.013709656294861549
0.013712088525894022
0.013714489397774372
0.013716859512942072
0.013719199458507383
0.01372150980673575
0.013723791115513893
0.01372604392879851
0.013728268777048216
0.013730466177639566
0.013732636635267793
0.013734780642332862
0.013736898679311545
0.013738991215116073
0.013741058707439885
0.013743101603091099
0.013745120338314116
0.013747115339099919
0.0137490870214855
0.013751035791842838
0.013752962047157887
0.01375486617529996
0.013756748555281865
0.01375860955751122
0.01376044954403324
0.013762268868765345
0.013764067877723947
0.01376584690924364
0.013767606294189189
0.013769346356160478
0.013771067411690817
0.013772769770438722
0.013774453735373534
0.013776119602955036
0.013777767663307305
0.013779398200387058
0.013781011492146611
0.013782607810691754
0.013784187422434604
0.013785750588241774
0.013787297563577841
0.013788828598644486
0.013790343938515262
0.013791843823266307
0.013793328488103072
0.013794798163483158
0.013796253075235534
0.013797693444676136
0.013799119488720004
0.013800531419990145
0.013801929446923131
0.01380331377387162
0.01380468460120388
0.013806042125400403
0.013807386539147731
0.013808718031429586
0.01381003678761537
0.013811342989546145
0.008677865099554866
0.00912099805946095
0.009500096583103274
0.009827488611139669
0.010112688436434973
0.010363105139394903
0.010584566518449186
0.01078170366842967
0.010958233693387867
0.011117168772180965
0.011260972022113062
0.011391674763194653
0.011510965580807858
0.01162025861102106
0.011720746380809586
0.0118134410618333
0.01189920695347305
0.011978786267732529
0.012052819755055968
0.012121863323841603
0.012186401524422123
0.012246858560654664
0.012303607338124635
0.012356976942612355
0.012407258855462327
0.012454712146370265
0.01249956783348342
0.01254203256168901
0.012582291719684273
0.012620512092771666
0.01265684412973809
0.012691423887487063
0.012724374705415794
0.012755808652196821
0.012785827780127242
0.012814525216156274
0.012841986113792718
0.012868288486093539
0.012893503936660923
0.012917698302884466
0.01294093222344471
0.012963261640255104
0.012984738243489918
0.013005409867069492
0.01302532084090548
0.013044512305310778
0.013063022492222059
0.01308088697724289
0.013098138905972709
0.013114809197625348
0.013130926728547224
0.01314651849790853
0.013161609777552197
0.01317622424773713
0.013190384120298514
0.013204110250563134
0.013217422239197824
0.013230338525030375
0.013242876469761536
0.013255052435381567
0.013266881855013093
0.013278379297821434
0.013289558528563485
0.013300432562284012
0.01331101371461405
0.013321313648078054
0.013331343414773999
0.013341113495753294
0.013350633837394104
0.013359913885032276
0.01336896261408778
0.0133777885589015
0.013386399839476208
0.013394804186297175
0.013403008963391276
0.013411021189768578
0.01341884755937716
0.013426494459689964
0.013433967989031743
0.013441273972744583
0.013448417978281708
0.013455405329311523
0.013462241118906745
0.01346893022188702
0.01347547730637777
0.013481886844642639
0.013488163123242202
0.013494310252567334
0.013500332175791604
0.013506232677283632
0.01351201539051694
0.013517683805511986
0.01352324127584233
0.013528691025234397
0.013534036153788084
0.01353927964384329
0.013544424365515789
0.013549473081923828
0.013554428454125508
0.013559293045785398
0.013564069327587545
0.013568759681410823
0.013573366404281388
0.01357789171211601
0.01358233774326906
0.013586706561895076
0.013591000161137965
0.013595220466157198
0.013599369337000625
0.013603448571332909
0.013607459907027929
0.01361140502463307
0.013615285549712652
0.013619103055077382
0.013622859062906272
0.013626555046766946
0.013630192433540085
0.0136337726052531
0.01363729690082821
0.013640766617749333
0.013644183013652274
0.013647547307842308
0.0136508606827429
0.013654124285279283
0.013657339228200194
0.01366050659134105
0.013663627422831505
0.01366670274025025
0.013669733531729737
0.013672720757013299
0.013675665348467094
0.013678568212049082
0.013681430228237115
0.013684252252918219
0.013687035118240886
0.013689779633432136
0.013692486585581143
0.013695156740390856
0.013697790842899307
0.013700389618171837
0.013702953771965752
0.013705483991368596
0.013707980945411282
0.013710445285657218
0.013712877646768531
0.013715278647050407
0.013717648888974546
0.013719988959682617
0.013722299431470686
0.013724580862255309
0.013726833796022277
0.013729058763258587
0.013731256281368476
0.013733426855074168
0.013735570976801975
0.013737689127054364
0.013739781774768648
0.013741849377662756
0.013743892382568698
0.013745911225754217
0.013747906333233084
0.01374987812106454
0.013751826995642308
0.013753753353973577
0.013755657583948398
0.013757540064599864
0.0137594011663554
0.013761241251279586
0.013763060673308777
0.013764859778477894
0.013766638905139628
0.013768398384176435
0.013770138539205523
0.013771859686777119
0.013773562136566306
0.013775246191558638
0.01377691214822974
0.013778560296719224
0.013780190920998987
0.013781804299036214
0.013783400702951249
0.013784980399170466
0.013786543648574411
0.013788090706641349
0.01378962182358633
0.01379113724449602
0.013792637209459403
0.013794121953694494
0.013795591707671237
0.013797046697230678
0.01379848714370058
0.013799913264007594
0.013801325270786102
0.013802723372483816
0.01380410777346433
0.013805478674106624
0.013806836270901707
0.013808180756546422
0.0138095123200346
0.013810831146745556
0.013812137418530082
0.008678377677107326
0.009121534628560447
0.00950065360597995
0.009828063250054307
0.01011327838782056
0.010363708512051477
0.010585181743314936
0.010782329431023646
0.01095886888264788
0.011117812441273198
0.011261623358077816
0.011392333063186155
0.011511630233308982
0.011620929080850977
0.011721422197052727
0.011814121808039785
0.011899892259641495
0.011979475803703414
0.012053513225030347
0.012122560461804474
0.01218710209029827
0.01224756233706156
0.012304314127615158
0.01235768656532174
0.012407971147090621
0.012455426956444773
0.01250028502385597
0.012542752005231122
0.012583013299149902
0.012621235699802419
0.012657569663990096
0.012692151255862176
0.012725103821382484
0.012756539435188612
0.012786560155008269
0.01281525911274524
0.012842721466437739
0.012869025233291548
0.01289424202071612
0.012918437669601109
0.012941672821850247
0.012964003422350063
0.01298548116402156
0.013006153883326571
0.013026065912531769
0.013045258394135343
0.013063769562104578
0.013081634993932351
0.013098887836978178
0.013115559012097605
0.013131677397170138
0.01314726999279929
0.01316236207216949
0.013176977316796568
0.013191137939694602
0.013204864797297187
0.013218177491311326
0.013231094461543247
0.013243633070614928
0.013255809681384779
0.0132676397277942
0.013279137779781456
0.013290317602833654
0.013301192212685952
0.013311773925622675
0.013322074404786874
0.013332104702862722
0.013341875301457515
0.013351396147476938
0.013360676686757736
0.013369725895195871
0.0133785523075848
0.013387164044357865
0.013395568836410267
0.013403774048159341
0.013411786698987328
0.013419613483197226
0.013427260788600633
0.013434734713845623
0.01344204108458312
0.013449185468561513
0.013456173189731436
0.013463009341435597
0.013469698798752065
0.013476246230053727
0.013482656107841284
0.013488932718902544
0.013495080173846251
0.013501102416054997
0.013507003230097986
0.013512786249641322
0.01351845496489045
0.013524012729596673
0.013529462767657284
0.013534808179336472
0.01354005194713221
0.013545196941312378
0.013550245925141664
0.013555201559819187
0.013560066409145395
0.013564842943935264
0.013569533546193894
0.013574140513069169
0.013578666060595285
0.013583112327239938
0.013587481377267039
0.013591775203926123
0.013595995732478673
0.013600144823071102
0.01360422427346333
0.013608235821621332
0.01361218114818153
0.013616061878794387
0.01361987958635395
0.01362363579311988
0.013627331972737893
0.013630969552164255
0.013634549913499624
0.01363807439573715
0.013641544296429496
0.013644960873279103
0.013648325345655861
0.01365163889604587
0.013654902671435133
0.013658117784631347
0.013661285315527136
0.013664406312307689
0.013667481792605608
0.013670512744605696
0.013673500128102135
0.013676444875510483
0.013679347892836693
0.013682210060605262
0.01368503223474857
0.013687815247459184
0.013690559908007004
0.013693267003522892
0.013695937299750379
0.01369857154176695
0.013701170454676368
0.013703734744273327
0.013706265097681771
0.013708762183968048
0.013711226654730093
0.013713659144663645
0.013716060272106659
0.013718430639562733
0.01372077083420466
0.013723081428358805
0.013725362979971295
0.013727616033056729
0.013729841118130207
0.013732038752623372
0.013734209441285197
0.013736353676568063
0.013738471938999904
0.013740564697542871
0.013742632409939132
0.01374467552304438
0.013746694473149459
0.013748689686290706
0.013750661578549407
0.013752610556340809
0.01375453701669313
0.013756441347516973
0.013758323927865503
0.013760185128185772
0.013762025310561539
0.013763844828947904
0.013765644029398113
0.013767423250282795
0.013769182822501919
0.013770923069689835
0.013772644308413545
0.013774346848364538
0.013776030992544404
0.013777697037444487
0.013779345273219756
0.013780975983857156
0.013782589447338595
0.013784185935798825
0.013785765715678338
0.013787329047871501
0.013788876187870109
0.01379040738590246
0.013791922887068209
0.01379342293146905
0.013794907754335464
0.013796377586149607
0.013797832652764469
0.013799273175519551
0.013800699371352993
0.013802111452910434
0.01380350962865063
0.013804894102948002
0.013806265076192141
0.013807622744884462
0.013808967301732014
0.013810298935738645
0.013811617832293486
0.013812924173256955
0.008678885326949264
0.009122066039299916
0.009501205273858308
0.009828632364613671
0.010113862667639872
0.010364306084112353
0.010585791053640176
0.010782949177769438
0.010959497965433551
0.011118449922367603
0.011262268432336874
0.011392985034521127
0.011512288496081732
0.011621593105025807
0.011722091516241357
0.011814796009796003
0.011900570977521042
0.011980158710720855
0.012054200028230494
0.01212325089772974
0.012187795921181478
0.012248259347610058
0.01230501412228005
0.012358389365967445
0.012408676590996735
0.012456134894585212
0.012500995319410697
0.012543464532293843
0.012583727941601758
0.012621952350326749
0.012658288223207729
0.012692871631569978
0.012725825927880834
0.012757263192685584
0.012787285489090337
0.012815985953905814
0.012843449749656115
0.012869754897655933
0.012894973009085382
0.012919169928300542
0.012942406300397334
0.012964738073206791
0.012986216942370253
0.013006890746866593
0.013026803821294864
0.013045997310317557
0.013064509449913029
0.01308237581944531
0.013099629568017076
0.013116301618109796
0.013132420849121335
0.013148014263074739
0.013163107134483047
0.01317772314610692
0.013191884512128
0.013205612090076053
0.013218925482688243
0.013231843130739846
0.013244382397765202
0.0132565596474825
0.013268390314644093
0.013279888969953729
0.013291069379621705
0.013301944560066949
0.013312526828220783
0.013322827847838914
0.013332858672186072
0.013342629783420107
0.01335215112896913
0.013361432155165994
0.013370481838378061
0.013379308713847009
0.013387920902432626
0.013396326135436083
0.01340453177766144
0.013412544848859518
0.013420372043684823
0.013428019750284358
0.013435494067626421
0.013442800821667794
0.01344994558044919
0.013456933668200756
0.013463770178532604
0.013470459986778743
0.013477007761557133
0.013483417975603271
0.013489694915929995
0.013495842693361846
0.013501865251488405
0.013507766375077541
0.013513549697986096
0.013519218710602717
0.013524776766854747
0.013530227090808686
0.013535572782891461
0.013540816825757581
0.013545962089825577
0.013551011338505163
0.013555967233135149
0.013560832337650514
0.013565609122995922
0.013570299971301488
0.013574907179835654
0.013579432964748917
0.013583879464621192
0.013588248743824733
0.013592542795713671
0.013596763545650528
0.013600912853879332
0.013604992518254345
0.013609004276832743
0.013612949810339146
0.013616830744509319
0.01362064865231985
0.013624405056110279
0.013628101429603646
0.013631739199831105
0.013635319748965823
0.013638844416071223
0.013642314498768052
0.013645731254824744
0.013649095903675159
0.013652409627867465
0.01365567357444783
0.013658888856282348
0.013662056553320305
0.013665177713801886
0.01366825335541309
0.01367128446639056
0.013674272006578852
0.013677216908442431
0.013680120078034787
0.01368298239592663
0.013685804718095237
0.013688587876776837
0.013691332681283794
0.013694039918788266
0.013696710355073955
0.013699344735257444
0.013701943784480534
0.01370450820857495
0.01370703869470068
0.013709535911959187
0.013712000511982576
0.013714433129499898
0.01371683438288154
0.01371920487466272
0.013721545192047017
0.013723855907390836
0.01372613757866957
0.01372839074992636
0.013730615951704142
0.013732813701461705
0.013734984503974486
0.013737128851720716
0.013739247225253534
0.013741340093559696
0.013743407914405382
0.013745451134669722
0.013747470190666453
0.013749465508454262
0.013751437504136262
0.01375338658414902
0.01375531314554158
0.013757217576244901
0.01375910025533203
0.013760961553269446
0.013762801832159909
0.013764621445977086
0.01376642074079238
0.013768200054994158
0.01376995971949976
0.013771700057960514
0.013773421386960019
0.013775124016206012
0.013776808248715983
0.013778474380996825
0.013780122703218732
0.013781753499383542
0.013783367047487748
0.01378496361968037
0.013786543482415883
0.013788106896602346
0.013789654117744942
0.013791185396085107
0.013792700976735342
0.013794201099809951
0.01379568600055174
0.013797155909454956
0.01379861105238445
0.013800051650691321
0.013801477921325092
0.013802890076942555
0.013804288326013405
0.013805672872922777
0.013807043918070777
0.013808401657969128
0.013809746285334993
0.013811077989182123
0.013812396954909375
0.013813703364386715
0.008679388119795888
0.009122592365704594
0.009501751663585523
0.009829196034095367
0.010114441357283134
0.010364897938819444
0.010586394534302034
0.010783562994998035
0.01096012102937645
0.011119081304265682
0.011262907334749526
0.011393630768019657
0.011512940460822641
0.011622250776044686
0.01172275443161224
0.011815463761018892
0.011901243201657752
0.011980835083914494
0.012054880260328815
0.012123934727795875
0.012188483113723163
0.012248949689394523
0.012305707419629379
0.012359085442450424
0.012409375285449845
0.012456836059408232
0.012501698819092646
0.012544170242133093
0.012584435746590442
0.012622662144175002
0.012658999907487218
0.012693585114959762
0.01272654112550125
0.012757980025508129
0.012788003883413473
0.012816705840887982
0.012844171064898706
0.012870477580829954
0.01289569700359642
0.012919895180987438
0.012943132761260578
0.012965465695163218
0.01298694568103098
0.013007620560335713
0.013027534669986528
0.01304672915678952
0.01306524225871487
0.013083109556979854
0.013100364202413634
0.013117037119108044
0.013133157187964787
0.013148751412412849
0.013163845068281171
0.01317846183956334
0.013192623941597384
0.01320635223299876
0.013219666317524931
0.01323258463691094
0.013245124555594777
0.013257302438146185
0.013269133720120691
0.013280632972980214
0.013291813963651321
0.013302689709230176
0.013313272527288894
0.013323574082189977
0.013333605427773168
0.01334337704674159
0.013352898887040795
0.013362180395494992
0.013371230548938434
0.013380057883056722
0.013388670519132026
0.013397076188867589
0.0134052822574505
0.013413295744996634
0.013421123346508648
0.013428771450465738
0.013436246156153346
0.013443553289831205
0.013450698419829547
0.013457686870655362
0.013464523736183608
0.013471213892001777
0.013477762006970566
0.013484172554058017
0.013490449820499857
0.013496597917334329
0.013502620788356052
0.013508522218529648
0.013514305841900873
0.013519975149039826
0.013525533494048192
0.013530984101160087
0.013536330070963588
0.013541574386268263
0.01354671991764184
0.01355176942863769
0.013556725580732943
0.01356159093799586
0.013566367971499535
0.013571059063497903
0.013575666511378804
0.01358019253140793
0.013584639262276349
0.013589008768463605
0.013593303043427433
0.013597524012630424
0.013601673536413297
0.01360575341272374
0.013609765379709267
0.013613711118181847
0.013617592253961731
0.013621410360107262
0.013625166959037087
0.013628863524550845
0.013632501483753839
0.013636082218891083
0.013639607069095571
0.01364307733205549
0.013646494265604638
0.013649859089240247
0.013653172985571931
0.013656437101705474
0.013659652550564793
0.013662820412155297
0.01366594173477164
0.013669017536152704
0.013672048804586494
0.013675036499967427
0.01367798155480844
0.013680884875210091
0.01368374734178885
0.01368656981056647
0.013689353113822429
0.013692098060911146
0.013694805439045676
0.013697476014049515
0.013700110531077963
0.013702709715310495
0.013705274272615517
0.01370780489018872
0.013710302237166329
0.01371276696521432
0.01371519970909471
0.013717601087210016
0.013719971702126773
0.013722312141079067
0.013724622976453035
0.01372690476625307
0.013729158054550572
0.01373138337191605
0.013733581235835169
0.013735752151109604
0.013737896610243171
0.013740015093813973
0.01374210807083313
0.01374417599909061
0.013746219325488761
0.013748238486363992
0.013750233907797123
0.013752206005912884
0.013754155187168961
0.013756081848635027
0.013757986378262196
0.0137598691551432
0.013761730549763781
0.013763570924245504
0.013765390632580428
0.013767190020857932
0.013768969427483969
0.013770729183393067
0.013772469612253369
0.013774191030664927
0.013775893748351562
0.013777578068346508
0.013779244287172069
0.013780892695013501
0.013782523575887409
0.01378413720780472
0.013785733862928602
0.013787313807727365
0.013788877303122622
0.013790424604632836
0.013791955962512443
0.013793471621886676
0.013794971822882307
0.013796456800754375
0.013797926786009093
0.013799382004523048
0.01380082267765884
0.013802249022377264
0.013803661251346154
0.01380505957304604
0.013806444191872675
0.013807815308236573
0.013809173118659668
0.013810517815869134
0.01381184958888854
0.01381316862312638
0.013814475100462055
0.00867988612501587
0.00912311368039015
0.00950229285054547
0.009829754336267416
0.01011501453659075
0.010365484157829586
0.010586992268561423
0.010784170967396527
0.010960738160439461
0.011119706674077988
0.011263540153463958
0.011394270352772446
0.011513586217482163
0.01162290218464538
0.011723411034626732
0.01181612515383703
0.011901909024797352
0.011981505016602518
0.012055554015175926
0.012124612046349919
0.0121891637627343
0.01224963345766045
0.012306394115316428
0.012359774890807414
0.0124100673268479
0.012457530547652619
0.012502395619962768
0.012544869232114758
0.012585136811770928
0.012623365179276558
0.012659704815018779
0.012694291804469968
0.01272724951291868
0.012758690032556827
0.012788715437093704
0.012817418873013707
0.012844885511684544
0.01287119338252138
0.012896414104137931
0.012920613527724095
0.012943852304668983
0.012966186388608528
0.012987667480547012
0.013008343424425507
0.01302825855944118
0.013047454034523311
0.013065968089614955
0.013083836307768975
0.013101091841524592
0.01311776561656866
0.013133886515292396
0.013149481542517352
0.013164575975375833
0.013179193499082609
0.013193356330121083
0.013207085328182072
0.013220400098033623
0.0132333190823614
0.013245859646498432
0.01325803815585792
0.013269870046790911
0.013281369891510277
0.013292551457652037
0.013303427762983131
0.013314011125710378
0.013324313210797294
0.013334345072653159
0.013344117194521176
0.013353639524859408
0.013362921510978745
0.013371972130175873
0.013380799918576118
0.013389412997879973
0.013397819100188956
0.013406025591069518
0.013414039490999124
0.013421867495325257
0.013429515992856147
0.013436991083191359
0.013444298592890693
0.013451444090571144
0.013458432901013916
0.013465270118356272
0.01347196061843679
0.01347850907035659
0.013484919947314038
0.01349119753676562
0.01349734594996127
0.013503369130898678
0.01350927086473735
0.013515054785710152
0.013520724384566904
0.01352628301558199
0.013531733903155523
0.013537080148035216
0.013542324733184204
0.013547470529318009
0.013552520300132265
0.013557476707241126
0.01356234231484486
0.013567119594143764
0.01357181092751442
0.01357641861246293
0.013580944865369076
0.013585391825034022
0.01358976155604359
0.013594056051958125
0.01359827723833934
0.013602426975623704
0.013606507061851472
0.013610519235259612
0.013614465176746618
0.013618346512216432
0.013622164814808355
0.013625921607019406
0.013629618362725075
0.013633256509104134
0.013636837428472725
0.013640362460032779
0.013643832901539272
0.013647250010890745
0.01365061500764719
0.013653929074479093
0.013657193358551274
0.013660408972844935
0.01366357699742107
0.013666698480628282
0.013669774440257833
0.013672805864648594
0.013675793713744383
0.01367873892010613
0.013681642389881024
0.013684505003730855
0.013687327617721439
0.01369011106417508
0.013692856152487849
0.013695563669913317
0.013698234382314392
0.013700869034884718
0.013703468352841097
0.013706033042088254
0.013708563789857249
0.013711061265318743
0.013713526120172237
0.013715958989212431
0.013718360490873658
0.013720731227753455
0.01372307178711614
0.013725382741377298
0.013727664648570035
0.01372991805279376
0.013732143484646266
0.01373434146163987
0.013736512488602208
0.013738657058062442
0.013740775650623413
0.013742868735320369
0.013744936769966843
0.013746980201488169
0.013748999466243216
0.013750994990334726
0.013752967189908843
0.013754916471444171
0.013756843232030812
0.01375874785963984
0.013760630733383508
0.01376249222376661
0.013764332692929341
0.013766152494881983
0.013767951975731725
0.01376973147390193
0.013771491320344154
0.013773231838743197
0.013774953345715395
0.013776656151000516
0.013778340557647381
0.01378000686219355
0.01378165535483922
0.013783286319615597
0.013784900034547923
0.013786496771813369
0.01378807679789395
0.013789640373724713
0.013791187754837262
0.013792719191498905
0.013794234928847503
0.013795735207022177
0.013797220261290061
0.013798690322169242
0.013800145615547921
0.013801586362800091
0.013803012780897708
0.013804425082519552
0.013805823476156881
0.01380720816621596
0.013808579353117622
0.013809937233393903
0.013811281999781894
0.013812613841314898
0.013813932943410944
0.013815239487958798