0.47072191282240405
0.6447480563368986
0.8435972141833117
1.0642796243517878
1.303643056384253
1.5585652950322706
1.8260779322935108
2.10343923384345
2.3881709135876505
2.6780703387788303
2.9712067170433016
3.2659074045853553
3.560738622644143
3.854483496901802
4.146119343452079
4.43479542374738
4.719811903975946
5.000600422435763
5.276706447084047
5.54777346171006
5.813528929316966
6.073771928290703
6.328362328740235
6.577211364573543
6.820273455567554
7.057539138871366
7.289028978317786
7.514788330781551
7.734882860417825
7.949394703178883
8.158419195081116
8.362062088006022
8.56043718625142
8.75366434554807
8.941867783841706
9.125174659853876
9.303713881340741
9.477615110139476
9.647007935600914
9.812021191927837
9.972782398338651
10.129417303919924
10.282049521575455
10.430800237675845
10.575787985906386
10.717128475443184
10.854934464992702
10.989315675439581
11.12037873488812
11.248227150778014
11.372961304524392
11.494678464793866
11.613472816096916
11.729435499865424
11.842654665604105
11.953215530065075
12.061200442704415
12.166688955945464
12.269757899001737
12.370481454208015
12.468931234976067
12.565176364635292
12.659283555541672
12.751317187944085
12.841339388186867
12.929410105904797
13.015587189932248
13.099926462704088
13.182481792973803
13.263305166714343
13.34244675610163
13.419954986509543
13.495876601469238
13.570256725566493
13.643138925267282
13.714565267676408
13.784576377245253
13.853211490454548
13.920508508505705
13.986504048060425
14.051233490073187
14.11473102676507
14.177029706790087
14.238161478647246
14.298157232392974
14.357046839709234
14.41485919238296
14.471622239252476
14.527363021675958
14.582107707576474
14.635881624117143
14.688709289058943
14.740614440852415
14.791620067513241
14.84174843433031
14.891021110453295
14.939458994405461
14.987082338565717
15.03391077266257
15.079963326320934
15.12525845070147
15.169814039270353
15.213647447736141
15.256775513188874
15.299214572475062
15.340980479841031
15.382088623875529
15.422553943781455
15.462390945005117
15.501613714250322
15.540235933903428
15.578270895894363
15.615731515017476
15.652630341735177
15.688979574486202
15.7247910715194
15.760076362273157
15.794846658319434
15.829112863890863
15.862885586008234
15.896175144225232
15.928991580006237
15.96134466575258
15.993243913491792
16.02469858324374
16.055717691077113
16.08631001686884
16.116484111778735
16.146248305450968
16.17561071295348
16.204579241465993
16.233161596726816
16.261365289248122
16.289197640309048
16.316665787735477
16.343776691475064
16.370537138975575
16.3969537503744
16.423032983506626
16.448781138738852
16.474204363635568
16.499308657464592
16.52409987554782
16.548583733463346
16.57276581110461
16.59665155660203
16.620246290112586
16.64355520748204
16.666583383784964
16.689335776747004
16.711817230053846
16.73403247655116
16.755986141339566
16.777682744768544
16.799126705333027
16.820322342476214
16.841273879302197
16.861985445201462
16.88246107839268
16.902704728383668
16.92272025835451
16.942511447465602
16.962081993093346
16.981435512996033
17.000575547412446
17.019505561095514
17.038228945283365
17.056749019609853
17.075069033956897
17.093192170250394
17.111121544201854
17.12886020699755
17.14641114693702
17.163777291022594
17.18096150650171
17.197966602363557
17.214795330791596
17.231450388573442
17.247934418469576
17.26425001054224
17.280399703445823
17.296385985679958
17.312211296806808
17.327878028633325
17.343388526360002
17.358745089696953
17.373949973948562
17.389005391067542
17.403913510679576
17.4186764610793
17.43329633019872
17.447775166548762
17.462114980135002
17.476317743348197
17.490385391830543
17.504319825318362
17.51812290846197
17.531796471623466
17.545342311653034
17.558762192644515
17.572057846670845
0.5688834611887406
0.7887333658617514
1.04356630035475
1.3301429102897624
1.644805234829306
1.9837476531629523
2.343206999989533
2.719588476090328
3.1095429960017555
3.510009164184174
3.9182303453534377
4.331754808919164
4.748424857512594
5.166359212808331
5.58393168021104
5.999748179463169
6.412623543413332
6.821558993372461
7.225720848837927
7.624420784386544
8.017097778575359
8.403301787227122
8.78267910059538
9.154959298889064
9.519943695021919
9.877495141092682
10.227529071624183
10.570005658882234
10.904922961474872
11.232310955382088
11.552226345548155
11.864748065487435
12.169973381555678
12.468014527338598
12.758995801841847
13.04305107274588
13.320321632885427
13.59095436451582
13.855100170184963
14.112912637938493
14.36454690634764
14.61015870538792
14.849903548597824
15.083936056287575
15.31240939200491
15.535474796766465
15.75328120757559
15.965974948504432
16.173699484151935
16.376595226626357
16.57479938836644
16.76844587413061
16.95766520636777
17.142584478952962
17.323327334940938
17.500013965095977
17.672761120875265
17.841682146551555
18.006887018258613
18.16848239503598
18.32657167726861
18.481255071407702
18.632629659648167
18.78078947341212
18.92582556965879
19.06782610918399
19.206876436197103
19.343059158571595
19.47645422825892
19.607139021436836
19.735188418033655
19.860674880330528
19.98366853039679
20.104237226158368
20.222446635938567
20.338360311344314
20.452039758399426
20.563544506851564
20.672932177600668
20.78025854821442
20.885577616510616
20.98894166220857
21.09040130663405
21.190005570519038
21.287801929897654
21.38383637013431
21.478153438115783
21.57079628990393
21.66180675027872
21.75122534337822
21.839091348744677
21.925442842264694
22.010316738217323
22.093748829793075
22.17577382813314
22.25642539992799
22.33573620364416
22.413737924397914
22.490461307543224
22.565936191011033
22.64019153644562
22.713255459181788
22.78515525710504
22.85591743843622
22.925567748480688
22.994131195380884
23.06163207491013
23.128093994344102
23.193539895445348
23.257992076594935
23.32147221410418
23.384001382738177
23.445600075481806
23.506288222577723
23.566085209864646
23.62500989644329
23.683080631696402
23.740315271687862
23.79673119496544
23.852345317790395
23.907174108816374
23.9612336032392
24.014539416438147
24.067106757128624
24.118950440045346
24.170084898174203
24.220524194550435
24.270282033639937
24.31937177231991
24.36780643047431
24.415598701218897
24.462760960770343
24.509305277972917
24.55524342349591
24.600586878714516
24.645346844286024
24.689534248433144
24.73315975494547
24.776233770909663
24.818766454178814
24.860767720590573
24.902247250943624
24.943214497741398
24.98367869171189
25.02364884811171
25.063133772822454
25.102142068247062
25.14068213901349
25.1787621974928
25.216390269138387
25.253574197652895
25.290321649989163
25.326640121190962
25.362536939079593
25.39801926879163
25.433094117173344
25.46776833703666
25.50204863128192
25.535941556891792
25.569453528801105
25.60259082364695
25.6353595834031
25.667765818903
25.69981541325492
25.73151412515332
25.7628675920897
25.79388133346668
25.824560753618343
25.85491114474023
25.88493768973206
25.91464546495592
25.944039442913045
25.973124494841734
26.001905393239156
26.030386814309473
26.05857334034079
26.08646946201338
26.114079580641175
26.141408010349075
26.16845898018783
26.195236636188824
26.221745043360436
26.247988187628152
26.27396997771995
26.299694246998968
26.32516475524722
26.350385190388586
26.37535917018632
26.400090243871634
26.424581893738626
26.448837536693343
26.47286052576065
26.49665415155029
26.520221643683165
26.54356617217951
26.566690848809525
26.58959872840819
26.61229281015503
26.634776038819954
26.65705130597624
26.6791214511817
0.6706424906892281
0.9401926907642687
1.256741060855908
1.6170522442215964
2.017143134880617
2.452633963413785
2.9190112172266627
3.4118155720490324
3.9267696722967007
4.459859584645728
5.007381699786219
5.565964598318634
6.132573306371233
6.704501587139342
7.279356471668853
7.855038098688397
8.42971706268851
9.001810812293183
9.569960152128274
10.133006542491994
10.68997063112298
11.24003226563083
11.782512104686205
12.316854856315977
12.842614111792408
13.359438703853423
13.867060498462378
14.365283510849494
14.853974237851324
15.333053095136357
15.802486852696568
16.262281967463796
16.712478718751708
17.1531460599838
17.584377105400378
18.006285184474137
18.419000393376827
18.822666589446246
19.217438775118303
19.603480825236414
19.980963516559157
20.350062822931474
20.710958443796827
21.063832537430216
21.408868633658848
21.74625070379947
22.076162368158606
22.39878622384036
22.714303277623458
23.022892467468218
23.32473027910659
23.619990402287037
23.90884347710293
24.191456878266266
24.46799454781175
24.738616867213075
25.003480563530694
25.262738644875515
25.51654036105754
25.765031185802343
26.008352817370792
26.246643194813878
26.480036527444707
26.708663335415586
26.932650499558516
27.152121318883932
27.36719557434061
27.57798959762249
27.784616343968622
27.98718546804338
28.18580340210729
28.38057343579804
28.571595796935373
28.75896773284783
28.94278359179181
29.12313490410033
29.300110462734587
29.473796403021538
29.644276281301273
29.811631152347307
29.975939645394362
30.137278038656675
30.295720332241807
30.451338319385915
30.604201655955187
30.75437792817414
30.90193271855476
31.046929670013025
31.189430548168634
31.329495301833106
31.467182121698222
31.60254749724306
31.735646271883336
31.866531696390524
31.99525548061219
32.12186784352763
32.24641756167533
32.36895201599008
32.48951723708976
32.60815794905188
32.72491761172121
32.839838461589736
32.9529615512909
33.064326787749174
33.173972969026586
33.28193781990666
33.38825802625298
33.49296926820223
33.59610625217959
33.69770274184272
33.79779158794076
33.896404757144666
33.99357335988165
34.089327677207486
34.183697186751
34.276710587762786
34.36839582530012
34.45878011357855
34.547889958519995
34.63575117952601
34.722388930504145
34.807827720174025
34.892091431679574
34.97520334153195
35.0571861379078
35.138061938325954
35.21785230672529
35.29657826996531
35.374260333770536
35.45091849813873
35.52657227223266
35.601240688773906
35.67494231795677
35.74769528089983
35.81951726265181
35.89042552476769
35.96043691747085
36.02956789141592
36.097834509067
36.16525245570458
36.23183705007514
36.29760325469552
36.36256568582493
36.42673862311621
36.49013601895772
36.552771507516894
36.61465841349613
36.67580976061079
36.73623827979977
36.79595641717721
36.854976341735146
36.913309952805285
36.97096888728862
37.027964526660746
37.08430800376088
37.140010209371695
37.195081798597556
37.24953319704783
37.3033746068321
37.356616012373536
37.40926718604669
37.46133769364581
37.51283689968914
37.56377397256492
37.61415788952429
37.66399744152644
37.71330123794053
37.76207771110959
37.81033512078073
37.85808155840603
37.90532495131859
37.952073066787655
37.998333515956794
38.044113757668974
38.08942110218231
38.134262714779744
38.17864561927642
38.22257670142782
38.26606271224183
38.30911027119796
38.351725869376565
38.393915872500926
38.435686523894965
38.477043947359235
38.51799414996772
38.55854302478811
38.59869635352756
38.63845980910668
38.67783895816359
38.7168392634905
38.75546608640472
38.7937246890561
38.83162023667294
38.86915779974824
38.90634235616789
38.94317879328281
38.97967190992665
39.01582641838054
39.05164694628675
39.08713803851243
39.1223041589652
0.774721154230507
1.0971962088673721
1.4804520553351042
1.9215657772357349
2.4164728649409617
2.960394607241323
3.5481758842612057
4.174540884626444
4.83427907435696
5.522374656957704
6.2340917990546
6.965026176003644
7.711131506134364
8.4687279743992
9.23449791229325
10.005472829693572
10.779014872022074
11.552794971681603
12.32476934009025
13.093155469864413
13.856408461025248
14.61319821150417
15.362387820138403
16.103013403151017
16.83426542152388
17.555471547136378
18.26608104037583
18.965650583114535
19.65383148770278
20.330358191270278
20.995037938878195
21.64774155790901
22.288395227843093
22.916973153537985
23.533491052055467
24.138000390310975
24.730583253749213
25.311347836229
25.88042444510441
26.437961981693984
26.984124842964516
27.519090198131654
28.043045598575908
28.556186883778835
29.058716349906707
29.550841151228493
30.032771907769614
30.5047214954994
30.96690399795139
31.41953380050749
31.862824810663362
32.29698978945593
32.72223978089707
33.13878362773942
33.54682756321942
33.9465748695981
34.33822559536267
34.72197632388135
35.09801998712737
35.466545718820704
35.827738741985684
36.18178028649991
36.528847532721386
36.86911357773556
37.202747421166066
37.52991396785124
37.85077404500478
38.165484431760284
38.47419789924835
38.7770632595765
39.07422542227695
39.36582545696213
39.65200066108061
39.93288463180317
40.20860734118889
40.479295213888754
40.74507120673832
41.006054889675156
41.26236252749107
41.51410716199425
41.7613986942149
42.004343966339114
42.24304684310072
42.47760829240106
42.70812646496172
42.93469677284639
43.15741196671497
43.37636221169784
43.591635161797996
43.8033160327488
44.01148767326997
44.21623063467893
44.41762323882781
44.615741644345405
44.81065991117454
45.00245006339758
45.191182150380634
45.37692430618259
45.559742807330096
45.739702128914374
45.91686499905869
46.09129245177882
46.2630438782656
46.43217707662059
46.59874830007717
46.762812303741626
46.924422389888534
47.08363045184628
47.24048701650902
47.39504128551076
47.547341175098644
47.69743335474128
47.84536328450816
47.991175251256465
48.1349124036598
48.2766167861145
48.416329371557225
48.55409009322758
48.68993787540901
48.82391066318014
48.956045451207714
49.086378311612464
49.21494442093766
49.34177808624963
49.466912770398466
49.59038111646686
49.71221497143395
49.832445409079924
49.95110275215689
50.06821659385068
50.183815818557
50.29792862199529
50.41058253068237
50.521804420787575
50.63162053639019
50.74005650715932
50.84713736547593
50.95288756301564
51.05733098681068
51.16049097480865
51.262390330944996
51.363051339745724
51.46249578047607
51.5607449408508
51.65781963032054
51.75374019294847
51.848526519891635
51.94219806149946
52.03477383904289
52.12627245608618
52.21671210951356
52.306110600222055
52.39448534349178
52.4818533790443
52.56823138079965
52.65363566634163
52.73808220610142
52.82158663226849
52.90416424743802
52.98583003300337
53.06659865730191
53.14648448352243
53.22550157738175
53.30366371457809
53.380984388028565
53.45747681489746
53.53315394342245
53.608028459545075
53.682112793351564
53.75541912533035
53.82795939245222
53.89974529407825
53.97078829770146
54.041099644527335
54.110690354898196
54.17957123356629
54.247752874820605
54.31524566747173
54.38205979969922
54.448205263765914
54.513691860603025
54.57852920427038
54.64272672629527
54.70629367989385
54.76923914407863
54.83157202765568
54.89330107311453
54.95443486041432
55.014981810669404
55.07495018973709
55.134348111710835
55.19318354232131
55.25146430224858
55.30919807034756
55.36639238678973
55.42305465612309
55.47919215025347
55.53481201134859
55.58992125466814
55.64452677132109
55.69863533095299
0.8800419372888989
1.2580480452912695
1.7122648229366484
2.240432062380807
2.8387007811017466
3.502128145842913
4.225087837676989
5.001595801831158
5.825559551263643
6.6909623933039395
7.591994416982924
8.5231411925378
9.479239683918678
10.45550928944049
11.447564421842815
12.451413712292892
13.46344980115043
14.4804327615133
15.499469457436735
16.51799055760911
17.53372646826059
18.544683092546364
19.54911805674319
20.54551783710663
21.53257606806286
22.50917319844984
23.474357576087407
24.427328002149192
25.367417692240547
26.29407965395847
27.206873372201045
28.105452740467168
28.98955515124274
29.8589916590434
30.713638130254704
31.553427296378064
32.37834163101431
33.18840697541928
33.98368684239998
34.764277333433284
35.53030260900341
36.2819108571453
37.01927070996586
37.74256806244219
38.452003252033904
39.14778856158297
39.83014601160713
40.49930541142527
41.15550264160137
41.79897814296516
42.42997558998819
43.04874072857301
43.65552036037432
44.25056145763061
44.834110394152916
45.406412279661524
45.96771038590299
46.518245654382056
47.05825627644563
47.58797733754642
48.10764051835159
48.61747384615219
49.11770149073029
49.608543599470565
50.09021616706414
50.5629309356563
51.02689532173943
51.482312366494355
51.9293807066436
52.36829456320125
52.799243745791216
53.22241367046338
53.63798538916588
54.0461356292373
54.44703684146591
54.840857255426755
55.227760940953374
55.60790787473247
55.98145401112549
56.34855135642603
56.70934804585475
57.06398842267658
57.41261311889887
57.75535913707564
58.092359932801614
58.423745497532714
58.74964244141593
59.07017407585374
59.38546049556528
59.69561865993894
60.00076247350137
60.301002865353034
60.596447867444354
60.88720269158634
61.17336980510865
61.45504900509281
61.73233749112437
62.00532993651823
62.27411855798436
62.53879318370918
62.79944131983791
63.05614821534931
63.30899692532144
63.55806837259306
63.803441407828956
64.04519286800314
64.28339763331643
64.51812868256863
64.74945714700775
64.97745236268132
65.2021819213158
65.42371171975348
65.64210600797438
65.85742743573523
66.06973709785518
66.27909457818046
66.48555799225957
66.68918402876086
66.89002798966484
67.08814382926313
67.28358419199576
67.47640044915835
67.66664350281734
67.85436039619172
68.03960000752872
68.22240925238576
68.40283342471663
68.58091690422508
68.75670308952552
68.93023436271716
69.10155211726895
69.27069678506433
69.43770786263063
69.60262393657881
69.76548270827729
69.92632101778435
70.08517486706126
70.24207944248919
70.39706913671169
70.55017756982319
70.70143760992505
70.85088139306838
70.99854034260306
71.14444518795199
71.28862598282862
71.43111212291507
71.57193236301829
71.71111483372076
71.8486870575415
71.98467596462305
72.11910790795943
72.25200867817964
72.38340351790055
72.51331713566314
72.641773719465
72.7687969499018
72.89441001293028
73.01863561226453
73.14149598141698
73.26301289539573
73.38320768206812
73.50210123320235
73.6197140151953
73.73606607949863
73.85117707275053
73.96506624662338
74.0777524673961
74.18925422525902
74.29958964336068
74.408776486603
74.5168321701943
74.62377376796609
74.72961802046174
74.83438134280392
74.93807983234701
75.04072927612187
75.14234515807841
75.24294266613282
75.34253669902495
75.44114187299132
75.5387725282602
75.63544273537283
75.7311663013375
75.82595677561973
75.91982745597477
76.0127913941269
76.10486140129915
76.19605005359915
76.28636969726426
76.37583245377063
76.46445022481026
76.5522346971395
76.63919734730304
76.72534944623695
76.81070206375414
76.89526607291573
76.97905215429165
77.06207080011355
77.14433231832302
77.22584683651834
77.30662430580263
0.9857117637226348
1.4212850245849504
1.9500050444249575
2.570653724296295
3.27993682178296
4.073033522835127
4.9440730723595205
5.886529291617094
6.893535517037952
7.958128205985545
9.073429624600694
10.232780235353538
11.429830603395722
12.658601409247023
13.913518815639158
15.18943114430935
16.48161167150189
17.78575135904682
19.097944510809825
20.414669668271983
21.732767512517206
23.04941710182103
24.362111451537068
25.66863313406784
26.967030467212048
28.25559460380367
29.53283776970597
30.79747278758392
32.048393958174465
33.28465932075086
34.50547427847909
35.71017654912235
36.89822238449122
38.06917399116034
39.22268807871405
40.35850545893537
41.47644161898474
42.57637819301154
43.65825525925769
44.722064393137636
45.76784241069623
46.79566574108016
47.80564537081984
48.79792230720571
49.77266351198469
50.7300582607307
51.67031488698974
52.593657873872544
53.500325259096385
54.39056632256658
55.26463952844164
56.122810696250234
56.96535137803404
57.79253742068992
58.60464769469102
59.401962972191654
60.18476493917988
60.9533353278466
61.707955156703555
62.448904067217036
63.17645974684041
63.89089742933697
64.5924894641961
65.28150494776693
65.9582094094759
66.62286454716309
67.27572800617492
67.9170531973933
68.54708914987219
69.16608039419124
69.77426687303429
70.37188387585775
70.95916199483479
71.53632709955191
72.10360143623001
72.66119809318842
73.20933209949408
73.7482093739006
74.27803230388814
74.79899868473987
75.3113017737442
75.81513035044556
76.31066878201563
76.79809709291668
77.27759103811994
77.74932217922243
78.21345796287977
78.67016180103694
79.11959315249977
79.56190760544057
79.99725696048158
80.42578931404063
80.84764914166237
81.26297738109358
81.67191151489051
82.07458565237516
82.47113061078133
82.86167399545367
83.2463402789829
83.6252508791776
83.99852423578956
84.36627586085784
84.72861851232406
85.08566211830725
85.43751394647595
85.78427864934967
86.12605833248035
86.46295262112069
86.79505872537337
87.12247150382022
87.44528352563536
87.76358513118971
88.07746449115858
88.38700766414658
88.6922986528478
88.99341945875918
89.29045013547005
89.5834688405499
89.87255188605874
90.157773787706
90.43920731268418
90.71692352620381
90.99099183675827
91.26148004014567
91.52845436227672
91.79197950079603
92.05211902014527
92.30893398428529
92.56248508713604
92.81283130676793
93.06002988284312
93.30413794593944
93.5452101777635
93.78330041522935
94.01846129285555
94.25074427405963
94.48019968156692
94.70687672695757
94.93082353937604
95.1520871934267
95.37071373627975
95.58674821400874
95.80023469718276
96.01121630573482
96.2197352331271
96.42583276983405
96.62954932616283
96.83092445443123
97.02999687052105
97.22680447482648
97.4213843726144
97.6137728938146
97.80400561225665
97.99211736436979
98.1781422673618
98.36211373689264
98.5440645042573
98.72402663309327
98.90203153562584
99.0781099884658
99.25229214797267
99.42460756519571
99.59508520040646
99.76375343723382
99.93064009641432
100.0957724491683
100.25917723021375
100.42088065042797
100.58090840916807
100.73928570625948
100.89603725366334
101.0511872868316
101.204759575759
101.35677743574107
101.50726373784676
101.65624091911387
101.80373099247547
101.94975555642529
102.09433580442953
102.2374925340925
102.3792461560832
102.51961670282981
102.65862383698884
102.7962868596954
102.93262471860068
103.06765601570314
103.20139901497916
103.33387164981835
103.46509153027048
103.59507595010744
103.7238418937073
103.85140604276432
103.9777847828305
104.10299420969287
104.22705013559167
104.34996809528337
104.47176335195333
104.59245090298208
104.71204548556906
104.83056158221837
104.94801342608957
1.0910016520529153
1.5856635562732728
2.191762078165346
2.909518145251533
3.736562869321636
4.668525711166585
5.6995676237043025
6.822839793701123
8.030863656449126
9.31583616092827
10.669868309840783
12.085166489359882
13.554166149107425
15.069626674524528
16.624695248818977
18.212946354378012
19.82840245614906
21.465540405968596
23.119287227655455
24.785008221518915
26.458489644438366
28.135917817722422
29.81385600325079
31.48922011620627
33.15925406092117
34.82150527113413
36.4738008730173
38.11422476256812
39.741095791148396
41.3529471781878
42.94850721353622
44.52668126977719
46.08653511387217
47.627279485370465
49.14825589286012
50.64892357036249
52.12884752887341
53.58768763513081
55.025188648588056
56.4411711481563
57.83552328201793
59.20819327635826
60.55918264194321
61.88854002087542
63.19635561943548
64.4827561765424
65.74790042096426
66.99197497391062
68.21519065700899
69.41777916887125
70.59999009648378
71.76208823049176
72.90435115609739
74.027067093748
75.13053311123093
76.21505266957467
77.28093553168202
78.32849493520034
79.35804709424346
80.36990996687312
81.36440229119638
82.34184273285774
83.30254913299339
84.24683784673928
85.1750231633154
86.08741679955573
86.98432745952104
87.86606045353005
88.732917343959
89.58519577053367
90.42318905854704
91.24718612263517
92.05747127804682
92.85432410786042
93.63801935775219
94.408826855337
95.16701145139314
95.91283298054134
96.64654623918739
97.36840097874877
98.07864229566701
98.77750873360978
99.46523614537088
100.14205389823525
100.80818683655967
101.46385495155658
102.10927344031461
102.7446527699179
103.37019874589798
103.98611258432877
104.59259098694929
105.18982621876164
105.77800618761103
106.3573145253066
106.92793066989147
107.49002994871091
108.04378366196907
108.58935916649843
109.12691995949827
109.65662576202763
110.17863260206363
110.69309289695903
111.20015553515532
111.69996595702526
112.19266623473612
112.67839515104079
113.157288276917
113.62947804798819
114.09509383966927
114.5542620409924
115.00710612707451
115.45374673019873
115.89430170948694
116.3288862191481
116.75761277529264
117.18059132130756
117.59792929179176
118.00973167505543
118.41610107418978
118.81713776671724
119.21293976283478
119.60360286226481
119.98922070973057
120.36988484907499
120.74568477604208
121.1167079897433
121.4830400428296
121.84476459039396
122.20196343762689
122.55471658624984
122.90310227975122
123.24719704745011
123.58707574741263
123.92281160824692
124.25447626980147
124.58213982279253
124.90587084738571
125.22573645075698
125.54180230365766
125.85413267600802
126.16279047154407
126.4678372615411
126.76933331763797
127.06733764378492
127.36190800733812
127.65310096932335
127.94097191389031
128.22557507697982
128.50696357422459
128.78518942810433
129.0603035943752
129.33235598779362
129.6013955071539
129.86747005965782
130.13062658463514
130.39091107663313
130.64836860789154
130.90304335022196
131.15497859630545
131.40421678042776
131.65079949866498
131.89476752853713
132.1361608481434
132.37501865477665
132.61137938313456
132.84528072288305
133.07675963592993
133.30585237316222
133.5325944907652
133.75702086611574
133.97916571326402
134.1990625980142
134.41674445261503
134.63224359007177
134.84559171809025
135.05681995266278
135.26595883130665
135.47303832596359
135.67808785557182
135.88113629831767
136.08221200357696
136.28134280355422
136.47855602462874
136.6738784984148
136.8673365725444
137.0589561211806
137.24876255526783
137.4367808325278
137.62303546720634
137.80755053958006
137.9903497052272
138.17145620407126
138.35089286920174
138.52868213547941
138.70484604793148
138.87940626994228
139.05238409124485
139.22380043571974
139.3936758690047
139.56203060592233
139.72888451772792
1.1953252604067695
1.7501403999656948
2.4358791923340375
3.2546058756114977
4.205268701770549
5.28430841433438
6.486235364606917
7.804145040828921
9.230159892206132
10.75579617775936
12.372260575215956
14.070684207188497
15.842302771387779
17.678591416900353
19.571362367748712
21.512832394332207
23.49566626865289
25.513001326980422
27.558457471550483
29.626136083322244
31.710610697005038
33.806911709920364
35.91050692821441
38.017279366847454
40.12350340401881
42.22582013516007
44.321212566340165
46.40698112311442
48.480719821074736
50.540293342030594
52.583815180196034
54.60962696069382
56.616278985449476
58.60251202559337
60.56724035270925
62.50953598167186
64.42861408386693
66.32381952003942
68.19461443587707
70.04056685991357
71.86134024179871
73.65668386893344
75.42642482178485
77.17045635986199
78.88873782829374
80.58128078652602
82.24814655256509
83.88943996809272
85.50530438845212
87.0959171343876
88.66148536666948
90.20224232185022
91.71844402792118
93.21036609513538
94.67830104450447
96.12255578586117
97.5434493641839
98.94131092896662
100.31647790662703
101.66929435764482
103.00010950169094
104.30927639545271
105.59715074918958
106.8640898692728
108.11045171508204
109.3365940596579
110.54287374444692
111.72964601933415
112.89726395994465
114.04607795490978
115.17643525645113
116.28867958823022
117.3831508049588
118.46018459876036
119.52011224772684
120.56326040252877
121.58995090731051
122.6005006514489
123.59522144906313
124.57441994344904
125.53839753387098
126.48745032237855
127.42186907853278
128.341939220119
129.24794080810497
130.1401485542616
131.01883184001412
131.88425474522415
132.73667608572524
133.57634945854699
134.40352329386357
135.21844091279328
136.0213405902614
136.81245562221474
137.59201439652432
138.36024046711506
139.11735263050534
139.86356500467946
140.59908710957507
141.32412394892475
142.0388760930909
142.74353976259033
143.43830691203488
144.12336531424648
144.79889864432926
145.46508656350755
146.12210480255882
146.7701252446922
147.40931600774022
148.03984152554702
148.66186262845434
149.27553662279533
149.88101736932163
150.4784553605006
151.06799779662558
151.64978866069535
152.22396879202464
152.79067595855517
153.35004492784321
153.90220753670576
154.44729275951238
154.9854267751149
155.51673303241017
156.04133231453633
156.5593428017054
157.07088013267796
157.57605746488895
158.0749855332347
158.56777270753545
159.05452504868583
159.53534636351185
160.01033825834978
160.47960019136698
160.94322952364345
161.40132156903502
161.853969642838
162.30126510927838
162.74329742784676
163.1801541985013
163.61192120576123
164.03868246171362
164.4605202479569
164.87751515650226
165.28974612965794
165.69729049891666
166.10022402287063
166.4986209241756
166.89255392558587
167.2820942850831
167.66731183011962
168.0482749909974
168.42505083340527
168.79770509013295
169.16630219198365
169.53090529790506
169.89157632435786
170.24837597394088
170.60136376329294
170.95059805028856
171.29613606054616
171.63803391326664
171.97634664641896
172.31112824129113
172.6424316464211
172.97030880092555
173.29481065724138
173.6159872032954
173.93388748411775
174.24855962291312
174.56005084160458
174.86840748086328
175.17367501963878
175.47589809420177
175.77512051671363
176.07138529333395
176.3647346418793
176.6552100090453
176.94285208720197
177.22770083077597
177.50979547222934
177.78917453764507
178.06587586193137
178.33993660365388
178.6113932595053
178.88028167842302
179.14663707536369
179.41049404474307
179.67188657355183
179.93084805415336
180.1874112967745
180.44160854169584
180.6934714711493
180.94303122093183
181.19031839174178
181.43536306024578
181.67819478988253
181.91884264141112
182.15733518321005
182.3937005013338
182.62796620933278
182.86015945784376
1.2982181818405647
1.9138509413575489
2.680936191126387
3.6037845847114633
4.683065259987573
5.916415007445529
7.299044720844588
8.82430185315623
10.484168344738219
12.269686723822945
14.171315042231859
16.17921572550248
18.28348556150173
20.47433477040189
22.742222989613374
25.07795946622887
27.472773904913648
29.918363678049204
32.40692216888452
34.93115230522518
37.4842686319076
40.05999067113145
42.652529804732104
45.256571477818866
47.86725416035358
50.48014620311882
53.091221477940074
55.696834491348476
58.293695497802574
60.87884600762139
63.44963497976807
66.00369590614926
68.53892492815338
71.05346007447132
73.54566166911037
76.01409392768343
78.45750773669829
80.87482459318292
83.26512166933202
85.62761795797411
87.96166144869602
90.26671728082346
92.54235678934043
94.78824755342269
97.00414398582716
99.18987893873064
101.34535588421389
103.47054177128938
105.56546048656588
107.63018687306993
109.66484126438492
111.66958449391628
113.64461334170596
115.59015638376431
117.50647021134316
119.39383598992279
121.25255632991733
123.0829524432116
124.88536156162785
126.66013459527932
128.40763401050566
130.12823190870262
131.82230828886276
133.4902494780377
135.1324467152241
136.74929487536792
138.341191321284
139.90853487230123
141.451724879381
142.9711603973162
144.46723944538516
145.94035834872187
147.390911152858
148.81928910528936
150.22588019769876
151.61106876345167
152.97523512529625
154.3187552886555
155.64200067629594
156.94533790051838
158.22912856935073
159.4937291235285
160.73949070132213
161.9667590285317
163.1758743311996
164.36717126880433
165.54097888589718
166.69762058032043
167.83741408630908
168.9606714709292
170.067699142441
171.1587978693025
172.23426280864118
173.2943835431282
174.33944412528447
175.3697231283357
176.38549370281362
177.3870236381735
178.37457542876564
179.3484063435603
180.3087684990785
181.25590893503716
182.1900696922587
183.11148789244197
184.0203958194279
184.9170210016297
185.80158629533108
186.67430996858297
187.53540578545974
188.38508309045736
189.22354689284245
190.05099795077604
190.8676328550622
191.67364411238134
192.4692202278885
193.2545457870699
194.02980153676293
194.79516446525727
195.55080788140666
196.29690149268743
197.03361148215333
197.76110058423913
198.47952815937646
199.18905026739037
199.88981973965247
200.5819862499677
201.2656963841831
201.9410937085056
202.60831883652327
203.2675094949259
203.91880058792498
204.5623242603768
205.1982099596121
205.8265844959815
206.4475721021252
207.06129449097838
207.66787091252527
208.26741820931608
208.8600508707614
209.44588108622185
210.025018796909
210.59757174661573
211.16364553129475
211.72334364750597
212.2767675397484
212.82401664670144
213.3651884463918
213.9003785003084
214.42968049648528
214.95318629157208
215.47098595191602
215.98316779367008
216.4898184219544
216.99102276908587
217.48686413189947
217.97742420817997
218.46278313222388
218.94301950955128
219.41821045078788
219.88843160473434
220.35375719064373
220.81426002972466
221.27001157588788
221.7210819457556
222.1675399479501
222.6094531116788
223.04688771463356
223.4799088102203
223.90858025413567
224.33296473030563
224.75312377620298
225.16911780755893
225.58100614248193
225.98884702500186
226.3926976480496
226.7926141758897
227.1886517660182
227.5808645905383
227.96930585702864
228.35402782891578
228.73508184536274
229.11251834068833
229.4863868633258
229.85673609433437
230.22361386547487
230.58706717685973
230.94714221418843
231.3038843655791
231.65733823800545
232.00754767335127
232.3545557640885
232.6984048685922
233.03913662609915
233.37679197131962
233.71141114871148
234.04303372642437
234.37169860992321
234.69744405529846
235.02030768227053
235.34032648689754
235.65753685399199
1.3993189390071838
2.0760871884200194
2.925728234663377
3.955194115520799
5.167282541766959
6.56122657160894
8.133314321649763
9.87748656976033
11.785882981786585
13.849323068646248
16.05771780604244
18.40041379428648
20.866475133660398
23.444909800630906
26.124847760763476
28.895678003231183
31.747151098146333
34.66945324934203
37.65325706398987
40.68975353429111
43.77066904510223
46.88827060586256
50.03536196267955
53.205272776437724
56.39184265168881
59.58940146160189
62.792747130217315
65.9971217968697
69.1981870923978
72.39199909639045
75.57498341372896
78.74391070228023
81.89587289763416
85.02826031173488
88.1387397271813
91.22523353883835
94.2859001408703
97.3191152015446
100.3234543079697
103.297676608165
106.24070955759885
109.15163470932526
112.02967450339706
114.87418000754096
117.6846195589741
120.46056825636614
123.20169825102805
125.90776978719394
128.5786229425868
131.214170022161
133.8143885598853
136.3793148855731
138.90903821600938
141.4036952319093
143.8634651045312
146.28856493801683
148.67924559570628
151.03578788096203
153.35849904455887
155.6477095934858
157.90377037699028
160.12704992793704
162.31793203901992
164.47681355491343
166.60410236288538
168.70021556572715
170.76557782210017
172.80061984055726
174.80577701456795
176.78148818687777
178.7281945324481
180.6463385500822
182.53636315362874
184.39871085438511
186.23382302699397
188.04213925174886
189.82409672679577
191.5801297442455
193.31066922469907
195.0161423051314
196.69697197549752
198.35357675979745
199.98637043768915
201.59576180305922
203.1821544562544
204.7459466269505
206.28753102488253
207.80729471589248
209.3056190209582
210.7828794360635
212.23944557094705
213.67568110492954
215.09194375817285
216.48858527685803
217.86595143090128
219.22438202293893
220.56421090742344
221.88576601876855
223.18936940757234
224.47533728403258
225.74398006774004
226.99560244311166
228.23050341978472
229.44897639735512
230.65130923389535
231.83778431774095
233.00867864207405
234.16426388188154
235.30480647289852
236.43056769218583
237.54180374002192
238.6387658228201
239.72170023680786
240.79084845223235
241.84644719787542
242.88872854568848
243.91791999536966
244.93424455872983
245.93792084370554
246.92916313789533
247.90818149150616
248.87518179961262
249.83036588363925
250.77393157198955
251.70607277975466
252.6269795874395
253.53683831865857
254.43583161675448
255.32413852030325
256.20193453747356
257.06939171921476
257.9266787312516
258.77396092486987
259.6114004064781
260.4391561059404
261.2573838436692
262.0662363964798
262.8658635622053
263.6564122230726
264.43802640784725
265.2108473527509
265.97501356116135
266.7306608621045
267.47792246754943
268.21692902851873
268.94780869002966
269.6706871448767
270.3856876862747
271.0929312593768
271.79253651168295
272.48461984235854
273.1692954504777
273.84667538221174
274.5168695769787
275.17998591257447
275.83613024930185
276.48540647311756
277.1279165378152
277.7637605062635
278.39303659071703
279.0158411922197
279.6322689391186
280.24241272470556
280.8463637440073
281.4442115297391
282.0360439874418
282.62194742981956
283.20200661029463
283.7763047557976
284.3449235988102
284.9079434086751
285.4654430221927
286.0174998735175
286.5641900233727
287.1055881875966
287.6417677650376
288.17280086481287
288.69875833294265
289.2197097783799
289.73572359844354
290.24686700367454
290.75320604212396
291.2548056230898
291.75172954031353
292.24404049465
292.7318001162231
293.21506898607885
293.69390665734943
294.168371675937
294.63852160073225
295.104413023376
295.566101587576
296.0236420079897
296.4770880886826
296.92649274117366
297.37190800207543
297.8133850503419
298.25097422413006
298.6847250372868
299.114686195469
299.5409056119068
1.4983520785912563
2.236276762211244
3.1692433153593704
4.307226515852123
5.655557498148903
7.215473846819393
8.984735666695727
10.958245134330323
13.128631495002212
15.486780658172078
18.02230010588329
20.723917234347844
23.57981376883473
26.577901340219192
29.706044595554175
32.952238483964294
36.30474625212774
39.75220422369428
43.28369884909867
46.888820869352784
50.55770079805052
54.281029322350996
58.050065673770845
61.85663652936968
65.69312757522135
69.55246949363081
73.42811938807458
77.31404183917495
81.2046814929194
85.09494302657774
88.98016401483756
92.85609019219842
96.71885063619696
100.56493316781531
104.39116118240082
108.19466841306614
111.97288166725818
115.72349527514487
119.44445359546606
123.13393181147396
126.79031827639355
130.41219792685015
133.99833673814507
137.5476671875781
141.05927468655798
144.53238493857154
147.9663521778304
151.36064824227884
154.71485243436328
158.02864212356428
161.30178404506069
164.53412625113262
167.72559067256694
170.87616624965636
173.9859025940924
177.05490414504564
180.0833247847158
183.07136288061932
186.0192567238387
188.92728033436163
191.7957396064803
194.62496876899388
197.41532713664395
200.1671961308245
202.88097654912826
205.55708606473087
208.19595693796677
210.79803392372156
213.3637723594581
215.89363641980472
218.38809752467608
220.84763288886577
223.27272420195135
225.6638564281961
228.02151671690493
230.34619341442522
232.63837516964674
234.89855012548287
237.1272051893912
239.32482537652453
241.4918932195997
243.62888824002763
245.7362864752713
247.81456005779074
249.86417684129353
251.88560007034457
253.8792880896965
255.84569408998902
257.78526588672383
259.6984457296722
261.5856701400867
263.44736977330547
265.2839693045207
267.09588733566363
268.88353632151905
270.64732251333146
272.3876459183085
274.10490027354655
275.7994730330289
277.4717453664523
279.12209216873606
280.75088207916593
282.3584775092025
283.9452346780704
285.51150365531106
287.0576284095523
288.5839468628078
290.09079094967683
291.5784866808679
293.04735421051714
294.49770790681646
295.9298564255115
297.3441027858584
298.74074444867637
300.1200733961519
301.4823762130882
302.82793416932043
304.1570233030372
305.4699145047785
306.76687360189595
308.0481614432857
309.31403398421855
310.56474237110956
311.8005330260873
313.02164773123343
314.22832371237644
315.4207937223394
316.5992861235462
317.7640249699084
318.91523008791427
320.0531171568602
321.17789778816655
322.2897796037254
323.38896631324246
324.4756577905312
325.5500501487295
326.61233581441184
327.66270360057536
328.701338778481
329.72842314833537
330.7441351088032
331.7486497253425
332.74213879735686
333.7247709241639
334.69671156977927
335.6581231265172
336.6091649774147
337.54999355748157
338.48076241378743
339.40162226438974
340.312721056118
341.21420402122135
342.1062137328929
342.9888901596837
343.8623707188197
344.7267903284371
345.58228145874796
346.428974182155
347.26699622232906
348.0964730022656
348.9175276913375
349.7302812513588
350.5348524816784
351.33135806331904
352.1199126021795
352.9006286713146
353.6736168523142
354.438985775794
355.19684216101734
355.9472908546646
356.6904348687656
357.4263754178137
358.15521195507546
358.8770422081157
359.5919622135496
360.3000663510419
361.0014473765668
361.69619645494356
362.38440319166557
363.0661556640359
363.74154045162345
364.41064266605844
365.07354598017616
365.7303326565278
366.3810835752688
367.0258782614413
367.66479491166217
368.2979077742809
368.9252977807495
369.5470366290762
370.16319745762667
370.7738522013229
371.3790716150397
371.97892529649073
372.5734817086188
373.16280820150126
373.7469734726186
374.3260378083949
374.9000678098223
375.46912658529277
376.0332762329803
1.5951134479888385
2.39396355522162
3.41063993076343
4.658503681542401
6.145815807390978
7.876228258988167
9.84937917336821
12.06152023322354
14.50612955796266
17.174482188088806
20.056163303099563
23.13951813243359
26.412038135184133
29.860686562460003
33.47216835986863
37.233150317533934
41.13043760705044
45.15111268547966
49.28264214995929
53.51295660883819
57.830508071461324
62.22430879450713
66.68395498679584
71.19963828127308
75.76214743959252
80.36286236298093
84.99374214134673
89.64730855114524
94.31662633868713
98.99528089348243
103.67735504552198
108.3574019324121
113.03042463665068
117.69184620188969
122.33748711475795
126.96354043007446
131.56654807573798
136.14337799113284
140.69120219252773
145.2074758269813
149.68991725063876
154.1364891469256
158.5453806840786
162.91499069918632
167.24391188578932
171.53091595593247
175.7749397414049
179.97507219587257
184.13054225708655
188.24070752704955
192.3050437275137
196.32313488829323
200.2946642264837
204.2194056756543
208.09721602533318
211.92802763256245
215.7118416688874
219.44872186782675
223.13878873959706
226.7822142216042
230.37921673495464
233.93005661893957
237.43503191711412
240.89447449020207
244.3087464326075
247.6782367708008
251.0033584232618
254.28454540300513
257.52225024498955
260.7169416419157
263.8691022730469
266.9792268117563
270.0478200985044
273.0753954668846
276.06247321125505
279.00957918529633
281.917243521594
284.78599946306383
287.61638229770557
290.40892838878085
293.16417429309934
295.8826559606249
298.56490800911604
301.21146306797687
303.8228511859259
306.39959929748744
308.9422307436817
311.4512648426365
313.9272165061551
316.3705958985782
318.7819081345478
321.16165301253375
323.510324781223
325.8284119360873
328.1163970436463
330.374756591132
332.6039608594327
334.8044738173583
336.9767530354095
339.1212496173825
341.23840814825786
343.3286666569475
345.3924565925783
347.4302028130965
349.4423235850654
351.4292305936209
353.3913289616258
355.32901727714074
357.2426876283971
359.13272564551977
360.9995105483101
362.84341519945025
364.66480616254256
366.4640437644441
368.2414821613987
369.9974694085116
371.7323475321426
373.44645260483895
375.1401148224455
376.8136585830757
378.467402567639
380.1016598216574
381.71673783811747
383.31293864113377
384.8905588702119
386.4498898649238
387.99121774982166
389.51482351943196
391.0209799757197
392.50996444759994
393.9820398579981
395.43746752813354
396.8765070261328
398.29940437558423
399.70641002707225
401.09776696298115
402.47371378463595
403.83448479213774
405.18031006329267
406.51141553159454
407.82802306322355
409.13035053302866
410.418611899469
411.6930172784892
412.95377301631106
414.20108176112524
415.4351425336719
416.6561507966995
417.8642985232967
419.0597742640914
420.2427632133177
421.4134472737477
422.572005120493
423.71861226367696
424.8534411099851
425.97666102309927
427.0884383830221
428.1889366443023
429.2783163931715
430.35673540359824
431.4243486922782
432.48130857256587
433.5277647073649
434.563864160988
435.58975145000187
436.6055685930694
437.6114551598056
438.6075483186611
439.59398288384637
440.5708913613171
441.5384039938288
442.4966488050826
443.44575164297316
444.38583622195785
445.3170241645584
446.2394350420152
447.1531864141066
448.05839386814836
448.9551710571923
449.84362973743407
450.72387980484876
451.5960293310694
452.4601845985195
453.31645013481955
454.16492874647724
455.0057215518785
455.83892801359275
456.66464597000567
457.48297166629413
458.2939997847566
459.0978234745111
459.8945343805762
460.6842226723462
461.46697707147297
462.2428848791685
463.0120320029389
463.774502982763
464.5303810167259
465.27974798612144
466.02268448003235
466.7592698194015
1.6894575621309995
2.548790352324037
3.6492258672511215
5.007854358405037
6.636250268632302
8.540885849060839
10.723688526681654
13.182661416371996
15.912512256597237
18.90525578391445
22.15076893771873
25.63728830368837
29.35184607268668
33.28064511419024
37.4093764830841
41.723484160984235
46.20838252700994
50.849632220745264
55.63307989896975
60.54496703355913
65.57201244155588
70.70147196918205
75.9211844291402
81.21959079243226
86.58575643272746
92.00937173833672
97.48074949900226
102.99081543274349
108.53109108566717
114.09368042529897
119.67124371381877
125.25697699063355
130.84458729725992
136.42826768919986
142.00267196419264
147.56288944966042
153.10442011885917
158.62315024434818
164.11532874698946
169.57754435742405
175.00670367237652
180.4000101615089
185.75494415713283
191.06924384173132
196.34088723374816
201.5680751608916
206.7492152014884
211.8829065677983
216.96792590028602
222.00321393833366
226.98786303050466
231.92110544601834
236.80230244837938
241.63093409198788
246.4065897028906
251.12895900553713
255.79782385838004
260.4130505623342
264.9745827074427
269.48243452451953
273.9366847100355
278.33747069403364
282.6849833223978
286.97946192631713
291.2211897532906
295.41048973547447
299.5477205725953
303.63327310801276
307.667566977834
311.6510475142237
315.58418288525917
319.4674614548
323.3013893469274
327.0864882005138
330.82329310044383
334.51235067290963
338.15421733304987
341.74945767399646
345.29864298714284
348.80234990414107
352.2611591517972
355.6756544116372
359.046421276498
362.3740462970217
365.6591161114393
368.9022166524871
372.10393242574014
375.2648458540434
378.385536683103
381.46658144365125
384.5085529659203
387.512019942466
390.47754653566903
393.4056920264972
396.29701050136276
399.1520505741319
401.9713551405586
404.7554611626083
407.5048994803233
410.2201912725938
412.9018614910052
415.5504215222037
418.1663697644376
420.75020775486666
423.30242693761886
425.8235119244523
428.3139404603837
430.77418340207146
433.20470470784284
435.6059614383509
437.97840376690795
440.32247499862666
442.6386115975522
444.92724322103936
447.18879276067975
449.4236763891348
451.6323036122861
453.81507732614944
455.9723938780519
458.1046431315979
460.21220853499887
462.29546719236345
464.35478993758414
466.3905414104802
468.40308013488675
470.3927585984021
472.35992333352885
474.3049149999694
476.2280684678507
478.1297129016727
480.01017184479844
481.86976330430883
483.70879983606886
485.52758862986093
487.3264315944562
489.1056254425013
490.86546177511775
492.6062271661111
494.3282032457057
496.0316667837196
497.7168897721126
499.3841395068389
501.03367866894706
502.66576540487733
504.28065340590706
505.8785919867068
507.45982616296817
509.02459672807396
510.57314032878514
512.1056895399176
513.622472937991
515.1237151738369
516.6095303336086
518.0804555619414
519.5363840260006
520.9776320891605
522.4044058255633
523.8169077968059
525.215337117004
526.5998895167713
527.9707574061163
529.3281299362625
530.6721930603984
532.0031295933611
533.3211192702636
534.626338804076
535.9189619421667
537.199159521816
538.4670995247131
539.722947130447
540.9668647690035
542.1990121722819
543.4195464246432
544.6286220125004
545.8263908729712
547.0130024415981
548.1886036991563
549.3533392175608
550.5073512048859
551.6507795495127
552.7837618634178
553.9064335246203
555.0189277187962
556.1213754800772
557.2139057310523
558.2966453219759
559.3697190692083
560.4332497928922
561.4873583538892
562.5321636899791
563.5677828513451
564.5943310353522
565.6119216206375
566.6206662005181
567.6206746157374
568.6120549865597
569.5949137442224
570.5693556617639
571.5354838842374
572.4933999583196
573.4432038613329
1.7812868811620963
2.7004834793292014
3.8844385924667018
5.3542916215494305
7.12529771576708
9.207146899922012
11.604467074420697
14.317422884590712
17.342348224363956
20.672370549931735
24.29800058627075
28.207672114842207
32.38822446585806
36.825325546601974
41.503836732310575
46.40812303589257
51.52231314614045
56.830514457671526
62.31698832669731
67.96629062967463
73.76338238423288
79.69371478791186
85.7432925655045
91.8987192344479
98.14722700534182
104.47669437124657
110.87565337494843
117.33328861468871
123.83942963114777
130.38453807996365
136.9596908711237
143.55656026354623
150.1673917370057
156.7849803212347
163.402645940659
170.01420823039192
176.61396119133585
183.19664797984947
189.75743606476362
196.2918929336059
202.7959624867669
209.26594222277694
215.69846128849665
222.09045944391514
228.4391669715836
234.7420855447838
240.99697005574083
247.20181139501767
253.35482016525833
259.45441130628654
265.4991896039242
271.4879360514938
277.4195950305915
283.2932622761812
289.1081735901955
294.8636942675191
300.5593091983554
306.19461361144147
311.769304423324
317.28317215984265
322.736093417074
328.12802383018874
333.458991519964
338.7290909880149
343.9384774331643
349.08736146272196
354.17600417379236
359.2047125810464
364.17383536868994
369.0837589456079
373.93490378387617
378.7277210219943
383.4626893153032
388.14031191712223
392.7611139751412
397.32564002857646
401.8344516925015
406.2881255166308
410.6872510066486
415.03242879694034
419.32426896431195
423.5633860514042
427.7504114112376
431.8859743242042
435.97070169661214
440.0052331412522
443.990206723445
447.92626135260804
451.8140359224292
455.6541685243968
459.44729572945573
463.194051932922
466.8950687581132
470.5509745144671
474.16239370620593
477.7299465878718
481.2542487633208
484.73591082497967
488.17553803040994
491.5737300134088
494.93108052708203
498.24817721649185
501.52560141865143
504.76392798779716
507.9637251440036
511.12555434334865
514.2499701679619
517.3375202343949
520.3887451188773
523.4041782981091
526.3843461043421
529.3297676935881
532.2409550258781
535.1184128565611
537.9626387377205
540.7741230288348
543.5533489158814
546.3007924381361
549.0169225219769
551.7022010210435
554.3570827621646
556.9820155964898
559.5774404553192
562.1437914101541
564.6814957365232
567.1909739811844
569.6726400323162
572.1269011923541
574.554158253146
576.9548055731298
579.3292311562532
581.6778167323862
584.0009378389866
586.2989639038027
588.572258328414
590.8211785724264
593.0460762381507
595.2472971556116
597.425181467743
599.5800637156382
601.7122729237385
603.8221326848476
605.9099612448719
607.9760715871997
610.0207715166325
612.044363742794
614.0471459629505
616.0294109441826
617.9914466048458
619.9335360952794
621.8559578777174
623.7589858053531
625.6428892005358
627.5079329320603
629.354377491523
631.1824790687274
632.9924896261067
634.7846569721622
636.5592248338903
638.3164329281933
640.0565170322625
641.7797090529273
643.4862370949659
645.176325528373
646.8501950545839
648.5080627716555
650.1501422384057
651.7766435375131
653.3877733375828
654.983734954181
656.5647284098491
658.1309504930965
659.6825948163894
661.2198518731377
662.7429090936896
664.251950900348
665.7471587614141
667.2287112442727
668.696784067527
670.1515501521981
671.5931796719988
673.021840102693
674.4376962705569
675.8409103999505
677.2316421600135
678.6100487105006
679.9762847467645
681.3305025439053
682.6728520000945
684.0034806790893
685.3225338519496
686.6301545379724
687.9264835448513
689.2116595080836
690.485818929626
691.7490962158242
693.0016237146186
694.2435317520446
695.4749486680405
696.6960008515711
697.906812775084
1.8705427844825306
2.848839410260037
4.115827482753961
5.696991513143061
7.611615736441186
9.872993271451621
12.488859079658965
15.461952580378762
18.79064092168359
22.469554615914877
26.490203333761947
30.84155182663481
35.510544641380946
40.48257449554385
45.74189335510202
51.27196798378255
57.05578340436628
63.076098638590906
69.31565950567149
75.75737332923343
82.3844502512544
89.18051553561628
96.12969708914733
103.21669145220508
110.42681204160438
117.74602216209674
125.16095544599406
132.65892588841933
140.2279293669208
147.85663826538743
155.53439058414267
163.25117470890999
170.99761082900642
178.76492983605976
186.54495039878026
194.33005479063752
202.11316394716806
209.88771214347534
217.64762160943167
225.3872773381758
233.1015022912215
240.78553315951598
248.4349968029318
256.0458874599143
263.6145447934421
271.137632818328
278.61211973751426
286.0352587008244
293.404569488145
300.7178211097773
307.9730153093848
315.1683709492405
322.3023092530909
329.3734398786813
336.3805477896314
343.3225808947607
350.1986384219878
357.00795999346906
363.7499153685911
370.4239948217064
377.0298001220453
383.5670360839738
390.0355026566695
396.43508752330325
402.7657591808996
409.0275604732194
415.2206025501881
421.34505922853936
427.4011617297379
433.38919043348824
439.30948378232085
445.16241669861733
450.94839786729284
456.66788147913576
462.3213510633947
467.9093195019823
473.43232605549576
478.89093359985645
484.28572605994157
489.61730602740465
494.8862925506613
500.0933190857538
505.23903159750705
510.3240868010459
515.34915053437
520.3148962532648
525.2220036403833
530.0711573208473
534.8630456772158
539.5983597571146
544.2777922672652
548.9020366480446
553.4717862230972
557.9877334188684
562.4505690492703
566.8609816609961
571.2196569352975
575.5272771423138
579.784520644295
583.9920614443681
588.1505687772791
592.2607067400724
596.3231339586749
600.3385032887206
604.30746154782
608.2306492770681
612.1087005296803
615.942242684783
619.7318962845139
623.4782748927212
627.1819849736519
630.843625789135
634.463789312869
638.0430601605057
641.5820155343231
645.0812251813518
648.5412513639016
651.9626488415062
655.3459648633664
658.6917391704419
662.0005040063934
665.2727841366345
668.5090968748045
671.7099521160169
674.8758523762915
678.0072928376043
681.1047613980475
684.1687387266096
687.199698322134
690.1981065760381
693.1644228384031
696.0990994870817
699.0025819994842
701.8753090267384
704.7177124699347
707.5302175581891
710.3132429282797
713.0672007056285
715.7924965864169
718.4895299206394
721.1586937959149
723.8003751218914
726.4149547150876
729.0028073840314
731.5643020145652
734.0998016551965
736.6096636023863
739.094239485671
741.5538753525307
743.9889117529101
746.3996838233269
748.7865213704866
751.1497489543453
753.4896859705611
755.8066467322819
758.100940551222
760.3728718179835
762.6227400815884
764.8508401281827
767.0574620588839
769.242891366748
771.4074090128281
773.5512915013062
775.6748109536866
777.7782351820213
779.8618277611737
781.9258481000943
783.9705515121123
785.9961892842285
788.0030087454106
789.9912533338845
791.961162663424
793.9129725886353
795.8469152692417
797.763219233366
799.6621094398206
801.543807339405
803.4085309352145
805.2564948419774
807.0879103444136
808.9029854546297
810.7019249685615
812.4849305214641
814.2522006424706
816.0039308082162
817.7403134955484
819.4615382333297
821.167791653341
822.8592575403045
824.5361168810254
826.1985479126784
827.8467261702376
829.4808245330707
831.1010132707033
832.7074600877692
834.3003301681578
835.8797862183696
837.4459885100914
838.9990949220074
840.5392609808532
842.0666399017261
1.9571980212950324
2.993713192188729
4.343037939477648
6.035273219668982
8.0940600356347
10.536664856782801
13.374327909202256
16.612775374467557
20.25282059399762
24.290999936568877
28.720205650647237
33.530290798898264
38.70863098080662
44.2406344938535
50.1101974824091
56.30010396137921
62.79237278103757
69.56855493744733
76.60998537137318
83.89799369494482
91.41407849178509
99.14004922137612
107.05814023917175
115.15110042943432
123.40226199026951
131.79559143197415
140.31572552072865
148.94799457283224
157.67843520205935
166.49379434682157
175.38152615559557
184.32978308680686
193.3274023843167
202.3638889161378
211.4293952138624
220.51469941886802
229.61118172771475
238.71079983102294
247.80606375572785
256.8900104482713
265.95617837448316
274.998582359271
284.011688844552
292.99039170606443
301.9299887378182
310.8261588861897
319.6749402932794
328.4727091905179
337.2161596680867
345.9022843330226
354.52835585850806
363.0919094184502
371.5907259947247
380.02281653913826
388.3864069680249
396.67992396425626
404.90198155914135
413.05136846495265
421.12703612814596
429.12808747210954
437.0537662987577
444.9034442109312
452.6766267744926
460.3729136421483
467.99202135653917
475.53376005751534
482.9980293142194
490.38481130620517
497.69416443526535
504.92621734364207
512.0811633153758
519.1592550386194
526.1607997078023
533.0861544455769
539.9357220254983
546.7099468773853
553.4093113582577
560.0343322726931
566.5855576273127
573.063563604982
579.4689517451154
585.8023463172559
592.064391875852
598.255750984848
604.3771021013841
610.4291376085381
616.4125619876329
622.3280901212238
628.1764457183926
633.95835985451
639.674569618088
645.325816857808
650.912847023231
656.4364080931406
661.8972495855792
667.2961216448342
672.6337741993043
677.91095618685
683.128414841992
688.2868950416075
693.3871387049559
698.4298842444501
703.4158660637753
708.3458141001724
713.2204534079015
718.0405037800952
722.8066794063859
727.5196885638588
732.1802333390409
736.7890093787805
741.3467056680065
745.8540043324946
750.3115804648772
754.7201019722561
759.0802294438746
763.3926160374134
767.6579073825642
771.8767415006164
776.0497487388856
780.1775517188792
784.2607652971709
788.2999965380211
792.2958446968455
796.2489012136905
800.1597497159287
804.0289660294452
807.857118197626
811.64476650751
815.3924635225076
819.1007541211304
822.7701755412054
826.4012574290995
829.9945218934897
833.5504835632655
837.0696496491676
840.552520008795
843.9995872146417
847.4113366248419
850.788246456333
854.1307878601555
857.4394249986366
860.7146151242218
863.9568086597294
867.1664492798228
870.3439739935181
873.4898132275364
876.6043909103537
879.6881245567806
882.7414253529475
885.7646982415514
888.7583420072554
891.7227493621264
894.6583070310066
897.5653958367333
900.4443907851106
903.2956611495648
906.1195705554002
908.9164770635996
911.6867332541037
914.4306863085114
917.1486780921622
919.8410452355373
922.5081192149614
925.1502264325464
927.7676882953576
930.360821293769
932.9299370789814
935.4753425396777
937.9973398777998
940.4962266834266
942.9722960087367
945.425836441045
947.8571321749029
950.2664630832498
952.6541047876124
955.0203287273443
957.365402227903
959.6895885681618
961.9931470467534
964.2763330474519
966.5393981035857
968.7825899614875
971.00615264299
973.2103265069612
975.3953483098919
977.5614512655397
979.7088651036335
981.837816127646
983.9485272716465
986.0412181562344
988.1161051435671
990.173401391491
992.213316906781
994.236058597504
996.2418303245101
998.2308329520663
1000.2032643976424
1002.1593196808528
1004.0991909715788
1006.0230676372688
1007.9311362894333
2.0412504286239797
3.1350085129105407
4.565797342822146
6.3685809677789145
8.571662968296927
11.196636135064063
14.258632671716303
17.766772479001194
21.724729623549077
26.13135720039952
30.981327673835146
36.265759070065485
41.972807691004085
48.08821566351504
54.595807201847265
61.47793139031234
68.71585197887264
76.29008644294939
84.18069761134684
92.36754193856211
100.83047824333674
109.54954154287876
118.5050857349334
127.67789906490343
137.04929589713458
146.60118801396206
156.31613834688395
166.1773997320388
176.16894098564498
186.27546231800125
196.48240185219495
206.77593478276327
217.1429665038222
227.57112085210233
238.04872444758752
248.56478797114292
259.10898509294026
269.6716296559102
280.2436516231825
290.81657221594236
301.382478596853
311.9339983928265
322.4642742982533
332.96693895471583
343.4360902647485
353.8662672644921
364.2524266523571
374.58992004738275
384.8744720312757
395.10215901162
405.26938892983645
415.37288182655743
425.4096512668593
435.37698662098524
445.2724331432334
455.09379115680275
464.83907035384
474.5065058061675
484.09452904336354
493.60175814247054
503.02698547789475
512.3691661492709
521.6274070585332
530.8009566074147
539.889194986825
548.8916250299872
557.8078636017759
566.6376334974132
575.3807558244475
584.0371428428166
592.606791238685
601.089775808694
609.48624353221
617.7964080101304
626.0205442497451
634.1589837761297
642.2121100514507
650.1803541845007
658.064190913655
665.8641348473068
673.5807369467122
681.2145812367105
688.7662817313347
696.2364795607807
703.6258402881879
710.9350514045881
718.1648199912865
725.3158705395044
732.3889429177605
739.3847904775773
746.3041782899521
753.1478815033095
759.9166838163387
766.6113760582338
773.2327548697166
779.7816214785576
786.2587805636826
792.665039202304
799.0012058948507
805.2680896627926
811.4664992147307
817.5972421764278
823.6611243806982
829.6589492133317
835.5915170114592
841.4596245109788
847.2640643398772
853.0056245544728
858.6850882157762
864.3032330033595
869.8608308642636
875.3586476946332
880.7974430519187
886.1779698956054
891.5009743545606
896.7671955192126
901.977365256879
907.1322080486689
912.2324408464833
917.2787729487255
922.2719058934256
927.2125333675559
932.1013411314002
936.9390069569043
941.7262005790031
946.4635836589852
951.1518097590144
955.7915243269808
960.3833646909104
964.9279600622066
969.4259315470456
973.8778921652939
978.2844468763464
982.6461926113382
986.9637183111997
991.2376049700736
995.4684256836376
999.6567457019048
1003.8031224861062
1007.9081057692779
1011.9722376202145
1015.9960525104525
1019.9800773839884
1023.9248317294478
1027.830827654435
1031.6985699618274
1035.5285562277732
1039.321276881192
1043.0772152845593
1046.7968478158175
1050.4806439512129
1054.1290663489153
1057.7425709332676
1061.321606979523
1064.8666171989478
1068.3780378241659
1071.8562986946372
1075.301823342169
1078.7150290763618
1082.096327069909
1085.4461224436668
1088.764814351417
1092.0527960642646
1095.3104550545977
1098.5381730795593
1101.7363262639763
1104.9052851826973
1108.045414942298
1111.1570752621171
1114.240620554575
1117.2964000047623
1120.3247576492536
1123.3260324541263
1126.3005583921622
1129.2486645192125
1132.170675049701
1135.0669094312632
1137.937682418492
1140.7833041457948
1143.604080199335
1146.4003116880672
1149.1722953138496
1151.9203234406275
1154.644684162694
1157.3456613720145
1160.0235348246233
1162.6785802060872
1165.3110691960378
1167.921269531779
1170.5094450709635
1173.075855853353
1175.6207581616595
1178.1444045814717
1180.6470440602836
1183.1289219656119
1185.590280142231
1188.031356968515
1190.452387411906
1192.8536030835116
1195.2352322918382
1197.5975000956767
2.122717726539393
3.2726692268265145
4.783902731112888
6.696467685037369
9.04361353879144
11.85159346901307
15.13980438864451
18.921158642458305
23.2026034588721
27.985723559233154
33.26737914497995
39.040345084428786
45.293927959483284
52.01454588147499
59.186262154251324
66.79126835096478
74.81031555075887
83.22309463379653
92.00856814434314
101.14525660246022
110.61148341281165
120.38558197900707
130.44606904632468
140.77178803828406
151.34202595926683
162.1366071770772
173.1359671180083
184.32120861850257
195.67414339589556
207.17732082964025
218.81404599209637
230.5683886344151
242.42518462027115
254.37003110794367
266.38927660888186
278.4700068973296
290.6000276095226
302.76784425097185
314.9626402249311
327.1742534029174
339.39315167767904
351.6104078690536
363.81767429249027
376.00715724757947
388.1715916387037
400.3042159010798
412.39874737196635
424.449358218823
436.4506520110787
448.3976381107274
460.28572417250064
472.1106660626078
483.86857642715364
495.5558907129804
507.16935136961877
518.7059899867943
530.1631102496993
541.5382716979506
552.8292742704642
564.0341436156195
575.1511171438826
586.1786307984283
597.1153065181879
607.9599403669804
618.7114913020092
629.3690705548794
639.9319315983969
650.3994606727108
660.7711678448031
671.0466785759052
681.2257257720701
691.3081422939053
701.293853902016
711.1828726162404
720.9752904664346
730.6712736145867
740.2710568282206
749.7749382861249
759.1832746982835
768.496476722701
777.7150046626574
786.8393644287834
795.8701037506062
804.8078086245405
813.6530999834018
822.4066305758304
831.0690820431123
839.6411621820602
848.1236023831354
856.5171552335966
864.8225922760033
873.0407019129498
881.1722874493937
889.2181652644426
897.1791631049076
905.0561184933631
912.849877243882
920.5612920789782
928.1912213416824
935.7405277970073
943.2100775174025
950.6007388470998
957.913381440552
965.1488753704484
972.3080903010442
979.3918947227992
986.4011552445506
993.3367359396659
1000.1994977428324
1006.9902978943373
1013.7099894288701
1020.3594207060685
1026.939434980178
1033.4508700063593
1039.8945576813317
1046.271323716143
1052.5819873390546
1058.827361026565
1065.0082502607888
1071.1254533114648
1077.1797610410022
1083.1719567310397
1089.1028159291072
1094.9731063140605
1100.7835875790254
1106.535011330676
1112.2281210037468
1117.863651789731
1123.4423305787852
1128.964875913936
1134.4319979567076
1139.844398463377
1145.2027707710859
1150.507799793098
1155.7601620225337
1160.9605255439517
1166.1095500521833
1171.2078868778701
1176.2561790191849
1181.2550611792449
1186.2051598087633
1191.1070931535078
1195.9614713061683
1200.7688962622522
1205.5299619796556
1210.2452544415876
1214.9153517225243
1219.5408240569154
1224.1222339103656
1228.660136052924
1233.155077634938
1237.607598263517
1242.0182300817073
1246.387497848453
1250.7159190125806
1255.0040038239567
1259.2522553736571
1263.461169706221
1267.6312358970383
1271.762936137216
1275.8567458187892
1279.9131336201456
1283.9325615915718
1287.9154852408294
1291.8623536286398
1295.7736094140623
1299.6496890000985
1303.4910225773995
1307.298034219832
1311.0711419682573
1314.8107579141738
1318.5172882828508
1322.1911335159004
1325.8326883532548
1329.4423419145005
1333.0204777795489
1336.5674740685993
1340.0837035213729
1343.5695335755893
1347.0253264446692
1350.4514391946295
1353.8482238201734
1357.2160273199372
1360.5551917708956
1363.8660544020283
1367.1489476665238
1370.40419931429
1373.6321324623998
1376.8330656651176
1380.0073129835098
1383.1551840529673
1386.2769841510224
1389.3730142636668
1392.4435711508952
1395.4889474113422
1398.5094315460333
1401.5053080212354
1404.4768573304154
1407.4243560553202
1410.3480769261687
1413.248288880971
2.2016332221271355
3.406672158417602
4.99721006257345
7.018580387432333
9.509239014243697
12.500413558525674
16.016122452236903
20.073458334273457
24.683048719116883
29.84962530528544
35.57264963842584
41.84695668820996
48.66338906671171
56.009403383180064
63.869636932485506
72.22642792105823
81.06028605967285
90.35031311782569
100.07457434086453
110.21042353883801
120.73478469333938
131.6243936974893
142.8560038798995
154.4065589688376
166.25333703212908
178.3740687372758
190.74703304256835
203.35113317711912
216.16595550633346
229.17181362335876
242.34977976051636
255.68170538288382
269.15023261109985
282.7387979232349
296.4316294063644
310.2137386668727
324.0709083637038
337.9896761996918
351.9573160915641
365.96181713800644
379.99186091604537
394.036797557815
408.08662099113684
422.1319436681585
436.16397105339627
450.1744760983236
464.15577389002937
478.10069662790784
492.00256905327694
505.85518443185185
519.652781167649
533.3900201086494
547.0619625890422
560.6640492397323
574.192079587699
587.6421924555088
601.0108471644996
614.2948055387362
627.4911147015434
640.5970906521117
653.6103026062143
666.5285580823343
679.3498887123656
692.0725367544916
704.6949422844757
717.2157310414012
729.6337029024705
741.9478209622007
754.1572011908197
766.261102647014
778.2589182205182
790.1501658804659
801.9344804059847
813.6116055761395
825.1813867969975
836.6437641444138
847.9987658012614
859.2465018704236
870.3871585426302
881.4209926019978
892.3483262511206
903.1695422389245
913.8850792751568
924.4954277161413
935.0011255071314
945.40275436731
955.7009362041468
965.8963297445035
975.9896273704768
985.9815521486096
995.872855041662
1005.6643122926979
1015.356722971787
1024.9509066761204
1034.4477013748367
1043.8479613903091
1053.1525555081082
1062.3623652082454
1071.4782830107388
1080.5012109288932
1089.4320590240732
1098.2717440560718
1107.0211882235137
1115.6813179890448
1124.2530629843368
1132.737354990234
1141.1351269876072
1149.447312274755
1157.6748436474045
1165.8186526376003
1173.879668807972
1181.8588190979558
1189.7570272195749
1197.5752130980209
1205.3142923566832
1212.9751758421905
1220.5587691877383
1228.0659724122274
1235.497679553059
1242.8547783304803
1250.1381498415665
1257.3486682819848
1264.4872006938076
1271.5546067377632
1278.5517384883706
1285.4794402505154
1292.3385483961124
1299.1298912120585
1305.8542888029165
1312.512552944936
1319.1054869863033
1325.6338858090216
1332.0985357286932
1338.500214447797
1344.8396910121824
1351.1177257800841
1357.3350703980032
1363.4924677892668
1369.5906521497443
1375.630348952024
1381.6122749571548
1387.5371382334015
1393.4056381814828
1399.218465565828
1404.9763025513678
1410.6798227454617
1416.3296912445212
1421.9265646849813
1427.4710912982437
1432.963910969268
1438.4056552984887
1443.7969476667688
1449.1384033031065
1454.430629354851
1459.6742249601577
1464.8697813224862
1470.0178817868923
1475.1191019179519
1480.1740095790967
1485.1831650132026
1490.1471209242645
1495.0664225600035
1499.9416077952585
1504.773207216038
1509.5617442040966
1514.3077350219278
1519.0116888980551
1523.674108112536
1528.295488082563
1532.8763174480937
1537.4170781574178
1541.9182455525877
1546.3802884546444
1550.8036692485707
1555.188843967914
1559.5362623790218
1563.8463680648467
1568.1195985082527
1572.3563851748077
1576.5571535950016
1580.7223234458618
1584.8523086319287
1588.947517365571
1593.0083522466882
1597.0352103412579
1601.028483260015
1604.9885572354951
1608.9158131987383
1612.810626855106
1616.6733687592882
1620.5044043894904
1624.304094220789
1628.0727937976417
1631.8108538055524
1635.5186201418783
1639.1964339857789
1642.8446318672964
1646.463545735576
1650.0535030262122
1653.614826727727
1657.1478354471815
2.2780422758182963
3.5370210143626286
5.205624904194284
7.334647203706245
9.967988191320732
13.142143291966006
16.88609189618444
21.221481739199298
26.16301972302428
31.7189971582488
37.891893188303925
44.67901395216946
52.07313644359425
60.063135186090996
68.63457700505597
77.7702746296625
87.45079410377096
97.65491356158674
108.36003369290214
119.5425411082509
131.17812710358936
143.24206481736076
155.70944810348465
168.5553955639546
181.7552231652677
195.28458875081023
209.11961158608898
223.2369698634
237.61397886252468
252.22865222797645
267.0597485897348
282.0868055292424
297.2901626794761
312.65097554937273
328.1512214798968
343.7736989718784
359.5020214742049
375.3206065843933
391.2146614912024
407.1701653795619
423.1738494215829
439.2131720311322
455.27630985979414
471.35210488120697
487.43006797927785
503.50033924572244
519.5536652744961
535.5813736381236
551.5753475722747
567.528001006046
583.4322540499725
599.2815090317933
615.069627151118
630.7909058079161
646.4400566459099
662.0121843401453
677.5027661480129
692.9076322345452
708.2229467757481
723.4451898376388
738.5711400242611
753.5978578831156
768.5226700539803
783.3431541440067
798.0571243100836
812.6626175278694
827.1578805257118
841.5413573608629
855.8116776148745
869.9676451847567
884.0082276465369
897.9325461672347
911.739865943588
925.4295871427952
939.0012363243931
952.454458320889
965.789008556007
979.0047457799596
992.1016252018156
1005.0796919996967
1017.9390751902724
1030.679981839691
1043.302691598813
1055.8075515463129
1068.1949713239028
1080.4654185486186
1092.6194144877854
1104.6575299829149
1116.5803816094415
1128.388628059808
1140.082966738011
1151.6641305542844
1163.1328849091724
1174.4900248567474
1185.7363724371369
1196.8727741699108
1207.900098697606
1218.8192345737032
1229.6310881852037
1240.3365818031277
1250.9366517537192
1261.4322467036432
1271.8243260528302
1282.1138584289438
1292.3018202777705
1302.3891945441437
1312.3769694383002
1322.2661372828272
1332.0576934356457
1341.7526352767036
1351.3519613018111
1360.856670202108
1370.2677600808483
1379.586227688674
1388.813067730185
1397.9492721694505
1406.9958296846366
1415.953725066488
1424.8239387087383
1433.6074461281837
1442.3052175220032
1450.918217360113
1459.447404010487
1467.893729395485
1476.2581386773406
1484.541569971057
1492.7449540830667
1500.8692142740892
1508.915266044733
1516.8840169424348
1524.7763663884332
1532.5932055235498
1540.3354170715918
1548.003875219292
1555.5994455117307
1563.122984762278
1570.575340976106
1577.9573532864242
1585.2698519025935
1592.5136580693518
1599.6895840364227
1606.798433037885
1613.8409992801596
1620.8180679392638
1627.7304151650594
1634.5788080932193
1641.3640048638888
1648.0867546466486
1654.7477976713135
1661.3478652641406
1667.887679889047
1674.3679551934447
1680.7893960583442
1687.1526986523822
1693.458550489459
1699.7076304896825
1705.9006090433434
1712.038148077648
1718.1209011259689
1724.149513399377
1730.12462186023
1736.0468552976156
1741.9168344044583
1747.7351718561033
1753.5024723902077
1759.2193328877777
1764.886342455211
1770.5040825071894
1776.073126850302
1781.5940417672712
1787.067386101663
1792.4937113429833
1797.873561712051
1803.2074742465554
1808.4959788867159
1813.7395985609537
1818.9388492715113
1824.0942401799318
1829.206273692355
1834.275445544543
1839.3022448866054
1844.2871543673505
1849.2306502182214
1854.1332023367834
1858.9952743696952
1863.8173237951582
1868.5998020047787
1873.3431543848333
1878.0478203968983
1882.7142336578124
1887.3428220189635
1891.9340076448602
1896.488207090978
1901.0058313808604
1905.4872860824644
1909.9329713837205
1914.3432821673123
1918.7186080846568
1923.0593336290735
1927.3658382081437
1931.6384962152356
2.35199940452703
3.663741250756387
5.4090943919626735
7.644465920090384
10.41941628967657
13.775981115687921
17.74842177770659
22.36330117235113
27.639794362440693
33.5901594473634
40.22030899031838
47.53043589971466
55.51565915263422
64.16666419175736
73.47032036842374
83.41026365935495
93.9674375991316
105.12058815087941
116.84671162548253
129.12145567584827
141.91947508472066
155.21474472066004
168.98083254743517
183.1911358317945
197.8190837889402
212.83830987914635
228.22279686360383
243.94699756830428
259.98593411336685
276.31527815665754
292.9114144858341
309.7514900798284
326.8134505545083
344.0760657113315
361.5189457242884
379.12254933046347
396.86818523354964
414.73800778730333
432.7150078976899
450.7829999655812
468.9266055887146
487.13123464811315
505.3830643215903
523.6690164934778
541.9767339646945
560.2945558098893
578.611492177861
596.917198787048
615.2019513290006
633.4566199586866
651.6726440208355
669.8420071356428
687.9572127447492
706.0112601989615
723.9976214522833
741.9102184126979
759.7434009871506
777.4919258481134
795.1509359397068
812.715940733787
830.1827972398856
847.5476917674354
864.8071224341792
881.9578824108971
898.9970438894992
915.9219427590645
932.7301639725254
949.4195275843836
965.9880754409885
982.4340585002442
998.7559247608225
1014.9523077783892
1031.0220157469053
1046.9640211230335
1062.777450771792
1078.461576611904
1094.015806739626
1109.4396770102926
1124.7328430573266
1139.8950727289637
1154.926238923589
1169.8263128051233
1184.5953573804336
1199.2335214223244
1213.741033719401
1228.1181976395956
1242.365385989916
1256.4830361585489
1270.471645525059
1284.3317671252078
1298.0640055574859
1311.6690131190367
1325.1474861592108
1338.5001616395373
1351.7278138894114
1364.8312515473153
1377.811314669419
1390.6688720464363
1403.4048185961688
1416.0200729864812
1428.5155753707752
1440.892285211619
1453.1511793373613
1465.2932500138636
1477.3195031816467
1489.2309567902462
1501.0286392342061
1512.7135878851934
1524.286847715018
1535.7494700045884
1547.1025111341132
1558.34703145009
1569.4840942048622
1580.5147645647467
1591.440108682938
1602.2611928336075
1612.9790826037922
1623.5948421398566
1634.10953344556
1644.5242157283546
1654.8399447923973
1665.0577724740763
1675.178746118801
1685.2039080962709
1695.1342953520943
1704.9709389936925
1714.7148639085194
1724.3670884127384
1733.9286239285966
1743.4004746888395
1752.783637466578
1762.0791013291373
1771.2878474144602
1780.4108487287463
1789.449069964065
1798.4034673347446
1807.2749884314128
1816.0645720916352
1824.7731482861254
1833.401638019586
1841.9509532452862
1850.421996792507
1858.815662306065
1867.1328341971562
1875.3743876047852
1883.5411883671197
1891.63409300212
1899.6539486968354
1907.6015933048088
1915.4778553510287
1923.2835540439369
1931.0194992940037
1938.6864917384091
1946.2853227714124
1953.8167745800001
1961.2816201844216
1968.6806234832707
1976.0145393027524
1983.2841134498262
1990.4900827689266
1997.6331752019582
2004.7141098513166
2011.7335970456709
2018.692338408271
2025.5910269275553
2032.4303470298466
2039.2109746539413
2045.9335773273956
2052.598814244344
2059.2073363446734
2065.7597863944015
2072.2567990671264
2078.6990010263708
2085.087011008748
2091.421439907779
2097.702890858272
2103.931959321162
2110.1092331686823
2116.235292769819
2122.3107110759092
2128.336053706359
2134.3118790343424
2140.2387382724683
2146.1171755583136
2151.9477280397605
2157.730925960109
2163.467292742875
2169.1573450752885
2174.801592996182
2180.4005399739426
2185.9546829934106
2191.464512637603
2196.930513169807
2202.353162615103
2207.732932841287
2213.0702896391595
2218.365692802152
2223.619596205299
2228.83244788349
2234.0046901090323
2239.1367594684675
2.4235659149289455
3.7868757585845687
5.607600313329942
7.947893912467394
10.863171398856924
14.401259956405067
18.602004910665286
23.497228325910722
29.110949996724862
35.459794170372625
42.553519497460684
50.39562281651105
58.98397818005294
68.31148736293113
78.36670763398004
89.13446552441447
100.59642404240032
112.73161177772649
125.51690620145476
138.927471107442
152.93714884806386
167.51880904910857
182.6446561587941
198.28649859566355
214.41598247331385
231.0047929526985
248.02482624347104
265.44833517669036
283.248051125614
301.3972848770526
319.87000886594683
338.6409229900773
357.6855060268843
376.98005448505813
396.50171054299085
416.22848055615395
436.1392427708584
456.21376423183824
476.4326715004812
496.7774701546881
517.2305198364511
537.7750219902489
558.3950021083383
579.0752897160171
599.8014965718507
620.5599934946889
641.337886173267
662.1229902645591
682.9038060432591
703.6694928261386
724.4098433611066
745.1152583408963
765.7767211755153
786.385773134325
806.9344889492097
827.4154529527466
847.821735810383
868.1468718926519
888.3848373222758
908.5300287213747
928.5772426757887
948.5216559264735
968.358806292094
988.0845743210822
1007.6951656696658
1027.1870941947514
1046.5571657517405
1065.802462682544
1084.9203289779612
1103.908356096983
1122.7643694244107
1141.48641534734
1160.0727489304247
1178.5218221694868
1196.8322728026544
1215.0029136592182
1233.0327225233889
1250.920832495465
1268.666522828087
1286.2692102186925
1303.728440538675
1321.0438809803763
1338.2153126035491
1355.242623263461
1372.125800903376
1388.864927194721
1405.460171499986
1421.9117851950634
1438.2200962073239
1454.385503935393
1470.4084743461824
1486.289535447045
1502.029272899164
1517.6283259179925
1533.087383386697
1548.4071801817904
1563.5884937003511
1578.6321405787116
1593.5389735929566
1608.3098787320166
1622.9457724345855
1637.4475989814887
1651.8163280356134
1666.052952321364
1680.1584854375467
1694.1339597953202
1707.9804246758033
1721.6989444006626
1735.2905966098704
1748.7564706410092
1762.0976660047838
1775.3152909516912
1788.4104611250139
1801.3842982955873
1814.237929173991
1826.972484296036
1839.589096977661
1852.0889023355055
1864.4730363696403
1876.7426351051322
1888.8988337892445
1900.9427661412929
1912.8755636522785
1924.6983549316192
1936.4122650983882
1948.0184152146471
1959.5179217585517
1970.9118961350482
1982.2014442220925
1993.3876659504158
2004.471654914977
2015.4544980163423
2026.337275130304
2037.1210588041658
2047.806913978184
2058.39589773074
2068.8890590458896
2079.287438602031
2089.592068580442
2099.80397249258
2109.924165025027
2119.9536519010608
2129.893429757878
2139.7444860385485
2149.5077988978055
2159.184337120873
2168.775060054523
2178.2809175496263
2187.7028499145044
2197.0417878783924
2206.2986525644073
2215.4743554714196
2224.5697984642425
2233.5858737716435
2242.5234639907553
2251.3834421026636
2260.1666714857624
2268.874005943533
2277.5062897336766
2286.0643576032166
2294.5490348283884
2302.961137258991
2311.3014713668563
2319.5708342981366
2327.7700139291305
2335.8997889253724
2343.9609288037145
2351.9541939971846
2359.880335922365
2367.7400970490894
2375.5342109722656
2383.2634024855943
2390.928387657049
2398.5298739059167
2406.068560081241
2413.5451365415206
2420.9602852355392
2428.3146797841473
2435.608985562915
2442.8438597855106
2450.019951587702
2457.137902111876
2464.1983445919745
2471.2019044387607
2478.149199325313
2485.0408392726854
2491.877426735657
2498.659556688466
2505.3878167105163
2512.0627870719445
2518.685040819019
2525.2551438593046
2531.7736550465456
2538.2411262652226
2544.6581025147243
2551.025121993125
2557.3427161804957
2563.6114099217257
2569.8317215088464
2576.0041627627807
2582.129239114538
2.492807976881169
3.906481247190073
5.801153173326245
8.24483933306993
11.29898238190126
15.01743168723633
19.445899021416064
24.62179261844013
30.574339853385297
37.32492066950845
44.88754693796506
53.26943548229531
62.471633772545076
72.48966694942675
83.31418301743825
94.93157922144158
107.32459833599819
120.47288717529042
134.35351299021056
148.94143567662138
164.20993544792526
180.1309968573869
196.6756509109516
213.81427757342246
231.5168713134754
249.75327250958233
268.49336759427905
287.7072607823039
307.3654201353148
327.4388005823536
347.89894635615224
368.7180751322201
389.86914597871737
411.32591304630853
433.062964123264
455.05576405597606
477.28064922977336
499.7148664547152
522.3365653431605
545.1248004380424
568.059525587518
591.1215839999965
614.2926946889239
637.5554359316444
660.89322629017
684.2903036731543
707.7317028571144
731.2032318303168
754.6914472741112
778.1836294535499
801.6677567506509
825.1324800401763
848.5670970778699
871.9615270449269
895.3062853694203
918.5924589252292
941.8116816913274
964.9561109388771
988.0184040002655
1010.9916956616695
1033.8695762132706
1056.646070178139
1079.3156157376593
1101.873044862336
1124.313564152178
1146.6327363861033
1168.8264627758517
1190.8909659166056
1212.8227734236243
1234.618702243036
1256.2758436198499
1277.7915487101875
1299.163414818209
1320.38927224057
1341.4671716995354
1362.3953723456088
1383.1723303103013
1403.796687789526
1424.2672626291303
1444.5830384466533
1464.7431551387338
1484.7468999395292
1504.5936988151811
1524.283108397135
1543.8148082038015
1563.1885932996959
1582.4043673097985
1601.4621357837918
1620.3619998945812
1639.1041504560312
1657.6888622453703
1676.1164886163494
1694.387456389245
1712.5022610058122
1730.4614619353724
1748.2656783211182
1765.9155848548025
1783.4119078689248
1800.7554216359179
1817.946944864308
1834.9873373822527
1851.8774969992912
1868.6183565375477
1885.2108810240295
1901.6560650360495
1917.9549301921488
1934.1085227812764
1950.117911523302
1965.9841854542715
1981.7084519301256
1997.291834742897
2012.7354723436947
2028.0405161670544
2043.208129051485
2058.2394837513193
2073.1357615351744
2087.898150866591
2102.527846162633
2117.02604662641
2131.393955149707
2145.632777282105
2159.7437202631086
2173.7279921140307
2187.5868007864983
2201.321353364605
2214.932855317934
2228.4225098027246
2241.7915170086762
2255.0410735489795
2268.1723718912467
2281.1865998272056
2294.084939979055
2306.8685693405478
2319.538658849967
2332.0963729988443
2344.542869460892
2356.8792987577904
2369.1068039468
2381.2265203341067
2393.2395752116563
2405.1470876161766
2416.9501681091588
2428.6499185766465
2440.247432047706
2451.743792530534
2463.1400748652186
2474.437344592192
2485.6366578354823
2496.7390611999267
2507.7455916815106
2518.6572765901096
2529.4751334838697
2540.2001701145423
2550.8333843831615
2561.375764305383
2571.828287985956
2582.1919236017293
2592.4676293926796
2602.6563536604817
2612.759034774114
2622.776601182066
2632.7099714307305
2642.560054188565
2652.3277482756484
2662.0139426982637
2671.6195166881835
2681.1453397462965
2690.5922716903237
2699.9611627062773
2709.252853403432
2718.4681748725106
2727.607948746885
2736.6729872665037
2745.6640933443814
2754.5820606353955
2763.4276736072306
2772.2017076132597
2780.904928967194
2789.5380950193576
2798.1019542343815
2806.597246270226
2815.024702058342
2823.3850438848895
2831.6789854728377
2839.907232064874
2848.070480506988
2856.1694193326275
2864.2047288473423
2872.177081213815
2880.0871405371927
2887.935562950633
2895.7229967010185
2903.45008223471
2911.1174522833435
2918.7257319495498
2926.2755387925554
2933.767482913643
2941.2021670413533
2948.5801866164534
2955.902129876565
2963.168577940456
2.5597950614402105
4.022625221100803
5.989787118217137
8.535253420008939
11.726648124395041
15.62405305182823
20.279309372158462
25.735720811982326
32.02807027292233
39.18287147355731
47.21878904856266
56.147172388259605
65.97265946869214
76.69381652995678
88.3037878101596
100.7909358140539
114.13945878337567
128.3299757168108
143.34007303476602
159.1448094749254
175.71717777921072
193.02852317832196
211.04891972053508
229.74750621150852
249.0927840076339
269.052879192706
289.59577181396367
310.68949489540944
332.3023059125999
354.40283332623744
376.9602006491357
399.94413037542097
423.32502994295413
447.0740617351137
471.16319896490813
495.56526912337057
520.2539865202248
545.203975298632
570.390784168743
595.7908939773006
621.3817191128059
647.1416036377145
673.0498129404255
699.0865216100858
725.232798155924
751.4705871193866
777.7826890613611
804.1527388472783
830.5651825998991
857.0052536420096
883.4589477089603
909.9129976732719
936.3548479900966
962.7726290426431
989.1551315404313
1015.4917811002067
1041.772613117959
1067.9882480253427
1094.1298670033439
1120.189188216859
1146.1584436190014
1172.0303563643395
1197.798118860971
1223.4553714832468
1248.9961819612254
1274.4150254536407
1299.7067653117508
1324.8666345314632
1349.8902178908702
1374.7734347660933
1399.512522615904
1424.104021123485
1448.5447569721982
1472.8318292976264
1496.9625956714738
1520.9346587147652
1544.7458533583247
1568.3942345616324
1591.8780656286447
1615.1958070370486
1638.3461057732566
1661.3277851548316
1684.1398351222076
1706.781402981843
1729.2517845828038
1751.550415910506
1773.6768650793992
1795.6308247091208
1817.4121046676855
1839.0206251662325
1860.4564101902147
1881.7195812524383
1902.8103514538254
1923.7290198382616
1944.4759660283944
1965.0516451297137
1985.456582890736
2005.69137110758
2025.7566632616845
2045.6531703798678
2065.3816571063753
2084.9429379769936
2104.3378738857054
2123.5673687348008
2142.6323662597124
2161.5338470202573
2180.272825550305
2198.8503476582637
2217.2674878711105
2235.525347015013
2253.6250499259168
2271.567743283763
2289.3545935642933
2306.9867851026966
2324.4655182635856
2341.7920077120693
2358.967480780938
2375.9931759291867
2392.870341286285
2409.600233284198
2426.1841153574305
2442.6232567277048
2458.918931254366
2475.072416352932
2491.0849919774337
2506.957939663316
2522.692541627849
2538.2900799251097
2553.751835652783
2569.0790882081137
2584.2731145905127
2599.335188748434
2614.2665809682244
2629.068557302792
2643.742379038051
2658.2893021951522
2672.7105770666794
2687.0074477850007
2701.1811519211124
2715.232920112382
2729.163975717648
2742.9755344982414
2756.66880432356
2770.2449848998613
2783.705267521075
2797.0508348404032
2810.2828606616295
2823.402509749036
2836.410937654945
2849.3092905638787
2862.098705152486
2874.780308464289
2887.3552177984866
2899.824540611997
2912.1893744340005
2924.450806792269
2936.609915150628
2948.6677668568827
2960.6254191006205
2972.4839188803176
2984.2443029791793
2995.9075979492163
3007.474820103061
3018.9469755130312
3030.3250600170395
3041.6100592308826
3052.8029485665393
3063.9046932560814
3074.9162483808573
3085.838558905567
3096.6725597169575
3107.4191756667797
3118.079321618755
3128.653902499248
3139.1438133513993
3149.549939392461
3159.8731560741044
3170.114329145476
3180.2743147187916
3190.3539593372625
3200.3541000451696
3210.275564459913
3220.1191708458455
3229.8857281897635
3239.5760362778674
3249.1908857740673
3258.7310582995046
3268.1973265131446
3277.590454193335
3286.9111963201885
3296.160299158725
3305.338500342638
3314.446528958591
3323.48510563097
3332.4549426069966
3341.356743842123
3350.1912050856254
3358.9590139663424
3367.660850078474
3376.2973850673934
3384.8692827153895
2.6245986803127037
4.135383459881181
6.173555602938082
8.81912380477186
12.146028012996275
16.22077300108667
21.101572835290778
26.83791798408829
33.470479023123325
41.03126870435217
49.54399462662756
59.024545775704475
69.48156674951314
80.91708294415199
93.32714841862582
106.7024944449833
121.02916338603393
136.28911626468755
152.4608065138808
169.51971509882603
187.43884441328962
206.18917000740706
225.74005042703968
246.05959632619596
267.11500062563323
288.87283189358425
311.2992933670458
334.3604501533032
358.0224271823818
382.2515804464161
407.01464398042515
432.2788549263928
458.012058888184
484.18279764046537
510.76038110373906
537.7149453467406
565.0174982293216
592.6399541561518
620.5551592757517
648.736908331469
677.1599542516379
705.8000114554902
734.6337537493878
763.6388075944299
792.7937414411076
822.078051748961
851.4721462388261
880.9573248615384
910.5157589096149
940.1304686467686
969.7852997838169
999.4648990880329
1029.1546893760626
1058.8408441064612
1088.5102617613704
1118.1505401758252
1147.7499509547608
1177.2974140943327
1206.7824729069207
1236.1952693328242
1265.5265197086792
1294.7674910466862
1323.909977873675
1352.946279663669
1381.8691788927542
1410.6719197366676
1439.348187425405
1467.892088253446
1496.2981303100178
1524.5612047944715
1552.6765680322017
1580.6398242258997
1608.4469087493126
1636.0940721407023
1663.5778647140778
1690.8951217859205
1718.0429495025783
1745.0187112527533
1771.8200146483355
1798.444699057836
1824.8908236739207
1851.1566560987817
1877.240661429545
1903.141491826458
1928.8579765466275
1954.3891124262389
1979.7340547944632
2004.8921088025415
2029.8627211518447
2054.645472205106
2079.240068465394
2103.646335407798
2127.864210649261
2151.893737442381
2175.735058479485
2199.3884099937286
2222.854116144384
2246.132583673972
2269.224296825315
2292.129812507029
2314.8497556964057
2337.384815069059
2359.735738845125
2381.903330842217
2403.888446725721
2425.6919904474
2447.3149108625075
2468.758198523964
2490.022882628784
2511.110028131301
2532.0207329995737
2552.7561256144218
2573.317362303409
2593.7056250033993
2613.9221190455937
2633.968071057255
2653.844726974556
2673.5533501612426
2693.0952196280737
2712.471628348186
2731.6838816637655
2750.7332957796466
2769.6211963396245
2788.348917081465
2806.917798566825
2825.32918698239
2843.584433008802
2861.684890754028
2879.631916748036
2897.4268689957503
2915.071106085421
2932.565986349685
2949.9128670766904
2967.1131037688156
2984.1680494466154
3001.0790539957425
3017.847463554679
3034.4746199412534
3050.9618601159905
3067.3105156804245
3083.5219124086316
3099.5973698102634
3115.538200723516
3131.345710936498
3147.0211988355145
3162.5659550789287
3177.9812622952513
3193.268394804216
3208.428618359653
3223.4631899130036
3238.373357396418
3253.160359524396
3267.82542561298
3282.3697754155937
3296.7946189746153
3311.10115648785
3325.2905781891004
3339.364064242066
3353.3227846468517
3367.1678991583763
3380.900557216052
3394.5218978840758
3408.0330498017584
3421.435131143324
3434.7292495866286
3447.9165022903026
3460.997975878812
3473.9747464349934
3486.847879499606
3499.6184300774976
3512.287442649978
3524.8559511930184
3537.3249792009274
3549.6955397151582
3561.9686353579255
3574.145258369865
3586.2263906541266
3598.213003819972
3610.1060592344465
3621.90650807527
3633.615291387335
3645.2333401421643
3656.7615753001005
3668.200907875036
3679.5522390014794
3690.816460003782
3701.9944524673515
3713.0870883116886
3724.095229865089
3735.019729940865
3745.8614319149424
3756.6211698073585
3767.2997683514936
3777.8980430913743
3788.4168004525072
3798.8568378273235
3809.2189436585145
3819.5038975229636
3829.712470216178
3839.8454238371273
3849.9035118734373
2.6872913740795212
4.244837923456213
6.352527703109309
9.096468703614672
12.557033528023934
16.807321322155662
21.912143371766366
27.927449885168052
34.90011482242442
42.86800132860548
51.86023935329472
61.89765714579697
72.99331831628409
85.15312557199523
98.37645999409763
112.65683235624203
127.98252828091728
144.3372341387377
161.70063438050568
180.04897408268977
199.35558289769298
219.5913584553842
240.72520866736534
262.7244534257172
285.5551869382757
309.18260246393356
333.5712815543717
358.68545011392916
384.4892036899739
410.94670442828084
438.02235209325397
465.680931475816
493.8877384082259
522.6086864818391
551.8103964305324
581.4602700039736
611.5265500156414
641.9783681135428
672.7857816891295
703.9198012135095
735.352409170604
767.0565716450287
799.0062435183254
831.1763681309446
863.5428721786633
896.0826565309093
928.7735835842925
961.594461697081
994.5250271891168
1027.5459243361688
1060.6386837378063
1093.7856993916866
1126.970204769692
1160.1762481497658
1193.3886674298033
1226.593064617713
1259.7757801665473
1292.9238673014743
1326.0250664610292
1359.0677799628313
1392.041046981599
1424.9345189165292
1457.7384352111726
1490.4435996668724
1523.041357369056
1555.5235720286564
1587.8826041500479
1620.111289659354
1652.2029192379373
1684.1512182924992
1715.9503275769823
1747.5947844667971
1779.079504882224
1810.3997658564886
1841.55118873944
1872.5297230280685
1903.3316308121284
1933.9534718222742
1964.392089066971
1994.6445950435768
2024.708358508351
2054.5809917896313
2084.2603386280935
2113.744462527779
2143.0316356014673
2172.120327893972
2201.009197166967
2229.697079129151
2258.182978095667
2286.4660580610253
2314.545634170002
2342.421164571315
2370.092242639243
2397.5585895487156
2424.820047189759
2451.8765714075944
2478.7282255551354
2505.3751743436233
2531.817677986708
2558.0560866068904
2584.0908349175857
2609.9224371512228
2635.55148222972
2660.9786291657656
2686.204602684803
2711.2301890580893
2736.0562321375164
2760.6836295832536
2785.1133292756467
2809.346325903152
2833.3836577183656
2857.2264034546256
2880.875679395883
2904.3326365929097
2927.5984582191663
2950.6743570599483
2973.5615731287066
2996.2613714046856
3018.7750396862925
3041.10388655485
3063.249239443582
3085.2124428069937
3106.994856385917
3128.59785356377
3150.0228198097834
3171.271151205049
3192.3442530475627
3213.2435385324816
3233.9704275040663
3254.5263452759127
3274.9127215162102
3295.1309891949486
3315.1825835901186
3335.068941350069
3354.791499609336
3374.3516951554006
3393.7509636438717
3412.9907388598003
3432.072452022876
3450.9975311343806
3469.767400363856
3488.3834794735694
3506.8471832789173
3525.159921143001
3543.323096503711
3561.3381064316936
3579.206341217692
3596.9291839878024
3614.50801034524
3631.944188037306
3649.2390766462986
3666.3940273031376
3683.410382422587
3700.2894754589515
3717.0326306807588
3733.6411629662784
3750.116377611762
3766.45957016106
3782.6720262486288
3798.7550214578887
3814.709821193766
3830.537680568612
3846.2398443008296
3861.8175466254934
3877.272011216365
3892.604451118649
3907.8160686942847
3922.908055564927
3937.8815925882427
3952.7378498181984
3967.4779864859297
3982.1031509857366
3996.6144808682857
4011.013102840616
4025.3001327725424
4039.476675709104
4053.543825888666
4067.5026667663697
4081.3542710425845
4095.0997006960615
4108.740007021499
4122.276230671237
4135.709401700811
4149.04053961814
4162.27065343606
4175.400741728026
4188.431792686738
4201.364784185492
4214.20068384206
4226.940449084912
4239.585027221621
4252.13535550925
4264.592361226578
4276.9569617480465
4289.230064619229
4301.412567633706
4313.505358911264
4325.509316977201
4337.425310842721
4349.254200086253
4360.996834935584
2.747945905390356
4.351075016626024
6.526784981374209
9.367331885992556
12.959620837123925
17.383498469299646
22.71057884549938
29.003526671074148
36.31571814799846
44.69120344478358
54.16490187981394
64.762972739412
76.50330452996
89.39609360588557
103.44446689028345
118.64513025631109
134.989019882454
152.46194198750715
171.04518996737957
190.71613125867034
211.44875886858586
233.21420455769317
255.98121224275098
279.71657138459267
304.3855110151103
329.9520556993757
356.37934517531835
383.629919706293
411.66597335677596
440.44957748410263
469.9428767553662
500.1082599628925
530.908507840478
562.3069199859922
594.267422882872
626.7546608901097
659.7340719426353
693.1719495753147
727.0354927569113
761.2928448973641
795.9131232738441
830.8664400095422
866.1239156340198
901.6576861560596
937.4409044889408
973.4477369840369
1009.6533557513453
1046.033927374693
1082.5665985648266
1119.229479233546
1156.0016234217169
1192.8630084601068
1229.7945127034009
1266.7778921347538
1303.7957561048786
1340.8315424335779
1377.8694920791186
1414.8946235487
1451.8927072039316
1488.8502395823398
1525.7544179125985
1562.5931147784465
1599.3548531355082
1636.0287818026359
1672.604651281396
1709.0727901356042
1745.4240818941603
1781.6499425208294
1817.742298474825
1853.693565381322
1889.4966273234572
1925.1448167649728
1960.631895107293
1995.9520338818274
2031.0997965751596
2066.070121082307
2100.858302780969
2135.4599782178834
2169.8711093968705
2204.0879686568064
2238.1071241268064
2271.9254257449675
2305.5399918264147
2338.9481961658867
2372.1476556596963
2405.136218431695
2437.9119524477055
2470.4731346028484
2502.818240266216
2534.9459332674323
2566.8550563083045
2598.544621793312
2630.0138030423077
2661.261925899385
2692.2884607025885
2723.093014608786
2753.675324258718
2784.0352487689943
2814.1727630381347
2844.0879513541286
2873.7810012914088
2903.2521978854506
2932.5019180736426
2961.5306253914387
2990.3388649131493
3018.927258427149
3047.296499835602
3075.4473507692
3103.380636407718
3131.097241497595
3158.5981065580127
3185.8842242673545
3212.9566360221474
3239.81642866102
3266.4647313463793
3292.9027125969005
3319.131577464176
3345.152564847101
3370.966944937906
3396.5760167939516
3421.981106029649
3447.183562623147
3472.1847588325872
3496.9860872170157
3521.588958757202
3545.9948010718394
3570.2050567247916
3594.221181619249
3618.0446434748037
3641.6769203836757
3665.1194994424372
3688.37387545577
3711.441549708954
3734.3240288058805
3757.0228235695995
3779.5394480024493
3801.8754183030564
3824.0322519375045
3846.011466761658
3867.814580195319
3889.443108438145
3910.8985657354574
3932.182463684097
3953.2963105793915
3974.24161080082
3995.0198642345117
4015.6325657329844
4036.081204597343
4056.367264113698
4076.4922210970008
4096.45754547537
4116.264699899502
4135.91513937817
4155.410310938584
4174.751653310366
4193.940596632019
4212.9785621787505
4231.866962110624
4250.607199240032
4269.200666817504
4287.64874833497
4305.952817345584
4324.114237299272
4342.13436139323
4360.014532436593
4377.756082728543
4395.360333949215
4412.828597062656
4430.162172231316
4447.362348741368
4464.430404938348
4481.367608172577
4498.175214753757
4514.854469914399
4531.40660778143
4547.832851355687
4564.134412498178
4580.312491926254
4596.368279210526
4612.302952783838
4628.117679953182
4643.813616917719
4659.391908791991
4674.853689634063
4690.200082478199
4705.4321993719295
4720.551141417132
4735.557998814933
4750.453850914174
4765.239766263194
4779.916802664755
4794.486007233862
4808.948416458294
4823.305056261653
4837.556942068779
4851.705078873309
4865.750461307279
4879.694073712558
4893.53689021402
4907.27987479426
4920.923981370384
2.8066346207565482
4.454184156312511
6.6964188319305595
9.631778325775397
13.353784295455426
17.9491664935516
23.496529093266737
30.065487972710372
37.71620335651999
46.49923372461349
56.45564278889609
67.61729934390856
80.0073186382126
93.64060212945658
108.52444084315877
124.65915415121228
142.03874205313224
160.6515340918057
180.4808222890443
201.50546895968927
223.70048306278224
247.03756097744431
271.4855893397322
297.0111089284399
323.5787396143824
351.15156715082566
379.69149313444353
409.15954730602675
439.5161819612656
470.7214971674085
502.7354879963034
535.518226937907
569.0300370681268
603.2316402556394
638.0842849520661
673.5498554618347
709.5909644746139
746.171030525294
783.254341927224
820.8061086069728
858.792503154172
897.1806922902471
935.9388598552734
975.0362223136736
1014.4430376871458
1054.13060873723
1094.071281140426
1134.2384373240557
1174.6064865668059
1215.1508519003064
1255.8479542967843
1296.6751945741044
1337.6109333998074
1378.6344697392615
1419.726018048071
1460.8666844777179
1502.0384423191433
1543.224106972335
1584.4073103837763
1625.5724755118567
1666.704790558192
1707.7901833255346
1748.8152957258583
1789.767458539085
1830.6346664978644
1871.405553763471
1912.0693698452674
1952.615956009091
1993.0357222105179
2033.319624582115
2073.4591434973963
2113.446262228581
2153.27344621036
2192.9336229175697
2232.4201623609265
2271.7268582017696
2310.8479094838713
2349.7779029780418
2388.5117961331275
2427.0449006252866
2465.372866495896
2503.491666867274
2541.397583224313
2579.0871912478506
2616.55734719518
2653.8051747923146
2690.8280526518884
2727.6236021814752
2764.1896759757483
2800.5243466764027
2836.6258962850347
2872.4928059142826
2908.123745962618
2943.5175666983496
2978.673289238614
3013.5900969093104
3048.2673269723086
3082.7044627064192
3116.9011258290257
3150.8570692455437
3184.572170114214
3218.046423214103
3251.2799346044844
3284.2729155641946
3317.0256767998153
3349.538622911987
3381.8122471094302
3413.8471261606383
3445.6439155735343
3477.2033449937344
3508.526213812369
3539.61338697477
3570.465790981617
3601.084410074484
3631.4702825979953
3661.6244975311133
3691.5481911803718
3721.242544028142
3750.7087777292795
3779.948152249778
3808.961963141312
3837.751538945754
3866.318238724076
3894.663449704166
3922.788585042404
3950.6950816939966
3978.384398386747
4005.858013697012
4033.1174242151556
4060.164142809646
4086.999696963386
4113.625627217708
4140.043485670908
4166.254834565114
4192.261244942866
4218.064295372824
4243.665570741427
4269.066661107541
4294.269160617316
4319.274666476442
4344.084777977263
4368.7010955782425
4393.125220033378
4417.358751569331
4441.403289108032
4465.260429532725
4488.931766995429
4512.418892263941
4535.723392106503
4558.846848712437
4581.790839147081
4604.55693483937
4627.146701100638
4649.5616966730795
4671.803473306569
4693.873575362428
4715.7735394423
4737.504894044651
4759.069159238321
4780.467846364587
4801.702457757223
4822.77448648336
4843.685416103504
4864.436720449794
4885.029863421655
4905.466298797917
4925.747470064696
4945.874810258174
4965.849741821593
4985.673676475732
5005.348015102221
5024.874147639028
5044.253452987483
5063.487298930332
5082.57704206015
5101.5240277183175
5120.329589940175
5138.995051415393
5157.521723450461
5175.9109059422635
5194.163887358625
5212.281944725959
5230.266343623699
5248.118338208962
5265.839171128537
5283.430073672918
5300.89226570045
5318.226955683655
5335.435340737007
5352.51860664923
5369.477927919833
5386.314467799619
5403.029378334953
5419.623800415532
5436.098863825453
5452.455687297365
5468.695378569528
5484.819034445518
5500.827740856502
5516.7225729258225
5532.5045950357735
2.8634289507799493
4.5542565935744195
6.86152823530637
9.889890449698205
13.739550729838614
18.5042409717969
24.26972516298558
31.112789245487704
39.100642111089485
48.290656075411235
58.73037946663594
70.45776082309791
83.5015323023228
97.88170756193449
113.61015761756263
130.69123456585643
149.1224194175802
168.89497540627684
189.99459253298156
212.40201273946738
236.09362807267635
261.0420465991111
287.21662273681915
314.583950172768
343.10831669485515
372.752121151432
403.4762534088928
435.24043865441024
468.00354772104834
501.72387532974113
536.3593882689108
571.8679455903425
608.2074929049465
645.336232827796
683.2127735589604
721.7962575035823
761.0464717381327
800.9239420247479
841.3900119666081
882.406908786656
923.9377971027141
965.9468219654129
1008.3991423226423
1051.260955976362
1094.499517005141
1138.083146537646
1181.9812376844127
1226.1642553539964
1270.6037316150102
1315.2722571989607
1360.1434696765568
1405.1920387920795
1450.3936493840495
1495.7249822675667
1541.1636935012336
1586.6883921081978
1632.2786169185042
1677.9148123792065
1723.578303782556
1769.251272021329
1814.9167280479714
1860.5584871818849
1906.1611433921685
1951.7100436642806
1997.191262546426
2042.5915769569144
2087.898441322247
2133.0999631050236
2178.184878771319
2223.1425302387656
2267.9628418390976
2312.6362978223397
2357.153920423909
2401.507248510812
2445.6883168185077
2489.689635786087
2533.504171993881
2577.1253292046063
2620.546930004888
2663.7631980529045
2706.7687409029213
2749.5585334299276
2792.1279018229825
2834.47250814602
2876.5883354536545
2918.4716734500907
2960.119104678637
3001.527491228787
3042.693961947429
3083.615900140494
3124.290931751105
3164.7169140002534
3204.891924475931
3244.814250656702
3284.4823798558036
3323.8949895719193
3363.0509382330292
3401.949256319879
3440.5891378558517
3478.969932250301
3517.091136482656
3554.9523876149087
3592.553455620384
3629.8942365170233
3666.974745793713
3703.7951121185015
3740.3555713179226
3776.656460616901
3812.698213129087
3848.4813525878008
3884.00648830803
3919.274310370306
3954.285585017551
3989.041150256344
4023.5419116542757
4057.7888383254553
4091.782959098227
4125.525358846676
4159.017175007095
4192.259594233772
4225.253849217295
4258.001215646819
4290.503009312226
4322.76058334032
4354.775325559411
4386.548655986813
4418.082024434132
4449.376908225224
4480.434810022097
4511.257255754119
4541.8457926460815
4572.201987340911
4602.327424112911
4632.223703167644
4661.892439024721
4691.335258979869
4720.553801642846
4749.549715547915
4778.324657833675
4806.88029298925
4835.218291663239
4863.340329536659
4891.248086247154
4918.943244375365
4946.427488480866
4973.702504189425
5000.769977328641
5027.631593109783
5054.289035353833
5080.743985759646
5106.99812321249
5133.053123131023
5158.91065685104
5184.572391044329
5210.039987171023
5235.31510096397
5260.399381943602
5285.294472962671
5310.0020097753895
5334.523620639887
5358.860925939218
5383.015537829904
5406.989059936691
5430.783086950671
5454.399204484239
5477.838988711438
5501.104006143971
5524.195813402131
5547.11595700305
5569.865973165369
5592.447387629587
5614.861715493371
5637.110461061029
5659.195117706522
5681.117167749362
5702.878082342718
5724.47932137318
5745.922333371582
5767.208555434357
5788.339413154861
5809.316320564208
5830.14068008111
5850.813882470276
5871.337306808926
5891.712320461
5911.940279058674
5932.022526490781
5951.960394897799
5971.755204673017
5991.408264469589
6010.92087121314
6030.294310119598
6049.529854717989
6068.628766877927
6087.5922968414825
6106.421683259232
6125.118153230225
6143.682922345624
6162.117194735809
6180.4221631207565
6198.599008863446
2.918399023833579
4.651384449728002
7.022217864974882
10.141764907274272
14.1169744505188
19.048683840258054
25.02996963097248
32.144989329712516
40.46824808312962
50.06422154923133
60.98726886528256
73.2817752908325
86.9824714243482
102.11488292084015
118.69587272298017
136.73424391978776
156.23137775365413
177.18188644710037
199.57426502378325
223.39153006517742
248.61183646418513
275.2090657864822
303.15338190927247
332.41175124915213
362.94842618322764
394.7253912697317
427.70277263861703
461.83921149107863
497.09220306016505
533.4184026706747
570.7739007235419
609.1144685384395
648.3957770361158
688.5735902433496
729.6039355699083
771.4432527478625
814.048523246234
857.3773818847311
901.3882122728737
946.0402275997703
991.2935381971831
1037.10920719676
1083.449295502998
1130.2768972063548
1177.5561664724623
1225.2523368507198
1273.3317338688182
1321.7617817008615
1370.511004622125
1419.549023903319
1468.8465507187911
1518.375375659358
1568.108355199847
1618.0193956500855
1668.0834350489743
1718.2764231316023
1768.575299865466
1818.9579727560522
1869.4032931794036
1919.8910319607676
1970.4018543913885
2020.917294855016
2071.419731214123
2121.892359087824
2172.319166136849
2222.6849064560365
2272.9750751614174
2323.1758832469054
2373.2742327748606
2423.2576924551645
2473.114473658794
2522.833406904252
2572.4039188483134
2621.816009806548
2671.0602318217893
2720.1276673065386
2769.0099082441366
2817.6990359902916
2866.1876016539236
2914.468607068411
2962.5354863504326
3010.382088043015
3058.0026578375696
3105.3918218680747
3152.5445705692637
3199.4562430894375
3246.1225122476408
3292.539370024111
3338.7031135722455
3384.6103317398574
3430.257892087041
3475.6429283877033
3520.762828601594
3565.615223303536
3610.1979745565204
3654.5091652152596
3698.5470886469707
3742.310238856106
3785.797301000012
3829.0071422826004
3871.9388032133297
3914.591489219023
3956.96456259628
3999.057534792511
4040.870059003905
4082.4019230788554
4123.653042717495
4164.623454945828
4205.313311881373
4245.722874742365
4285.852508119691
4325.702674489986
4365.273928962584
4404.566914251299
4443.5823558622815
4482.32105748954
4520.7838966099225
4558.971820269699
4596.885841055119
4634.527033239635
4671.896529100652
4708.995515399057
4745.82523001487
4782.386958732758
4818.682032171259
4854.711822849871
4890.477742388351
4925.981238832786
4961.223794102516
4996.206921557099
5030.932163667915
5065.401089803867
5099.615294116164
5133.576393522072
5167.286025782891
5200.745847672123
5233.957533230095
5266.922772101367
5299.643267951419
5332.120736959272
5364.356906382818
5396.353513193768
5428.112302779946
5459.635027707815
5490.923446553255
5521.979322783572
5552.804423699089
5583.400519452378
5613.769381995149
5643.912784319783
5673.832499503631
5703.530299919429
5733.007956464544
5762.2672378312045
5791.309909815995
5820.137734666828
5848.752470465812
5877.155870546384
5905.34968294323
5933.335649873525
5961.115507248096
5988.690984211227
6016.063802707742
6043.23567707624
6070.208313667252
6096.9834104852
6123.562656853134
6149.947733099154
6176.140310263574
6202.142049825861
6227.9546034504765
6253.579612750724
6279.018709069758
6304.273513278036
6329.345635586364
6354.236675373854
6378.948221030112
6403.481849810923
6427.839127706894
6452.02160932432
6476.03083777782
6499.868344594065
6523.535649626129
6547.034260977955
6570.365674938375
6593.531375924299
6616.532836432569
6639.371517000052
6662.048866171599
6684.566320475389
6706.925304405405
6729.127230410555
6751.173498890181
6773.0654981955795
6794.804604637233
6816.392182497453
6837.829584048136
6859.11814957336
6880.259207396548
6901.254073911972
6922.10405362033
2.971613372516854
4.745659932155943
7.178596495223393
10.387509795079263
14.486132885352099
19.58249704303852
25.777127909507197
33.16173914601963
41.818362881077704
51.81885149503748
63.224686338574955
76.0870337835622
90.44699263415413
106.33599325613604
123.77629668182865
142.78157268293853
163.35752223941705
185.5025249630294
209.20829375911205
234.4605232427768
261.23952167505433
289.52081887213234
319.2757447384984
350.47197485090726
383.0740409382315
417.04380522081004
452.3408984403916
488.9231220753949
526.746815730267
565.7671910463201
605.9386337303312
647.2149754589859
689.5497375103058
732.8963480127221
777.2083347009414
822.4394950349117
868.5440454829692
915.4767516980195
963.1930412326798
1011.64910034912
1060.8019563852831
1110.6095470440032
1161.030777875456
1212.0255691340305
1263.55489309474
1315.5808028352312
1368.066453400005
1420.9761161937652
1474.2751873606876
1527.9301909138408
1581.9087771212735
1636.1797168288415
1690.7128923240102
1745.4792849889186
1800.4509603665033
1855.6010509468797
1910.9037370336025
1966.334226002483
2021.868730230716
2077.4844439467192
2133.1595192227496
2188.873041308227
2244.6050034794016
2300.3362815607506
2356.048608255246
2411.724547404099
2467.3474682816486
2522.901520017593
2578.3716062266794
2633.743359915013
2689.0031187205136
2744.137900549159
2799.1353796227427
2853.983863009111
2908.672267638425
2963.1900978394565
3017.527423413052
3071.6748582573036
3125.623539554913
3179.36510752985
3232.8916857773866
3286.19586216888
3339.270670330359
3392.1095716919426
3444.706438103378
3497.055535009409
3549.1515051774477
3600.9893529688784
3652.564429144407
3703.872416193071
3754.909314173905
3805.6714270587377
3856.155349564186
3906.357954460567
3956.2763803453336
4005.908019868304
4055.250508396093
4104.301713104916
4153.059722476803
4201.522836218313
4249.68955554567
4297.558573857495
4345.128767769162
4392.399188499122
4439.369053595377
4486.0377389905225
4532.404771374051
4578.469820870858
4624.232694015094
4669.693327008887
4714.8517792556395
4759.708227157926
4804.262958170308
4848.516365097618
4892.46894062964
4936.121272103214
4979.474036483317
5022.527995553975
5065.28399131544
5107.742941568766
5149.905835695046
5191.773730610977
5233.34774689814
5274.629065098574
5315.618922169988
5356.3186080944415
5396.729462634336
5436.85287222991
5476.690267032582
5516.243118068711
5555.512934529321
5594.501261176181
5633.209675870776
5671.639787206363
5709.7932322750585
5747.671674411349
5785.276801280992
5822.6103228175925
5859.67396937125
5896.469489919062
5932.998650358337
5969.26323187898
6005.265029411879
6041.005850150066
6076.487512139731
6111.711842938059
6146.6806783352495
6181.395861137906
6215.85924001135
6250.072668378285
6284.038003371517
6317.757104838434
6351.2318343950765
6384.464054527648
6417.455627739555
6450.208415741975
6482.724278686084
6515.00507443527
6547.05265787552
6578.868880262395
6610.455588603038
6641.814625071671
6672.9478264571735
6703.857023641339
6734.544041106483
6765.010696471145
6795.258800052634
6825.290154455277
6855.106554183221
6884.709785276739
6914.101624970972
6943.283841376145
6972.258193178299
7001.026429359619
7029.590288937507
7057.951500721518
7086.111783087421
7114.072843767565
7141.836379656809
7169.4040766333765
7196.777609393841
7223.958641301732
7250.9488242490015
7277.749798529869
7304.363192726387
7330.790623605237
7357.0336960252025
7383.094002854815
7408.973124899704
7434.672630839185
7460.194077171629
7485.539008168209
7510.708955834602
7535.70543988027
7560.5299676949335
7585.184034331891
7609.669122497831
7633.986702548835
7658.138232492207
7682.125157993899
7705.948912391173
3.023138715786309
4.83717470071155
7.330775666632123
10.627242276318682
14.847122772638143
20.105716912534465
26.511120458807135
34.162771447038494
43.15044314651816
53.55362192843464
65.4412076786721
78.87147776578965
93.89226058977003
110.54127152706829
128.84657023423026
148.82710482127237
170.4933142005901
193.84776517804752
218.88580545385327
245.59621766127157
273.9618629283099
303.960305257332
335.5644103417966
368.742914340447
403.46095966792984
439.6805960897817
477.3612463815916
516.4601365668562
556.9326913254017
598.7328955954724
641.8136237051519
686.1269375857279
731.624355760109
778.2570948791558
825.9762856117095
874.733164689793
924.4792448789744
975.1664645915452
1026.7473187930723
1079.1749727757979
1132.4033602873571
1186.3872674192921
1241.0824035650917
1296.4454606759543
1352.4341619482134
1409.0073009997984
1466.1247724949624
1523.7475951737608
1581.8379279788196
1640.3590801282796
1699.2755159069693
1758.5528545740456
1818.1578661551348
1878.058463558832
1938.2236915025373
1998.623712673149
2059.2297915091017
2120.014275951326
2180.950577476483
2242.0131496940444
2303.1774657598435
2364.419994832195
2425.7181777726214
2487.050402271195
2548.3959775565386
2609.735108832411
2671.0488715645283
2732.319185738672
2793.528790161482
2854.6612169221708
2915.7007660646336
2976.632480543373
3037.4421215167617
3098.1161440246137
3158.6416730898436
3219.0064802775696
3279.198960739219
3339.208110764004
3399.0235058556154
3458.6352793477863
3518.034101568819
3577.211159561941
3636.15813736546
3694.867196854247
3753.3309591418674
3811.542486540711
3869.4952650758564
3927.1831875469534
3984.6005371311094
4041.7419715187552
4098.602507575655
4155.177506508264
4211.462659555809
4267.45397415198
4323.1477605805985
4378.540619099109
4433.629427520503
4488.411329241718
4542.883721706468
4597.044245290294
4650.890772595741
4704.421398145616
4757.6344284622355
4810.528372520897
4863.101932565709
4915.3539952763
4967.283623273994
5018.890046956267
5070.172656648514
5121.130995061689
5171.764750049877
5222.073747646074
5272.057945381521
5321.717425867413
5371.052390634071
5420.063154217583
5468.750138485055
5517.113867189715
5565.154960747497
5612.8741312277
5660.272177545061
5707.3499808575325
5754.108500146374
5800.548768008465
5846.6718864996665
5892.479023394504
5937.9714083639765
5983.150329431621
6028.017129556285
6072.573203359768
6116.819993993782
6160.758990140828
6204.391723143712
6247.719764258696
6290.744722027446
6333.468239763064
6375.891993145715
6418.017687923544
6459.847057714658
6501.381861906169
6542.623883646475
6583.574927926975
6624.236819749682
6664.611402377313
6704.7005356624795
6744.506094452821
6784.029967069038
6823.274053852824
6862.240265781913
6900.930523149463
6939.346754305227
6977.490894455912
7015.364884522371
7052.970670051263
7090.310200178974
7127.385426645629
7164.19830285713
7200.750782993272
7237.044821159987
7273.082370583923
7308.865382847576
7344.395807163314
7379.675589684632
7414.706672853125
7449.490994779665
7484.030488658334
7518.327082211758
7552.382697166507
7586.199248757285
7619.778645258706
7653.122787543457
7686.233568665775
7719.112873469085
7751.762578216835
7784.184550245479
7816.380647638688
7848.352718921875
7880.102602776086
7911.632127770543
7942.943112112889
7974.037363416449
8004.916678483728
8035.582843105442
8066.037631874382
8096.282808013442
8126.320123217229
8156.151317506588
8185.778119095481
8215.202244269693
8244.425397276766
8273.44927022671
8302.275543002983
8330.905883183184
8359.34194596917
8387.585374125993
8415.637797929356
8443.50083512114
8471.176090872603
8498.665157754931
8525.969615716738
8553.09103206822
3.0730398026319588
4.92601936015121
7.478868571580029
10.861086543728128
15.200056845410003
20.618409205320585
27.231915821489554
35.14789154610059
44.464048751602284
55.267749078164954
67.63559210141402
81.63328311316914
97.31572621201033
114.72729512605301
133.90223978095966
154.8651929430343
177.63174688991074
202.20907526552506
228.59657988698277
256.78654628852297
286.76479523230745
318.5113203307382
352.00090436289366
387.20370888429505
424.08583338063784
462.6098415522468
502.7352533873879
544.4190025283333
587.6158590935391
632.2788186237228
678.3594581968373
725.8082610305341
774.574911080048
824.6085592620309
875.8580630032956
928.2722008403247
981.7998637895172
1036.3902251774334
1091.9928905712325
1148.5580293856615
1206.0364896744386
1264.379897529892
1323.540742440286
1383.4724498639316
1444.1294422043004
1505.4671892698013
1567.4422493253767
1630.012301420504
1693.1361702955878
1756.7738442370032
1820.8864868758
1885.436443518148
1950.3872426379392
2015.7035930938127
2081.351377584943
2147.2976428123607
2213.510586770067
2279.959543550457
2346.614966012123
2413.4484066244017
2480.4324967722323
2547.540924776567
2614.748412859637
2682.030693258901
2749.3644836843937
2816.727462257506
2884.0982421115864
2951.4563457593704
3018.782179352034
3086.0551675442266
3153.2629247540035
3220.3828357972816
3287.400424462883
3354.3001315896495
3421.0671297953186
3487.6872992014128
3554.147203576854
3620.434066931499
3686.5357505854836
3752.4407307353767
3818.138076534054
3883.6174286972237
3948.868978646296
4013.883448194152
4078.6520697778174
4143.166567241435
4207.419137157669
4271.402430714974
4335.109536125648
4398.533961581454
4461.669618737105
4524.5108067164165
4587.052196632744
4649.288816614685
4711.2160373272345
4772.829557978253
4834.125392799574
4895.099857991794
4955.749559121567
5016.071378959969
5076.062465750463
5135.720221894906
5195.0422930451405
5254.026557593528
5312.671116538795
5370.974283731875
5428.9345764784075
5486.550706491598
5543.821571183602
5600.746245284714
5657.323972779659
5713.55415915156
5769.436363918281
5824.970293463798
5880.155794138182
5934.9928456553735
5989.4815546185255
6043.622148552325
6097.414969920124
6150.860470499896
6203.959205958807
6256.711830643508
6309.119092578404
6361.181828664321
6412.900960070331
6464.277487811569
6515.3124885062825
6566.007110305421
6616.36256898837
6666.380144218671
6716.0611759536605
6765.407061002308
6814.41924972563
6863.0992428742775
6911.448588558116
6959.46887934273
7007.161749468025
7054.528872184239
7101.571957200862
7148.292748244099
7194.693020718679
7240.774579469988
7286.539256642613
7331.988909631549
7377.125419122478
7421.950687217565
7466.466635643548
7510.6752040387355
7554.578348315956
7598.178039098347
7641.476260225193
7684.475007324977
7727.176286453021
7769.582112791126
7811.694509406767
7853.515506069444
7895.0471381219095
7936.291445404087
7977.250471227571
8017.926261398644
8058.320863287893
8098.436324944535
8138.274694253623
8177.838018134434
8217.128341778318
8256.147707924487
8294.898156172056
8333.381722327043
8371.600437782714
8409.556328932038
8447.25141661086
8484.687715570566
8521.867233978977
8558.791972948371
8595.463926089436
8631.88507909011
8668.057409318311
8703.982885447429
8739.663467103801
8775.10110453509
8810.297738298786
8845.255298969932
8879.975706867259
8914.46087179696
8948.71269281338
8982.733057995792
9016.523844240706
9050.086917068942
9083.42413044686
9116.537326621125
9149.42833596643
9182.098976845587
9214.55105548146
9246.786365840198
9278.806689525281
9310.613795681895
9342.209440911156
9373.595369193754
9404.773311822577
9435.744987343925
9466.512101506916
3.1213793056313737
5.0122830578683
7.622989127622679
11.089172078978963
15.545060948530113
21.120664723547854
27.939524402625654
36.11696894535631
45.758832028083106
56.96057605814811
69.8067661986308
84.37083809122035
100.71510593290212
118.89096319952763
138.93923329748236
160.89063347441478
184.76632073297006
210.57849360328441
238.3310282222505
268.0201312160702
299.6349953935758
333.15844726076944
368.5675779047783
405.83435091782917
444.9261827868495
485.8064926138085
528.4352191976568
572.7693044439845
618.7631428087722
666.368997060061
715.5373810837133
766.2174107905458
818.3571244219396
871.9037737174574
926.8040875143257
983.0045094080244
1040.451411124942
1099.0912832508975
1158.8709049284403
1219.7374940929822
1281.6388397531246
1344.523417760563
1408.3404914345767
1473.0401983384525
1538.5736244179839
1604.8928666484849
1671.951085239896
1739.70254639944
1808.1026565604252
1877.1079889261923
1946.6763031113067
2016.7665585984012
2087.3389226726667
2158.354773439967
2229.7766984836016
2301.5684896668645
2373.6951345439566
2446.1228048005332
2518.8188421069103
2591.7517417315357
2664.8911342280385
2738.207765491208
2811.6734754140716
2885.261175410797
2958.944824990416
3032.6994075781504
3106.5009057508682
3180.3262760369753
3254.153423414798
3327.961175628728
3401.7292574289713
3475.4382648284954
3549.0696394596275
3622.60564310276
3696.0293324503646
3769.3245341613742
3842.475820253426
3915.4684838737403
3988.2885154833693
4060.9225794863687
4133.357991313322
4205.582695017592
4277.585241347328
4349.354766346306
4420.880970476196
4492.154098269413
4563.164918516501
4633.904704989731
4704.365217702586
4774.53868470325
4844.417784398447
4913.995628402941
4983.265744908657
5052.222062566461
5120.858894872874
5189.170925053086
5257.153191430409
5324.801073277429
5392.110277126481
5459.076823545512
5525.697034356387
5591.967520289745
5657.8851690645915
5723.447133881666
5788.650822320285
5853.4938856225035
5917.974208366457
5982.089898526638
6045.839277768662
6109.22087234619
6172.2334040825535
6234.87578180466
6297.147093068839
6359.046596193441
6420.573712588241
6481.7280193710785
6542.509242262253
6602.917248747426
6662.952041500095
6722.613752054798
6781.902634722546
6840.81906074015
6899.363512645336
6957.536578869827
7015.338948542704
7072.771406496652
7129.834828469922
7186.530176496977
7242.858494481123
7298.820903942511
7354.418599935242
7409.652847127357
7464.52497603782
7519.036379424743
7573.18850881927
7626.982871199779
7680.421025801188
7733.504581054356
7786.235191650759
7838.614555727705
7890.644412169649
7942.32653802118
7993.6627460075115
8044.654882158427
8095.304823531733
8145.614476032449
8195.585772324139
8245.220669828814
8294.521148812082
8343.489210550179
8392.126875575945
8440.436182000412
8488.419183907426
8536.077949818191
8583.414561223244
8630.431111179121
8677.129702967271
8723.512448812777
8769.581468660539
8815.338889006707
8860.786841783194
8905.927463293148
8950.7628931955
8995.295273536474
9039.526747826407
9083.459460159938
9127.095554377971
9170.437173269624
9213.486457812724
9256.245546451184
9298.71657440791
9340.901673031693
9382.802969176846
9424.422584614207
9465.762635472242
9506.825231707058
9547.612476600205
9588.12646628299
9628.369289286446
9668.343026115703
9708.049748847927
9747.491520752737
9786.670395934292
9825.58841899408
9864.247624713575
9902.650037755931
9940.797672386001
9978.692532207762
10016.336609918633
10053.731887079713
10090.88033390155
10127.783909044592
10164.444559433741
10200.864220086503
10237.04481395399
10272.988251774388
10308.696431938264
10344.17124036518
10379.414550391222
10414.428222666898
10449.214105064892
3.1682177547539587
5.096053169454055
7.763251210088095
11.311632177070516
15.882271536374656
21.61259545837429
28.633992923613874
37.06992978851381
47.03452795718989
58.63156060717274
71.9538095366942
87.08272781844559
104.08836200474744
123.02947487184566
143.95383689672278
166.898642124329
191.89101839324704
218.948604264314
248.08016986682463
279.2862629320637
312.5598648400668
347.8870445791043
385.247598781925
424.6156870936047
465.9604079171703
509.2463932386909
554.4343373397953
601.4815073474392
650.3422183298972
700.9682751720435
753.3093816111665
807.3135172035286
862.9272832835424
920.0962191883582
978.7650901667805
1038.878148484557
1100.3793692893007
1163.2126628147066
1227.322064498519
1292.6519045556033
1359.1469585054238
1426.7525801015079
1495.4148180298614
1565.08051777825
1635.6974096589083
1707.2141845889755
1779.5805582929333
1852.7473252137866
1926.6664030023753
2001.2908684870908
2076.574985946746
2152.474228449572
2228.9452929612216
2305.946109869558
2383.435847521607
2461.37491231908
2539.724944872948
2618.44881267485
2697.51059970137
2776.8755933435204
2856.510268980884
2936.382272551077
3016.4604013747785
3096.714583505415
3177.1158558361853
3257.6363411760162
3338.2492244850473
3418.9287284411344
3499.6500884912834
3580.389527525857
3661.1242302987207
3741.8323177031334
3822.492821000876
3903.0856560911357
3983.591597895349
4063.992254927589
4144.270044094299
4224.408165813047
4304.390579441697
4384.2019790968625
4463.827769877475
4543.254044523654
4622.46756053382
4701.455717758739
4780.2065364876735
4858.708636038335
4936.951213859511
5014.924025152541
5092.617363015464
5170.022039111624
5247.12936486175
5323.931133162874
5400.41960061827
5476.587470290807
5552.427874961614
5627.934360892583
5703.100872084642
5777.921735024602
5852.391643906757
5926.5056463334
6000.259129467046
6073.647806664513
6146.667704418542
6219.315149991855
6291.586759211494
6363.479424801153
6434.9903050868725
6506.1168130909355
6576.856606003473
6647.207575021174
6717.16783554272
6786.735717710628
6855.909757289215
6924.688686868725
6993.071427385612
7061.0570799492925
7128.644917965806
7195.834379548967
7262.625060209882
7329.016705815822
7395.009205809703
7460.602586681582
7525.797005683839
7590.59274478194
7654.990204832783
7718.989899982987
7782.592452279581
7845.798586485827
7908.6091250951185
7971.024983536002
8033.047165561769
8094.676758818069
8155.914930582273
8216.762923668583
8277.222052492916
8337.29369929192
8396.979310490584
8456.280393213072
8515.198511931732
8573.735285249095
8631.892382808224
8689.671522326615
8747.074466749189
8804.103021516032
8860.759031940623
8917.044380694506
8972.960985394508
9028.510796288638
9083.695794037114
9138.517987584846
9192.979412122126
9247.082127130068
9300.828214507797
9354.219776778162
9407.258935369151
9459.94782896808
9512.288611945853
9564.283452848644
9615.934532954405
9667.244044891817
9718.214191319255
9768.847183661464
9819.14524090187
9869.110588428186
9918.74545692954
9968.052081342907
10017.032699847068
10065.689552902328
10114.02488233404
10162.040930458472
10209.739939249164
10257.124149542407
10304.195800280133
10350.957127788897
10397.410365093518
10443.557741263934
10489.401480794157
10534.943803011804
10580.186921517296
10625.13304365131
10669.784369989524
10714.143093863513
10758.211400906734
10801.99146862467
10845.485465988131
10888.695553048772
10931.623880575979
10974.272589714199
11016.64381166
11058.739667357928
11100.562267214522
11142.113710829639
11183.39608674451
11224.41147220571
11265.161932944466
11305.649522970685
11345.876284381033
11385.84424718053
11425.555429117056
11465.011835528308
11504.215459200588
3.2136135034780837
5.177415057362648
7.899768022214715
11.528602680811055
16.211833504811903
22.094331198016274
29.31539948363633
38.00675006709762
48.29094525020428
60.28026381668279
74.07593928963016
89.76771770362598
107.43368389102076
127.14030844240449
148.9426721712252
172.88482984062745
199.00027993994576
227.312512116989
257.83560833966817
290.5748778981201
325.52750993909785
362.6832303510385
402.0249525145873
443.52941373097605
487.1677910818356
532.9062920958567
580.7067169420911
630.5269899729328
682.3216593363651
736.0423640977904
791.6382688835603
849.0564665059414
908.2423493722486
969.1399507382564
1031.6922570523266
1095.841492765342
1161.529379062013
1228.6973680164078
1297.286853684147
1367.2393616360243
1438.4967184030581
1511.0012023387499
1584.6956770676247
1659.5237092069224
1735.4296712626408
1812.3588311125507
1890.2574291316048
1969.0727440308872
2048.7531484016895
2129.2481548924043
2210.5084538810597
2292.4859434452956
2375.133752372846
2458.4062568997897
2542.259091810959
2626.6491564870344
2711.534616433966
2796.8749008001532
2882.6306963056413
2968.7639380344235
3055.23779744191
3142.016667933544
3229.066148327918
3316.3530244909844
3403.8452494017447
3491.511921885628
3579.3232642294543
3667.2505988713374
3755.266324340071
3843.3438906011766
3931.457773950925
4019.5834515877455
4107.697375958036
4195.776949019981
4283.800496457415
4371.747241968487
4459.597281681455
4547.331558763144
4634.931838274693
4722.380682322251
4809.661425544072
4896.758150969607
4983.655666281117
5070.339480503539
5156.795781144221
5243.011411800241
5328.973850246751
5414.671187022748
5500.092104509882
5585.225856527351
5670.062248433928
5754.591617743967
5838.804815257556
5922.693186697798
6006.248554866161
6089.463202293426
6172.329854422558
6254.841663147501
6336.992191109981
6418.775396207026
6500.185616702786
6581.217556776726
6661.866272525471
6742.127158409146
6821.995934132483
6901.468631950968
6980.541584392129
7059.211412381819
7137.475013765457
7215.329552214074
7292.772446504998
7369.801360167103
7446.414191480601
7522.609063821417
7598.384316340274
7673.738494966817
7748.670343729189
7823.178796379571
7897.262968316491
7970.922148794769
8044.155793414169
8116.963516878057
8189.345086013481
8261.300413044366
8332.829549109652
8403.932678018391
8474.610110234113
8544.862277080834
8614.689725163415
8684.093110995069
8753.073195825069
8821.63084065991
8889.767001471326
8957.482724584808
9024.77914224244
9091.657468333957
9158.11899429034
9224.165085134213
9289.79717568157
9355.016766889537
9419.825422345108
9484.224764889743
9548.21647337515
9611.802279545533
9674.98396504181
9737.763358523425
9800.14233290363
9862.122802694015
9923.70672145452
9984.896079344984
10045.692900774655
10106.099242146003
10166.117189689592
10225.748857386448
10284.996384974958
10343.861936039058
10402.347696174798
10460.455871232401
10518.188685631012
10575.54838074349
10632.537213348627
10689.157454148319
10745.411386347281
10801.301304292967
10856.829512173466
10911.998322771226
10966.810056270475
11021.267039116427
11075.3716029242
11129.12608343568
11182.532819522505
11235.594152233418
11288.312423884314
11340.689977189379
11392.729154431754
11444.432296672236
11495.801742994568
11546.839829785891
11597.54889005109
11647.931252759654
11697.989242223846
11747.725177506996
11797.141371860745
11846.240132190058
11895.023758545081
11943.494543638648
11991.654772388523
12039.506721483429
12087.052658971863
12134.294843872882
12181.235525807946
12227.876944653048
12274.221330210225
12320.27090189785
12366.027868458765
12411.494427685735
12456.672766163376
12501.565059026005
12546.173469730711
12590.500149845086
12634.547238848952
3.257622720683628
5.2564518903630235
8.032651579751029
11.740220921668616
16.533898316416476
22.566016548717847
29.983849167835103
38.92744951331457
49.52795825148927
61.906339887616376
76.17250082301192
92.42473832553159
110.74947074045271
131.22120159877286
153.90267440833182
178.845179412435
206.0889783441085
235.6638178398121
267.58950654191017
301.87653491607045
338.526720394572
377.5338612692082
418.88440431077544
462.55806766237583
508.52849416989994
556.7638475202826
607.2273965801046
659.8780687103274
714.6709726033089
771.557889627991
830.4877333050199
891.4069770384556
954.2600506263088
1018.9897063758401
1085.5373558773804
1153.8433786540959
1223.8474040218375
1295.4885675604144
1368.7057436372422
1443.437755427832
1519.6235639479974
1597.2024372888795
1676.1141018073454
1756.2988762238026
1837.69779012634
1920.2526880191576
2003.9063200783562
2088.6024207014943
2174.285775875614
2260.902280323873
2348.39898532934
2436.72413807423
2525.8272132748234
2615.6589378366716
2706.171309199646
2797.317608005835
2889.0524056355853
2981.331567177155
3074.1122502902767
3167.3529004211277
3261.0132427776402
3355.0542714411918
3449.4382359588453
3544.1286257305273
3639.0901524779747
3734.28873105675
3829.6914588490404
3925.2665939530784
4020.983532367568
4116.812784332133
4212.725950025817
4308.695694710541
4404.695723493889
4500.700755809983
4596.686499726115
4692.629626168883
4788.507743153216
4884.29937008851
4979.983912227567
5075.541635316381
5170.953640495663
5266.201839498686
5361.268930183292
5456.138372436725
5550.794364468871
5645.221819535541
5739.406343099174
5833.334210449906
5926.992344794067
6020.368295834904
6113.4502188349525
6206.226854207483
6298.68750747052
6390.822029974528
6482.620799864048
6574.074703673487
6665.1751183953
6755.913894043148
6846.28333670527
6936.2761920824905
7025.885629504436
7115.105226416974
7203.9289533331985
7292.351159239935
7380.366557451231
7467.970211899992
7555.157523858722
7641.924219079972
7728.266335347099
7814.180210425696
7899.662470406014
7984.710018426708
8069.32002377014
8153.489911319612
8237.217351368754
8320.500249773646
8403.336738438049
8485.725166122436
8567.664089567543
8649.15226492328
8730.188639474058
8810.772343651714
8890.902683327287
8970.579132373288
9049.801325487997
9128.569051273747
9206.882245561195
9284.740984971831
9362.145480711111
9439.096072584827
9515.593223231514
9591.63751256384
9667.229632412185
9742.370381363686
9817.060659790386
9891.301465060073
9965.093886923776
10038.439103073984
10111.338374867795
10183.793043209424
10255.804524586641
10327.374307255908
10398.50394757105
10469.195066450615
10539.44934597906
10609.26852613714
10678.654401657077
10747.608818998051
10816.133673437918
10884.230906276975
10951.902502149984
11019.15048644245
11085.976922807631
11152.383910780654
11218.37358348629
11283.948105437044
11349.1096704184
11413.860499458035
11478.202838876045
11542.138958413298
11605.671149435018
11668.801723207001
11731.533009241763
11793.867353712158
11855.807117929942
11917.35467688703
11978.512417857059
12039.282739055197
12099.668048353891
12159.670762052727
12219.29330370024
12278.538102965853
12337.407594560133
12395.9042172015
12454.030412627768
12511.788624650788
12569.181298252674
12626.210878721988
12682.87981082847
12739.190538034884
12795.145501744491
12850.747140583011
12905.997889713553
12960.900180183507
13015.456438301995
13069.669085046933
13123.540535500366
13177.073198311216
13230.269475184283
13283.13176039453
13335.662440325703
13387.863893032358
13439.738487824396
13491.28858487325
13542.516534838856
13593.424678516698
13644.015346504055
13694.290858884764
13744.253524931746
13793.905642826676
13843.249499396
3.3002994029416186
5.333244512864956
8.16201229442401
11.946624821222311
16.848622382711902
23.0278083222224
30.639470146593304
39.83208611706226
50.74549959844404
63.50952659924679
78.24295272622862
95.05287135971213
114.03431493045962
135.27013266538532
158.83107174133247
184.77602283397462
213.15239547974525
243.99659309723887
277.33456175323755
313.1823906927297
351.546946221453
392.42652371187717
435.8115052989412
481.6850132612938
530.0235511703809
580.7976266671258
633.9723512259702
689.5080135214567
747.3606240543645
807.4824295510566
869.8223963477653
934.3266625336516
1000.9389590739531
1069.6010004852265
1140.2528459030289
1212.83323158757
1287.2798760547296
1363.5297591218036
1441.5193762237286
1521.1849693802315
1602.4627362159065
1685.2890184044538
1769.6004709064555
1855.3342133143553
1942.4279645816434
2030.8201623603734
2120.4500681133777
2211.257859111266
2303.184708363297
2396.1728534715057
2490.1656553378607
2585.107647595685
2680.9445775778295
2777.623439592224
2875.0925011842974
2973.3013230775014
3072.2007733749556
3171.7430365949076
3271.88161805851
3372.5713441096027
3473.7683586083767
3575.4301161052504
3677.5153720681815
3779.9841705057083
3882.7978292991647
3985.9189235335784
4089.3112670719843
4192.939892656201
4296.771030690899
4400.772086955469
4504.911619404131
4609.159314220442
4713.4859612733535
4817.863429108076
4922.264639591538
5026.66354232053
5131.035088889243
5235.355207103088
5339.600775215242
5443.749596260199
5547.780372532357
5651.672680281157
5755.406944657291
5858.964414957851
5962.327140200117
6065.477945069637
6168.4004062505555
6271.0788292035595
6373.498225236965
6475.644289304464
6577.503377991697
6679.06248811128
6780.309235751888
6881.231835813708
6981.819082034002
7082.060327504579
7181.9454656815815
7281.464911886453
7380.609585295768
7479.370891416578
7577.740705042774
7675.711353687341
7773.275601484455
7870.426633554872
7967.158040827354
8063.46380530857
8159.338285793402
8254.776204007243
8349.772631171705
8444.322974984843
8538.422967006816
8632.068650441906
8725.256368307544
8817.982751981177
8910.2447101155
9002.039417912809
9093.36430674929
9184.217054139803
9274.595574034207
9364.49800743605
9453.92271333473
9542.868259942263
9631.333416225898
9719.317143728182
9806.818588665845
9893.837074299412
9980.372093565366
10066.423301962903
10151.990510687601
10237.073680004358
10321.672912852118
10405.788448673307
10489.420657460732
10572.570034015149
10655.237192406807
10737.422860634335
10819.127875474665
10900.353177517822
10981.099806380485
11061.368896092516
11141.16167065074
11220.47943973446
11299.323594577341
11377.69560399041
11455.597010531226
11533.02942681415
11609.99453195713
11686.494068160253
11762.529837411672
11838.103698316556
11913.217563044876
11987.873394393911
12062.073202961616
12135.819044426986
12209.11301693376
12281.957258573839
12354.353944967032
12426.305286933743
12497.81352825739
12568.88094353337
12639.50983610166
12709.70253605996
12779.461398354733
12848.788800947248
12917.687143052095
12986.158843445544
13054.206338841323
13121.832082331379
13189.038541889407
13255.828198934763
13322.203546954801
13388.167090183382
13453.721342333645
13518.868825383079
13583.612068408987
13647.953606472565
13711.895979549878
13775.441731507946
13838.593409124413
13901.353561149152
13963.724737406337
14025.70948793549
14087.31036217005
14148.529908152233
14209.370671782608
14269.83519610343
14329.926020614235
14389.645680618667
14448.996706601307
14507.981623633452
14566.602950806733
14624.863200693599
14682.764878833577
14740.310483244488
14797.50250395752
14854.34342257545
14910.83571185299
14966.981835298528
15022.78424679644
15078.245390249165
15133.367699238315
3.3416954027822827
5.407871356552136
8.287958640604737
12.14795213801226
17.156165671476003
23.479873248182713
31.28241021530686
40.7207512091422
51.94355357613762
65.08963675672734
80.2868576664246
97.65133650766404
117.28698665485486
139.28530289032085
163.7253652749966
190.6740195128888
220.18619876602847
252.30535607371712
287.0639806199481
324.484174943311
364.5782737185528
407.3494879237601
452.79256103144127
500.89442633818135
551.6348566929516
604.9870997270948
660.9184932576509
719.3910568601179
780.3620567157276
843.7845417596274
909.6078499145008
977.7780838126863
1048.238555908773
1120.9302032808562
1195.7919727333704
1272.7611770499038
1351.7738234256142
1432.7649152422455
1515.6687284296854
1600.4190637263541
1686.949476158841
1775.1934830912367
1865.0847521643846
1956.5572704312463
2049.545495954972
2143.9844930955564
2239.8100526614144
2336.9587980500746
2435.36827844731
2534.977050097782
2635.7247466019744
2737.552139150146
2840.4011875135893
2944.2150826163984
3048.9382814041282
3154.516534707355
3260.8969087399737
3368.0278008278783
3475.8589499202717
3584.3414423948398
3693.4277136294104
3803.0715457762267
3913.228062140925
4023.853718538742
4134.906291952475
4246.344866845209
4358.129819357786
4470.222799696692
4582.586712934153
4695.18569844232
4807.985108160996
4920.951483880708
5034.052533706145
5147.25710784995
5260.535173892611
5373.857791630497
5487.1970876281575
5600.526229561623
5713.819400460086
5827.0517729142275
5940.199483322787
6053.239606254978
6166.150128966731
6278.9099261636275
6391.4987348822
6503.897129943836
6616.0864994681015
6728.049020881563
6839.767637286452
6951.226034237412
7062.408616944562
7173.30048791794
7283.887425065726
7394.15586025597
7504.092858349397
7613.686096708621
7722.9238451874835
7831.7949466023065
7940.288797685606
8048.395330521282
8156.104994459227
8263.408738506289
8370.29799418936
8476.764658885926
8582.80107961628
8688.40003729135
8793.554731409235
8898.258765193334
9002.506131164424
9106.291197138682
9209.608692643516
9312.453695742712
9414.821620262273
9516.708203408221
9618.109493767497
9719.021839683046
9819.441877994162
9919.366523133082
10018.792956569034
10117.718616590653
10216.141188418154
10314.058594636348
10411.468985939911
10508.370732182355
10604.762413720298
10700.642813044593
10796.010906690328
10890.865857417532
10985.20700665471
11079.033867197604
11172.346116155397
11265.14358813715
11357.426268671084
11449.194287849663
11540.447914193606
11631.187548727972
11721.413719263794
11811.127074878812
11900.328380591085
11989.0185122193
12077.198451423932
12164.869280923389
12252.032179879607
12338.688419447604
12424.839358483603
12510.486439406715
12595.631184209045
12680.2751906094
12764.420128345899
12848.067735602852
12931.219815567498
13013.8782331123
13096.044911598558
13177.721829797325
13258.91101892375
13339.614559780903
13419.834580009487
13499.573251439893
13578.832787543062
13657.61544097679
13735.923501224323
13813.75929232201
13891.125170673009
13968.023522944106
14044.45676404278
14120.427335171738
14195.937701958368
14270.990352656298
14345.58779641685
14419.732561627732
14493.42719431677
14566.674256618395
14639.476325300648
14711.835990350697
14783.755853616693
14855.238527504094
14926.286633724554
14996.902802095414
15067.08966938817
15136.849878224079
15206.186076015287
15275.100913949896
15343.59704601933
15411.677128086621
15479.343816994024
15546.599769708686
15613.447642504958
15679.890090182007
15745.92976531553
15811.56931754235
15876.811392876602
15941.65863305655
16006.113674920776
16070.17914981278
16133.857683012891
16197.151893196562
16260.064391918062
16322.597783118634
16384.754662658204
16446.53761786992
16507.949227136425
3.3818604693172767
5.480408385332425
8.410596892480902
12.344339838694378
17.45669051091584
23.92238597439832
31.912833728739663
41.59356505722532
53.12215010797917
66.64655031710058
82.30387214874759
100.21947937968669
120.50641952196825
143.26511975893837
168.58331020424356
196.53613537962008
227.18641855275376
260.5850475213745
296.7714543504914
335.7741653166236
377.6114007954254
422.29170800021683
469.81461231816127
520.1712755022589
573.3451511715216
629.3126299719772
688.0436683818025
749.5023965320399
813.6477015867
880.4337842086563
949.8106864543047
1021.7247901133051
1096.1192850580312
1172.934607614286
1252.1088493131344
1333.578136667903
1417.2769828273542
1503.1386121211772
1591.0952586321275
1681.0784399934953
1773.019207681174
1866.8483750751634
1962.4967245801618
2059.8951950791893
2158.9750509725795
2259.668034020488
2361.9064991670107
2465.6235354782666
2570.753073277562
2677.2299785071114
2784.9901353064315
2893.9705177049686
3004.1092513368494
3115.345665972244
3227.6203396443984
3340.875135090584
3455.0532291792433
3570.099135949951
3685.9587238493755
3802.5792277048517
3919.9092559411183
4037.8987934870042
4156.499200850238
4275.663209692613
4395.34491532229
4515.499766420615
4636.084552317758
4757.057388102638
4878.377697829337
5000.006196060092
5121.9048679647685
5244.036948177787
5366.366898595036
5488.86038528336
5611.484254641537
5734.206508968702
5856.996281553498
5979.823811397013
6102.660417685955
6225.47847408931
6348.251383005239
6470.953549655856
6593.56035652281
6716.048137622242
6838.394153089326
6960.576563954571
7082.574407180791
7204.367570997485
7325.936770564564
7447.263523993317
7568.330128748594
7689.1196384525765
7809.615840107546
7929.80323175192
8049.667000561373
8169.193001404384
8288.36773585942
8407.178331699059
8525.612522844562
8643.658629792779
8761.305540516047
8878.542691834184
8995.360051256834
9111.748099293229
9227.697812225655
9343.200645342004
9458.248516622185
9572.833790872623
9686.949264302357
9800.58814953399
9913.744061042229
10026.411001012479
10138.583345611727
10250.255831663553
10361.423543719155
10472.081901515976
10582.22664781546
10691.853836611388
10800.959821700231
10909.541245604963
11017.595028843589
11125.118359534052
11232.108683326787
11338.563693656659
11444.481322305732
11549.859730268825
11654.697298913386
11758.992621425923
11862.744494536862
11965.951910516065
12068.614049431393
12170.730271662702
12272.300110663977
12373.323265966243
12473.799596414328
12573.729113630385
12673.111975697482
12771.948481056674
12870.239062610948
12967.984282029916
13065.184824248943
13161.841492156773
13257.95520146584
13353.526975759534
13448.557941710833
13543.049324466972
13637.002443194913
13730.41870678242
13823.299609689886
13915.646727947957
14007.461715296471
14098.746299459895
14189.502278555092
14279.731517626944
14369.435945307794
14458.617550596586
14547.278379753798
14635.420533308386
14723.046163173112
14810.157469864473
14896.75669982405
14982.846142837687
15068.428129549375
15153.505029066619
15238.079246654297
15322.153221513974
15405.729424645882
15488.810356790731
15571.398546448696
15653.49654797298
15735.106939735382
15816.232322361546
15896.875317033373
15977.038563856448
16056.724720290234
16135.936459638804
16214.676469600226
16292.947450872367
16370.752115813431
16448.093187155122
16524.973396766756
16601.395484468627
16677.362196892664
16752.876286389117
16827.940509977325
16902.557628339313
16976.73040485455
17050.461604811826
17123.753993961494
17196.61033852363
17269.033403790723
17341.025953496508
17412.590749069663
17483.73054891957
17554.44810775319
17624.746175921777
17694.627498796475
17764.094816165256
17833.150861704067
17901.79836234976
17970.040037851235
3.4208422982492714
5.550929068627712
8.530030920784167
12.535923576274683
17.750360565979562
24.355527321710614
32.530918888440475
42.45067292545557
54.28135932754721
68.18020722931868
84.29373741212184
102.75676028046928
123.69169712418578
147.20818131281524
173.4028979291282
202.35962293290672
234.14942632323164
268.83100744176124
306.45113429198915
347.0451623743977
390.6376119511961
437.2427857949243
486.86541231738875
539.5013015086506
595.1380033494365
653.755460309396
715.3266472294852
779.8181933330891
847.1909823419982
917.4007277138132
990.3985208901868
1066.1313511703308
1144.5425964262495
1225.5724843604178
1309.1585244085934
1395.2359106893516
1483.7378967375591
1574.596142662813
1667.7410360820097
1763.1019875756256
1860.6077020485213
1960.1864271395377
2061.766179923355
2165.2749531427276
2270.640902196703
2377.792514088083
2486.6587595018536
2597.169229148129
2709.254255458107
2822.845020689654
2937.8736524081305
3054.273307326752
3171.978244374226
3290.9238878457995
3411.0468814321057
3532.285133873724
3654.5778569424247
3777.865596404953
3902.090256584731
4027.195119073651
4153.124856173457
4279.825539494428
4407.244644220151
4535.331049442359
4664.035034962129
4793.308274920717
4923.103828595202
5053.376128667991
5184.08096725488
5315.175479953346
5446.618128150658
5578.368679817848
5710.388188978136
5842.638974053742
5975.084595240793
6107.6898310866745
6240.420654389938
6373.244207594298
6506.128777614536
6639.043770628023
6771.959686362859
6904.848092387676
7037.681598315003
7170.433830015211
7303.079403903708
7435.593901357269
7567.953843309408
7700.136665069072
7832.120691401805
7963.885111907855
8095.409956727401
8226.676072599133
8357.66509929483
8488.359446449369
8618.74227080249
8748.797453866078
8878.509580028127
9007.863915102364
9136.846385330555
9265.443556842489
9393.642615577199
9521.431347667307
9648.798120287178
9775.731862964185
9902.222049351582
10028.258679460152
10153.832262345315
10278.93379924533
10403.55476716577
10527.687102904682
10651.323187512453
10774.455831179977
10897.078258548136
11019.184094431614
11140.767349949456
11261.82240905476
11382.344015455663
11502.327259919603
11621.76756795275
11740.660687846426
11859.00267908226
11976.78990108785
12094.019002334586
12210.686909769509
12326.790818572885
12442.328182233377
12557.296702932716
12671.69432223191
12785.519212050976
12898.769765934481
13011.444590595078
13123.542497727596
13235.062496086039
13346.003783816299
13456.36574103735
13566.147922663808
13675.350051462976
13783.972011339614
13892.013840841775
13999.475726881174
14106.357998661862
14212.66112181091
14318.385692705062
14423.53243298753
14528.102184269124
14632.09590300807
14735.51465556314
14838.359613414688
14940.632048548452
15042.333328997052
15143.464914534288
15244.028352517456
15344.025273873016
15443.457389221154
15542.32648513478
15640.634420528742
15738.383123175092
15835.574586340414
15932.210865541248
16028.294075413916
16123.826386694955
16218.810023308648
16313.247259558235
16407.14041741732
16500.49186391836
16593.304008634936
16685.57930125489
16777.32022924115
16868.529315577674
16959.209116597325
17049.362219889394
17138.991242283795
17228.098827909613
17316.68764632546
17404.76039083371
17492.319776276232
17579.3685380927
17665.909430218057
17751.94522366507
17837.47870503817
17922.51267510395
18007.04994741635
18091.093346994778
18174.645709074997
18257.709877818394
18340.288705217063
18422.38504993048
18504.001776207355
18585.141752845848
18665.80785219506
18746.002949196998
18825.72992046717
18904.991643412584
18983.79099538616
19062.130852875787
19140.014090727433
19217.443581400563
19294.42219425522
19370.95279486936
19447.038244385574
19522.681398886074
3.458686588846126
5.619504377319279
8.646362039726416
12.722837260479913
18.037339964985577
24.779482764137143
33.13685534575536
43.29224155274497
55.42128668050446
69.69060091825774
86.25627107851106
105.26274384549139
126.84204053518069
151.11326144470934
178.18233915711141
208.14200223908693
241.07191376568056
277.0389524927201
316.09760802511835
358.2904624487548
403.6487531536237
452.19294841123076
503.93340262208727
558.870995040541
616.997790569384
678.2976969448565
742.7471132984867
810.3155642146551
880.9663146885914
954.6569624845818
1031.3400053201312
1110.9633810778473
1193.470979896901
1278.8031275263434
1366.8970397611179
1457.687248138503
1551.1059973500724
1647.083615049899
1745.548854909522
1846.429213898172
1949.651224860004
2055.1407255208974
2162.8231050969516
2272.623529693703
2384.4671476869808
2498.2792762646977
2613.9855702853547
2731.512174591209
2850.7858608428855
2971.734149958146
3094.285421139546
3218.36900846114
3343.91528592744
3470.8557418716964
3599.1230435133007
3728.6510924473578
3859.3750717937737
3991.231485691152
4124.1581917597405
4258.094427172917
4392.980828839043
4528.7594482590175
4665.373761526333
4802.768674923678
4940.890526534702
5079.687084259126
5219.107540590658
5359.102504489293
5499.623990660442
5640.625406511163
5782.061537063071
5923.888528043665
6066.0638673967205
6208.546365394819
6351.296133583181
6494.274562549359
6637.444299097644
6780.769222414241
6924.214419766107
7067.746161688692
7211.331876797351
7354.940126320132
7498.540578440723
7642.103982531626
7785.602143350027
7929.007895261454
8072.295076549663
8215.43850386528
8358.41394685974
8501.198103046296
8643.768572924695
8786.103835402202
8928.183223539201
9069.98690064432
9211.495836740485
9352.691785420222
9493.557261105881
9634.075516727737
9774.230521830796
9914.006941118776
10053.390113442103
10192.36603123476
10330.921320403473
10469.043220671134
10606.719566375217
10743.938767720658
10880.689792485795
11016.96214817886
11152.745864641895
11288.031477098048
11422.81000963764
11557.072959137931
11690.812279610702
11824.020366971792
11956.69004422587
12088.8145470598
12220.387509837376
12351.40295198827
12481.855264783575
12611.739198490293
12741.049849897141
12869.782650203613
12997.933353264574
13125.498024182369
13252.473028238448
13378.855020156632
13504.640933690065
13629.827971523951
13754.413595486343
13878.395517059083
14001.771688181389
14124.54029233834
14246.699735926972
14368.248639892356
14489.185831626695
14609.510337124035
14729.221373383694
14848.318341055578
14966.800817320423
15084.66854899859
15201.921445880718
15318.559574273955
15434.583150757591
15549.992536141966
15664.788229624699
15778.970863138493
15892.541195884822
16005.500109047947
16117.848600683987
16229.58778077957
16340.718866475263
16451.243177448443
16561.16213145105
16670.477239997323
16779.190104196925
16887.302410729113
16994.815927953452
17101.73250215281
17208.054053904794
17313.782574577253
17418.920122944215
17523.468821918403
17627.430855396622
17730.808465303948
17833.603948281238
17935.819653430885
18037.457979175997
18138.521370723378
18239.01231751521
18338.933350770625
18438.287041114563
18537.075996340973
18635.302859027383
18732.97030465013
18830.08103939281
18926.63779820136
19022.643342879976
19118.10046025623
19213.011960413227
19307.380674986598
19401.20945552407
19494.501171905842
19587.258710823517
19679.484974315747
19771.182878358806
19862.35535151016
19953.005333603396
20043.13577449268
20132.74963284526
20221.849874980297
20310.43947375252
20398.521407479275
20486.098658909388
20573.17421423267
20659.751062128373
20745.832192851645
20831.42059735651
20916.5192664541
21001.131190005173
21085.259356145547
21168.90675054342
3.4954371059069285
5.686202798073307
8.759688896136316
12.905212707309543
18.317792557447238
25.194441107963073
33.73084208669395
44.118456309086945
56.54206849159647
71.17777236094153
88.1913595021079
107.73708947652952
129.95679668915196
154.97929613467235
182.9200479741513
213.88104288900874
247.9508727452541
285.20495418701
325.70587608490393
369.5038450965545
416.6372068237577
467.1330230897225
521.0076886647928
578.2675733143216
638.9096773235858
702.9222906762927
770.2856478382636
840.9725716434481
914.9491011148765
992.1750991990714
1072.604837367461
1156.1875548670555
1242.8679910924557
1332.5868901307667
1425.2814770001603
1520.8859055839614
1619.3316782508027
1720.5480380670208
1824.4623338773476
1931.0003593477645
2040.0866668460508
2151.644857214431
2265.5978465317417
2381.868110996335
2500.377911076138
2621.0494960708265
2743.805290232307
2868.568061532
2995.261074193778
3123.808226020963
3254.134171540013
3386.164431931864
3519.825492680121
3655.04488982094
3791.7512856345024
3929.874534576073
4069.345740180391
4210.097303691635
4352.062965022537
4495.1778367146435
4639.378431465184
4784.602683770874
4930.789966199642
5077.881100766712
5225.818365858705
5374.545499117606
5524.007696673192
5674.1516090663235
5824.925334211192
5976.278407682585
6128.16179063004
6280.527855586836
6433.330370263591
6586.524479949692
6740.06668819043
6893.91483632457
7048.0280818974325
7202.366876132977
7356.892940609361
7511.569243269894
7666.359973890233
7821.230519111645
7976.147437140586
8131.078432205593
8285.992328854149
8440.859046164207
8595.649571938
8750.335936939102
8904.891189227379
9059.28936864103
9213.505481469605
9367.515475356926
9521.296214468795
9674.825454955848
9828.081820738658
9981.044779638305
10133.694619872891
10286.012426937414
10437.9800608818
10589.580133999541
10740.795988937221
10891.61167723318
11042.01193829171
11191.982178797733
11341.508452575184
11490.577440891058
11639.17643320598
11787.293308370869
11934.916516268451
12082.035059897342
12228.63847789575
12374.716827501088
12520.260667941155
12665.261044252044
12809.70947151736
12953.597919523025
13096.918797821438
13239.664941198585
13381.829595537312
13523.406404069801
13664.389394012076
13804.772963573265
13944.551869332088
14083.721213973155
14222.276434375404
14360.21329004504
14497.527851885332
14634.216491295672
14770.2758695921
14905.702927741873
15040.494876404327
15174.649186270712
15308.163578695403
15441.036016611262
15573.264695721813
15704.84803596308
15835.784673228023
15966.073451346665
16095.713414314965
16224.703798765833
16353.044026675627
16480.733698299606
16607.77258533011
16734.160624271164
16859.897910023414
16984.984689673456
17109.42135648173
17233.20844406327
17356.346620755772
17478.83668416946
17600.67955591361
17721.87627649428
17842.4280003785
17962.3359912198
18081.601617296077
18200.226346802403
18318.211743921187
18435.559464369828
18552.271251437134
18668.348932080677
18783.794413218224
18898.60967784869
19012.79678184586
19126.357850363354
19239.295074587295
19351.61070855803
19463.307066100067
19574.386517856576
19684.85148842541
19794.704453593415
19903.947937665835
20012.584510888177
20120.616786957187
20228.047420618375
20334.879105347565
20441.114571113198
20546.756582217648
20651.807935214216
20756.271456898136
20860.15000236869
20963.446453160428
21066.16371544131
21168.3047182754
21269.872411948374
21370.869766353495
21471.29976943635
21571.165425696356
21670.46975474315
21769.21578990629
21867.406576896286
21965.045172515423
22062.13464341689
22158.678064909924
22254.67851981265
22350.13909734225
22445.06289205565
22539.453002824826
22633.312531854004
22726.644583734666
22819.452264537475
22911.73868093992
3.531135745119255
5.751090362398613
8.870107393981826
13.083179356530447
18.59188128629191
25.600593346510355
34.313085568314605
44.929516890033426
57.64386805704404
72.64180470640062
90.09895076718072
110.17954252497172
133.03542759501022
158.8053705885593
187.6146268589982
219.57474690533041
254.78357619342881
293.32541792903754
335.27132938851906
380.67952557697197
429.5958670945859
482.0544120612072
538.0780147156132
597.6789558411865
660.8595924598148
727.6130162811917
797.9237122036493
871.7682097487617
949.1157216923485
1029.9287653459019
1114.1637629684749
1201.7716186562882
1292.6982698014801
1386.885211814902
1484.2699954183015
1584.7866959340383
1688.3663549540297
1794.9373943047008
1904.4260030509097
2016.7564981628561
2131.851659691557
2249.633041392919
2370.0212578134456
2492.9362489007917
2618.2975232299295
2746.0243809616363
2876.036117612339
3008.252209762253
3142.5924837517223
3278.977268421283
3417.3275329084404
3557.565010479282
3699.612309334205
3843.3930112892303
3988.8317591702576
4135.854333783712
4284.387721167538
4434.360170904165
4585.701246162777
4738.341866122759
4892.2143413877075
5047.2524029616325
5203.391225323085
5360.567444097152
5518.719168798676
5677.785991070935
5837.7089888382125
5998.43072675188
6159.895253267998
6322.048094724404
6484.836246546483
6648.208162278147
6812.113740150686
6976.50430783416
7141.332605432939
7306.552766955936
7472.120300449558
7637.992066966493
7804.126258529471
7970.482375235869
8137.021201637218
8303.704782516032
8470.496398172098
8637.360539320493
8804.262881694616
8971.170260439027
9138.050644369208
9304.873110168162
9471.607816582877
9638.22597867798
9804.699842197642
9971.002658082041
10137.108657179517
10302.993025191281
10468.631877881271
10634.002236580118
10799.082004008551
10963.849940442511
11128.285640239244
11292.36950874088
11456.082739569756
11619.407292327276
11782.325870706089
11944.821901023619
12106.879511183162
12268.483510067097
12429.619367365674
12590.273193843215
12750.431722042547
12910.08228742761
13069.212809962777
13227.811776127206
13385.868221361126
13543.371712940912
13700.312333278567
13856.680663641315
14012.467768286035
14167.66517900313
14322.264880063965
14476.259293565789
14629.64126516755
14782.404050210183
14934.541300214249
15086.047049748218
15236.915703660014
15387.142024664765
15536.721121281358
15685.648436110547
15833.919734447156
15981.53109321903
16128.478890245375
16274.759793807107
16420.37075252192
16565.308985516796
16709.571972890753
16853.15744646075
16996.063380783584
17138.287984446935
17279.829691622654
17420.68715387547
17560.85923222053
17700.344989423113
17839.14368253426
17977.254755655722
18114.67783292831
18251.412711782825
18387.45935615404
18522.817890436865
18657.48859306571
18791.471890595443
18924.768351905772
19057.378682677467
19189.303719627318
19320.544425705793
19451.101884721083
19580.97729647311
19710.171971981195
19838.687328865428
19966.52488687712
20093.686263574196
20220.17317013695
20345.987407320255
20471.13086153801
20595.60550107596
20719.413372428942
20842.556596758994
20965.037366470497
21086.857941898907
21208.02064810967
21328.527871803875
21448.382058327494
21567.585708780978
21686.14137722611
21804.05166798734
21921.319233044327
22037.946769513248
22153.937017213953
22269.292756320232
22384.0168050909
22498.11201767885
22611.581282015864
22724.427517770808
22836.65367437882
22948.26272913938
23059.257685380973
23169.641570690437
23279.417435204756
23388.58834996353
23497.157405320057
23605.12770940917
23712.502386670287
23819.284576423503
23925.477431497406
24031.08411690684
24136.107808578923
24240.55169212593
24344.418961663607
24447.71281867306
24550.436470905468
24652.5931313276
24754.186017107244
3.5658226005145277
5.814230687386108
8.977710648448793
13.25686404741137
18.859767659736253
25.998131669896953
34.88379807939171
45.72563782292313
58.72687196738411
74.08281839381291
91.97904828584974
112.5899261737333
136.07750033818553
162.59070723766428
192.26485260978254
225.22133258437847
261.5675599190215
301.3970629191311
344.7897274306118
391.8121552749568
442.5181154803188
496.94906754720694
555.1347387051678
617.093739630581
682.8342053854628
752.3544503979176
825.6436281404331
902.6823877830035
983.4435215179809
1067.8925974874549
1155.9885743135906
1247.6843941443938
1342.9275519094704
1441.6606391450282
1543.821861299046
1649.345527895663
1758.1625153217124
1870.2007023138729
1985.3853784821886
2103.63962640906
2224.8846780258764
2349.0402460928563
2476.024831700914
2605.756008779031
2738.1506866478744
2873.12535164972
3010.5945470606566
3150.4797855853976
3292.6923157237024
3437.150709332376
3583.7723051017197
3732.4750886994148
3883.177817271104
4035.8001310817735
4190.26265321307
4346.447054309254
4504.396249622549
4663.9142298496345
4824.966358534115
4987.479304642913
5151.381110185855
5316.601227059789
5483.070547454705
5650.7214283340145
5819.487710491767
5989.304732647755
6160.109340996107
6331.839894649639
6504.436267179108
6677.8398450128325
6851.993522471184
7026.8416941423
7202.330244717607
7378.4065365718125
7555.01939532648
7732.119093618554
7909.657333278258
8087.587226105061
8265.863273415825
8444.44134452526
8623.278654306272
8802.33373996559
8981.566437159014
9160.937855560203
9340.410353987369
9519.947515183076
9699.514120334159
9879.076123411027
10058.600625398261
10238.055848482045
10417.411110253532
10596.636797981637
10775.704343003646
10954.586195276686
11133.25579812928
11311.687563247233
11489.856845925096
11667.739920610195
11845.313956763473
12022.556995058128
12199.447923934335
12375.966456525939
12552.093107972394
12727.809173127565
12903.09670467456
13077.938491654335
13252.318038414105
13426.219543980033
13599.627881857476
13772.528580260692
13944.907802772937
14116.75232943679
14288.049538273695
14458.787387230916
14628.954396553216
14798.53963157616
14967.532685937203
15135.923665200115
15303.703170888146
15470.862284920577
15637.392554447171
15803.285977074676
15968.534986479213
16133.13243839825
16297.071596995578
16460.346121592593
16622.950053759087
16784.87780475653
16946.124143327
17106.684183820464
17266.55337465349
17425.727487092212
17584.20260435246
17741.975111009833
17899.041682712894
18055.399276192136
18211.04511955801
18365.976702880995
18520.191769064542
18673.68830487415
18826.464532499333
18978.518901054045
19129.850078506468
19280.45694391962
19430.338579410243
19579.49426331809
19727.923462672494
19875.625826313193
20022.601178141194
20168.849510575652
20314.37097821152
20459.165891672088
20603.23471165151
20746.578043141526
20889.196629837723
21031.091348719907
21172.263204802
21312.713326046476
21452.44295843867
21591.4534612165
21729.746302251016
21867.323053573546
22004.185387045058
22140.335070163816
22275.77396200713
22410.5040093033
22544.527242630033
22677.84577273556
22810.461786978824
22942.377545884803
23073.595379814204
23204.11768573658
23333.946924116062
23463.085615894193
23591.536339574275
23719.301728401548
23846.384467637014
23972.787291921726
24098.51298272903
24223.564365902024
24347.94430927363
24471.655720366813
24594.701544172465
24717.084761002578
24838.808384416454
24959.87545921765
25080.28905951954
25200.052286877348
25319.168268484624
25437.64015543213
25555.47112102732
25672.664359172413
25789.22308279926
25905.150522359385
26020.44992436724
26135.124549995257
26249.177673718918
26362.612582010333
26475.43257207884
26587.640950657173
26699.24103283155
3.5995360329823756
5.875685025583379
9.082588964614645
13.42639084424131
19.12161130989368
26.387248611441105
35.44319630094092
46.507043241562044
59.79128695669096
75.5009667267474
93.83170494975504
114.96813396965548
139.08267782316364
166.33465455679956
196.86966314821277
230.81921925010326
268.30060533514313
309.4169029415535
354.257177288233
402.89678731728566
455.39779706575996
511.809467057917
572.1688070671321
636.5011740786679
704.8209015646983
777.1319482509526
853.4285564093768
933.6959113606842
1017.91079532389
1106.0422300258156
1198.0521035858087
1293.8957781531321
1393.522675577962
1496.8768391963213
1603.8974700764911
1714.5194372199126
1828.6737608242192
1946.2880687053903
2067.2870259381993
2191.5927380983494
2319.125128662403
2449.8022912676574
2583.540817644329
2720.256102128871
2859.8626236911946
3002.274206505467
3147.404260062976
3295.165999865763
3445.4726497280426
3598.2376267023565
3753.3747096288944
3910.7981922844647
4070.42302205974
4232.1649251205345
4395.940518870759
4561.667412605014
4729.264297135248
4898.651024160357
5069.74867610623
5242.479627125844
5416.7675959110675
5592.537690937446
5769.716448710336
5948.231865570538
6128.013423574224
6308.992110942856
6491.100437380624
6674.272445088938
6858.443715330373
7043.551371312051
7229.534077573756
7416.332036226882
7603.886980341826
7792.1421647607685
7981.042354592705
8170.533811629304
8360.564278902413
8551.082963587804
8742.040518444352
8933.38902196335
9125.081957389242
9317.074190760484
9509.321948107445
9701.782791933105
9894.415597092466
10087.180526176542
10280.03900449828
10472.953694769301
10665.888471548662
10858.808395537815
11051.67968778909
11244.469703889066
11437.146908172297
11629.680848015727
11822.042128259141
12014.202385792378
12206.13426434602
12397.811389518229
12589.208344066905
12780.30064349299
12971.064711937726
13161.477858413904
13351.518253388382
13541.164905731093
13730.397640043246
13919.197074375634
14107.54459834612
14295.422351663494
14482.813203063743
14669.700729662958
14856.069196730043
15041.903537881306
15227.189335697747
15411.91280276505
15596.06076313538
15779.620634209283
15962.580409035352
16144.92863902458
16326.654417075883
16507.74736110863
16688.1975979978
16867.9957479066
17047.13290901154
17225.6006426142
17403.390958633932
17580.496301475356
17756.909536264528
17932.62393544726
18107.633165743013
18281.931275447823
18455.512682079432
18628.372160369632
18800.504830500213
18971.906146881804
19142.57188697628
19312.498140587428
19481.68129954477
19650.118047068063
19817.8053485857
19984.740441727998
20150.920827118083
20316.344259331512
20481.008738117227
20644.912499873175
20808.054009370364
20970.431951719154
21132.045224571608
21292.892930553837
21452.974369922485
21612.289033439454
21770.83659545918
21928.616907222844
22085.629990354013
22241.876030550287
22397.355371465776
22552.068508779088
22706.016084441868
22859.198881102937
23011.617816703125
23163.273939236195
23314.168421670813
23464.302557031115
23613.677753625532
23762.295530429445
23910.157512607613
24057.265427178176
24203.621098812284
24349.226445765813
24494.083475939246
24638.19428306215
24781.561042998586
24924.18601017002
25066.071514092095
25207.219956022403
25347.633805715494
25487.315598282257
25626.267931150753
25764.49346112506
25901.994901539754
26038.775019506826
26174.83663325244
26310.18260954092
26444.815861183244
26578.73934462761
26711.956057629606
26844.469036999577
26976.28135642493
27107.396124365034
27237.81648201667
27367.545601347734
27496.58668319727
27624.942955439812
27752.617671211934
27879.614107199413
28005.935561982842
28131.58535444011
28256.56682220402
28380.883320173256
28504.538219075097
28627.534904078435
28749.87677345528
3.6323127390143766
5.935512321882369
9.184829836471177
13.591880904365551
19.37756962678549
26.76813631444926
35.991500044722486
47.27396641402734
60.837336999876165
76.89643186441371
95.65701779230999
117.31412296074986
142.05071021082497
170.03667665756743
201.42814516415095
236.3670128926755
274.98072308850476
317.3822280403915
363.670113462711
413.92885713180266
468.229197301991
526.6285891098469
589.1717297626824
655.8911357479536
726.8077575619932
801.9316195234389
881.2624741045602
964.7904618853127
1052.496769717463
1144.3542809957269
1240.3282130728046
1340.3767378408993
1444.4515824427135
1552.4986075346783
1664.4583617058531
1780.2666105052758
1899.854839529293
2023.1507311224636
2150.0786146377195
2280.559890448003
2414.5134281105475
2551.8559392505076
2692.5023258742813
2836.3660048903475
2983.357482606369
3133.393270083653
3286.378870411274
3442.2262887407196
3600.845616221816
3762.146958745313
3926.0406215052953
4092.4372774683875
4261.248120731157
4432.385005621229
4605.760572469197
4781.288360882074
4958.882911336081
5138.459855867784
5319.935998605722
5503.229386854429
5688.259373389683
5874.9466706117255
6063.213397158852
6252.983117561849
6444.180875323306
6636.733220322016
6830.568230486089
7025.615528568618
7221.806294287502
7419.073272243253
7617.35077597819
7816.574688516384
8016.682459700986
8217.61310062413
8419.307175423997
8621.706790704819
8824.75558281712
9028.398703218689
9232.582802120893
9437.256010609413
9642.367921415149
9847.869568497055
10053.713405586781
10259.853283833318
10466.244428674905
10672.843416055417
10879.608148093077
11086.49782830037
11293.472936446025
11500.495203142116
11707.5275842323
11914.534235050607
12121.480484613909
12328.332809805728
12535.058809603466
12741.62717939633
12948.007685436738
13154.171139463633
13360.089373532232
13565.73521508123
13771.082462264949
13976.105859575033
14180.781073773162
14385.084670154
14588.994089154763
14792.487623325798
14995.544394674538
15198.144332393094
15400.26815097826
15601.897328750945
15803.014086780651
16003.60136821931
16203.642818047532
16403.12276323529
16602.026193317895
16800.338741387444
16998.046665498816
17195.136830488842
17391.596690206294
17587.414270149966
17782.578150511483
17977.077449618915
18170.90180777701
18364.041371499283
18556.48677812705
18748.229140829942
18939.260033955932
19129.571478854446
19319.15592991683
19508.006261064023
19696.115752723814
19883.478078415596
20070.087293076976
20255.93782038708
20441.024441050504
20625.34228127994
20808.886801591365
20991.653785905168
21173.639330946586
21354.839835938852
21535.251992582576
21714.872775314652
21893.699431840592
22071.729473933465
22248.960668493557
22425.391028862115
22601.01880638333
22775.842482208285
22949.86075933499
23123.072554878487
23295.476992565393
23467.073395447052
23637.72417457331
23807.84034338812
23977.01046854188
24145.371705947666
24312.924273243985
24479.668547958117
24645.60506159878
24810.734493925556
24975.0576673903
25138.575541745835
25301.28920881746
25463.19988743282
25624.308918505696
25784.61776026951
25944.12798365646
26102.841267818185
26260.759395783953
26417.88425025264
26574.217809514674
26729.76214350024
26884.51940995027
27038.49185070665
27191.68178811832
27344.09162155983
27495.72382405943
27646.58093903309
27796.665577121847
27945.980413129284
28094.528183056194
28242.311681229843
28389.33375752478
28535.59731467281
28681.105305659363
28825.86073120381
28969.86663732118
29113.12611296303
29255.642287735005
29397.41832968895
29538.457443187202
29678.762866837234
29818.33787149412
29957.18575832933
30095.309856963417
30232.71352366101
30369.40013958614
30505.373109116055
30640.635858211866
30775.191832844313
30909.04449747287
3.664187819020379
5.993769275656054
9.28451796270996
13.753452382421873
19.627797457830116
27.14098590498211
36.52893115013708
48.02664769088429
61.86526072302558
78.26942119377722
97.45512312111047
119.62790739475018
144.98142700603043
173.69634361368907
205.93952256177718
241.86349266062422
281.6061375713703
325.2905870792778
373.0252785734828
424.90416142312756
481.00701947480997
541.3998894614999
606.135555620988
675.254103211711
748.7835158485314
826.7403036393121
909.1301509768065
995.948574527219
1087.1815834669237
1182.8063353505545
1282.7917821753867
1387.0993022298717
1495.6833142155745
1608.491870899256
1725.467230220153
1846.5464023438421
1971.661671637556
2100.741092946845
2233.708961895516
2370.4862592126315
2510.991069323083
2655.1389736250617
2802.843419044164
2954.016062530173
3108.567092323464
3266.4055268202146
3427.4394919524375
3591.5764780186246
3758.7235769205904
3928.7877007707743
4101.675782814162
4277.294961652407
4455.55274964523
4636.357186441378
4819.616978503577
5005.241625483923
5193.141534271785
5383.22812150264
5575.413905289718
5769.612586880562
5965.73912295722
6163.709789200921
6363.442235788214
6564.855535226363
6767.870223506627
6972.408334540045
7178.393428780057
7385.750616332634
7594.406575015647
7804.289563775711
8015.329431845205
8227.45762399791
8440.60718223828
8654.712744237755
8869.710538810217
9085.53837869942
9302.135650932212
9519.443304973986
9737.40383890626
9955.9612838304
10175.061186687206
10394.650591667938
10614.678020379652
10835.093450915432
11055.848295968783
11276.89538012085
11498.18891641893
11719.684482355817
11941.338995350312
12163.11068782162
12384.959081942334
12606.844964147878
12828.730359473615
13050.578505784686
13272.353827958003
13494.021912070308
13715.549479641566
13936.904361978119
14158.055474655912
14378.9727921801
14599.627322853701
14819.991083884594
15040.037076756915
15259.739262890225
15479.07253960688
15698.012716425706
15916.536491697803
16134.621429598177
16352.245937484857
16569.389243635575
16786.03137537021
17002.153137565932
17217.73609157039
17432.762534517155
17647.215479046412
17861.07863343295
18074.336382122237
18286.973766675004
18498.976467119355
18710.33078370931
18921.023619070835
19131.04246080036
19340.37536442312
19549.01093672346
19756.93831966101
19964.147173928024
20170.627664276344
20376.370443905613
20581.36663984455
20785.60783858053
20989.086072049144
21191.793803977678
21393.72391657673
21594.869697573624
21795.22482758157
21994.78336779803
22193.539748026196
22391.48875501309
22588.62552109782
22784.945513163682
22980.44452188773
23175.11865128126
23368.964308515126
23561.97819402331
23754.15729187868
23945.498860434527
24136.0004232266
24325.65976012693
24514.47489874795
24702.444106086336
24889.56588040369
25075.838943337174
25261.262232234614
25445.834892708644
25629.556271404184
25812.425908974037
25994.443533257243
26175.609052655014
26355.922549699157
26535.384274808024
26713.994640225046
26891.754214135093
27068.663714953957
27244.724005786436
27419.93608904837
27594.301101248424
27767.82030792517
27940.49509873541
28112.32698268951
28283.31758352978
28453.468635248137
28622.781977738898
28791.259552583386
28958.903398962397
29125.715649693124
29291.698527387
29456.854340725313
29621.18548084885
29784.694417858896
29947.383697426085
30109.255937504186
30270.313825145924
30430.560113417778
30589.997618411213
30748.629216347173
30906.457840771738
31063.486479839812
31219.71817368462
31375.156011870524
31529.803130926623
31683.662711958983
31836.73797833911
31989.032193466443
32140.548658602864
32291.290710777044
32441.261720756454
32590.46509108541
32738.90425418693
32886.582670526564
33033.503826836575
33179.671234398586
3.6951948447026997
6.050510406681507
9.381735274952025
13.911220365323704
19.87244686411703
27.50598695784287
37.055712521996426
48.76533295356768
62.87530908297568
79.62016404921238
99.22619208240573
121.90955293778732
147.87472975255005
177.31332247588068
210.4031456677854
247.3075981728703
288.17527229158543
333.13977117314386
382.3197049087802
435.8188379566388
493.726362895594
556.1172779449595
623.0528481056331
694.5811321085238
770.7375595555923
851.5455446808868
937.0171250316272
1027.1536150664017
1121.946266196433
1221.376926153553
1325.4186917650648
1434.0365503569124
1547.1880056571588
1664.8236854261324
1786.887928055085
1913.3193465205838
2044.0513683210359
2179.0127505365754
2318.128069510828
2461.318184961529
2608.500678580882
2759.5902674112895
2914.4991924132814
3073.1375828440932
3235.4137971124273
3401.2347408933265
3570.5061633379964
3743.1329322588585
3919.0192892011873
4098.069085311677
4280.1859989734985
4465.273736079247
4653.236213901392
4843.977729441777
5037.4031131415795
5233.41786880531
5431.928300563818
5632.841627678935
5836.066087935566
6041.511030386373
6249.086998145169
6458.705801751643
6670.280584141143
6883.72587729239
7098.957651516117
7315.893357771773
7534.451963548219
7754.553982790339
7976.121500325559
8199.078191217457
8423.349335447801
8648.861828303907
8875.54418682451
9103.326552635226
9332.140691483102
9561.919989759961
9792.599448284715
10024.115673597018
10256.406866997466
10489.412811553208
10723.074857273015
10957.33590464106
11192.140386685505
11427.434249745154
11663.164933085585
11899.281347504964
12135.733853059184
12372.474236026379
12609.455685221339
12846.632767762076
13083.961404382448
13321.398844377456
13558.903640260625
13796.435622206463
14033.955872344866
14271.426698968391
14508.811610708495
14746.075290731358
14983.18357099972
15220.103406642624
15456.802850471184
15693.25102767463
15929.418110727533
16165.275294536043
16400.79477184783
16635.949708947803
16870.71422165921
17105.0633516673
17338.973043180584
17572.420119942843
17805.382262607007
18037.837986480637
18269.76661965074
18501.148281494876
18731.963861583376
18962.194998977066
19191.824061871477
19420.834127864153
19649.20896424893
19876.93300918249
20103.99135234438
20330.369717511134
20556.05444411016
20781.03246983906
21005.291313550944
21228.81905852866
21451.604336144082
21673.636309898367
21894.9046598385
22115.399567345423
22335.111700288595
22554.032198541743
22772.15265985434
22989.465126073057
23205.962069707562
23421.63638083466
23636.48135433477
23850.490677454796
24063.658417691127
24275.979010986746
24487.447250236168
24698.058274092018
24907.807556067106
25116.690893925894
25324.70439935895
25531.84448793454
25738.107869321193
25943.49153777506
26147.99276288639
26351.60908057885
26554.33828435626
26756.178416790495
26957.127761245298
27157.18483383005
27356.34837557825
27554.617344844948
27751.990909917968
27948.468441837722
28144.049507420117
28338.733862477857
28532.52144523482
28725.41236992877
28917.406920597612
29108.50554504439
29298.708848976486
29488.017590314437
29676.432673666055
29863.95514496132
30050.58618624407
30236.32711061611
30421.1793573298
30605.1444870252
30788.224177107797
30970.42021726308
31151.734505104338
31332.16904194993
31511.725928726708
31690.40736199589
31868.215630098366
32045.153109415845
32221.222260744857
32396.42562578048
32570.765823706624
32744.245547890132
32916.8675626756
33088.634700278286
33259.54985777226
33429.615994171094
33598.83612759883
33767.213332547995
33934.75073722311
34101.45152096647
34267.31891176441
34432.35618383149
34596.566655270566
34759.953685806424
34922.52067459101
35084.27105807818
35245.20830796587
35405.335929204106
35564.657458066446
3.725365925090369
6.105788123640647
9.47656098318672
14.065296833275566
20.11166692585415
27.863327044498075
37.57206729351439
49.49027224203587
63.86774329047932
80.94890874902407
100.97042662278179
124.15917137437609
150.7305852942791
180.88736893478176
214.81848116190702
252.69841761535707
294.68673607308483
340.9277957331593
391.55069682982963
446.66934616497934
506.3827018500642
570.7750959537372
639.9166615956622
713.863830527561
792.6598873305514
876.335566135642
964.9096776378602
1058.3897558795256
1156.772715813771
1260.045514045983
1368.1858063753086
1481.1625968535707
1598.9368740307373
1721.462230897071
1848.6854657590989
1980.5471619180514
2116.9822445600344
2257.920513732714
2403.287152676855
2553.003211112733
2706.9860633734993
2865.149841473587
3027.405843449256
3193.66291740945
3363.8278218911278
3537.805563201935
3715.499710510121
3896.8126895000423
4081.6460554344562
4269.900746545021
4461.477318590707
4656.2761615282625
4854.197699172752
5055.1425727370015
5259.0118091189715
5465.706974791887
5675.1303161111255
5887.184886848861
6101.774663729771
6318.804650724278
6538.180972654481
6759.8109592062665
6983.60321944828
7209.467707881722
7437.315782449374
7667.060255087705
7898.61543535032
8131.897167602401
8366.822862258097
8603.311521506066
8841.283759942427
9080.661820505895
9321.369586085882
9563.332587151972
9806.478005731278
10050.734676040007
10296.033082055612
10542.305352297672
10789.485252067967
11037.5081733835
11286.311122820709
11535.832707474023
11786.013119218149
12036.794117450114
12288.119010474758
12539.932635685691
12792.181338682696
13044.8129514563
13297.77676976056
13551.02352978598
13804.505384236061
14058.175877902962
14311.989922830275
14565.903773143995
14819.874999626372
15073.86246410085
15327.82629369115
15581.727855011799
15835.529728342757
16089.195681836003
16342.690645797808
16595.980687086274
16849.032983660123
17101.815799311204
17354.298458610006
17606.451322090536
17858.245761697937
18109.65413652007
18360.649768821382
18611.206920395798
18861.300769252684
19110.907386613977
19360.00371440269
19608.567542902107
19856.5774889105
20104.012974449084
20350.85420490253
20597.082149359783
20842.678519622787
21087.625750427665
21331.906979905158
21575.506030436034
21818.407389900814
22060.59619332295
22302.058204903326
22542.779800444125
22782.747950159133
23021.950201867185
23260.374664565254
23498.009992377076
23734.84536887303
23970.870491756734
24206.075557913446
24440.451248815298
24673.988716277676
24906.679568562697
25138.515856821887
25369.490061874825
25599.595081316416
25828.824216947607
26057.171162523526
26284.629991812937
26511.195146963302
26736.86142716531
26961.623977610947
27185.478278738967
27408.42013576213
27630.445668469878
27851.551301300875
28071.733753679306
28290.990030609373
28509.31741352192
28726.713451367803
28943.1759519522
29158.70297350436
29373.292816477257
29586.94401557176
29799.655331980077
30011.42574584313
30222.254448916676
30432.14083744118
30641.084505210405
30849.08523683387
31056.143001188237
31262.25794505307
31467.43038692619
31671.660811014237
31874.949861393772
32077.298336338852
32278.707182810456
32479.177491103943
32678.71048965019
32877.30753996649
33074.97013175336
33271.69987813336
33467.498511028025
33662.36787666987
33856.309931244905
34049.32673666308
34241.42045645279
34432.59335177619
34622.84777756215
34812.18617875356
35000.611086666
35188.12511545472
35374.73095868703
35560.43138601702
35745.22923996016
35929.127432764784
36112.12894337783
36294.23681450241
36475.45414974449
36655.784110846216
36835.22991500366
37013.79483226666
37191.48218301803
37368.295335530594
37544.23770359934
37719.31274424687
37893.52395550003
38066.87487423561
3.75473177093137
6.159652794203718
9.569071617986193
14.215790642748184
20.345603590326956
28.213191352941866
38.078218100520445
50.201718543183006
64.84283295361881
82.25591992066052
102.68805581512285
126.37691575227105
153.54901956365612
184.41831959174965
219.18510269040928
258.03517658606114
301.139310055959
348.6528967936431
400.7158140185741
457.45244858217467
518.9718653285004
585.3680946322374
656.7205182519152
733.0943348236674
814.541088426183
901.0992456366231
992.7948083467068
1089.6419513118371
1191.643674951305
1298.7924653065338
1411.0709543926441
1528.4525750288894
1650.9022057391833
1778.3768015314733
1910.8260076411134
2048.1927537223046
2190.4138266174436
2337.4204203154677
2489.138662130963
2645.490114491323
2806.3922520371902
2971.758913950608
3141.500731707873
3315.5255325599246
3493.7387192239503
3676.0436263711267
3862.3418545892555
4052.5335825499815
4246.517858218118
4444.192869877301
4645.456197872927
4850.205047921411
5058.3364668603035
5269.747541705515
5484.335582877788
5701.998292427975
5922.633918094698
6146.141393995866
6372.420468744025
6601.37182157305
6832.897167619438
7066.8993524862235
7303.2824371671395
7541.951773799221
7782.814072872858
8025.777462472434
8270.751540091866
8517.647417541139
8766.377759432757
9016.856815710229
9269.000448655106
9522.726154784395
9777.953082026146
10034.602042538467
10292.595521515068
10551.85768229991
10812.314368113291
11073.893100673104
11336.523075976866
11600.135157492989
11864.661866993833
12130.037373247495
12396.197478771082
12663.079604834382
12930.622774889956
13198.767596593703
13467.456242568238
13736.63243005083
14006.241399557464
14276.229892685056
14546.546129164919
14817.13978327216
15087.96195968785
15358.965168903404
15630.103302249792
15901.33160662747
16172.606659007286
16443.886340766534
16715.12981191933
16986.2974852954
17257.351000716866
17528.253199218212
17798.968097350684
18069.460861608546
18339.69778301139
18609.646251872946
18879.274732784594
19148.552739801475
19417.45081203266
19685.940489309
19953.994288276663
20221.585678994776
20488.68906083797
20755.27974068638
21021.333909615318
21286.828620824286
21551.741767766598
21816.052062652532
22079.73901533108
22342.782912553965
22605.16479762481
22866.866450435526
23127.87036789071
23388.159744720764
23647.71845468286
23906.531032149192
24164.582654080554
24421.859122383223
24678.20213365344
24934.03282725855
25188.90463889448
25442.9504143775
25696.158828904332
25948.51908463331
26200.020895629725
26450.654473163504
26700.410511354323
26949.280173159048
27197.255076695885
27444.327281900216
27690.489277506134
27935.733968348362
28180.05466297875
28423.44506159163
28665.899244252305
28907.41165942273
29147.977112778877
29387.59075631365
29626.248077719916
29863.944890047474
30100.677321628787
30336.44180626718
30571.23507368232
30805.05414020717
31037.896299730837
31269.75911488202
31500.64040844739
31730.53825501973
31959.45097287056
32187.37711604181
32414.31546665174
32640.265027409776
32865.22501433543
33089.19484967641
33312.174155021065
33534.16274460039
33755.160618775204
33975.16795770354
34194.18511518417
34412.212612671705
34629.25113345891
34845.30151702225
35060.36475352626
35274.44197848291
35487.534467562036
35699.643631548744
35910.77101144429
36120.91827370637
36330.08720562581
36538.27971083522
36745.49780494717
36951.74361131764
37157.01935693197
37361.3273684099
37564.67006812658
37767.04997044642
37968.46967806692
38168.931878469324
38368.4393404735
38566.99491089411
38764.60151129529
38961.26213483751
39156.97984323673
39351.757763776826
39545.5990864475
39738.50706114987
39930.48499498914
40121.536249648845
40311.664238844
40500.87242585134
40689.16432111425
3.783321757219178
6.212152815880305
9.659341091667148
14.362807527897354
20.57439955653864
28.555762370669548
38.57438645441647
50.89992670839354
65.80085442024958
83.5414760887715
104.37933251869347
128.5629759380722
156.3301118602346
187.9060847988441
223.50268212393638
263.31722765181587
307.5319354642715
356.31349452409177
409.8128555536266
468.16519310293205
531.4900175509466
599.8914137996459
673.4583855236546
752.2652859427176
836.372318132222
925.8260898383744
1020.6602095969795
1120.8959126451439
1226.5427066717875
1337.5990288451521
1454.052906917555
1575.882618032228
1703.0573404795607
1835.537793779025
1973.276863857182
2116.2202104743264
2264.306854736493
2417.469745036197
2575.6363002088633
2738.7289290876415
2906.6655259974955
3079.35994148407
3256.7224297868006
3438.660070706062
3625.077168769769
3815.8756286516773
4010.955307921867
4210.214347767191
4413.54948235136
4620.85632763868
4832.02965047139
5046.963618734146
5265.552033445931
5487.688543628479
5713.2668447785345
5942.180861784678
6174.324917132512
6409.593885018971
6647.883332559957
6889.089648318486
7133.110159260572
7379.843236688385
7629.1883918462545
7881.046361842587
8135.31918650257
8391.910276738421
8650.724474996048
8911.668108309363
9174.649034466835
9439.576681768394
9706.362082825442
9974.917902832081
10245.158462711655
10516.999757520201
10790.359470465817
11065.156982882549
11341.31338047672
11618.75145614456
11897.395709641967
12177.172344369164
12458.00926151718
12739.836051806813
13022.583985036084
13306.185997638104
13590.576678437828
13875.6922527837
14161.470565218104
14447.851060839599
14734.774765499065
15022.18426496209
15310.023683160573
15598.238659647503
15886.776326360921
16175.585283795006
16464.61557666908
16753.81866917837
17043.14741990419
17332.5560564548
17622.000149902946
17911.436589080637
18200.823554786723
18490.120493958515
18779.288093853876
19068.288256286993
19357.084071890804
19645.639794788935
19933.920816953614
20221.89364335005
20509.525866149765
20796.7861410919
21083.64416231972
21370.07063834031
21656.03726812179
21941.516717502072
22226.48259592234
22510.909433496658
22794.7726584277
23078.048574776953
23360.7143405967
23642.747946429543
23924.128194180255
24204.83467636393
24484.847755732793
24764.148545284123
25042.71888864984
25320.54134086858
25597.599149539554
25873.8762363576
26149.35717902771
26424.027193557093
26697.872116922354
26970.878390108795
27243.033041518738
27514.32367074509
27784.738432706366
28054.266022138967
28322.895658442223
28590.617070871664
28857.42048407569
29123.29660397058
29388.236603948826
29652.2321114155
29915.275194647278
30177.358349968803
30438.474489240893
30698.616927654853
30957.779371827695
31215.95590819227
31473.14099167709
31729.329434669777
31984.51639625904
32238.697371749215
32491.86818244188
32744.02496567925
32995.16416514347
33245.28252140664
33494.37706272623
33742.44509608006
33989.484198436265
34235.49220825245
34480.467217199104
34724.40756210213
34967.31181709964
35209.17878600772
35450.007494890655
35689.797184830575
35928.54730489197
36166.2575052763
36402.92763066229
36638.55771372721
36873.14796884516
37106.698785957415
37339.210724611425
37570.68450816343
37801.121018141406
38030.52128876385
38258.88650161076
38486.217980442845
38712.51718616538
38937.78571193286
39162.02527839104
39385.23772904888
39607.42502580009
39828.58924453377
40048.732570906315
40267.85729621524
40485.96581339442
40703.06061312329
40919.144280047825
41134.21948910973
41348.28900198148
41561.35566360413
41773.42239882516
41984.4922091341
42194.56816949284
42403.65342525847
42611.75118919597
42818.864738587145
43024.997412382174
43230.15260851842
43434.33378123629
3.8111639836938425
6.263334686973792
9.7474407589755
14.506450117393813
20.79819419145009
28.89121962294917
39.06079220271818
51.5851525734591
66.74208930020401
84.80586750243452
106.04453034534954
130.71757455172462
159.07398958442124
191.35064203097969
227.7709814220769
268.5440405805052
313.86370210828284
363.90820235155746
418.83984479499577
478.8048960585637
543.9336392926394
614.3405616300556
690.124654337133
771.3698063215206
858.1452736382828
950.506209543962
1048.494241454424
1152.1380828413935
1261.4541696536578
1376.4473122673185
1497.111355247468
1623.4298383598289
1755.3766533003393
1892.916691527575
2036.006479391232
2184.594797462986
2338.6232815983963
2498.0270037994023
2662.735031428968
2832.670963700253
3007.753444764029
3187.896652962984
3373.010766100942
3563.0024027765357
3757.7750400101672
3957.2294075177624
4161.263859166209
4369.774722129917
4582.656624456292
4799.802801735084
5021.105383632754
5246.455661078189
5475.744334911985
5708.861746796327
5945.69809323391
6186.14362350557
6430.088822185497
6677.424577416941
6928.042335197273
7181.834240807753
7438.693267965833
7698.513336428352
7961.189418724207
8226.61763666875
8494.69534828534
8765.321225732816
9038.395324810503
9313.819146585918
9591.495691663938
9871.329507590559
10153.226729859098
10437.095116962411
10722.844079910787
11010.384706612596
11299.629781492298
11590.493800699744
11882.892983243823
12176.745278364444
12471.970369438157
12768.489674694676
13066.226345005212
13365.10525898693
13665.053015652851
13965.997924821913
14267.869995490288
14570.600922351809
14874.124070643295
15178.37445947881
15483.288743825819
15788.8051952661
16094.863681674078
16401.405645936524
16708.37408382844
17015.71352115202
17323.369990238025
17631.291005901207
17939.425540935234
18247.724001225863
18556.13820055511
18864.621335163763
19173.12795809836
19481.613953568256
19790.03651105769
20098.3540996877
20406.526441732123
20714.51448781454
21022.280390683394
21329.78747983009
21637.00023613876
21943.88426672765
22250.406280006937
22556.534060975708
22862.236446778395
23167.483302538745
23472.245497487424
23776.494881397673
24080.204261341536
24383.347378777602
24685.898886979863
24987.834328815774
25289.130114880438
25589.7635019926
25889.712572057066
26188.956211297373
26487.47408986115
26785.24664180027
27082.2550454269
27378.481204045765
27673.907727062415
27968.5179114668
28262.295723690408
28555.22578183565
28847.293338274565
29138.484262614667
29428.785025028425
29718.1826799432
30006.66485008776
30294.219710891597
30580.835975232545
30866.502878528507
31151.210164168537
31434.948069278602
31717.707310816917
31999.4790719941
32280.254989012818
32560.027138121597
32838.7880229779
33116.530562314656
33393.2480779053
33668.9342828214
33943.58326997809
34217.18950096121
34489.747795131225
34761.253318998206
35031.70157586259
35301.08839571647
35569.409925399596
35836.66261900544
36102.843228531594
36367.9487947695
36631.97663842814
36894.9243514869
37156.78978877242
37417.571059754315
37677.26652055498
37935.874766168854
38193.394622885884
38449.825140914996
38705.16558720257
38959.41543844162
39212.57437426706
39464.64227063274
39715.61919336598
39965.50539189092
40214.30129314162
40462.00749559958
40708.62476353216
40954.15402136811
41198.59634823048
41441.95297261866
41684.22526723625
41925.414743960995
42165.52304895327
42404.551957899595
42642.50337138788
42879.37931041102
43115.18191199568
43349.913424961516
43583.57620575658
43816.172714493354
44047.70551101342
44278.17725110392
44507.59068281282
44735.94864286844
44963.25405320075
45189.509917561634
45414.71931824168
45638.885412880685
45862.01143136993
46084.10067284329
46305.15650275526
3.8382853332097207
6.313243077102132
9.833439483017264
14.646817964048369
21.017123473324
29.219739459487332
39.53765306723707
52.25765205011851
67.66682314976828
86.04939417988315
107.6839409060552
132.84096325023177
161.78082339344098
194.75202975496194
231.98984506826034
273.7151932126786
320.1338375874067
371.4358032111885
427.7950150549168
489.36912609604815
556.2995100079966
628.7113951018189
706.7141179963335
790.4014774127115
879.8521704030093
975.1302951835278
1076.2859065126843
1183.3556112217668
1296.3631930360775
1415.3202573268645
1540.2268874451854
1671.0723060116245
1807.8355348946918
1950.4860490990723
2098.9844203420985
2253.282946910913
2413.326267030101
2579.0519535337007
2750.3910881434094
2927.2688140408136
3109.6048658564723
3297.3140764522427
3490.3068601787945
3688.489672510592
3891.7654461325365
4100.034003780651
4313.192448154626
4531.135529447665
4753.755991052491
4980.944894095117
5212.591921496003
5448.585662302745
5688.813877048173
5933.163744927799
6181.522093617237
6433.775612344552
6689.811049419955
6949.515394470622
7212.776046531602
7479.480968589564
7749.518829332113
8022.779132809106
8299.152336689418
8578.52995977227
8860.804679387198
9145.87041929135
9433.622428647062
9723.957352636979
10016.773295248524
10311.969874734512
10609.44827223174
10909.111273995764
11210.86330768597
11514.610473113029
11820.260567838115
12127.723107992526
12436.909344665663
12747.732276189763
13060.106656631046
13373.949000778692
13689.1775859063
14005.712450563658
14323.475390641306
14642.389952935402
14962.381426426424
15283.376831471622
15605.304907098716
15928.096096576057
16251.682531423228
16575.99801401532
16900.977998923823
17226.559573127546
17552.681435217986
17879.28387371482
18206.308744599515
18533.699448166924
18861.400905288217
19189.35953313412
19517.523220612402
19845.8413032796
20174.264538253352
20502.745077992746
20831.236445632436
21159.6935086039
21488.07245295232
21816.330757505115
22144.42716807335
22472.321671724363
22799.97547116044
23127.35095923561
23454.411693639348
23781.12237177385
24107.448805848308
24433.357898212107
24758.81761694596
25083.796971728432
25408.265989993317
25732.19569339142
26055.558074568868
26378.326074272576
26700.473558791782
27021.975297743807
27342.80694221033
27662.945003230045
27982.36683065202
28301.050592353207
28618.975253823133
28936.120558117287
29252.467006180483
29567.995837540726
29882.689011373208
30196.52918793395
30509.499710361513
30821.584586845274
31132.768473158096
31443.036655550524
31752.37503400391
32060.770105839103
32368.20894967703
32674.679209747545
32980.16908054247
33284.66729180841
33588.16309387516
33890.64624331506
34192.10698892838
34492.53605805017
34791.92464317339
35090.26438888353
35387.54737909933
35683.766124614645
35978.9135509363
36272.98298641242
36565.968150646266
36857.863143190196
37148.66243251445
37438.36084524564
37726.953555669344
38014.43607549214
38300.804243857456
38586.05421761001
38870.18246180432
39153.185740451256
39435.06110749869
39715.805898040184
39995.417719747784
40273.894444519196
40551.234200359344
40827.4353634311
41102.49655035017
41376.41661066034
41649.194619508125
41920.82987050838
42191.32186879644
42460.67032426263
42728.87514496473
42995.936430714384
43261.854466833145
43526.629718074444
43790.26282270725
44052.7545867668
44314.105978414394
44574.31812253692
44833.392295404636
45091.329919516094
45348.13255857385
45603.80191259674
45858.33981316481
46111.74821879394
46364.029210437046
46615.184987108296
46865.217861627534
47114.13025648219
47361.924699802956
47608.60382145117
47854.17034921452
48098.6271051087
48341.97700178208
48584.223039020704
48825.368300351554
49065.41594974087
49304.36922838563
3.8647115279040145
6.361920897032295
9.917403704147905
14.784007584992327
21.231319958333238
29.5414948833888
40.00518425102812
52.91768046221349
68.57534430257428
87.27236415091507
109.29787131390631
134.93341933298598
164.45082274860488
198.11034176191203
236.15919303996702
278.830362937281
326.3416948808843
378.8952399661709
436.6767960297137
499.85568884282156
568.5846907457849
643.0001012213997
723.2219518163995
809.3543178723439
901.4857190859207
999.6895927252846
1104.0248250606455
1214.536328213484
1331.2556511567295
1454.2016150208713
1583.3809641533799
1718.7890255610687
1860.4103704296267
2008.219472369276
2162.18135788957
2322.252245363339
2488.3801694075946
2660.5055882104825
2838.561971813885
3022.476369865981
3212.1699576958104
3407.558559927667
3608.5531511326835
3815.0603332648398
4026.9827898205467
4244.219716891409
4466.667231329701
4694.21875646855
4926.765385874441
5164.196225709657
5406.398716347613
5653.258933914825
5904.661872491221
6160.4917077434975
6420.632042574933
6684.966135972254
6953.377115290279
7225.7481731220605
7501.962749359226
7781.904699207932
8065.458447885563
8352.509132704366
8642.942733227908
8936.646190163972
9233.507513634442
9533.415881438992
9836.261727904926
10141.93682389102
10450.334348488788
10761.348952940209
11074.876817266708
11390.815700080962
11709.064982029431
12029.525703291674
12352.100595539825
12676.694108741254
13003.212433166358
13331.563516943985
13661.657079488126
13993.404621101019
14326.71942904083
14661.516580325018
14997.712941524882
15335.227165791446
15673.979687338531
16013.892713595082
16354.890215225627
16696.897914205736
17039.84327012711
17383.65546489616
17728.265385979328
18073.605608338294
18419.610375188844
18766.215577708466
19113.358733809087
19460.978966005987
19809.016978893913
20157.4150356252
20506.11693340548
20855.06798001584
21204.214968424298
21553.506151797847
21902.89121812913
22252.321264670154
22601.7487722282
22951.127579374723
23300.412856614326
23649.56108055663
23998.530008130845
24347.278650879256
24695.76724936264
25043.957247708153
25391.81126832704
25739.293086827434
26086.36760714474
26433.000836910192
26779.15986307614
27124.81282781436
27469.928904702385
27814.478275210768
28158.43210550299
28501.762523557976
28844.442596624125
29186.446309012394
29527.748540234843
29868.32504349389
30208.152424526874
30547.208120809137
30885.470381118485
31222.918245462657
31559.531525371134
31895.290784551667
32230.177319911458
32564.1731429423
32897.26096146858
33229.424161756324
33560.64679098157
33890.913540055226
34220.20972680197
34548.52127948997
34875.83472070798
35202.13715158626
35527.4162363575
35851.66018725353
36174.857749733856
36496.99818804112
36818.071271079614
37138.067258611554
37456.97688776684
37774.791359860974
38091.50232751682
38407.101882084484
38721.58254135502
39034.93723756238
39347.15930566867
39658.24247192773
39968.180842721806
40276.968893666126
40584.60145897657
40891.07372109059
41196.381200563046
41500.519746166145
41803.4855252753
42105.27501447147
42405.88499038061
42705.3125207414
43003.55495569584
43300.6099192988
43596.47530124099
43891.14924878138
44184.63015888413
44476.9166705647
44768.007657386515
45057.90222023838
45346.59968021022
45634.09957169547
45920.401635663315
46205.505813105345
46489.41223865283
46772.1212343603
47053.633303651644
47333.949125425366
47613.069548314445
47890.99558509789
48167.728407259754
48443.26933969277
48717.61985554241
48990.781571188505
49262.75624136086
49533.545754385865
49803.152127560315
50071.577502650296
50338.82414151103
50604.89442182545
50869.79083295827
51133.51597192275
51396.0725394573
51657.46333620928
51917.69125902325
52176.75929733121
52434.67052964192
3.8904671831340085
6.4094093664424125
9.999397510876513
14.918112510450287
21.44091276699291
29.85665541702144
40.46359810619162
53.56549190498061
69.46794283253271
88.47509187898076
110.88664192174954
136.99524264309883
167.08423182491245
201.42572193137826
240.27901428070822
283.88931873755007
332.4867542474175
386.2856042754188
445.48380096588113
510.26261233683493
580.7865078437417
657.2031790207166
739.6436935020413
828.2227624397709
923.0391030898506
1024.1758800857165
1131.7012106087755
1245.6687202715227
1366.1181381172821
1493.0759203102796
1626.5558938669603
1766.5599123722432
1913.0785171778462
2066.091598312678
2225.569050275932
2391.4714186517917
2563.750534173071
2742.350131485966
2927.2064503628594
3118.2488176471024
3315.4002085603915
3518.5777863952962
3727.6934199138227
3942.6541780191537
4163.362801554609
4389.718152167406
4621.615638447482
4858.9476196169535
5101.603787180399
5349.471525032158
5602.43624859706
5860.381723612313
6123.190365280778
6390.743518305498
6662.921718944755
6939.6049393045105
7220.672814992254
7506.0048567302565
7795.480646692942
8088.980020299812
8386.38323418296
8687.571121032428
8992.425232004998
9300.827967362373
9612.662695983405
9927.813864373325
10246.16709577
10567.609279923829
10892.028654104852
11219.31487586698
11549.359088075798
11882.053976683834
12217.293821713834
12554.974541889278
12894.993733328749
13237.25070270072
13581.64649521415
13928.083917800963
14276.467557827575
14626.703797653843
14978.70082534092
15332.368641792013
15687.619064594372
16044.365728815086
16402.52408498892
16762.011394521873
17122.74672272135
17484.650929650583
17847.646658993373
18211.658325103253
18576.612098400656
18942.43588927124
19309.059330553704
19676.413759024188
20044.432195457688
20413.04932416811
20782.201470508164
21151.826579691857
21521.86419298462
21892.25542422681
22262.942935683604
22633.87091346931
23004.985042617
23376.232481859442
23747.561838181897
24118.92314120368
24490.267817440264
24861.548664494312
25232.71982521977
25603.736761900032
25974.556230477538
26345.136254869438
26715.43610140048
27085.416253382344
27455.038385865242
27824.265340585927
28193.061101133608
28561.390768353387
28929.22053600485
29296.51766669147
29663.250468075203
30029.38826938863
30394.901398255693
30759.761157831024
31123.93980426601
31487.410524509058
31850.14741444626
32212.12545738747
32573.320502902385
32933.70924600956
33293.26920672125
33651.97870994586
34009.816865749104
34366.763549974334
34722.7993852222
35077.90572218884
35432.064621361525
35785.25883507046
36137.47178989458
36488.68756941919
36838.89089734264
37188.06712092931
37536.20219480557
37883.282665095256
38229.29565389085
38574.22884405675
38918.07046436035
39260.809274926665
39602.43455301241
39942.936079094565
40282.3041232695
40620.52943195726
40957.60321490684
41293.51713249264
41628.26328332496
41961.83419210158
42294.22279778488
42625.42244203351
42955.42685790981
43284.23015885344
43611.8268279165
43938.21170725528
44263.37998787353
44587.327199612424
44910.04920139172
45231.54217164181
45551.80259905939
45870.82727350016
46188.613277139135
46505.157975840266
46820.459010739585
47134.51429003748
47447.32198099546
47758.880502133215
48069.18851562131
48378.244919865465
48686.04884227816
48992.599632233265
49297.89685419987
49601.94028105088
49904.72988754275
50206.26584396252
50506.54850993782
50805.57842840677
51103.35631974357
51399.88307603631
51695.15975551362
51989.18757711634
52281.9679152112
52573.502294442704
52863.7923847203
53152.83999633748
53440.647075219575
53727.21569829735
54012.54806900316
54296.64651288686
54579.51347334851
54861.15150748505
55141.5632820481
55420.75156951029
55698.71924423743
3.9155758591778964
6.455748081894494
10.079482711995785
15.049223339478598
21.646027587464474
30.1653870000282
40.91310385547593
54.20133870055327
70.34490963578803
89.65789684621328
112.45058427424695
139.02675274098587
169.6813257559099
204.69835939722333
244.3493606417777
288.8919137736188
338.5685915366465
393.6061261192174
454.2148145324036
520.5881331990737
592.902537386822
671.3174223217385
755.9752242763685
847.0016415269681
944.5059567487062
1048.5814440936724
1159.3058458467488
1276.741905121918
1400.9379426435676
1531.928466779122
1669.7348078397713
1814.365768170942
1965.818281190374
2124.0780732428257
2289.1203231061554
2460.910314767534
2639.404079810284
2824.549026347442
3016.2845520489664
3214.542639249125
3419.248430578442
3630.3207839304705
3847.672805901896
4071.2123631114855
4300.8425710921465
4536.462260571357
4777.966421221761
5025.246623053494
5278.191415762435
5536.686706454531
5800.616116224201
6069.861316209027
6344.3023435471105
6623.817898299732
6908.285621513571
7197.5823554988765
7491.584386897585
7790.167673288421
8093.208054052681
8400.581446219196
8712.16402599843
9027.832396703181
9347.463743738657
9670.93597732758
9998.12786361708
10328.919144794325
10663.190648816495
11000.824389339039
11341.703656404188
11685.7130984289
12032.738796009418
12382.668328036973
12735.390830597204
13090.797049104327
13448.779384099387
13809.231931121592
14172.050515041148
14537.13271922257
14904.377909868466
15273.687255875242
15644.963744514807
16018.112193239174
16393.039257888497
16769.653437567627
17147.86507644135
17527.586362683698
17908.731324803855
18291.215825557432
18674.957553640037
19059.87601334788
19445.892512303006
19832.930147802952
20220.9137913056
20609.770070983926
20999.42735461232
21389.815729715076
21780.86698343903
22172.514581376912
22564.69364558131
22957.34093186509
23350.394806477398
23743.795222238754
24137.483694212384
24531.40327498426
24925.49852961826
25319.715510349055
25714.00173106993
26108.306141669153
26502.579102264048
26896.772357378388
27290.839010105108
27684.73349629318
28078.411558794043
28471.830221800432
28864.947765307516
29257.723699723705
29650.118740656086
30042.094783893346
30433.614880606652
30824.643212787316
31215.145068937967
31605.086820032466
31994.435895757924
32383.160761051113
32771.23089293966
33158.61675769751
33545.289788322814
33931.22236234513
34316.38777996828
34700.76024255329
35084.31483144615
35467.02748715329
35848.87498886752
36229.834934346065
36609.88572014203
36989.0065221897
37367.177276743765
37744.37866167199
38120.59207810016
38495.799632408176
38869.98411857516
39243.12900087156
39615.21839689593
39986.237060953186
40356.17036777168
40725.00429655534
41092.725415367844
41459.320865840105
41824.778348224594
42189.08610672507
42552.23291518622
42914.208063073085
43275.001341762094
43634.603031134466
43993.003886467945
44350.19512562167
44706.16841650983
45060.91586485933
45414.43000225608
45766.70377441827
46117.73052983325
46467.504008565935
46816.01833137353
47163.26798906606
47509.24783211724
47853.95306052121
48197.37921388992
48539.522161786816
48880.37809429209
49219.94351279463
49558.215221006554
49895.190316195265
50230.866180629055
50565.24047323129
50898.31112143932
51230.07631326331
51560.5344895413
51889.684336385384
52217.52477781612
52544.05496857969
52869.274287144945
53193.18232887585
53515.77889937521
53837.06400799647
54157.037861519246
54475.70085798524
54793.05358069074
55109.096792332166
55423.83142930124
55737.258596126056
56049.379560055204
56360.19574578104
56669.70873029917
56977.92023790112
57284.832135296594
57590.446426862705
57894.765250017044
58197.790870711455
58499.52567904386
58799.972184985556
59099.133014220315
3.940060110715452
6.500975081494429
10.157718909280849
15.177427801216206
21.846786693140615
30.467851915286094
41.35390736139518
54.825470927240225
71.20653561990525
90.8211022866427
113.990039255874
141.0282863282266
172.24240718853673
207.9284840871265
248.37034126334626
293.8380784702666
344.58689265394526
400.8561639516336
462.8687813706034
530.8306835240293
604.9305904107309
685.3399032578209
772.2127507591053
865.6861615305631
965.8803441867059
1072.8990580487746
1186.8300590943911
1307.7456072991072
1435.703022999924
1570.7452812939757
1712.901634781034
1862.1882561523794
2018.6088932215512
2182.155529989731
2352.80904823944
2530.5398849598632
2715.30868164854
2907.0669221417493
3105.7575562661177
3311.315607052128
3523.6687597327536
3742.7379311348213
3968.4378183973076
4200.677426305922
4439.360572689833
4684.386371653562
4935.64969454087
5193.0416087097565
5456.449794337207
5725.75893956057
6000.851114405969
6281.6061239974115
6567.901841449243
6859.614521466894
7156.619094740474
7458.789444210559
7765.998663732517
8078.1192998638
8395.023577477286
8716.583609903126
9042.671594296826
9373.159992922485
9707.921701028388
10046.83020197797
10389.759710282597
10736.58530316497
11087.183041262615
11441.430079060596
11799.204765622284
12160.386736165383
12524.856995009148
12892.49799039738
13263.19368168009
13636.829599316081
14013.292898137102
14392.472404294693
14774.258656290018
15158.543940468022
15545.222321338271
15934.189667066303
16325.343670461874
16718.58386577334
17113.811641580796
17510.930250065183
17909.844812915017
18310.462324118234
18712.69164987243
19116.443525833864
19521.63055182338
19928.16718465561
20335.969728478376
20744.956322687412
21155.046929841308
21566.163320217733
21978.22905576097
22391.169472567442
22804.911662188995
23219.38445187218
23634.518383843744
24050.24569374589
24466.500288317722
24883.217722413134
25300.335175439108
25717.79142729313
26135.526833872515
26553.483302223663
26971.604265394646
27389.83465704959
27808.12088589938
28226.410809999314
28644.65371096004
29062.800268115516
29480.802532687212
29898.613901981927
30316.18909365655
30733.484120081048
31150.456262828277
31567.064047316417
31983.267217628156
32399.026711528022
32814.30463569773
33229.06424120748
33643.26989923908
34056.88707707546
34469.88231436977
34882.223199705186
35293.87834745615
35704.817374959435
36115.01088000374
36524.43041864354
36933.04848334388
37340.838481460654
37747.77471406007
38153.832355081104
38558.987430843015
38963.21679989979
39366.49813324268
39768.80989485163
40170.13132259519
40570.44240947902
40969.72388524162
41367.95719829619
41765.12449801204
42161.20861736188
42556.19305586298
42950.06196290072
43342.80012136443
43734.39293161875
44124.82639580278
44514.08710245348
44902.16221144953
45289.03943927189
45674.70704458624
46059.153814086654
46442.36904873711
46824.34255021997
47205.06460772565
47584.52598502413
47962.71790782272
48339.632051405635
48715.26052855042
49089.595877717016
49462.63105150467
49834.35940537163
50204.7746866136
50573.871023595806
50941.64291523427
51308.08522072146
51673.19314949203
52036.96225142354
52399.38840726833
52760.46781931128
53120.197002249515
53478.57277428951
53835.592248456844
54191.25282411494
54545.55217868791
54898.48825958341
55250.05927631169
55600.26369279609
55949.10021987151
56296.567807966385
56642.665639964514
56987.3931242428
57330.74988788079
57672.7357700387
58013.35081549992
58352.595268374316
58690.46956595906
59026.97433275306
59362.11037462178
59695.87867310914
60028.280379892836
60359.31681138012
60688.989443440645
61017.29990627332
61344.24997940417
61669.841586811686
61994.07679217756
62316.95779425905
62638.48692238061
3.9639415341215267
6.545126908513472
10.234163570212477
15.302810820437642
22.043308972254316
30.764208739105797
41.78621093726244
55.43813601464539
72.05311098961936
91.96503405363914
115.50535541785514
143.00019490137362
174.76780312441826
211.11636260924791
252.34211736605002
298.72781407919024
350.5414343736545
408.03519544888326
471.4447952924894
540.988878462289
616.8686988299218
699.2679565377939
788.3527875903411
884.2718858713299
987.1567388670342
1097.1219599097403
1214.2657012953032
1338.6701341361227
1470.4019822534817
1609.5130987861962
1756.0410754765498
1910.0098757862745
2071.430484094048
2240.3015642301198
2416.610121515201
2600.3321633079504
2791.433353775893
2989.869659320487
3195.587981633267
3408.526775913183
3628.6166522356934
3855.7809584548118
4089.9363434449624
4330.993299689594
4578.856684614281
4833.4262202262535
5094.596970849247
5362.259798918885
5636.301798934913
5916.606709813707
6203.055306008669
6495.525767638108
6793.894030542913
7098.034116274694
7407.81844300813
7723.1181178495235
8043.803211219223
8369.743013977057
8700.806277969925
9036.861440684632
9377.77683468849
9723.42088253515
10073.662277804675
10428.370152935648
10787.414234493192
11150.664986501408
11517.993742451366
11889.272826577408
12264.375664975574
12643.17688711772
13025.552418294867
13411.37956350274
13800.537083261808
14192.905261843962
14588.365968357073
14986.80271111948
15388.10068573598
15792.146817268285
16198.829796873935
16608.040113269322
17019.670079355186
17433.613854325406
17849.767461563766
18268.02880261738
18688.29766752005
19110.475741724313
19534.466609793522
19960.175756576817
20387.5105652544
20816.380312340247
21246.69616221034
21678.37115765985
22111.320209391502
22545.460083562702
22980.70938770532
23416.98855516083
23854.219828165868
24292.327239713923
24731.236594311995
25170.875447742805
25611.173085936716
26052.060503050434
26493.470378843384
26935.337055436943
27377.596513535616
27820.186348184106
28263.04574412956
28706.11545085287
29149.337757328947
29592.65646657145
30036.016870013544
30479.36572177248
30922.65121284226
31365.82294525541
31808.831906251628
32251.6304424883
32694.172234324975
33136.41227021139
33578.30682120626
34019.813415651435
34460.890814024584
34901.49898399058
35341.599075670776
35781.15339714729
36220.12539021739
36658.479606411995
37096.18168329114
37533.19832102665
37969.49725928283
38405.047254402976
38839.81805690988
39273.78038932658
39706.90592432306
40139.16726319353
40570.53791466839
41000.99227406378
41430.50560277112
41859.0540080888
42286.61442339158
42713.16458866905
43138.683031358065
43563.149047567415
43986.54268362105
44408.84471794735
44830.03664330806
45250.10064936495
45669.01960558217
46086.777044471244
46503.35714511753
46918.744717130394
47332.925184821805
47745.8845717527
48157.60948558678
48568.087103257545
48977.305156444614
49385.2519173552
49791.916184806774
50197.2872706067
50601.35498622451
51004.10962975253
51405.541973150306
51805.64324976872
52204.40514214885
52601.81977009156
52997.87967899297
53392.57782844116
53785.90758107023
54177.862691666254
54568.43729652143
54957.62590303125
55345.423379530934
55731.8249453657
56116.826161191566
56500.42291950117
56882.611435371124
57263.38823742601
57642.750159015035
58020.69432959694
58397.21816632899
58772.31936585602
59145.99589629532
59518.245989413226
59889.06813298972
60258.461063366885
60626.423758177145
60992.95542924811
61358.05551567937
61721.723677088514
62083.95978702178
62444.76392652637
62804.13637788083
63162.07761847966
63518.58831486912
63873.6693169309
64227.321652209925
64579.54652038359
64930.34528786891
65279.719482564615
65627.67078872507
65974.20104196304
66319.3122243787
3.987240812618313
6.588238672915827
10.308872100276364
15.425454586362921
22.235709967547184
31.05461231240329
42.21021319514972
56.03957862217834
72.88492461949252
93.09001960916679
116.99688746844471
144.9428426169365
177.2578620256996
214.2622944612503
256.26489742578696
303.5611866866634
356.43207933474395
415.14280882342746
479.9420890985393
551.0615044689525
628.7151020675888
713.0991644361344
804.3921407885975
902.7547167612477
1008.3300038418838
1121.2438311347905
1241.6051235832579
1369.5063523106353
1505.024043894093
1648.219337251578
1799.1385774520763
1957.8139374602779
2124.2640596698334
2298.4947101626276
2480.499439543026
2670.2602450473114
2867.7482293472062
3072.924252207361
3285.73957170971
3506.1364723330403
3734.0488776509956
3969.402945823386
4212.117646486527
4462.10531788116
4719.272203447252
4983.5189673019595
5254.741188255339
5532.829832209106
5817.671702918677
6109.149871313088
6407.144083427267
6711.531147713433
7022.185301626509
7338.978558358315
7661.781034113045
7990.461256531218
8324.886454875987
8664.922832618278
9010.435823072557
9361.290328743695
9717.350945049353
10078.48216908083
10444.548594060634
10815.41509014684
11190.946972223062
11571.010155300108
11955.471298140157
12344.197935697804
12737.058600955084
13133.922936708743
13534.661797849445
13939.14734465287
14347.253127583162
14758.854164089553
15173.827007857055
15592.049810953162
16013.402379292627
16437.76622182399
16865.02459382301
17295.06253465967
17727.766900388524
18163.026391494583
18600.731576110684
19040.77490900635
19483.050746544755
19927.45535833486
20373.886935095063
20822.24559272597
21272.433375279878
21724.354253353333
22177.91412081347
22633.02078903132
23089.583978962404
23547.515311245854
24006.72829448369
24467.13831185208
24928.662606187838
25391.220263684554
25854.732196324658
26319.121123166173
26784.31155059534
27250.229751649807
27716.803744509678
28183.963270248725
28651.639769930778
29119.766361131908
29588.277813963043
30057.11052666294
30526.202500826745
30995.493316330783
31464.92410601012
31934.43753014167
32403.977750781334
32873.49040600088
33342.92258406636
33812.22279759696
34281.3409577405
34750.228348398305
35218.83760053072
35687.12266657065
36155.03879497168
36622.54250491413
37089.59156119067
37556.144949291585
38022.16285070748
38487.60661846568
38952.438752915376
39416.62287777461
39880.12371645111
40342.90706864771
40804.9397872616
41266.18975558605
41726.62586482166
42186.21799190363
42644.93697764497
43102.75460523226
43559.643578998934
44015.57750358265
44470.53086339277
44924.47900241955
45377.398104381704
45829.26517321247
46280.05801389466
46729.755213585326
47178.33612317468
47625.78083908647
48072.07018546056
48517.18569665939
48961.109600105905
49403.82479944985
49845.31485806056
50285.56398284272
50724.55700837232
51162.279381349326
51598.717145363975
52033.85692597252
52467.68591607919
52900.19186162021
53331.363047546096
53761.18828409813
54189.65689337466
54616.758696183446
55042.48399917527
55466.82358225523
55889.76868626653
56311.31100094292
56731.442653125494
57150.15619523909
57567.44459402385
57983.30121951819
58397.71983428777
58810.69458289709
59222.2199816185
59632.290908374845
60040.90259291117
60448.050607191035
60853.73085601378
61257.93956784757
61660.673285875
62061.92885924632
62461.70343453682
62859.99444740374
63256.799614439034
63652.11692521411
64045.94463451225
64438.28125474506
64829.125548549346
65218.47652156034
65606.33341535769
65992.69570058034
66377.56307020754
66760.93543300132
67142.81290710745
67523.19581381211
67902.08467144948
68279.48018945845
68655.38326258423
69029.79496522172
69402.71654589828
69774.14943726818
70144.09517398193
4.009977759342065
6.630344110870434
10.381897914471981
15.545438623834773
22.42410192428726
31.33921372996132
42.6261089263342
56.63003922183144
73.7022635047476
94.19638712344313
118.46499491226075
146.8566043502129
179.71295116506522
217.36660853845783
260.1389327059742
308.33831928752676
362.2587692351137
422.1786946743206
488.3600249860908
561.0475081906217
640.4682343639695
726.8313424897556
820.3278918320915
921.1308776936571
1029.3953727072692
1145.2587761919808
1268.8411555160797
1400.245664826954
1539.559027882813
1686.852073049189
1842.1803097803854
2005.5845370850006
2177.091475573485
2356.714415698697
2544.45387572802
2740.2982638489625
2944.2245395352393
3156.1988700650195
3376.1772786413276
3604.1062811640645
3839.9235091692617
4083.558316961068
4334.932371240265
4593.960221995765
4860.549853656748
5134.603215791722
5416.016732874998
5704.681792815998
6000.485214195295
6303.309692052634
6613.034222789156
6929.53450794209
7252.683337551238
7582.350953401907
7918.405392653434
8260.712812387621
8609.137795648769
8963.543639575633
9323.792626246443
9689.746276871681
10061.265589977771
10438.211264227402
10820.443906521272
11207.824226020846
11600.213214723874
11997.472315213765
12399.463576191443
12806.049796383624
13217.094657406065
13632.462846143324
14052.02016718896
14475.633645872065
14903.17162237707
15334.503837445587
15769.501510129254
16208.037408044735
16649.985910562376
17095.22306534228
17543.626638612972
17995.07615957012
18449.452959255636
18906.6402042602
19366.522925502602
19828.988042765588
20293.924384757935
20761.222704504205
21230.775692840303
21702.47798672731
22176.226175157837
22651.91880193846
23129.456365707592
23608.74131739139
24089.678055289012
24572.17291796802
25056.134175140513
25541.472016680644
26028.09853993528
26515.927735470465
27004.875471388183
27494.859476339687
27985.79932135432
28477.616400595616
28970.23391114909
29463.57683194059
29957.571901877087
30452.147597296214
30947.234108805867
31442.763317589044
31938.668771244964
32434.885659232477
32931.350787977266
33428.002555700674
33924.780927023174
34421.62740739314
34918.4850173862
35415.29826691917
35912.01312941793
36408.57701597635
36904.938749540575
37401.04853915008
37896.85795426481
38392.319899205184
38887.38858772964
39382.01951777235
39876.1694463619
40369.79636473963
40862.859473695244
41355.319159135004
41847.13696789673
42338.27558382473
42828.698804109976
43318.37151593888
43807.25967337967
44295.330274619046
44782.55133947904
45268.89188725063
45754.32191484417
46238.81237526146
46722.33515640296
47204.86306015239
47686.36978189216
48166.829890251705
48646.21880723828
49124.51278869191
49601.68890507462
50077.72502259334
50552.59978465631
51026.29259366128
51498.78359311476
51970.053650079826
52440.08433795133
52908.85791955546
53376.3573305714
53842.566163272575
54307.46865058399
54771.049650452915
55233.294630529526
55694.18965315377
56153.72136064535
56611.87696089259
57068.64421323665
57524.011414647124
57977.96738618511
58430.50145974943
58881.60346510222
59331.263717169415
59779.47300361216
60226.222572664825
60671.50412123521
61115.309783263045
61557.63211833204
61998.46410053158
62437.79910756355
62875.63091009017
63311.95366131838
63746.76188681678
64180.050474560856
64611.814665201906
65042.050042556206
65470.7525243096
65897.91835293392
66323.54408681078
66747.62659155915
67170.16303156226
67591.15086169029
68010.58781921463
68428.47191591053
68844.80143034298
69259.574900334
69672.79111560583
70084.4491105976
70494.54817248012
70903.08777410243
71310.06764289994
71715.48775346937
72119.34824695173
72521.64948448032
72922.39202617199
73321.57662520366
73719.20422203158
74115.27593874984
4.0321713583872505
6.6714756422021475
10.453292507735183
15.662839866107088
22.60859384515048
31.61816034524156
43.034089010276396
57.20975609765852
74.50541228238203
95.28446467463166
119.9100408255726
148.7418639319858
182.13345420104685
220.429659919445
263.96451312301275
313.05939612551015
368.0215184759048
429.14263834520216
496.69808551993793
570.9459859640896
652.1267127384135
740.4625258821256
836.1573824474235
939.3968966482824
1050.34843126565
1169.161302750007
1295.9670838068964
1430.879988617202
1573.997327180106
1725.4000165679001
1885.1531381192729
2053.3065307679085
2229.895411796452
2414.9410173185397
2608.4512557385715
2810.421368260428
3020.834591349898
3239.662816712671
3466.867245015739
3702.3990301472295
3946.199911307508
4198.202830737268
4458.332535197398
4726.506159778595
5002.633792871045
5286.6190214314765
5578.359455908946
5877.747234425255
6184.669506010357
6499.00889263614
6820.643930544631
7149.449490497234
7485.297177624608
7828.055711079553
8177.591283944977
8533.767903878808
8896.447715021926
9265.491301729799
9640.757974714987
10022.106040206321
10409.393052743602
10802.476052233582
11201.211785895608
11605.456915723906
12015.068212088278
12429.902734087553
12849.817997259737
13274.672129240646
13704.324013949155
14138.633424862011
14577.46114792501
15020.669094630684
15468.120405774878
15919.679546387204
16375.21239231178
16834.586308897222
17297.67022223599
17764.33468337598
18234.45192590899
18707.895917323294
19184.54240444054
19664.26895351934
20146.954985165274
20632.481803554496
21120.732622805728
21611.592587559346
22104.948790260776
22600.690284603686
23098.708095504655
23598.89522584589
24101.146660209874
24605.35936581816
25111.432290875233
25619.266360507238
26128.76447047535
26639.831478833017
27152.374195687604
27666.301371217203
28181.523682085182
28697.95371638672
29215.50595725356
29734.09676523631
30253.64435957563
30774.068798468103
31295.291958425205
31817.23751281806
32339.830909695454
32862.9993489561
33386.671758952
33910.77877259425
34435.25270302811
34960.02751894018
35485.03881955557
36010.22380938021
36535.52127273836
37060.87154815327
37586.21650261436
38111.49950577247
38636.66540410048
39161.66049505498
39686.43250127119
40210.930544821575
40735.10512156551
41258.90807561613
41782.29257394755
42305.213081164104
42827.6253344463
43349.48631872292
43870.75424200833
44391.388511021636
44911.34970702628
45430.59956193203
45949.10093466508
46466.817787816915
46983.71516459017
47499.75916598825
48014.916928407925
48529.156601439456
49042.44732602872
49554.75921294651
50066.06332157853
50576.331639038835
51085.53705960891
51593.65336450451
52100.65520197102
52606.51806770797
53111.21828562357
53614.73298891803
54117.040101496044
54618.11831970651
55117.94709440915
55616.506613365345
56113.777783952166
56609.74221619687
57104.38220612961
57597.68071945165
58089.62137551636
58580.18843161982
59069.36676759799
59557.141870727
60043.49982092308
60528.4272762386
61011.9114586507
61493.94014013823
61974.501629043836
62453.584756716606
62931.178864431764
63407.27379058304
63881.85985814403
64354.92786239386
64826.46905890367
65296.47515177939
65764.93828215651
66231.8510169431
66697.20633780674
67160.99763040077
67623.21867382663
68083.86363032725
68542.92703520779
69000.40378697964
69456.28913772362
69910.57868366817
70363.2683559786
70814.35441175372
71263.8334399071
71711.70227915715
72157.95815643945
72602.59853187471
73045.62116415182
73487.0240880039
73926.80560654702
74364.96428379547
74801.49893735035
75236.40863125816
75669.69266903543
76101.35058685625
76531.38214689936
76959.78733085141
77386.56633356315
77811.71955685504
78235.24760346988
4.053839803896197
6.7116644257612155
10.523105524030095
15.777732728603475
22.78929155067579
31.891595788510916
43.43434034861231
57.77896289317076
75.29465281542493
96.35457953913186
121.33239075554732
150.59901254835893
184.519768961092
223.4518269087888
267.74196342215646
317.7246455267851
373.720408229167
436.03451276228304
504.955865137328
580.7561738996644
663.6893255802644
753.990956491129
851.8782000885047
957.5495899998497
1071.1850998906298
1192.9463025467915
1322.9766318900968
1461.4017327295683
1608.3298847964002
1763.8524883183234
1928.0446000551074
2100.96550964908
2282.659347295029
2473.155714736743
2672.4703325489822
2880.605697485927
3097.5517445284986
3323.2865089220177
3557.7767841790906
3800.9787726005643
4052.838725384256
4313.293569904674
4582.271522090958
4859.692682288673
5145.469613267549
5439.507899355826
5741.706685910849
6051.959198637758
6370.153242211249
6696.171678436827
7029.892883390753
7371.191184009958
7719.937274181763
8075.998610645151
8439.239789066884
8809.52290071846
9186.707870230754
9570.652774944152
9961.214146404001
10358.247254575354
10761.606375368458
11171.145042077958
11586.716281345263
12008.172834255625
12435.367363179637
12868.152644964233
13306.381751070485
13749.908215245701
14198.586189305814
14652.270587590552
15110.817220639563
15574.082918622287
16041.925645038024
16514.204601186244
16990.780321889557
17471.51476293525
17956.27138068305
18444.915204270103
18937.31290082655
19433.33283400701
19932.84511668401
20435.721657446604
20941.8362008669
21451.06436462501
21963.283669777767
22478.37356739881
22996.2154607801
23516.692723637043
24039.69071457631
24565.09678807259
25092.80030218801
25622.692623255625
26154.667127737477
26688.61920145584
27224.446236386724
27762.04762519323
28301.32475366794
28842.180991243535
29384.52167972194
29928.25412036434
30473.287559475863
31019.5331726114
31566.904047521428
32115.315165950105
32664.683384390988
33214.92741389961
33765.96779905615
34317.726896165696
34870.12885077845
35423.099574606866
35976.56672191182
36530.45966542595
37084.70947187698
37639.248877170634
38194.01226128835
38748.93562295155
39303.956554100456
39859.014214232695
40414.04930464324
40969.00404260459
41523.8221355235
42078.44875510747
42632.83051157216
43186.9154279129
43740.65291430007
44293.99374254055
44846.890020735766
45399.29516807722
45951.1638898302
46502.45215251727
47053.11715932828
47603.117325709405
48152.41225529647
48700.96271600405
49248.73061642924
49795.678982521225
50341.77193453423
50886.97466427211
51431.253412630416
51974.57544744224
52516.90904163239
53058.223451684215
53598.48889642268
54137.676536116465
54675.758451901194
55212.70762552579
55748.49791942294
56283.10405710418
56816.50160388039
57348.66694790673
57879.577281552374
58409.210583093205
58937.54559872688
59464.56182490847
59990.239491004926
60514.559542266026
61037.50362310982
61559.054060719965
62079.1938489521
62597.906632546415
63115.1766916434
63630.98892659939
64145.32884309895
64658.182537560286
65169.53668283005
65679.37851416435
66187.6958154919
66694.4769059555
67199.71062672799
67703.3863280991
68205.49385682866
68706.02354376277
69204.96619170852
69702.31306356343
70198.05587069537
70692.18676156923
71184.69831061598
71675.58352177632
72164.83575996103
72652.44881348722
73138.41688251225
73622.73449823761
74105.3965702116
74586.39836248304
75065.73548426584
75543.40388080986
76019.39982447484
76493.71990600304
76966.36102598757
77437.32038653147
77906.59548309523
78374.1840965282
78840.0842852804
79304.29437779158
79766.81296505353
80227.63889334231
80686.77125711758
81144.20939208443
81599.95286841551
82054.00148412994
82506.35525862523
4.075000537265771
6.750940412709564
10.591384823939803
15.890189183105008
22.96629774417605
32.15965999631404
43.827045821029756
58.33788956565677
76.07026383388678
97.40705756387977
122.73241173247408
152.42844729016687
186.8723054161519
226.4335083180845
271.4716396423833
322.3343366109997
379.3555809034604
442.85427172570405
513.133062160288
590.4774385224567
675.1550218428159
767.415070579252
867.4881640867947
975.5860471163712
1091.9016165872513
1216.6090329837177
1349.8639400109264
1491.8037771351217
1642.5481713985946
1802.1993954979193
1970.8428808152066
2148.5477749789366
2335.367534680299
2531.3405454687304
2736.4907612042953
2950.8283566655978
3174.3503876793297
3407.0414537969905
3648.8743592460632
3899.8107684523775
4159.801853029212
4428.78892751285
4706.7040716651345
4993.470737484617
5289.004339440827
5593.212826731837
5905.997236683044
6227.252228453526
6556.86659693617
6894.723766084597
7240.7022618780065
7594.676164785981
7956.515541869539
8326.086858731465
8703.2533716125
9087.875499999944
9479.811180172985
9878.916200156342
10285.044516591726
10698.048554065921
11117.779487456906
11544.087507875269
11976.822072788756
12415.832140923596
12860.966392537826
13312.07343566013
13769.0019988828
14231.601111289974
14699.720270093047
15173.209596533643
15651.919980602002
16135.703215104651
16624.41211960047
17117.900654708934
17616.024027277756
18118.638786881616
18625.602914106126
19136.775901003923
19652.01882437437
20171.194412095585
20694.167101987725
21220.803096292602
21750.970408694047
22284.53890656606
22821.380347923438
23361.368413514367
23904.378734351005
24450.288914960416
24998.978552624423
25550.329252864118
26104.2246414122
26660.550372903806
27219.194136505408
27780.045658689534
28342.996703353045
28907.941069465287
29474.774586423802
30043.395107284723
30613.7025000267
31185.59863699804
31758.987382688727
32333.774579961184
32909.86803486559
33487.17750015923
34065.614657642014
34645.09309941337
35225.528308150744
35806.837636503
36388.94028568661
36971.75728336786
37555.21146090841
38139.227430047154
38723.7315590872
39308.65194865147
39893.91840706755
40479.46242543742
41065.21715244508
41651.11736895074
42237.09946241759
42823.101401213906
43409.06270882393
43994.924438039816
44580.62914508345
45166.120863801814
45751.34507988313
46336.24870515342
46920.78005197413
47504.88880777392
48088.52600967316
48671.64401937842
49254.1964981571
49836.138382062905
50417.42585736668
50998.01633621626
51577.868432537834
52156.94193819032
52735.19779938283
53312.59809336447
53889.106005394555
54464.68580600054
55039.302828530126
55612.9234470027
56185.51505426536
56757.04604045752
57327.4857717871
57896.804569621636
58464.97368989606
59031.965302839235
59597.752473020155
60162.30913971431
60725.61009759119
61287.63097772193
61848.34822890712
62407.739099324026
62965.781618491455
63522.45457955151
64077.73752186584
64631.610713925045
65184.05513656846
65735.05246651228
66284.58506018316
66832.6359378547
67379.18876808365
67924.22785244309
68467.7381105489
69009.70506537675
69550.11482886551
70088.95408780422
70626.21008999858
71161.87063071353
71695.92403938771
72228.35918078988
72759.16538541051
73288.33250865637
73815.85091697348
74341.71140664298
74865.90524791944
75388.42415953429
75909.26029744944
76428.40624384793
76945.85499635803
77461.5999575064
77975.63492439671
78487.95407860987
78998.55197632161
79507.42353863425
80014.56404211781
80519.9691095577
81023.63470090479
81525.55710442379
82025.73292803665
82524.15909085756
83020.8328149153
83515.75161705952
84008.91330104804
84500.31594981081
84989.95791788759
85477.83782403579
85963.95454400525
86448.30720347626
86930.89517115828
4.095670282544669
6.789332397738219
10.658176550588038
16.000278831911984
23.139712080137166
32.42248925056098
44.212384260245614
58.88676202510034
76.83252062657274
98.44222261285113
124.1104713849166
154.2305698394711
189.19148383174632
229.37512096761333
275.15392585013234
326.88878570805514
384.9272349832036
449.6019436287099
521.2294712888709
600.1092679453955
686.5229008162424
780.7334871023064
882.985312452698
993.5036156320494
1112.4945207376097
1240.1450993372964
1376.6235460367775
1522.0794521677776
1676.644163498962
1840.431209068405
2013.5367894022143
2196.040313506611
2388.004975083616
2589.4783594358664
2800.4930734282616
3021.067391796244
3251.2059138420464
3490.9002253226317
3740.1295609967683
3998.8614638964546
4267.052437985061
4544.648591278979
4831.586267046861
5127.792661043148
5433.186423116849
5747.67824182671
6071.171411053377
6403.5623775914155
6744.74126954579
7094.592404586247
7452.9947782056715
7819.822531733919
8194.945400158946
8578.229139890267
8969.535936691042
9368.724794082671
9775.651902590487
10190.170990252629
10612.133654858242
11041.389678415659
11477.787324379116
11921.173618182664
12371.394611644973
12828.295631818311
13291.721514859848
13761.51682550517
14237.526062721668
14719.59385211463
15207.56512565189
15701.285289263684
16200.600378863233
16705.357205321954
17215.40348891905
17730.587983772097
18250.760592739098
18775.772473268444
19305.47613457589
19839.725526992337
20378.37612336659
20921.284992314344
21468.31086662094
22019.314203140595
22574.15723742957
23132.70403239798
23694.82052147805
24260.37454662836
24829.23589147957
25401.27630991313
25976.36955035066
26554.3913760191
27135.219581443776
27718.73400540936
28304.816540616896
28893.351140253806
29484.22382168312
30077.322667446777
30672.537823769035
31269.761496735508
31868.887946314222
32469.813478376633
33072.4364348676
33676.657182265575
34282.3780984662
34889.50355821561
35497.93991721221
36107.59549498913
36718.38055668361
37330.20729379256
37942.98980400893
38556.64407022692
39171.087938799275
39786.24109712559
40402.02505064428
41018.363099298025
41635.180313537145
42252.40350992179
42869.96122637984
43487.78369716814
44105.802827621184
44723.95216864959
45342.16689114203
45960.38376023067
46578.54110948897
47196.57881509265
47814.43826998714
48432.06235802645
49049.395428274256
49666.38326927908
50282.973083506615
50899.11346188859
51514.75435851927
52129.847065518734
52744.34418807973
53358.19961971485
53971.36851771787
54583.80727885307
55195.47351528408
55806.32603075378
56416.32479702444
57025.43093058739
57633.606669650064
58240.81535140693
58847.02138960115
59452.190252381886
60056.28844046214
60659.28346558067
61261.143829272056
61861.83900194677
62461.339402284306
63059.61637693998
63656.6421805678
64252.38995615892
64846.8337156968
65439.94832112864
66031.70946565273
66622.09365532079
67211.07819095431
67798.64115037353
68384.76137093753
68969.41843239301
69552.59264003047
70134.26500814437
70714.41724379643
71293.03173087716
71870.09151446508
72445.58028547892
73019.48237946261
73591.7826926054
74162.46680567664
74731.5208314003
75298.93146973701
75864.68598038798
76428.77216941025
76991.17837609885
77551.89346013105
78110.90678896949
78668.20822552087
79223.78811604495
79777.63727831181
80329.74699000224
80880.10897734785
81428.7154040072
81975.55886017403
82520.63235191347
83063.92929072292
83605.44348331331
84145.16912160715
84683.10077294988
85219.2333705302
85753.56220400623
86286.0829103333
86816.79146479013
87345.68417219986
87872.75765834164
88398.00886154997
88921.43502449799
89443.03368616142
89962.80267395916
90480.74009606797
90996.84433390737
91511.11403479139
4.1158650800958245
6.8268680682429554
10.723525193799977
16.108068981599487
23.309631235269627
32.68021622570904
44.59053044360991
59.42580202670301
77.58169477849523
99.46039608066597
125.46693714860183
156.00578528165272
191.4777330815868
232.27709739227166
278.7892311232571
331.3883436907844
390.43562021880433
456.2776255801734
529.2449765502294
609.6512635483368
697.7922024528845
793.9449966131856
898.3678893070669
1011.299887375514
1132.960637519244
1263.5504376722245
1403.2503669269818
1552.222518607613
1710.610322246395
1878.5389413769033
2056.1157351947863
2243.4307732373545
2440.5573932823017
2647.5527936743842
2864.4586521824986
3091.3017644203874
3328.094695611293
3574.8364402525
3831.5130848855915
4098.09846986015
4374.554846433509
4660.833526170506
4956.875519996356
5262.612164697952
5577.965735018373
5902.850039867924
6237.171001277919
6580.8272155027535
6933.710495060382
7295.706391535601
7666.694698657289
8046.5499354751755
8435.14180957391
8832.335660377914
9237.992882700088
9651.9713307723
10074.12570306733
10504.307908281899
10942.367412900476
11388.151570799524
11841.505935384967
12302.274554780328
12770.30025060254
13245.4248808756
13727.489587641152
14216.335029829692
14711.801601957124
15213.729639209036
15721.959609470878
16236.33229285458
16756.688949263917
17282.871474530042
17814.722545636985
18352.08575554442
18894.80573810077
19442.728283420074
19995.700444928996
20553.57063630668
21116.188722462575
21683.406101259447
22255.075778611663
22831.052436603997
23411.19249510971
23995.354167265286
24583.397509144692
25175.18446396126
25770.57890111138
26369.446650360234
26971.65553145633
27577.07537944863
28185.578065967376
28797.03751671728
29411.329725420128
30028.33276443233
30647.926792251903
31269.994058118646
31894.41890390131
32521.087763455507
33149.88915962691
33780.71369906512
34413.454065004815
35048.00500816301
35684.263335892676
36322.12789972591
36961.49958143236
37602.28127771176
38244.37788363302
38887.69627492553
39532.145289223154
40177.635706354806
40824.08022777078
41471.39345518841
42119.49186853591
42768.29380326866
43417.71942712156
44067.69071639709
44718.13143176762
45368.967093757754
46020.124957881315
46671.53398951491
47323.124838550255
47974.829813880984
48626.58285769842
49278.319519800025
49929.976931729485
50581.493780942896
51232.81028496845
51883.8681655996
52534.61062314842
53184.98231078416
53834.92930898019
54484.399100090865
55133.340543077764
55781.703848403515
56429.440553110304
57076.50349609772
57722.84679361436
58368.42581497591
59013.197158521165
59657.118627816606
60300.149208118935
60942.2490431041
61583.379411870446
62223.50270622282
62862.58240824343
63500.58306815458
64137.47028247847
64773.21067249674
65407.771863014175
66041.12246142846
66673.23203710842
67304.07110108249
67933.61108603806
68561.82432663321
69188.6840401204
69814.16430728238
70438.24005368025
71060.88703121204
71682.08179998201
72301.80171047804
72920.02488605675
73536.73021933451
74151.89728727612
74765.50647059968
75377.53880145989
75987.9760154427
76596.80052224747
77203.99539026058
77809.54433141652
78413.43168634393
79015.64240979239
79616.16205633763
80214.976766361
80812.07325230054
81407.43878516945
82001.06118133865
82592.92878958024
83183.03047836729
83771.35562342739
84357.8940955453
84942.63624861155
85525.57290791326
86106.69535866291
86685.99533476213
87263.46500779595
87839.09697625446
88412.88425497757
88984.82026481963
89554.89882253013
90123.11413084618
90689.46076879429
91253.93368219667
91816.528174379
92377.23989707614
92936.06484153203
93492.99932979041
94048.04000617273
94601.1838289398
95152.428062134
95701.7702675987
96249.2082971709
4.135600318598531
6.863574051495332
10.78747365241628
16.213624716050575
23.47614898149236
32.93297004270373
44.96165508658468
59.955227089001916
78.3180539491169
100.46189646684098
126.80217556063806
157.75450103253502
193.73148911088416
235.1398837365146
282.3779867673927
335.8333946323034
395.8810331458026
462.8814779071084
537.1795446786493
619.1031321383623
708.9622982212995
807.048550736999
913.634332921161
1028.9726849372987
1153.297062981846
1286.8212984834624
1429.739680867495
1582.227148412605
1744.4395728343043
1916.514124345509
2098.569705050896
2290.7074396082203
2493.0112131222468
2705.5482472365784
2928.369706271819
3161.511326196016
3404.994059954305
3658.8247334690695
3922.996707280608
4197.4905394789985
4482.274646057006
4777.305955432522
5082.530554296296
5397.884322393287
5723.293554199121
6058.675565872264
6403.9392859103245
6758.98582883599
7123.709050510812
7497.996084817952
7881.727861100035
8274.779602078142
8677.021302096706
9088.318185663564
9508.53114636178
9937.517166302223
10375.129716364707
10821.219137541799
11275.633003755689
11738.216466563936
12208.812582208428
12687.262621491014
13173.406362983587
13667.082370097392
14168.128252548922
14676.380912767954
15191.676777797184
15713.852017233552
16242.74274775945
16778.18522480713
17320.016021892763
17868.07219814844
18422.191454569736
18982.212279442305
19547.974083618537
20119.317326105236
20696.08362927345
21278.11588708589
21865.258363230034
22457.356781954757
23054.25841117107
23655.8121383384
24261.86853951658
24872.279941948163
25486.900480522054
26105.586148454353
26728.19484250904
27354.586403066914
27984.62264933815
28618.16741000083
29255.0865495348
29895.247990508415
30538.52173206349
31184.779864832355
31833.896582510064
32485.74819029344
33140.21311038919
33797.17188478253
34456.507175448955
35118.103762181825
35781.84853820048
36447.630503694454
37115.34075745152
37784.872486709806
38456.120955366176
39128.983490666724
39803.359468497925
40479.1502973906
41156.259401343
41834.59220156306
42514.05609722421
43194.5604453245
43876.0165397263
44558.33758949277
45241.43869650639
45925.23683255624
46609.6508158747
47294.60128721914
47980.010685562724
48665.80322338287
49351.90486176188
50038.24328513366
50724.747875879795
51411.34968875525
52097.98142519273
52784.57740752324
53471.07355314672
54157.40734868508
54843.51782414755
55529.345527135796
56214.83249711484
56899.92223977376
57584.55970149811
58268.691243974434
58952.264618946465
59635.228943139446
60317.53467336935
60999.13358185135
61679.97873172109
62360.02445278102
63039.22631748289
63717.54111715664
64394.92683849455
65071.34264029952
65746.74883050386
66421.10684346608
67094.37921755074
67766.52957299686
68437.52259007917
69107.32398756553
69775.90050147455
70443.21986413513
71109.25078355058
71773.96292306841
72437.32688135796
73099.31417269513
73759.8972210323
74419.0492735169
75076.74451646679
75732.95792212083
76387.6652978444
77040.84325478069
77692.46919028167
78342.52127064134
78990.97841412827
79637.82027431602
80283.02722370929
80926.58033766266
81568.46137858959
82208.6527804594
82847.13763357837
83483.89966965318
84118.92324713242
84752.19333682371
85383.6955077831
86013.41591347315
86641.34127818655
87267.45888373168
87891.75655637652
88514.22265404798
89134.84605378193
89753.61613942176
90370.52278956037
90985.5563657237
91598.70770078992
92209.96808764306
92819.3292680555
93426.78342179676
94032.32315596468
94635.94149453507
95237.63186812667
95837.38810397762
96435.20441612958
97031.07539581682
97624.99600205549
98216.96155243057
98806.96771407696
99395.01049485046
99981.086234686
100565.19159713972
101147.3235611111
4.15489076546423
6.899475959854094
10.850063294708304
16.317008968506446
23.639356260229306
33.18087632850755
45.325924910704714
60.47525043459456
79.04186168720682
101.4470390048229
128.11655163137598
159.4771258708187
195.95319353743747
237.96393782413898
285.9206437484533
340.2243524914825
401.2638129124244
469.4137190148992
545.0332189033173
628.4646785666323
720.0326824643505
820.0432521940013
928.783264342914
1046.5200488551372
1173.5011497579972
1309.9542309067274
1456.0871100652778
1612.0879061000692
1778.1252845345632
1954.3487882480335
2140.88924094309
2337.8592121213433
2545.353533326189
2763.4498563507623
2992.2092450790124
3231.6767934464024
3481.8822628389457
3742.8407329913985
4014.553261126362
4297.007544750302
4590.178584028566
4894.029340271924
5208.51138750059
5533.565554488632
5869.122555129155
6215.103605122765
6571.421023826071
6937.978819535469
7314.673257562007
7701.39341018721
8098.021687945888
8504.434351833086
8920.502006184346
9346.090072111278
9781.059241489798
10225.265911598297
10678.562600588526
11140.79834404528
11611.819072952818
12091.46797343758
12579.585828700034
13076.011343582948
13580.581452251794
14093.131609484364
14613.496066082967
15141.508128934367
15677.000406249463
16219.80503851856
16769.75391571861
17326.678881306434
17890.411923527223
18460.785354561405
19037.631977967478
19620.78524517751
20210.079401363062
20805.349620097135
21406.43213036332
22013.164332494518
22625.384906125604
23242.933909632404
23865.652871616876
24493.38487483859
25125.9746329786
25763.268560607685
26405.114836716788
27051.36346215321
27701.86631129272
28356.477178264213
29015.051818029962
29677.447982612135
30343.525452743113
31013.146065205383
31686.17373611438
32362.474480386565
33041.91642762381
33724.36983463372
34409.707094796206
35097.80274447566
35788.5334666687
36481.7780920683
37177.41759771594
37875.335103404956
38575.41586598984
39277.547271748546
39981.61882693725
40687.52214666927
41395.15094224391
42104.40100704326
42815.17020110919
43527.35843450689
44240.86764956833
44955.60180214937
45671.46684189515
46388.370691721924
47106.223226504415
47824.93625108992
48544.42347764011
49264.60050252553
49985.384782627574
50706.695611260264
51428.45409370736
52150.583122436205
52873.00735203752
53595.65317393709
54318.448690921854
55041.3236915211
55764.20962428004
56487.03957196108
57209.74822570569
57932.27185918714
58654.54830278311
59376.51691779425
60098.11857073386
60819.29560771078
61539.99182892794
62260.15246331478
62979.72414331277
63698.654879830225
64416.89403738197
65134.392309427814
65851.10169392306
66566.97546909246
67281.96816943862
67996.03556199474
68709.13462283026
69421.2235138171
70132.26155966464
70842.20922522825
71551.02809309831
72258.68084147389
72965.13122232561
73670.344039851
74374.28514243463
75076.92133565476
75778.22049371978
76478.15140703418
77176.68382819698
77873.78843905253
78569.43683125403
79263.60148713148
79956.25576086338
80647.3738599522
81336.93082700172
82024.90252179622
82711.26560367913
83395.99751423023
84079.07646023894
84760.48139697214
85440.19201173412
86118.1887077163
86794.45258813408
87468.9654406486
88141.70972206995
88812.66854333949
89481.82565478834
90149.16543166814
90814.67285995244
91478.33352240364
92140.13358490393
92800.05978304557
93458.09940897767
94114.24029850661
94768.47081844516
95420.77985420854
96071.15679765215
96719.59153514936
97366.07443590385
98010.59634049446
98653.1485496484
99293.722813239
99932.31131950492
100568.90668448736
101203.50194168101
101836.09053189603
102466.6662933272
103095.22345182677
103721.75661137764
104346.26074476335
104968.7311844314
105589.1636135471
106207.55405723354
4.1737505957386745
6.934598434068025
10.911334016862273
16.418282592420734
23.799341257487956
33.424057280191114
45.683502599804214
60.986080950793
79.75337727824319
102.41613534047262
129.4104282868885
161.1740690669023
198.14329237950997
240.74972738974498
289.41767032583607
344.5616580417991
406.5843373960871
475.87462058407124
552.8061131211875
637.7357987794314
731.0029642377069
832.9283453469914
943.8134765880409
1063.940225397678
1193.5704934394303
1332.946067618637
1482.2886041935476
1641.7997307757034
1811.661251362656
1992.0354410874852
2183.065418148821
2384.8755814790497
2597.572103707905
2821.243469898601
3055.9610535016213
3301.779721777589
3558.738463777983
3826.861034695594
4106.156611151469
4396.620452521715
4698.234564104556
5010.968358397529
5334.779311274243
5669.613610267261
6015.406792642516
6372.084371058332
6739.5624455504085
7117.748299914454
7506.540981743313
7905.831865069815
8315.505194947427
8735.438613459068
9165.503666804987
9605.566293262014
10055.48729192944
10515.122772284292
10984.324584661226
11462.9407318521
11950.815762088238
12447.791143725886
12953.705622003647
13468.395558280483
13991.695252195468
14523.43724721627
15063.452620063603
15611.571254513898
16167.62210009303
16731.4334161804
17302.8330020462
17881.64841334465
18467.707165583655
19060.836925021795
19660.865687802645
20267.621947553755
20880.93485093507
21500.63434482326
22126.551311482122
22758.517695015722
23396.36661851665
24039.932492498603
24689.05111503284
25343.559763993537
26003.29728180419
26668.104153062744
27337.82257541001
28012.29652399188
28691.371809852484
29374.896132582464
30062.719127532902
30754.692407893293
31450.669601918984
32150.506385581575
32854.06051090374
33561.191830228534
34271.762316662
34985.63608091702
35702.679384775925
36422.76065137902
37145.75047253708
37871.52161325528
38599.94901364818
39330.90978841596
40064.28322404336
40799.95077387615
41537.796051220284
42277.704820602936
43019.56498732702
43763.266585437814
44508.701764255355
45255.764773498086
46004.35194721684
46754.36168655647
47505.69444147269
48258.252691499896
49011.940925587194
49766.66562124918
50522.33522288845
51278.86011952242
52036.15262191839
52794.12693921018
53552.69915505627
54311.78720339543
55071.310843852356
55831.19163684324
56591.352918427656
57351.719774950136
58112.219017512965
58872.77915631782
59633.3303749128
60393.80450437812
61154.13499748144
61914.25690283304
62674.106839067004
63433.622969074626
64192.74497431331
64951.41402921286
65709.57277569963
66467.16529785717
67224.13709674125
67980.43506536439
68736.00746386583
69490.80389487956
70244.77527911335
70997.87383114986
71750.0530354809
72501.26762278289
73251.47354644361
74000.62795934656
74748.68920395686
75495.61672446238
76241.37117473043
76985.91426582763
77729.20880936367
78471.21868290918
79211.90880874098
79951.24513288248
80689.19460444024
81425.72515523867
82160.80567975462
82894.4060153512
83626.49692281261
84357.05006717912
85086.03799888247
85813.43413518075
86539.21274189214
87263.34891542628
87985.8185651119
88706.59839581946
89425.66589087663
90142.99929527464
90858.57759916405
91572.380521637
92284.3884947932
92994.58264808847
93702.94479296169
94409.457407738
95114.10362280581
95816.8672060635
96517.73254863406
97216.68465084342
97913.70910846013
98608.79209919272
99301.9203694414
99993.08122130096
100682.26249981162
101369.45258045394
102054.64035688504
102737.81522891184
103418.96709069927
104098.08631920782
104775.16376285942
105450.19073042642
106123.15898014065
106794.06070901992
107462.88854240697
108129.63552371894
108794.29510440324
109456.86113409614
110117.32785098138
110775.68987234506
111431.94218532344
4.192193419561656
6.968965184725772
10.971324299518052
16.517504430946076
23.956189479266143
33.6626317326891
46.0345468864075
61.4879231678096
80.45285562111731
103.36949325515768
130.68416587564906
162.84573959988157
200.30223490033325
243.49772845964952
292.8695475716382
348.8457760271548
411.84301959047775
482.2645030835068
560.4984064334122
646.916473279455
741.8728596056725
845.7032072502124
958.7239243720653
1081.2316549259044
1213.5029194913775
1355.7939103562533
1508.340424477948
1671.3579188052486
1845.0416733755092
2029.5670485833125
2225.089824013531
2431.746607222769
2649.655301840467
2878.9156252599296
3119.609667153749
3371.802480840398
3635.5427003668524
3910.8631768974747
4197.781628747583
4496.301299955698
4806.411622978191
5128.088881580482
5461.2968705019575
5805.9875489701035
6162.101685363621
6529.569491206969
6908.311242186666
7298.237884994668
7699.2516285973425
8111.246518925788
8534.108996177447
8967.718434110144
9411.947660879187
9866.663461117336
10331.727059088604
10806.994582861265
11292.31750954546
11787.54309172643
12292.514765299318
12807.072538973995
13331.053365772483
13864.29149688611
14406.618818296836
14957.865170597373
15517.858652468585
16086.425908291896
16663.392400387806
17248.582666381586
17841.820562203393
18442.92949123258
19051.732620026327
19668.05308146472
20291.71416549918
20922.53949699457
21560.353204460473
22204.98007586829
22856.245704984747
23513.976627601183
24178.0004482703
24848.14595798516
25524.24324322367
26206.12378676776
26893.62056069417
27586.56811192
28284.802640673464
28988.16207224642
29696.486122372713
30409.616356563005
31127.39624371406
31849.67120429788
32576.28865342366
33307.09803905348
34041.95087564099
34780.70077345014
35523.20346380139
36269.31682047989
37018.90087753133
37771.817843660065
38527.932113434625
39287.11027549587
40049.22111795432
40814.13563115398
41581.727007971414
42351.87064181124
43124.44412245031
43899.32722987012
44676.40192625148
45455.55234617392
46236.66478525983
47019.62768729641
47804.33162998046
48590.669309398756
49378.53552327373
50167.827153242855
50958.443146034144
51750.28449379116
52543.25421356114
53337.25732603365
54132.20083360109
54927.99369780882
55724.54681625893
56521.77299902754
57319.58694465233
58117.90521574402
58916.64621427146
59715.730156567726
60515.079048101965
61314.61665805771
62114.26849375771
62913.96177497107
63713.625408137326
64513.18996053967
65312.587634456664
66111.75224132132
66910.61917591261
67709.12539060501
68507.20936969682
69304.81110384065
70101.87206459325
70898.33517910464
71694.14480496186
72489.24670520355
73283.58802351935
74077.11725964726
74869.78425795652
75661.54011839652
76452.33730231364
77242.12947899192
78030.87156707885
78818.51969841185
79605.031195083
80390.36454677126
81174.47938834876
81957.33647776475
82738.89767421162
83519.1259165762
84297.9852021798
85075.4405658089
85851.45805903875
86626.00472985132
87399.04860254869
88170.55865796287
88940.50481396214
89708.85790625417
90475.5896694859
91240.6727186388
92004.08053072005
92765.78742674732
93525.76855402674
94283.999868722
95040.45811871353
95795.12082674501
96547.96627385617
97298.97348309895
98048.12220353493
98795.39289451165
99540.76671021532
100284.22548449655
101025.75171596765
101765.32855336698
102502.93978118895
103238.56980557536
103972.20364046589
104703.82689400426
105433.42575519669
106160.98698081965
106886.4978825738
107609.94631448029
108331.32066051668
109050.6098224886
109767.80320813427
110482.8907194584
111195.86274129139
111906.71013007184
112615.4242028476
113321.9967264929
114026.41990713782
114728.68637980658
115428.78919826196
116126.72182505175
116822.47812175432
4.210232308253426
7.002599031911366
11.03007126236285
16.614731384916446
24.109983826900788
33.896715229437454
46.37921258624569
61.98097725232695
81.14054713079095
104.30741642905386
131.93812173354416
164.49254545519253
202.43047255986244
246.2084238709125
296.2767788651017
353.0771925292696
417.0403042458903
488.5837315808974
568.1103380247752
656.006760976675
752.6421843719766
858.3673391772406
973.5137143635842
1098.3929608114674
1233.296470782541
1378.495116048982
1534.239128411302
1700.7581071213253
1878.2611386002923
2066.9370147734617
2266.954537297731
2478.462895930629
2701.5921102085335
2936.4535245675106
3183.1403478872053
3441.728229304099
3712.2758629330583
3994.825614875668
4289.4041666304665
4596.023169596703
4914.679906042299
5245.35795241336
5588.027841362811
5942.647719410571
6309.16399731741
6687.511991247576
7077.616552197507
7479.392682383596
7892.746137037139
8317.574010475357
8753.765305518787
9201.201485525136
9659.757008487633
10129.299842803177
10609.69196445428
11100.789835470869
11602.444863644287
12114.503843558923
12636.809379087
13169.200287561063
13711.511985897854
14263.576858996857
14825.224610779012
15396.282598265343
15976.576149123412
16565.92886313225
17164.16289803346
17771.09924024909
18386.557960956165
19010.358457943184
19642.319684067472
20282.260362513454
20929.99918828819
21585.355019835246
22248.147056885326
22918.19500803102
23595.31924739734
24279.340961033427
24970.08228347383
25667.366424905595
26371.01778936722
27080.862084391738
27796.726422495074
28518.439414897388
29245.831257852937
29978.73381195075
30716.980674735893
31460.40724698863
32208.85079298566
32962.15049505596
33720.147502730935
34482.68497677704
35249.60812838712
36020.764253795314
36796.00276456967
37575.17521382446
38358.135318585846
39144.73897853161
39934.844291318324
40728.31156469813
41525.0033256182
42324.78432648809
43127.52154878987
43933.084204193096
44741.34373337013
45552.173802574536
46365.45029824324
47181.0513196743
47998.85716994453
48818.75034519705
49640.61552234504
50464.33954547987
51289.81141085744
52116.92225073476
52945.565316083994
53775.63595828527
54607.0316098838
55439.65176449157
56273.39795591013
57108.17373654663
57943.88465519103
58780.438234219044
59617.74394628116
60455.71319053536
61294.25926847728
62133.297359418284
62972.744495660016
63812.51953740953
64652.543147478034
65492.73776580244
66333.02758382705
67173.33851878057
68013.59818788107
68853.73588249918
69693.6825423089
70533.37072945212
71372.7346027421
72211.70989192922
73050.23387205075
73888.24533788479
74725.68457852649
75562.49336476476
76398.61486065712
77233.99372516929
78068.57596080855
78902.30895234703
79735.14142979732
80567.02344426648
81397.90634403919
82227.74275089877
83056.48653669396
83884.09280015847
84710.51784398993
85535.71915219408
86359.655367699
87182.28627024402
88003.57275454729
88823.47680875531
89641.96149317725
90458.9909193067
91274.53022913232
92088.54557473918
92901.00409820223
93711.87391177208
94521.12407835394
95328.7245922795
96134.64636037192
96938.86118330299
97741.34173724239
98542.06155579712
99340.99501224072
100138.11730203073
100933.40442561214
101726.83317150602
102518.3810996805
103308.02652520245
104095.74850216795
104881.52680790778
105665.34192746773
106447.17503835869
107227.0079955754
108004.82331688095
108780.60416835327
109554.33435019176
110325.99828278011
111095.58099300324
111863.06810081437
112628.44580604958
113391.70087548658
114152.82063014427
114911.79293282039
115668.60617586349
116423.24926917572
117175.7116284443
117925.98316359709
118674.05426747938
119419.91580474957
120163.55910098842
120904.97593202055
121644.1585134441
122381.09949036491
4.227879819094902
7.035521943126349
11.087610716792291
16.71001847921903
24.260804672031657
34.12642009520853
46.71765065120793
62.465439014531135
81.81669766413671
105.2302042406624
133.17264980186198
166.1148929959782
204.52845806512826
248.8823019179542
299.6398650420789
357.2564125322425
422.1766647465113
494.83271183270256
575.642202366592
665.0067934075594
763.3108472238937
870.9203586059028
988.1820959353026
1115.4229388910899
1252.9493957438815
1401.0472835464436
1559.981555083391
1729.9962571560177
1911.314605589839
2104.1391632329273
2308.652108126158
2525.015579966088
2753.3720938703423
2993.8450114073876
3246.539059678608
3511.540890102531
3788.9196693171334
4078.72769542283
4381.001033382382
4695.760164155302
5023.010642678982
5362.743760396403
5714.937208540292
6079.555738728066
6456.551818299307
6845.866277440444
7247.428946272703
7661.159279941175
8086.966970181364
8524.752542078659
8974.407934969815
9435.817066643733
9908.856380185163
10393.395372969982
10889.29710746695
11396.418703630272
11914.611812780357
12443.723072969655
12983.5945459169
13534.06413566763
14094.965989203623
14666.130879278368
15247.386569802778
15838.558164143937
16439.468436731902
17049.93814839627
17669.78634587446
18298.83064595026
18936.887504628
19583.772472112745
20239.30043385898
20903.285837014788
21575.542906196973
22255.885844719007
22944.129024731337
23640.08716566683
24343.575501620035
25054.409938117464
25772.24738397372
26497.384961942884
27229.161988775122
27967.558241456038
28712.394993670256
29463.494932698537
30220.68225385567
30983.78274758969
31752.623879597493
32527.03486429989
33306.846732006234
34091.89239008764
34882.006678464764
35677.02641970522
36476.79046401364
37281.139729386065
38089.917237190006
38902.968143419086
39720.13976586284
40541.281607420024
41366.24537577506
42194.884999647176
43027.05664181254
43862.61870908467
44701.43185947129
45543.359006594445
46388.26532165397
47236.018233008785
48086.487423559694
48939.54482608388
49795.06461658519
50652.92320596852
51512.99922992752
52375.17353733587
53239.32917718526
54105.35138418717
54973.12756313876
55842.54727214777
56713.50220480711
57585.88617140401
58459.59507924518
59334.52691217421
60210.58170935385
61087.66154338183
61965.670497804356
62844.51464408938
63724.10201811666
64604.34259623927
65485.148270968035
66366.43282632716
67248.11191292688
68130.10302279545
69012.32546401152
69894.7003351743
70777.15049974728
71659.60056030887
72541.9768327412
73424.20732038672
74306.22168819926
75187.95124974943
76069.32887727454
76950.28910429511
77830.76797165275
78710.70306615462
79590.03348234299
80468.69979724032
81346.64404525053
82223.80969323208
83100.14161575583
83975.58607055889
84850.09067420677
85723.60437797311
86596.07744394685
87467.46142137513
88337.70912324927
89206.7746031416
90074.61313229846
90941.1811769955
91806.43637615995
92670.33751926453
93532.84452449647
94393.91841720529
95253.5213086316
96111.61637491982
96968.1678364164
97823.14093725548
98676.50192523209
99528.21803196505
100378.25745334875
101226.589330295
102073.18372976378
102918.01162608326
103761.04488255773
104602.25623336344
105441.61926572997
106279.10840240684
107114.69888441329
107948.36675406947
108780.08883830781
109609.84273226144
110437.60678312852
111263.36007430987
112087.08240981688
112908.75429894868
113728.35694123384
114545.87221163628
115361.28264602047
116174.57142687462
116985.72236928833
117794.7199071813
118601.54907978146
119406.19551834758
120208.64543313521
121008.88560060145
121806.90335084547
122602.68655528293
123396.22361454948
124187.50344663086
124976.51547521698
125763.24961827512
126547.69627684115
127329.84632402367
128109.69109421912
4.245148018866289
7.067755069540681
11.14397721666123
16.803418927475185
24.40872993090424
34.35185551054924
47.05000822786601
62.941499926889044
82.48154846637787
106.1381515989153
134.38810029336491
167.71318640182355
206.5966445111976
251.5198551170107
302.9593257008164
361.3839576707751
427.25260020930875
501.011886636088
583.0943447240701
673.916769302781
773.8788432688144
883.361991638836
1002.728452392156
1132.3205474286065
1272.4601369884952
1423.4482409242023
1585.5648111109847
1759.0686393880048
1944.1973865979514
2141.1677189074544
2350.1755385210136
2571.3962967993184
2804.9853786498134
3051.078547994335
3309.792444921943
3581.225125988737
3865.45663988694
4162.549631499818
4472.549967963947
4795.487381110752
5131.376121209567
5480.215617501752
5841.991141578946
6216.67446994121
6604.224543037242
7004.588117624706
7417.700410498966
7843.485731468752
8281.858103917664
8732.721871536083
9195.972290050086
9671.496102990475
10159.172100739297
10658.871662264013
11170.459279103303
11693.793061304681
12228.725225134525
12775.102562486398
13332.766892006652
13901.555492036256
14481.30151553813
15071.83438723885
15672.980183265287
16284.561993599982
16906.400267715293
17538.313143776853
18180.11676183097
18831.625561353998
19492.652563850217
20163.00964086999
20842.50776660935
21530.957259051596
22228.16800585086
22933.94967831083
23648.111932894866
24370.464600891173
25100.817866693764
25838.98243515377
26584.7696884476
27337.991832898282
28098.46203617845
28865.994555311132
29640.40485587471
30421.50972280702
31209.127363191914
32003.077501399657
32803.181466941285
33609.26227538461
34421.14470266797
35238.65535313607
36061.62272161033
36889.8772497947
37723.251377306646
38561.57958761163
39404.69844912849
40252.44665176247
41104.665039112035
41961.1966365855
42821.886675653725
43686.582614455
44555.13415495243
45427.39325688241
46303.2141485842
47182.45333502052
48064.96960306693
48950.62402428404
49839.27995525074
50730.803035786674
51625.061184972525
52521.924595276316
53421.265724847
54322.95928810979
55226.882244779365
56132.91378740301
57040.93532753843
57950.83048066677
58862.4850499363
59775.78700882633
60690.62648281775
61606.89573015057
62524.48912174607
63443.30312036564
64363.236259075595
65284.189119083196
66206.0643070052
67128.76643162733
68052.20208020952
68976.27979438913
69900.91004573059
70826.00521096817
71751.4795469848
72677.24916556859
73603.23200798442
74529.34781939848
75455.51813590262
76381.66619516881
77307.71703777243
78233.59735419645
79159.23552255936
80084.56157008106
81009.5071473135
81934.0055024422
82857.99145567916
83781.40137376531
84704.17314459971
85626.2461520123
86547.56125069389
87468.06074129805
88387.68834572712
89306.38918261413
90224.10974301158
91140.79786629631
92056.40271630022
92970.87475767438
93884.16573249448
94796.22863711382
95707.01769927022
96616.48835545244
97524.5972285302
98431.30210565295
99336.5619164204
100240.33671132813
101142.5876404916
102043.27693264995
102942.3678744522
103839.82479002679
104735.61302083611
105629.69890581642
106522.0497618035
107412.63386424478
108301.42042819691
109188.37958960942
110073.4823868928
110956.7007427709
111838.00744641623
112717.37613586658
113594.78128072253
114470.19816512261
115343.60287099592
116214.97226158911
117084.28396526627
117951.51635957923
118816.648555606
119679.66038255527
120540.53237263365
121399.245746174
122255.78239702145
123110.12487817471
123962.25638768004
124812.16075477404
125659.82242627394
126505.22645321065
127348.35847770327
128189.20472007051
129027.75196617712
129863.98755501135
130697.89936649133
131529.475809496
132358.70581011852
133185.5788001389
134010.08470571158
4.262048506206396
7.099318780635112
11.199204107154701
16.894984194972164
24.553835137780943
34.57312832530868
47.37642872062938
63.40934715313306
83.1353361358137
107.03154880457586
135.58481940197876
169.28782716902825
208.6354846053767
254.1215790793864
306.23568614034207
365.4603641494401
432.26863279009564
507.12173242702045
590.467156951325
682.7369494843659
784.3462479431981
895.6920658389755
1017.1522926555001
1149.0848976092261
1291.8273205082032
1445.6960333497636
1610.9862571524573
1787.97181849171
1976.905131366
2178.0172905585314
2391.51826355102
2617.597168908141
2856.4226298745252
3108.143192846527
3372.887801159924
3650.766315478614
3941.87007282341
4246.2724770588975
4564.029614274025
4895.180887228673
5239.749663599192
5597.743933316949
5969.156970889927
6353.96799882493
6752.142849336487
7163.634620965389
7588.384328030888
8026.321540635981
8477.365013426686
8941.423301558378
9418.395362572157
9908.171143109139
10410.632149592046
10925.652002184288
11453.096971497618
11992.82649766272
12544.693691504099
13108.545817672499
13684.22475968714
14271.56746692567
14870.406383675689
15480.569860426212
16101.882547633986
16734.165772247314
17377.237897310413
18030.914665005763
18695.00952347662
19369.333937996103
20053.697687006243
20747.909141970304
21451.77553498873
22165.103210533314
22887.69786446406
23619.364769833952
24359.908990086817
25109.135580108978
25866.84977559016
26632.857171144355
27406.96388763419
28188.97672913409
28978.703329959888
29775.95229218178
30580.533314028613
31392.257309580233
32210.936520134404
33036.38461762321
33868.4168004426
34706.84988204799
35551.502372656214
36402.19455438378
37258.748550139324
38120.98838657707
38988.7400514068
39861.831545344925
40740.092928980805
41623.3563648206
42511.45615476215
43404.22877324299
44301.51289628779
45203.14942671669
46108.98151563386
47018.85458052382
47932.61632006068
48850.11672586572
49771.208091313674
50695.745017735455
51623.584417949445
52554.58551744701
53488.60985331426
54425.52127104215
55365.18591936008
56307.47224322188
57252.250975065566
58199.3951244647
59148.77996628086
60100.283027423284
61053.784072315815
62009.16508716567
62966.31026312511
63925.105978431005
64885.440779604105
65847.20536178492
66810.29254827909
67774.5972693817
68740.0165405465
69706.44943996044
70673.79708558459
71641.96261171468
72610.85114511513
73580.36978077504
74550.42755733377
75520.93544490647
76491.80625654111
77462.954749778
78434.29747429451
79405.75280972422
80377.24092724985
81348.68376381192
82320.00499627451
83291.13001557438
84261.98590087969
85232.5013937806
86202.60687253503
87172.23432638928
88141.31732999296
89109.79101792602
90077.59205935491
91044.65863283223
92010.93040125558
92976.34848699752
93940.85544721996
94904.39524938332
95866.91324696124
96828.35615537055
97788.67202812496
98747.81023321999
99705.72142975702
100662.35754481272
101617.6717505595
102571.61844164223
103524.15321281654
104475.23283685188
105424.81524270342
106372.85949395642
107319.32576754449
108264.17533274523
109207.3705304546
110148.87475274102
111088.65242268117
112026.66897447775
112962.89083385967
113897.28539876506
114829.82102030664
115760.4669840196
116689.1934913908
117615.971641669
118540.77341395487
119463.57164956907
120384.34003469821
121303.05308331572
122219.6861203767
123134.21526528518
124046.61741563032
124956.87023119176
125864.9521182093
126770.84221391667
127674.52037133562
128575.96714432858
129475.16377290695
130372.09216879238
131266.73490122813
132159.07518303854
133049.0968569325
133936.7843820491
134822.1228207421
135705.0978256
136585.69562670012
137463.90301909068
138339.70735050185
139213.09650927942
140084.05891253956
4.278592432852344
7.130232697297768
11.253323571815692
16.98476405980615
24.69619351726925
34.7903394447943
47.697051858697506
63.86916358608018
83.77829260474086
107.9106814379479
136.7631490520194
170.83921366706252
210.64542996786298
256.687971485128
309.4694782291324
369.4861808211846
437.2253051832161
513.1627561091493
597.761073556034
691.4676520741015
794.713211274608
907.9105034597962
1031.453243382957
1165.7152444440662
1311.0497453711803
1467.7889114903826
1636.2434949906437
1816.7026390747728
2009.4338115105252
2214.6828538136742
2432.6741330733694
2663.610784263397
2907.675031671183
3165.0285789786085
3435.813058281782
3720.150529169581
4018.1440197274837
4329.878102093788
4655.419495827127
4994.817693063324
5348.105600010179
5715.300189915407
6096.403163037845
6491.401610101053
6900.268675359636
7322.9642166176545
7759.435459446286
8209.617643344842
8673.434657881942
9150.799667137879
9641.615721026912
10145.776352310848
10663.166158324308
11193.661366620225
11737.130383912132
12293.434327840076
12862.427541220397
13443.958088558013
14037.868234704707
14643.99490563842
15262.170131419776
15892.221471451745
16533.97242222965
17187.24280782105
17851.849153359424
18527.605041874285
19214.32145468575
19911.80709662383
20619.868703833596
21338.311338985714
22066.938669922423
22805.553234821073
23553.956693441844
24311.950065037243
25079.333953375197
25855.90875932834
26641.474881478076
27435.832905179155
28238.783780524434
29050.128989642537
29869.670703754713
30697.211930407455
31532.556651289142
32375.509951029115
33225.87813736746
34083.46885307331
34948.09117997871
35819.55573548465
36697.67476188374
37582.26220883464
38473.13380931053
39370.10714933419
40273.00173180067
41181.63903467773
42095.842563864295
43015.437900975245
43940.25274630597
44870.1169572618
45804.862582401816
46744.323891442706
47688.33740135763
48636.74189882617
49589.3784591614
50546.09046208011
51506.72360427567
52471.12590913635
53439.147733713675
54410.64177311233
55385.46306245695
56363.46897658244
57344.51922758883
58328.47586039469
59315.20324641698
60304.568075499075
61296.439346203035
62290.6883545764
63287.188681498934
64285.81617870887
65286.44895360405
66288.96735290787
67293.25394528621
68299.19350299645
69306.67298264592
70315.58150513362
71325.81033484369
72337.25285815731
73349.80456134542
74363.36300790079
75377.82782811897
76393.1006317085
77409.08511129749
78425.68689052179
79442.81356310126
80460.3746551293
81478.28159988717
82496.44771246772
83514.78816424355
84533.21995721279
85551.66189825344
86570.03457331579
87588.26032158024
88606.26320960626
89623.96900549695
90641.30515310116
91658.20074627505
92674.58650322213
93690.3947409311
94705.55934972737
95720.01576795566
96733.70095680743
97746.55337530746
98758.51295547206
99769.52107765102
100779.52054606359
101788.45556453941
102796.27171247231
103802.91592099656
104808.3364493925
105812.48286172902
106815.30600374854
107816.7579800008
108816.79213123013
109815.3630120212
110812.42636870666
111807.93911754069
112801.85932314117
113794.14617720332
114784.75997748712
115773.66210707971
116760.8150139349
117746.1821906905
118729.72815476455
119711.41842873045
120691.2195209717
121669.09890661585
122645.02500874714
123618.96717989833
124590.89568381908
125560.7816775219
126528.59719360308
127494.31512283794
128457.90919704856
129419.3539722427
130378.62481202169
131335.6978712555
132290.55008002341
133243.15912781697
134193.5034480047
135141.5622025541
136087.31526701056
137030.74321572916
137971.8273073577
138910.5494705675
139846.89229003034
140780.83899263755
141712.37343395932
142641.48008494155
143568.14401883594
144492.35089836258
145414.08696310007
146333.33901710165
4.294790523816894
7.160515723437115
11.306366677771752
17.07280667221293
24.83587605540874
35.00359128620366
48.01201376607557
64.32112789305893
84.4106451346917
108.77583027018065
137.92342668323482
172.3677407462963
212.62693050258082
259.21953114936065
312.661239092124
373.4619674140363
442.12317830213453
519.1354920991221
604.9765680186998
700.109247995879
804.9799524783537
920.0173150516248
1045.6310415040753
1182.210978155716
1330.126373910151
1489.7253204442209
1661.3343551670653
1845.2582119892572
2041.7797055002732
2251.159734812398
2473.637394073742
2709.430177400677
2958.734266826611
3221.7248926281172
3498.5567562122233
3789.364506504641
4094.263261588748
4413.349167967155
4746.699990608842
5094.375727533672
5456.419243301978
5832.856916392237
6223.699295783691
6628.941763091643
7048.565196180868
7482.536631462115
7930.809921954808
8393.32638871489
8870.015463525018
9360.795321035934
9865.57349881306
10384.24750398214
10916.70540538441
11462.826410346846
12022.481425348118
12595.533600017823
13181.838854046562
13781.246386708968
14393.599168812632
15018.734416983
15656.484050281048
16306.675129225054
16969.13027735413
17643.66808552797
18330.103499205772
19028.24818888589
19737.910904756158
20458.89781371724
21191.01282280108
21934.057885732294
22687.833295231794
23452.137960755666
24226.76967220546
25011.52535004775
25806.201282283364
26610.59334870934
27424.4972329143
28247.708622446364
29080.023397588622
29921.237809171183
30771.148645843543
31629.553391222555
32496.250371323906
33371.03889267581
34253.71937150488
35144.09345437317
36041.96413063721
36947.13583708739
37859.41455511733
38778.60790076098
39704.52520792557
40636.97760513672
41575.77808610229
42520.74157439066
43471.68498250867
44428.42726564691
45390.78947039783
46358.59477860296
47331.66854670203
48309.83834073721
49292.93396720796
50280.78750015278
51273.233304449204
52270.10805569175
53271.25075677534
54276.50275137808
55285.7077345187
56298.711760355676
57315.36324738871
58335.51298121562
59359.01411499053
60385.722167723536
61415.49502055466
62448.19291112963
63483.67842619815
64521.81649255078
65562.47436640416
66605.5216213392
67650.83013489269
68698.27407389632
69747.72987865415
70799.07624604378
71852.1941116234
72906.96663082138
73963.27915928252
75021.01923244057
76080.07655680762
77140.34292607136
78201.71232297519
79264.08077217833
80327.34637900828
81391.40929324059
82456.17168492566
83521.53771988275
84587.41353490425
85653.7072127098
86720.32875668867
87787.19006546593
88854.20490732606
89921.28889452587
90988.35945752663
92055.33581917248
93122.13896884334
94188.6916366052
95254.91826738208
96320.74499517033
97386.0996173174
98450.91156888164
99515.11189709294
100578.63323592937
101641.409780826
102703.3772635298
103764.47292711372
104824.63550116295
105883.80517714396
106941.92358396713
107998.93376375262
109054.7801478083
110109.40853282821
111162.76605731816
112214.80117825602
113265.46364799236
114314.70449139713
115362.47598325739
116408.73162593004
117453.42612725422
118496.5153787262
119537.9564339398
120577.70748729538
121615.7278529789
122651.97794421297
123686.4192527821
124719.01432883201
125749.72676094467
126778.52115648906
127805.3631222483
128830.21924532288
129853.05707430915
130873.84510075388
131892.55274088262
132909.15031760212
133923.6090427753
134935.9009997665
135945.99912625848
136953.8771973346
137959.50980883083
138962.87236094935
139963.94104213663
140962.69281322137
141959.10539181065
142953.1572369422
143944.82753399073
144934.09617982473
145920.94376821292
146905.35157547594
147887.30154638263
148866.77628028617
149843.75901749896
150818.23362590274
151790.18458779115
152759.59698694266
4.310653096558003
7.190186076172664
11.358363419206116
17.159158612076265
24.972951569389195
35.21298047495483
48.32144703400641
64.76541456784997
85.03261632429339
109.6272711957104
139.06598506826444
173.8737993924946
214.58043383242583
261.71675717410324
315.8115099077238
377.38829289570737
446.96282912898107
525.0404995748255
612.1141493510742
708.6621567554739
815.1467548710351
932.0125934237362
1059.6855271525478
1198.5716160528707
1349.056322382394
1511.5038891763577
1686.2568851503215
1873.6359012013218
2073.9393842099357
2287.4435944484417
2514.402673597571
2755.048811077705
3009.5924972190633
3278.2228525263336
3561.1080230967736
3858.3956329917087
4170.213285150262
4496.6691030593665
4837.852306168082
5193.833812626564
5564.666863560149
5950.387663535726
6351.016032840719
6766.556066948566
7196.996799741523
7642.312867052096
8102.465167614949
8577.401518859395
9067.057305300546
9571.356117585692
10090.210380524964
10623.521968682126
11171.182808324882
11733.075464736434
12309.073714071466
12899.04309910364
13502.841468357758
14120.319498250588
14751.321197980951
15395.684397012501
16053.241215084576
16723.818514766244
17407.238336639675
18103.318317260164
18811.872090014465
19532.70966967618
20265.63781928821
21010.460402450575
21766.978718601415
22534.991823316384
23314.296833462944
24104.689217692074
24905.963072681057
25717.9113855511
26540.326282886843
27372.999266789964
28215.721438398446
29068.283709302978
29930.47700128952
30802.092434832248
31682.921506757135
32572.756257489204
33471.38942828991
34378.61460888318
35294.22637585998
36218.02042224257
37149.79367857992
38089.3444259363
39036.4724011248
39990.9788945277
40952.66684083507
41921.34090302291
42896.8075498815
43878.87512739465
44867.35392425311
45862.0562318247
46862.796398747254
47869.39088054057
48881.65828440104
49899.41940938636
50922.49728239386
51950.71718992274
52983.90670600527
54021.895716445506
55064.5164395734
56111.60344370272
57162.99366147486
58218.52640126073
59278.04335578756
60341.38860814864
61408.40863534843
62478.952309527696
63552.87089700735
64630.018055283814
65710.24982810192
66793.42463872558
67879.40328152252
68968.04891197087
70059.22703519411
71152.80549312214
72248.6544503747
73346.64637895604
74446.65604184775
75548.56048825463
76652.23897186476
77757.57305834662
78864.4464785716
79972.74517120999
81082.35724861456
82193.17297476775
83305.0847426753
84417.9870512606
85531.77648180957
86646.35167401558
87761.6133016686
88877.46404803285
89993.8085809523
91110.55352772407
92227.60744977463
93344.88081717356
94462.28598301756
95579.73715771378
96697.15038319262
97814.443507076
98931.53615682626
100048.3497138998
101164.8072879278
102280.83369094426
103396.35541168154
104511.3005899512
105625.59899112755
106739.18198074927
107851.98249925456
108963.93503686311
110074.97560861793
111185.04172959863
112294.07239031764
113402.00803230847
114508.79052391707
115614.36313630278
116718.67051965855
117821.65867965609
118923.27495412395
120023.46798996333
121122.1877203074
122219.38534192878
123315.01329290001
124409.02523051
125501.37600944027
126592.02166020391
127680.91936784964
128768.02745093295
129853.30534075652
130936.71356088071
132018.21370690566
133097.76842652552
134175.34139985597
135250.89732003352
136324.40187408918
137395.8217240936
138465.12448857495
139532.27872420847
140597.25390777644
141660.02041839718
142720.54952002352
143778.8133442069
144834.78487312817
145888.437922891
146939.74712707795
147988.68792056642
149035.23652360222
150079.36992612988
151121.0658723758
152160.30284568347
153197.0600535973
154231.31741319323
155263.05553665396
156292.2557170849
157318.89991456963
158342.9707424617
159364.45145391018
4.326190079192802
7.219261314663535
11.409342759122051
17.24386494461493
25.10748677579741
35.41860161067513
48.6254807952503
65.20219398816428
85.64442412822399
110.46527518360753
140.1911521594158
175.35777642394638
216.5063847935966
264.1801481789089
318.92083480672716
381.2657339664683
451.744848721868
530.8783599134917
619.1743588795226
717.1268424820908
825.2139610840755
943.8965079464996
1073.616636976353
1214.7967947403456
1367.8388520819815
1533.123420441221
1711.0093380212734
1901.8333112035464
2105.909697037019
2323.5304131729963
2554.96496226537
2800.46055851442
3060.2423448218565
3334.5136897212496
3623.456554031035
3927.231917902296
4245.980259698852
4579.822078776378
4928.858454981122
5293.171638283658
5672.825662590077
6067.86697821001
6478.325098457677
6904.21325556231
7345.5290623228475
7802.255175901946
8274.359960702048
8761.798147608804
9264.51148722151
9782.429394995175
10315.469586498137
10863.538701242574
11426.532913775867
12004.338530929368
12596.832574309576
13203.88334728679
13825.35098588865
14461.087993142968
15110.939756536398
15774.74504836413
16452.336508842815
17143.541111943807
17848.180613979614
18566.07198499184
19297.027823288627
20040.856753401
20797.363806110952
21566.350784669812
22347.61661298782
23140.95766914107
23946.16810349224
24763.040141967136
25591.364374882447
26430.930031731583
27281.525242341733
28142.937284822037
29014.952820723825
29897.358117835833
30789.93926103599
31692.482351618397
32604.773695511023
33526.599980794
34457.748444922625
35398.00703205214
36347.16454085428
37305.0107632066
38271.33661412734
39245.934253320054
40228.59719868133
41219.12043211728
42217.30049800273
43222.93559460887
44235.825658806825
45255.77244439204
46282.57959422887
47316.052706623945
48355.99939612561
49402.229348981426
50454.554373671635
51512.78844654696
52576.747752968484
53646.25072411579
54721.11806969265
55801.172806742135
56886.24028477343
57976.14820739496
59070.72665064107
60169.80807817021
61273.227353507325
62380.821749493916
63492.43095510317
64607.89707977105
65727.06465538673
66849.7806360806
67975.8943959408
69105.25772478433
70237.72482210227
71373.1522892944
72511.39912030107
73652.32669073812
74795.79874563299
75941.68139834295
77089.84305334293
78240.15451517768
79392.48884664447
80546.72141329943
81702.72985215248
82860.39405202332
84019.59613314013
85180.2204260435
86342.15344985545
87505.28388997201
88669.50257523173
89834.70245461243
91000.77857350459
92167.62804960723
93335.15004848965
94503.2457588607
95671.81836758427
96840.77303447734
98010.0168669263
99179.45889435298
100349.0100425628
101518.58310800279
102688.09273195777
103857.45537471012
105026.58928968747
106195.41449762111
107363.85276073647
108531.82755699537
109699.26405441007
110866.08908544459
112032.23112152153
113197.62024764904
114362.18813718199
115525.86802673095
116688.59469123099
117850.30441918237
119010.93498807286
120170.42563999207
121328.71705744693
122485.75133938566
123641.47197743921
124795.8238323861
125948.75311084725
127100.20734221677
128250.1353558339
129398.4872584002
130545.214411647
131690.26941025606
132833.6060600374
133975.17935636657
135114.9454628841
136252.8616904587
137388.88647641725
138522.97936404098
139655.10098233103
140785.2130260422
141913.278235987
143039.26037960916
144163.12423182698
145284.83555614695
146404.3610860456
147521.6685066206
148636.726436509
149749.5044100728
150859.97285984945
151968.10309926682
153073.8673056208
154177.23850331383
155278.1905473531
156376.69810710638
157472.73665031264
158566.28242734735
159657.31245573817
160745.80450493074
161831.73708130038
162915.08941340962
163995.84143750608
165073.97378326228
166149.46775975046
4.341411027805635
7.247758367633619
11.459332669451175
17.32696927425946
25.239546357312392
35.62054660455917
48.924240799714134
65.63163247778974
86.24628188589188
111.29010824580648
141.29925096193057
176.82005422743663
218.40522498410883
266.61020160417604
321.9897598656135
385.09487367131464
456.4698403694788
536.6496743084185
626.1577672398394
725.5038102167755
835.1819685611033
955.6692991747485
1087.4243978008417
1230.8862627696967
1386.4733608861234
1554.5828811731694
1735.590161657512
1929.8482749537695
2137.6877585675616
2359.4164763792437
2595.319598363431
2845.6596862108677
3110.676873278905
3390.58912795741
3685.592590298504
3995.861972466684
4321.551014305235
4662.792985948288
5019.701230144635
5392.36973753486
5780.873748790202
6185.270377893135
6605.599251911197
7041.883162243512
7494.128723641301
7962.32703723423
8446.454354358048
8946.47273832545
9462.330721622202
9993.96395632176
10541.295855797292
11104.23822606973
11682.691885367809
12276.5472706909
12885.68503036036
13509.976601721452
14149.284773316178
14803.464230990427
15472.362087526537
16155.818395506536
16853.66664321358
17565.73423346888
18291.842945382206
19031.809378938437
19785.445383407983
20552.55846711163
21332.952193139725
22126.426556887276
22932.778348324548
23751.801498439454
24583.28741031677
25427.025275214168
26282.802374004525
27150.404364391525
28029.615554266045
28920.219161639798
29821.997561547218
30734.732520334797
31658.205417750105
32592.197457242128
33536.489864883086
34490.86407731709
35455.10191913669
36428.98577008203
37412.29872245164
38404.82472910514
39406.34874243135
40416.65684464674
41435.53636977968
42462.77601768783
43498.165960446146
44541.49794142653
45592.56536742898
46651.16339407278
47717.089004877496
48790.14108424002
49870.12048455354
50956.8300879087
52050.0748624082
53149.66191351587
54255.40053061684
55367.102229033706
56484.580787723324
57607.65228287194
58736.13511759576
59869.85004794787
61008.6202054234
62152.27111614768
63300.630716923784
64453.529368310155
65610.79986488968
66772.27744288728
67937.79978528421
69107.20702457256
70280.34174328612
71457.04897243824
72637.17618799215
73820.57330548181
75007.0926728987
76196.58907430683
77388.91965780802
78583.94404740288
79781.52420643128
80981.52448509276
82183.81159268666
83388.25458113497
84594.72482751207
85803.09601565436
87013.2441169211
88225.04737017245
89438.38626102873
90653.14350047178
91869.2040028446
93086.45486330504
94304.78533478417
95524.08680449895
96744.25277006505
97965.1788152546
99186.76258543949
100408.90376276038
101631.50404105893
102854.46710060666
104077.69858266658
105301.10606391629
106524.59903076399
107748.08885358402
108971.48876089965
110194.71381353628
111417.68087876993
112640.30860449128
113862.51739340766
115084.22937730046
116305.36839135698
117525.85994859383
118745.63121438696
119964.61098112361
121182.7296429895
122399.91917090466
123616.11308761915
124831.24644298026
126045.25578938136
127258.07915740093
128469.6560316423
129679.92732678022
130888.83536382313
132096.32384659685
133302.33783845667
134506.82373923197
135709.72926241087
136911.00341256705
138110.59646303364
139308.45993382874
140504.5465698341
141698.8103192308
142891.20631219423
144081.69083985034
145270.22133349426
146456.75634407328
147641.25552193582
148823.67959684515
150003.9903582611
151182.1506358875
152358.124280487
153531.87614496262
154703.37206570493
155872.57884420574
157039.46422893566
158203.99689748624
159366.14643897497
160525.8833367105
161683.1789511196
162838.00550293137
163990.3360566188
165140.14450409557
166287.4055486654
167432.09468922325
168574.18820470548
169713.66313878683
170850.49728482214
171984.669171031
173116.15804592226
4.356325142897458
7.275693559650532
11.508360169558083
17.40851379673693
25.36919302778825
35.818904753939144
49.21784967736945
66.05389237263199
86.83839835860401
112.10203142038453
142.39059943115987
178.26101052958444
220.2773923619715
269.00741308143176
325.01883218723106
388.87630012303924
461.1384178831254
542.3550615519823
633.0649715707564
733.7936024335663
845.0512253237856
967.3312737765403
1101.1089206687377
1246.8398736610684
1404.9593752172764
1575.881393327199
1759.99798839968
1957.6788423240184
2169.270935774389
2395.0983603318973
2635.4622524999463
2890.640837336313
3160.889570049555
3446.441364616722
3747.5068991598196
4064.2749885789713
4396.913015534095
4745.567411650791
5110.364181421855
5491.4094619288535
5888.790111984323
6302.574325285921
6732.812261980725
7179.536694261469
7642.763661662197
8122.493132293385
8618.709666642773
9131.383080941912
9660.469107444074
10205.91004927614
10767.635427818426
11345.56262083272
11939.59748980189
12549.6349951657
13175.559798338521
13817.246849576924
14474.56196092945
15147.362363649516
15835.497249585998
16538.808296185132
17257.130174845246
17990.291042460223
18738.113015985073
19500.412630636616
20277.001279939883
21067.68564082645
21872.26808086937
22690.54704972094
23522.317454388598
24367.37101872206
25225.496627423647
26096.480654917435
26980.107279430624
27876.158782657152
28784.415835384243
29704.657769473088
30636.662836590192
31580.208454091022
32535.071438459796
33501.02822670883
34477.85508614121
35465.32831287671
36463.22441953763
37471.32031248695
38489.393459004525
39517.22204478166
40554.585122106306
41601.26274910451
42657.03612039451
43721.687689502556
44795.00128337247
45876.76220934305
46966.75735480986
48064.77528001999
49170.60630421656
50284.0425853896
51404.87819409615
52532.909181383875
53667.93364126105
54809.7517679002
55958.16590783504
57112.98060738968
58274.00265556987
59441.041122639435
60613.907394594265
61792.41520374004
62976.38065557107
64165.622252140056
65359.96091210112
66559.21998760095
67763.22527818623
68971.80504188813
70184.79000363826
71402.01336116403
72623.31078850506
73848.52043728577
75077.48293587478
76310.04139884104
77546.04136081674
78785.33089290927
80027.76047172092
81273.18303112997
82521.45393890134
83772.43098423147
85025.97436403033
86281.94666802521
87540.21286276911
88800.64027463076
90063.09857184076
91327.45974566413
92593.59809076617
93861.39018483614
95130.71486752872
96401.45321878088
97673.4885365599
98946.70631409338
100220.9942166311
101496.24205778557
102772.34177549579
104049.18740765586
105326.67506744874
106604.70291842245
107883.17114934459
109161.9819488693
110441.03948004796
111720.24985471358
112999.52110776848
114278.76317140042
115557.88784925436
116836.80879058098
118115.44146438775
119393.70313361027
120671.51282932598
121948.7913250276
123225.46111097441
124501.44636863649
125776.67294524885
127051.06832848802
128324.56162128565
129597.08351679052
130868.56627349107
132138.94369050878
133408.15108307256
134676.12525818316
135942.80449047603
137208.12849829023
138472.03841995125
139734.476790273
140995.38751728658
142254.71585919935
143512.40840159127
144768.41303485094
146022.67893185694
147275.15652590655
148525.7974888963
149774.5547097562
151021.3822731402
152266.23543837448
153509.0706186668
154749.8453605756
155988.5183237425
157225.04926088746
158459.3989980674
159691.5294151993
160921.40342684608
162148.9849632675
163374.2389517335
164597.1312981006
165817.62886865044
167035.699472189
168251.3118424066
169464.43562049587
170675.0413380276
171883.10040008256
173088.58506863765
174291.46844620415
175491.7244597182
176689.3278446784
177884.2541295312
179076.47962030198
180265.98138546682
4.370941285021525
7.303082636213727
11.556451363194169
17.488539349388986
25.496487595680364
36.01376281585809
49.50642608343907
66.46913208996148
87.42097777411298
112.9013007682285
143.4655103912967
179.68101820036156
222.12332088886572
271.372275865317
328.0085990623692
392.61060532839537
465.7512040169231
547.9951559750851
639.8965928941116
741.9967957799888
854.8222259914558
978.8827997514237
1114.670395138678
1262.6575792874069
1423.2965424033214
1597.0182251520419
1784.231625182299
1985.3232690430402
2200.656835741511
2430.572918637656
2675.388912815629
2935.399015681589
3210.874329118354
3502.0630522072915
3809.190754183525
4132.460718022161
4472.0543456403375
4828.131616460651
5200.831591671974
5590.272957168763
5996.554598611833
6419.756203072182
6859.938881472043
7317.145807315902
7791.40286721857
8282.719319323944
8791.088456096351
9316.488268344441
9858.882107688263
10418.219345002242
10994.436022663978
11587.455498710518
12197.189081253071
12823.536651728158
13466.387275770227
14125.619800678844
14801.103438623766
15492.698334885361
16200.256120566915
16923.62044933986
17662.627517895675
18417.10656982893
19186.88038299243
19971.76574039059
20771.57388288561
21586.110947827117
22415.178389015407
23258.5733812795
24116.0892087883
24987.515637512042
25872.6392721181
26771.24389761065
27683.110806045082
28608.019108666304
29545.74603383349
30496.06721110635
31458.756941875225
32433.588456924277
33420.334161321065
34418.76586702666
35428.65501362263
36449.77287754817
37481.89077023942
38524.780225558745
39578.21317689758
40641.962124330166
41715.80029219025
42799.50177743523
43892.8416891484
44995.59627956695
46107.54306688516
47228.46095028403
48358.13031743731
49496.33314477337
50642.85309096326
51797.47558371112
52959.98790029802
54130.179242094215
55307.840803321196
56492.76583432469
57684.74969961108
58883.58993089148
60089.086275368354
61301.04073949233
62519.2576284071
63743.54358129344
64973.70760281519
66209.5610908619
67450.91786077565
68697.59416624239
69949.40871702069
71206.18269367401
72467.73975946585
73733.90606957092
75004.51027774831
76279.38355290578
77558.35951967307
78841.27438116174
80127.96679395389
81418.27792551834
82712.0514361191
84009.13347133959
85309.37265303746
86612.6200688293
87918.72926019819
89227.55620931418
90538.95932465348
91852.79942549745
93168.93972538998
94487.24581462645
95807.58564184526
97129.82949478978
98453.84998030399
99779.52200362264
101106.7227470148
102435.33164783473
103765.230376033
105096.3028111777
106428.43501903265
107761.51522773734
109095.43380363124
110430.08322676268
111765.35806612043
113101.15495462442
114437.37256390917
115773.91157893272
117110.67467244167
118447.5664793212
119784.49357085706
121121.36442893522
122458.0894202046
123794.58077022381
125130.75253761496
126466.52058824428
127801.80256944851
129136.51788432492
130470.58766610161
131803.93475260414
133136.48366083304
134468.16056166554
135798.89325469488
137128.61114321835
138457.24520938654
139784.7279895226
141110.99354962196
142435.97746104075
143759.6167763826
145081.85000558887
146402.61709224136
147721.8593900833
149039.51963976322
150355.54194580897
151669.87175383506
152982.4558279885
154293.24222863602
155602.18029029737
156909.22059982744
158214.31497484798
159517.4164424346
160818.4792180579
162117.45868478192
163414.31137272133
164708.99493875692
166001.4681465131
167291.6908465939
168579.6239570814
169865.22944429502
171148.4703038107
172429.3105417421
173707.71515628044
174983.65011949424
176257.08235938766
177527.97974221536
178796.3110550546
180062.0459886316
181325.15512040086
182585.609897878
183843.382622221
185098.4464320611
186350.77528758012
187600.34395483197
4.385267989648018
7.329940787704861
11.60363147395414
17.567085459753557
25.621489025784676
36.20520507951574
49.79008663943692
66.87750620025588
87.9942198775455
113.68816738158277
144.5242914735202
181.08044508586926
223.94344021548795
273.70527807919177
330.9596072061845
396.2983841100591
470.3088290078273
553.5706055327435
646.653273670321
750.1139980241921
864.4955080405878
990.3243019231362
1128.1090839687042
1278.3394236040567
1441.4846234185811
1617.992782878287
1808.29004411194
2012.7800061158932
2231.8432938775977
2465.8372692411704
2715.0958707369637
2979.929570165483
3260.625434263683
3557.447280431009
3870.635916122952
4200.409452220395
4546.963681263495
4910.472512179908
5291.0884537006705
5688.943139336149
6104.147887178087
6536.794288880026
6986.954821848199
7454.683480010402
7940.01641851387
8442.972608302425
8963.554496912893
9501.748672213034
10057.526526157752
10630.844915967933
11221.646820438129
11829.861989356801
12455.407584277595
13098.188809112833
13758.099529233159
14435.022877950938
15128.831849440863
15839.389877310829
16566.55139818046
17310.16239975448
18070.0609529957
18846.077727988835
19638.036494125932
20445.75460201944
21269.043451240457
22107.708939774515
22961.5518977624
23830.36850483604
24713.950691349608
25612.086523726444
26524.560574175553
27451.154275060664
28391.646258227873
29345.812679619627
30313.427529517656
31294.26292877277
32288.089411388235
33294.67619383272
34313.79143146393
35345.20246244751
36388.67603955808
37443.97855024904
38510.87622537678
39589.13533696221
40678.52238536942
41778.80427627614
42889.74848780567
44011.12322817752
45142.697584271926
46284.24166136452
47435.52671449466
48596.325271725465
49766.41124958479
50945.560061173506
52133.54871702324
53330.155919170225
54535.16214867267
55748.34974686452
56969.502990620516
58198.40816189798
59434.85361181207
60678.62981949356
61929.5294459684
63187.34738329142
64451.880799157545
65722.9291772056
67000.29435322298
68283.78054745113
69573.19439318366
70868.34496184305
72169.04378471352
73475.1048715013
74786.34472588655
76102.58237058208
77423.63929554897
78749.33958901819
80079.50981895116
81413.9790975788
82752.57906964357
84095.14391096776
85441.51032510829
86791.51753821003
88145.00729216491
89501.8238361794
90861.81391684881
92224.82676683122
93590.7140922114
94959.3300586399
96330.53127632859
97704.17678398076
99080.12803172947
100458.24886315582
101838.4054964533
103220.46650480358
104604.30279602378
105989.7875915445
107376.79640477282
108765.2070188938
110154.89946416023
111545.7559947179
112937.66106501198
114330.50130581683
115724.16549993062
117118.54455757272
118513.53149152077
119909.02139202155
121304.91140150944
122701.1006891624
124097.49042532567
125493.9837558299
126890.48577623173
128286.90350599926
129683.1458626675
131079.1236359849
132474.74946207233
133869.93779761315
135264.60489409306
136658.6687721074
138052.04919575146
139444.66764710922
140836.44730085396
142227.3129989756
143617.1912256449
145006.0100822286
146393.69926246372
147780.19002780272
149165.4151829385
150549.3090515168
151931.8074520452
153312.84767400543
154692.36845417548
156070.30995316838
157446.6137321923
158821.2227300378
160194.0812402973
161565.13488881834
162934.3306113998
164301.6166317271
165666.94243955606
167030.25876914384
168391.51757793085
169750.6720254755
171107.67645264242
172462.48636104702
173815.0583927558
175165.35031024468
176513.32097661446
177858.93033606475
179202.13939462625
180542.91020115072
181881.20582855883
183216.99035534562
184550.2288473418
185880.88733973133
187208.93281932364
188534.3332070795
189857.05734088906
191177.07495860098
192494.35668130108
193808.87399683925
195120.59924360167
4.399313481298126
7.356282672255529
11.649924879288502
17.64419039244487
25.744254499272724
36.39331343746481
50.068944146576655
67.27916550109545
88.55831998781666
114.4628774031173
145.56724507159646
182.45965386769555
225.73817540502944
276.00691129453196
333.87240206387713
399.9402331175922
474.8119292270271
559.0820700264873
653.3356755184419
758.1458451967219
874.0716482907482
1001.6562576923312
1141.4253180175212
1293.8855367080655
1459.5234859889567
1638.8046028045221
1832.1723734758234
2040.0476897041287
2262.8283626312136
2500.8887819322085
2754.579707259608
3024.228179884951
3310.137542877928
3612.5875587806377
3931.834614339251
4268.112002522869
4621.63027263458
4992.577640032471
5381.120447536236
5787.403671264124
6211.551464023801
6653.667730488344
7113.836728020406
7592.123688389173
8088.575455579573
8603.221135503885
9136.07275381676
9687.125918420028
10256.360483602424
10843.741213091058
11449.218439598364
12072.728718730717
12714.195475384948
13373.529640997122
14050.63028022615
14745.385205853796
15457.671580864002
16187.356506829394
16934.297597882167
17698.343539681617
18479.334632842336
19277.103320962196
20091.474701507166
20922.267021860713
21769.29215797046
22632.35607705812
23511.259283939027
24405.797251118034
25315.760832806704
26240.936663047745
27181.10753816951
28136.052783824976
29105.548606895703
30089.368432565167
31087.28322688333
32099.061805161684
33124.47112654903
34163.27657514895
35215.2422280477
36280.131110625254
37357.70543952725
38447.726853675515
39549.95663369639
40664.155910143585
41790.08586089084
42927.50789806535
44076.18384488203
45235.876102780414
46406.34780912339
47587.362985931664
48778.686679918654
49980.08509412265
51191.32571163712
52412.17741152526
53642.41057740208
54881.79719891923
56130.110966459106
57387.1273593245
58652.62372770146
59926.37936866515
61208.17559648937
62497.79580751306
63795.02553980724
65099.65252787956
66411.46675264409
67730.26048687621
69055.82833636628
70387.96727697502
71726.47668778982
73071.15838057066
74421.81662566881
75778.25818708546
77140.29227940392
78507.73070906242
79880.38776295076
81258.08028165289
82640.62765517665
84027.85182874244
85419.57730627334
86815.63115171272
88215.84298829193
89620.044995864
91028.07190641457
92439.76099785812
93854.95208621981
95273.48751630244
96695.2121509305
98119.9733588614
99547.62100144915
100978.00741814141
102410.98741088792
103846.41822753496
105284.15954427604
106724.07344722615
108166.0244131851
109609.87928964949
111055.50727413333
112502.77989285188
113951.57097882207
115401.75664942972
116853.21528351157
118305.82749799725
119759.47612415464
121214.04618348002
122669.42486327147
124125.5014919222
125582.16751397026
127039.31646493591
128496.84394598004
129954.64759841125
131412.62707807287
132870.68402963257
134328.72206080362
135786.6467165189
137244.3654530816
138701.7876123127
140158.82439571575
141615.388838678
143071.39578472497
144526.76185984485
145981.40544689918
147435.2466601336
148888.2073198025
150340.21092692087
151791.18263815454
153241.04924086021
154689.73912828643
156137.18227494336
157583.31021215263
159028.05600378333
160471.35422218355
161913.14092431343
163353.35362808715
164791.93128892832
166228.81427654662
167663.94435193777
169097.2646446146
170528.7196300693
171958.25510747507
173385.8181776265
174811.35722112362
176234.8218768019
177656.16302041002
179075.3327435376
180492.284332794
181906.9722492402
183319.35210807418
184729.38065857074
186137.01576427685
187542.21638346146
188944.9425498215
190345.15535344303
191742.81692201702
193137.8904023101
194530.33994188922
195920.13067109924
197307.2286852928
198691.60102731135
200073.2156702156
201452.04150026577
202828.04830014732
4.413085686985955
7.3821224375737025
11.695355143125012
17.71989119436985
25.86483947201464
36.57816745545926
50.343108594494666
67.67425709263198
89.11346905872722
115.22567205428018
146.59466831315513
183.8190019464002
227.50794669153942
278.2776585768717
336.7475271804112
403.53674992107096
479.26114593525807
564.5302194547655
659.9444770907323
766.0929989155493
883.5512596050409
1012.8791930355983
1154.619491519073
1309.2961292109626
1477.4130980449665
1659.4533437649534
1855.8778891642464
2067.12513145024
2293.6103006713165
2535.725066349453
2793.8372797488805
3068.290839698111
3359.405670330664
3667.477799695794
3992.7795287686154
4335.559681021657
4696.043923290755
5074.435149350744
5470.913918186791
5885.63893943154
6318.747599444685
6770.35652131708
7240.562153345577
7729.441380592176
8237.052154751658
8763.434137976601
9308.609356724592
9872.58286208074
10455.343393370746
11056.864042215442
11677.102914489044
12316.003787930555
12973.496763422723
13649.498908196283
14343.914889440332
15056.637597004317
15787.548754063364
16536.51951478874
17303.411048219918
18088.07510767444
18890.354585019973
19710.0840503605
20547.09027389379
21401.192734586733
22272.204110651004
23159.930754673693
24064.173152423722
24984.726365527367
25921.38045811883
26873.920907616102
27842.128999812692
28825.7822085095
29824.65455994063
30838.516982273053
31867.13764047971
32910.28225690562
33967.71441785939
35039.19586657523
36124.48678290036
37223.34605006798
38335.53150892275
39460.80019996771
40598.9085936031
41749.61280892764
42912.66882147184
44087.83266022291
45274.86059434466
46473.50930985497
47683.536076739474
48904.69890677195
50136.7567023443
51379.46939681745
52632.59808648491
53895.90515464309
55169.15438801466
56452.1110858401
57744.54216193634
59046.216240010566
60356.903742511044
61676.376973287755
63004.41019432731
64340.7796968193
65685.26386680167
67037.64324562659
68397.70058547845
69765.2209001689
71139.9915114263
72521.80209088787
73910.4446979982
75305.71381400683
76707.40637225378
78115.32178492346
79529.26196644033
80949.03135367387
82374.4369231139
83805.28820517004
85241.39729574499
86682.57886522275
88128.65016501043
89579.43103176316
91034.7438894195
92494.4137491676
93958.26820745751
95426.13744217144
96897.85420705755
98373.25382452858
99852.17417692408
101334.45569632763
102819.9413530293
104308.47664271793
105799.90957248454
107294.09064571487
108790.87284594504
110290.11161975106
111791.66485874009
113295.39288070769
114801.1584100222
116308.82655729598
117818.2647983977
119329.34295286037
120841.93316173511
122355.90986493784
123871.14977813704
125387.53186922382
126904.93733440714
128423.24957397264
129942.35416774351
131462.13885027732
132982.49348583433
134503.3100431468
136024.48257002234
137545.9071678076
139067.48196573948
140589.10709521224
142110.68466398027
143632.11873032383
145153.31527719568
146674.18218637168
148194.62921262305
149714.56795792893
151233.91184574578
152752.57609535006
154270.47769626946
155787.53538281575
157303.6696087334
158818.80252197583
160332.85793962146
161845.76132293887
163357.43975261305
164867.8219041408
166376.8380234039
167884.41990242925
169390.50085534187
170895.0156945188
172397.90070694982
173899.0936308105
175398.5336322537
176896.16128242313
178391.9185346945
179885.7487021478
181377.59643527397
182867.4076999196
184355.12975547204
185840.7111332885
187324.10161536917
188805.2522132783
190284.11514731392
191760.64382592723
193234.7928253935
194706.517869734
196175.77581089054
197642.5246091533
199106.7233138398
200568.33204422847
202027.31197074283
203483.62529638855
204937.2352384421
206388.10601038867
207836.202804111
209281.4917723267
210723.94001127224
4.42659224900466
7.407473741788065
11.739945047151298
17.794223738321733
25.98329773119223
36.75984444087663
50.61268705115452
68.06292445420618
89.65985374402291
115.97678767181948
147.6068530450166
185.15884134687724
229.25316927017866
280.5179947739731
339.5855236294484
407.0885321814783
483.657124135463
569.9157324830874
666.4803720922012
773.9561438836101
892.9349877915721
1023.9936787376838
1167.6920575368738
1324.5714869105059
1495.1535215070462
1679.9387799623878
1879.4060064905332
2094.0113092302413
2324.187562525572
2570.343960466158
2832.86570924389
3112.1138463283187
3408.4251748653146
3722.1123022567267
4053.463772430143
4402.744281903591
4770.194970317563
5156.03377675567
5560.455853741483
5983.634031261292
6425.719324188256
6886.8414762351495
7367.109534871682
7866.612451677763
8385.419703223608
8923.58192799116
9481.131575268746
10058.08356234125
10654.435936663338
11270.170540042367
11905.253672172994
12559.636751157135
13233.256968912337
13926.037939619882
14637.890339592079
15368.712537147549
16118.391211274882
16886.801958039767
17673.80988385058
18479.27018475752
19303.0287117662
20144.92251990726
21004.78040362704
21882.42341526652
22777.66536819807
23690.31332390994
24620.16806307152
25567.02454058958
26530.67232472144
27510.896020358356
28507.475676635804
29520.187179063978
30548.80262640403
31593.090692544123
32652.816973651836
33727.74432090113
34817.63315908757
35922.24179145988
37041.32669110752
38174.64277925109
39321.943690791115
40482.98202747303
41657.50959903079
42845.27765267149
44046.037091257516
45259.538680587226
46485.533246036386
47723.77185904162
48974.006013698636
50235.98779378228
51509.4700307078
52794.20645252817
54089.95182447213
55396.46208127602
56713.49445163495
58040.80757508037
59378.16161158389
60725.31834417883
62082.041274883486
63448.09571420244
64823.24886447346
66207.26989732082
67599.93002546614
69001.00256914279
70410.26301734861
71827.48908416684
73252.46076037637
74684.96036056482
76124.77257822013
77571.68446311519
79025.48557883165
80485.96791118456
81952.92595714968
83426.15673681126
84905.45981438039
86390.63731617318
87881.49394570272
89377.8369960311
90879.47635952308
92386.2245351371
93897.89663338373
95414.3103790772
96935.2861119987
98460.64678558822
99990.21796377364
101523.82781604344
103061.30711086448
104602.48920754083
106147.21004660787
107695.3081388489
109246.62455302007
110801.00290236495
112358.2893299958
113918.33249321583
115480.98354685381
117046.09612567819
118613.52632595497
120183.13268621222
121754.7761672684
123328.32013158161
124903.6303219732
126480.57483977555
128059.02412245369
129638.85092074636
131219.9302753707
132802.13949333096
134385.35812387365
135969.46793412376
137554.35288444097
139139.89910352573
140725.99486331307
142312.53055367921
143899.39865699376
145486.49372254327
147073.71234085292
148660.95311793016
150248.11664945443
151835.10549493457
153421.82415185505
155008.1790298296
156594.07842478246
158179.43249317273
159764.15322628012
161348.15442456582
162931.35167212435
164513.66231123867
166095.00541705318
167675.30177237393
169254.47384261002
170832.44575086396
172409.14325318328
173984.49371398007
175558.42608162868
177130.8708642479
178701.7601056765
180271.02736164682
181838.60767616428
183404.43755809733
184968.45495798404
186530.59924505837
188090.81118450218
189649.03291492595
191205.2079260815
192759.28103681072
194311.1983732318
195860.9073471662
197408.3566348089
198953.4961556425
200496.2770515977
202036.65166646065
203574.5735255293
205109.9973155186
206642.8788647143
208173.17512337872
209700.84414440463
211225.84506421996
212748.1380839428
214267.68445078458
215784.4464397028
217298.38733530164
218809.4714139801
4.439840537091245
7.432349772415586
11.783716620810214
17.86722276499347
26.09968145021091
36.938419509651716
50.8777837383875
68.44530752174018
90.1976564657715
116.71645575146431
148.6040858310931
186.47951864353848
230.97425311660754
282.7283967514942
342.38692949701203
410.59617689235563
488.00051151538844
575.2392950261391
672.9440674361862
781.735985548693
902.2235086966049
1035.000326838313
1180.643523712713
1339.7119657468058
1512.7449063879615
1700.2607941509355
1902.7562723926278
2120.705358317013
2354.558788659572
2604.7435195428297
2871.66236825153
3155.69378497706
3457.191743020527
3776.48573641042
4113.880874469306
4469.658063333805
4844.074265109543
5237.36282584956
5649.73386419129
6081.374712862316
6532.450406350734
7003.104207715405
7493.458168867334
8003.613718656674
8533.65227372745
9083.635867523915
9653.607793250701
10243.593256981114
10853.60003747559
11483.619149614422
12133.625508668158
12803.578592924361
13493.423102463323
14203.08961212815
14932.495216967189
15681.544168641227
16450.12850148388
17238.128647083395
18045.414036418668
18871.84368858023
19717.266786450586
20581.523235618064
21464.444211356396
22365.852688045987
23285.56395394918
24223.38611011129
25179.120553438464
26152.562443918145
27143.50115600627
28151.720714256742
29177.000213314324
30219.114222432363
31277.83317471117
32352.92374128428
33444.14919070454
34551.26973380623
35674.04285433645
36812.223625666345
37965.56501390504
39133.818167749196
40316.73269541055
41514.05692896837
42725.53817649901
43950.92296232988
45189.95725581368
46442.38668888126
47707.95676285156
48986.41304477321
50277.50135360465
51580.9679367568
52896.559637096456
54224.02405092096
55563.10967716363
56913.56605816275
58275.143912309955
59647.59525888552
61030.67353538254
62424.13370761329
63827.73237288441
65241.22785651926
66664.38030199896
68096.95175498491
69538.70624147891
70989.40984036865
72448.83075059867
73916.73935320006
75392.90826840365
76877.11240805476
78369.12902354034
79868.73774943168
81375.7206430389
82889.86222006753
84410.94948655854
85938.77196729016
87473.12173080878
89013.79341125433
90560.5842271366
92113.29399721381
93671.72515361993
95235.68275237942
96804.97448144516
98379.41066638798
99958.80427386198
101542.97091296532
103131.72883460995
104724.89892901036
106322.30472139634
107923.7723660504
109529.13063876666
111138.2109278231
112750.84722355597
114366.87610662154
115986.13673502517
117608.47082999618
119233.72266078238
120861.73902843465
122492.36924864996
124125.46513373691
125760.88097376598
127398.47351696317
129038.10194940318
130679.62787405585
132322.91528923693
133967.8305665123
135614.24242810137
137262.0219238239
138911.04240763347
140561.17951377592
142212.31113261223
143864.31738614064
145517.0806032548
147170.48529476716
148824.4181282316
150478.76790259362
152133.4255226953
153788.28397366268
155443.23829519987
157098.18555581348
158753.0248269905
160407.65715735036
162061.9855467905
163715.91492064612
165369.35210387994
167022.20579532065
168674.38654196405
170325.8067133532
171976.38047605095
173626.02376821786
175274.6542743083
176922.19139989588
178568.55624663908
180213.67158739723
181857.46184150648
183499.85305022387
185140.77285234816
186780.15046002512
188417.9166347439
190054.00366353072
191688.34533534665
193320.87691769432
194951.5351334386
196580.2581378465
198206.98549584855
199831.65815952918
201454.2184458441
203074.61001457364
204692.7778465095
206308.66822188106
207922.22869902142
209533.4080932747
211142.15645614802
212748.42505470745
214352.16635121917
215953.33398303846
217551.88274274423
219147.76855852167
220740.94847479239
222331.38063309152
223919.02425319242
225503.83961447794
227085.7880375582
4.452837660002681
7.456763269074826
11.826691170058155
17.938921923455162
26.21404124192647
37.11396565167505
51.138500106534025
68.82154276557446
90.72705548547984
117.44490299785278
149.58664796151558
187.7813749034281
232.67160283297227
284.90933445918114
345.1522794157161
414.0602796875926
492.2919574745756
580.5015989345992
679.3362815275353
789.4332479160714
911.4175254771367
1045.8997873179983
1193.474448246259
1354.717987029047
1530.1874851977734
1720.419371153275
1925.9283580008014
2147.206562947511
2384.7227959815964
2638.922005532068
2910.224869016384
3199.0275164329514
3505.7013755556836
3830.593127720159
4174.024763730762
4536.293729872228
4917.673154654066
5318.412147432363
5738.736160498395
6178.847407229234
6638.925328693404
7119.127102361977
7619.5881866673835
8140.422895776013
8681.724999389018
9243.568342828741
9826.0074830866
10429.078336901672
11052.7988373089
11697.169595440651
12362.174564687744
13047.781704625038
13753.94364238471
14480.598329416951
15227.669691815365
15995.068272602713
16782.691864573775
17590.4261324761
18418.14522338994
19265.712365032312
20132.980449365816
21019.7926039911
21925.98274770476
22851.37613168018
23795.78986533813
24759.033426770377
25740.90915756681
26741.212741966116
27759.733670311394
28796.25568684699
29850.557221941268
30922.411808863286
32011.588485278604
33117.852179663256
34240.96408286213
35380.682005044815
36536.76071833067
37708.95228537467
38897.0063742198
40100.670559733226
41319.690611954815
42553.81077169291
43802.774013701885
45066.322297825376
46344.19680835852
47636.13818209869
48941.88672535768
50261.182620240674
51593.766120715074
52939.37773856992
54297.758419779115
55668.64971153208
57051.793920270095
58446.93426105001
59853.81499855131
61272.181580034245
62701.78076055294
64142.36072071775
65593.67117729536
67055.46348692826
68527.4907432459
70009.50786763549
71501.27169392892
73002.5410472597
74513.07681733137
76032.64203858003
77561.00189174476
79097.92388421301
80643.17778077969
82196.53571360359
83757.7722144156
85326.66425488862
86902.99128310985
88486.53525633737
90077.08067021362
91674.41458460416
93278.32664622416
94888.60910820628
96505.05684676202
98127.467375079
99755.64085459351
101389.3801037723
103028.4906045303
104672.78050640876
106322.06062863141
107976.14446015206
109634.84815780289
111297.99054264778
112965.39309464108
114636.8799456875
116312.27787119539
117991.41628021201
119674.12720422474
121360.24528470912
123049.60775950164
124742.05444807097
126437.42773575794
128135.57255705327
129836.3363779766
131539.56917761912
133245.12342890925
134952.85407865635
136662.61852692827
138374.27660581243
140087.69055761045
141802.72501251198
143519.24696579363
145237.1257545834
146956.23303423353
148676.4427543374
150397.6311344293
152119.67663940025
153842.4599546639
155565.86396110326
157289.77370982862
159014.07639677424
160738.66133716077
162463.41993984985
164188.24568161363
165913.03408134246
167637.6826742131
169362.09098583634
171086.16050640485
172809.7946648589
174532.89880308651
176255.38015017562
177977.14779673202
179698.11266927866
181418.18750474913
183137.28682508838
184855.3269119719
186572.2257816564
188287.9031599692
190002.28045744958
191715.28074464903
193426.82872759903
195136.85072345566
196845.27463632633
198552.0299332877
200257.04762059852
201960.26022011557
203661.60174591682
205361.00768113608
207058.41495501559
208753.76192017784
210446.98833012366
212138.0353169563
213826.84536933724
215513.36231067535
217197.53127755068
218879.29869837748
220558.61227230524
222235.4209483614
223909.67490483596
225581.32552890954
227250.3253965242
228916.62825250055
230580.18899089776
232240.96363561938
233898.90932126436
235553.98427422208
4.465590476534191
7.4807265360947515
11.8688893049356
18.009353810140627
26.326426210207337
37.28655379462141
51.39493490805289
69.19176326846019
91.24822497743618
118.16235137988227
150.55481547176237
189.06474564554412
234.34561751815625
287.06127285468176
347.88210414570153
417.4814342105818
496.5321122297258
585.7033407798277
685.6577426654537
797.0486715048212
920.5177660433153
1056.692744922227
1206.1854361016176
1369.5900329195633
1547.4815676373034
1740.4145916978255
1948.9220515564018
2173.51434825718
2414.6785687577108
2672.877876920763
2948.551052252454
3242.1121646639094
3553.950373894035
3884.429842628926
4233.889752853147
4602.644415407227
4990.9834633362925
5399.172120118121
5827.451534277094
6276.039172910606
6745.129266394602
7234.893297831706
7745.480530862245
8277.018570087483
8829.61394879847
9403.352739145459
9998.301180301072
10614.50632056423
11251.996669723409
11910.782858344584
12590.858300974507
13292.199860552182
14014.768511603012
14758.51000005085
15523.355497724448
16309.222249857916
17116.01421408982
17943.622689654447
18791.926935479285
19660.79477728269
20550.08319963523
21459.638927631448
22389.29899224981
23338.891282139528
24308.235080395054
25297.141586191632
26305.414421081696
27332.85011982488
28379.238605689778
29444.36365022268
30528.00331753082
31629.930393173563
32749.912797794525
33887.7139856649
35043.093328337185
36215.80648363764
37405.60575024779
38612.24040814518
39835.4570451919
41074.99987017081
42330.61101258393
43602.03080952772
44888.99808001317
46191.25038697277
47508.52428741232
48840.55557097384
50187.07948720936
51547.83096208555
52922.544803818135
54310.9558985498
55712.799396136536
57127.810886383806
58555.72656605834
59996.283396995925
61449.2192556209
62914.27307418567
64391.18497403412
65879.69639118461
67379.55019452311
68890.49079688865
70412.26425932719
71944.61838878258
73487.30282948591
75040.06914829805
76602.6709142512
78174.8637725305
79756.40551312735
81347.05613439048
82946.57790169244
84554.73540142388
86171.2955905189
87796.02784171027
89428.7039847049
91069.09834346475
92716.98776977035
94372.15167323979
96034.37204796873
97703.43349595035
99379.12324743075
101061.2311783466
102749.54982498882
104443.8743960292
106144.00278204188
107849.73556264774
109560.8760114028
111277.23009854832
112998.60649173577
114724.81655483447
116455.67434492585
118190.9966075842
119930.6027705394
121674.31493581369
123421.9578704195
125173.35899570388
126928.34837541882
128686.75870259637
130448.4252853002
132213.1860313269
133980.8814319234
135751.3545445851
137524.45097499713
139300.01885817817
141077.90883888237
142857.9740513143
144640.0700982082
146424.05502932015
148209.78931938135
149997.1358455557
151785.95986444573
153576.12898868625
155367.513163166
157159.98464091207
158953.41795867457
160747.68991224276
162542.679531526
164338.2680554283
166134.33890654653
167930.77766571796
169727.4720464445
171524.3118692169
173321.1890357626
175117.99750323922
176914.63325839434
178710.9942917116
180506.98057156123
182302.4940183726
184097.43847884636
185891.71970022048
187685.24530460517
189477.92476340232
191269.6693718194
193060.39222349314
194850.00818523264
196638.43387189318
198425.58762139129
200211.38946986967
201995.76112702233
203778.62595158536
205559.90892700467
207339.536637285
209117.43724302718
210893.5404576615
212667.77752388068
214440.08119027902
216210.38568820147
217978.62670880774
219744.74138035532
221508.66824570452
223270.34724004907
225029.71966887516
226786.7281861512
228541.31677275168
230293.43071511504
232043.01658413938
233790.02221431638
235534.39668310483
237276.0902905445
239015.05453911182
240751.24211381684
242484.60686254318
244215.1037766299
4.478105606008951
7.504251463519974
11.910330965997789
18.078550006388852
26.43688399985787
37.45625286618497
51.64718426998625
69.55609880344338
91.76133510381591
118.86901819073888
151.50885917067316
190.32996081478413
235.99669066014724
289.1846716811778
350.5769301986925
420.8602315403482
500.72162599310064
590.8452207300252
691.9091875585544
804.5830114392668
929.5249806609418
1067.3799162306768
1218.7771354288652
1384.3286421625928
1564.6275355666105
1760.246626561643
1971.7372516669736
2199.628272594718
2444.4252499222634
2706.6097789949845
2986.6389763226184
3284.945104879216
3601.9353270368047
3937.9915742263183
4293.47052287763
4668.703666615507
5063.997475263171
5479.633631689414
5915.869337949274
6372.937683154345
6851.048065250479
7350.386660168006
7871.11693185488
8413.380177329796
8977.296101332555
9562.963415588321
10170.460458119924
10799.845828436384
11451.159034798307
12124.421150109603
12819.635473312466
13536.788193467808
14275.849053988231
15036.772014754868
15819.495910094742
16623.94510082223
17450.03011875761
18297.648302243906
19166.684422037426
20057.011294742624
20968.49038584535
21900.9723986171
22854.297850021427
23828.297632499558
24822.79356129107
25837.598906954594
26872.518912837222
27927.351297317076
29001.88674071229
30095.90935681014
31209.197149025316
32341.522451244775
33492.65235345965
34662.349112323616
35850.37054680947
37056.470419166595
38280.39880140595
39521.90242756209
40780.725032000875
42056.607674055886
43349.289049285304
44658.50578769394
45983.992739147885
47325.4832464201
48682.70940612545
50055.40231783382
51443.292321872665
52846.10922591636
54263.582520869626
55695.44158631046
57141.41588583374
58601.23515262259
60074.629565571246
61561.32991627837
63061.067767225315
64573.57560144763
66098.58696400355
67635.8365955364
69185.06055822107
70745.9963543804
72318.3830380471
73901.9613197438
75496.473677163
77101.66438506762
78717.2797254749
80343.0679436761
81978.77938501904
83624.16655186724
85278.98416789595
86942.98923752079
88615.94110066586
90297.60148307476
91987.7345423578
93686.10690996492
95392.487729266
97106.64868991438
98828.3640586638
100557.41070680182
102293.5681343587
104036.61849124302
105786.34659545159
107542.5399484945
109304.98874817145
111073.4858988309
112847.82701923716
114627.8104481672
116413.23724785358
118203.91120538545
119999.63883217509
121800.22936159364
123605.4947448742
125415.24964537911
127229.3114313214
129047.50016702819
130869.63860283078
132695.55216366082
134525.0689364306
136358.01965627086
138194.23769169668
140033.55902876993
141875.82225432232
143720.8685383008
145568.54161529575
147418.68776530738
149271.1557938056
151125.79701113357
152982.4652113058
154841.0166502477
156701.31002352046
158563.20644357536
160426.56941657848
162291.2648188433
164157.16087291075
166024.12812330967
167892.03941203328
169760.76985376287
171630.1968108687
173500.19986821836
175370.6608078195
177241.46358332268
179112.49429440993
180983.6411610923
182854.79449793798
184725.84668825447
186596.69215824155
188467.22735113677
190337.35070137033
192206.96260874587
194075.96541266437
195944.26336640518
197811.76261147874
199678.37115206523
201543.99882955023
203408.55729717077
205271.95999478165
207134.12212375377
208994.9606220135
210854.3941392312
212712.34301217043
214568.72924020275
216423.47646099704
218276.50992639014
220127.75647844482
221977.14452570188
223824.60401962997
225670.06643128107
227513.46472815314
229354.7333512661
231193.80819245515
233030.6265718834
234865.12721577781
236697.2502343923
238526.9371001985
240354.13062630786
242178.77494512644
244000.8154872443
245820.19896056145
247636.87332964965
249450.7877953533
251261.89277462958
253070.13988062638
4.490389438266824
7.5273495427525905
11.951035449651942
18.146541114586007
26.545460844931608
37.6231298547077
51.89534176518646
69.91467591147966
92.26655209114195
119.56511611193324
152.44904467633583
191.57734476906774
237.6252100485455
291.2799852739771
353.23727950185065
424.19725967018974
504.861148218915
595.927941511862
698.0913599450929
812.0370356674794
938.439939704917
1077.962046882815
1231.2502341898944
1398.9344060455633
1581.625838235498
1779.9157310053836
1994.3739608835544
2225.548020181898
2473.9621327691134
2740.1165345130107
3024.486906851688
3327.523952048168
3649.6530989629864
3991.2743285081233
4352.762108361163
4734.4654269303055
5136.707917097325
5559.788060737193
6003.979465400048
6469.531205536459
6956.668220335101
7465.5917615624685
7996.479884805984
8549.487978151445
9124.749322760808
9722.37568025307
10342.457902207103
10985.066557499067
11650.252573560083
12338.047887989936
13048.466107292234
13781.503169804095
14537.13801018132
15315.33322306756
16116.035723824982
16939.177404434507
17784.675782886978
18652.434644438577
19542.344674446333
20454.28407860273
21388.11919466874
22343.705089785923
23320.88614570389
24319.49663031249
25339.361255135376
26380.295718394016
27442.107233338294
28524.595041618864
29627.550911548922
30750.75962116644
31893.999426066057
33057.04251202145
34239.655432464475
35441.599530929496
36662.63134860485
37902.50301716864
39160.96263710997
40437.75464176399
41732.62014730815
43045.29728898463
44375.521543823066
45723.026040199635
47087.54185442994
48468.79829485635
49866.523173575224
51280.44306634351
52710.28356075116
54155.769493157626
55616.62517465304
57092.574606383045
58583.34168456303
60088.6503955053
61608.22500098014
63141.79021422765
64689.071366933356
66249.79456747488
67823.68685074335
69410.4763198363
71009.89227991321
72621.66536449987
74245.5276545196
75881.21280251424
77528.4560769904
79186.9945831416
80856.56723354582
82536.91489573685
84227.78046089696
85928.9089192324
87640.04743006777
89360.94538687759
91091.3544774656
92831.02873949894
94579.72461159386
96337.20098014685
98103.21922209575
99877.54324379159
101659.93951615396
103450.17710627856
105248.02770565779
107053.26565517146
108865.6679669975
110685.01434358867
112511.0871938543
114343.67164668295
116182.55556193467
118027.52953902878
119878.38692324667
121734.92380986558
123596.93904623481
125464.23423190051
127336.61371688228
129213.88459820037
131095.8567147475
132982.3426405968
134873.15767683345
136768.11984199195
138667.04986118223
140569.77115397804
142476.10982114502
144385.89463027552
146298.9570004014
148215.13098564587
150134.25325797984
152056.1630891401
153980.70233176605
155907.7153998108
157837.0492482766
159768.55335232549
161702.07968581267
163637.48269928558
165574.61929749613
167513.3488164622
169453.53300012162
171395.03597661445
173337.72423422924
175281.4665970477
177226.13420032
179171.60046560105
181117.741075679
183064.43394932055
185011.55921586292
186958.9991896759
188906.6383445174
190854.3632878077
192802.0627348409
194749.62748295552
196696.95038568464
198643.92632690122
200590.45219497825
202536.4268569791
204481.75113289358
206426.3277699348
208370.0614169097
210312.85859867738
212254.6276907063
214195.2788937425
216134.72420860047
218072.8774110839
220009.65402704958
221944.97130762052
223878.74820455792
225810.90534579926
227741.3650111696
229670.0511082738
231596.88914857386
233521.80622366
235444.73098171735
237365.59360419656
239284.32578269072
241200.86069602286
243115.13298754828
245027.07874267586
246936.63546660932
248843.7420623133
250748.33880870545
252650.36733907732
254549.7706197461
256446.49292893725
258340.47983590252
260231.6781802711
262120.0360516376
4.5024481431782535
7.550031882368092
11.99102143244632
18.213356792954272
26.652201615466513
37.78724986819548
52.13949848222913
70.26761797843548
92.76403830773341
120.25085328073939
153.37563245892187
192.8072162783122
239.2315577053962
293.3476623936608
355.86366909834317
427.4931030357893
508.9513269130271
600.9522074519591
704.2050093117851
819.4115232992157
947.2634315549909
1088.439908935195
1243.60545697723
1413.407964581323
1598.476987763621
1799.4222394871442
2016.832279586385
2251.2733941124943
2503.2886530092374
2773.3971347722045
3062.093306759095
3369.846549863624
3697.1008164911505
4044.2744111173174
4411.759882984041
4799.924021014631
5209.107941430367
5639.627258919334
6091.7723331341185
6565.808582077323
7061.976855128065
7580.493858556773
8121.55262698476
8685.323034696454
9271.952341163926
9881.56576557707
10514.267085586835
11170.139255862023
11849.245042433318
12551.627669149259
13277.31147290002
14026.302564574882
14798.589493009538
15594.143909450277
16412.9212303139
17254.861296256753
18119.88902571125
19007.915061823784
19918.836409901713
20852.53706667121
21808.888637775744
22787.750944111966
23788.972615721006
24812.391672648053
25857.83609222137
26925.124362302886
28014.066020153045
29124.46217663524
30256.10602556069
31408.78333804097
32582.272941776977
33776.34718526731
34990.77238696726
36225.30926947427
37479.71337885229
38753.73548924386
40047.12199294663
41359.61527615839
42690.954080617434
44040.87385137642
45409.10707101572
46795.38358047082
48199.43088690637
49620.974458768236
51059.738008532135
52515.443763226904
53987.81272321542
55476.56490948808
56981.4195997996
58502.095553971594
60038.311228681116
61589.78498205532
63156.235268388875
64737.38082329912
66332.9408396293
67942.6351344063
69566.18430715511
71203.3098898671
72853.73448891283
74517.18191918632
76193.37733075977
77882.04732832337
79582.92008367657
81295.72544153333
83020.19501889481
84756.06229823778
86503.06271476063
88260.9337379209
90029.41494749344
91808.24810437007
93597.17721631582
95395.9485988909
97204.31093173973
99022.01531044327
100848.81529412439
102684.46694898872
104528.72888798006
106381.36230671973
108242.13101589736
110110.80147027191
111987.14279443775
113870.92680550517
115761.92803283782
117659.92373498756
119564.69391395837
121476.02132692878
123393.69149555708
125317.49271298769
127247.21604867424
129182.65535112923
131123.6072487064
133069.87114851864
135021.2492335887
136977.5464583267
138938.57054242658
140904.13196326655
142874.04394689732
144848.12245769927
146826.18618678406
148808.0565392149
150793.557620116
152782.51621973832
154774.76179754714
156770.1264653934
158768.44496982725
160769.55467361177
162773.29553649138
164779.5100952653
166788.04344321825
168798.7432089532
170811.45953467494
172826.0450539642
174842.354869086
176860.2465278726
178879.58000021597
180900.21765420763
182922.02423196088
184944.86682514552
186968.6148502695
188993.14002373422
191018.3163366936
193044.0200297425
195070.12956746184
197096.52561284238
199123.09100161202
201149.71071648705
203176.2718613706
205202.66363551407
207228.77730766425
209254.5061902112
211279.74561335394
213304.39289930178
215328.34733652286
217351.5101540569
219373.7844959046
221395.07539550515
223415.2897503155
225434.33629650102
227452.12558374912
229468.5699502145
231483.58349760636
233497.08206642495
235508.98321135752
237519.2061768385
239527.67187278296
241534.30285049917
243539.0232787863
245541.75892022267
247542.4371076506
249540.98672086094
251537.33816348345
253531.423340087
255523.1756334899
257512.5298822899
259499.42235861035
261483.79074606966
263465.57411797496
265444.71291574114
267421.1489275389
269394.82526717306
271365.6863531907
4.514287679708068
7.57230922322474
12.030306994354511
18.27902578903257
26.75714986267656
37.948676191723465
52.379743093949926
70.6150453115111
93.25395234181933
120.92643336049042
154.288877889634
194.01988853404876
240.81610983267333
295.38814608356495
358.4566108817996
430.7483420881309
512.9928080015287
605.9187235929434
710.2508897050056
826.7072630561203
955.9962606256322
1098.8142984572803
1255.8435620161472
1427.7500029002297
1615.1815548582379
1818.76656064251
2039.1124001644293
2276.8043096751544
2532.404381180682
2806.4507310556537
3099.4568266972756
3411.910960126163
3744.275857592502
4096.988414554853
4470.4595456459365
4865.074139730339
5281.1911105387935
5719.143533701063
6179.238861931937
6661.759209847723
7166.961701115577
7695.078870695008
8246.319115539856
8820.867187572563
9418.884723189083
10040.51080398274
10685.86254378719
11355.03569753029
12048.10528776357
12765.12624508365
13506.134058994232
14271.145436069082
15060.158962569161
15873.155768940305
16710.10019387311
17570.940445844182
18455.60926014967
19364.024550674712
20296.090052233012
21251.69595668205
22230.719537184414
23233.025762329922
24258.46789837165
25306.888098980406
26378.117981907875
27471.979192052906
28588.2839505195
29726.83558934093
30887.42907162309
32069.851496929972
33273.88259179824
34499.29518532515
35745.855669825185
37013.32444659744
38301.456356885756
39610.001098151435
40938.70362580899
42287.30454060484
43655.54046183664
45043.144386678294
46449.84603575939
47875.37218539479
49319.44698657859
50781.79227123141
52262.127845769486
53760.17177245671
55275.64063878411
56808.249815197516
58357.713701486755
59923.74596215136
61506.05975105814
63104.367925704995
64718.38325140461
66347.81859569869
67992.38711331147
69651.80242194621
71325.7787692259
73014.03119107416
74716.27566182727
76432.2292363636
78161.61018453055
79904.13811814442
81659.53411083059
83427.52081096859
85207.82254799682
87000.16543232769
88804.27744911742
90619.88854612672
92446.73071590453
94284.53807251816
96133.04692304834
97991.99583406173
99861.12569326416
101740.17976653654
103628.903750544
105527.04582110656
107434.35667751201
109350.58958294563
111275.5004012067
113208.84762987497
115150.39243008514
117099.89865306267
119057.13286356702
121021.86436038635
122993.8651940192
124972.91018167602
126958.7769197285
128951.24579372829
130950.09998611544
132955.12548172777
134966.11107122301
136982.8483525181
139005.13173034752
141032.7584140374
143065.52841359077
145103.244534172
147145.7123690781
149192.74029128056
151244.13944361615
153299.72372770388
155359.30979166197
157422.7170166944
159489.76750261558
161560.28605237688
163634.10015565835
165711.03997158294
167790.9383106135
169873.6306156832
171958.95494261483
174046.75193987577
176136.86482772077
178229.13937676212
180323.4238860169
182419.5691604687
184517.42848818586
186616.8576170333
188717.7147310141
190819.86042627628
192923.1576868171
195027.47185991664
197132.67063132973
199238.62400026683
201345.20425418843
203452.28594344127
205559.7458557594
207667.46299065332
209775.31853371178
211883.19583083337
213990.9803624123
216098.55971749377
218205.82356791908
220312.66364247698
222418.9737010771
224524.64950896087
226629.5888109649
228733.69130584964
230836.8586207073
232938.9942854594
235040.0037074577
237139.79414619744
239238.27468815367
241335.35622175055
243430.95141247142
245524.97467812017
247617.3421642381
249707.97171968807
251796.7828724089
253883.69680534842
255968.63633258044
258051.52587561109
260132.29143987963
262210.86059145874
264287.16243395745
266361.1275856321
268432.6881567075
270501.777726913
272568.3313232348
274632.2853978885
276693.5778065132
278752.1477865901
280807.93593608745
4.525913804552527
7.594191952905476
12.06890964109729
18.343575971894623
26.860347862635834
38.10747034323921
52.61616192455662
70.95707521479015
93.73644908002825
121.59205561324144
155.18903129500472
195.21566916857336
242.37923677487856
297.40187354954475
361.01661136179564
433.9635529086944
516.986234754137
610.8281948791486
716.2297586285333
833.9250518274121
964.6392455222909
1109.0860331967815
1267.9653383402456
1441.9612478415083
1631.7401647581905
1837.9491725185985
2061.214601483547
2302.1407879869325
2561.3090153972034
2839.2766264447605
3136.5762958820887
3453.7154525635096
3791.1758401424477
4149.413205848392
4528.857107028883
4929.910825594752
5352.951380859848
5798.329631594215
6266.370459003323
6757.373022065443
7271.611077869104
7809.333359634194
8370.764005702411
8956.103033218391
9565.526850663602
10199.188803831057
10857.219750237527
11539.728657360289
12246.80322045708
12978.510496080136
13734.897547727925
14515.992100391744
15321.803201048735
16152.321882428796
17007.521827640623
17887.360033431254
18791.77747048908
19720.699737965584
20674.037712469264
21651.688188355773
22653.534509189154
23679.447188956936
24729.28452217428
25802.893182088348
26900.10880631118
28020.756569317342
29164.65174134006
30331.60023328859
31521.39912739137
32733.837193342624
33968.695389796594
35225.747351114274
36504.75985932092
37805.49330128198
39127.70211114758
40471.13519815589
41835.536359918515
43220.64468133601
44626.194919362984
46051.917873735314
47497.54074401391
48962.78747303489
50447.379077220554
51951.03396380316
53473.468235397624
55014.39598215141
56573.52956177774
58150.57986777365
59745.25658612735
61357.26844082296
62986.323428451426
64632.129042236644
66294.3924857857
67972.82087686996
69667.12144154281
71377.00169889475
73102.16963674607
74842.33387857059
76597.20384194171
78366.48988878593
80149.90346772435
81947.1572487781
83757.96525070614
85582.04296124041
87419.10745047593
89268.87747766703
91131.07359167698
93005.41822531914
94891.635783824
96789.45272765875
98698.59764992015
100618.80134851609
102549.79689334314
104491.31968866351
106443.1075308774
108404.90066188012
110376.4418181899
112357.47627602342
114347.75189249293
116347.01914309131
118355.03115562751
120371.54374076785
122396.31541933434
124429.10744650644
126469.6838330663
128517.81136382296
130573.25961334755
132635.8009591452
134705.2105923851
136781.266526307
138863.7496024154
140952.4434945731
143047.13471109534
145147.6125949484
147253.66932214794
149365.09989845043
151481.70215442815
153603.2767390129
155729.62711159184
157860.55953273544
159995.8830536323
162135.40950430566
164278.95348068106
166426.33233057355
168577.36613865793
170731.87771048493
172889.69255560247
175050.63886983925
177214.54751680518
179381.25200865985
181550.58848620197
183722.39569832358
185896.5149808786
188072.79023500695
190251.067904958
192431.1969554517
194613.02884861705
196796.417520543
198981.2193574788
201167.29317171473
203354.50017717623
205542.7039647615
207731.77047745135
209921.56798521944
212111.96705976746
214302.8405491116
216494.06355204456
218685.513392493
220877.06959379517
223068.61385291652
225260.03001462395
227451.20404563713
229642.02400877277
231832.38003710067
234022.16430812512
236211.27101800725
238399.5963558432
240587.03847800873
242773.49748258616
244958.87538388243
247143.0760870513
249326.0053628289
251507.57082239335
253687.68189235727
255866.24978990117
258043.1874980577
260218.4097411518
262391.83296040626
264563.3752897179
266732.9565316099
268900.49813336856
271065.9231633674
273229.1562875832
275390.1237463114
277548.7533310827
279704.9743617835
281858.717663988
284009.9155465001
286158.5017791119
288304.4115705789
290447.58154681546
4.537332080371705
7.615690119516862
12.106846325542607
18.407034363148544
26.961836658492825
38.26369212777606
52.84883901527919
71.29382206385273
94.21167978600076
122.24791497435905
156.07633801585476
196.3948602826173
243.921302995344
299.38927606012857
363.5441714584266
437.1393068634929
520.9322472585532
615.6813254073306
722.1423760223715
841.0656933246898
973.193217316732
1119.2559504250992
1279.9716031313128
1456.0424647338023
1648.153493393154
1856.9706180503888
2083.139243612014
2327.282949924501
2590.002374422261
2871.874267984288
3173.4507133017178
3495.2584950334694
3837.798611097866
4201.54591466698
4586.948876630702
4994.4294587105005
5424.383087735483
5877.178721889517
6353.159000635025
6852.640469681571
7375.913873603911
7923.2445087188535
8494.872629430929
9091.013901683367
9711.859897585457
10357.57862570857
11028.3150919485
11724.19188623967
12445.309790777621
13191.748405757575
13963.56678897056
14760.804105912772
15583.480287360178
16431.59669163829
17305.136769077093
18204.06672628084
19128.336188899415
20077.878858892316
21052.61316828543
22052.44292433563
23077.257946999733
24126.934696852026
25201.336892568946
26300.31611712611
27423.712411974204
28571.354858570845
29743.062146746674
30938.64312947602
32157.89736370762
33400.615636986506
34666.580479668184
35955.566662589394
37267.341680115685
38601.66621853841
39958.29460983847
41336.97527087641
42737.45112809802
44159.4600279192
45602.73513286273
47067.00530373697
48551.995467997556
50057.42697446821
51583.01793484291
53128.48355198279
54693.5364354505
56277.8869044899
57881.24327874685
59503.31215702259
61143.79868435494
62802.40680772779
64478.839520710135
66172.79909732805
67883.98731547281
69612.10567014787
71356.8555768563
73117.93856542691
74895.05647702239
76687.91157749816
78496.20684877226
80319.64602287307
82157.9337945625
84010.77595144034
85877.87950892217
87758.95283791026
89653.70578541644
91561.84978838956
93483.09798099627
95417.16529559538
97363.76855764259
99322.6265747542
101293.46022015333
103275.99251071643
105269.94867983118
107275.05624527083
109291.04507228469
111317.64743209783
113354.59805600812
115401.63418526152
117458.49561688278
119524.92474563149
121600.66660224847
123685.46888815271
125779.08200674257
127881.25909145125
129991.7560307003
132110.33148989023
134236.74693056275
136370.76662686534
138512.1576794415
140660.69002686907
142816.13645476193
144978.2726026476
147146.87696872884
149321.7309126328
151502.6186562487
153689.3272827496
155881.64673389136
158079.3698056781
160282.29214247956
162490.21222968335
164702.93138496132
166920.25374822487
169141.98627034403
171367.9387007003
173597.92357363921
175831.75619388823
178069.25462100285
180310.23965289886
182554.53480852826
184801.96630975397
187052.36306247575
189305.5566370564
191561.38124809726
193819.67373360915
196080.27353362198
198343.02266827537
200607.76571543075
202874.3497878432
205142.62450993076
207412.44199417392
209683.65681718188
211956.12599545516
214229.70896087657
216504.26753595928
218779.6659088795
221055.77060832022
223332.45047815217
225609.5766519749
227887.02252754138
230164.6637410878
232442.3781415893
234720.04576496143
236997.548808225
239274.7716036544
241551.60059292294
243827.92430126385
246103.63331166137
248378.62023908467
250652.77970478055
252926.0083106358
255198.20461362254
257469.26910033665
259739.10416164168
262007.61406742703
264274.70494148944
266540.2847365496
268804.26320940827
271066.55189625337
273327.06408812274
275585.71480653115
277842.4207792672
280097.1004163664
282349.6737862655
284600.06259214395
286848.19014845736
289093.9813576656
291337.36268716236
293578.26214640733
295816.6092642663
298052.33506656135
300285.3720538331
4.548547883638133
7.636813444880993
12.144133468222833
18.469427166759914
27.061656101253405
38.417399690095145
53.07785618853033
71.62539737933713
94.67979217889975
122.89420212864177
156.95103847028483
197.55775848061364
245.4426670649392
301.3507788653103
366.039786322997
440.2761702931248
524.8314819422179
620.4788177380707
727.9895033174889
848.1299968297451
981.6590179345454
1129.3249049080578
1291.8631992147477
1469.994454355261
1664.4222637476844
1875.8315007680799
2104.8867628162825
2352.2310103405803
2618.484391055445
2904.2432391866278
3210.079239290795
3536.538744126902
3884.142236087315
4253.383921869454
4644.7314502468325
5058.62574317034
5495.480930742877
5955.684380875049
6439.59681532769
6947.552503454459
7479.859526218246
8036.800103023569
8618.630974505428
9225.583834831961
9857.865807506216
10515.65995906817
11199.125845499859
11908.400086521608
12643.59696333663
13404.80903573193
14192.107774777185
15005.544207678227
15845.14957163938
16710.935973868473
17602.897055120844
18521.008654264864
19465.22947285722
20435.501734462967
21431.751842588877
22453.891030114733
23501.816002214004
24575.40957044492
25674.54127711713
26799.068009013336
27948.834599669455
29123.674419531417
30323.409953410377
31547.853364754035
32796.80704633925
34070.06415707029
35367.40914463962
36688.6182538743
38033.4600206493
39401.69575130454
40793.079987549
42207.36095688032
43644.281008579
45103.577035419905
46584.98088113408
48088.21973391981
49613.01650602219
51159.09019979798
52726.15626025261
54313.92691445595
55922.1114980233
57550.41676893518
59198.54720896831
60866.20531301875
62553.0918666023
64258.90621182406
65983.34650211092
67726.10994600317
69486.89304030314
71265.39179287784
73061.30193541394
74874.31913881772
76704.13914475837
78550.45807403652
80412.97247807728
82291.37956782036
84185.37735989278
86094.66482713787
88018.94204136991
89957.910308621
91911.27229713892
93878.73215839035
95859.99564132011
97854.77020010693
99862.76509565579
101883.69149105676
103917.2625412363
105963.19347702182
108021.20168383194
110091.00677520181
112172.3306613449
114264.89761294775
116368.43432038883
118482.66994856545
120607.33618750935
122742.16729896351
124886.9001590894
127041.27429746748
129205.03193254796
131377.91800370603
133559.68020004762
135750.0689861084
137948.83762458555
140155.74219623243
142370.54161704812
144592.9976528826
146822.87493157928
149059.94095276995
151303.96609543206
153554.72362331804
155811.989688357
158075.5433321311
160345.16648552017
162620.64396660813
164901.7634769398
167188.3155962129
169480.09377548794
171776.8943289945
174078.51642461016
176384.76207308518
178695.43611608178
181010.34621309707
183329.30282733272
185652.11921057422
187978.61138713884
190308.59813694915
192641.90097778774
194978.34414678425
197317.7545811859
199659.9618984597
202004.79837577202
204352.09892888984
206701.70109054554
209053.44498830734
211407.173321992
213762.7313406575
216119.96681921202
218478.73003467178
220838.8737421002
223200.25315026045
225562.7258970091
227926.15202445962
230290.3939539436
232655.3164607931
235020.78664897056
237386.67392556753
239752.84997519635
242119.18873429365
244485.5663653574
246851.86123113526
249217.9538687831
251583.72696401
253949.06532522736
256313.85585771504
258677.98753782266
261041.35138721633
263403.840447186
265765.3497530258
268125.7763084978
270485.0190603916
272842.9788731893
275199.55850384524
277554.6625766921
279908.19755847857
282260.07173354947
284610.19517917454
286958.4797410341
289304.8390088672
291649.1882922889
293991.4445967829
296331.526599875
298669.3546274903
301004.8506305033
303337.93816148007
305668.5423516195
307996.58988789696
310322.0089904129
4.559566412121381
7.657571337147145
12.180786977007077
18.530779797751283
27.15984488917195
38.568649565776525
53.3032931105583
71.95190989936174
95.14093051162033
123.53110358761629
157.81336822013233
198.70465491271207
246.94368166198788
303.286801132367
368.50394518323077
443.3747042361438
528.6845711381213
625.2213722638104
733.7719025616522
855.1187760302726
990.0374986424996
1139.2937670022675
1303.6409927022323
1483.8180500640174
1680.547242420053
1894.5324807246752
2126.4576667971423
2376.9852725534465
2646.7551058187587
2936.383252862448
3246.4611874567427
3577.55503614558
3930.2049894015086
4304.9248484737855
4702.201697893415
5122.495693933108
5566.239959473301
6033.840576533581
6525.676667416705
7042.100556508126
7583.438004812589
8149.988509865881
8742.025664076518
9359.797564981378
10003.527271319788
10673.413299241172
11369.6301533583
12092.328887740621
12841.637692309134
13617.662500443952
14420.487613949092
15250.176341834376
16106.771649672868
16990.296816573416
17900.756097000063
18838.13538549452
19802.402880572765
20793.509748317178
21811.390781345915
22855.96505306155
23927.136565240147
25024.794887757813
26148.81578933105
27299.06185828414
28475.383112483927
29677.61759770059
30905.59197375934
32159.122087947162
33438.01353522924
34742.062204911716
36071.05481346286
37424.76942327347
38802.97594719846
40205.43663877967
41631.90656809819
43082.13408324654
44555.861257494806
46052.82432213236
47572.75408522209
49115.37633624699
50680.412237013596
52267.57869877142
53876.58874591236
55507.15186640933
57158.97434924071
58831.75960904922
60525.20849829516
62239.01960717257
63972.88955156399
65726.51324931547
67499.58418511762
69291.79466428184
71102.8360557022
72932.39902429572
74780.17376559672
76645.85015610771
78529.11807976308
80429.66749734982
82347.18869261388
84281.3724352676
86231.91014786546
88198.49406443875
90180.81738115776
92178.57439928829
94191.4606607018
96219.1730761945
98261.41004686595
100317.87157880112
102388.25939129532
104472.27701885533
106569.62990720385
108680.0255035108
110803.17334106585
112938.7851186045
115086.5747744913
117246.25855595984
119417.55508360354
121600.18541130377
123793.87308177911
125998.344177932
128213.32737016397
130438.55395982647
132673.75791896708
134918.67592652858
137173.0474011501
139436.61453071723
141709.1222988016
143990.31850812712
146279.95380119327
148577.78167818443
150883.5585122864
153197.0435625299
155517.99898427492
157846.18983744667
160181.38409262893
162523.35263511827
164871.8692670369
167226.71070760043
169587.6565916313
171954.48946640748
174326.99478692946
176704.96090968937
179088.17908501913
181476.44344809506
183869.55100866948
186267.30163960098
188669.49806425034
191075.945842805
193486.45335759645
195900.83179746728
198318.89514124807
200740.46014039556
203165.3463008475
205593.37586414232
208024.37378785375
210458.16772538525
212894.58800516886
215333.46760931186
217774.64215173054
220217.94985581122
222663.23153163446
225110.33055279934
227559.09283288056
230009.36680155297
232461.0033804114
234913.85595851886
237367.7803677092
239822.63485767212
242278.2800708468
244734.5790171473
247191.39704854475
249648.6018335286
252106.06333146596
254563.65376688328
257021.24760368574
259478.7215193347
261935.95437900128
264392.82720971014
266849.2231744918
269305.0275465568
271760.1276835063
274214.4130015925
276667.7749500423
279120.10698545404
281571.3045462809
284021.2650274115
286469.8877548554
288917.0739605459
291362.7267572682
293806.75111371966
296249.053829713
298689.5435115275
301128.13054741547
303564.727083273
305999.24699847604
308431.6064173167
310861.7210080778
313289.5113136403
315714.89737381425
318137.8013792135
320558.1471127845
4.570392692027292
7.677972902851046
12.216822265964604
18.5911169097941
27.256440605790182
38.717496730784774
53.525227352580984
72.27346565073348
95.59523564852702
124.15880176769332
158.66355804037903
199.83583532277342
248.42469358230218
305.1977558972099
370.93713121083687
446.4354641832523
532.4921426915521
629.9096866297166
739.490335611809
862.0328479367726
998.3295186639346
1149.1634208700798
1315.3058707737757
1497.5141150902941
1696.5292363662934
1913.0742706334636
2147.852530162476
2401.5461230979035
2674.8146609306154
2968.294144265168
3282.5960169455657
3618.3063784442684
3975.9853443714273
4356.1665450393175
4759.356752159427
5186.035624039248
5636.655559771078
6111.641653710705
6611.391741170713
7136.27652737092
7686.639791687119
8262.798659790371
8865.043936673363
9493.640493980027
10148.827705467766
10830.819924835641
11539.807000544535
12275.954822633905
13039.405896904349
13830.279942183588
14648.674506725803
15494.665600110047
16368.308337302347
17269.637591828538
18198.66865514802
19155.39790055046
20139.803446695285
21151.84582300552
22191.468630741776
23258.599200644814
24353.149244776683
25475.01550133639
26624.08037125637
27800.212545526876
29003.26762232543
30233.088713149555
31489.507037260923
32772.34250385061
34081.4042814292
35416.49135402976
36777.393063890704
38163.88964035584
39575.75271479417
41012.745821401004
42474.62488378781
43961.138687359635
45472.02933740126
47007.032703035766
48565.87884699278
50148.29244148597
51753.993170128066
53382.69611619605
55034.112137373486
56707.94822718248
58403.90786332597
60121.6913431736
61860.99610663784
63621.517046696514
65402.94680782613
67204.97607261776
69027.29383685255
70869.58767331697
72731.54398464278
74612.84825785588
76513.18523412674
78432.23925439145
80369.69434715858
82325.23449275679
84298.54380392346
86289.3067098079
88297.20813126647
90321.93364772359
92363.16965586598
94420.60352043736
96493.92371739214
98582.8199696646
100686.98337580432
102806.10653172313
104939.8836457938
107088.01064753623
109250.18529011944
111426.10724690418
113615.47820224435
115818.00193676019
118033.38440729018
120261.3338217239
122501.56070891142
124753.7779838405
127017.70100826633
129293.0476469741
131579.5383198483
133876.89604991896
136184.8465075472
138503.11805091123
140831.44176294564
143169.5514848822
145517.183846538
147874.07829348982
150239.97711126952
152614.62544671108
154997.77132657488
157389.16567357196
159788.56231990465
162195.71801843785
164610.3924516102
167032.34823819014
169461.35093798026
171897.169054566
174339.57403620592
176788.34027495162
179243.24510408833
181704.06879397802
184170.59454638834
186642.60848738483
189119.89965886198
191602.26000878494
194089.48438021372
196581.37049917364
199077.71896144017
201578.33321829553
204083.0195613223
206591.58710628466
209103.84777615697
211619.61628335048
214138.71011118815
216660.94949467623
219186.1574006202
221714.1595071268
224244.78418253895
226777.8624638396
229313.2280345672
231850.71720227847
234390.16887559489
236931.42454086753
239474.3282384916
242018.72653890323
244564.46851828956
247111.405734037
249659.39219994922
252208.28436125882
254757.9410694568
257308.2235569665
259858.99541168104
262410.1225513888
264961.4731981058
267512.91785233514
270064.32926727267
272615.58242297464
275166.5545005071
277717.1248560913
280267.1749952587
282816.5885470343
285365.251238158
287913.05086735904
290459.8772796945
293005.622340965
295550.179912217
298093.4458243437
300635.3178527924
303175.69569238916
305714.4809322891
308251.5775633588
310786.8892919072
313320.32483804587
315851.7925882319
318381.20323244977
320908.46920777246
323433.5046743904
325956.22549182107
328476.549195301
330994.39497236407
4.581031584809502
7.698026958448011
12.252254273454328
18.65046242176809
27.35147975666364
38.86399464953565
53.74373445039753
72.59016801888136
96.04284514256624
124.77747506889773
159.50183399104378
200.95158010163473
249.88604375832486
307.0840500298924
373.3398214096462
449.4589998599838
536.2548196048778
634.5444552038255
745.1455633887588
868.8730318774552
1006.5359438315278
1158.9347628065386
1326.858739591637
1511.0835399818143
1712.3690898203208
1931.4576322054613
2169.0719901247503
2425.9140267263906
2702.6632945557285
2999.9758645370675
3318.483325036302
3658.7919411244784
4021.4819641216823
4407.107081439262
4816.193996976193
5249.242132479525
5706.723440422864
6189.082319745191
6696.735625360756
7230.07276348929
7789.455864814452
8375.220028023523
8987.673626672673
9627.098672732127
10293.75123057028
10987.861875533592
11709.636191666359
12459.255303489143
13236.8764371166
14042.633506341575
14876.63771964406
15738.97820439874
16629.722644854228
17548.917930740456
18496.590813627638
19472.748568412204
20477.379657541245
21510.454395808225
22571.925613760464
23661.72931795138
24779.785346451452
25925.998018198505
27100.256774924415
28302.436814538527
29532.399714981962
30789.994047690147
32075.055979914436
33387.4098652579
34726.86882187729
36093.23529789041
37486.301623609485
38905.850550294854
40351.65577519002
41823.48245266155
43321.0876913142
44844.221037052055
46392.624941961345
47966.03521916873
49564.1814835639
51186.78757868503
52833.571989645665
54504.24824241258
56198.525289534
57916.1078825134
59656.69693103247
61419.98984924098
63205.680889345604
65013.46146274134
66843.02044893763
68694.04449254042
70566.21828855759
72459.22485629962
74372.74580215181
76306.4615714969
78260.05169006946
80233.19499502215
82225.56985598594
84236.85438640522
86266.72664542591
88314.86483061477
90380.94746178322
92464.65355618876
94565.66279537979
96683.6556839507
98818.31370046483
100969.31944080273
103136.35675418618
105319.11087212409
107517.26853052186
109730.51808519059
111958.5496209864
114201.05505480614
116457.72823265976
118728.26502103399
121012.36339275698
123309.72350756777
125620.04778759
127943.0409879017
130278.41026239074
132625.86522507743
134985.1180070815
137355.88330940696
139737.87845170993
142130.82341721305
144534.44089392302
146948.45631230238
149372.59787954463
151806.59661059393
154250.18635604775
156703.10382707705
159165.08861749078
161635.88322307193
164115.23305830488
166602.8864706094
169098.59475219616
171602.11214964977
174113.19587134625
176631.6060928047
179157.10596007213
181689.46159123295
184228.44207613752
186773.81947443308
189325.36881198376
191882.8680757609
194446.09820727972
197014.84309465857
199588.88956337413
202168.0273657798
204752.04916945618
207340.75054445627
209933.92994950892
212531.38871723824
215132.9310384569
217738.36394558838
220347.49729527027
222960.14375018893
225576.11876019413
228195.24054274123
230817.33006270375
233442.21101160033
236069.70978627642
238699.6554670804
241331.8797955711
243966.21715179423
246602.50453116035
249240.5815209579
251880.29027653427
254521.47549717335
257163.98440169895
259807.66670383225
262452.37458740454
265097.96268092265
267744.2880330942
270391.2100866977
273038.5906534572
275686.29388835846
278334.18626395764
280982.13654462044
283630.01576071547
286277.6971827744
288925.0562956391
291571.9707726068
294218.320449593
296863.9872993222
299508.85540556035
302152.8109374044
304795.74212363694
307437.5392271594
310078.095055656
312717.3022555058
315355.05864792987
317991.26184242003
320625.81189241965
323258.610734288
325889.56216254766
328518.57180527877
331145.54709967016
333770.39726772933
336393.0332921598
339013.36789241084
341631.3155009039
4.591487793669893
7.717742041344889
12.287097479473648
18.708839543301877
27.444997804815554
39.008195310480815
53.95888796247884
72.90211781646587
96.48389331162207
125.38729795392092
160.3284174911382
202.0521643450067
251.32806515440785
308.946084213007
375.7124865226408
452.4458550357161
539.9732197176426
639.1263685931339
750.7383451901105
875.6401485650458
1014.6576453836828
1168.6086996717988
1338.3005223390173
1524.5272401946054
1728.0676813814007
1949.683372677338
2190.1167424130726
2450.089521649451
2730.3013353195097
3031.4284744451993
3354.1228400418504
3699.011049067587
4066.69369268679
4457.744737025406
4872.711056793436
5312.1120922713735
5776.439620287116
6266.157630552649
6781.702298292519
7323.482045210809
7891.877680783757
8487.242616397594
9109.90314522988
9760.158781172322
10438.282650489371
11144.521930297491
11879.09832833181
12642.20859883718
13434.025089779336
14254.696316915783
15104.347560596381
15983.081481478028
16890.97875163727
17828.09869776854
18794.47995406377
19790.141120382897
20815.081426041586
21869.281394167556
22952.70350626531
24065.29286458498
25206.97785071439
26377.670778902688
27577.26854278329
28805.653254310204
30062.69287385798
31348.241830562223
32662.14163209357
34004.22146316539
35374.29877217482
36772.17984546724
38197.660368797864
39650.52597564069
41130.55278206427
42637.50790795241
44171.149984447096
45731.22964742135
47317.49001704726
48929.66716329555
50567.490557589554
52230.68351045053
53918.96359538399
55632.0430590636
57369.62921796678
59131.424841627384
60917.1285226911
62726.435033975176
64559.03567274926
66414.61859246745
68292.8691221913
70193.47007395343
72116.10203831893
74060.44366840727
76026.17195264256
78012.96247650434
80020.48967355234
82048.42706600038
84096.44749511723
86164.223341729
88251.42673709955
90357.72976446236
92482.80465147621
94626.3239538739
96787.96073057005
98967.38871049226
101164.28245139412
103378.31749090519
105609.17049007039
107856.51936962409
110120.0434392418
112399.42352000618
114694.34206031926
117004.48324548884
119329.53310120989
121669.17959115893
124023.1127089116
126391.02456439045
128772.60946504379
131167.56399195097
133575.58707104492
135996.38003963657
138429.64670842202
140875.09341914637
143332.42909809476
145801.36530557543
148281.6162815549
150772.89898759848
153274.93314527022
155787.44127113343
158310.14870849706
160842.78365604056
163385.07719345271
165936.76330420986
168497.5788956186
171067.26381624155
173645.56087082226
176232.2158328204
178826.977454665
181429.59747583032
184039.83062883385
186657.43464325395
189282.17024786057
191913.80117094863
194552.09413896129
197196.81887348703
199847.74808671113
202504.6574753978
205167.3257134811
207835.53444333302
210509.06826578034
213187.7147289357
215871.2643159091
218559.51043145786
221252.2493876387
223949.2803885154
226650.40551397955
229355.42970273417
232064.160734494
234776.40921144804
237491.98853903348
240210.71490606328
242932.40726425275
245656.88730718347
248383.979448747
251113.51080110436
253845.31115219728
256579.21294284664
259315.05124347215
262052.6637304627
264791.8906622301
267532.57485497417
270274.56165818725
273017.69892992463
275761.8370118671
278506.8287041984
281252.5292403221
283998.7962614397
286745.48979101074
289492.4722091151
292239.60822673736
294986.76485999074
297733.81140429794
300480.6194085469
303227.06264923385
305973.0171046149
308718.36092887144
311462.9749649749
314206.7400256191
316949.5422541474
319691.2677123013
322431.80504798196
325171.0449311316
327908.88002837356
330645.2049777632
333379.9163636564
336112.9126917035
338844.0943639779
341573.36365424475
344300.62468337733
347025.78339492815
349748.74753086054
352469.4266074445
4.60176586976381
7.7371264204545165
12.321365922298668
18.766270799343427
27.53702920495772
39.15014931500097
54.170759526544266
73.20941335062558
96.91851131400202
125.9884410272695
161.14352539430664
203.13785791541383
252.7510913724427
310.7842529317986
378.0555909563132
455.3965673569984
543.6479554194514
643.656113202529
756.2694380577657
882.3350192315878
1022.69549882409
1178.186147423625
1349.63215737678
1537.8461538216397
1743.625921260644
1967.7523415195278
2210.987537390008
2474.073215005048
2757.729197075977
3062.652138395626
3389.514414530463
3738.963174295314
4111.6195464783605
4508.077991162566
4928.90578614564
5374.642639055591
5845.800415853459
6342.862977153174
6866.286113293656
7416.497570229943
7993.8971582115055
8598.856935741027
9231.721461672012
9892.80810869257
10582.407431830055
11300.783585994515
12048.174786954602
12824.793810505367
13630.828524942171
14466.442452296527
15331.775354118048
16226.94383790031
17152.041980547456
18107.141965434443
19092.294730907925
20107.530624740826
21152.860066470235
22228.274210802087
23333.74561265542
24469.228891027462
25634.66139007257
26829.963835831593
28055.04098721009
29309.78227995331
30594.06246250428
31907.74222276128
33250.66880486961
34622.67661529227
36023.58781750705
37453.21291476996
38911.351320471535
40397.7919156916
41912.31359362964
43454.68579064845
45024.66900377626
46622.015294437566
48246.4687783863
49897.76610185888
51575.63690377755
53279.80426417594
55009.98513885713
56765.89078038805
58547.227145552555
60353.69528940885
62184.99174611806
64040.808896728726
65920.83532411835
67824.75615530778
69752.25339137446
71703.0062252033
73676.69134732013
75672.98324006173
77691.55446034101
79732.07591127064
81794.21710291338
83877.64640242603
85982.03127387032
88107.0385079604
90252.3344420187
92417.58517041065
94602.45674572709
96806.61537098169
99029.72758308677
101271.46042787113
103531.48162689613
105809.45973632626
108105.06429810428
110417.9659836779
112747.83673052021
115094.34987168193
117457.18025860786
119836.0043774467
122230.5004590766
124640.34858306582
127065.23077578029
129504.83110284795
131958.8357561814
134426.93313575693
136908.81392634456
139404.17116937303
141912.7003301163
144434.09936037625
146968.0687568352
149514.31161524603
152072.53368062185
154642.4433935839
157223.75193302042
159816.17325520449
162419.42412951647
165033.22417090856
167657.29586924752
170291.36461566627
172935.15872605107
175588.40946178546
178250.8510478719
180922.220688542
183602.25858046958
186290.70792369058
188987.31493033492
191691.82883126865
194404.00188074427
197123.58935914922
199850.34957394525
202584.04385888326
205324.4365715774
208071.29508951755
210824.38980460056
213583.49411625048
216348.3844232039
219118.84011402592
221894.643556426
224675.58008543582
227461.4379905116
230252.00850162067
233047.08577436797
235846.46687421817
238649.95175986612
241457.34326580513
244268.44708414405
247083.07174571636
249901.02860053015
252722.13179759737
255546.19826418863
258373.04768454854
261202.5024781134
264034.38777734025
266868.5314046529
269704.76385013334
272542.9182473294
275382.83034987125
278224.3385073289
281067.2836408716
283911.5092186786
286756.8612311283
289603.1881657902
292450.34098224173
295298.173086735
298146.5403067315
300995.3008653277
303844.3153555912
306693.44671482267
309542.56019876566
312391.52389571315
315240.2060009842
318088.4801904153
320936.2201951661
323783.30247556866
326629.605655402
329475.0104961512
332319.39987132483
335162.6587408433
338004.67412550916
340845.3350815677
343684.53267536906
346522.15995814087
349358.11194087635
352192.28556935303
355024.5796992806
357854.8950715924
360683.13428788324
363509.2017860011
4.611870218124886
7.7561881062952915
12.355073214446527
18.822778053796146
27.627607436517458
39.28990585602887
54.37941891463536
73.51215048883061
97.34682722295372
126.58107111431005
161.94737006580482
204.2089255076457
254.15544377638764
312.5989444749135
380.3695927209127
458.3116682033219
547.2796333932728
648.1343708336277
761.7395961964085
888.9584648269667
1030.6503828276018
1187.6680297435832
1360.8545965117899
1551.0412394521475
1759.0447486785793
1985.6654273229797
2231.6851763637455
2497.865778546722
2784.9473739184996
3093.6471187148554
3424.6580188205735
3778.6479286458025
4156.258706091262
4558.105514125227
4984.7762596086495
5436.83116007383
5914.80242922145
6419.194072633358
6950.48178464764
7509.112938489403
8095.5066616133545
8710.053988731566
9353.118085350889
10025.03453502235
10726.111683882922
11456.631036445418
12216.847696961733
13006.990851045146
13827.264282588356
14677.846921352479
15558.893416928557
16470.534735085326
17412.87877281566
18386.01098867798
19389.995045298652
20424.873461156425
21490.668269011276
22587.38167856657
23714.996741167524
24873.47801453851
26062.772225749915
27282.808930779833
28533.501169200244
29814.746112669065
31126.42570605111
32468.40730012305
33840.54427493907
35242.67665304658
36674.631701846054
38136.22452448514
39627.258638765576
41147.52654362335
42696.81027281005
44274.8819355179
45881.50424362253
47516.43102549652
49179.4077261137
50870.171893573024
52588.45365177871
54333.976159443926
56106.45605539586
57905.603890262995
59731.12454464472
61582.71763388804
63460.0778996194
65362.89558819828
67290.85681627743
69243.64392367074
71220.93581374065
73222.4082815313
75247.7343298813
77296.58447375886
79368.62703306893
81463.52841418721
83580.95338048098
85720.5653120777
87882.02645514754
90064.99816096509
92269.14111501703
94494.11555642204
96739.58148792847
99005.19887675418
101290.62784652958
103595.52886060561
105919.56289698154
108262.3916151071
110623.67751480987
113003.0840875926
115400.27596054475
117814.91903310506
120246.68060690894
122695.22950895045
125160.23620828283
127641.37292647696
130138.3137420534
132650.73468909663
135178.3138502571
137720.73144434116
140277.6699086831
142848.81397648965
145433.85074934096
148032.46976503026
150644.36306091346
153269.22523294357
155906.75349055073
158556.64770753172
161218.61046910327
163892.34711527068
166577.5657806594
169273.97743095053
171981.29589605847
174699.2379001855
177427.52308888122
180165.87405323258
182914.01635130614
185671.67852695938
188438.59212613414
191214.49171074343
193999.1148702552
196792.20223107774
199593.49746384443
202402.74728869338
205219.7014786343
208044.1128610927
210875.73731771528
213714.3337825206
216559.66423847523
219411.4937125715
222269.5902694818
225133.72500385946
228003.67203135844
230879.20847843413
233760.11447099136
236646.1731219418
239537.17051772802
242432.89570387217
245333.14066960439
248237.70033162215
251146.37251703397
254058.9579455325
256975.26021084632
259895.08576151458
262818.2438810281
265744.5466673769
268673.8090120455
271605.8485784932
274540.48578015657
277477.54375800816
280416.8483577061
283358.2281063665
286301.5141889893
289246.5404245667
292193.1432419045
295141.16165517975
298090.4372392655
301040.8141048419
303992.1388733233
306944.26065161795
309897.0310067467
312850.30448033556
315803.93586302974
318757.78556876216
321711.71420904
324665.5852671199
327619.26453217585
330572.6200734462
333525.5222143794
336477.8435067904
339429.45870504505
342380.2447402795
345330.0806946724
348278.84777577827
351226.4292909314
354172.71062173584
357117.5791986457
360060.9244756465
363002.6379050504
365942.61291240575
368880.7448715353
371816.9310797086
374751.07073295355
4.621805103323637
7.774934860657261
12.388232557989179
18.878382532256353
27.71676503550947
39.42751280353054
54.584934086701935
73.81042272332049
97.76896610012933
127.16535134003267
162.74015946051034
205.26562671723178
255.5414421800155
314.3905409447903
382.65494338524263
461.19168256359427
550.8688543869611
652.5618183208146
767.1495704396889
895.5113052772132
1038.5231782929868
1197.0552767521558
1371.9688033708233
1564.1134741547853
1774.3251294062409
2003.4235548386418
2252.21050808662
2521.467944540899
2811.9564354231716
3124.41377018771
3459.553734765398
3818.0650567538173
4200.610508436552
4607.826158344023
5040.320762142055
5498.675283537019
5983.442536488239
6495.146939532919
7034.284373965404
7601.322137529513
8196.69898573105
8820.825253207888
9474.083047954235
10156.826511561987
10869.382139010462
11612.04915190298
12385.099919411501
13188.780421545482
14023.310749707873
14888.885639836182
15785.675033750675
16713.82466464224
17673.45666285474
18664.670179004108
19687.542019632892
20742.127295081766
21828.460074218026
22946.554045116187
24096.40317888805
25277.982394664807
26491.24822384886
27736.139471929535
29012.57787632392
30320.468758858064
31659.701671648014
33030.15103527497
34431.67676827275
35864.12490706119
37327.32821556637
38821.10678386729
40345.268615299035
41899.61020152192
43483.91708518105
45097.96440973996
46741.51745632805
48414.332167250905
50116.155656192255
51846.726704787616
53605.77624565544
55393.0278318039
57208.198092437
59050.99717520616
60921.12917498425
62818.29254926572
64742.1805203207
66692.48146425131
68668.87928711865
70671.05378832479
72698.68101144824
74751.43359475258
76828.98103753725
78930.99013472268
81057.12515964077
83207.04821554532
85380.41950393312
87576.89759398233
89796.1396813608
92037.80183666336
94301.53924373945
96587.0064281735
98893.8574761791
101221.74624416829
103570.32655925446
105939.25241094752
108328.17813429529
110736.75858472375
113164.64930482605
115611.50668334449
118076.98810658927
120560.75210253111
123062.45847780154
125581.76844783171
128118.34476035347
130671.851812485
133241.95576161565
135828.32463030145
138430.62840537977
141048.53913150085
143681.73099927718
146329.88042824023
148992.66614479164
151669.76925533262
154360.8733147469
157065.66439041172
159783.8311219039
162515.06477656352
165259.0593010751
168015.51136921893
170784.12042594372
173564.58872790314
176356.62138059878
179159.9263722657
181974.21460463208
184799.19992068096
187634.5991295391
190480.13202861196
193335.52142308082
196200.49314287616
199074.77605723368
201958.10208693994
204850.20621436846
207750.82649140406
210659.70404535136
213576.5830829184
216501.2108923638
219433.33784389257
222372.71738838445
225319.10605453193
228272.26344446716
231231.95222794864
234197.93813518304
237169.98994834602
240147.8794918726
243131.38162157754
246120.27421266973
249114.33814671717
252113.35729762152
255117.11851665546
258125.41161661697
261138.0293551494
264154.767417278
267175.4243972072
270199.80177942687
273227.7039191679
276258.9380222501
279293.3141243608
282330.64506980625
285370.74648976687
288413.4367800962
291458.53707869526
294505.87124249456
297555.265824077
300606.5500479683
303659.5557866254
306714.11753615056
309770.072391755
312827.26056184067
315885.5226488406
318944.70501248114
322004.6543560923
325065.2203953805
328126.25529404933
331187.6136381629
334249.1524104347
337310.73096445424
340372.2109988725
343433.4565315595
346494.33387374855
349554.7116041847
352614.4605432857
355673.4537273352
358731.5663827145
361788.6759001859
364844.6618092435
367899.4057525343
370952.7914603651
374004.70472530415
377055.0333768831
380103.6672564108
383150.498191907
386195.41997316125
4.631574654873118
7.793374205855164
12.42085675924679
18.93310484388742
27.804533625290553
39.56301673484854
54.787371242718166
74.10432123411283
98.18505006792635
127.74144120737627
163.5220972016835
206.30821611149847
256.9093947057833
316.1594182767705
384.9120880447647
464.0371289316973
554.4162130109406
656.9391272019105
772.5001077609902
901.9943587988715
1046.3147673922515
1206.3488238075106
1382.975751874265
1577.0638515781666
1789.4680534425497
2021.027682184882
2272.5644254313493
2544.880501864074
2838.7570221148785
3154.952534841208
3494.2017498051155
3857.2144293239135
4244.674439193737
4657.238949990604
5095.537779684677
5560.1728683736255
6051.717876534385
6570.717897645889
7117.689276985585
7693.119528277553
8297.46734030758
8931.16266593436
9594.606886271235
10288.173043167752
11012.206133478277
11767.023458963758
12552.91502602834
13370.143989841568
14218.947137739005
15099.535407125635
16012.09443342745
16956.78512394557
17933.744253643046
18943.08508014111
19984.89797209956
21059.251052156083
22166.190847412505
23305.74294742936
24477.912666535274
25682.685708424153
26920.028831085445
28189.89051029131
29492.201600033568
30826.875988460128
32193.811248006805
33592.88927855801
35023.97694259591
36486.92669141601
37981.57718159638
39507.75388100952
41065.26966375803
42653.92539349693
44273.510494728405
45923.80351159884
47604.57265401587
49315.57633067882
51056.56366903902
52827.2750218121
54627.44246011643
56456.79025311788
58315.03533418055
60201.887753543146
62117.051117574716
64060.223014691444
66031.0954280415
68029.3551350879
70054.68409423913
72106.7598186965
74185.25574990475
76289.8415453795
78420.1835373953
80575.94493563063
82756.78620112212
84962.36533549042
87192.33817110468
89446.35865022836
91724.07909339906
94025.15045729426
96349.22258234046
98695.94443032095
101064.96431224102
103455.93010670695
105868.4894690739
108302.29003161985
110756.97959499594
113232.20631120517
115727.61885835697
118242.8666074422
120777.59978137024
123331.46960650617
125904.12845694143
128495.22999172889
131104.429285307
133731.38295133598
136375.74926016165
139037.18825012003
141715.36183289118
144409.93389310405
147120.57038239282
149846.93940809646
152588.7113167924
155345.55877284746
158117.15683216552
160903.18301130875
163703.3173521598
166517.24248229223
169344.64367121112
172185.20888261712
175038.62882285053
177904.59698565837
180782.80969343107
183672.96613504662
186574.7684004568
189487.92151214657
192412.13345359356
195347.1151948497
198292.58071536425
201248.24702416375
204213.83417749984
207189.06529407226
210173.6665679328
213167.3672791692
216169.8998024671
219180.99961364616
222200.40529425774
225227.85853433431
228263.10413337647
231305.88999965627
234355.9671479193
237413.08969555917
240477.0148573407
243547.50293873958
246624.3173279694
249707.22448676178
252795.9939399623
255890.39826400293
258990.21307431257
262095.2170117192
265205.191727901
268319.92186993745
271439.1950640121
274562.80189831427
277690.5359051891
280822.1935425774
283957.57417479216
287096.48005267145
290238.71629314794
293384.0908582726
296532.4145337323
299683.500906893
302837.1663444054
305993.2299694037
309151.5136383303
312311.8419174155
315474.0420588403
318637.9439766112
321803.3802221743
324970.18595978833
328138.1989416899
331307.2594830651
334477.2104368557
337647.8971684181
340819.1675300564
343990.87183544907
347162.86283398553
350334.9956850339
353507.12793215434
356679.11947727297
359850.8325548353
363022.13170594996
366192.88375253824
369362.9577715047
372532.2250689353
375700.55915434356
378867.8357149682
382033.9325901369
385198.72974570777
388362.10924859415
391523.9552413838
394684.1539170639
397842.59349385515
4.641182872394291
7.811513433587802
12.452958242887705
18.986965002463954
27.89094394623447
39.696462974436706
54.986794873350135
74.3939349505725
98.59519838064512
128.30949667497782
164.29338266023154
207.3369433028044
258.25960995325863
317.90594626608555
387.1414653018683
466.8485192196266
557.9222975601296
661.2669634210888
777.7919508258747
908.408441265948
1054.0260327207843
1215.5496103831924
1393.8764248041566
1589.8933801625972
1804.4745328211184
2038.478798198148
2292.74786223671
2568.104292290934
2865.3498411465707
3185.263936964419
3528.602351278065
3896.09603668568
4288.450125561288
4706.343080889694
5150.425990316955
5621.321994346759
6119.625840197346
6645.903552226365
7200.692210794105
7784.499831268706
8397.805335303492
9041.058606813378
9714.680625408584
10419.0636703866
11154.571588730965
11921.540120915346
12720.277278659514
13551.063769126771
14414.153460389456
15309.773883316499
16238.126765355402
17199.388591987205
18193.711191760478
19221.22234243428
20282.026391333246
21376.204892667207
22503.817253070498
23664.90138623927
24859.474373067118
26087.53312522582
27349.055050164865
28643.99871568355
29972.304512401202
31333.895312609413
32728.677124139314
34156.53973801626
35617.35736880367
37110.9892866569
38637.28044022229
40196.06206961752
41787.15230882128
43410.35677692819
45065.46915769178
46752.271767049904
48470.53610813943
50220.02341370585
52000.48517546229
53811.66366037609
55653.292413698124
57525.096748660995
59426.79422280651
61358.09510093699
63318.70280471943
65308.31434900175
67326.62076492686
69373.30750995482
71448.05486492475
73550.5383183085
75680.42893782313
77837.39372958652
80021.09598501197
82231.19561564986
84467.3494761936
86729.21167587618
89016.43387849092
91328.6655912732
93665.55444288894
96026.74645077495
98411.88627808183
100820.61748047028
103252.58274301364
105707.42410745968
108184.78319010307
110684.30139052187
113205.62009142675
115748.3808498717
118312.22558007333
120896.79672808075
123501.7374385373
126126.69171377172
128771.30456545133
131435.2221590286
134118.0919512063
136819.5628206436
139539.28519212073
142276.91115437594
145032.09457182416
147804.49119036045
150593.75873745067
153399.5570167027
156221.54799711014
159059.395897155
161912.76726394953
164781.3310475962
167664.7586709378
170562.7240948629
173474.90387933512
176400.97724030007
179340.62610262822
182293.53514924122
185259.3918665691
188237.88658647973
191228.71252481715
194231.56581668314
197246.14554859092
200272.1537876157
203309.2956076652
206357.2791129863
209415.8154590224
212484.61887073255
215563.40665847834
218651.89923158163
221749.82010965445
224856.89593179733
227972.85646375857
231097.43460314584
234230.36638277755
237371.39097225806
240520.2506778581
243676.6909407783
246840.46033387477
250011.31055691538
253188.9964304419
256373.27588830324
259563.90996892707
262760.66280539264
265963.30161444255
269171.5966839541
272385.3213605443
275604.2520346664
278828.1681259477
282056.8520671996
285290.08928769163
288527.6681956553
291769.38016006496
295015.0194917385
298264.38342380064
301517.2720915472
304773.48851174937
308032.83856143634
311295.1309561901
314560.1777701737
317827.7917026232
321097.79147673934
324369.996394504
327644.22902395274
330920.31463303335
334198.0811653716
337477.3592157894
340757.9820055965
344039.78535767936
347322.60767141194
350606.28989740595
353890.67551212537
357175.6104923798
360460.94328972086
363746.5248047548
367032.20836139075
370317.8496810413
373603.3068567886
376888.44032753294
380173.112852138
383457.18948358344
386740.53754314204
390023.026594589
393304.5284184587
396584.91698635725
399864.06843534304
403141.861042384
406418.1751989022
409692.89338541334
4.6506336305530045
7.829359613422133
12.48454906546066
19.039982446618787
27.97602588436384
39.82789563232502
55.18326780919743
74.67935061153993
98.99952749441398
128.86967023422417
165.05421103424814
208.35205302359083
259.5923889363359
319.6304886019389
389.3435072572415
469.62635868681474
561.3876898583211
665.5459870618098
783.0258375834675
914.7543656261587
1061.6578565015436
1224.6585790202325
1404.6718124614208
1602.6030814571693
1819.3455995399283
2055.777919926385
2312.76179031476
2591.1402069648757
2891.7356621825575
3215.348578354553
3562.755920980788
3934.7099826205213
4331.937329307865
4755.137900748048
5204.984255543808
5682.120952529211
6187.164059821894
6720.700782588632
7283.289201453541
7875.458113289979
8497.70696654668
9150.505883538848
9834.295762452122
10549.48845213743
11296.466993111744
12075.585918520395
12887.171609157127
13731.522696974072
14608.910511846205
15519.57956667727
16463.74807624961
17441.608505464497
18453.32814338765
19499.04969813432
20578.8919112199
21692.950186105372
22841.29722923331
24023.98370042036
25241.038870165907
26492.47128158379
27778.26941485947
29098.402352317768
30452.820442359225
31841.455960684245
33264.2237673748
34721.0219585458
36211.732511409085
37736.22192171532
39294.34183265496
40885.92965440296
42510.80917358569
44168.79115208386
45859.67391454854
47583.24392422477
49339.27634675414
51127.535601473995
52947.775900080065
54799.74177239097
56683.16857906468
58597.78301115431
60543.303576434766
62519.44107246865
64525.89904641537
66562.37424161907
68628.55703104047
70724.13183762108
72848.77754169411
75002.16787557522
77183.97180548492
79393.85390097156
81631.47469201655
83896.49101401745
86188.55634085467
88507.32110625673
90852.43301368797
93223.53733498725
95620.27719799418
98042.29386340154
100489.2269910776
102960.7148961034
105456.3947947727
107975.90304080247
110518.875352002
113084.94702764993
115673.75315682573
118284.92881794028
120918.10926971238
123572.93013383036
126249.02756953928
128946.0384403898
131663.60047338187
134401.3524107332
137158.93415449758
139935.98690425736
142732.1532881062
145547.07748713784
148380.40535365042
151231.78452327187
154100.86452120834
156987.29686281193
159890.73514866055
162810.8351543383
165747.25491509883
168699.6548055916
171667.69761482594
174651.04861654108
177649.37563515003
180662.3491074168
183689.64214002565
186730.93056319223
189785.89298046773
192854.2108148782
195935.56835154002
199029.6527768868
202136.15421463983
205254.76575865017
208385.18350273577
211527.1065676354
214680.23712519358
217844.28041989243
221018.94478783722
224203.9416733031
227398.9856429449
230603.7943977696
233818.08878296777
237041.59279569474
240274.03359089524
243515.1414852537
246764.64995935865
250022.29565815697
253287.8183897827
256560.96112282967
259841.46998214463
263129.0942432112
266423.5863252683
269724.70178268803
273032.1992963005
276345.84066201985
279665.3907795366
282990.61763950944
286321.292309851
289657.1889210846
292998.0846508222
296343.75970741146
299693.9973127989
303048.5836846558
306407.3080178081
309769.9624650145
313136.3421171301
316506.24498269736
319879.4719669984
323255.82685060747
326635.1162674751
330017.14968257793
333401.7393691672
336788.7003856427
340177.8505520869
343569.0104264797
346962.00328062824
350356.6550758321
353752.7944383102
357150.2526344144
360548.86354564904
363948.46364352276
367348.89196424733
370749.99008330936
374151.60208992916
377553.5745614272
380955.75653751596
384357.9994945303
387760.1573196165
391162.0862848929
394563.64502159425
397964.694494219
401365.097974687
404764.72101652273
408163.4314290772
411561.09925179445
414957.59672854154
418352.7982820029
421746.58048815705
4.659930683779909
7.8469196009196915
12.515640928384036
19.092176059324117
28.05980849897444
39.95735764134938
55.376851268634205
74.96065282401896
99.3981511358421
129.42211098550078
165.80477342863034
209.35378520291385
260.9080271902633
321.33340290796497
391.5186395113573
472.37114588433553
564.8129651233492
669.7768521076703
788.202500894217
921.0329413633806
1069.2111198467012
1233.6766743494093
1415.3629114073572
1615.1939885366323
1834.0823036076454
2072.9260902571814
2332.607216612002
2613.989183042686
2917.915313477006
3245.207133779455
3596.6629299670167
3973.056478449679
4375.13594010373
4803.622909685198
5259.2116120117535
5742.56823612566
6254.33039917697
6795.106731091466
7365.4765720327005
7965.989774438228
8597.166601807801
9259.497716684018
9953.444250568613
10679.437948835011
11437.88138402356
12229.14823123725
13053.583599687812
13911.504414771693
14803.199845381623
15728.931771477859
16688.93528725447
17683.41923543662
18712.56676933977
19776.535936787965
20875.460285883477
22009.449485842666
23178.589961983955
24382.945541372123
25622.55810664751
26897.44825567521
28207.61596484708
29553.041254052994
30933.684851513175
32349.488856825836
33800.37740073765
35286.257300288635
36807.01870811592
38362.53575482621
39952.66718346363
41577.25697520098
43236.13496552329
44929.117450152364
46656.007780239124
48416.596946179176
50210.664149810465
52037.97736441447
53898.29388237214
55791.360850172205
57716.915790591025
59674.68711189996
61664.39460400364
63685.74992144985
65738.45705329001
67822.21277980169
69936.70711611577
72081.62374281645
74256.64043556656
76461.42941016641
78695.6578343023
80958.98808760253
83251.07818870393
85571.58213838944
87920.1502626975
90296.42954424881
92700.06394200404
95130.69469967125
97587.96064299121
100071.49846613186
102580.94300742734
105115.92751470183
107676.08390041889
110261.04298690021
112870.43474185659
115503.88850447709
118161.03320231855
120841.4975592391
123544.91029461805
126270.90031410009
129019.09689210328
131789.1298463251
134580.6297044781
137393.22786348598
140226.55674136442
143080.24992200962
145953.94229311348
148847.2701774193
151759.87145752914
154691.38569447023
157641.45424022124
160609.72034439855
163595.82925529493
166599.42831546094
169620.16705201362
172657.69726185483
175711.67309197344
178781.75111500509
181867.59040021672
184968.85258007896
188085.20191258608
191216.30533947822
194361.83254051502
197521.4559839504
200694.8509733466
203881.69569087
207081.67123719963
210294.4616681813
213519.75402835142
216757.2383814566
220006.60783808434
223267.5585805236
226539.78988496514
229823.0041411501
233116.9068695731
236421.20673634118
239735.61556578524
243059.84835092173
246393.62326185597
249736.6616522148
253088.68806369734
256449.43022882476
259818.6190719716
263195.98870875477
266581.276443857
269974.22276735626
273374.57134963135
276782.0690349128
280196.4658335411
283617.51491300005
287044.97258778126
290478.5983081415
293918.1546478094
297363.4072906926
300814.1250166433
304270.07968632784
307731.0462252522
311196.8026069887
314667.1303770519
318141.8119276531
321620.6358928169
325103.39171483077
328589.87233113474
332079.8736122501
335573.1943405917
339069.63618880144
342569.0036976317
346071.1042534138
349575.74806514115
353082.7481411928
356591.9202657326
360103.0829748048
363616.05753215274
367130.66790478997
370646.74073834217
374164.1053321855
377682.59361440217
381202.0401165746
384722.28194844036
388243.1587724194
391764.5127780446
395286.1886562995
398808.03357388935
402329.8971474587
405851.6314177687
409373.09082385286
412894.1321771603
416414.61463570443
419934.3996782271
423453.3510783896
426971.3348790041
430488.2193663158
434003.8750443453
4.669077670783965
7.86420004542188
12.546245190415528
19.14356418663713
28.14232004928726
40.08489079318119
55.56760490427589
75.23792412043086
99.79118036936777
129.96696471354517
166.54525693459058
210.34237504415816
262.2068148391564
323.0150407884041
393.6672811751714
475.0833726127887
568.198691851484
673.9602062292252
793.3226681916243
927.2449740034099
1076.6867020733055
1242.6048421796327
1425.950723284765
1627.6671445127804
1848.6857112006385
2089.9243756740507
2352.2851805172754
2636.652200505525
2943.889678139177
3274.840346652254
3630.323933576129
4011.1358373735784
4418.045969125999
4851.797751066306
5313.107263520828
5802.6625316314085
6321.122943728491
6869.118792496491
7447.250931026673
8056.090535583171
8696.178967293032
9368.027725216534
10072.11848354178
10808.903205952065
11578.80433052907
12382.215018876312
13219.499463471222
14090.993247576527
14997.003752361943
15937.810606200579
16913.666171412013
17924.79606387778
18971.39970239431
20053.65088088122
21171.698364879474
22325.666503968267
23515.65586002236
24741.743847439513
26003.985382838557
27302.413541792837
28637.040220363066
30007.85679937823
31414.834809590677
32857.926595995574
34337.06597975994
35852.16891635274
37403.13414860258
38989.84385353677
40612.16428197445
42269.94638995004
43963.026461190275
45691.22671984645
47454.35593290433
49252.210001790314
51084.57254254041
52951.21545426442
54851.8994755123
56786.3747282736
58754.38124938665
60755.64950918227
62789.90091723608
64856.848315142066
66956.19645626104
69087.64247243025
71250.87632765489
73445.58125882683
75671.43420354633
77928.1062151423
80215.26286500941
82532.56463239841
84879.66728181254
87256.22222817854
89661.87688997178
92096.275030489
94559.05708746983
97049.86049127721
99568.31997185489
102114.06785468519
104686.73434597554
107285.9478073061
109911.33501997407
112562.52143927237
115239.13143894119
117940.78854603377
120667.11566643485
123417.73530127211
126192.26975446043
128990.34133161408
131811.57253056508
134655.5862237195
137522.00583248306
140410.4554939852
143320.56022032545
146251.9460505657
149204.24019568585
152177.071176718
155170.06895627102
158182.86506365167
161215.09271378748
164266.38692014836
167336.3846018638
170424.72468522636
173531.04819976698
176654.99836908624
179796.22069661896
182954.36304650508
186129.07571973887
189320.0115257588
192526.8258496429
195749.17671506264
198986.724843151
202239.133707433
205506.06958496224
208787.20160380463
212082.20178700695
215390.74509318187
218712.50945383814
222047.17580758306
225394.42813131624
228753.95346853504
232125.4419548638
235508.58684091913
238903.0845126176
242308.63450903253
245724.93953789654
249151.70548885045
252588.64144453403
256035.45968960563
259491.87571778503
262957.60823699966
266432.3791727222
269915.91366957437
273407.94009127887
276908.1900190322
280416.3982483705
283932.30278459814
287455.6448368482
290986.16881083744
294523.622300381
298067.75607772556
301618.32408276
305175.0834111616
308737.7943015282
312306.2201215544
315880.1278976439
319459.2855775844
323043.46745760425
326632.44872173655
330226.0081456531
333823.9275337377
337425.9916998656
341031.9884475794
344641.7085496989
348254.94572740194
351871.4966288111
355491.16080711625
359113.7406982701
362739.0415982817
366366.8716401427
369997.0417704104
373629.3657254771
377263.6600075516
380899.7438603767
384537.43924470793
388176.5708135758
391816.96588735405
395458.4544286543
399100.8690170687
402744.04482377844
406387.8195860468
410032.03358161653
413676.5296030254
417321.1529318582
420965.7513129512
424610.1749285612
428254.27637251565
431897.91062435834
435540.93502349826
439183.2092433812
442824.5952656897
446464.95735458564
4.67807811886967
7.881207397510053
12.5763728796249
19.194164655739105
28.223588020161895
40.210535773191296
55.75558684809994
75.51124501444372
100.17872366327792
130.5043739618264
167.27584470890488
211.31805310366073
263.4890366661749
324.675747879384
395.78984488918456
477.7635238927376
571.5454317196078
678.0966905949459
798.3870611756853
933.3912646602921
1084.0854800697018
1251.4440286486474
1436.4362537143043
1640.0236011353322
1863.156902925055
2106.7738641345777
2371.7967513094154
2659.130279128644
2969.6596905772353
3304.249024890572
3663.7395666818156
4048.9484690528216
4460.667542927116
4899.662204633815
5366.670573342137
5862.402710317165
6387.53999125769
6942.734603690372
7528.609161157626
8145.756426226292
8794.73913454575
9476.089912433159
10190.311280736125
10937.875738014463
11719.225916385727
12534.774803690316
13384.906025947386
14269.974184387562
15190.305241662662
16146.196952140694
17137.91933146485
18165.715161113232
19229.800523059268
20330.36536175525
21467.574068619255
22641.566086307063
23852.456529371197
25100.336818405507
26385.27532496208
27707.31802473631
29066.48915671612
30462.79188617734
31896.20896958624
33366.70341963582
34874.21916879952
36418.6817299338
37999.998852598554
39618.06117389309
41272.74286272112
42963.9022565483
44691.38248971128
46455.01211262126
48254.60570104881
50089.964455088666
51960.87678707525
53867.118898160574
55808.455343119465
57784.63958307829
59795.414525910186
61840.51305409028
63919.65853985485
66032.56534754903
68178.93932309003
70358.47827050745
72570.8724155572
74815.804856434
77092.95200163538
79401.98399505584
81742.56512840977
84114.35424110362
86517.00510769506
88950.16681309154
91413.48411565684
93906.5977984046
96429.14500846995
98980.75958505833
101561.07237608044
104169.71154368739
106806.30285892647
109470.4699857437
112161.83475456016
114880.01742565642
117624.6369425957
120395.31117592458
123191.65715738421
126013.29130486926
128859.82963837075
131730.88798713646
134626.08218828286
137545.0282770904
140487.3426692107
143452.6423350145
146440.54496630217
149450.6691356019
152482.63444827008
155536.06168761168
158610.57295323032
161705.79179281733
164821.343327582
167956.85437152543
171111.9535447516
174286.27138100986
177479.4404296559
180691.09535221494
183920.87301372818
187168.41256905618
190433.3555443122
193715.34591359185
197014.03017116358
200329.05739927667
203660.07933174365
207006.75041344776
210368.72785592143
213745.67168913875
217137.2448096628
220543.1130252803
223962.94509625545
227396.41277333352
230843.19083261272
234302.95710740995
237775.39251723397
241260.18109397907
244757.01000545142
248265.56957633237
251785.5533066831
255316.6578880893
258858.5832175453
262411.03240916785
265973.71180383454
269546.33097682986
273128.6027435904
276720.2431636246
280320.97154269065
283930.510433311
287548.5856336931
291174.9261851319
294809.2643679632
298451.3356961333
302100.8789104528
305757.63597059296
309421.3520458898
313091.7755050103
316768.6584509509
320451.75397654297
324140.8216151523
327835.6218622334
331535.9188921767
335241.47999586206
338952.075563841
342667.47906878224
346387.4670472193
350111.8190806433
353840.31777597876
357572.7487454799
361308.90058608394
365048.5648582542
368791.53606435104
372537.6116265549
376286.5918643821
380038.27997181285
383792.4819940684
387549.00680405984
391307.6660785359
395068.2742739554
398830.64860210783
402594.60900550697
406359.97813257674
410126.58131265355
413894.24653082434
417662.8044026192
421432.0881485786
425201.93356871366
428972.17901687266
432742.66537503706
436513.23602755676
440283.73683534027
444054.0161100202
447823.92458809837
451593.3154050913
455362.04406968545
459129.9684379132
4.686935448067594
7.897947916155394
12.606034704891238
19.24399479229618
28.30363914690474
40.33433219418291
55.94085375524864
75.78069405539051
100.56088695438089
131.0344781058811
167.9967160527547
212.28104536999686
264.75497218597417
326.31586390474786
397.88673685009445
480.4120779466606
574.8537395038184
682.1869397046048
803.3963955359324
939.4726096152466
1091.408327709664
1260.1951794324484
1446.8205112619164
1652.264417477537
1877.496972177534
2123.4756630643924
2391.143025738089
2681.4244756026033
2995.226333112809
3333.434036991339
3696.910539152096
4086.494874420861
4503.0008975567835
4947.21617981115
5419.90105683085
5921.787820029616
6453.580042814776
7015.952033760856
7609.548408546571
8234.983772746264
8892.842507748472
9583.678652306317
10308.015872481754
11066.347513023806
11859.136723511812
12686.81665289578
13549.790706372129
14448.432858840439
15383.088019494326
16354.07244240228
17361.674178163168
18406.153562571148
19487.74373655089
20606.651195812407
21763.05636404597
22957.114187646323
24188.9547482409
25458.683890088738
26766.38385956848
28112.11395418353
29495.911178713348
30917.790906327285
32377.74754265747
33875.75519099465
35411.76831692917
36985.722410909504
38597.534647329456
40247.10453888615
41934.31458506811
43659.03091378942
45421.10391517941
47220.368866764744
49056.64654938857
50929.74385307531
52839.45437241529
54785.55899093676
56767.82645406013
58786.01393028484
60839.86756031878
62929.12299391088
65053.50591420077
67212.73254944172
69406.51017199628
71634.53758454099
73896.50560536236
76192.09746937895
78520.98939502436
80882.8509002114
83277.34528429672
85704.13002604512
88162.85718108341
90653.17376707218
93174.72213674901
95727.14033901002
98310.06246820942
100923.11900186396
103565.93712696256
106238.14105508465
108939.35232654067
111669.19010375132
114427.2714540877
117213.21162239838
120026.62429344973
122867.1218445125
125734.31558832322
128627.81600665397
131547.23297472257
134492.17597667425
137462.2543123658
140457.07729568274
143476.25444461452
146519.39566331654
149586.11141638
152676.0128955318
155788.71217898067
158923.8223836261
162080.95781033984
165259.73408252912
168459.76827818528
171680.67905561952
174922.0867730815
178183.61360245504
181464.88363721903
184765.52299486025
188085.15991391783
191423.4248458369
194779.95054180492
198154.37213473956
201546.32721659308
204955.45591113358
208381.40094236098
211823.80769870998
215282.3242931891
218756.60161960116
222246.29340498577
225751.0562584215
229270.54971632134
232804.4362843511
236352.3814760967
239914.0538486041
243489.12503490888
247077.26977367245
250678.16593603697
254291.4945498074
257916.93982106596
261554.1891533215
265202.93316429394
268862.8657004279
272533.6838492303
276215.08794952114
279906.7815996863
283608.47166401363
287319.8682771983
291040.68484709307
294770.6380557826
298509.4478590537
302256.8374843344
306012.53342717147
309776.26544631144
313547.7665574519
317326.7730257234
321113.0243569643
324906.2632878445
328706.23577489797
332512.69098251197
336325.3812699328
340144.0621773331
343968.49241099105
347798.4338276292
351633.65141795756
355473.9132894632
359318.99064849206
363168.65778165864
367022.6920366267
370880.87380229536
374742.98648842995
378608.8165047694
382478.1532396451
386350.78903814324
390226.5191798417
394105.1418561516
397986.45814729034
401870.2719989159
405756.39019844856
409644.6223511026
413534.78085565654
417426.68087998236
421320.1403363563
425214.97985657584
429111.0227668974
433008.09506282164
436906.025383741
440804.644987467
444703.7877246586
448603.2900131647
452502.9908122977
456402.73159705533
460302.35633230093
464201.7114469212
468100.6458079716
471999.01069482195
4.695652975087246
7.914427675572863
12.63524106694533
19.293071437168813
28.382499439203986
40.45631862902705
56.12346084654434
76.04634788129079
100.93777371132043
131.55741342555004
168.70804649003512
213.2315733437077
266.00489571908315
327.9357227359148
399.95835684431677
483.0295061914504
578.1241630132026
686.2315812434904
808.351380702084
945.4897999579098
1098.6561153113291
1268.8592390100207
1457.1045064733726
1664.3906587019947
1891.7070236055997
2140.0308974613
2410.325125731451
2703.5358807990783
3020.5906327587973
3362.3963082653413
3729.837631512095
4123.775640723117
4545.0463729279445
4994.4597094810615
5472.798374324686
5980.817077297643
6519.241793997817
7088.769174416608
7690.066072246384
8323.769187021644
8990.484811416347
9690.788676234453
10425.225885873053
11194.310937301445
11998.52781587869
12838.33016162243
13714.141499838937
14626.355530323468
15575.336469641004
16561.419441294198
17584.910908770922
18646.089147619903
19745.20474994014
20882.481161028263
22058.11524058135
23272.277847193138
24525.114442080223
25816.745709076244
27147.26818804601
28516.75491908074
29925.256095037836
31372.79972017688
32859.392272824756
34385.01937017144
35949.64643345853
37553.21935197335
39195.66514440291
40876.892616228964
42596.793012007096
44355.240661384785
46152.093617998544
47987.19429025726
49860.37006342941
51771.43391214552
53720.185002867445
55706.409285746646
57729.88007542887
59790.358620420244
61887.594660689596
64021.32697323584
66191.28390540299
68397.1838957702
70638.73598248832
72915.64029897391
75227.58855690864
77574.26451652288
79955.34444417484
82370.49755726282
84819.38645653232
87301.66754586353
89816.99143964394
92365.0033578485
94945.34350896762
97557.64746093546
100201.54650022619
102876.66797929407
105582.63565254636
108319.0700010438
111085.58854613235
113881.80615221505
116707.33531887918
119561.78646259676
122444.76818822007
125355.88755049878
128294.75030584252
131260.96115455806
134254.12397378962
137273.8420413894
140319.71825094684
143391.35531820392
146488.35597908072
149610.3231795368
152756.86025748882
155927.5711170051
159122.06039499328
162339.93362059534
165580.79736750256
168844.25939939535
172129.928808717
175437.41614897794
178766.3335607912
182116.29489183237
185486.91581091288
188877.81391635485
192288.60883884827
195718.92233897035
199168.37839954044
202636.60331298184
206123.2257638576
209627.87690674153
213150.19043958437
216689.8026727303
220246.35259373306
223819.4819281202
227408.83519624858
231014.05976638984
234634.80590418144
238270.72681857683
241921.47870442164
245586.72078178
249266.1153321356
252959.3277315807
256666.0264811107
260385.88323413488
264118.5728213105
267863.7732728033
271621.1658380793
275390.4350033242
279171.26850658475
282963.357350726
286766.39581429446
290580.08146037173
294404.1151435037
298238.2010147877
302082.0465251948
305935.3624272034
309797.86277481826
313669.2649220462
317549.28951989784
321437.6605119809
325334.10512874933
329238.3538804726
333150.14054898167
337069.2021782541
340995.27906389016
344928.114741536
348867.4559743078
352813.05273926305
356764.65821297176
360722.0287562321
364684.9238979769
368653.1063184137
372626.34183144115
376604.3993663823
380587.0509490728
384574.0716823434
388565.2397259313
392560.3362758557
396559.145543293
400561.4547329797
404567.0540211794
408575.736533239
412587.29832076665
416601.53833845665
420618.25842058874
424637.26325722726
428658.36037014594
432681.360088498
436706.075524261
440732.32254746894
444759.9197612625
448788.68847676966
452818.45268783806
456849.03904564097
460880.27683316945
464911.9979396285
468944.0368347591
472976.23054309125
477008.4186181525
481040.44311664114
485072.1485725779
4.704233917100888
7.930652571792892
12.664002068976737
19.34141096249574
28.460194204222553
40.5765326422344
56.303461949746676
76.3082812704943
101.30948499652338
132.07331317606483
169.41000784501836
214.16985411726728
267.2390764678885
329.5356524552975
402.0050982877092
485.61627324056025
581.3572430376001
690.2312359559548
813.2527196204503
951.4436212080764
1105.8297091382285
1277.4371499801814
1467.2892509721937
1676.403394902408
1905.7881716476963
2156.440708104069
2429.344196224602
2725.465617174601
3045.753658153207
3391.136817257686
3762.521690801287
4160.791436764293
4586.804407417631
5041.392943810615
5525.362324318084
6039.489859734318
6584.524126546834
7161.184330740967
7770.159794126377
8412.109555421433
9087.662078473202
9797.41506018793
10541.935330973747
11321.75884074741
12137.39072382383
12989.305436286502
13877.946959724697
14803.729065514228
15767.035634112484
16768.22102412926
17807.61048607472
18885.500617162994
20002.159849646057
21157.828973783275
22352.721686360044
23587.02516428252
24860.90065883572
26174.484107618504
27527.886761241756
28921.19582208603
30354.475092617402
31827.765630949525
33341.086411522054
34894.43498893574
36487.78816314606
38121.10264436976
39794.31571620195
41507.34589556887
43260.09358831058
45052.44173919637
46884.256475407165
48755.38774264206
50665.66993288296
52614.92250322175
54602.95058505947
56629.545583125444
58694.4857638266
60797.5368325049
62938.45249924361
65116.97503291794
67332.83580324175
69585.75581060769
71875.44620356482
74201.60878381788
76563.93649867081
78962.11392087105
81395.81771584252
83864.71709632504
86368.47426446163
88906.74484140213
91479.17828450928
94085.41829227556
96725.1031970743
99397.86634588556
102103.33646915003
104841.13803791633
107610.89160945841
110412.21416154878
113244.71941558075
116108.01814874183
119001.71849544291
121925.42623821706
124878.74508830064
127861.27695611914
130872.62221189542
133912.37993660482
136980.14816350196
140075.5241104416
143198.10440322023
146347.48529016104
149523.26284816567
152725.0331804553
155952.39260621986
159204.93784239516
162482.26617778273
165783.97563972528
169109.66515355112
172458.9346949914
175831.38543577844
179226.6198826241
182644.24200977723
186083.85738535487
189545.07329163697
193027.49883951328
196530.74507726563
200054.4250938636
203598.154116952
207161.54960570083
210744.23133868602
214345.82149696525
217965.9447425098
221604.22829214841
225260.3019871767
228933.7983587802
232624.35268941688
236331.6030703013
240055.19045512515
243794.75871015262
247549.9546608183
251320.42813495413
255105.83200277147
258905.82221371483
262720.0578303073
266548.2010590978
270389.9172788233
274244.8750658888
278112.7462172728
281993.20577095606
285885.9320239722
289790.606548174
293706.91420380893
297634.5431509895
301573.184859148
305522.5341145561
309482.28902599285
313452.15102863667
317431.825433915
321421.0186917869
325419.4438663257
329426.81515667395
333442.8506314343
337467.2716757615
341499.8029848187
345540.1725559973
349588.1116799631
353643.35493057966
357705.6401537672
361774.70845534577
365850.3041879158
369932.1749368221
374020.07150525064
378113.74789850105
382212.9613074806
386317.4720914601
390427.04376013286
394541.44295501645
398660.43943023426
402783.80603271286
406911.31868183083
411042.7563485528
415177.9010340812
419316.53774805495
423458.4544863286
427603.4422083591
431751.294814226
435901.80912131607
440054.7848406941
444210.0245531868
448367.33368520404
452526.5204843172
456687.3959946191
460849.7740318887
465013.47115857236
469178.30665861286
473344.1025121338
477510.683370004
481677.8765282977
485845.5119026637
490013.4220026225
494181.4419058073
498349.4092321578
4.71268139536643
7.946628328963668
12.692327526824396
19.38902928717752
28.536748068879493
40.69501082049617
56.480909539582484
76.56656719196616
101.67611952677946
132.58230765794485
170.10276831927433
215.09610045510908
268.4577785939332
331.11597542284363
404.0273482708855
488.1728369149648
584.5535133082662
694.1865175368941
818.101108554341
957.3348530208091
1112.9299709398852
1285.9298524274923
1477.3757566174318
1688.303700017175
1919.7415391682075
2172.7062498607274
2448.2014031030503
2747.2148363058795
3070.7165166420823
3419.6565923335947
3794.96362661724
4197.543008368089
4628.275532694542
5088.016144425763
5577.592836902628
6097.805698724967
6649.426100243388
7233.196012269889
7849.827449098815
8500.002028154136
9184.370638701366
9903.553212242161
10658.138587420748
11448.684462507461
12275.717428779002
13139.733078383504
14041.196180556335
14980.540920335356
15958.171194210681
16974.460957398063
18029.75461795445
19124.36747237273
20258.586179285732
21432.669266026118
22646.847664766523
23901.325274354334
25196.27954444178
26531.8620787117
27908.19925422167
29325.392854098875
30783.520711021283
32282.63735911039
33822.774692044
35403.942625368756
37026.12976115481
38689.304053289234
40393.41347184925
42138.386665125014
43924.133618037464
45750.54630569304
47617.499341068135
49524.85061593682
51472.44193401501
53460.099635695646
55487.635213635
57554.845918600695
59661.51535505128
61807.41406599
63992.300106697694
66215.91960700715
68478.00732183925
70778.28716976818
73116.47277148408
75492.26790364076
77905.3671210949
80355.45612562046
82842.21230291299
85365.3051747697
87924.39685083862
90519.1424679314
93149.19061697043
95814.1837576608
98513.75862099582
101247.54659972228
104015.1741269057
106816.26304274748
109650.43094982099
112517.29155690006
115416.4550115644
118347.52822177426
121310.1151666117
124303.81719639349
127328.23332236285
130382.96049617487
133467.5938793881
136581.72710318258
139724.9525185224
142896.8614369837
146097.04436246832
149325.0912140259
152580.59154000113
155863.13472373033
159172.31018100114
162507.70754949457
165868.91687042327
169255.52876257745
172667.13458899045
176103.32661642865
179563.69816791266
183047.84376846906
186555.3592843117
190085.8420556487
193638.89102330332
197214.10684934072
200811.09203188238
204429.45101428882
208068.7902888896
211728.7184954319
215408.84651441913
219108.7875555034
222828.15724109547
226566.57368535022
230323.6575686811
234099.03220795625
237892.32362252116
241703.16059619325
245531.17473536616
249376.00052336263
253237.27537116455
257114.6396646532
261007.7368084828
264916.21326670935
268839.7186003734
272777.90550160344
276730.4298259936
280696.95062062924
284677.1301506029
288670.63392247877
292677.1307053565
296696.29254954885
300727.7948029717
304771.3161253316
308826.5385002037
312893.1472450839
316970.83156592376
321059.28183124826
325158.19504087314
329267.2693644003
333386.2068744609
337514.71299983753
341652.49652351474
345799.2695792966
349954.7476470565
354118.6495466807
358290.6974307642
362470.61677611835
366658.1363741445
370852.98832012893
375054.9080015092
379263.63408516435
383478.9085037758
387700.4764413079
391928.0863176498
396161.4897724663
400400.44164829626
404644.6999729431
408894.0259411924
413148.18389589596
417406.9413084619
421670.0687587791
425937.3399146163
430208.53151052585
434483.42332628055
438761.79816488095
443043.44183015364
447328.14310397557
451615.69372314645
455905.888355938
460198.52457834466
464493.4028500563
468790.3264901814
473089.10165273916
477389.53730194067
481691.4451872839
485994.6398184785
490298.9384402189
494604.1610068283
498910.13015678263
503216.6711871399
507523.6120278857
511830.78321620973
4.720998438697068
7.962360505396335
12.720226978768611
19.435941891783518
28.61218500134892
40.81178880222658
56.65585477657905
76.82127685423536
102.03777373245424
133.08452428567253
170.78649256776157
216.01052087355072
269.6612612962639
332.6770083453023
406.02548760954886
490.69964826216284
587.7135004704179
698.0980325398614
822.897236906844
963.1642688949487
1119.9577575293079
1294.3382833343844
1487.3650347179403
1700.0926508109883
1933.568256168281
2188.8286900913727
2466.8979312556758
2768.784716550646
3095.4803515049334
3447.9567084244627
3827.164407338187
4234.031174031664
4669.460368760593
5134.329678802563
5629.4899674644275
6155.764272391852
6713.946945106041
7304.802924384425
7929.067135677816
8587.444008966042
9280.607107556129
10009.198860489349
10773.830391418836
11575.081437041214
12413.500348407435
13289.604168695398
14203.878781294561
15156.779122327198
16148.729452009464
17180.12367946921
18251.325736434126
19362.669993662483
20514.461717888444
21706.977562779328
22940.466091287813
24215.148325215316
25531.21831856019
26888.843751389664
28288.166541195715
29729.303468905247
31212.346816917943
32737.365016735534
34304.40330393032
35913.484378372785
37564.60906780189
39257.75699297777
40992.88723279562
42769.93898791646
44588.83224148964
46449.46841585175
48351.73102394931
50295.486314678645
52280.58391101377
54306.85744027165
56374.12515572826
58482.19054895542
60630.842952309955
62819.858131080786
65048.9988648634
67318.01551779069
69626.64659730834
71974.61930123149
74361.65005287019
76787.44502405224
79251.70064591675
81754.10410738473
84294.33384125037
86872.0599978668
89486.9449064288
92138.6435238807
94826.80387150307
97551.06745925015
100311.0696979332
103106.44029935871
105936.80366455026
108801.77926019137
111700.98198344577
114634.02251531661
117600.5076627198
120600.04068945338
123632.22163625224
126696.64763012565
129792.91318317645
132920.61048111066
136079.32966164435
139268.6590830218
142488.18558285868
145737.49472752583
149016.17105229173
152323.7982924403
155659.95960558063
159024.23778536732
162416.21546684485
165835.47532363288
169281.6002571639
172754.17357818436
176252.77918073017
179777.00170877893
183326.42671578866
186900.64081731797
190499.23183693073
194121.78894557717
197767.90279464496
201437.16564286835
205129.17147728015
208843.51612838818
212579.79737975472
216337.61507215328
220116.57120247307
223916.27001753938
227736.31810301123
231576.32446751973
235435.90062219894
239314.66065576577
243212.22130529472
247128.20202283456
251062.2250380071
255013.9154167272
258982.90111617866
262968.81303617527
266971.2850670361
270989.95413410023
275024.4602389959
279074.4464977923
283139.55917613517
287219.44772148784
291313.7647925805
295422.16628617176
299544.3113612296
303679.862460622
307828.48533042194
311989.84903691395
316163.6265257104
320349.491912851
324547.1259386158
328756.2105330551
332976.43154439615
337207.47819975496
341449.0431084456
345700.82226364216
349962.5150424617
354233.8242045389
358514.4558891567
362804.1196109975
367102.5282545741
371409.39806740236
375724.4486519727
380047.4029565747
384377.9872650297
388715.9311853831
393060.9676376064
397412.8328403582
401771.2662968494
406136.01077985886
410506.812315944
414883.42016888654
419265.5868224156
423653.06796224543
428045.62245746964
432443.01234134275
436845.0027914878
441251.36210956547
445661.8617004317
450076.2760508213
454494.3827075838
458915.9622555025
463340.7982947256
467768.6774178323
472199.389186567
476632.72610825894
481068.48361195653
485506.4600242987
489946.45654514205
494388.2772229715
498831.7289301077
503276.62133773696
507722.7668907804
512169.98078261793
516618.0809296889
521066.8879459846
525516.2251174462
4.729187986785018
7.977854499364811
12.747709694941552
19.4821638329055
28.686528331805086
40.92690130613847
56.828347544731486
77.07247975302958
102.39454181534026
133.5800876551188
171.4613417740136
216.91331972046862
270.849778890587
334.219062347845
407.9998908993241
493.1971515824998
590.8377240667039
701.9663803005823
827.6417870643602
968.9326359210754
1126.9139203957293
1302.6633760367758
1497.2580952999747
1711.7713259207596
1947.269458574121
2204.809207140812
2485.434982731932
2790.176460828185
3120.046339315798
3476.0382839273166
3859.1250565169867
4270.256820770761
4710.359619208441
5180.334014886887
5681.053890629442
6213.365398826176
6778.086053872257
7376.00396000827
8007.877166861246
8674.433145179468
9376.368375335956
10114.348041320387
10889.005823118252
11700.943780584017
12550.732322143484
13438.910251906727
14365.9848890305
15332.432253434472
16338.697312246615
17385.194281524116
18472.306978873385
19600.389220045476
20769.765258480606
21980.73025999576
23233.550810693374
24528.46545360023
25865.68525058676
27245.39436624597
28667.750670631634
30132.886357965286
31640.908578624687
33191.90008191722
34785.91986732626
36423.00384209136
38103.16548314829
39826.39650161145
41592.66750812181
43401.92867756601
45254.110411689806
47149.12399837808
49086.862266510834
51067.20023518169
53089.99575646172
55155.090150801254
57262.3088343111
59411.461937241926
61602.344913055385
63834.73913755414
66108.41249760587
68423.11996905545
70778.60418348163
73174.59599538722
75610.81496639924
78086.97001582514
80602.7598215041
83157.87338674278
85751.9905237106
88384.7823364288
91055.9116914506
93765.03367624209
96511.79604529816
99295.83965404893
102116.79888063463
104974.30203564391
107867.97175992877
110797.42541062168
113762.27543549774
116762.12973583267
119796.59201792118
122865.26213342714
125967.73640874698
129103.60796357406
132272.46701885594
135473.9011943467
138707.49579595364
141972.83409308706
145269.49758622164
148597.066264881
151955.11885625683
155343.23306467835
158760.98580214332
162207.95341012694
165683.71187287956
169187.83702242788
172719.9047354886
176279.4911225057
179866.17270901744
183479.5266095605
187119.13069431248
190784.56374867496
194475.40562599408
198191.2373936142
201931.6414724561
205696.20177030933
209484.50380902452
213296.13484578553
217130.68398864422
220987.7423064901
224866.9029336289
228767.7611691359
232689.91457115207
236632.9630462821
240596.5089342517
244580.15708798042
248583.5149492179
252606.19261989233
256647.80292931257
260707.96149736719
264786.2867938515
268882.40019413974
272995.92603077926
277126.49164277746
281273.727419968
285437.26684530976
289616.74653359683
293811.8062672346
298022.0890291199
302247.24103272514
306486.91174949746
310740.7539336661
315008.423644564
319289.58026655106
323583.8865266363
327891.00850988744
332210.6156727132
336542.38085410465
340885.9802849147
345241.09359525825
349607.4038201076
353984.5974031568
358372.3641990299
362770.3974738991
367178.3939045836
371596.0535761935
376023.079978381
380459.1800002612
384904.0639240625
389357.44541756174
393819.0415253625
398288.5726590669
402765.76258639485
407250.3384193018
411742.0306011398
416240.5728929124
420745.70235866646
425257.15935006447
429774.68749018136
434298.03365656396
438826.94796359394
443361.18374419207
447900.4975308992
452444.6490363707
456993.4011333164
461546.51983392227
466103.7742687795
470664.9366653585
475229.78232605115
479798.0896058133
484369.6398894328
488944.2175684493
493521.6100177521
498101.6075718804
502684.0035010459
507268.5939869057
511855.1780981024
516443.5577655934
521033.5377577921
525624.9256555343
530217.5318268943
534811.1694018645
539405.6542469168
4.737252893386216
7.993115554671292
12.774784686372621
19.527709756979714
28.759800772440833
41.04038215888299
56.998436488034926
77.3202437176201
102.74651580515523
134.06911960970012
172.1274737243557
217.8046972545961
272.0235808890131
335.74236742490945
409.95092657459986
495.6657844621493
593.9266965307228
705.7921528747365
832.3354342599506
974.6407145199919
1133.7993053496225
1310.9060597206333
1507.0559464251228
1723.3408049624036
1960.8462870978076
2220.648988916531
2503.813774998275
2811.3912945140114
3144.41568743663
3503.9024777510367
3890.84664943937
4306.220900147273
4750.974066693705
5226.029715934184
5732.284894448015
6270.60902957845
6841.8429747575865
7446.798191601113
8086.256061326289
8760.967318061692
9471.651596699527
10218.9970880683
11003.660294367011
11826.26587799508
12687.406597128149
13587.643321623991
14527.505123090472
15507.489433203466
16528.062264625893
17589.658489005895
18692.68216790159
19837.506928883384
21024.476387046794
22253.90460277388
23526.076574552382
24841.248762045052
26199.6496359402
27601.48025120451
29046.914840579047
30536.101425368535
32069.162440777494
33646.19537323744
35267.27340735428
36932.44608027937
38641.73994147249
40395.15921597841
42192.686469522
44034.28327376538
45919.89087037726
47849.43083245535
49822.80572227924
51839.899744081355
53900.579390990504
56004.694085191746
58152.07681050211
60342.54473664059
62575.89983454617
64851.92948217455
67170.40706027189
69531.09253768623
71933.73304584005
74378.06344203895
76863.80686134446
79390.67525678559
81958.36992772736
84566.58203625468
87214.99311146613
89903.27554160851
92631.09305401034
95398.10118280548
98203.94772446038
101048.27318114444
103930.711192003
106850.88895241424
109808.42762132683
112802.94271679141
115834.04449981531
118901.33834667977
122004.42510987303
125142.90146780088
128316.36026344568
131524.39083215376
134766.57931873505
138042.50898406873
141351.76050140843
144693.91224258908
148068.54055433848
151475.22002489932
154913.52374116977
158383.02353657284
161883.29022986328
165413.89385508344
168974.40388287872
172564.38943338156
176183.41948087385
179831.0630504342
183506.88940677806
187210.4682354928
190941.3698168723
194699.1651925482
198483.42632511887
202293.72625096721
206129.63922646138
209990.74086772776
213876.60828418084
217786.8202059932
221720.95710568584
225678.60131401406
229659.33713032337
233662.7509275428
237688.43125198255
241735.96891809968
245804.95709838843
249894.99140855306
254005.66998811305
258136.59357659158
262287.3655854293
266457.59216576774
270646.88227223913
274854.8477228972
279081.103255421
283325.26657971815
287586.9584270545
291865.80259583
296161.4259941191
300473.45867909014
304801.5338934186
309145.28809879714
313504.36100665637
317878.39615498256
322267.0381897903
326669.9383759952
331086.7491300243
335517.12678201613
339960.73104304285
344417.2250189909
348886.2752223927
353367.55158228934
357860.7274522059
362365.4796163096
366881.4882938307
371408.4371418146
375946.0132562758
380493.9071718201
385051.81285980094
389619.42772507184
394196.4526013984
398782.5917455845
403377.5528303756
407981.04693618923
412592.788541728
417212.49551353056
421839.8890945022
426474.69389148266
431116.6378618912
435765.45229949575
440420.8718193546
445082.63434196217
449750.48107665154
454424.1565042845
459103.4083592708
463787.9876109513
468477.6484443827
473172.1482405563
477871.2475560817
482574.7101023724
487282.3027243578
491993.7953787561
496708.9611119323
501427.5760373719
506149.41931279324
510874.27311692893
515601.9226259942
520332.15598987066
525064.7643080266
529799.5416051939
534536.2848068256
539274.7937143503
544014.8709802476
548756.3220829563
553498.9553016416
4.745195929372567
8.00814876598806
12.801460713682879
19.5725939135989
28.832024436786263
41.15226432178401
57.16616904591227
77.56463495590225
103.09378561469804
134.55173930525123
172.78504288109625
218.68484972432518
273.1829120801895
337.24745062956396
411.87895697093984
498.1059778121321
596.9809231897593
709.5759349889393
836.9788464539016
980.2892582743716
1140.614752198576
1319.0672589570636
1516.7595935557235
1734.8021676951835
1974.2998861668725
2236.349231547714
2522.035539288996
2832.430463443355
3168.5896316302756
3531.550486502992
3922.3303098396163
4341.924424471881
4791.304568502277
5271.417435561094
5783.183374810087
6327.495243398365
6905.217404483075
7517.184863438611
8164.202534929531
8847.044633515625
9566.4541805205
10323.142620004484
11117.789536829747
11951.042469984202
12823.516814533383
13735.795805791971
14688.430579543756
15681.94030238566
16716.812366526377
17793.502643628013
18912.43579253916
20074.00561602682
21278.575461870914
22526.478663937884
23818.01901909683
25153.471296082997
26533.08177264701
27957.068797554988
29425.623374223072
30938.90976297908
32497.066099146745
34100.20502433864
35748.41432853007
37441.757600659475
39180.27488566803
40963.98334604407
42792.87792612643
44666.932017459025
46586.0981237355
48550.30852402585
50559.475932872476
52613.49415623521
54712.23874219302
56855.56762546826
59043.32176492099
61275.325773251156
63551.388538223124
65871.30383480559
68234.85092768892
70641.79516370688
73091.88856552844
75584.87034383041
78120.46757495082
80698.39563159822
83318.35877858002
85980.05068607857
88683.15494278121
91427.34555699429
94212.28744567886
97037.63691137811
99903.04210703073
102808.14348869167
105752.57425620318
108735.96078188004
111757.92302729255
114818.0749482447
117916.02488806458
121051.37595933425
124223.72641420012
127432.67000341525
130677.79632427552
133958.6911576186
137274.9367940629
140626.11234967154
144011.79407122807
147431.55563131915
150884.968413422
154371.60178719572
157891.02337418098
161442.79930411262
165026.4944620507
168641.6727265379
172287.89719898984
175964.73042452562
179671.73460444482
183408.47180055673
187174.50413156705
190969.39396172232
194792.70408191654
198643.99788345638
202522.83952468267
206428.79409064326
210361.4277460067
214320.30788140942
218305.0032534187
222315.0841182969
226350.12235974649
230409.69161081212
234493.36737011492
238600.72711258734
242731.3503948766
246884.8189555814
251060.7168104797
255258.63034290716
259478.14838943692
263718.86232101324
267980.36611968314
272262.25645107153
276564.1327327381
280885.5971985522
285226.2549592205
289585.71405909443
293963.5855293871
298359.48343792
302773.0249355217
307203.8302991937
311651.5229721591
316115.73014527647
320596.0800693145
325092.20753002976
329603.7484330887
334130.3425519912
338671.633007259
343227.26628759154
347796.8922687093
352380.16422997095
356976.7388688503
361586.27631335595
366208.4401324767
370842.897344726
375489.3184248656
380147.3773088789
384816.7513972681
389497.1215567417
394188.1721203602
398889.5908862051
403601.0691146326
408322.3015241761
413052.98628615116
417792.82501802506
422541.52277560276
427298.7880440837
432064.3327280412
436837.8721403744
441619.1249902794
446407.8133702893
451203.6627424258
456006.401923506
460815.76306964795
465631.48166001483
470453.29647983646
475280.94960274716
480114.1863724756
484952.7553839233
489796.4084636639
494644.9006498979
499497.99017189466
504355.4384289494
509217.0099688901
514082.4724661563
518951.59669948294
523824.1565292124
528699.9288742599
533578.6936887596
538460.233938413
543344.3355765608
548230.7875200053
553119.3816245975
558009.912660614
562902.1782879438
567795.9790310981
4.753019785657949
8.0229590839856
12.827746295451721
19.616830168334445
28.903220858353006
41.26257991669625
57.331591487567536
77.80571809823765
103.4364390936755
135.02806327360426
173.434200454644
219.5539694459114
274.32801260964504
338.73437992228025
413.78433839064473
500.518155912799
600.0009022759774
713.3183040039219
841.5726842319146
985.8790137140576
1147.361094451887
1327.1478932736527
1526.3700389650885
1746.1564932404997
1987.6314029190435
2251.911138121244
2540.1015190469207
2853.2952320184027
3192.5694337966115
3558.983541809993
3953.5772067670496
4377.368463174735
4831.352052504373
5316.497913001056
5833.749830082791
6384.024240215636
6968.209181562148
7587.163384170065
8241.71549250255
8932.663413083064
9660.773780071395
10426.781531679277
11231.389590464858
12075.268640709284
12959.056996268102
13883.360552500753
14848.752816107872
15855.775006943484
16904.936226070517
17996.713684941587
19131.552989569664
20309.868476349053
21532.04359326079
22798.431322987813
24109.35464343779
25465.10702177317
26865.952938234557
28312.128436268107
29803.841695685205
31341.273625791295
32924.5784756223
34553.88445861875
36229.29438925291
37950.88632929884
39718.71424160263
41532.808649363214
43393.177299128205
45299.805825735864
47252.65841769845
49251.678481671974
51296.78930453879
53387.894712047026
55524.87972286367
57707.611197064936
59935.938478168035
62209.69402790186
64528.69405299141
66892.73912331133
69301.61478083458
71755.09213886815
74252.92847113262
76794.8677902984
79380.64141564589
82009.96852956737
84682.55672267498
87398.10252732046
90156.29193937354
92956.80092814291
95799.29593435457
98683.43435613648
101608.86502298554
104575.22865771779
107582.1583264288
110629.2798765108
113716.21236279485
116842.5684619014
120007.95487490232
123211.97271840883
126454.21790421491
129734.28150763652
133051.7501246978
136406.20621832483
139797.22845371353
143224.3920230506
146687.26895976515
150185.42844249992
153718.43708899396
157285.8592400692
160887.2572339208
164522.19167091124
168190.22166906772
171890.9051104902
175623.79887886887
179388.4590883195
183184.4413037368
187011.3007528718
190868.59253033402
194755.87179371985
198672.69395206717
202618.61484683378
206593.190925595
210595.97940865575
214626.53844876567
218684.4272841291
222769.20638489464
226880.43759330604
231017.68425769784
235180.51136051072
239368.48564050192
243581.17570932195
247818.15216262356
252078.98768587163
256363.25715501033
260670.5377321494
265000.40895642334
269352.452830173
273726.2539005998
278121.39933703654
282537.47900397563
286974.0855299933
291430.81437270495
295907.26387988124
300403.0353468552
304917.7330703449
309450.9643988129
314002.3397794809
318571.4728021174
323157.980239708
327761.4820861207
332381.60159086954
337017.96529108565
341670.2030407899
346337.9480375703
351020.8368467589
355718.50942319765
360430.60913068784
365156.78275920486
369896.6805399706
374649.95615845884
379416.26676541794
384195.27298598667
388986.63892697793
393790.0321824071
398605.1238373305
403431.588470066
408269.1041528625
413117.35245108063
417976.0184209492
422844.7906059562
427723.361031935
432611.4252009008
437508.6820836922
442414.83411147335
447329.587166145
452252.65056971577
457183.73707268346
462122.5628414696
467068.8474449544
472022.3138401561
476982.68835709395
481949.7006828804
486923.0838450761
491902.57419435016
496887.9113864804
501878.8383637281
506875.10133562365
511876.4497591956
516882.63631867175
521893.4169046889
526908.5505930341
531927.7996229525
536950.9293750442
541977.708348779
547007.908139656
552041.3034160272
557077.6718956176
562116.7943217559
567158.4544393428
572202.4389705776
577248.5375904617
582296.5429021006
4.760727076003868
8.037551320256615
12.853649716249329
19.660432015088226
28.973411008629018
41.371360251016384
57.494748945295086
78.04355624008346
103.7745620812161
135.4982054848678
174.07509447451196
220.4122448809885
275.4591180601784
340.20352047691085
415.66742117109123
502.9027364632517
602.9871249453466
717.0198298889841
846.1176007184811
991.4107201561544
1154.0391590521142
1335.148876759903
1535.8882811899828
1757.4048593521504
2000.8419862587448
2267.335917490799
2558.0129684495855
2873.9868814143915
3216.3563798196164
3586.20290776768
3984.588551596419
4412.554139337337
4871.117513087105
5361.271968556174
5883.984855962474
6440.196335353484
7030.818279838357
7656.733319645031
8318.794019934134
9017.822185251778
9754.60828352756
10529.910982598147
11344.456792351593
12198.939805736807
13094.021532058498
14030.330816176709
15008.46383744548
16028.98418245316
17092.422985787307
18199.279133910684
19350.019525310454
20545.079384673343
21784.86262365811
23069.742245423728
24400.060788140796
25776.130803569962
27198.23536694278
28666.628614603564
30181.53630608715
31743.156407514474
33351.65969338994
35007.190364075024
36709.86667639837
38459.78158503724
40257.00339246794
42101.57640547872
43993.52159628737
45932.83726662363
47919.4997130379
49953.463892150416
52034.66408426695
54163.01455427578
56338.41020863289
58560.72724741521
60829.823810504095
63145.54061705548
65507.70159749218
67916.11451733588
70370.5715922683
72870.85010561491
75416.71294562212
78007.90930856642
80644.17515656946
83325.23384057077
86050.7966417371
88820.56331324052
91634.22261049086
94491.45280968265
97391.92221454925
100335.28965125169
103321.204951358
106349.3094228951
109419.23630948226
112530.61123757601
115683.05265187878
118876.17223897937
122109.57533931555
125382.86134755841
128695.62410153769
132047.45225983538
135437.9296681892
138866.63571485598
142333.14567509337
145837.03104492812
149377.85986438385
152955.19703034675
156568.60459925683
160217.6420798096
163901.8667158633
167620.8337597456
171374.09673615667
175161.20769686828
178981.71746641837
182835.1758790023
186721.13200676057
190639.13437966467
194588.73119720083
198569.47053205033
202580.90052596468
206622.5695780326
210694.02652553288
214794.82081756572
218924.50268165403
223082.62328350282
227268.73488010195
231482.39096635606
235723.14641542188
239990.5576129305
244284.1825852708
248603.58112210274
252948.31489327116
257317.9475602867
261712.04488253285
266130.1748183614
270571.90762122965
275036.81593103486
279524.47486079123
284034.4620787991
288566.35788644815
293119.74529179314
297694.2100790397
302289.3408740713
306904.7292061506
311539.9695659193
316194.6600046293
320868.3994610658
325560.7932572582
330271.4476947988
334999.9728201726
339745.981918232
344509.09154758183
349288.921573167
354085.0951961626
358897.23898126656
363724.9828814868
368567.9602605148
373425.80791277497
378298.1660812398
383184.6784730895
388084.9922733025
392998.7581562535
397925.63029539766
402865.26637111587
407817.32757679204
412781.47862319485
417757.38774123
422744.7266831332
427743.1707221615
432752.39865085186
437772.0927779037
442801.93892374355
447841.6264148305
452890.8480767559
457949.3002261883
463016.682661721
468092.6986536636
473177.0549328346
478269.4616783919
483369.6325047557
488477.28444766055
493592.1379493809
498713.91684317193
503842.34833696194
508977.1629963401
514118.0947268662
519264.8807557505
524417.2616129261
529574.9811115563
534737.7863280014
539905.4275812812
545077.6584120604
550254.2355611849
555434.9189477985
560619.4716470665
565807.65986753
570999.2529281168
576194.0232348354
581391.7462571686
586592.2005041966
591795.1675004645
597000.43176162
4.768320339710368
8.051930152045042
12.879179034376056
19.703412587992922
29.042615314449904
41.478635841875004
57.65568544677438
78.27821098343667
104.10823845708715
135.96227740840447
174.70786985917383
221.25986071331286
276.57645953214694
341.6551566455802
417.5285497554934
505.26013063520384
605.9400753036509
720.6810752068461
850.614241504841
996.885109557828
1160.6497661319063
1343.0711177047347
1545.3153145229571
1768.5483417352643
2013.9327859721236
2282.6247831553737
2575.7711510167537
2894.506707879973
3239.9517775244058
3613.209878512772
4015.3655951796595
4447.482626379086
4910.602007357775
5405.740499238004
5933.889140533277
6496.011953966613
7093.044802265616
7725.894386000302
8395.437376530434
9102.519677057648
9847.955804782749
10632.528387225018
11456.987765858843
12322.051700357311
13228.405166895294
14176.700244150608
15167.556080846878
16201.558938899507
17279.262306344834
18401.187075356018
19567.82177778035
20779.62287709365
22037.01510813531
23340.391862447057
24690.115614165607
26086.518382540384
27529.902227263876
29020.539773022556
30558.67475989175
32144.52261640356
33778.27105231815
35460.08066831914
37190.08558003897
38968.39405399572
40795.0891531845
42670.229390267974
44593.84938635742
46565.9605336329
48586.55166021858
50655.58969563071
52773.0203355225
54938.76870438871
57152.74001505943
59414.82022390925
61724.87668080234
64082.75877288803
66488.29856144401
68941.3114110456
71441.59661041536
73988.93798437435
76583.10449638552
79223.85084123729
81910.91802747472
84644.0339492365
87422.91394720704
90247.26135843678
93116.768054827
96031.11497011513
98989.97261523035
101993.00158192588
105039.85303462266
108130.1691904274
111263.58378731608
114439.7225404949
117658.2035869749
120918.63791841401
124220.6298023007
127563.77719156726
130947.67212273779
134371.9011027277
137836.0454844241
141339.68183118853
144882.38227042777
148463.7148363972
152083.2438023952
155740.5300025253
159435.13114320202
163166.60210458213
166934.49523210872
170738.36061835728
174577.7463753751
178452.19889771065
182361.26311632618
186304.4827435936
190281.40050956752
194291.55838973663
198334.49782444927
202409.7599302095
206516.88570304183
210655.41621411685
214824.89279783386
219024.85723254972
223254.85191414485
227514.42002261555
231803.105681875
236120.45411294792
240466.01178073988
244839.32653455684
249239.9477425527
253667.42642027463
258121.31535347603
262601.1692153649
267106.544678448
271637.0005211331
276192.0977292449
280771.3995926099
285374.47179685696
290000.8825105867
294650.2024680492
299322.0050474719
304015.86634517804
308731.36524562637
313468.08348750643
318225.6057260173
323003.51959145407
327801.4157442242
332618.8879264155
337455.53301002755
342310.95104198426
347184.745286033
352076.5222616442
356985.8917800087
361912.46697723895
366855.8643448742
371815.70375778154
376791.6084995509
381783.2052854711
386790.12428318063
391811.9991310729
396848.4669545463
401899.1683801741
406963.74754787673
412041.85212117294
417133.1332955828
422237.24580525485
427353.8479278881
432482.6014880175
437623.1718587256
442775.22796184797
447938.44226673315
453112.49078761454
458297.05307965685
463491.8122337292
468696.4548699633
473910.67113014625
479134.15466899954
484366.6026443997
489607.71570657607
494857.1979863469
500114.7570824276
505380.1040478588
510652.95337559754
515933.0229833095
521220.03419740347
526513.7117363438
531813.7836932818
537119.9815180365
542432.0399984606
547749.6972412313
553072.6946520834
558400.7769155322
563733.6919741031
569071.1910071041
574413.0284089668
579758.9617671804
585108.7518398477
590462.1625328892
595818.9608769115
601178.9170037739
606541.8041228671
611907.3984971311
4.775802044197478
8.066100126788717
12.904342089301029
19.745784672878703
29.11085367475686
41.58443643953669
57.81444394637931
78.50974247711973
104.43755019163491
136.42038807250813
175.33266848474537
222.0969979246657
277.680263723521
343.08956766110697
419.3680627657675
507.5907431308302
608.860230438946
724.3025951080878
855.0632445903932
1002.3029063872367
1167.1937287945082
1350.915518264133
1554.6521285422675
1779.5880134112363
2026.9049518975164
2297.7789522036983
2593.3773382952863
2914.85602112736
3263.3569547301786
3640.005775912755
4045.9096251242127
4482.155144892148
4949.806651492214
5449.904474590041
5983.463459524783
6551.471625695885
7154.888974922817
7794.646442998877
8471.644987644582
9186.754805973243
9940.814674567526
10734.631405304253
11568.979410147333
12444.600368247915
13362.202988840294
14322.462863595885
15326.022402291635
16373.490845857128
17465.44435108533
18602.42614151945
19784.94671926198
21013.48413268771
22288.484295279508
23610.361351041047
24979.498082173774
26396.246354934974
27860.927599817995
29373.83332241472
30935.225641533496
32545.337851350585
34204.375004573536
35912.514513784394
37669.90676831626
39476.67576419168
41332.919744812716
43238.7118502995
45194.10077340851
47199.11142023564
49253.74557407441
51357.982560684795
53511.77991366147
55715.07403851328
57967.78087423874
60269.79655128087
62620.99804483902
65021.24382261197
67470.37448612961
69968.21340491399
72514.56735454875
75109.22707571163
77751.96800062244
80442.55073476274
83180.72170510265
85966.2137274691
88798.74657506711
91678.02753611952
94603.75196039543
97575.60379443901
100593.25610534575
103656.37159296995
106764.60309047771
109917.59405318879
113114.97903567941
116356.3841571405
119641.42755501177
122969.71982692812
126340.8644610394
129754.45825477713
133210.0917221598
136707.34948974242
140245.81068132748
143825.04929156823
147444.63454860105
151104.13126586057
154803.10018322882
158541.09829768733
162317.6791836385
166132.393303075
169984.7883057741
173874.4093197043
177800.799231828
181763.49895949187
185762.04771259625
189795.9832467362
193864.84210750897
197968.1598661809
202105.47134691055
206276.3108457215
210480.21234141846
214716.70969863966
218985.33686323898
223285.62805018536
227617.1179241706
231979.34177311187
236371.8356747332
240794.13665640875
245245.7828484483
249726.31363100265
254235.26977476466
258772.19357563677
263336.6289835356
267928.12172550143
272546.2194232746
277190.47170549957
281860.43031471653
286555.64920929365
291275.6846604508
296020.09534452535
300788.44243062433
305580.289663805
310395.20344392385
315232.7529002892
320092.50996225
324974.0494258533
329876.9490166941
334800.7894490825
339745.15448164986
344709.6309695107
349693.80891309556
354697.2815037666
359719.64516632626
364760.49959852314
369819.44780766027
374896.09614440653
379990.0543339091
385100.9355043013
390228.35621269996
395371.93646878283
400531.29975603387
405706.0730507399
410895.8868388237
416100.37513059337
421319.175473487
426551.92896288715
431798.2802510802
437057.8775544324
442330.3726588511
447615.42092360015
452912.6812835336
458221.8162498113
463542.4919091609
468874.3779217396
474217.14751766226
479570.47749224334
484934.0482000137
490307.5435475606
495690.65098524553
501083.0614978446
506484.46959416574
511894.5732956826
517313.07412423356
522739.67708883027
528174.0906716132
533616.0268130009
539065.2008960661
544521.3317301805
549984.1415339664
555453.3559175835
560928.7038643959
566409.9177120407
571896.7331329411
577388.8891142869
582886.1279375162
588388.195157327
593894.8395802452
599405.8132427759
604920.8713891663
610439.7724488024
615962.2780132631
621488.1528130609
627017.1646940816
4.783174587482263
8.080065666483877
12.929146508820708
19.787560718323583
29.17814588486871
41.68879105003455
57.97106635553109
78.73820945593562
104.76257739446679
136.87264412278606
175.94962925246955
222.92383386985256
278.77075300958677
344.5070277171504
421.1862930772032
509.8949722441805
611.7480604599034
727.8849373344196
859.4652403365968
1007.6648275113755
1173.6718529164434
1358.6829741571323
1563.8997076772112
1790.5249441252247
2039.7596331484463
2312.7996443212032
2610.8328086176034
2935.0361428080505
3286.5732574167178
3666.5919473678523
4076.221963204205
4516.572959619229
4988.732617241447
5493.764932684996
6032.708671761437
6606.575979531943
7216.351141254808
7862.989487612746
8547.416437567314
9270.526672074451
10033.183431862219
10836.217932492791
11680.428889996947
12566.582150473872
13495.410417184703
14467.61306882986
15483.85606288297
16544.77191803827
17650.95977015084
18802.98549588101
20001.38189925572
21246.648955620723
22539.254108463698
23879.63261443186
25268.187932207547
26705.292151117264
28191.286455571382
29726.481621648585
31311.158542349818
32945.568778250745
34629.93513048047
36364.45223314331
38149.2871624858
39984.580060280234
41870.44476910034
43806.96947723503
45794.21737123367
47832.22729425882
49921.014408347146
52060.57085907278
54250.86644106959
56491.84926304022
58783.446410984194
61125.56460848435
63518.09087298721
65960.89316711124
68453.82104410032
70996.70628662565
73589.36353821689
76231.59092667328
78923.17067887836
81663.86972650085
84453.4403021274
87291.6205254263
90178.13497899458
93112.69527358747
96095.00060247508
99124.73828471369
102201.58429715401
105325.20379504937
108495.25162115588
111711.37280324863
114973.20304000612
118280.36917524083
121632.48966047761
125029.17500590201
128470.02821972342
131954.64523601302
135482.61533109448
139053.52152858084
142666.9409931628
146322.44541326837
150019.60137272076
153757.97071153775
157537.11087601676
161356.57525826263
165215.91352532234
169114.6719380921
173052.39366017276
177028.6190568504
181042.8859843832
185094.73006978043
189183.6849812596
193309.282689571
197471.05372037983
201668.5273978968
205901.23207995013
210168.69538468818
214470.44440910773
218806.0059395954
223174.90665467424
227576.6733201446
232010.8329768042
236476.9131209372
240974.44187775336
245502.94816795882
250061.9618676419
254651.01396164706
259269.63669061605
263917.3636918657
268593.73013435147
273298.2728473378
278030.5304445806
282790.04344144516
287576.35436785803
292389.00787560357
297227.55084066605
302091.5324606897
306980.5043477017
311894.0206162421
316831.63851390174
321792.91576638696
326777.41612129676
331784.70395066036
336814.34705244773
341865.9161671237
346938.9850373931
352033.13046438823
357147.9323604213
362282.9737984106
367437.84105809836
372612.1236691584
377805.4144513067
383017.30955151655
388247.408478433
393495.31413408986
398760.6328430197
404042.9743788507
409341.9519884817
414657.18241391686
419988.28591185197
425334.8862710886
430696.610827859
436073.09047914075
441463.9596940329
446868.85652327054
452287.4226069467
457719.3031805128
463164.1470791224
468621.6067403851
474091.3382055947
479573.00111948856
485066.25872860436
490570.77787828527
496086.22900839394
501612.2861477877
507148.6269076081
512694.9324734341
518250.88759635104
523816.18058298127
529390.5032845219
534973.551084837
540565.0228876446
546164.6211028448
551772.0516320225
557387.0238531724
563009.2506046781
568638.4481685843
574274.3362531982
579916.6379750523
585565.0798402654
591219.3917253306
596879.30685736
602544.5617938247
608214.896401805
613890.0538367938
619569.7805210683
625253.8261216617
630941.9435279601
636633.8888289467
642329.4212901181
4.7904403005562255
8.093831071879467
12.953599715947622
19.8287528463039
29.24450986812511
41.79172795706538
58.12559357212266
78.96366927871843
105.08339836189734
137.31914987925174
176.55888815498759
223.74054235074348
279.8481455221856
345.90780604870235
422.98356789466607
512.1732099257695
614.6040285394967
731.4286422300725
863.8208514324391
1012.971582099691
1180.084936970969
1366.3743743884309
1573.0590308068572
1801.3601997992866
2052.4979773863593
2327.688080856389
2628.1388459301093
2955.048405070079
3309.6020479693025
3692.969763720346
4106.303962890159
4550.737376564541
5027.3811285902575
5537.322976290166
6081.625714796619
6661.325738880455
7277.431756532101
7930.923647841529
8622.751462670574
9353.834550476764
10125.060815595923
10937.286091294322
11791.333625951092
12687.99367482122
13628.02319095147
14612.145608970759
15641.050715648
16715.394601256237
17835.79968632044
19002.854817361716
20217.115427822162
21479.10375763767
22789.309127503842
24148.188262930667
25556.16566374178
27013.63401485554
28520.954634403082
30078.457955453225
31686.444037822992
33345.18310665486
35054.91611463981
36815.855324953096
38628.18491215478
40492.061578475535
42407.615183116046
44374.94938224846
46394.14227766967
48465.247072236685
50588.29273012491
52763.28464036619
54990.20528207215
57269.01488992635
59599.65211863282
61982.03470511704
64416.06012737353
66901.60625895271
69438.53201816545
72026.67802301928
74665.86716818984
77355.90537216341
80096.58207924027
82887.67093054885
85728.93035476457
88620.10416104303
91560.92212194292
94551.10054600923
97590.3428397369
100678.34005867573
103814.77144747671
106999.30496871896
110231.59782038839
113511.2969419118
116838.03950867902
120211.45341501273
123631.15774557096
127096.76323518668
130607.87271717549
134164.0815601559
137764.97809344652
141410.14402112126
145099.15482481493
148831.58015538877
152606.9842135715
156424.9261197092
160284.9602727599
164186.63669868011
168129.5013883604
172113.0966252679
176136.96130296416
180200.63123267016
184303.63944105196
188445.51645841042
192625.7905974514
196843.98822282744
201099.63401163052
205392.25120502868
209721.361851232
214086.48703997748
218487.1471287224
222922.86196073308
227393.15107525908
231897.53390997887
236435.52999590186
241006.6591449144
245610.44163015002
250246.39835936623
254914.05104150655
259612.92234662618
264342.53605935484
269102.4172260701
273892.09229594993
278711.0892560748
283558.9377607391
288435.1692551403
293339.3170935987
298270.9166524691
303229.50543789356
308214.6231885508
313225.8119735441
318262.616285577
323324.58312955673
328411.2621067621
333522.2054947151
338656.9683228864
343815.1084443663
348996.1866036238
354199.76650048525
359425.4148504446
364672.7014414315
369941.19918714504
375230.48417707335
380540.1357233008
385869.73640421533
391218.8721052193
396587.1320565416
401974.1088682559
407379.39856259496
412802.6006036594
418243.3179246119
423701.1569524424
429175.72763039387
434666.6434381301
440173.5214097312
445695.9821495912
451233.64984629885
456786.15228457423
462353.1208553367
467934.190563971
473529.00003686483
479137.19152628095
484758.41091363
490392.30771120876
496038.5350624611
501696.749740824
507366.61214721407
513047.7863062115
518739.93986099627
524442.744067085
530155.8737849243
535879.0074713869
541611.8271702172
547354.0185014765
553105.2706500269
558865.2763531042
564633.7318870127
570410.3370529932
576194.7951622922
581986.8130204806
587786.1009110513
593592.372578334
599405.3452097619
605224.7394175257
611050.279219638
616881.6920204529
622718.708590659
628561.0630467803
634408.4928302136
640260.7386858265
646117.5446401434
651978.6579791454
657843.8292257097
4.79760144966762
8.107400526508552
12.977708935540857
19.86937286246082
29.309964593677982
41.893274743170004
58.27806550904255
79.18617796530822
105.40008962318007
137.76000739213976
177.16057834138437
224.5472936893094
280.91265522840115
347.29216701276493
424.76020883008573
514.4258418499778
617.4285909635379
734.9342427606493
868.1306928706276
1018.2238715423849
1186.4337718709685
1373.9906009960139
1582.1310708902395
1812.0948420153622
2065.121130140486
2342.4454839435293
2645.2967386881737
2974.8941491925057
3332.4447035213516
3719.1406172664783
4136.157006995589
4584.649740241953
5065.753458561718
5580.579769194454
6130.215600724539
6715.72171682173
7338.1313825217385
7998.44917675919
8697.649944796018
9436.677884033257
10216.44575662346
11037.834222287102
11901.691284769853
12808.831845452587
13760.037357734062
14756.05557594312
15797.600392697197
16885.35175873015
18019.95567997712
19202.024284907624
20432.13595930911
21710.83554094134
23038.63457070085
24416.011595156757
25843.41251611043
27321.2509829799
28849.908824024522
30429.736512637497
32061.05366514104
33744.149566719105
35479.28372231944
37266.68642954388
39106.55937073009
40999.076221594834
42944.383274022475
44942.600070628956
46993.82004900942
49098.11119375466
51255.516694217156
53466.05560644765
55729.72351765706
58046.49321174327
60416.315334525636
62839.11905744131
65314.8127385549
67843.28457983446
70424.40327973246
73058.01868019928
75743.96240733634
78482.0485049696
81272.07406049821
84113.81982243653
87007.05080913163
89951.51690819571
92946.95346624841
95993.08186861261
99089.61010865637
102236.23334651733
105432.63445698604
108678.48456636348
111973.44357814295
115317.16068739897
118709.27488379649
122149.41544316069
125637.2024075756
129172.24705399915
132754.1523514089
136382.5134065091
140056.91789804967
143776.94649982356
147542.1732924236
151352.1661638567
155206.4871991193
159104.6930588585
163046.33534724312
167030.9609691856
171058.11247706146
175127.32840707677
179238.1436054468
183390.08954454793
187582.6946292135
191815.4844933477
196087.98228703326
200399.70895431435
204750.18350183402
209138.9232585124
213565.44412644935
218029.26082323608
222529.88711586443
227066.83604641692
231639.6201497255
236247.75166318347
240890.74272889338
245568.10558833793
250279.35276975099
255023.99726837216
259801.55271976255
264611.53356635757
269453.45521743264
274326.8342026529
279231.18831937696
284166.03677388263
289130.9003166808
294125.3013720758
299148.76416213776
304200.8148252392
309280.9815293104
314388.79457997007
319523.78652367106
324685.4922460156
329873.4490653767
335087.19682196726
340326.2779624955
345590.23762053874
350878.62369276606
356190.9869111395
361526.8809112209
366885.86229670036
372267.49070027395
377671.32884098066
383096.9425781186
388543.9009618448
394011.7762805736
399500.1441052761
405008.58333078405
410536.6762141989
416084.00841050455
421650.1690054783
427234.7505459942
432837.3490678079
438457.5641209113
444094.9987925431
449749.2597279395
455419.95714890375
461106.70487027545
466809.12031437526
472526.8245235003
478259.44217054185
484006.60156779515
489767.9346740335
495543.0770999047
501331.66811172594
507133.35063372814
512947.7712488186
518774.58019791706
524613.4313779227
530463.98233837
536325.894276823
542198.8320330641
548082.4640821264
553976.4625262162
559880.5030855796
565794.2650883526
571717.4314594418
577649.6887084792
583590.7269168947
589540.2397241434
595497.9243131265
601463.4813948501
607436.6151923512
613417.0334239299
619404.4472857241
625398.571433653
631399.1239647728
637405.8263980637
643418.4036546858
649436.5840377343
655460.0992115125
661488.6841803603
667522.0772670608
673560.0200908469
4.8046602385129855
8.120778100564092
13.001481200688875
19.909432265997914
29.374528054645456
41.99345831022304
58.428521121825156
79.40579023247629
105.71272598554702
138.1953164964526
177.75483018099834
225.34425479961413
281.96449200860224
348.66037016906034
426.51653198099433
516.6532474849354
620.2221971836002
738.4022645388184
872.3953719336973
1023.4223893824002
1192.7191408300296
1381.5325288222716
1591.116794626193
1822.7299275437765
2077.630234203486
2357.0730756788553
2662.3077788143655
2994.574724295988
3355.1026143810004
3745.1059198664025
4165.782505434948
4618.311431062236
5103.850926161758
5623.53653269075
6178.479412163355
6769.7648115577285
7398.450682362036
8065.566446781256
8772.111904880652
9519.056276286108
10307.337369972189
11137.860875637452
12011.499770183982
12929.093832878147
13891.449262863895
14899.33839282435
15953.499492735935
17054.636657724597
18203.419775033304
19400.48456244995
20646.432676459
21941.704344973325
23287.21627726495
24683.0865796406
26129.910449308023
27628.122865406516
29178.12653925583
30780.292364652454
32434.959901085254
34142.437886461325
35903.00477612807
37716.90930516398
39584.37107108798
41505.58113434615
43480.70263401431
45509.87141640668
47593.19667447497
49730.76159581477
51922.6240174983
54168.81708592334
56469.34992005053
58824.20827651455
61233.355215208925
63696.73176405546
66214.25758176882
68785.83161752835
71411.33277854547
74090.62052069895
76823.53561315966
79609.90065666474
82449.5207743481
85342.18422275981
88287.66300644388
91285.71348359397
94336.07696235347
97438.48028737583
100592.63641631122
103798.24498592982
107054.99286763454
110362.55471215495
113720.59348325049
117128.76098028511
120586.6983495655
124094.03658436635
127650.39701358993
131255.39177903358
134908.62430126173
138609.68973409748
142358.17540777137
146153.6612607789
149995.7202605164
153883.91881278015
157817.81716022163
161796.9697698734
165820.92570985932
169889.22901542071
174001.4190443971
178157.0308223045
182355.59537716428
186596.64006424163
190879.68888085496
195204.26277142562
199569.87992293798
203976.05605098602
208422.30467658257
212908.13739391096
217433.06412920041
221996.59339090658
226598.2325113815
231237.487880215
235913.86516943044
240626.86955072032
245376.00590490067
250160.77902376882
254980.69380454303
259835.25543706355
264723.96958393324
269646.3425537724
274601.8814677632
279590.09441965475
284610.490629397
289662.58059057564
294745.8762118071
299859.89095226047
305004.1399514657
310178.140153564
315381.41096981656
320613.47167389706
325873.8469470039
331162.06154478836
336477.6431143949
341820.1217448634
347189.0300566589
352583.90328680835
358004.27936976973
363449.69901416765
368919.7057755216
374413.8461250875
379931.66951493954
385472.7284394015
391036.5784929545
396622.7784247231
402230.8901896556
407860.47899650666
413511.1133527228
419182.3651063362
424873.8094849644
430585.0251320149
436315.594140188
442065.1020823693
447833.1380400024
453619.29462902993
459423.1680234856
465244.35797682253
471082.4678410565
476937.1045838025
482807.8788032825
488694.40474137524
494596.3002947838
500513.1870243873
506444.6901628465
512390.43862053
518350.06498982274
524323.2055478814
530309.5002578952
536308.5927689121
542320.130414289
548343.7642088137
554379.1488445638
560425.942685545
566483.8077611612
572552.4097585717
578631.4180139714
584720.5055028525
590819.34882928
596927.6282142366
603045.0274830674
609171.2340520719
615305.9389142812
621448.8366244559
627599.6252833444
633758.006521237
639923.685480846
646096.3707995526
652275.774591045
658461.6124263833
664653.603314524
670851.4696823237
677054.9373540599
683263.7355304942
689477.5967674969
4.811618810341978
8.13396775462571
13.024923358855062
19.948942259224566
29.43821779781043
42.0923050571637
58.576998435453845
79.62255952882813
106.02138057808038
138.62517486525414
178.34177132599368
226.13158925872705
283.00386173376853
350.01267036064536
428.2528480099091
518.8558001645741
622.9852898738962
741.8332258562768
876.615488189292
1028.5678212601385
1198.9418192405328
1389.0010253071705
1600.017162141104
1833.266507902026
2090.026428882278
2371.5720773474814
2679.1732607168415
3014.0914861195924
3377.577182539306
3770.8671011478336
4195.181893088096
4651.7238627437355
5141.6748934582265
5666.194542207721
6226.4182984030695
6823.456002039739
7458.390415634146
8132.275944145182
8846.137496812036
9600.969484664067
10397.734947350755
11237.36480289089
12120.757213941753
13048.777064234042
14022.255538898828
15041.989802524857
16108.74276892128
17223.242956717855
18386.18442510925
19598.226784236067
20859.995274892408
22172.080912452853
23535.040690120197
24949.397836805823
26415.642125166287
27934.23022553062
29505.586101661756
31130.10144450143
32808.136140250375
34540.01876933224
36326.04713298316
38166.488804394365
40061.5817015108
42011.534678801436
44016.528135385124
46076.71463716125
48192.2195507855
50363.14168725032
52589.55395325156
54871.5040084825
57209.01492718261
59602.08586238216
62050.69271139974
64554.78878126095
67114.30545280778
69729.15284237065
72399.22045996433
75124.37786305933
77904.47530506249
80739.34437771709
83628.79864670908
86572.63427983159
89570.63066712707
92622.55103248548
95728.143036235
98887.13936831382
102099.258331661
105364.20441551298
108681.6688583317
112051.3302001349
115472.85482403265
118945.89748681153
122470.10183843931
126045.10093039217
129670.51771273633
133345.96551991743
137071.04854524022
140845.36230403697
144668.49408554722
148540.0233935475
152459.5223757875
156426.55624230366
160440.68367269478
164501.4572124591
168608.42365849993
172761.12443392046
176959.09595223714
181201.86997114657
185488.9739359917
189819.93131307885
194194.26191299956
198611.48220412093
203071.1056164098
207572.6428357598
212115.6020889931
216699.4894197138
221323.80895518765
225988.063164428
230691.75310766776
235434.37867739555
240215.43883114023
245034.43181618061
249890.855386363
254784.20701120616
259713.9840774708
264679.68408337375
269680.8048256206
274716.8445794338
279787.3022717491
284891.6776477503
290029.47143091203
295200.1854767211
300403.3229202353
305638.38831764815
310904.8877820173
316202.32965923706
321530.2219229469
326888.07775292435
332275.4101897841
337691.73497345805
343136.5701012067
348609.4359267653
354109.85525484243
359637.35343110847
365191.45842780493
370771.7009251043
376377.6143883553
382008.73514132743
387664.6024355888
393344.75851612736
399048.74868333945
404776.12135149504
410526.42810379266
416299.22374411504
422094.0663455889
427910.5172960526
433748.1413405349
439606.5066208417
445485.1847123473
451383.75065808377
457301.7830002207
463238.86380902043
469194.57870936254
475168.51690491376
481160.2712000309
487169.438019474
493195.61742600956
499238.41313597624
505297.4325328888
511372.2866791525
517462.5903259546
523567.9619214025
529688.0236169741
535822.4012723427
541970.7244586399
548132.6264602158
554307.7442749563
560495.7186132091
566696.1938953827
572908.8182482622
579133.2435000977
585369.1251745214
591616.1224833266
597873.8983181759
604142.1192412673
610420.4554750116
616708.5808907633
623006.1729966436
629312.9129245
635628.4854160369
641952.5788081599
648284.8850175691
654625.0995246316
660972.9213565798
667328.0530700546
673690.2007330357
680059.073906188
686434.3856236516
692815.8523733045
699203.1940765341
705596.1340675324
4.818479249979401
8.146973343244046
13.04804207779577
19.987913756758978
29.501050771932697
42.189840272890564
58.72353457034318
79.83653806871091
106.32612489443893
139.04967806172388
178.92152677269024
226.90945737653132
284.03096634203246
351.34931779430303
429.9694622243618
521.033867162566
625.7183049917147
745.22763772144
880.7916334939159
1033.6608448700151
1205.1025745676368
1396.3969503021303
1608.8331267029569
1843.705628947117
2102.31084975648
2385.943708698464
2695.8944803649038
3033.445795868908
3399.869820256354
3796.425606799196
4224.356627766749
4684.88848003593
5179.226762788978
5708.55512408511
6274.033471712052
6876.796343770144
7517.951433623529
8198.578263596677
8919.727001505562
9682.417413918094
10487.637949912054
11336.344949033142
12229.461967140853
13167.879213860326
14152.453095425044
15184.005856794562
16263.325317056713
17391.16469227033
18568.24250006921
19795.242540525847
21072.8139479625
22401.571308593655
23782.0948390861
25214.930621327945
26700.59088890482
28239.55436098867
29832.26661954917
31479.14052600138
33180.556673602965
34936.863872108544
36748.37966138109
38615.39085084341
40538.154081828405
42516.896410100504
44551.81590587997
46643.082268978396
48790.83745684368
50995.19632321595
53256.247265541366
55574.052879235096
57948.65061707728
60380.0534521398
62868.25054275738
65413.20789817016
68014.86904356559
70673.15568335245
73387.96836158898
76159.187118579
78986.67214273376
81870.26441687388
84809.78635822455
87805.04245142243
90855.81987392248
93961.8891132525
97123.00457562218
100338.90518544713
103609.31497539935
106933.94366664419
110312.48723896519
113744.62849052374
117230.0375870354
120768.37260018212
124359.28003511278
128002.395346915
131697.34344597155
135443.73919213645
139241.18787769688
143089.2856991037
146987.6202174788
150935.7708079219
154933.3090976616
158979.79939310893
163074.7990958848
167217.85910791132
171408.5242256626
175646.33352368601
179930.82072751358
184261.51457609105
188637.93917386216
193059.61433264977
197526.0559034847
202036.77609853708
206591.28380330896
211189.0848792542
215829.68245699
220512.57722027358
225237.2676809137
230003.25044479404
234810.02046918284
239657.07131150618
244543.89536976334
249469.9841147615
254434.82831434713
259437.91824981387
264478.74392466154
269556.79526588356
274671.56231795705
279822.5354297121
285009.20543424826
290231.0638220719
295487.60290762247
300778.3159893546
306102.69750354125
311460.2431719589
316850.45069130836
322272.81713069265
327726.84453881194
333212.03459185635
338727.8914514182
344273.92133107083
349849.63260559057
355454.5359152764
361088.1442655059
366749.97312166553
372439.5404995884
378156.36705163267
383899.9761485299
389669.8939571275
395465.6495141516
401286.774796109
407132.804785449
413003.27753309655
418897.7342174746
424815.71920012234
430756.78007801936
436720.46773271717
442706.3363763866
448713.9435948747
454742.85038787464
460792.6212062993
466862.8239869535
472953.03018459416
479062.81480146985
485191.7564144189
491339.4371996182
497505.44295505463
503689.36312080873
509890.7907972171
516109.32276099705
522344.559479402
528596.1051224796
534863.5675735017
541146.558437633
547444.6930489052
553757.5904755568
560084.8735238014
566426.1687400904
572781.1064119127
579149.3205672082
585530.4489724325
591924.1331293363
598330.0182705058
604747.7533537175
611176.9910551545
617617.38776153
624068.6035611671
630530.3022340776
637002.1512410797
643483.8217120031
649974.9884330138
656475.3298331063
662984.5279697925
669502.2685140307
676028.2407344272
682562.1374807454
689103.6551667554
695652.4937524586
702208.356725714
708770.9510833018
715339.9873114498
721915.1793658525
4.825243585768126
8.159798618388667
13.070843851260353
20.026357394404236
29.56304360406242
42.28608908619704
58.8681657675249
80.04777686515196
106.62702883446434
139.46891958998881
179.4942189216547
227.6780143836856
285.0460039143748
352.6705581206059
431.6666746574003
523.1878097678857
628.4216718410431
748.5860039023662
884.9243919994967
1038.7021299280223
1211.2021662581171
1403.7211559033126
1617.565634460122
1854.0483304988006
2114.484627851187
2400.189187265514
2712.472734418888
3052.639019125949
3421.981948721639
3821.7828969483244
4253.308188278477
4717.806756356474
5216.507974093816
5750.619652487052
6321.326203796176
6929.786964771936
7577.134674764689
8264.474103275053
8992.880821196733
9763.40010978786
10577.046001262788
11434.800444813263
12337.612591837506
13286.398194170806
14282.039109164723
15325.382905548187
16417.24256409586
17558.396267441167
18749.587272908982
19991.523863647537
21284.87937197586
22630.292270287893
24028.366324432878
25479.67080486747
26984.740751054942
28544.077284789844
30158.14796832759
31827.387203398346
33552.19666738219
35332.94578311416
37169.97221897835
39063.58241612729
41014.05213987529
43021.62705240406
45086.523304166956
47208.9281415837
49389.00052856152
51626.87177977698
53922.64620364141
56276.40175305771
58688.190682199696
61158.04020766867
63685.9531724989
66271.90871159657
68915.86291730053
71617.74951556353
74377.48046969617
77194.9467564723
80070.01890395458
83002.54769988128
85992.36482401226
89039.28348566036
92143.09905405832
95303.58968097849
98520.51691508331
101793.62630753742
105122.64800846724
108507.29735390036
111947.27544286293
115442.26970435615
118991.9544539726
122595.99143994892
126254.03037848648
129965.709478204
133730.6559536151
137548.48652754992
141418.80792246794
145341.217340631
149315.30293312581
153340.64425774897
157416.81272578143
161543.37203770012
165719.87860788414
169945.881978397
174220.92522192575
178544.54533398116
182916.27361446802
187335.63603874308
191802.1536182915
196315.34275115505
200874.71556225506
205479.7802337594
210130.04132564482
214825.00008661524
219564.1547555361
224347.0008535502
229173.03146704534
234041.73752164043
238952.608047366
243905.13043521027
248898.79068520575
253933.0736462331
259007.46324771468
264121.4427233766
269274.494827252
274466.1020420994
279695.74678041344
284962.91157819453
290267.0792816558
295607.7332270302
300984.35741365026
306396.43667046656
311843.4568161667
317324.9048130599
322840.2689148879
328389.03880871704
333970.7057510696
339584.7626984492
345230.7044324077
350908.0276793047
356616.23122490576
362354.8160239595
368123.28530489776
373921.14466979745
379747.9021897351
385603.0684956697
391486.15686498734
397396.68330382765
403334.1666253239
409298.12852387276
415288.09364556085
421303.589654856
427344.1472976846
433409.3004610035
439498.5862289764
445611.5449358602
451747.7202157071
457906.65904898214
464087.91180619824
470291.0322886613
476515.57776642265
482761.1090135298
489027.19034066563
495313.38962526305
501619.27833917947
507944.43157401495
514288.4280641549
520650.85020761524
527031.2840847668
533429.3194750133
539844.5498714952
546276.572493892
552724.9882993873
559189.4019918663
565669.4220294133
572164.6606301626
578674.7337765773
585199.2612182029
591737.8664729631
598290.1768270478
604855.823333451
611434.4408092109
618025.6678314018
624629.1467319324
631244.5235911917
637871.4482305966
644509.5742040838
651158.5587885875
657818.0629735523
664487.7514495153
671167.2925958047
677856.3584673901
684554.6247809195
691261.7708999895
697977.4798196743
704701.4381503502
711433.3361008569
718172.8674610122
724919.729583529
731673.6233653536
738434.2532284551
4.8319137914364365
8.172447232765535
13.093335004482062
20.064283537710217
29.62421250830714
42.38107586818688
59.010927413063
80.2563257618541
106.9241607446904
139.88299094475013
180.05996763655608
228.43741804876797
286.0491687494257
353.97663251354874
433.3447801483998
525.3179833617496
631.0958131390356
751.9088209744416
889.0143401918403
1043.692338149506
1217.2413456630795
1410.9744863031278
1626.2156242034437
1864.2956459919374
2126.548889313189
2414.3097277310158
2728.909319411709
3071.6725248202893
3443.9149967853095
3846.940444622285
4282.038072584042
4750.480191631641
5253.520002365246
5792.389546447892
6368.297822404807
6982.42906171988
7635.941160262705
8329.96425979082
9065.599473941174
9843.917752891779
10665.958880712184
11532.730599321374
12445.20785292535
13404.332146807217
14411.011014381975
15466.117586502103
16570.490257054167
17724.932439396984
18930.21240698856
20187.063214407393
21496.182691773964
22858.23350845922
24273.84330080669
25743.60485917486
27268.076369754705
28847.781706815975
30483.2107712332
32174.819871338976
33923.0321423467
35728.23800077451
37590.795630490305
39511.03149717321
41489.240888201224
43525.68847505399
45620.60889557847
47774.2073536695
49986.66023384561
52258.11572862014
54588.69447654258
56978.490208974814
59427.57040379029
61935.97694430869
64503.726781894715
67130.81260076612
69817.20348365762
72562.84557709459
75367.66275512187
78231.55728042638
81154.41046187881
84136.08330759853
87176.41717272585
90275.23440115577
93432.3389605559
96647.51707005638
99920.53782005906
103251.15378366983
106639.10161931047
110084.10266411859
113585.86351778638
117144.07661653715
120758.42079697592
124428.56184958889
128154.15306170343
131934.8357497507
135770.23978070647
139659.98408260962
143603.67714408998
147600.91750285565
151651.29422311636
155754.38736193886
159909.76842454795
164117.00080860828
168375.6402375321
172685.2351828802
177045.32727592965
181455.4517084987
185915.1376231297
190423.90849273914
194981.28248985417
199586.77284556505
204239.88819832445
208940.13293273936
213687.0075084988
218480.00877959223
223318.6303039726
228202.36264382594
233130.69365661018
238103.10877702874
243119.09129010802
248178.12259554802
253279.68246351712
258423.24928206427
263608.3002963186
268834.311839654
274100.7595569861
279407.1186203783
284752.86393712624
290137.47035049327
295560.4128332661
301021.16667429864
306519.20765821444
312054.01223842805
317625.05770365545
323231.82233807
328873.7855752692
334550.4281462057
340261.23222124146
346005.6815464772
351783.2615745097
357593.4595897649
363435.7648285527
369309.6685939893
375214.6643659257
381150.2479060259
387115.9173581254
393111.17334400705
399135.5190547274
405188.46033761563
411269.50577907846
417378.1667833279
423513.9576471587
429676.395630887
435865.001025571
442079.29721662507
448318.8107439366
454583.0713585938
460871.61207633227
467183.9692277998
473519.6825057419
479878.29500920704
486259.3532848659
492662.4073655354
499087.0108060066
505532.7207162571
511999.0977921371
518485.7063436165
524992.114320671
531517.8933368899
538062.6186908821
544625.8693855584
551207.22814536
557806.2814315116
564422.6194553602
571055.8361898783
577705.5293793876
584371.300547574
591052.7550038568
597749.5018481666
604461.1539741999
611187.328071201
617927.6446243301
624681.7279136712
631449.2060119343
638229.7107809002
645022.8778666583
651828.3466936887
658645.7604578307
665474.7661181878
672315.0143880089
679166.1597245937
686027.8603182565
692899.7780803996
699781.5786307198
706672.9312836038
713573.5090337347
720482.9885409516
727401.050114398
734327.377695987
741261.6588432207
748203.5847113931
755152.8500352069
4.83849178789309
8.184922743009514
13.115521699468431
20.101702290233618
29.684573298084096
42.4748242230451
59.15185406172134
80.46223346427377
107.21758745778051
140.29198165972377
180.61889030179228
229.18781738134817
287.04065143732277
355.26777774966314
435.00406842403646
527.4247374957155
633.7411450850038
755.1965783723911
893.0620468870447
1048.632123236424
1223.2208559736187
1418.1577776588217
1634.7840271502353
1874.4486021563816
2138.5047549340097
2428.3065413311015
2745.2055309794564
3090.5476842581247
3465.6703997569716
3871.899734288034
4310.547796044046
4782.910310218718
5290.264355213234
5833.866267045385
6414.949708078083
7034.723896227354
7694.371989885264
8395.049623488923
9137.883588315766
9923.970652833475
10754.376516752616
11630.13489281352
12552.246710276426
13521.679434070113
14539.366493579642
15606.206815115322
16723.064452120052
17890.768307889055
19110.111943603435
20381.853468846988
21706.71550667014
23085.38522965625
24518.514461520746
26006.71983956369
27550.583033412942
29150.651015689047
30807.436380416606
32521.417705199583
34293.03995337033
36122.71491250861
38010.82166591323
39957.7070937822
41963.6864010735
44029.043669087536
46154.032428081984
48338.87624843162
50583.76934775953
52888.87721190625
55254.33722756428
57680.25932460097
60166.72662621486
62713.79610519606
65321.49924467845
67989.84270188725
70718.80897348947
73508.35706126227
76358.42313688502
79268.92120475872
82239.74376184058
85270.76245356302
88361.82872498748
91512.77446641387
94723.41265273748
97993.53797590853
101322.92746991462
104711.34112775837
108158.52250996222
111664.19934417997
115228.08411554231
118849.87464740977
122529.25467224701
126265.89439237057
130059.45103036036
133909.56936895702
137815.88228030124
141778.0112443965
145795.56685670756
149868.14932483164
153995.34895419874
158176.7466227857
162411.91424484152
166700.4152236453
171041.80489333073
175435.63094983104
179881.43387100718
184378.74732603866
188927.0985741683
193526.0088528996
198174.99375575891
202873.56359974065
207621.2237825622
212417.4751298644
217261.8142324949
222153.73377402237
227092.72284863223
232078.26726955525
237109.84986819237
242186.95078409262
247309.04774595113
252475.61634379099
257686.13029249784
262940.06168687664
268236.8812483974
273576.0585638045
278957.0623157562
284379.3605056669
289842.4206689207
295345.71008262713
300888.69596608676
306470.8456741336
312091.6268835223
317750.50777252263
323446.9571938871
329180.44484135153
334950.44140982913
340756.41874945577
346597.8500136414
352474.209801284
358384.97429329366
364329.62138358
370307.6308046461
376318.48424793634
382361.6654790779
388436.6604481587
394542.95739517454
400680.0469507832
406847.4222324976
413044.57893644477
419271.0154248215
425526.2328091659
431809.7350295736
438121.02892997133
444459.6243295674
450825.03409059445
457216.7741824554
463634.36374237906
470077.32513269706
476545.1839948421
483037.4693001734
489553.713397724
496093.45205897326
502656.2245197313
509241.5735192375
515849.04533655563
522478.18982435635
529128.5604401735
535799.7142752183
542491.2120808297
549202.6182926449
555933.5010525634
562683.4322285831
569451.9874325794
576238.7460361007
583043.291184247
589865.209807705
596704.0926329966
603559.5341910161
610431.1328239046
617318.4906903388
624221.2137692759
631138.9118622262
638071.1985940987
645017.6914126809
651978.0115868015
658951.7842032257
665938.6381623397
672938.2061726624
679950.1247442394
686974.0341809624
694009.5785718535
701056.4057813633
708114.1674387234
715182.5189263854
722261.1193676005
729349.6316131618
736447.722227355
743555.0614731543
750671.3232966884
757796.1853110202
764929.3287792704
772070.4385971087
4.844979444953317
8.197228612757252
13.137409940099394
20.13862350150793
29.74414139795887
42.56735771617765
59.29097945990762
80.66554756980696
107.50737433091788
140.6959793549134
181.17110187889503
229.92936029775052
288.0206389325883
356.54422628653487
436.64482417928593
529.5084159707277
636.3580774316357
758.4497584462138
897.0680732818021
1053.522130873398
1229.1414321685493
1425.2718579770526
1643.271766748895
1884.5082187228031
2150.3533397361753
2442.18083529967
2761.3626631386214
3109.265870206429
3487.249598268921
3896.6622604620243
4338.8388897509685
4815.098658925377
5326.742570539342
5875.051314696222
6461.283291030053
7086.672791283153
7752.428337919179
8459.73117389129
9209.733898314124
10003.559242517895
10842.298980765043
11727.012969776553
12658.728311137056
13638.43863061916
14667.103468479494
15745.64777482736
16874.961504142615
18055.899303949962
19289.280289887756
20575.887905342104
21916.469856736177
23311.738121522576
24762.369023208015
26269.003368748898
27832.246643739632
29452.669261004503
31130.806858393633
32867.16064177321
34662.19776938831
36516.351773961636
38430.02301907048
40403.57918655146
42437.35579177442
44531.65672393761
46686.754808501435
48902.89238932963
51180.28192788014
53519.10661728336
55919.521009089774
58381.651650667816
60905.597731355796
63491.43173559664
66139.20010140254
68848.92388261302
71620.59941351424
74454.1989744955
77349.67145751239
80306.94303022133
83325.91779773877
86406.47846105903
89548.48697124714
92751.78517859457
96016.19547599796
99341.52143588541
102727.5484400805
106174.0443020481
109680.75988102624
113247.4296875966
116873.77248029645
120559.49185292033
124304.27681220119
128107.80234560286
131969.7299789901
135889.70832397966
139867.3736148082
143902.35023457924
147994.25123078583
152142.6788200249
156347.2248818491
160607.47144171994
164922.99114304897
169293.34770833363
173718.09638940767
178196.7844068489
182728.95137859473
187314.12973783494
191951.84514026085
196641.61686076137
201382.95817966855
206175.37675866223
211018.37500645188
215911.45043436452
220854.09600196936
225845.80045288024
230886.04864087835
235974.32184650606
241110.09808428353
246292.8524007056
251522.05716317723
256797.182340051
262117.69577192803
267483.06343439093
272892.749692331
278346.2175460431
283842.9288692495
289382.3446392245
294963.9251591887
300587.13027313707
306251.4195732694
311956.25260019116
317701.0890360458
323485.38889074646
329308.6126814663
335170.2216055512
341069.6777070118
347006.44403675443
352979.9848067036
358989.76553797384
365035.25320323947
371115.9163634516
377231.22529905237
383380.65213582653
389563.6709655381
395779.7579614891
402028.3914891392
408309.05221191945
414621.2231923786
420964.3899887851
427338.040747318
433741.6662899692
440174.7601982831
446636.81889304955
453127.3417100721
459645.8309721245
466191.79205721046
472764.7334632347
479364.1668691946
485989.6071929989
492640.5726460158
499316.58478445053
506017.16855765315
512741.85235344915
519490.16804059217
526261.6510084246
533055.8402038405
539872.2781656332
546710.5110563182
553570.0886915101
560450.564566935
567351.4958831588
574272.4435681091
581212.9722974596
588172.6505129575
595151.050438761
602147.7480958538
609162.3233146097
616194.3597455679
623243.4448684818
630309.1699997116
637391.1302980075
644488.9247687552
651602.1562667333
658730.4314974378
665873.3610170315
673030.5592309678
680201.6443913399
687386.238593007
694583.9677685392
701794.4616820395
709017.3539218722
716252.2818923568
723498.886804461
730756.8136655343
738025.7112681299
745305.2321779418
752595.0327209068
759894.7729695019
767204.1167282691
774522.7315186113
781850.2885628872
789186.4627678364
4.8513785829987714
8.209368215605505
13.15900557704084
20.175056774734557
29.802931855085735
42.658698831384385
59.42833656791609
80.86631459710836
107.79358528317157
141.0950697827362
181.71671496172502
230.6621935451977
288.9893146259924
357.8062063406491
438.26732715832725
531.5693569169239
638.9470135581703
761.6688365206633
901.0329729860218
1058.362998731897
1235.0038009733967
1432.3175470134656
1651.679758502894
1894.4755081529975
2162.095752589792
2455.933812349298
2777.3820076076076
3127.82845602959
3508.6540372007976
3921.2295263965757
4366.91289894351
4847.046805122054
5362.956214315736
5915.94622656905
6507.300048162526
7138.277127832687
7810.111449285444
8524.009975312456
9281.151238429899
10082.684072670196
10929.72648094227
11823.36463222575
12764.65198277126
13754.608515435546
14794.220091278576
15884.437907585718
17026.178056545294
18220.3211789045
19467.71220704305
20769.160192036805
22125.438209432927
23537.28333861804
25005.39671083073
26530.443621045863
28113.053699139597
29753.82113592802
31453.304959858076
33212.02936031494
35030.48405369581
36909.12468858137
38848.37328651316
40848.618715092896
42910.217190211
45033.49280446016
47218.73807900028
49466.2145360841
51776.15328986274
54148.75565307809
56584.19375744554
59082.61118565737
61644.12361306977
64268.819457261154
66956.760533769
69707.98271642889
72522.49660084365
75400.2881696222
78341.31945811781
81345.5292194954
84412.83358804486
87543.12673973944
90736.28154912224
93992.15024167547
97310.56504090052
100691.3388094041
104134.26568334832
107639.12169968298
111205.66541563418
114833.63851997715
118522.76643566896
122272.75891346544
126083.31061618935
129954.10169335682
133884.798345909
137875.05338082986
141924.5067554675
146032.78611140078
150199.50729773112
154424.27488369876
158706.68266054985
163046.31413260687
167442.74299751138
171895.53361563256
176404.24146864773
180968.41360732671
185587.5890885563
190261.29940166365
194989.06888410935
199770.415126627
204604.8493679049
209491.87687891047
214430.99733696657
219421.70518970047
224463.49000898987
229555.83683503958
234698.22651072513
239890.1360063475
245131.03873494733
250420.4048583275
255757.70158394185
261142.39345280424
266573.9426186591
272051.80911802605
277575.4511329225
283144.3252436962
288757.88667486527
294415.58953248983
300116.88703379163
305861.23172910325
311648.0757163192
317476.87084800634
323347.068931342
329258.1219210406
335209.4821054324
341200.6022858507
347230.93594949006
353299.937435891
359407.0620972056
365551.7664523984
371733.5083355355
377951.74703830795
384205.9434469406
390495.56017362786
396820.06168264174
403178.9144112533
409571.58688560413
415997.5498316624
422456.27628140274
428947.2416743352
435469.92395451496
442023.80366315786
448608.364026988
455223.09104243485
461867.4735558023
468541.00333952537
475243.1751646274
481973.4868694906
488731.43942504894
495516.5369965093
502328.28700170893
509166.2001662059
516029.79057520675
522918.57572242664
529832.0765559789
536769.8175213856
543731.3266018003
550716.1353555315
557723.7789509562
564753.7961988993
571805.7295825746
578879.1252851537
585973.5332150505
593088.5070289945
600223.6041529645
607378.3858010607
614552.4169923796
621745.2665659646
628956.5071938989
636185.7153925997
643432.4715323884
650696.3598453858
657976.9684318015
665273.8892646712
672586.7181930996
679915.054944065
687258.5031228365
694616.6702120599
701989.1675695596
709375.610424906
716775.6178747984
724188.8128773075
731614.8222450225
739053.276637152
746503.8105506077
753966.0623101323
761439.6740574918
768924.2917397831
776419.5650968936
783925.1476481417
791440.6966781429
798965.8732219322
806500.3420493747
4.85769097457428
8.221344837959734
13.180314312481219
20.211011474205925
29.860959350263958
42.74886968739874
59.563957581491444
81.06458001456706
108.07628283186463
141.48933687302247
182.25583983046698
231.3864556678808
289.94685841537193
359.0539419645031
439.8718522352381
533.6078928740293
641.5083505452712
764.8542809579172
904.9572920649366
1063.155356481959
1240.808680829873
1439.2956561862998
1660.0089098129924
1904.351475393274
2173.7330958577886
2469.5666701871496
2793.264853170315
3146.2368148759515
3529.8851646628073
3945.6030428314084
4394.771381496068
4878.756334943297
5398.906878464837
5956.552574110341
6553.001500204603
7189.538341498257
7867.422635807186
8587.8871726423
9352.13653892175
10161.345806550962
11016.65935642332
11919.18983322831
12870.017225344754
13870.188064039254
14920.714736174521
16022.574904667492
17176.71103089963
18384.029993688288
19645.40279888567
20961.664374606662
22333.613446578947
23762.01248858581
25247.587743042215
26791.029306926546
28392.991278466092
30054.091960153804
31774.91411385504
33556.005263944906
35397.87804459917
37301.01058754021
39265.84694671366
41292.79755658009
43382.23972078708
45534.51812824483
47749.94539383632
50028.80262092238
52371.33998322898
54777.77732368057
57248.304767942485
59783.08335056252
62382.24565173401
65045.89644282828
67774.11333896354
70566.94746886643
73424.42407741676
76346.54330877228
79333.28075327413
82384.58817241839
85500.39415147959
88680.60476184933
91925.10422026827
95233.7555440727
98606.40120165325
102042.86375738886
105542.94651038517
109106.43412640647
112733.09326244741
116422.67318344604
120174.90637068776
123989.50912150016
127866.18213988128
131804.61111774648
135804.46730651846
139865.40807881998
143987.07748006794
148169.1067697897
152411.1149525255
156712.70929819555
161073.48585184597
165493.02993270583
169970.9166225121
174506.7112430806
179099.96982311667
183750.23955428207
188457.0592365457
193219.95971286218
198038.46429324045
202912.08916826773
207840.34381217536
212822.73137553773
217858.74906770475
222947.8885290811
228089.63619336908
233283.47363990016
238528.87793618755
243825.32197083553
249172.27477694894
254569.20184618686
260015.56543361204
265510.82485348795
271054.4367661792
276645.8554563134
282284.5331023638
287969.9200378137
293701.46500406583
299478.6153952571
305300.8174951445
311167.51670622424
317078.157771248
323032.1849872974
329029.0424125815
335068.17406611645
341149.02412045
347271.0370875875
353433.6579982787
359636.3325748233
365878.50739754515
372159.6300650961
378479.1493487316
384836.51534071617
391231.1795969995
397662.5952743116
404130.21726182033
410633.5023074925
417171.9091392945
423744.898581372
430351.9336653439
436992.47973683703
443666.0045573981
450371.9784019032
457109.8741515972
463879.1673828763
470679.3364519427
477509.86257544224
484370.22990720515
491259.9256111981
498178.43993080116
505125.26625451754
512099.90117822035
519101.8445640412
526130.5995960004
533185.6728324788
540266.5742556273
547372.817317809
554503.9189851631
561659.3997783882
568838.783810821
576041.598823908
583267.3762201451
590515.6510935726
597785.9622578999
605077.8522723438
612390.867465248
619724.5579555657
627078.4776722712
634452.1843717713
641845.2396533915
649257.208972989
656687.661654773
664136.170901386
671602.3138023061
679085.6713406389
686585.8283983446
694102.3737599691
701634.9001149244
709183.0040583748
716746.2860907861
724324.3506161754
731916.8059391271
739523.2642606056
747143.3416726269
754776.6581518219
762422.8375519392
770081.5075953337
777752.2998634769
785434.8497865289
793128.7966320163
800833.7834926482
808549.4572733052
816275.4686772495
824011.4721915706
4.8639183459241515
8.233161681777553
13.201341704698274
20.24649673247102
29.918238208624672
42.83789187926042
59.69787395273511
81.26038826796398
108.35552812796678
141.87886277690967
182.7885845044401
232.10228775997356
290.89344677538327
360.2876531229296
441.45866949438164
535.6243508721725
644.0424792513683
768.0065532231135
908.8415690859698
1067.8998258109127
1246.5567818751138
1446.2069885031187
1668.260119836567
1914.1371176496064
2185.266465068244
2483.0806010640295
2809.012485079655
3164.4923189130404
3550.9444310347617
3969.784326810642
4422.415906488917
4910.228851574413
5434.596178835413
5996.87196067864
6598.389208973058
7240.457919433172
7924.3632726250025
8651.363987290026
9422.690821253782
10239.545214861326
11103.098071632303
12014.48867064599
12974.823705042529
13985.176440954292
15046.585991152751
16160.056697695956
17326.55761799295
18547.022108466907
19822.347500706328
21153.39486434451
22540.988851651222
23985.917618659696
25488.93281789567
27050.749657927998
28672.04702513075
30353.467663220923
32095.61840631279
33899.07046140816
35764.35973642007
37691.987210003885
39682.41933963998
41736.088504623076
43853.39348068233
46034.69994322437
48280.34099639681
50590.6177250836
52965.799767389944
55406.12590513787
57911.80467009578
60483.01496379315
63119.906688902774
65822.6013902986
68591.19290401813
71425.7480124741
74326.30710436834
77292.88483786987
80325.47080571439
83424.03020098207
86588.50448239935
89818.81203809526
93114.84884682787
96476.48913577013
99903.58603402034
103395.97222106962
106953.46056952649
110575.84478145848
114262.90001776881
118014.3835200837
121830.0352246736
125709.57836798328
129652.7200833901
133659.15198885187
137728.55076514703
141860.57872444636
146054.884368993
150311.10293969468
154628.8569544707
159007.75673621733
163447.40093028644
167947.37701139602
172507.26177991217
177126.621847467
181805.01411189238
186541.98622147253
191337.07702853106
196189.81703238472
201099.72881171413
206066.32744640778
211089.12092895413
216167.61056546486
221301.29136642098
226489.6524272459
231732.17729881467
237028.34434801832
242377.62710850706
247779.49462174322
253233.41176849985
258738.8395909451
264295.2356054579
269902.05410632107
275558.7464604454
281264.7613932771
287019.5452660433
292822.54234449676
298673.1950593149
304570.9442583152
310515.22945064626
316505.48904311797
322541.16056882835
328621.68090825155
334746.4865029438
340915.013562032
347126.6982616383
353380.97693740454
359677.2862702695
366015.0634656565
372393.74642622424
378812.7739183365
385271.5857323974
391769.62283720466
398306.3275284684
404881.14357163775
411493.516339181
418142.8929424623
424828.7223583497
431550.4555506939
438307.54558681493
445099.44774912274
451925.6196420103
458785.52129413746
465678.61525624257
472604.3666945935
479562.2434802067
486551.7162739505
493572.25860764907
500623.34696129966
507704.4608365163
514815.0828263079
521954.69868130033
529122.7973725023
536318.8711507216
543542.4156027297
550792.9297042739
558069.9158700313
565372.8800005972
572701.331526603
580054.7834500485
587432.752382938
594834.7585833047
602260.3259887047
609708.9822472641
617180.258746358
624673.6906389942
632188.8168679815
639725.1801879545
647282.3271853224
654859.8082962201
662457.1778225161
670073.9939459567
677709.8187405014
685364.2181829162
693036.7621616845
700727.0244842935
708434.5828829592
716159.019018836
723899.9184847769
731656.8708066896
739429.4694435413
747217.3117860681
755019.9991542271
762837.1367934493
770668.3338697354
778513.2034636326
786371.3625631533
794242.432055653
802126.0367187347
810021.8052102011
817929.3700570998
825848.3676438987
833778.4381998322
841719.225785444
4.870062378470664
8.244821867212199
13.222093172462785
20.28152145725318
29.97478240995927
42.92578649307391
59.830116410374906
81.4537828073334
108.63138099053621
142.26372790965155
183.31505479373513
232.80982636846988
291.82925282616753
361.50755576857676
443.0280443103901
537.6190525129803
646.5497843902418
771.1261079524479
912.6863351766267
1072.5970204482999
1252.248805929991
1453.0523384998305
1676.4342793630162
1923.8334241832893
2196.6969486123453
2496.4767913548453
2824.6261844986425
3182.596338601929
3571.833288058315
3993.7749005617375
4449.848052863048
4941.465973619706
5470.025753271211
6036.906019282826
6643.464774748874
7291.037397304747
7980.934794754298
8714.441713283792
9492.815193705484
10317.283170831848
11189.043210815324
12109.261381090117
13079.071247413138
14099.572992414849
15171.832650028515
16296.881450130444
17475.715268030013
18709.294172548965
19998.542068435156
21344.346426562428
22747.558097411733
24208.991202505975
25729.42309889483
27309.59441190872
28950.209131565738
30651.93476818481
32415.402562930627
34241.20774918964
36129.90986085216
38082.033083743394
40098.06664664981
42178.465248483044
44323.64951835941
46534.00650558908
48809.890196521585
51151.62205559219
53559.491587915705
56033.75692096881
58574.64540303805
61182.35421624499
63857.05100209237
66598.87449760092
69407.93518022662
72284.31591986552
75228.07263636144
78239.23496104074
81317.80690089599
84463.76750413874
87677.07152593261
90957.65009320267
94305.41136750377
97720.24120500425
101202.00381271876
104750.54240019205
108365.67982590427
112047.21923772794
115794.94470682862
119608.6218544562
123487.99847112488
127432.80512773253
131442.7557782131
135517.5483533622
139656.86534551452
143860.37438379336
148127.7287996858
152458.5681827302
156852.5189261388
161309.19476220137
165828.19728734798
170409.1164767726
175051.5311885423
179755.00965714137
184519.10997641613
189343.3805719109
194227.3606625963
199170.58071201286
204172.56286886538
209232.8213971168
214350.86309564475
219526.1877075337
224758.28831908602
230046.65174864815
235390.75892535187
240790.0852578827
246244.10099339217
251752.2715666773
257314.05793975922
262928.91693199205
268596.30154084536
274315.6612534993
280086.4423494012
285908.08819393424
291780.0395233454
297701.73472109204
303672.61008576
309692.1000907085
315759.63763560413
321874.65428999724
328036.5805291039
334244.84596194996
340498.8795520345
346798.109830676
353141.96510319284
359529.87364808016
365961.2639093355
372435.564682089
378952.2052916935
385510.61576642346
392110.22700393613
398750.4709316416
405430.78066113143
412150.5906368086
418909.33677886246
425706.4566207339
432541.3894412057
439413.5763912549
446322.4606158087
453267.4873705295
460248.1041337649
467263.76071378664
474313.90935145225
481398.0048184036
488515.50451093237
495665.8685396283
502848.559814927
510063.0441286736
517308.7902318138
524585.2699083223
531891.9580454803
539228.3327006
546593.8751643102
553988.0700204913
561410.4052029721
568860.3720490762
576337.4653501158
583841.1833989233
591371.0280345185
598926.5046839847
606507.1224016593
614112.3939057059
621741.8356121596
629394.9676665252
637071.3139730007
644770.4022214098
652491.763911913
660234.9343775703
667999.4528048314
675784.8622520104
683590.7096658294
691416.5458960807
699261.9257084784
707126.4077957649
715009.5547871222
722910.9332559609
730830.1137261314
738766.67067662
746720.1825447839
754690.231728175
762676.4045850073
770678.2914333143
778695.486548848
786727.5881617673
794774.1984521556
802834.9235444213
810909.3735006187
818997.1623127306
827097.9078939599
835211.2320690622
843336.7605637622
851474.1229932957
859622.9528501012
4.8761247102371446
8.256328435155728
13.242573999285787
20.31609433812971
30.030605598715226
43.012574120296726
59.96071497941858
81.64480611305179
108.90389994023496
142.64401099236616
183.83535434969713
233.50920534917864
292.7544464009143
362.7138619165068
444.58023742766557
539.5923140508189
649.0306446096596
774.2133930235449
916.4921140527175
1077.2475461971646
1257.8854464958667
1459.8324921911885
1684.5322707042715
1933.4413761259298
2208.02562746653
2509.756421168843
2840.1072279794234
3200.550242027176
3592.553187979911
4017.5762904335847
4477.069408050821
4972.469333548895
5505.197259768307
6076.656410420309
6688.229833765516
7341.27835640136
8037.138693779553
8777.121713520492
9562.510847145528
10394.560645489033
11274.495472769198
12203.508334082613
13182.759830933255
14213.377239305673
15296.453704737061
16433.047548769762
17624.18168165456
18870.843114586227
20173.982568105625
21534.514169303628
22953.31523385405
24431.226127394144
25969.05020138143
27567.55379864819
29227.46632403402
30949.48037564049
32734.25193242033
34582.40059398289
36494.50986866942
38471.12750611673
40512.7658707307
42619.902352576944
44792.97981243955
47032.40705801175
49338.55934812165
51711.77892230915
54152.37555306168
56660.62711821243
59236.780191140606
61881.050646547585
64593.62427971423
67374.65743727151
70224.2776694889
73142.58431937921
76129.64929591179
79185.51761496499
82310.20812146063
85503.71414245048
88766.0041529036
92097.02244120267
95496.68977329934
98964.90405455226
102501.54098835037
106106.45473069287
109779.47853996624
113520.42542121987
117329.08876430527
121205.24297529731
125148.64410067134
129159.03044376039
133236.12317306275
137379.62692201667
141589.23037989865
145864.60687354323
150205.41493961905
154611.29888722618
159081.88935061984
163616.8038318879
168215.64723344328
172878.01238021613
177603.48053145464
182391.62188206989
187241.99605347484
192154.152573895
197127.63134813975
202161.963116843
207256.66990519996
212411.26546123467
217625.25568365326
222898.13903934532
228229.40697060712
233618.5442921743
239065.0295781558
244568.33553897357
250127.92938841617
255743.27320092582
261413.82425923992
267139.0353925168
272918.3553050787
278751.2288959118
284637.0975690604
290575.3995350668
296565.570103597
302607.0419674092
308699.2454778127
314841.6094560055
321033.55873081397
327274.51983188215
333563.9157903163
339901.16909509077
346285.70137648185
352716.9336263166
359194.2864109612
365717.18007720064
372285.03495116887
378897.27153048007
385553.31066971435
392252.5737594102
398994.4828987131
405778.46106182836
412603.9322584268
419470.3216881439
426377.0558893224
433323.56288213533
440309.2723062295
447333.615553028
454396.02589282783
461495.93859682407
468632.791054194
475806.02288436715
483015.0760446147
490259.3949330747
497538.42648734007
504851.62027873256
512198.42860237317
519578.3065631718
526990.7121578449
534435.106353076
541910.9531599252
549417.7197045977
556954.8762956714
564521.8964878895
572118.2571426175
579743.4384850636
587396.9241583556
595078.2012745681
602786.7604627992
610522.095914371
618283.7054252598
626071.0904358253
633883.7560679329
641721.2111595463
649582.9682968685
657468.5438441131
665377.4579709778
673309.2346778954
681263.4018191372
689239.4911238297
697237.038214967
705255.5826264735
713294.6678183877
721353.8411902303
729432.6540926166
737530.6618371742
745647.423704824
753782.502952484
761935.4668182482
770105.8865250936
778293.3372831763
786497.3982907538
794717.6527337974
802953.6877843359
811205.0945975723
819471.4683078378
827752.4080234033
836047.5168202099
844356.401734556
852678.6737547746
861013.9478119507
869361.8427697115
877721.9814131269
4.882106937218093
8.267684349697047
13.262789337515631
20.350223852982502
30.085721093640316
43.09827487157314
60.08969900021043
81.8334997211766
109.1731422319397
143.01978909274197
184.34958471426734
234.20055592483016
293.6691941123096
363.9067797178699
446.11550503932074
541.5444464740499
651.4854325708701
777.2688496278461
920.2594221167285
1081.8520009703518
1263.4673887591791
1466.5482270320117
1692.554967599465
1942.9619463126298
2219.2535749375065
2522.920663988022
2855.4568869726354
3218.3553942546287
3613.105582742058
4041.1900258910455
4504.081566860981
5003.240576218372
5540.112374717464
6116.124820011102
6732.686055804539
7391.182420858867
8092.976514680485
8839.405416160409
9631.779050963749
10471.378703093778
11359.455665755822
12297.230026416666
13285.889580785764
14326.588870330015
15420.448337864998
16568.55359565546
17771.954801134998
19031.666133054
20348.665365610665
21723.8935323576
23158.254676463464
24652.615681690615
26207.80617925359
27824.618525784423
29503.807847783468
31246.092148093507
33052.15247009799
34922.63311550983
36858.14191178471
38859.25052535502
40926.494817082596
43060.375236404245
45261.3572508955
47529.87180818767
49866.31582709869
52271.05271526758
54744.412910561085
57286.694443721055
59898.16351985491
62579.05511650587
65329.57359617154
68149.8933312649
71040.15933963272
74000.4879288638
77030.96734772873
80131.65844320245
83302.59532161991
86543.78601261403
89855.21313457876
93236.83456048505
96688.58408296628
100210.37207766541
103802.08616391444
107463.59186188731
111194.7332454372
114995.33358989125
118865.19601413824
122804.10411640396
126811.82260315848
130888.09791065658
135032.65881865754
139245.21705591588
143525.46789707904
147873.0907506673
152287.74973784998
156769.09426176304
161316.75956715498
165930.36729016868
170609.5259981042
175353.83171902932
180162.8684611331
185036.20872173898
189973.4139859173
194974.03521465693
200037.6133225751
205163.6796451597
210351.75639555918
215601.35711094487
220911.98708848777
226283.14381100427
231714.31736233298
237204.99083252423
242754.6407129214
248362.73728123418
254028.74497670346
259752.12276546826
265532.32449625246
271368.79924649186
277260.9916590314
283208.3422695234
289210.2878246636
295266.2615914074
301375.6936573044
307538.0112221041
313752.6394224889
320018.9988980937
326336.5114749431
332704.5950064921
339122.66633239243
345590.140979156
352106.4333948642
358670.95717636653
365283.1252891192
371942.3502798212
378648.0444819982
385399.62021468935
392196.48997438594
399038.06662037584
405923.76355364034
412852.99488945096
419825.1756238169
426839.72179392114
433896.05063269526
440993.5807176701
448131.7321142438
455309.9265135029
462527.58736473595
469784.14000276895
477079.01177025883
484411.63213506935
491781.4328028629
499187.8478250293
506630.3137020745
514108.26948259503
521621.15685795137
529168.4202527606
536749.5069113194
544363.8669800737
552010.9535862434
559690.222912707
567401.1342692573
575143.1501603255
582915.7363492798
590718.3619193978
598550.4993316046
606411.6244790757
614301.2167387982
622218.7590201775
630163.7378107818
638135.6432193073
646133.969015853
654158.2126695848
662207.8753838699
670282.4621289623
678381.4816723132
686504.446606586
694650.8733754447
702820.2822971874
711012.1975862997
719226.1473729912
727461.6637207799
735718.2826421962
743995.5441126615
752292.9920826098
760610.1744879045
768946.6432586167
777301.9543262155
785675.6676292279
794067.3471174239
802476.5607545741
810902.8805198352
819345.8824078143
827805.1464273507
836280.2565990763
844770.8009517892
853276.3715176852
861796.5643265024
870330.9793986022
878879.2207370431
887440.8963186804
896015.6180843291
4.888010614698515
8.278892500483819
13.282744212290748
20.3839182742283
30.14014189712919
43.18290839012917
60.21709714691038
82.01990424805626
109.43916388647229
143.3911376647261
184.85784536820248
234.88400674201426
294.57365941786105
365.0865135326221
447.63409886549255
543.4757555861949
653.914515028787
780.2929123447616
923.9887684932492
1086.4109748320293
1268.9953096032946
1473.2003118884213
1700.5032351320515
1952.396099132317
2230.3818564288695
2535.9706863322367
2870.6764273730805
3236.013156734862
3633.4919232206203
4064.617638563357
4530.886130237743
5033.7813574640695
5574.772791228035
6155.3129574239465
6776.835141894375
7440.751255001898
8148.44985278527
8901.294311161633
9700.62114915591
10547.738496745857
11443.924702596318
12390.427076710834
13388.460762845187
14439.207735398591
15543.815915416422
16703.398400299422
17919.032801811372
19191.760687005288
20522.58711674445
21912.48027657236
23362.37119478466
24873.15354266931
26445.683512009895
28080.779765084455
29779.223452539823
31541.758294674677
33369.090721822766
35261.89006968922
37220.78882565699
39246.382922237426
41339.23207404328
43499.860154725175
45728.755610573346
48026.371907692934
50393.128009570784
52829.40888229983
55335.56602469107
57911.918020707395
60558.751111785714
63276.31978674834
66064.84738713485
68924.52672591309
71855.52071764655
74857.96301831558
77931.95867309655
81077.58477051616
84294.89110149434
87583.90082189154
90944.61111726858
94376.99386865321
97880.99631819804
101456.54173368891
105103.5300709443
108821.83863321588
112611.32272677183
116471.81631190695
120403.1326486883
124405.06493680221
128477.38694892351
132619.85365708038
136832.20185153815
141114.1507517707
145465.40260913104
149885.64330087634
154374.5429152399
158931.75632727507
163556.92376523884
168249.6713673046
173009.61172843067
177836.34443723565
182729.4566027585
187688.5233710054
192713.10843120748
197802.76451173716
202957.03386564573
208175.44874580644
213457.5318696656
218802.79687361303
224210.74875700645
229680.88431589038
235212.69256646562
240805.65515837734
246459.24677789694
252172.935541086
257946.1833770354
263778.4464012831
269669.1752795219
275617.8155817087
281623.8081267033
287686.5893175576
293805.59146759054
299980.24311738205
306209.9693428245
312494.19259308494
318832.3302876567
325223.8004855366
331668.01677186164
338164.39121697005
344712.33409514773
351311.2541341752
357960.55875711713
364659.6543165109
371407.94632109953
378204.83965526853
385049.73879133456
391942.0479948375
398881.17152298696
405866.5138164129
412897.47968436894
419973.47448353464
427093.9042905643
434258.17606852436
441465.6978273644
448715.87877856323
456008.1294840881
463341.8619998032
470716.490013471
478131.4289774683
485586.0962363629
493079.91114946635
500612.2952085049
508182.6721505239
515790.46806615405
523435.11150336155
531116.033566801
538832.6680128865
546584.4513406989
554370.8228788418
562191.2248683565
570045.1025418049
577931.9041986263
585851.0812768738
593802.0884214331
601784.3835488211
609797.4279086671
617840.6861419646
625913.6263362012
634015.7200774396
642146.4424994607
650305.2723300377
658491.6919344405
666705.1873562476
674945.2483555487
683211.3684446195
691503.0449211451
699819.778899069
708161.075337145
716526.443065257
724915.3948085883
733327.4472096994
741762.1208485903
750218.940260806
758697.4339536544
767197.1344205992
775717.5781538805
784258.3056554392
792818.8614461819
801398.7940736619
809997.656118219
818615.0041976374
827250.3989703695
835903.4051373822
844573.5914426689
853260.5306724774
861963.7996533053
870682.9792486966
879417.6543549005
888167.4138954161
896931.8508144807
905710.5620695368
914503.1486227122
4.893837258524666
8.289955705002956
13.302443525353915
20.417185674837146
30.19388070425257
43.26649386474392
60.34293744541404
82.2040594142333
109.70201972147261
143.7581305872151
185.36023377818898
235.55968392696013
295.46800268409345
366.25326400125925
449.13626623096894
545.3865420869045
656.3182529127041
783.2860092173673
927.6806551001039
1090.925050043767
1274.469877627093
1479.7895070184218
1708.3779296635432
1961.7447903942048
2241.4115292281003
2548.907647449589
2885.7671090942795
3253.524886742227
3653.713658505988
4087.860661343972
4557.48470417303
5064.0933427629325
5609.180217530015
6194.222553590799
6820.678822108299
7489.986560795716
8203.560350846239
8962.789946949237
9769.038556555988
10623.64126414913
11527.903595939106
12483.100220150702
13490.473777864174
14551.233839233248
15666.55597980714
16837.580971632462
18065.414083796728
19351.12448709191
20695.744757523327
22100.270473457156
23565.65990129056
25092.83376463362
26682.675092113477
28336.02913904266
30053.703378334158
31836.467556194522
33685.05380827913
35600.15683215102
37582.43411204066
39632.5061920907
41750.956994365006
43938.33417811879
46195.149537045494
48521.87943116515
50918.965250408895
53386.81390696204
55925.7983536209
58536.258125555076
61218.499903007054
63972.79809259454
66799.39542501132
69698.50357897014
72670.30374598515
75714.9473844866
78832.55674431866
82023.22557721971
85287.0197814337
88623.97806247737
92034.112596817
95517.40969721618
99073.83047860635
102703.31152340784
106405.76554531082
110181.08205059574
114029.12799614586
117949.74844336738
121942.76720729755
126007.98750024015
130145.1925693229
134354.14632742523
138634.59397697498
142986.26262615956
147408.86189714013
151902.08452590217
156465.60695341436
161099.08990780075
165802.17897727323
170574.50517359658
175415.68548589438
180325.32342462998
185303.0095556229
190348.32202398937
195460.82706791384
200640.07952218648
205885.62331145492
211196.99193316224
216573.7089301608
222015.28835300202
227521.23521192526
233091.04591857587
238724.2087174991
244420.20410746743
250178.50525270848
255998.57838411245
261879.8831905055
267821.87320008397
273823.99615211267
279885.6943589967
286006.4050588418
292185.5607586237
298422.5895680942
304716.9155245523
311067.9589086138
317475.13655112043
323937.8621313242
330455.5464664916
337027.5977930737
343653.4220395862
350332.4230913493
357064.00304723484
363847.5624685707
370682.5006203545
377568.2157049234
384504.1050882341
391489.5655189007
398523.9933401416
405606.7846947838
412737.3357234729
419915.04275623854
427139.3024975576
434409.5122050653
441725.06986205286
449085.37434389914
456489.825578574
463937.8247013554
471428.77420389326
478962.0780777624
486537.1419526343
494153.3732292013
501810.1812069821
509506.977207141
517243.1746904418
525018.189370465
532831.4393222082
540682.345086192
548570.3297681874
556494.8191346808
564455.2417041911
572451.0288345552
580481.6148062813
588546.4369020867
596644.9354827228
604776.5540591878
612940.7393614333
621136.9414036605
629364.6135463022
637623.2125547924
645912.1986552047
654231.0355868646
662579.1906520107
670956.1347626051
679361.3424843658
687794.2920781152
696254.465538516
704741.3486302844
713254.4309219453
721793.2058172207
730357.1705841086
738945.8263817399
747558.6782850723
756195.2353074951
764855.0104214132
773537.5205768715
782242.2867182845
790968.8337993383
799716.6907961178
808485.3907185232
817274.4706200323
826083.4716058656
834911.9388396045
843759.4215483207
852625.4730262709
861509.6506371935
870411.5158152777
879330.6340648324
888266.5749587142
897218.9121355572
906187.2232958429
915171.0901968601
924170.0986465989
933183.8384966009
4.899588346328214
8.30087671077872
13.321892058733441
20.45003393414693
30.246949911492568
43.34905004231191
60.46724729073149
82.38600406766079
109.96176338143584
144.12084020177173
185.856845442871
236.2277111401677
296.3523812496105
367.4072281155406
450.6222501420733
547.2771016526344
658.6970014073949
786.2485618294256
931.3355767155545
1095.3948011148188
1279.8917531697953
1486.3165640611844
1716.179898770728
1971.0089672094362
2252.343642312837
2561.732699030733
2900.73018567262
3270.8919368490624
3673.7722352260225
4110.920627539447
4583.878898657165
5094.17820595997
5643.336375450961
6232.855359206105
6864.218853457687
7538.8900754044125
8258.309696233478
9023.89392721444
9837.032755210983
10699.088323531949
11611.393453696368
12575.250303412126
13591.929155855034
14662.667335179107
15788.668243097802
16971.10051117642
18211.09726392647
19509.75548684625
20868.135494779403
22287.260495069448
23768.116240546406
25311.6507673432
26918.77421267026
28590.358707801483
30327.238341659733
32130.20919053279
34000.0294095988
35937.41938209314
37943.06192209976
40017.60252713686
42161.64967678994
44375.775173870876
46660.51452479541
49016.36735580819
51443.79786208783
53943.23528676069
56515.07442704737
59159.67616490016
61877.368019629874
64668.4447201529
67533.16879461982
70471.7711753131
73484.45181682061
76571.38032561084
79732.69659924455
82968.51147356934
86278.9073763421
89663.93898582661
93123.63389300733
96657.9932661478
100266.99251651354
103950.58196415512
107708.6875027307
111541.21126241666
115448.03227003061
119429.0071055529
123483.97055429949
127612.7362540595
131815.0973365642
136090.82706271252
140439.67945102596
144861.38989885477
149355.67579590267
153922.23712967974
158560.7570825354
163270.9026199552
168052.3250698501
172904.6606925912
177827.53124157916
182820.54451416727
187883.29489278005
193015.36387610232
198216.32060022786
203485.7223496906
208823.115058312
214228.03379982326
219700.00326823868
225238.538247971
230843.14407369742
236513.31707999765
242248.5450408001
248048.30759868302
253912.0766840907
259839.31692453267
265829.48604384606
271882.0352516062
277996.4096227857
284172.04846775724
290408.3856927565
296704.85015091574
303060.8659839879
309475.85295489035
315949.22677119146
322480.3993996772
329068.7793721329
335713.77208247606
342414.78007538465
349171.20332656195
355982.43951478455
362847.8842858767
369766.9315087597
376738.9735237256
383763.4013830797
390839.6050843035
397966.9737958849
405144.8960759652
412372.7600839479
419649.9537852196
426975.8651491277
434349.8823403616
441771.3939038803
449239.7889435297
456754.457294494
464314.789689719
471920.17792044935
479570.01499101165
487263.6952679882
495000.61462390656
502780.1705755837
510601.76241725066
518464.79134859255
526368.6605978215
534312.7755399165
542296.5438101478
550319.3754130087
558380.6828266709
566479.8811030833
574616.387963827
582789.6238918405
590999.0122191234
599243.9792105306
607523.9541437571
615838.369385625
624186.6604647717
632568.2661408383
640982.628470256
649429.1928687311
657907.4081705188
666416.7266845752
674956.6042476876
683526.500274658
692125.8778056384
700754.203550693
709410.9479316749
718095.5851214965
726807.5930808692
735546.4535925989
744311.6522934973
753102.6787039968
761919.0262555318
770760.1923157597
779625.6782116895
788514.9892507826
797427.6347400952
806363.1280035183
815320.9863971864
824300.7313231063
833301.8882410696
842323.9866789076
851366.5602411365
860429.146616058
869511.2875813601
878612.5290082718
887732.4208643235
896870.5172147626
906026.3762226653
915199.5601478029
924389.6353442934
933596.1722570942
942818.7454173748
952056.9334368058
4.9052653187057835
8.31165819749251
13.34109447829656
20.48247074348181
30.29936162519285
43.43059524001002
60.59005346384227
82.56577620625278
110.21844736693606
144.47933734938752
186.34777393780988
236.8882096299015
297.2269494870227
368.54859928818297
452.09228936276145
549.1477250169486
661.0511100344628
789.1809853835462
934.9540210478201
1099.8207948562526
1285.261588341532
1492.7822260344478
1723.9099812019128
1980.1895678870037
2263.179236175297
2574.4469849458255
2915.566903899247
3288.115654433345
3693.669096908277
4133.79907006514
4610.070326684045
5124.037628058171
5677.242998964739
6271.21314300745
6907.4570178768245
7587.4635688514045
8312.699618242039
9084.607907839152
9904.605290893149
10774.08106971765
11694.395474643348
12666.878279760398
13692.827550660373
14773.508519219013
15910.152580337326
17103.95640550819
18356.08116794926
19667.651874217077
21039.756797020433
22473.447004179754
23969.735978662477
25529.599324740113
27153.974555415814
28843.76095638904
30599.81952195314
32422.972958358645
34314.005750318225
36273.66428647749
38302.65703982272
40401.654799182324
42571.290948051166
44812.16178719918
47124.82689773559
49509.809541223214
51967.59709385443
54498.64151168584
57103.35982412417
59782.13465299089
62535.314754630235
65363.21558265883
68266.11986908385
71244.27822164333
74297.90973534068
77427.2026162653
80632.3148158995
83913.37467422381
87270.48157003238
90703.70657697196
94213.09312391232
97798.65765834445
101460.3903115944
105198.25556471686
109012.19291401752
112902.11753522296
116867.92094539263
120909.47166173098
125026.61585652569
129219.17800749646
133486.96154289742
137829.74948077125
142247.30506180413
146739.37237527975
151305.67697767675
155945.92650349703
160659.81126795558
165447.0048611958
170307.16473373838
175239.9327728977
180244.9358699386
185321.7864777724
190470.08315901973
195689.41112429736
200979.3427606039
206339.4381497129
211769.24557649146
217268.30202709165
222836.133676977
228472.2563687633
234176.17607987032
239947.38937999672
245785.3838784405
251689.63866130583
257659.62471864294
263694.8053615844
269794.6366295461
275958.56768757204
282186.04121391394
288476.49377793644
294829.35620845604
301244.05395261606
307720.0074254172
314256.6323500214
320853.3400889493
327509.5379663071
334224.6295811656
340998.01511223183
347829.0916139476
354717.25330415537
361661.89184347406
368662.3966065246
375718.1549451512
382828.5524437851
389992.9731670944
397210.79990006535
404481.41438066564
411804.19752523175
419178.52964672894
426603.79066602804
434079.3603163484
441604.6183410046
449178.9446846064
456801.71967785165
464472.32421605376
472190.1399315454
479954.5493600948
487764.93610147276
495620.6849743087
503521.1821653637
511465.815373362
519453.97394750064
527485.0490207777
535558.4336382559
543673.5228803938
551829.7139815644
560026.4064438856
568263.0021464754
576538.9054502556
584853.5232984198
593206.2653126713
601596.5438853516
610023.774267562
618487.3746533869
626986.7662603288
635521.3734060505
644090.6235815319
652693.9475207358
661330.7792668841
670000.5562354366
678702.7192738665
687436.7127183242
696201.9844472753
704997.985932209
713824.1722854895
722680.0023054454
731564.938518772
740478.4472203277
749419.9985104084
758389.066329562
767385.1284910358
776407.666710914
785456.1666360248
794530.1178696856
803629.0139953488
812752.3525982238
821899.6352849272
831070.3677012371
840264.0595480027
849480.2245952749
858718.3806947131
867978.049790328
877258.7579276109
886560.0352611127
895881.4160605101
905222.4387152314
914582.6457376682
923961.5837650419
933358.8035599615
942773.8600097187
952206.3121243706
961655.7230336536
971121.6599827603
4.910869580355724
8.322302779027531
13.360055337179958
20.51450361158195
30.35112766973413
43.5111473570832
60.71138214804343
82.74341299978843
110.4721230630583
144.83369140631538
186.83311095939513
237.54129828456144
298.0918588637429
369.67756742150976
453.546618489884
550.9986980503652
663.3809227338195
792.0836887802925
938.5364688066601
1104.2035904385812
1290.5800270592558
1499.1872273394692
1731.5690068394201
1989.2875218430981
2273.919342663854
2587.051641002902
2930.2785034782382
3305.1973812181295
3713.4056833827126
4156.497520685583
4636.060603308359
5153.673296068491
5710.901832809003
6309.297690134279
6950.395120295694
7635.7088417784
8366.731885508547
9144.933593941347
9971.75776974505
10848.620970340038
11776.910944175248
12757.985204319843
13793.169734707113
14883.757824184468
16031.009023365981
17236.148219389146
18500.36482295325
19824.812063353187
21210.606385549563
22658.82694470807
24170.515193029678
25746.674553967925
27388.270179004914
29096.228782268317
30871.4385483948
32714.749109176795
34626.97158466736
36608.878684561525
38661.20486581517
40784.64654264675
42979.86234512897
45247.47342281604
47588.06379005869
50002.18070956719
52490.33511121595
55053.002043054585
57690.62115168941
60403.59718933164
63192.300544945625
66057.06779706254
68998.20228595358
72015.97470298309
75110.62369507935
78282.35648238251
81531.34948723443
84857.74897279045
88261.67168963092
91743.20552885241
95302.41018021498
98939.31779400897
102653.93364539728
106446.23680006753
110316.1807801109
114263.6942291184
118288.68157555883
122391.02369356941
126570.57856035554
130827.18190945976
135160.64787921484
139570.7696557552
144057.32011001068
148620.05242815713
153258.70073504554
157972.98071017547
162762.59019582073
167627.20979695255
172566.503472647
177580.11911869212
182667.68914114998
187828.83102065325
193063.14786724912
198370.22896562988
203749.65031061077
209200.97513274752
214723.75441399904
220317.52739336746
225981.8220624667
231716.15565098458
237520.03510202505
243392.95753732987
249334.4107123936
255343.87346150048
261420.81613272257
267564.7010129311
273774.9827428822
280051.10872244864
286392.51950607786
292798.6491885641
299268.9257812319
305802.7715786301
312399.6040550937
319058.8335165628
325779.86883194564
332562.11237053515
339404.9630192207
346307.81595545326
353270.06295082497
360291.0926661474
367370.29093817156
374507.04105808516
381700.72404192947
388950.7188930804
396256.4028569349
403617.151667945
411032.33978914976
418501.34064434294
426023.52684302424
433598.2703982794
441224.94293773035
448902.9159077
456631.56077073514
464410.24919662625
472238.3532470676
480115.245554097
488040.299492451
496012.8893459737
504032.3904682174
512098.179437364
520209.63420560415
528366.1342430993
536567.060676665
544811.7964232914
553099.7263186338
561430.2372405961
569802.7182281268
578216.5605953475
586671.1580411335
595165.9067542616
603700.2055142379
612273.4557879186
620885.0618220392
629534.4307317421
638220.9725852364
646944.1004846679
655703.2306433168
664497.7824592174
673327.1785852995
682190.8449961457
691088.2110514638
700018.7095563575
708981.7768184937
717976.8527022554
727003.3806799573
736060.8078802186
745148.5851335719
754266.1670153871
763413.0118861952
772588.5819294814
781792.3431870319
791023.7655919001
800282.322999071
809567.4932138898
818878.758018324
828215.6031951334
837577.5185499976
846963.997931685
856374.5392503088
865808.644493741
875265.819742242
884745.5751813578
894247.4251131512
903770.8879658157
913315.4863017233
922880.7468239694
932466.2003814528
942071.3819725488
951695.8307474257
961339.0900090389
971000.7072128656
980680.2339654154
990377.226021557
4.916402501173891
8.332813005441281
13.378779079102307
20.546139869851526
30.402259595444434
43.590723886261436
60.83125894480678
82.91895081118847
110.72284076706025
145.18397031899147
187.31294636772577
238.1870936839413
298.9472580016513
370.79431897503827
454.9854680275813
552.8303018396804
665.6867779451754
794.9570746980768
942.0833937767815
1108.5437394525804
1295.847705087539
1505.5322937729964
1739.1577966724458
1998.3037495230737
2284.564984840782
2599.547794726527
2944.8662167097223
3322.1384528411872
3732.983430215323
4179.017509297426
4661.851344752577
5183.086901917364
5744.314631168613
6347.110800561545
6993.034986797257
7683.627723298959
8420.408303533124
9204.87273703693
10038.491855052682
10922.70956219898
11858.941230216555
12848.572229508338
13892.956593938226
14993.415814157148
16151.237754532916
17367.675689027255
18643.947450021158
19981.23468662848
21380.682225838733
22843.39753242566
24370.45026233159
25962.87190467798
27621.655507598054
29347.755483192243
31142.087487023375
33005.52836769454
34938.91618218538
36943.05027276133
39018.691401408214
41166.56193792858
43387.34609788568
45681.690226826926
48050.2031274216
50493.4564260398
53011.98497574973
55606.28729266747
58276.82602279553
61024.0284366168
63848.28694884621
66749.95966087446
69729.37093527713
72786.81191819604
75922.54125344002
79136.78557642856
82429.74019601225
85801.56971647659
89252.40868005321
92782.3622166758
96391.50669952398
100079.89040498722
103847.53417577362
107694.43208596646
111620.55210691631
115625.836772929
119710.20384578519
123873.54697719404
128115.73636835084
132436.61942583052
136836.02141310752
141313.7460970495
145869.57638878605
150503.27497840105
155214.58496294983
160003.23046734312
164868.9172576847
169811.33334668726
174830.14959083372
179925.02027898043
185095.5837121376
190341.46277419105
195662.26549335907
201057.58559420885
206527.00304007623
212070.08456576773
217686.38420043368
223375.44378053403
229136.7934528317
234969.9521673685
240874.42816039696
246849.71942725588
252895.31418519438
259010.69132616048
265195.32085958484
271448.66434520355
277770.1753159693
284159.29969111725
290615.47617945756
297138.13667297276
303726.7066308118
310380.6054537747
317099.2468493889
323882.03918768826
330728.38584780326
337637.6855554839
344609.3327116767
351642.7177122782
358737.22725919815
365892.24466286093
373107.1501362819
380381.3210808527
387714.13236397493
395104.95658868103
402553.1643553839
410058.1245158964
417619.20441986196
425235.77015374
432907.1867724883
440632.81852408417
448412.0290670301
456244.18168097956
464128.6394706322
472064.7655630307
480051.9232984066
488089.4764147089
496176.7892259559
504313.2267945422
512498.155097644
520730.9411878479
529010.953348141
537337.5612413893
545710.1360544383
554128.0506369566
562590.6796351536
571097.3996204925
579647.5892135231
588240.6292029503
596875.9026600597
605552.7950486195
614270.6943303653
623028.9910661887
631827.0785131362
640664.3527173268
649540.2126028963
658454.0600570744
667405.300011495
676393.34051984
685417.5928319211
694477.471464289
703572.3942674703
712701.7824899255
721865.0608388142
731061.657537663
740291.0043810214
749552.5367861891
758845.6938421015
768169.9183554546
777524.6568941507
786909.3598281365
796323.481367725
805766.4795994578
815237.8165195959
824736.9580653027
834263.3741435925
843816.5386581118
853395.929533819
863001.0287396277
872631.3223090831
882286.3003591219
891965.4571069884
901668.2908853572
911394.3041557242
921143.0035201241
930913.8997312195
940706.507700831
950520.3465069438
960354.9393992531
970209.813803293
980084.5013231976
989978.5377431414
999891.4630275068
1.0098228213198193e6
4.921865417310099
8.34319136486884
13.397270041563349
20.577386677432038
30.452768686254146
43.66934192482089
60.94970888916129
83.09242521718375
110.9706497152831
145.53024063806936
187.78736822848225
238.8257101493929
299.79329273563474
371.8990370319976
456.4090644607752
554.6428127667039
667.9690086894402
797.8015396736772
945.5952628928582
1112.841785972997
1301.065250083891
1511.818142545759
1746.6771627788773
2007.2391623352592
2295.1171768552376
2611.93656515559
2959.331268196641
3338.9401984533547
3752.403768181299
4201.360563253593
4687.44416756144
5212.280141409218
5777.483156422195
6384.654287605215
7035.378462855932
7731.222068943153
8473.73071230279
9264.427132313955
10104.809264142252
10996.348447751323
11940.487779277744
12938.64060063161
13992.189122916763
15102.483179055349
16270.83910077492
17498.53871554971
18786.8284571086
20136.918586902495
21549.98251914962
23027.156245915998
24569.53785682698
26178.187148616777
27854.12531973904
29598.334745359145
31411.758828158927
33295.30192050497
35249.829313658876
37276.16728983798
39375.103233101996
41547.38579511365
43793.72511202741
46114.7930689634
48511.223608462016
50983.6130796988
53532.52062523612
56158.46860228043
58861.94303554551
61643.39409895914
64503.23662358692
67441.85062927612
70459.58187765047
73556.74244421208
76733.611307423
79990.43495276061
83327.42798984649
86744.77378086289
90242.6250785695
93821.10467233679
97480.30604070664
101220.29400908272
105041.10541124232
108942.74975344399
112925.20987998776
116988.44263915924
121132.37954856471
125356.92745893168
129661.96921551693
134047.3643163287
138512.9495664252
143058.53972761473
147683.92816293033
152388.88747530876
157173.17013994703
162036.509129859
166978.6185341981
171999.19416894714
177097.9141796255
182274.43963568858
187528.41511633762
192859.4692874852
198267.21546965485
203751.2521966194
209311.1637646101
214946.52077195645
220656.8806490351
226441.78817843078
232300.77600523565
238233.3651374253
244239.06543627568
250317.3760967962
256467.78611817077
262689.7747642166
268982.8120138777
275346.3590017882
281779.86844894814
288282.7850835667
294854.546052138
301494.5813208198
308202.3140672007
314977.1610625408
321818.53304458334
328725.8350810383
335698.4669238454
342735.8233543299
349837.29451936664
357002.2662586728
364230.12042335694
371520.23518584704
378871.9853413342
386284.7426008582
393757.8758761736
401290.7515565332
408882.733777524
416533.18468209595
424241.4646739258
432006.93266325037
439828.9463053155
447706.8622315792
455640.0362738104
463627.82368122204
471669.57933078165
479764.65793083544
487912.41421818716
496112.20314877
504363.3800820453
512665.30095926643
521017.3224757433
529418.802247238
537869.0989706254
546367.5725789487
554913.5843909997
563506.4972555501
572145.6756903583
580830.4860160807
589560.2964852054
598334.4774061284
607152.4012624935
616013.4428279122
624916.9792761825
633862.3902871072
642849.0581480399
651876.3678512548
660943.707187254
670050.46683412
679196.0404430078
688379.824719889
697601.2195036422
706859.6278405865
716154.4560555579
725485.113819621
734851.0142145071
744251.5737938713
753686.2126414547
763154.3544262414
772655.4264546921
782188.8597201378
791754.0889494205
801350.5526468488
810977.6931355589
820634.9565963481
830321.7931040588
840037.656661588
849782.005231585
859554.300765919
869354.0092329701
879180.6006428249
889033.5490704287
898912.3326767654
908816.4337281219
918745.338613502
928698.5378602426
938675.5261478965
948675.8023204284
958698.8693967909
968744.2345799203
978811.4092642141
988899.9090415385
999009.2537058094
1.009138967256201e6
1.0192885778990315e6
1.0294576180483594e6
4.927259632186887
8.3534402853597
13.415532458933912
20.60825102610721
30.502665967104676
43.747018185301286
61.06675646461591
83.26387102839281
111.21559810933437
145.87256755158663
188.2564628538074
239.45725979290796
300.6301061710094
372.9919013647683
457.8176303277296
556.436502586349
670.2279426499367
800.6174741832431
949.0725363159451
1117.0982666248615
1306.2332816482276
1518.0454823070181
1754.1279083154805
2016.0946625959077
2305.57692383062
2624.219062659254
2973.6748745739374
3355.6039403441596
3771.668122768326
4223.528206723408
4712.840687801831
5241.254713241695
5810.409177949194
6421.929976496724
7077.427411654028
7778.493758689763
8526.700984012496
9323.598616015095
10170.711765396274
11069.539291732646
12021.552112654561
13028.191651632194
14090.868420096824
15210.960729399892
16389.81352794196
17628.737358679922
18929.007432139195
20291.86281001021
21718.5056943959
23210.10081778899
24767.774928896757
26392.616369488544
28085.674737518013
29847.960631862967
31680.4454741295
33584.06140308133
35559.70123737785
37608.218502428426
39730.42751733686
41927.10353797028
44198.98295239851
46546.763525149036
48971.104686646664
51472.627864604176
54051.91685411522
56709.518223394276
59445.941752237806
62261.6609004168
65157.11330334598
68132.70129250239
71188.79243819497
74325.72011240898
77543.78406956838
80843.25104317685
84224.3553564063
87687.29954481541
91232.25498947849
94859.36255890959
98568.73325826191
102360.44888437272
106234.56268531595
110191.1000232066
114230.05903908334
118351.41131877221
122555.10255870988
126841.05323077318
131209.15924522906
135659.29261098598
140191.30209238263
144805.01386181367
149500.23214754215
154276.73987610312
159134.29930875014
164072.65267144408
169091.52277792853
174190.6136454735
179369.6111029148
184628.18339064805
189965.98175227395
195382.64101762362
200877.78017692428
206451.00294589438
212101.8983215834
217830.0411288009
223634.99255699888
229516.30068749702
235473.50101096122
241506.1169350647
247613.6602822801
253795.63177776785
260051.52152734157
266380.80948550825
272782.96591359144
279257.4518279632
285803.7194384154
292421.2125767212
299109.3671154384
305867.61137702316
312695.3670738408
319592.0469955511
326557.0607947739
333589.8099531015
340689.6908455874
347856.09455300396
355088.4072055819
362386.0103178366
369748.2811145977
377174.59284836886
384664.31510814105
392216.81411979033
399831.4530381895
407507.5922311697
415244.58955546375
423041.80062477
430898.5790700716
438814.27679235185
446788.2442078399
454819.83048593247
462908.3837799231
471053.251450683
479253.7802834308
487509.31669772766
495819.2069508377
504182.79733459046
512599.4343658807
521068.4649709385
529589.2366635104
538161.0977170754
546783.3973312376
555455.4857924118
564176.7146289514
572946.4367608213
581764.0066439625
590628.7804094618
599540.1159976518
608497.3732872597
617499.9142197297
626547.1029188297
635638.3058056615
644772.8917091908
653950.231972399
663169.7005541794
672430.6741270768
681732.5321709814
691074.6570628791
700456.4341627612
709877.2518957957
719336.5018308575
728833.5787555134
738367.8807475595
747938.8092432019
757545.7691019743
767188.1686684795
776865.4198310428
786576.9380773666
796322.1425472647
806100.4560825645
815911.3052742516
825754.1205069415
835628.3360007503
845533.3898506439
855468.724063338
865433.7845918188
875428.021367559
885450.888330494
895501.8434568292
905580.3487847404
915685.8704380355
925817.878647836
935975.8477723438
946159.2563147482
956367.5869393382
966600.3264858675
976856.9659822398
987137.0006555552
997439.9299415823
1.0077652574927036e6
1.0181124911843752e6
1.0284811431201686e6
1.0388707296354264e6
1.049280771299582e6
4.932586417482116
8.363562136650698
13.433570465441093
20.638739745045932
30.551962211119697
43.82376900589126
61.18242561763738
83.43332230882714
111.45773314155976
146.21101491728507
188.7203148422182
240.08185256513522
301.4578387398305
374.0730884992388
459.2113842916566
558.2116385040274
672.463902253343
803.4052627236488
952.5156675111102
1121.3137106521597
1311.352411376129
1524.2150131747242
1761.5108275158937
2024.8711434845843
2315.9452217654725
2636.396388770003
2987.898244258973
3372.130993593346
3790.7779137115294
4245.521960095219
4738.042520306042
5270.012318071147
5843.094470994893
6458.939703023583
7119.183712473085
7825.444695082648
8579.321020880201
9382.389062924443
10236.201175384762
11142.283817905227
12102.135822765136
13117.226800988015
14188.9956832563
15318.849391254018
16508.161634876775
17758.271830613478
19070.484136310926
20446.06659747523
21886.250400240922
23392.22922614205
24965.15870384927
26606.155953087044
28316.299216013875
30096.627571432604
31948.14072729558
33871.79888707725
35868.522685704505
37939.19319085385
40084.65196558868
42305.70118835929
44603.10382660548
46977.58386039602
49429.82655244934
51960.47876128992
54570.149294267685
57259.40929736241
60028.79267882258
62878.796563822274
65809.88177745405
68822.47336546444
71916.9610665671
75093.69998523865
78353.01104412437
81695.18163266932
85120.46619880061
88629.08686555034
92221.23405890455
95897.0671452337
99656.71507675214
103500.2770435474
107427.82313081113
111439.39497998507
115535.00645262052
119714.64429582407
123978.26880824065
128325.81450559231
132757.19078486037
137272.28258626504
141870.95105225284
146553.03418276607
151318.3474861207
156166.684624872
161097.81805609725
166111.49966557315
171207.4613953701
176385.4158644237
181645.05698169227
186986.06055153807
192408.08487101088
197910.7713187453
203493.74493521336
209156.61499410588
214898.9755646407
220720.40606462816
226620.47180414197
232598.72451967094
238654.7028986495
244787.9330942816
250997.929230595
257284.19389767942
263646.21863707714
270083.48441731406
276595.4620995674
283181.6128934883
289841.38880319905
296574.2330635058
303379.5805663738
310256.8588123537
317205.48564459593
324224.87499282084
331314.4319151693
338473.55565018184
345701.6394517045
352998.07094925665
360362.2324993332
367793.50152775075
375291.25086315477
382854.84906180564
390483.66072376684
398177.0468006192
405934.36489482847
413754.9695508987
421638.2125384404
429583.44312728825
437590.00835480244
445657.25328549003
453784.52126307896
461971.15415518923
470216.4925907286
478519.8761901598
486880.6437887673
495298.13365306833
503771.6836904972
512300.63165250776
520884.31533121906
529522.0727497466
538213.242346348
546957.1631525178
555753.1749651614
564600.618512976
573498.8356171744
582447.1693466689
591444.9641678471
600491.5660890641
609586.3227999726
618728.5838058086
627917.7005567568
637153.0265725126
646433.9175621526
655759.7315394357
665129.8289336351
674543.5726960243
684000.3284021183
693499.4643497799
703040.3516532935
712622.3643335123
722244.8794041811
731907.2769545285
741608.9402282345
751349.2556988618
761127.6131418501
770943.4057031632
780796.029964679
790684.8860064131
800609.3774656596
810568.9115931374
820562.8993062251
830590.7552393603
840651.8977916945
850745.7491720674
860871.7354413902
871029.2865525061
881217.8363875977
891436.8227932238
901685.6876130428
911963.8767183017
922270.8400361502
932606.0315758475
942968.9094529301
953358.9359113912
963775.5773439471
974218.3043104407
984686.5915544374
995179.9180180838
1.0056977668552677e6
1.0162396254431428e6
1.0268049853920732e6
1.037393342554038e6
1.0480041970295561e6
1.0586370531731776e6
1.0692914195975866e6
4.937847014076862
8.373559231877705
13.451388098052583
20.668859505389122
30.600667946547297
43.89961036049286
61.296739771697595
83.60081239484082
111.69710101982585
146.54564529410553
189.17900711756545
240.69959630234888
302.2766282561014
375.14277177807526
460.5905412113443
559.9684832522987
674.6772047502786
806.1652838940719
955.9251033260955
1125.4886399885947
1316.4232429155927
1530.3274267708675
1768.8267056959116
2033.569489009343
2326.2230574471105
2648.4696360329012
3002.002577222082
3388.5226657470075
3809.7345545580497
4267.343339426961
4763.051277956414
5298.554657626379
5875.54081559093
6495.685312233394
7160.649259157105
7872.076801428098
8631.592753052417
9440.800383954855
10301.279356107483
11214.583805928021
12182.240569620351
13205.747547755853
14286.572205086324
15426.15020137288
16625.884148493235
17887.142490087073
19211.25849760782
20599.529379440428
22053.21549742482
23573.53968626251
25161.686670978164
26818.802577690767
28545.994533010493
30344.330347454692
32214.838278367155
34158.50686792766
36176.28485195039
38269.0811352833
40437.7648297836
42683.165350881565
45006.072568967924
47407.237012029975
49887.37011585763
52447.14451856311
55087.19439611949
57808.11583581817
60610.467244670996
63494.769789916114
66461.50786891812
69511.12960588004
72644.04737290964
75860.63833310634
79161.2450034497
82546.175835391
86015.70581115372
89570.07705386485
93209.49944973468
96934.15128060909
100744.17986531286
104639.7022082932
108620.80565416637
112687.54854685134
116839.9608920589
121078.04502198215
125401.77626110945
129811.1035921521
134305.9503211471
138886.21474086208
143551.7707916886
148302.46871927148
153138.13572817674
158058.576630954
163063.57449200036
168152.8912656785
173326.26842819335
178583.42760276297
183924.07117767545
189347.8829168473
194854.52856254534
200443.65642996362
206114.89799338017
211867.86846365026
217702.16735681772
223617.3790536593
229613.07334999487
235688.80599762563
241844.11923578288
248078.54231298988
254391.59199926144
260782.77308865797
267251.5788916155
273797.4917186386
280419.983352658
287118.51551274466
293892.54030758125
300741.5006792575
307664.8308373547
314661.9566833616
321732.2962254882
328875.2599839379
336090.2513867176
343376.66715606634
350733.8976855911
358161.3274082073
365658.3351549832
373224.2945049917
380858.5741262855
388560.53810810414
396329.5462844352
404164.9545490476
412066.11516212206
420032.3770486064
428063.08608842164
436157.5853986525
444315.2156078492
452535.3151225789
460817.2203863566
469160.2661310919
477563.78562118823
486027.1108904251
494549.5729717652
503130.50212021644
511769.2280288858
520465.0800383621
529217.3873395585
538025.4791701467
546888.6850047242
555806.3347388322
564777.7588669712
573802.2886547252
582879.2563051435
592007.995119487
601187.8396524803
610418.125862182
619698.1912546067
629027.3750232096
638405.01818336
647830.4637019176
657303.0566220324
666822.144183279
676387.0759372368
685997.2038586311
695651.8824521431
705350.4688549951
715092.322935418
724876.8073871009
734703.287819735
744571.1328457389
754479.7141632739
764428.4066356409
774416.588367155
784443.6407755942
794508.9486613043
804611.900273062
814751.8873707736
824928.3052850991
835140.5529740907
845388.033076914
855670.151964755
865986.3197889668
876335.9505265546
886718.4620230616
897133.2760329362
907579.8182574509
918057.5183802433
928565.8101005502
939104.1311642024
949671.9233924432
960268.6327086437
970893.7091629652
981546.6069550421
992226.7844547445
1.0029337042210685e6
1.0136668330192261e6
1.0244256418359843e6
1.0352096058933038e6
1.0460182046603428e6
1.0568509218638635e6
1.0677072454971038e6
1.0785866678271652e6
1.0894886854009456e6
4.943042632970011
8.383433829228395
13.468989299264061
20.698616824686397
30.648793463481397
43.97455786847621
61.40972184090422
83.76637391354114
111.93374699163115
146.8765199728768
189.63262096706498
241.31059677238449
303.08660996989136
376.2011214229042
461.95531221079244
561.7072951667378
676.868162295468
808.8979104776884
959.3012840708499
1129.6235693302401
1321.4463720269484
1536.3834062616324
1776.0763192655663
2042.1905739810968
2336.4114083772884
2660.4398878701277
3015.989064776205
3404.7802565171
3828.539452259845
4288.993855842376
4787.868571009537
5326.8834338684055
5907.7499955289995
6532.168657198714
7201.825958644882
7918.39202006999
8683.518136596926
9498.83452383221
10365.948212343355
11286.441088344433
12261.86807742304
13293.755467755014
14383.599368932524
15532.864302295091
16742.981918258618
18015.349836635352
19351.330604511535
20752.25076781051
22219.400051315282
23754.030642565212
25357.35657486679
27030.55320471563
28774.756778981005
30591.064087274353
32480.53219500782
34444.17825274556
36482.97937755667
38597.87260218714
40789.75488803704
43059.483197888665
45407.87462479314
47835.70657324069
50343.716989206
52932.60463562871
55603.0294100707
58355.61270142203
61190.937782658824
64109.55023678795
67111.9584132438
70198.63391212808
73370.01209380792
76626.49261150922
79968.43996465897
83396.18407084678
86910.02085438378
90510.21284954839
94196.98981670945
97970.54936961814
101831.05761225916
105778.64978373951
109813.430909789
113935.476459527
118144.8330062351
122441.51889095314
126825.52488779258
131296.81486993126
135855.32647532382
140500.97177122813
145233.63791670912
150053.18782234198
154959.46080639338
159952.27324681368
165031.41922842147
170196.6711847153
175447.7805337906
180784.47830788043
186206.47577608877
191713.46505991335
197305.1197412019
202981.0954622131
208741.03051749157
214584.54643729466
220511.24856233734
226520.72660965487
232612.55522939973
238786.29455242006
245041.49072849174
251377.67645508854
257794.371496605
264291.0831939596
270867.3069645246
277522.5267923471
284256.21570863784
291067.83626252424
297956.8409820697
304922.6728255799
311964.76562322816
319082.54450903623
326275.42634326447
333542.8201252703
340884.1273969024
348298.7426365076
355786.05364362925
363345.441914494
370976.28300837404
378677.9469049295
386449.7983526348
394291.19720839936
402201.49876849685
410180.05409091583
418226.2103092571
426339.3109382975
434518.69617134484
442763.70316951344
451073.6663430464
459447.91762481636
467885.786736136
476386.6014450092
484949.6878169596
493574.37045856443
502259.9727538326
511005.81709355727
519811.22509777657
528675.5178314806
537598.0160136919
546578.0402200512
555614.911079049
564707.9494620223
573856.476667056
583059.8145969085
592317.2859311023
601628.2142922904
610991.9244070369
620407.7422611293
629874.9952495485
639393.0123212113
648961.1241186139
658578.6631124878
668244.9637315872
677959.3624877221
687721.1980961519
697529.8115914456
707384.5464389249
717284.7486417979
727229.7668440819
737218.9524294279
747251.6596159488
757327.2455471444
767445.070379037
777604.497363597
787804.8929285696
798045.6267537887
808326.0718440709
818645.6045987818
829003.6048781619
839399.4560664975
849832.5451322291
860302.262685066
870808.0030302085
881349.1642197389
891925.1481012708
902535.3603639343
913179.2105817613
923856.1122545613
934565.4828463385
945306.7438213436
956079.3206778109
966882.642979454
977716.1443847938
988579.262674367
999471.4397758922
1.0103921217874511e6
1.0213407589987359e6
1.0323168059104389e6
1.043319721251824e6
1.054348967996546e6
1.065404013376772e6
1.076484328895652e6
1.0875893903381967e6
1.098718677780615e6
1.1098716755981469e6
4.948174456160907
8.393188133538388
13.486377919793252
20.72801807118796
30.696348820369955
44.048626804134955
61.52139424322792
83.93003880067695
112.16771536756497
147.20369900621955
190.08123607841546
241.91495771956045
303.88791662037295
377.2483045954094
463.3059047478392
563.4283282609824
679.0370820274076
811.6035095233742
962.644643597775
1133.7190062098489
1326.4223866456775
1542.3836264019833
1783.2604357475213
2050.7352639965793
2346.511242709142
2672.3082184599552
3029.8588893845654
3420.905057503117
3847.1940067932906
4310.475015138951
4812.496006458202
5355.000348194295
5939.723797385457
6568.391597840273
7242.715729568613
7964.392310739781
8735.099151579267
9556.493458873025
10430.209689103163
11357.857547683794
12341.020131291676
13381.252209886592
14480.078644683328
15638.992938070425
16859.45591120956
18142.894505029966
19490.70069990706
20904.230549600616
22384.803324676293
23933.70076075967
25552.166406933473
27241.405069619563
29002.582347334253
30836.82425176817
32745.216910720643
34728.80634850879
36788.59833956846
38925.55833109976
41140.61143066248
43434.642454800945
45808.49603497072
48262.97677695547
50798.84947033315
53416.83934453855
56117.63236824643
58901.87558892843
61770.17750956519
64723.10849962619
67761.20123755789
70884.95118214536
74094.817070237
77391.22143844067
80774.55116651778
84245.15804031654
87803.35933219333
91449.43839698339
95183.64528168018
99006.19734708748
102917.27989980343
106917.04683298673
111005.62127444998
115183.09624070495
119449.53529567273
123804.97321284638
128249.41663977416
132782.8447637986
137405.20997806068
142116.43854684298
146916.43126938652
151805.06414138046
156782.18901337826
161847.634245448
167001.2053574191
172242.6856741337
177571.83696516234
182988.40007847967
188492.09556764926
194082.62431209566
199759.66813008641
205522.89038407968
211371.9365781261
217306.43494704907
223325.9970371497
229430.21827822263
235618.678546683
241890.94271963876
248246.5612197622
254685.07055083767
261205.99382388178
267808.8412737548
274493.1107661957
281258.2882952351
288103.84847095184
295029.2549975584
302033.9611418086
309117.4107241295
316279.0359057585
323518.26295214094
330834.5073389237
338227.17683430284
345695.6713775649
353239.38348062854
360857.6986202718
368549.9956211312
376315.6470295572
384154.0194784231
392064.47404298844
400046.366587919
408099.04810557514
416221.8650456779
424414.15963647043
432675.270197495
441004.5314441039
449401.2747838319
457864.82860475034
466394.51855593774
474989.6678201882
483649.5973790926
492373.626270621
501161.0718393381
510011.2499793848
518923.47537035367
527897.061706196
536931.3219172895
546025.5683857985
555179.1131544549
564391.2681289
573661.3452737045
582988.656802207
592372.5153602896
601812.2342042294
611307.1273727391
620856.509853331
630459.6977431261
640116.0084042283
649824.7606137878
659585.2747088693
669396.8727262479
679258.8785372484
689170.617977738
699131.4189733933
709140.6116603456
719197.5285013246
729301.5043973963
739451.8767954154
749647.9857912844
759889.1742291335
770174.7877965167
780504.1751157234
790876.6878313113
801291.680693944
811748.5116406422
822246.541871531
832785.1359231779
843363.6617386137
853981.4907341182
864637.9978628634
875332.5616754905
886064.564377715
896833.3918850252
907638.4338745697
918479.0838342995
929354.7391094464
940264.8009464133
951208.6745341418
962185.7690430393
973195.4976615276
984237.2776302813
995310.5302742298
1.006414681032377e6
1.0175491594855152e6
1.0287133993818865e6
1.0399068386608508e6
1.0511289194746364e6
1.0623790882082055e6
1.073656795497316e6
1.084961496244822e6
1.0962926496352653e6
1.1076497191478212e6
1.1190321725676444e6
1.1304394819956608e6
4.953243637501292
8.402824297833055
13.503557721184299
20.75706946799712
30.743343850317792
44.121832105852214
61.63177891333124
84.0918383180198
112.39904954413167
147.5272412376837
190.52493057602683
242.5127809086017
304.6806784877906
378.2844854573457
464.64252268176676
565.1318323009245
681.1842661474857
814.2824424273189
965.955609382549
1137.7754510726334
1331.3518669478458
1548.3287535843401
1790.3798138013617
2059.20441542936
2356.5235191947504
2684.0756926290114
3043.613224486754
3436.89835193485
3865.6996108043377
4331.7883172473175
4836.935187429426
5382.907100683149
5971.464009594712
6604.3559998061155
7283.320500916196
8010.079648978416
8786.337800220006
9613.779194852017
10494.065769181962
11428.83511367271
12419.698574104445
13468.23949258399
14576.01158480065
15744.537449630197
16975.307207065114
18269.777259895818
19629.369175177457
21055.46868048565
22549.424770649184
24112.548920241083
25746.114397211888
27451.35567305305
29229.467924917957
31081.606625183875
33008.887214010094
35012.38485053217
37093.13423842269
39252.129521682815
41490.32424656896
43808.63138573834
46207.92342088391
48689.0324800325
51252.75052606114
53899.82959296271
56630.98206656987
59446.881006571944
62348.16050678688
65335.41609077818
68409.20515200625
71570.047352054
74818.42522579261
78154.78457206581
81579.53504659519
85093.05070351876
88695.67056728272
92387.69922094859
96169.40740904573
100041.03265320459
104002.77987890107
108054.82205173318
112197.3008217463
116430.32717440448
120753.98208689052
125168.31718849757
129673.35542394983
134269.091718564
138955.493644232
143732.5020852732
148600.03190326798
153557.97260004343
158606.1889780433
163744.5217973661
168972.78842880897
174290.78350230568
179698.2795501949
185195.02764479446
190780.7580298102
196455.18074513724
202217.98624465818
208068.84600667504
214007.41313664554
220033.32296193068
226146.19361828454
232345.62662785422
238631.20746847763
245002.5061340955
251459.07768612079
258000.46279562442
264626.188276226
271335.7676075903
278128.7014494538
285004.47814612166
291962.5742213921
299002.4548638801
306123.57440272643
313325.376773691
320607.2959756452
327968.7565174837
335409.17385549156
342927.9548212107
350524.49803985737
358198.19433935574
365948.4271500526
373774.57289519353
381676.00137224194
389652.0761251298
397702.15480753634
405825.5895372911
414021.72724201065
422289.9099960711
430629.47534903116
439039.7566456222
447520.0833374195
456069.78128631663
464688.1730599273
473374.57821903593
482128.31359722326
490948.6935727975
499835.03033315553
508786.63413170486
517802.8135374773
526882.8756775615
536026.1264724872
545231.8708646924
554499.4130401999
563828.0566436367
573217.1049867257
582665.8612503755
592173.6286805024
601739.7107777034
611363.4114809188
621044.0353451974
630780.8877136981
640573.2748840478
650420.5042691783
660321.8845527618
670276.7258393664
680284.3397994492
690344.0398093045
700455.1410860798
710616.9608179757
720828.8182897404
731090.0350035699
741399.9347955247
751757.8439475645
762163.0912953119
772615.0083316502
783112.9293062487
793656.1913211264
804244.1344223456
814876.101687937
825551.4393121491
836269.4966861147
847029.6264750308
857831.1846919371
868673.5307681842
879556.0276206809
890478.0417159954
901438.943131412
912438.1056130065
923474.9066308301
934548.7274312834
945658.9530867469
956804.9725425551
967986.1786613774
979201.9682650875
990451.7421741878
1.0017349052448518e6
1.0130508664036687e6
1.0243990386801361e6
1.0357788392369824e6
1.0471896893983746e6
1.058631014676069e6
1.0701022447935792e6
1.0816028137084087e6
1.0931321596324022e6
1.1046897250502948e6
1.1162749567364831e6
1.1278873057700957e6
1.1395262275484093e6
1.1511911817986544e6
4.958251303517795
8.412344424817011
13.520532378325704
20.785777097088463
30.789788167191123
44.194188384987285
61.74089731505983
84.25180307025352
112.62779202595826
147.8472043301403
190.9637810563761
243.10416616758334
305.4650234443743
379.3098252294724
465.9653663398784
566.8180528780258
683.3100119984919
816.9350650144645
969.234602605387
1141.7933973533259
1336.2353854179196
1554.2194458910064
1797.435203253339
2067.598875428399
2366.449187142701
2695.743365759161
3057.2532343343487
3452.7614144351096
3884.0576492779232
4352.9352558086375
4861.187712616864
5410.605389382342
6002.972421569286
6640.06373340439
7323.642210754645
8055.456024627376
8837.236105129576
9670.693764956311
10557.518470807558
11499.375760552342
12497.905303459596
13554.719100390339
14671.399820488457
15849.49927057877
17090.536993500416
18395.99899049926
19767.33656448212
21205.965278544805
22713.26402594042
24290.57420669949
25939.19900636089
27660.4027722501
29455.410482772826
31325.40730524116
33271.53823781489
35294.907831219156
37396.579985984135
39577.577821083905
41838.883609880075
44181.43877945899
46606.14396963373
49113.859147770585
51705.403775993334
54381.55702728106
57143.058047155006
59990.606257772044
62924.861701368085
65946.44542012065
69055.93986962651
72253.8893633112
75540.80054520933
78917.1428886727
82383.34921867803
85939.81625552161
89586.90517779297
93324.94220263307
97154.21918137882
101074.99420880094
105087.49224423745
109191.90574301498
113388.39529664732
117677.0902803786
122058.0895067287
126531.46188377368
131097.24707697378
135755.456173433
140506.07234754413
145349.0515270444
150284.32305856398
155311.79037181853
160431.33164165018
165642.80044717868
170946.02642737838
176340.8159324455
181826.95267037133
187404.19834817603
193072.29330731026
198830.95715276452
204679.88937546994
210618.76996760903
216647.26003049052
222765.0023746764
228971.62211207545
235266.72723975763
241649.90921525672
248120.74352316785
254678.79023286593
261323.59454719006
268054.68734197074
274871.58569628664
281773.79341336415
288760.801532048
295832.0888287877
302987.12231010344
310225.3582311582
317546.23989085254
324949.20345217147
332433.67303991807
339999.06386374135
347644.7821177635
355370.2254064299
363174.78316098376
371057.837046624
379018.76136042137
387056.9234200668
395171.68394353444
403362.39741975116
411628.41247036494
419969.0722027127
428383.714554089
436871.672627424
445432.2750184829
454064.8461346976
462768.70650575083
471543.1730860288
480387.5595490662
489301.1765741032
498283.3321248835
507333.3317208146
516450.4787006212
525634.074478617
534883.4187937211
544197.8099513532
553576.5450583323
563018.9202509082
572524.2309160536
582091.7719061493
591720.8377471851
601410.7228406083
611160.7216589411
620970.1289353016
630838.2398469432
640764.3501929427
650747.756566161
660787.7565195949
670883.6487272402
681034.7331395883
691240.311133876
701499.6856591977
711812.1613766057
722177.0447943014
732593.6443980386
743061.2707768448
753579.2367441726
764146.8574545858
774763.4505160871
785428.3360981958
796140.8370358695
806900.278929381
817705.9902402429
828557.3023832766
839453.5498149318
850394.0701179359
861378.2040823792
872405.2957833201
883474.6926549975
894585.7455617501
905737.8088657092
916930.2404913701
928162.4019871085
939433.6585837317
950743.3792501439
962090.9367461976
973475.707672816
984897.0725194502
996354.4157089585
1.0078471256399655e6
1.0193745947267797e6
1.0309362194369378e6
1.0425314003264369e6
1.054159542072727e6
1.0658200535055296e6
1.0775123476355302e6
1.0892358416810308e6
1.1009899570925983e6
1.1127741195757866e6
1.1245877591119742e6
1.1364303099773873e6
1.1483012107603499e6
1.1601999043768293e6
1.1721258380843173e6
4.963198554206122
8.421750568313374
13.537305481885209
20.814146903196633
30.83569117153072
44.26570993449215
61.84877045348735
84.40996302138731
112.85398444740285
148.1636447934442
191.39786262251053
243.68921142991204
306.24101327148634
380.32448224941527
467.2746325830393
568.4872314817226
685.414612142471
819.561727619685
972.4820382326224
1145.77333155434
1341.073506918719
1560.0563531500547
1804.427345131202
2075.9194819236327
2376.289186385031
2707.312283703003
3070.780073855536
3468.495510801429
3902.269499230484
4373.917317762067
4885.2551757460715
5438.09690963229
6034.250822864592
6675.516672587578
7363.6828050121885
8100.523440386157
8887.796107617869
9727.239227823133
10620.569845381746
11569.481504498097
12575.642268748172
13640.692880658742
14766.245057994833
15953.879923071909
17205.146561575948
18521.560705703378
19904.603539213596
21355.720618196086
22876.320904210956
24467.77590494184
26131.418917898314
27868.544372654193
29680.407267132192
31568.22269348815
33533.16544920602
35576.369729088154
37698.9288939037
39901.89531158638
42186.280266890775
44553.05393560192
47003.1454195721
49537.44283873197
52156.79347662856
54862.003975992564
57653.840581017925
60533.0294231553
63500.25684734556
66556.16977574269
69701.37610610091
72936.44514212097
76261.90805316932
79678.2583609043
83185.95245045416
86785.41010390835
90477.01505398778
94261.11555587116
98138.02497525363
102108.02239081437
106171.35320936987
110328.22979207631
114578.83209014224
118923.3082885927
123361.77545671348
127894.32020388232
132520.9993395729
137241.8405363879
142056.84299505118
146965.9781103572
151969.1901371348
157066.39685535445
162257.49023355558
167542.33708983607
172920.77974969457
178392.63670006837
183957.7032389619
189615.7521200976
195366.53419207816
201209.7790315784
207145.1955701324
213172.47271411627
219291.27995756082
225501.26798746723
231802.069281322
238193.29869654862
244674.55405165037
251245.41669883303
257905.45208799612
264654.21032139426
271491.2267004211
278416.0222617409
285428.1043053163
292526.9669126632
299712.091455791
306982.94709670916
314338.9912774612
321779.6702006682
329304.4193005756
336912.6637046071
344603.81868544524
352377.2901036635
360232.47484095057
368168.76122397324
376185.52943892975
384282.1519368639
392457.9938298045
400712.41327780887
409044.7618669968
417454.38497865875
425940.62214953767
434502.80742337904
443140.2696938531
451852.3330389575
460638.3170470084
469497.537134332
478429.3048547769
487432.92820115935
496507.71189876297
505652.95769101963
514867.96461748664
524152.0292842508
533504.4461268815
542924.5076660606
552411.5047560132
561964.7268258712
571583.462114092
581266.9978960612
591014.6207050061
600825.6165463501
610699.2711056279
620634.8699500918
630631.6987241369
640689.0433386592
650806.1901544821
660982.4261599676
671217.0391429345
681509.3178570028
691858.5521824856
702264.0332819471
712725.0537505414
723240.9077612464
733810.8912051107
744434.3018266207
755110.4393543049
765838.605626679
776618.1047136443
787448.2430334414
798328.3294652707
809257.6754576726
820235.5951327803
831261.4053865372
842334.4259849793
853453.9796566812
864619.3921814596
875829.9924754233
887085.1126724716
898384.088202318
909726.2578651428
921110.9639029423
932537.5520676831
944005.3716863226
955513.7757227906
967062.1208370137
978649.7674410503
990276.0797524239
1.0019404258447262e6
1.0136421776955634e6
1.0253807112319205e6
1.0371554063730122e6
1.0489656470706922e6
1.060810821347488e6
1.0726903213323283e6
1.0846035432940263e6
1.096549887672587e6
1.108528759108397e6
1.1205395664693567e6
1.132581722876022e6
1.1446546457248088e6
1.1567577567093084e6
1.1688904818397914e6
1.1810522514609352e6
1.1932425002678323e6
4.968086463798059
8.431044734654693
13.553880540664649
20.842184697580386
30.881062056280644
44.33641073726706
61.95541888668704
84.56634751070607
113.07766759357992
148.47661801138977
191.82724891771824
244.26801277536418
307.0089623720962
381.32861202846055
468.5705148701778
570.1396055709067
687.4983544378798
822.1627751686335
975.6983250984983
1149.715733324892
1345.8667887632914
1565.8401169943713
1811.3569717037226
2084.167063638147
2386.0444472529953
2718.7834827143406
3084.194888520161
3484.10189780575
3920.336529424424
4394.735982958617
4909.139165071169
5465.383353428044
6065.301002386518
6710.716693986016
7403.444236316706
8145.283910433652
8938.019866075743
9783.417665657913
10683.22197531089
11639.154401138067
12652.911468335355
13726.162740371277
14860.54907504333
16057.681013908052
17319.13730131788
18646.463529085417
20041.170902627768
21504.735124315655
23038.595389661565
24644.1534919213
26322.773030653225
28075.778719773392
29904.455790661534
31810.049485908126
33793.764639344954
35856.76533806811
38000.17466223527
40225.07449855284
42532.50542330931
44923.46665122912
47398.91604614017
49959.77018987483
52606.90450578817
55341.153433440006
58163.31065110431
61074.12934289371
64074.32250740812
67164.56330493906
70345.4854403844
73617.68357914628
76981.71379340436
80438.0940362738
83987.30464146794
87629.7888462025
91365.95333517998
95196.16880360563
99120.77053728304
103140.05900794064
107254.30048203687
111463.72764138105
115768.54021400372
120168.90561379006
124664.95958747847
129256.8068677047
133944.52183084947
138728.1491585219
143607.70450158196
148583.17514567336
153654.52067730372
158821.67364956994
164084.54024668928
169443.00094654842
174896.9111805427
180446.1019900242
186090.38067873265
191829.53146061982
197663.31610253672
203591.47456128066
209613.7256145502
215729.76748538826
221939.2784597313
228241.9174967188
234637.32483144297
241125.12256986045
247704.91527560411
254376.2905484684
261138.8195943672
267992.0577865824
274935.54521814885
281968.8072452435
289091.3550214591
296302.68602287484
303602.28456384037
310989.6223034169
318464.158742429
326025.3417110966
333672.6078472328
341405.38306500186
349223.083014247
357125.1135304074
365110.8710750532
373179.74316708057
381331.1088046101
389564.33887765236
397878.7965715979
406273.83776160603
414748.81139796996
423303.0598825402
431935.91943629796
440646.7204581684
449434.7878751736
458299.4414840289
467239.9962842867
476255.7628031366
485346.0474119752
494510.15263485874
503747.3774489551
513057.01757711713
522438.3657726923
531890.7120966954
541413.3441874655
551005.5475229278
560666.6056755912
570395.8005604023
580192.4126755841
590055.7213365786
599985.0049032308
609979.5410003259
620038.6067316184
630161.4788874639
640347.4341461906
650595.7492693266
660905.7012908062
671276.5677002807
681707.626620653
692198.156979954
702747.4386776821
713354.7527457218
724019.3815039622
734740.6087107247
745517.7197081153
756350.0015624182
767236.7431996375
778177.2355362977
789170.771605612
800216.6466791232
811314.1583839263
822462.6068155711
833661.2946467507
844909.5272318749
856206.612707627
867551.8620896039
878944.5893651288
890384.1115823388
901869.7489356332
913400.8248475756
924976.6660473426
936596.6026457953
948259.9682072782
959966.0998182078
971714.3381525523
983504.0275342738
995334.5159968142
1.0072051553397052e6
1.0191153011823735e6
1.0310643130152258e6
1.0430515542480766e6
1.055076392255996e6
1.0671381984226485e6
1.079236348181193e6
1.0913702210528015e6
1.1035392006828806e6
1.1157426748750412e6
1.1279800356228962e6
1.1402506791397359e6
1.152554005886148e6
1.1648894205956454e6
1.1772563322983438e6
1.1896541543427662e6
1.2020823044158174e6
1.2145402045609823e6
4.972916081502348
8.440228884027386
13.570260983877802
20.86989616166642
30.92590981233857
44.40630447426394
62.06086273711995
84.7209852682724
113.2988814208201
148.7861782679737
192.25201215838405
244.84066447019646
307.76880049134985
382.3223673072909
469.8532033217419
571.7754086444622
689.5615221159995
824.7385472581905
978.8838659870536
1153.621075540902
1350.6157807885047
1571.5713709235915
1818.2248065245826
2092.3424401064813
2395.7158905610804
2730.157989387661
3097.4988142257034
3499.5818230111663
3938.2601001034363
4415.3927238001515
4932.841262901357
5492.466408816065
6096.124747639964
6745.665675988683
7442.92846288819
8189.739459110832
8987.90945442564
9839.231182429809
10745.476971922642
11708.396543166811
12729.714946846681
13811.130643072773
14954.313717389356
16160.904230411685
17432.51069744472
18770.70869421164
20177.03958464267
21653.009366536753
23200.087630809117
24819.70662996869
26513.260451431182
28282.10429125953
30127.553823932452
32050.8846637708
34053.33191369619
36136.08979705398
38300.31136832926
40547.1082986096
42877.55073178748
45292.66720766275
47793.44464800717
50380.828401991166
53055.72234735257
55818.9890438467
58671.44993563076
61613.88559935708
64647.03603486928
67771.60100759988
70988.24035521343
74297.57450952339
77700.18480809314
81196.61401596692
84787.36680135253
88472.9102475576
92253.67438690983
96130.05275458656
100102.40296037425
104171.04727648436
108336.27323964506
112598.33426578004
116957.45027568087
121413.80833015987
125967.56327325923
130618.8383821698
135367.72602259193
140214.28830834484
145158.5577641018
150200.53799019815
155340.2043285234
160577.5045285733
165912.35941279543
171344.6635404209
176874.285869029
182501.07041314372
188224.83689921192
194045.3814163565
199962.477062349
205975.87458428324
212085.3030134764
218290.47029415896
224591.0639055552
230986.7514769889
237477.18139567936
244061.98340693102
250740.7692064406
257513.13302455578
264378.65220173774
271336.88775662496
278387.3849438767
285529.67380430305
292763.2697055607
300087.67387383943
307502.374445878
315006.8443347221
322600.54702870944
330282.9317910773
338053.4367927313
345911.489058622
353856.5049342437
361887.8905427637
370005.04223280464
378207.34701690974
386494.18300073256
394864.91980300454
403318.9189663315
411855.53435888706
420474.1125670756
429173.99327924167
437954.50966050714
446814.98871882784
455754.751662361
464773.11424824223
473869.3871228726
483042.87615382153
492292.88275345444
501618.7041943944
511019.63391693094
520494.96182849543
530043.9745953152
539665.9559263696
549360.1868497678
559125.9459816661
568962.5097878518
578869.1528381178
588845.1480535443
598889.7669468182
609002.2798557145
619181.956169858
629428.0645508961
639739.8731461995
650116.6497962229
660557.6622356386
671062.1782883692
681629.4660566474
692258.7941042102
702949.4316337561
713700.6486587843
724511.7161699249
735381.9062958896
746310.4924591436
757296.7495264249
768339.9539542132
779439.3839292688
790594.3195043452
801804.0427291857
813067.8377769093
824384.9910658974
835754.7913772742
847176.5299680964
858649.5006803409
870173.0000457977
881746.3273869657
893368.7849140395
905039.6778180918
916758.3143605402
928524.0059589862
940336.067269525
952193.8162656028
964096.5743135203
976043.6662446586
988034.4204245143
1.000068168818628e6
1.0121442470554787e6
1.0242619944864374e6
1.036420754242839e6
1.048619873290264e6
1.0608587024800957e6
1.0731365965984259e6
1.0854529144123904e6
1.0978070187139849e6
1.1101982763614499e6
1.1226260583182818e6
1.1350897396899338e6
1.1475886997582768e6
1.1601223220138794e6
1.1726899941861704e6
1.1852911082715434e6
1.19792506055946e6
1.210591251656613e6
1.2232890865092073e6
1.2360179744234036e6
4.977688432220467
8.44930493177151
13.586450163354042
20.897286850577306
30.970243233934426
44.47540453234592
62.16512170269988
84.87390442999401
113.51766507657877
149.09237877298642
192.67222316604943
245.40725900634928
308.5207100906654
383.3058981106729
471.1228847821135
573.3948703108365
691.6043938565765
827.2893782315912
982.0390577140183
1157.489824385565
1355.321025430157
1577.250740368677
1825.0315644802781
2100.44642169866
2405.304427598803
2741.4368206081426
3110.6929771947425
3514.9365246048487
3956.0415627476777
4435.8890049023485
4956.36304515603
5519.347759324611
6126.723844016622
6780.365497869292
7482.13744748314
8233.892119662467
9037.466960638798
9894.681902141854
10807.336973465815
11777.210058051176
12806.05479255562
13895.598605915733
15047.540895497687
16263.551337093784
17545.26832523615
18894.297540064978
20312.210636800948
21800.54405372355
23360.797934448703
24994.435160220673
26702.88048788741
28487.519789205882
30349.699387125955
32290.725484723185
34311.863682489304
36414.338579740055
38599.33345599362
40867.99002818643
43221.40827973479
45660.64635761286
48186.72053350626
50800.60522544696
53503.23307630404
56295.49508566296
59178.24079173775
62152.27850007822
65218.37555595253
68377.25865740303
71629.61420609339
74976.08869317968
78417.28911755538
81953.7834339339
85586.10102834285
89314.7332187171
93140.13377838007
97062.71948031354
101082.8706602118
105200.93179641914
109417.21210494578
113731.98614784553
118145.49445333624
122657.94414612371
127269.50958647805
131980.33301669022
136790.52521361562
141700.16614608507
146709.30563603537
151817.96402228266
157026.13282592423
162333.77541642048
167740.82767746891
173247.19867183754
178852.77130438367
184557.40298253382
190360.92627355424
196263.14955798304
202263.85767864983
208362.8125847432
214559.75397043358
220854.39990759475
227246.44747220713
233735.57336406037
240321.4345194025
247003.66871622406
253781.89517188363
260655.71513281896
267624.7124561113
274688.4541826933
281846.49110202165
289098.3583080504
296443.5757463657
303881.6487523668
311412.0685803874
319034.31292367855
326747.846425186
334552.12117906945
342446.5772229312
350430.6430207293
358503.7359363666
366665.2626979576
374914.6198527872
383251.19421298563
391674.3632919502
400183.4957315601
408777.9517202344
417457.08340188593
426220.2352758452
435066.74458781956
443995.94171196874
453007.1505241804
462099.6887666283
471272.86840371735
480525.9959695004
489858.37290667725
499269.2958972738
508758.0571851118
518323.94489017903
527966.2433150103
537684.2332431965
547477.192230136
557344.3948861478
567285.1131520619
577298.6165674131
587384.1725313535
597541.0465564103
607768.5025152053
618065.8028802644
628432.2089570385
638866.9811102541
649369.3789837196
659938.6617137118
670574.0881360595
681274.9169870451
692040.4070982517
702869.8175854686
713762.4080317741
724717.4386649198
735734.1705291264
746811.8656514129
757949.7872025702
769147.1996528932
780403.3689227852
791717.5625283454
803089.049722051
814517.1016286372
826000.9913762878
837539.9942232409
849133.387679909
860780.4516266263
872480.4684271126
884232.723037763
896036.5031128556
907891.0991057792
919795.8043663696
931749.9152344548
943752.7311296948
955803.5546378153
967901.691593309
980046.4511587139
992237.1459005296
1.0044730918618769e6
1.0167536086319705e6
1.0290780194124915e6
1.0414456510809395e6
1.0538558342510355e6
1.0663079033302665e6
1.0788011965746281e6
1.0913350561406575e6
1.103908828134817e6
1.1165218626602995e6
1.1291735138613333e6
1.1418631399650448e6
1.1545901033209525e6
1.1673537704381496e6
1.1801535120202538e6
1.1929887029981646e6
1.205858722560712e6
1.2187629541832383e6
1.231700785654182e6
1.2446716090997208e6
1.2576748210065216e6
4.982404517238284
8.458274749637468
13.60245135567062
20.92436219654778
31.014070923842922
44.54372401191128
62.268215067536765
85.02513255226894
113.73405691881068
149.39527168694713
193.08795139869588
245.96788713975963
309.26480772995274
384.27935180110416
472.3797428809793
574.9982163566469
693.6272438626552
829.8155972771561
985.1642912086226
1161.3224394304416
1359.983057799434
1582.8788427588772
1831.77795184175
2108.479809649551
2414.8109601297774
2752.6209835112304
3123.7784938846635
3530.167231245827
3973.6822598477775
4456.226282780485
4979.706080947118
5546.029083426336
6157.100074120262
6814.818038955798
7521.073156388731
8277.743933035454
9086.694485316439
9949.771967172856
10868.804143190297
11845.59710582485
12881.933134869065
13979.568696812576
15140.23258138664
16365.624171834885
17657.411846539442
19017.231506620963
20446.6852273914
21947.34002861484
23520.726759796635
25168.33909623991
26891.632641602566
28692.024132658258
30570.890741959392
32529.56947411451
34569.35665142491
36691.50748466961
38897.235724917526
41187.713392249
43564.07057741129
46027.39531259135
48578.733507362726
51219.088946220254
53949.42334407222
56770.65645621866
59683.66623945144
62689.289061028074
65788.31995238662
68981.51290458486
72269.58120256427
75653.19779545421
79132.99570024484
82709.56843627305
86383.47048807173
90155.21779424773
94025.28826015313
97994.1222922265
102062.12335197379
106229.65852766443
110497.05912190978
114864.62125338361
119332.60647103841
123901.24237925292
128570.72327243388
133341.21077767422
138212.83450414904
143185.69269800448
148259.85290156698
153435.35261577085
158712.19996476668
164090.37436173778
169569.82717501317
175150.4823936224
180832.2372914944
186614.96308955562
192498.50561503452
198482.68595732327
204567.30111980217
210752.1246670663
217036.90736704407
223421.37782753253
229905.2431267123
236488.18943724397
243169.8826435768
249949.96895213847
256828.07549410083
263803.81092044595
270876.7659890895
278046.5141438342
285312.6120849616
292674.6003312862
300132.0037735186
307684.3327493313
315331.08092635917
323071.7311339992
330905.7505756705
338832.5939897362
346851.7036180813
354962.509695971
363164.43093264557
371456.8749826466
379839.238907881
388310.9096304362
396871.2643761733
405519.6711091357
414255.4889568114
423078.06862630707
431986.752811488
440980.87659115245
450059.76781831257
459222.747500659
468469.1301722922
477798.2242568102
487209.3324218443
496701.7519251394
506274.77495227975
515927.6889461629
525659.7769283275
535470.3178122474
545358.5867086987
555323.8552233165
565365.3917464566
575482.461735474
585674.3279895415
595940.250917127
606279.4887962443
616691.2980276012
627174.9333807685
637729.6482334818
648354.694804211
659049.3243781008
669812.7875264245
680644.33431965
691543.2145342549
702508.6778534014
713539.9740615948
724636.3532334394
735797.0659166129
747021.3633091735
758308.4974313217
769657.7212917191
781068.2890484898
792539.4561650088
804070.4795605969
815660.6177562178
827309.1310153059
839015.2814798106
850778.3333015811
862597.552769183
874472.2084302603
886401.5712095348
898384.9145225494
910421.5143852521
922510.6495195195
934651.6014547093
946843.6546253453
959086.0964650172
971378.2174966007
983719.3114188643
996108.67518958
1.0085456091051992e6
1.0210294168771903e6
1.0335594057051252e6
1.0461348863465831e6
1.0587551731839706e6
1.0714195842883126e6
1.0841274414801227e6
1.096878070387395e6
1.1096708005008216e6
1.122504965226288e6
1.1353799019347304e6
1.1482949520094155e6
1.161249460890724e6
1.1742427781184893e6
1.187274257371972e6
1.200343256507528e6
1.2134491375940267e6
1.2265912669461037e6
1.2397690151552763e6
1.2529817571190093e6
1.2662288720677781e6
1.2795097435901796e6
4.987065314894502
8.467140167001398
13.6182677642161
20.95112751223317
31.05740129843579
44.61127573428951
62.37016171236933
85.17469662622192
113.94809453482469
149.69490814540066
193.49926498126896
246.5226379278012
310.0012078452247
385.242873131433
473.62395809366103
576.5856688142953
695.6303419345744
832.3175284785187
988.259951595237
1165.119373716955
1364.6024057605416
1588.4562875908694
1838.4646663194253
2116.4433960931883
2424.2363803975777
2763.711475451211
3136.7564709089224
3545.2751619296846
3991.1835246967657
4476.406005556907
5002.871932187396
5572.512054031519
6187.255217127969
6849.025177841511
7559.7375584647525
8321.296946731622
9135.594140332521
10004.503536688557
10929.880667504196
11913.559876968648
12957.352141907353
14063.043031691692
15232.390805323057
16467.12464247358
17768.943005909452
19139.512130567615
20580.464636725104
22093.398262632883
23679.874712809295
25341.41861782174
27079.516601355892
28895.61645033413
30791.12638383214
32767.4144165499
34825.8078126194
36967.59262556925
39194.01332035246
41506.27247333592
43905.53054629448
46392.905730607024
48969.47385771011
51636.26837223268
54394.28036417806
57244.458656678486
60187.709945951196
63224.89899019886
66356.84884430983
69584.34113732733
72908.11638977306
76328.87436802214
79847.27447304057
83463.93616090728
87179.43939265181
90994.32511104927
94909.0957421148
98924.21571915029
103040.11202728873
107257.17476658685
111575.75773180874
115996.17900713421
120518.72157412098
125143.63393132969
129871.13072411084
134701.39338312927
139634.5707702831
144670.77983074682
149810.10624994227
155052.60511431049
160398.3015748224
165847.1915122336
171399.2422031469
177054.39298600616
182812.55592620093
188673.6164795155
194637.43415320828
200703.84316405124
206872.6530927143
213143.64953391606
219516.59474180953
225991.22827010916
232567.26760650554
239244.40880095089
246022.32708742766
252900.6774988561
259879.0954748165
266957.1974617959
274134.581505702
281410.82783640263
288785.49944408366
296258.1426472373
303828.2876521153
311495.44910350355
319259.1266266933
327118.8053605452
335073.9564815549
343124.03771885205
351268.49386007397
359506.75724807376
367838.248268434
376262.37582777196
384778.5378228306
393386.12160036614
402084.50440784625
410873.05383499124
419751.12824619137
428718.0772038454
437773.24188267556
446915.95547507645
456145.5435875659
465461.324628408
474862.6101864895
484348.7054015307
493918.9093257193
503572.5152768592
513308.8111831311
523127.0799195638
533026.5996363184
543006.6440788914
553066.4829003476
563205.3819656859
573422.6036484587
583717.4071197528
594089.0486296485
604536.781781277
615059.8577975879
625657.5257809471
636329.0329656892
647073.6249637348
657890.5460034005
668779.0391615123
679738.3465889557
690767.7097297654
701866.3695338867
713033.5666637218
724268.5416945805
735570.5353091521
746938.788486115
758372.5426830022
769871.0400134375
781433.5234188536
793059.2368348106
804747.4253520182
816497.3353721863
828308.2147588002
840179.3129829371
852109.8812642265
864099.1727070675
876146.4424321966
888250.9477037215
900411.9480517136
912628.7053904634
924900.4841324977
937226.5512984571
949606.1766229259
962038.6326563144
974523.1948628819
987059.1417149978
999645.7547837193
1.0122823188257937e6
1.0249681218671515e6
1.0377024552829895e6
1.0504846138745237e6
1.0633138959424938e6
1.0761896033575037e6
1.0891110416272723e6
1.1020775199608773e6
1.115088351330069e6
1.1281428525277255e6
1.1412403442235275e6
1.1543801510169173e6
1.1675616014874273e6
1.1807840282424334e6
1.1940467679624043e6
1.207349161443725e6
1.2206905536391428e6
1.2340702936959104e6
1.2474877349916922e6
1.2609422351682803e6
1.2744331561631958e6
1.287959864239231e6
1.3015217300119798e6
4.99167178122681
8.475902972040673
13.63390252118758
20.977587993914117
31.10024259257951
44.67807224891733
62.47098012469655
85.32262309154434
114.15981475963365
149.99133828259258
193.90623073546112
247.07159876587104
310.7300227925292
386.1966042964598
474.8557078004097
578.1574460285997
697.6139535431075
834.7954909118546
991.3264182747719
1168.8810738381771
1369.1795900093498
1593.9836764998581
1845.092397121407
2124.3379641017027
2433.581571137999
2774.709283978274
3149.628004969277
3560.261525862258
4008.546681198997
4496.429612689207
5025.862153223616
5598.798338010707
6217.1910481857285
6882.988791636097
7598.132624231428
8364.553213712801
9184.168047535739
10058.87878511928
10990.568754205375
11981.100590373459
13032.314018175637
14146.023771853903
15324.01765318253
16568.05472346212
17879.863626877974
19261.14104116494
20713.550252561396
22238.719850852962
23838.242540673367
25513.674064982904
27266.53223659106
29098.296073544945
31010.40503418473
33004.25834766786
35081.21443578336
37242.59042190881
39489.661723045836
41823.66172084951
44245.781507715656
46757.16970413772
49358.932343390064
52052.13281997145
54837.79189817346
57716.88777729698
60690.356210140075
63759.090671492406
66923.94258576432
70185.72152472095
73545.19563035175
77003.09183012287
80560.09627183869
84216.85471755573
87973.97298004584
91832.01738714498
95791.51527170821
99852.95548499936
104016.78893143871
108283.429122734
112653.2527495133
117126.60026866956
121703.7765047199
126385.05126356467
131170.65995712002
136060.80423737428
141055.6526385016
146155.34122573634
151359.97424978897
156669.62480565146
162084.33549470687
167604.1190891255
173228.9591975864
178958.8109314276
184793.60157038103
190733.23122710377
196777.57350977167
202926.4761820429
209179.76181975732
215537.22846377216
221998.65026838434
228563.7781448274
235232.34039937006
242004.04336558204
248878.57203036442
255855.59065338087
262934.7433795513
270115.6548443021
277397.93077129987
284781.1585624131
292264.9078796806
299848.7312190853
307532.1650066469
315314.7275018279
323195.9246526688
331175.2453282802
339252.1645028471
347426.1432465117
355696.6292379174
364063.0572676707
372524.8497326831
381081.41712136875
389732.1584896851
398476.4619280176
407313.70501891524
416243.25528570206
425264.47063198953
434376.6997721293
443579.2826526536
452871.55086475605
462252.828047873
471722.43028443353
481279.6664858484
490923.8387698193
500654.2428290502
510470.16829144675
520370.899071898
530355.713715736
540423.8857339672
550574.6839303874
560807.3727206729
571121.212443566
581515.4596642576
591989.3674700767
602542.1857586058
613173.1615183332
623881.5391019545
634666.5604924429
645527.4655620063
656463.4923240448
667473.8771782313
678557.8551488259
689714.6601163546
700943.5250427572
712243.6821901295
723614.3633331795
735054.7999655099
746564.2234998448
758141.8654623189
769786.9576809441
781498.7324683667
793276.4227990296
805119.262480856
817026.4863215555
828997.33028968
841031.0316705258
853126.829216994
865283.9632955184
877501.676027168
889779.2114240228
902115.8155209327
914510.7365027592
926963.2248271998
939472.5333432965
952037.9174057227
964658.63498495
977333.9467733857
990063.1162875774
1.0028454099665744e6
1.0156800972665375e6
1.0285664507516894e6
1.0415037461816875e6
1.0544912625955094e6
1.0675282823919372e6
1.0806140914067167e6
1.0937479789864859e6
1.1069292380595352e6
1.120157165203501e6
1.1334310607100462e6
1.146750228646619e6
1.1601139769153688e6
1.1735216173092688e6
1.1869724655655453e6
1.200465841416468e6
1.2140010686375664e6
1.2275774750933617e6
1.2411943927806492e6
1.254851157869426e6
1.2685471107415098e6
1.2822815960269123e6
1.296053962638036e6
1.3098635638017494e6
1.323709757089399e6
4.996224850596572
8.484564912871084
13.649358689524028
21.00374872460094
31.142602864383424
44.744125840301564
62.5706884086175
85.46893784994897
114.36925369381349
150.2846112545392
194.30891420877168
247.6148554231383
311.4513628909476
387.1406849835349
476.07516634466816
579.7137627224224
699.578339901718
837.2497987187928
994.3640650057598
1172.607980020811
1373.7151241529089
1599.4616033324257
1851.6618250145593
2132.1642877285203
2442.8474055972674
2785.6153868235324
3162.394182798298
3575.1275223511366
4025.773043695757
4516.2985347180675
5048.67829049321
5624.889595745344
6246.909337836917
6916.710755254766
7636.260325001187
8407.514791356154
9232.418337508443
10112.899900701792
11050.870630784733
12048.221491382925
13106.82100232342
14228.513121425867
15415.115263330461
16668.416452637586
17990.175608348585
19382.11995623985
20845.943565679685
22383.30600712882
23995.831126462417
25685.10593212722
27452.67959106945
29300.06252931638
31228.72563306633
33240.09954613625
35335.57405962833
37516.497589702565
39784.17673942969
42139.87594060237
44584.81717176037
47120.179748374525
49747.100181531576
52466.67210139634
55279.94624187135
58187.93048296904
61191.58994751501
64291.84714891094
67489.58218679209
70785.63298752467
74180.79558659978
77675.82445008989
81271.43283244295
84968.29316800009
88767.03749372605
92668.25790075396
96672.50701244122
100780.29848674462
104992.10754081384
109308.37149580538
113729.49034001284
118255.82730849722
122887.70947749731
127625.42837198087
132469.24058478465
137419.36840587028
142476.00046030447
147639.29235364267
152909.36732347362
158286.31689594782
163770.20154618277
169361.05136150183
175058.86670652538
180863.61888919352
186775.2508268538
192793.67771160646
198918.78767414912
205150.44244541
211488.4780153147
217932.70528806688
224482.91073337547
231138.85703309462
237900.28372279028
244766.90782777593
251738.4244932014
258814.50760781343
265994.8104210325
273278.9661530261
280666.5885974893
288157.2727168614
295750.595229747
303446.1151903228
311243.3745595386
319141.8987679468
327141.19727000815
335240.7640897483
343440.0783576521
351738.6048387024
360135.7944514906
368631.0847783297
377223.90056633175
385913.65421940957
394699.7462811837
403581.5659087883
412558.4913375717
421629.89033671195
430795.1206557632
440053.5304621672
449404.4587697676
458847.23585837556
468381.1836844413
478005.61628289253
487719.8401602032
497523.15467877436
507414.8524326957
517394.2196149765
527460.5363763329
537613.0771756201
547851.111122006
558173.9023089862
568580.7101403379
579070.7896481216
589643.3918028293
600297.7638157964
611033.1494339766
621848.7892272057
632743.9208680514
643717.7794043736
654769.597524708
665898.6058165869
677104.0330179136
688385.1062615082
699741.0513129428
711171.0928017783
722674.4544463246
734250.359272038
745898.029823673
757616.6883713072
769405.557110346
781263.8583556317
793190.814729769
805185.6493457736
817247.5859841653
829375.8492646092
841569.6648122222
853828.2594186522
866150.8611980337
878536.6997379323
890985.0062453876
903495.0136881461
916065.9569312048
928697.072868751
941387.6005516141
954136.7813103178
966943.8588738382
979808.0794841587
992728.6920067254
1.0057049480368833e6
1.0187361020024064e6
1.0318214112621878e6
1.044960136201204e6
1.0581515403218232e6
1.0713948903315514e6
1.0846894562273105e6
1.09803451137631e6
1.1114293325936198e6
1.124873200216509e6
1.138365398175633e6
1.1519052140631548e6
1.165491939197865e6
1.1791248686873885e6
1.1928033014875392e6
1.2065265404589074e6
1.220293892420743e6
1.2341046682022046e6
1.2479581826910488e6
1.2618537548798197e6
1.2757907079096087e6
1.2897683691114497e6
1.303786070045405e6
1.3178431465374178e6
1.331938938713978e6
1.346072791034667e6
5.000725436292887
8.493127698647138
13.664639264778092
21.02961467704142
31.18448999980377
44.80944853477624
62.6693042943892
85.6136662782521
114.57644672088607
150.57477526150714
194.70737970286015
248.15249207747502
312.1653364646753
388.07525242216406
477.2825050903081
581.2548300613018
701.5237580379205
839.6807611833312
997.373259985065
1176.3005262072525
1378.209514789702
1604.8906542201773
1858.1736223882222
2139.92313205555
2452.034747555822
2796.4307518915293
3175.0560811116366
3589.874340707126
4042.863916803619
4536.014193033843
5071.321882203592
5650.787480705216
6276.411851482253
6950.192940744097
7674.12263205268
8450.183740457782
9280.347148380342
10166.569084082836
11110.788542798635
12114.92484991309
13180.875364989304
14310.51332490735
15505.685823913249
16768.211928105186
18099.88092111308
19502.450678312598
20977.646165592654
22527.158059369922
24152.641483955616
25855.714862383717
27637.958876706343
29500.915533701867
31446.087331905775
33474.93652586186
35588.884483493595
37789.31113254376
40077.55449201213
42454.910284615486
44922.631626428876
47481.92878973333
50133.96903540467
52879.876511128256
55720.73221186344
58657.573999073014
61691.39667533331
64823.152111047646
68053.74942009007
71384.05518131392
74814.89370296974
78347.04732718368
81981.25677175597
85718.22150664733
89558.60016262498
93503.01096964811
97552.03222267106
101706.20277264882
105966.02254062315
110331.95305286792
114804.41799516577
119383.80378437812
124070.4601555625
128864.70076297506
133766.80379338269
138777.01259018626
143895.53628694115
149122.5504489288
154458.19772151372
159902.58848408566
165455.8015084558
171117.88462064194
176888.85536503774
182768.70167002286
188757.38251412776
194854.8285919209
201060.94297884183
207375.60179424792
213798.65486199933
220329.92636794347
226969.2155137114
233716.29716627678
240570.92250276712
247532.81965005997
254601.69431872424
261777.23043091234
269059.09074183006
276446.91745444987
283940.33282716083
291538.9397740749
299242.32245773514
307050.0474040646
314961.661428906
322976.69750729715
331094.67003311485
339315.07802115
347637.4051201727
356061.1201473205
364585.67761366215
373210.5182408628
381935.0694688975
390758.74595476437
399680.9500621753
408701.0723421992
417818.49200485536
427032.5773816621
436342.6863791547
445748.16692339286
455248.35739549797
464842.5870582527
474530.17647381825
484310.43791261886
494182.6757534584
504146.1868749366
514200.2610382372
524344.1812613646
534577.2241849172
544898.6604294778
555307.7549447153
565803.7673502933
576385.9522686808
587053.5596499658
597805.8350887762
608642.02013341
619561.3525872866
630563.0668028245
641646.3939678564
652810.5623846934
664054.797741956
675378.3233792735
686780.3605449814
698260.1286469187
709816.8454964503
721449.7275458206
733157.9901189612
744940.8476358672
756797.5138306527
768727.2019634042
780729.1250259462
792802.4959416321
804946.527759276
817160.4338413327
829443.4280464448
841794.7249064632
854213.5397980517
866699.0891089899
879250.5903992737
891867.2625571274
904548.325950035
917293.0025708845
930100.5161793448
942970.0924385616
955900.959047286
968892.3458675293
981943.4850478424
995053.6111423196
1.008221961225421e6
1.0214477750027074e6
1.0347302949175853e6
1.0480687662541406e6
1.0614624372361735e6
1.0749105591224981e6
1.088412386298614e6
1.101967176364825e6
1.1155741902208908e6
1.1292326921473048e6
1.1429419498832575e6
1.156701234701393e6
1.1705098214794153e6
1.1843669887686356e6
1.1982720188595287e6
1.2122241978443766e6
1.2262228156770726e6
1.2402671662301605e6
1.2543565473491633e6
1.2684902609043056e6
1.2826676128396504e6
1.2968879132197623e6
1.3111504762739292e6
1.3254546204380263e6
1.3397996683940676e6
1.354184947107534e6
1.3686097878625006e6
5.005174431116781
8.501593000626759
13.679747176928625
21.055190716635334
31.225911717108215
44.874052107060585
62.766845147710754
85.75683324109332
114.78142852423859
150.8618775699209
195.10169030121057
248.68459134958428
312.8720498841984
389.00044143263295
478.4778924778495
582.78085571708
703.4504608637219
842.0886828080174
1000.3543659281524
1179.959140137665
1382.6632615904946
1610.271407658677
1864.6284533203443
2147.6152532440133
2461.144451357305
2807.15633725978
3187.6147665694784
3604.5031601578803
4059.820595272507
4555.577999660918
5093.794458032913
5676.493639051443
6305.700348869845
6983.437216642884
7711.721515845243
8492.562124282613
9327.956624694867
10219.888546982063
11170.324752307879
12181.212958646262
13254.479406727938
14392.02666480902
15595.731570184427
16867.443305229863
18208.981604485736
19622.13509085057
21108.65973639683
22670.27744496596
24308.674752613882
26025.501642112504
27822.370467585068
29700.854985284383
31662.489486480983
33708.768028408515
35841.14375920928
38061.02833286703
40369.7914100851
42768.76024116248
45259.21932705111
47842.41015462934
50519.531002544434
53291.73681391471
56160.13913232075
59125.80609760187
62189.76249807202
65352.98987587342
68616.42668228757
71980.96847992885
75447.46818885399
79016.73637372458
82689.54156926816
86466.61064138818
90348.62918137728
94336.24193079505
98430.053234667
102630.6275207712
106938.48980286626
111354.12620581973
115877.98451068497
120510.47471786512
125251.9696265967
130102.80542906527
135063.2823175547
140133.6651031086
145314.1838442647
150605.0344844948
156006.37949705843
161518.34853604954
167141.03909248035
172874.51715431426
178718.8178694228
184673.94621049854
190739.87764101799
196916.55878139992
203203.90807456287
209601.81645012708
216110.14798656804
222728.7405706609
229457.40655361104
236295.93340330114
243244.0843521282
250301.59903994398
257468.19415164192
264743.5640489814
272127.3813962577
279619.29777946963
287218.9443186609
294925.93227314163
302739.8536393231
310660.28174092225
318686.7718113197
326818.86156787723
335056.0717780401
343397.90681707225
351843.8552172917
360393.39020868886
369045.9702508335
377801.0395559829
386658.0286033321
395616.35464434564
404675.422199139
413834.6235438794
423093.3391891923
432450.9383495711
441906.77940379776
451460.21034638654
461110.5692300841
470857.1845994512
480699.37591557816
490636.4539719725
500667.7213016819
510792.4725757145
521009.99499281915
531319.568660706
541720.4669687788
552211.956952468
562793.2996492443
573463.7504464092
584222.5594207534
595068.9716701813
606002.227637398
617021.5634257661
628126.2111074297
639315.399023821
650588.3520786483
661944.2920234771
673382.4377360217
684902.0054912475
696502.2092254069
708182.2607931112
719941.370217568
731778.7459340763
743693.5950269138
755685.1234597185
767752.5362994845
779895.0379342794
792111.8322848036
804402.1230099048
816765.1137061508
829200.0081015881
841706.0102437813
854282.3246822559
866928.1566454492
879642.7122122807
892425.198478446
905274.8237175426
918190.79753714
931172.3310298868
944218.6369197696
957328.9297036178
970502.425787963
983738.3436213455
997035.9038221728
1.0103943293022253e6
1.0238128453859013e6
1.0372906799253027e6
1.050827063411255e6
1.0644212290803404e6
1.078072413018055e6
1.0917798542581662e6
1.1055427948783543e6
1.1193604800922421e6
1.133232158337877e6
1.147157081362769e6
1.1611345043055464e6
1.1751636857743284e6
1.189243887921886e6
1.2033743765176635e6
1.217554421016752e6
1.2317832946258741e6
1.246060274366467e6
1.2603846411349284e6
1.274755679760098e6
1.2891726790580486e6
1.3036349318842508e6
1.3181417351831796e6
1.3326923900354314e6
1.3472862017024108e6
1.3619224796686561e6
1.376600537681868e6
1.3913196937906859e6
5.009572707946301
8.509962453201807
13.694685292136013
21.08048160425901
31.266875571205937
44.937948086624374
62.8633279787431
85.89846310330483
114.98423310359334
151.14596453370953
195.4919078961236
249.2112343363446
313.57160760658525
389.9163844736689
479.66149407966907
584.2920439305248
705.3586972451373
844.473863389362
1003.3077401488683
1183.584243431961
1387.0768573796706
1615.604434579901
1871.0257860306258
2155.2413985886806
2470.177361942392
2817.793091184905
3200.071295746635
3619.015149772575
4076.644363852425
4574.991357059081
5116.097538851294
5702.009709263906
6334.7765836140425
7016.445447376615
7749.05894527221
8534.652007658893
9375.248916326185
10272.860510912276
11229.481536380945
12247.088131296463
13327.635456016375
14473.055459377936
15685.25478197794
16966.11279373308
18317.479763051728
19741.175154645825
21238.986052756358
22812.665706354583
24463.932192709235
26194.46719557393
28005.91489414463
29899.880958861788
31877.93165008217
33941.59301561893
36092.350183137416
38331.64674343411
40660.88422058634
43081.42162505529
45594.5750859517
48201.6175585096
50903.778603140716
53702.24423236795
56598.15682207327
59592.61508357902
62686.674093176625
65881.34537581718
69177.59703977793
72576.35395922154
76078.4980016711
79684.86829752533
83396.26154884593
87213.43237475127
91137.09369085448
95167.91712028829
99306.53343395483
103553.533017746
107909.46636456823
112374.84458910783
116950.13996336468
121635.78647106883
126432.18037919055
131339.68082483363
136358.61041588947
141489.2558439076
146731.86850772056
152086.66514643218
157553.82848045413
163133.50785934817
168825.81991529342
174630.849221071
180548.64895151593
186579.24154744842
192722.61938115582
198978.7454225508
205347.55390518648
211828.95099135672
218422.8154355649
225128.99924568497
231947.3283411877
238877.60320784614
245919.5995483743
253073.06892856953
260337.73941796547
267713.3162261284
275199.4823315891
282795.8991056481
290502.206929154
298318.025802466
306242.95647690183
314276.57840682275
322418.4556239
330668.13203039713
339025.1346142404
347488.9734839386
356059.14242379734
364735.1194406475
373516.36730197736
382402.33406537696
391392.45359921915
400486.14609451336
409682.8185678856
418981.86535565084
428382.6685989492
437884.59871994396
447487.01488907216
457189.26548336004
466990.68853582477
476890.612175984
486888.35506151523
496983.22680110385
507174.52836852847
517461.55250804644
527843.584131137
538319.90070467
548889.7726305777
559552.4636171056
570307.2310417198
581153.3263057672
592089.9951809702
603116.4781478524
614232.0107261916
625435.8237975975
636727.143920316
648105.1936363643
659569.1917711023
671118.3537253414
682751.8917601098
694469.0152741724
706268.9310744231
718150.8436392559
730113.9553750332
742157.4668657539
754280.5771160421
766482.4837875686
778762.3834290102
791119.4716996712
803552.943586869
816061.9936172023
828645.8160618127
841303.6051357515
854034.5551915584
866837.8609071658
879712.7174682393
892658.3207450595
905673.8674640555
918758.5553740923
931911.5834076263
945132.1518368217
958419.4624247439
971772.718571723
985191.1254569929
998673.8901757045
1.0122202218714142e6
1.0258293318641427e6
1.0395004337741003e6
1.0532327436411753e6
1.0670254800402846e6
1.0808778641926586e6
1.094789120073184e6
1.1087584745138614e6
1.1227851573034888e6
1.1368684012836465e6
1.1510074424410732e6
1.1652015199965187e6
1.179449876490148e6
1.1937517578635924e6
1.2081064135387123e6
1.2225130964931613e6
1.2369710633328294e6
1.2514795743612247e6
1.2660378936458935e6
1.2806452890819376e6
1.2953010324526916e6
1.3100043994876558e6
1.3247546699177348e6
1.3395511275278465e6
1.3543930602069967e6
1.3692797599958414e6
1.3842105231318409e6
1.399184650092046e6
1.4142014456335867e6
5.013921120283218
8.518237654895591
13.70945641444245
21.105491999003025
31.307388957847554
45.00114776386715
62.958769450872104
86.03857974193988
115.18489379104012
151.42708161511158
195.87809321505236
249.7325006433866
314.26411221490935
390.8232116891496
480.83347265420866
585.7885955729532
707.2487120707658
846.8365980924642
1006.2337346386809
1187.1762516716326
1391.4507882169437
1620.890298433415
1877.3698310267466
2162.8023065752386
2479.134314887149
2828.3419521149585
3212.4267151108247
3633.4114683970574
4093.336497193762
4594.255657940942
5138.232636461591
5727.337321792011
6363.642302741803
7049.219492684122
7786.136886951487
8576.455456115385
9422.226177444885
10325.487205954589
11288.261185659034
12312.552700943977
13400.34586733712
14553.602060407615
15774.25778103811
17064.222654891157
18425.3775635263
19859.572904312427
21368.626976016396
22954.324486728183
24618.415180603104
26362.612579756656
28188.59283753637
30097.993699311337
32092.413566864052
34173.410662435504
36342.50228845699
38601.16417903788
40950.82993922768
43392.890568166535
45928.6940623605
48559.54509513906
51286.70476868905
54111.390434971436
57034.775581964255
60057.98978175484
63182.118697095655
66408.20415548453
69737.24420114027
73170.19338109872
76707.96283024966
80351.42058462172
84101.39186081676
87958.65938535328
91923.96375899158
95998.00385356581
100181.43723894341
104474.88063783685
108878.91040628278
113394.06303770309
118020.83568855414
122759.68672365765
127611.03627940084
132575.26684307313
137652.72384669495
142843.71627377058
148148.51727748083
153567.3648089014
159100.46225390933
164747.9790775114
170510.05147439343
176386.78302455827
182378.24535298158
188484.47879227635
194705.49304741484
201041.26786161307
207491.75368253863
214056.87232804857
220736.51765072203
227530.5562004905
234438.82788472177
241461.14662515075
248597.30101109523
255847.0549484336
263210.14830385474
270686.2975439363
278275.1963686281
285976.5163387607
293789.90749722574
301714.9989835034
309751.3996412414
317898.698618617
326156.46596123546
334524.25319734775
343001.59391518484
351588.00433223747
360282.98385631887
369086.0156382774
377996.5671162376
387014.09055126563
396138.0235543773
405367.7896048104
414702.79855951096
424142.44715378346
433686.1194930782
443333.187535893
453083.01156778465
462934.9406664844
472888.3131581392
482942.45706469007
493096.6905424218
503350.32231171953
513702.6520780745
524152.9709443933
534700.5618146644
545344.6997890477
556084.652550454
566919.680742689
577849.038340236
588871.9730097669
599987.7264634595
611195.5348042158
622494.6288628726
633884.2345274966
645363.5730648695
656931.8614342533
668588.3125935505
680332.1357979482
692162.5368911695
704078.7185894214
716079.8807581627
728165.2206817893
740333.933326357
752585.2115954425
764918.246579261
777332.2277971496
789826.3434335276
802399.7805674436
815051.7253958223
827781.3634505254
840587.879809333
853470.459300956
866428.2867041931
879460.5469413383
892566.4252659512
905745.1074450938
918995.7799361469
932317.6300583025
945709.8461588523
959171.6177743626
972702.135786847
986300.5925750373
999966.1821608542
1.0136981003511776e6
1.0274955448750141e6
1.0413577155161626e6
1.0552838142414726e6
1.0692730453247866e6
1.0833246154666762e6
1.0974377339100346e6
1.111611612551654e6
1.1258454660498458e6
1.140138511928215e6
1.1544899706756594e6
1.168899065842692e6
1.1833650241341712e6
1.197887075498502e6
1.2124644532134251e6
1.2270963939684422e6
1.2417821379439742e6
1.2565209288873281e6
1.2713120141855418e6
1.2861546449351935e6
1.301048076009242e6
1.3159915661209645e6
1.3309843778850862e6
1.3460257778761429e6
1.3611150366841618e6
1.3762514289677327e6
1.3914342335045205e6
1.406662733239289e6
1.4219362153295125e6
1.4372539711886179e6
5.018220502782011
8.526420169328638
13.724063287418996
21.130226460826144
31.347459117699522
45.06366219611719
63.05318588922349
86.17720655797127
115.38344326664401
151.70527340494903
196.2603058462991
250.24846841691934
314.949664456818
391.7210509538737
481.99398819919224
587.2707082068495
709.1207463194164
849.1771775248185
1009.1326961453375
1190.7355744813458
1395.7855334793321
1626.1295552647011
1883.6576650246554
2170.2987069405203
2488.016136445588
2838.803848707548
3224.6820610086097
3647.6932645988613
4109.898259670528
4613.372285104743
5160.201253358757
5752.478098727675
6392.299246265414
7081.761207075019
7822.957304551805
8617.974535059586
9468.890565530499
10377.770869586686
11346.666002980717
12377.609018436428
13472.61301933514
14633.668851129909
15862.742928875678
17161.775198832096
18532.677231721005
19977.330444900137
21497.584450441747
23095.255525875837
24772.125204169395
26529.938979360264
28370.40512414486
30295.19361562831
32305.93516538229
34404.22034991514
36591.598837635174
38869.57870841947
41239.625861838475
43703.16351018372
46261.57175256316
48916.18722613521
51668.30283089796
54519.167524349985
57469.986182475244
60521.91952357973
63676.08409159682
66933.55229557239
70295.35250213541
73762.46917785754
77335.84307850682
81016.37148229868
84804.90846434988
88702.26520964307
92709.21036190604
96826.47040591679
101054.73008083506
105394.63282226794
109846.78123086492
114411.73756533627
119090.02425788112
123882.12445009607
128788.48254753221
133809.5047911437
138945.5598439626
144196.97939141007
149564.0587537345
155047.05750914416
160646.2001262701
166361.6766046745
172193.6431221787
178142.22268785766
184207.50579960906
190389.55110526443
196688.38606627262
203104.00762303706
209636.3828610495
216285.44967700494
223051.11744414398
229933.26767610593
236931.7546886292
244046.40625847463
251277.0242789907
258623.38541178088
266085.24173396674
273662.3213805842
281354.32918167615
289160.94729368284
297081.83582476515
305116.6339801914
313264.9580421585
321526.4072397319
329900.5590820298
338386.9725810369
346985.18830786267
355694.7289675835
364515.09996602236
373445.7899683167
382486.2714491467
391636.0012345083
400894.4210349366
410260.95797009487
419735.02508466603
429316.02185549267
439003.33468992275
448796.3374153392
458694.3917598495
468696.84782413486
478803.0445444609
489012.3101468638
499323.9625925345
509737.31001443043
520251.6511451531
530866.2757361378
541580.4649682054
552393.4918535363
563304.6216291249
574313.1121417928
585418.2142248212
596619.1720662919
607915.2235692138
619305.6007035178
630789.5298500175
642366.2321364166
654034.9237654649
665794.8163353639
677645.1171525104
689585.0295366853
701613.7531187973
713730.4841312723
725934.4156912088
738224.7380763913
750600.6389942905
763061.3038441336
775605.9159721748
788233.656920267
800943.706667845
813735.2438674312
826607.4460737748
839559.4899667329
852590.5515680063
865699.8064518373
878886.429949779
892149.5973496425
905488.4840887395
918902.2659415148
932390.1192016839
945951.2208589806
959584.7487706186
973289.8818275692
987065.8001157632
1.0009116850723159e6
1.0148267196368753e6
1.0288100883982017e6
1.0428609777360611e6
1.0569785759585518e6
1.0711620734349438e6
1.0854106627241299e6
1.099723538698795e6
1.1140998986653741e6
1.1285389424799152e6
1.1430398726599186e6
1.15760189449225e6
1.1722242161372176e6
1.1869060487288907e6
1.2016466064717574e6
1.2164451067337922e6
1.2313007701360246e6
1.2462128206386897e6
1.261180485624035e6
1.2762029959758695e6
1.291279586155924e6
1.3064094942771066e6
1.3215919621737227e6
1.336826235468733e6
1.352111563638128e6
1.3674472000724783e6
1.3828324021357396e6
1.3982664312213797e6
1.4137485528058875e6
1.4292780364997347e6
1.4448541560958594e6
1.4604761896157237e6
5.022471671761828
8.534511526153832
13.738508595761456
21.154689453128295
31.387093140297043
45.125502213456215
63.14659328893714
86.31436648766952
115.57991357364068
151.9805836423874
196.63860426408633
250.75921437482296
315.6283632822649
392.61002791840997
483.14319800386033
588.7385761454902
710.9750371267828
851.495887815703
1012.0049662508967
1194.2626156102444
1400.0815659433101
1631.3227537950372
1889.8911071741234
2177.7313207353905
2496.823643596127
2849.1796998533755
3236.8383596585763
3661.861676621579
4126.330905392312
4632.342611281676
5182.004882506897
5777.433653499599
6420.749146780374
7114.072439316677
7859.522158153278
8659.21130899544
9515.244240428989
10429.713745562041
11404.698302064018
12442.259450854175
13544.439313046356
14713.258244263234
15950.712624310667
17258.772781927568
18639.38104961387
20094.44994862077
21625.86049957769
23235.460656156334
24925.063858358302
26696.447701928377
28551.352720269242
30491.48127513489
32518.496552309818
34634.02165843382
36839.63881510167
39136.888646402454
41527.269555927036
44012.23718959033
46593.203980287886
49271.53877074709
52048.56651084845
54925.568025799694
57903.7798516173
60984.39413444968
64168.55859036184
67457.37652229278
70851.90689098899
74353.16443681237
77962.11984942007
81679.69998241086
85506.78811013179
89444.22422393969
93492.80536530874
97653.28599327746
101926.37838382063
106312.7530588351
110813.03924251607
115427.82534299877
120157.65945723082
125003.04989712701
129964.46573515069
135042.33736754642
140237.05709353485
145548.97970885763
150978.42311214432
156525.66892264088
162190.9631079204
167974.5166202632
173876.50604046197
179897.0742278773
186036.33097562776
192294.3536698634
198671.18795212996
205166.8483838863
211781.31911229575
218514.55453645764
225366.47997330423
232336.9923224287
239425.96072915994
246633.22724524335
253958.60748652744
261401.89128709937
268962.8433493455
276641.20388945803
284436.68927793513
292348.99267465936
300377.78465817426
308522.713848801
316783.40752527345
325159.4722345936
333650.49439483514
342256.04089064937
350975.659661249
359808.8802806706
368755.21453013265
377814.15696233086
386985.18545752903
396267.7617713202
405661.33207395393
415165.3274811347
424779.1645762188
434502.24592374713
444333.96057426045
454273.6845603697
464320.7813840481
474474.6024951347
484734.48776104895
495099.7659277176
505569.7550717337
516143.7630437689
526821.0879032705
537601.018344487
548482.8341138617
559465.8064188508
570549.1983282253
581732.2651639158
593014.2548844719
604394.4084602118
615871.9602401345
627446.1383106821
639116.1648464313
650881.2564528084
662740.6245009135
674693.4754545549
686739.011189584
698876.429305629
711104.9234303359
723423.683516211
735831.89613017
748328.7447359
760913.4099691454
773585.0699060106
786342.9003244028
799186.0749587131
812113.7657478496
825125.1430767266
838219.3760113231
851395.632527417
864653.0797331077
877990.884085229
891408.2115997674
904904.228056388
918478.0991971832
932128.9909197425
945856.0694646541
959658.5015975429
973535.4547857544
987486.0973697761
1.0015095987295144e6
1.0156051294455192e6
1.029771861455259e6
1.0440089682045508e6
1.0583156247942378e6
1.0726910081222183e6
1.0871342970209185e6
1.1016446723903024e6
1.1162213173265306e6
1.1308634172463273e6
1.1455701600071886e6
1.1603407360234852e6
1.1751743383785791e6
1.1900701629330202e6
1.2050274084289214e6
1.2200452765906004e6
1.2351229722215591e6
1.2502597032978972e6
1.2654546810582364e6
1.280707120090231e6
1.2960162384137588e6
1.3113812575608476e6
1.3268014026524324e6
1.3422759024720176e6
1.3578039895363012e6
1.3733849001628545e6
1.3890178745349182e6
1.4047021567633785e6
1.4204369949460153e6
1.4362216412240565e6
1.4520553518361347e6
1.467937387169699e6
1.4838670118099386e6
5.026675425701999
8.542513221962055
13.752794966836763
21.178885345245533
31.426297967879755
45.18667842437553
63.2390073232085
86.45008201367027
115.77433613323072
152.2530552341935
197.01304585302103
251.26481383702296
316.300305880422
393.4902660530371
484.28125670023667
590.1923905115743
712.8118178511513
853.7930106627731
1014.8508814490983
1197.7577730128935
1404.339351867036
1636.4704355020535
1896.070781058012
2185.1008603900564
2505.5576440916793
2859.4704147048724
3248.8966271513286
3675.9178323480646
4142.635678051485
4651.167998997096
5203.645007133247
5802.205590587817
6448.99372908735
7146.155031949445
7895.833403640772
8700.167840778846
9561.289363453534
10481.318082838203
11462.360406243775
12506.506380037572
13615.827170195082
14792.372679737568
16038.169301281638
17355.217804277272
18745.491352520203
20210.933651683925
21753.457222728844
23374.94179859878
25077.232840896853
26862.14017312791
28731.43672696028
30686.857397854466
32730.098006328397
34862.81436107596
37086.62142011725
39403.09254619188
41813.7588524553
44320.10863486942
46923.586887323145
49625.594895873706
52427.48990840106
55330.584876072586
58336.14826308437
61445.40392122064
64659.53102585523
67979.66407010812
71406.89291395832
74942.26288520792
78586.77492928834
82341.38580499495
86207.00832333388
90184.5116267631
94274.72150620604
98478.42075331579
102796.34954555987
107229.20586179684
111777.64592610358
116442.28467770944
121223.69626498294
126122.41456150217
131138.9337023336
136273.7086387218
141527.15570948028
146899.65322745068
152391.54207947847
158003.12633842567
163734.6738858179
169586.41704379095
175558.5532150731
181651.2455298045
187864.6234980581
194198.7836669903
200653.7902816061
207229.67594818262
213926.44229945046
220744.0606606799
227682.47271587682
234741.5911733365
241921.30042984957
249221.45723290453
256641.8913402656
264182.4061763532
271842.77948488534
279622.76397728507
287522.0879763843
295540.4560549942
303677.55019244424
311933.02778421825
320306.52749785833
328797.66465230635
337406.0344429181
346131.2120183776
354972.75307377963
363930.194436167
373003.0546423299
382190.8345086928
391493.01769314345
400909.07124865946
410438.4461686255
420080.57792373037
429834.88699036697
439700.779370457
449677.6471026454
459764.86876482196
469961.8099679337
480267.8238410665
490682.251507789
501204.42255375395
511833.655485569
522569.2581809506
533410.528330188
544356.7538689534
555407.2134024933
566561.1766212516
577817.9047079768
589176.6507363716
600636.6600613468
612197.1707009538
623857.4137100631
635616.6135458723
647473.9884253189
659428.7506744851
671480.1070700857
683627.2591731254
695869.4036548221
708205.7326148868
720635.4338922664
733157.6913684403
745771.6852633798
758476.5924242631
771271.5866070644
784155.8387511035
797128.5172466788
810188.7881958797
823335.8156666906
836568.7619404885
849886.7877530472
863289.0525291528
876774.7146109419
890342.9314800624
903992.8599737745
917723.6564950887
931534.4772170573
945424.4782813172
959392.8159909982
973438.6469980882
987561.1284853818
1.0017594183430874e6
1.0160326753402248e6
1.0303800592908893e6
1.0448007312155031e6
1.0592938534971415e6
1.0738585900330404e6
1.088494106381375e6
1.1031995699034168e6
1.117974149901153e6
1.1328170177504786e6
1.1477273470300308e6
1.1627043136457854e6
1.1777470959514873e6
1.192854874865005e6
1.2080268339807163e6
1.2232621596779833e6
1.2385600412258347e6
1.2539196708839098e6
1.2693402439997701e6
1.284820959102652e6
1.3003610179937405e6
1.3159596258330448e6
1.3316159912229544e6
1.3473293262885555e6
1.3630988467547796e6
1.3789237720204564e6
1.3948033252293547e6
1.4107367333382696e6
1.42672322718224e6
1.4427620415369563e6
1.4588524151784282e6
1.4749935909399816e6
1.4911848157666577e6
1.5074253407670567e6
5.030832545721768
8.550426721159415
13.766924972181728
21.202818414869505
31.465080399113894
45.247201221268895
63.33044335110417
86.58437517574032
115.96674175898433
152.52273027350557
197.38368693196298
251.76534075516486
316.96558771578765
394.3618866907894
485.40831631343275
591.6323392948663
714.6313181381511
856.0688234413481
1017.6707732220358
1201.2214389298092
1408.559351072584
1641.5731347008395
1902.1973023839212
2192.40802978158
2514.2189365130976
2869.6768927095627
3260.857869455854
3689.8628492719486
4158.813810868434
4669.849800444848
5225.123100538183
5826.795505257576
6477.034709837158
7178.010820828924
7931.892992128771
8740.846190909473
9607.028096526834
10532.586134552334
11519.654647262294
12570.352201174019
13686.779031558015
14871.014623318022
16125.115426703378
17451.112707282304
18851.010526360795
20326.783851238586
21880.376791552866
23513.700959126814
25228.633948122515
27027.017932170787
28910.658375009276
30881.322851047233
32940.73997219105
35090.59841720075
37332.54605983245
39668.18919194963
42099.091837822336
44626.77515592493
47252.71692436166
49978.351106317234
52805.06749184572
55734.21141241211
58767.083524664355
61904.93965998676
65148.99073646353
68500.40272996809
71960.29670117958
75529.74887541753
79209.79077228102
83001.40938217119
86905.54738687126
90923.1034214554
95054.93237489177
99301.84572680424
103664.61191794685
108143.95675204667
112740.56382675582
117455.07499155137
122288.09083050927
127240.1711679642
132311.83559516055
137503.56401607563
142815.79721068562
148248.93741401908
153803.34890942683
159479.35863456628
165277.25679867514
171197.29750978216
177239.69941056467
183404.6463216373
189692.28789111404
196102.74024934988
202636.08666782797
209292.3782212149
216071.6344516642
222973.84403449428
229998.96544442803
237146.92762162042
244417.63063675453
251810.94635452598
259326.71909488202
266964.7662914216
274724.87914640084
282606.823281828
290610.3393861667
298735.1438561983
306980.92943363375
315347.3658360848
323834.1003820478
332440.75860957144
341166.9448883065
350012.2430246718
358976.2168598808
368058.4108606061
377258.3507020772
386575.5438434264
396009.4800951226
405559.63217834313
415225.45627616
425006.39257642574
434901.8658062671
444911.285758103
455034.04780712095
465269.53342015983
475617.11065595614
486076.13465672446
496645.94813105545
507325.88182812074
518115.255003189
529013.3758744611
540019.542071245
551133.0410734966
562353.1506427625
573679.139244563
585110.2664622669
596645.7834025077
608284.9330922012
620026.9508672344
631871.0647528842
643816.4958360493
655862.4586293682
668008.161427301
680252.8066542667
692595.5912049192
705035.706776651
717572.3401944188
730204.6737279901
742931.8854016976
755753.1492968125
768667.6358466245
781674.5121243428
794772.9421239101
807962.0870338379
821241.1055041706
834609.1539066802
848065.3865883935
861608.9561185685
875239.0135292162
888954.7085492809
902755.1898325818
916639.6051796256
930607.101753388
944656.826289186
958787.9252987303
972999.5452684687
987290.8328523297
1.0016609350589638e6
1.016108999433586e6
1.0306341742345296e6
1.0452356086045966e6
1.0599124527373281e6
1.0746638580382732e6
1.0894889772813665e6
1.1043869647605119e6
1.1193569764364655e6
1.1343981700791128e6
1.1495097054052441e6
1.1646907442119063e6
1.1799404505054378e6
1.195257990626271e6
1.2106425333695891e6
1.2260932501019372e6
1.2416093148738614e6
1.257189904528674e6
1.2728341988074218e6
1.2885413804501467e6
1.304310635293521e6
1.3201411523649306e6
1.3360321239731011e6
1.3519827457953305e6
1.3679922169614139e6
1.3840597401343451e6
1.4001845215878396e6
1.416365771280799e6
1.43260271446192e6
1.4488945340723179e6
1.4652404861429215e6
1.4816397845255372e6
1.4980916586188294e6
1.5145953418925758e6
1.5311500719424952e6
5.034943796044764
8.558253456817013
13.780901128955737
21.226492850394134
31.503447092704995
45.307080785767724
63.42091642515893
86.71726758125168
116.15716067086814
152.78965005812861
197.7505827773169
252.2608677416016
317.62430256350575
395.225009069625
486.52452631100965
593.0586074088602
716.4337639845355
858.3235992495574
1020.4649681161087
1204.6539999675338
1412.7420170280916
1646.63137862551
1908.2712790617932
2199.6535243034205
2522.8083103257227
2879.80002364786
3272.7230824319245
3703.6978344770437
4174.866526529435
4688.389357374115
5246.440625920559
5851.204983311719
6504.873797197715
7209.641634694154
7967.702869416449
8781.24841685755
9652.462601363457
10583.520157042205
11576.583364111342
12633.79932144255
13757.297355392486
14949.186564449677
16211.553498403235
17546.45997130513
18955.941005024524
20442.00290241758
22006.621446765454
23651.74022490308
25379.269070945844
27191.082627373933
29089.019020084652
31074.878643903183
33150.42305495128
35317.37396620232
37577.41234253177
39932.17759148877
42383.26684605181
44932.234335716035
47580.590842066784
50329.80323526685
53181.29408779029
56136.44136183473
59196.57816690386
62362.99258411963
65636.9275664195
69019.58082372826
72512.1049527921
76115.60737042203
79831.15048527121
83659.75184233235
87602.38432495012
91659.97639909186
95833.41239722879
100123.53283928048
104531.1347881609
109056.9722375672
113701.7565297348
118466.1568009796
123350.80045293614
128356.27364748441
133483.12182345003
138731.85023324075
144102.9244976683
149596.77117728
155213.77835860898
160954.29625381873
166818.63781229808
172807.0793428308
178919.86114503126
185157.18814880698
191519.2305606721
198006.12451579564
204617.9727347312
211354.84518382966
218216.77973839638
225203.78284769825
232315.8302009896
239552.86739376435
246914.81059349483
254401.5472041617
262012.93652892095
269748.8104302986
277608.97398733813
285593.20614917297
293701.26038452017
301932.86584633234
310287.72541330196
318765.5215214498
327365.91159604234
336088.5312728872
344932.99449506064
353898.89412265806
362985.8025356095
372193.2722293222
381520.8364029317
390968.00953996874
400534.28798126674
410219.1504899499
420022.05880837044
429942.45820686733
439979.7780242439
450133.43219987577
460402.81979736924
470787.3255197137
481286.3202158723
491899.16137877904
502625.1936347113
513463.7492240259
524414.1484732522
535475.7002585444
546647.7024605054
557929.4424104079
569320.1973278349
580819.234749776
592425.8129512273
604139.1813573387
615958.5809471569
627883.2446490417
639912.3977277968
652045.2581636054
664281.0370228275
676618.9388207477
689058.1618763442
701597.8986591756
714237.336128458
726975.656064431
739812.0353921045
752745.6464974772
765775.6575363238
778901.2327356476
792121.532687905
805435.7146380901
818842.9327637918
832342.3384483214
845933.0805470177
859614.3056468266
873385.158319267
887244.7813668856
901192.3160633078
915226.9023869826
929347.6792487396
943553.7847132455
957844.3562144871
972218.5307653681
986675.4451615273
1.001214236179488e6
1.0158340407692421e6
1.0305339962413568e6
1.0453132404487282e6
1.060170911963065e6
1.0751061502462113e6
1.0901180958164062e6
1.10520589040958e6
1.12036867713578e6
1.1356056006308289e6
1.1509158072033084e6
1.1662984449769668e6
1.181752664028628e6
1.1972776165217247e6
1.2128724568355144e6
1.2285363416900912e6
1.2442684302672741e6
1.2600678843274568e6
1.2759338683225138e6
1.2918655495048396e6
1.307862098032611e6
1.3239226870713574e6
1.3400464928919098e6
1.3562326949648235e6
1.3724804760513455e6
1.3887890222910023e6
1.4051575232858974e6
1.4215851721817756e6
1.438071165745944e6
1.454614704442122e6
1.471214992502275e6
1.4878712379955305e6
1.5045826528942157e6
1.5213484531371123e6
1.5381678586899764e6
1.5550400936033973e6
5.039009924448814
8.565994831494319
13.794725901349064
21.24991275319199
31.541404570904593
45.36632709392319
63.51044129876066
86.84878041537097
116.34562250890382
153.05385510836717
198.11378764575784
252.75146609771235
318.27654254391376
396.07975037372955
487.63003365140025
594.4713767464672
718.2193778009969
860.5576069840592
1023.233787817217
1208.0558371781897
1416.8877969297569
1651.6456875110985
1914.2933112825147
2206.8380309367967
2531.3265459384957
2889.840687675007
3284.4932518481137
3717.4238846241533
4190.795037133999
4706.7880009881255
5267.599036217602
5875.435600860644
6532.5126905420275
7241.049294760557
8003.264975471679
8821.376572424
9697.595038690513
10634.12240891085
11633.148901923532
12696.850158713993
13827.3846159267
15026.891014608602
16297.486043133424
17641.26211341292
19060.28526782246
20556.59321548143
22132.193494953324
23789.061760790235
25529.140190938728
27354.336011853877
29266.52013801234
31267.525922387802
33359.14801435448
35543.14132140676
37821.22007105904
40195.05696919576
42666.282451178915
45236.48402209992
47907.205682355576
50679.94743500816
53556.16487128291
56537.26883065354
59624.62513202184
62819.554372562765
66123.33179087851
69537.18719118525
73062.30492533557
76699.82392956651
80450.83781295044
84316.39499461651
88297.49888690111
92395.10812167899
96610.13681721778
100943.45488299483
105395.88836000247
109968.21979416636
114661.18864058601
119475.49169640068
124411.78356017222
129470.67711575858
134652.74403874524
139958.51532357643
145388.48182961656
150943.09484444637
156622.76666278075
162427.8711794659
168358.74449508902
174415.68553280568
180598.95666505498
186908.78434890322
193345.35976881924
199908.839485745
206599.3460913884
213416.96886672016
220361.7644437149
227433.75746942539
234632.94127153695
241959.27852459217
249412.70191620113
256993.11481201104
264700.39192029857
272534.37995300116
280494.898285152
288581.73961064004
296794.67059428734
305133.43251969386
313597.7419324081
322187.291278004
330901.749534687
339740.7628400728
348703.955111812
357790.92866176413
367001.2648034414
376334.5244524772
385790.24871988414
395367.9594979014
405067.16003823985
414887.3355225605
424827.9536250372
434888.4650668695
445068.30416263506
455366.889358379
465783.6237613533
476317.8956613423
486969.07904350833
497736.53409271716
508619.6076893068
519617.6338962764
530729.9344378863
541955.8191696595
553294.5865397952
564745.5240420086
576307.9086598165
587981.0073023005
599764.0772313857
611656.3664806737
623657.1142658814
635765.5513869431
647980.9006218318
660302.3771121642
672729.188740663
685260.5365005434
697895.6148569043
710633.6121002085
723473.7106919263
736415.0876024324
749456.9146412546
762598.3587797477
775838.582466302
789176.7439341713
802611.9975020261
816143.4938673212
829770.3803925818
843491.8013847137
857306.8983674308
871214.810346906
885214.6740707497
899305.6242804162
913486.7939571496
927757.3145615614
942116.3162669532
956562.9281864846
971096.2785942925
985715.4951406644
1.0004197050613686e6
1.015208035381244e6
1.0300796131121578e6
1.0450335654454209e6
1.0600690199387788e6
1.0751851046980638e6
1.090380948553616e6
1.1056556812315772e6
1.1210084335201392e6
1.1364383374308664e6
1.1519445263551723e6
1.1675261352160485e6
1.1831823006151547e6
1.198912160975336e6
1.214714856678696e6
1.2305895302002775e6
1.2465353262374776e6
1.2625513918352628e6
1.2786368765072788e6
1.294790932352948e6
1.311012714170631e6
1.32730137956694e6
1.343656089062298e6
1.3600760061928015e6
1.3765602976084994e6
1.3931081331681367e6
1.4097186860304656e6
1.4263911327421914e6
1.4431246533226229e6
1.459918431345117e6
1.476771654015381e6
1.4936835122467051e6
1.5106532007322037e6
1.5276799180141257e6
1.5447628665503082e6
1.561901252777847e6
1.5790942871740346e6
5.04303166270159
8.573652218037035
13.808401701948357
21.273082139822627
31.578959222914282
45.42494992124084
63.599032433330244
86.9789344509748
116.53215634646993
153.31538518440888
198.47335479640762
253.23720584156672
318.9223981563332
396.9262257739713
488.72498283141397
595.8708262347428
719.9883784740177
862.7711114085876
1025.977549225231
1211.4273261384917
1420.997131783621
1656.6165746757133
1920.26399159738
2213.962228323714
2539.7744147672693
2899.799755368298
3296.169353405129
3731.0420859448823
4206.600544151212
4725.047051854105
5288.599773958676
5899.488924109099
6559.953080156256
7272.235614336653
8038.581243942769
8861.23270713283
9742.427567505296
10684.395150133365
11689.353610911376
12759.507140304628
13897.04330190982
15104.130505629535
16382.915614656922
17735.52168520193
19164.045837030375
20670.557253058905
22257.09530549192
23925.667805925325
25678.24937654458
27516.779939352153
29443.16332019603
31459.26596423708
33566.91575938774
35767.900964170985
38063.96923641952
40456.826759131276
42948.13745983274
45539.52231987897
48232.55876989513
51028.78016785405
53929.67535616424
56936.68829423893
60051.217763068445
63274.6171383787
66608.19422902876
70053.21117737632
73610.88441841777
77282.3846945916
81068.83712322156
84971.321313662
88990.87153129719
93128.47690563861
97385.08167985226
101761.58549914359
106258.84373551345
110877.6678464952
115618.82576556716
120483.04232202713
125470.9996882043
130583.33785196366
135820.65511255228
141183.50859791093
146672.41480166136
152287.85013805452
158030.2515132477
163900.0169113462
169897.50599372466
176023.04071021153
182276.9059207872
188659.350026516
195170.585608495
201810.79007366378
208580.106306381
215478.64332473138
222506.47694058315
229663.65042246465
236950.17516039053
244366.03133180685
251911.16856788032
259585.50661939743
267388.936021587
275321.31875722116
283382.488917384
291572.2533593502
299890.39236103493
308336.66027152626
316910.786157238
325612.47444325424
334441.4055494691
343397.2365211543
352479.6016536115
361688.11311060225
371022.3615362603
380481.916660229
390066.3278957808
399775.1249306988
409607.8183107251
419563.90001539496
429642.84402610135
439844.10688624275
450167.12825333275
460611.3314429627
471176.12396451965
481860.89804858365
492665.0311659372
503587.8865381282
514628.8136395519
525787.1486910159
537062.2151447702
548453.32416099
559959.7750757135
571580.8558602404
583315.8435720063
595164.0047969607
607124.5960834748
619196.864367821
631380.0473912631
643673.3741088123
656076.0650897011
668587.3329096346
681206.3825348889
693932.4116983161
706764.6112673396
719702.1656040102
732744.2529172066
745890.0456070531
759138.7106016625
772489.4096862638
785941.2998248322
799493.5334742911
813145.258891402
826895.6204324187
840743.7588456172
854688.8115567941
868729.9129478347
882866.1946284494
897096.7857011823
911420.8130197923
925837.4014411137
940345.6740704887
954944.7525008881
969633.757045808
984411.8069660631
999278.0206905643
1.0142315160311899e6
1.0292714103918518e6
1.0443968209718622e6
1.0596068649636924e6
1.0749006597452387e6
1.090277323066679e6
1.1057359732320388e6
1.1212757292755484e6
1.1368957111328973e6
1.1525950398074882e6
1.1683728375317745e6
1.1842282279237846e6
1.2001603361389355e6
1.2161682890172054e6
1.2322512152257883e6
1.2484082453972967e6
1.2646385122636182e6
1.2809411507855097e6
1.2973152982780163e6
1.3137600945318092e6
1.3302746819305148e6
1.3468582055641406e6
1.3635098133386583e6
1.3802286560818462e6
1.3970138876454625e6
1.413864665003827e6
1.430780159849828e6
1.4477595011819303e6
1.4648018904017487e6
1.4819064863897806e6
1.4990724630918587e6
1.5162989980969015e6
1.5335852727125383e6
1.5509304720377373e6
1.5683337850325194e6
1.585794404584823e6
1.6033115275745818e6
5.047009726982633
8.581226960350364
13.82193089306068
21.296004944175415
31.616117308191072
45.48295884757164
63.68670400530234
87.10775005829753
116.71679070325666
153.57427930326966
198.82933651247464
253.7181557349491
319.5619583121203
397.7645484675213
489.8095159328285
597.257131888651
721.7409814267568
864.9643732215854
1028.6965645274263
1214.768837028155
1425.0704564870632
1661.54454660284
1926.1839049983025
2221.026786841473
2548.1526792974187
2909.678087770451
3307.752352764077
3744.5535142420313
4222.28423838456
4743.167819823942
5309.444271132239
5923.366509158957
6587.196646966959
7303.202398463436
8073.653601696792
8900.818865654284
9786.962344368316
10734.340641204122
11745.199845352128
12821.77270178148
13966.275915219758
15180.907588097747
16467.844791904346
17829.24127069993
19267.225275517107
20783.89752748095
22381.32930756476
24061.56067040393
25826.598779407
27678.416360187974
29618.950269173532
31650.10017409754
33773.727342983926
35991.65353812811
38305.6600115546
40717.48659831265
43228.83090400897
45841.347583047194
48556.64770380717
51376.298197292475
54301.8213856443
57334.694587012666
60476.34979332427
63728.17341754344
67091.50610708848
70567.64262013944
74157.8317616473
77863.27637593538
81685.13339286727
85624.51392464056
89682.48341035255
93860.06180557476
98158.22381425789
102577.89916038635
107119.97289688073
111785.28574934775
116574.6344923553
121488.77235600547
126528.40946066276
131694.21327777734
136986.8091148337
142406.78062253093
147954.6703223842
153630.9801530172
159436.17203348965
165370.66844208
171434.85300901564
177629.07112171574
183953.63054117706
190408.80202820277
196994.81997823733
203711.88306363203
210560.15488222745
217539.7646111968
224650.8076651504
231893.34635755274
239267.41056456117
246772.99839043972
254410.07683375257
262178.5824535877
270078.4220351038
278109.47325374075
286271.5853374651
294564.5797264755
302988.2507298146
311542.36617838277
320226.6680738752
329040.8732332001
337984.6739279652
347057.7385186529
356259.71208312653
365590.21703914524
375048.8537605833
384635.20118708047
394348.81742686895
404189.24035254546
414155.98818958347
424248.560097389
434466.4367427385
444809.0808654381
455275.93783607474
465866.43620573974
476579.98824761726
487415.9904903546
498373.824243136
509452.856112395
520652.4385101222
531971.910153723
543410.596557403
554967.8105150604
566642.8525746783
578435.0115042197
590343.5647490337
602367.77888079
614506.9100379698
626760.2043579424
639126.898400663
651606.2195640481
664197.3864910642
676899.6094685956
689712.0908181488
702634.0252784548
715664.600380044
728802.9968118649
742048.3887800212
755399.9443587055
768856.8258334205
782418.1900365615
796083.1886754592
809850.96865296
823720.6723806518
837691.4380848123
851762.4001051866
865932.6891866863
880201.432764108
894567.7552399712
909030.7782555718
923589.6209553562
938243.4002447161
952991.2310413006
967832.2265199533
982765.4983513707
997790.1569345888
1.0129053116233988e6
1.0281100709467884e6
1.0434035428235156e6
1.058784834770917e6
1.0742530541080462e6
1.089807308153247e6
1.1054467044162566e6
1.121170350784948e6
1.1369773557067947e6
1.1528668283651706e6
1.1688378788505725e6
1.1848896183268663e6
1.2010211591926457e6
1.2172316152378134e6
1.2335201017954552e6
1.2498857358891214e6
1.2663276363755953e6
1.2828449240832385e6
1.2994367219460125e6
1.316102155133254e6
1.3328403511752991e6
1.3496504400850355e6
1.3665315544754788e6
1.3834828296734423e6
1.4005034038293976e6
1.4175924180235974e6
1.434749016368548e6
1.4519723461079015e6
1.4692615577118667e6
1.486615804969179e6
1.5040342450757495e6
1.5215160387200336e6
1.5390603501652072e6
1.5566663473282252e6
1.5743332018558239e6
1.5920600891975393e6
1.6098461886758278e6
1.627690683553326e6
5.050944818292239
8.588720374148577
13.83531578799772
21.318685019548806
31.652884959656532
45.540363261864854
63.77346991291336
87.23524721431974
116.89955355788328
153.83057575531353
199.1817841223705
254.1943833097594
320.19531036699044
398.59482971665744
490.88377266808743
598.6304668638857
723.4773986789737
867.1376491229156
1031.3911412715688
1218.0807347076898
1429.108199909967
1666.4301030237234
1932.0536289986424
2228.032368678534
2556.462093151823
2919.4765364515106
3319.243205579395
3757.9592348962124
4237.847299944793
4761.151603964993
5330.133949065349
5947.069901827317
6614.245062286689
7333.951443575517
8108.483968383416
8940.137087257623
9831.201522730513
10783.961142322929
11800.689962616816
12883.649285817337
14035.08496952672
15257.224829825858
16552.276177199645
17922.423484344545
19369.826184455884
20896.61659820535
22504.89798728135
24196.742732071205
25974.190630813475
27839.247317334564
29793.882794305555
31840.030078807555
33979.583956875926
36214.39984359573
38546.29274529262
40977.03632017401
43508.3620340293
46141.95840723232
48879.47034957665
51722.49857934676
54672.5991231008
57731.28289267061
60900.01533593606
64180.21615798462
67573.25910932952
71080.47183793009
74703.13580182973
78442.48623930346
82299.71219349034
86275.9565885665
90372.31635460063
94589.8425983219
98929.54081711464
103392.37115364705
107979.2486886228
112691.04376924175
117528.5823710332
122492.64649082042
127583.97456865759
132803.2619366629
138151.16129276057
143628.2831974203
149235.19659156643
154972.42933390616
160840.4687560037
166839.762233501
172970.71777195617
179233.7046058483
185629.05380935615
192157.05891759417
198817.97655704623
205612.02708400544
212539.3952298844
219600.23075232093
226794.64909106266
234122.7320276597
241584.52834805872
249180.05450723178
256909.29529502772
264772.2045024773
272768.7055878297
280898.6923416408
289162.0295502721
297558.5536572028
306088.0734215939
314750.3705735726
323545.20046575635
332472.292720547
341531.351872778
350722.05800731236
360044.0673912262
369497.0131002388
379080.50563907286
388794.1335554583
398637.46404751414
408610.04356426414
418711.3983990687
428941.03527576895
439298.44192736445
449783.0876670615
460394.42395154375
471131.8849363434
481994.8880231912
492982.8343992554
504095.1095681811
515331.0838728584
526690.1130098662
538171.5385355402
549774.6883636334
561498.8772545423
573343.4072960853
585307.5683758274
597390.6386449568
609591.8849737194
621910.5633984387
634345.9195601402
646897.1891348152
659563.5982553685
672344.3639252896
685238.6944241005
698245.7897046368
711364.8417822197
724595.035115788
737935.5469810585
751385.5478357832
764944.2016771828
778610.6663916407
792384.0940967249
806263.631475645
820248.4201042032
834337.5967703594
848530.293786475
862825.6392943423
877222.757563092
891720.7692800765
906318.7918348128
921015.9395961019
935811.3241824079
950704.0547256086
965693.2381282037
980777.9793140937
995957.3814730194
1.011230546298772e6
1.0265965742212695e6
1.0420545646325989e6
1.0576036161071262e6
1.0732428266157813e6
1.0889712937346017e6
1.1047881148476542e6
1.120692387344417e6
1.1366832088117325e6
1.152759677220424e6
1.1689208911066698e6
1.1851659497482453e6
1.201493953335708e6
1.2179040031386383e6
1.2343952016670315e6
1.2509666528279108e6
1.267617462077287e6
1.2843467365675275e6
1.3011535852902483e6
1.3180371192147993e6
1.334996451422446e6
1.3520306972363272e6
1.3691389743472794e6
1.3863204029356057e6
1.4035741057888889e6
1.4208992084159122e6
1.438294839156791e6
1.4557601292893696e6
1.4732942131319938e6
1.4908962281427193e6
1.5085653150150252e6
1.5263006177701345e6
1.544101283846e6
1.5619664641830225e6
1.5798953133066003e6
1.5978869894065475e6
1.6159406544134826e6
1.634055474072241e6
1.6522306180123764e6
5.054837622847643
8.59613374768165
13.848558652321366
21.341126140668454
31.68926818681358
45.597172366786495
63.85934378280266
87.36144551190587
117.08047236018788
154.08431212035782
199.5307480203171
254.66595489380322
320.82254015263305
399.41717888676175
491.947890425115
599.991001508754
725.1978389060009
869.2911918796419
1034.0615824377078
1221.3633787955264
1433.1107849754915
1671.2737369997408
1937.8737337145546
2234.979627911541
2564.703401159306
2929.195943558303
3330.6428575361133
3771.2603028782796
4253.290898230376
4778.999692500469
5350.670218315096
5970.600637479108
6641.0999875770585
7364.48453718303
8143.074256023098
8979.189405292254
9875.147252293074
10833.258912618625
11855.826322241759
12945.139341093727
14103.472989010439
15333.084814291784
16636.21239455202
18015.070969034623
19471.851201116067
21008.717069329192
22627.8038848906
24331.216433416277
26121.02723825092
27999.274942615637
29967.962807593274
32029.057322816283
34184.48692659736
36436.14083213908
38785.86795642578
41235.47594819926
43786.73031168279
46441.353622328475
49201.02483115989
52067.37865414386
55042.005043093144
58126.448734629776
61322.208873784504
64630.73872162677
68053.44535423612
71591.6896178905
75246.78589042138
79020.00209250202
82912.55967772234
86925.63368787845
91060.35285784752
95317.79976727172
99699.01103635848
104204.97756319527
108836.6448000569
113594.91306627967
118480.6378953531
123494.63041397335
128637.65775088534
133910.44347341976
139313.66804972338
144847.96933475178
150513.94307818107
156312.1434524682
162243.0835993693
168307.23619329682
174505.03401996955
180836.8705688826
187303.1006381873
193904.04095064453
200639.9707793733
207511.13258218198
214517.73264332963
221659.94172162208
228937.89570380715
236351.69626228092
243901.41151617834
251587.0766949642
259408.69480369426
267366.23728916
275459.64470617764
283688.82738332346
292053.66608745954
300554.0132047354
309189.690809385
317960.49650408106
326866.198890837
335906.54081248585
345081.2394799933
354389.9871132979
363832.4515769907
373408.2770104881
383117.08445236617
392958.47245855717
402932.0177141305
413037.2756384014
423273.78098314034
433641.04842366354
444138.5731426222
454765.831406307
465522.2811333207
476407.3624554778
487420.49827080406
498561.0947885391
509828.542066039
521222.21453750454
532741.471534469
544385.6577979901
556154.1039825026
568046.1271513031
580061.0312636392
592198.1076533984
604456.6354993875
616835.8822872117
629335.1042627635
641953.5468773458
654690.4452244536
667545.0244682515
680516.5002637847
693604.079168971
706806.9590484297
720124.3294691873
733555.3720883479
747099.2610327658
760755.1632708096
774522.2389762757
788399.6418845393
802386.5196410136
816482.014142003
830685.2618680291
844995.3942097271
859411.5377863867
873932.814757238
888558.3431255744
903287.2370357983
918118.6070634925
933051.5604986085
948085.2016218688
963218.6319744865
978450.9506212899
993781.2544073621
1.009208638208284e6
1.0247321951740911e6
1.0403510169670358e6
1.0560641939932557e6
1.0718708156284532e6
1.0877699704376773e6
1.1037607463893145e6
1.1198422310633836e6
1.1360135118542342e6
1.1522736761677433e6
1.168621811613119e6
1.1850570061893924e6
1.2015783484667048e6
1.218184927762486e6
1.234875834312608e6
1.2516501594376278e6
1.2685069957041887e6
1.2854454370816913e6
1.3024645790943196e6
1.3195635189685088e6
1.3367413557759507e6
1.353997190572221e6
1.3713301265311225e6
1.3887392690748163e6
1.4062237259998491e6
1.4237826075991392e6
1.4414150267800177e6
1.4591200991784057e6
1.4768969432692e6
1.4947446804729607e6
1.5126624352589732e6
1.5306493352447525e6
1.5487045112920916e6
1.5668270975997013e6
1.5850162317925359e6
1.6032710550078705e6
1.6215907119782001e6
1.6399743511110328e6
1.6584211245656582e6
1.676930188326936e6
5.058688812467011
8.603468342439884
13.861661705052061
21.363332005645994
31.72527287877347
45.653395183207934
63.94433897643245
87.48636416869755
117.25957404319912
154.3355252833751
199.87627768645714
255.13293563598674
321.44373200763147
400.23170348353096
493.00200431125893
601.3389034151293
726.9025074967597
871.4252503908864
1036.7081865093437
1224.6171237444528
1437.0786287404055
1676.075935004705
1943.6447819467494
2241.869210583425
2572.877339425261
2938.83714187468
3341.9522443911765
3784.4577627672816
4268.616191915114
4796.7133627589965
5371.0544785713955
5993.960240873606
6667.763074228563
7394.803457573418
8177.426368618729
9017.977846696185
9918.801678398842
10882.236209408698
11910.611285041072
13006.245321250137
14171.442507129352
15408.490139300664
16719.65608801227
18107.186394252618
19573.302996732695
21120.201587186428
22750.04959208695
24464.984278567325
26267.110982069782
28158.5014530188
30141.192319621303
32217.183663736483
34388.43770662274
36656.87760128599
39024.38632802292
41492.80568972453
44063.93540354551
46739.53228531595
49521.30952328836
52410.93603768682
55410.03592258913
58520.1879666956
61742.92524957985
65079.734822683684
68532.05738342514
72101.28720416798
75788.7718712387
79595.81227253206
83523.66256569789
87573.53021229072
91746.57606239941
96043.91448697569
100466.61355516178
105015.69525400782
109692.13574804668
114496.86567628925
119430.77048427926
124494.6907889376
129689.42277400894
135015.71861400217
140474.286924606
146065.79323763345
151790.86049863294
157650.06958538046
163643.95984554154
169773.02965186693
176037.73697335742
182438.49996090573
188975.69754598656
195649.67005104013
202460.71981025013
209409.11179948697
216495.07427424355
223718.79941444902
231080.44397510766
238580.12994175468
246217.9451897861
253993.94414675786
261908.1484568093
269960.5476464044
278151.09979063534
286479.7321793743
294946.3419825981
303550.79691425874
312292.9358941012
321172.5697068726
330189.4816584043
339343.42822807346
348634.13971719355
358061.32089290675
367624.6516271817
377323.78753055475
387158.36058026773
397127.97974249546
407232.23158836685
417470.6809035162
427842.8712909222
438348.3257668071
448986.5473493979
459757.01964036125
470659.20739875094
481692.5571073169
492856.49753104296
504150.44026780094
515573.78029101435
527125.8964842471
538806.1521676423
550613.8956161471
562548.4605694766
574609.1667337721
586795.3202749311
599106.2143035851
611541.1293517187
624099.3338409268
636780.0845423191
649582.6270280858
662506.1961147453
675550.016298107
688713.3021799797
701995.2588866702
715395.0824793186
728911.9603561173
742545.0716464783
756293.5875972036
770156.6719507276
784133.4813154951
798223.165528555
812424.8680104391
826737.7261124066
841160.871456135
855693.4302659449
870334.5236936364
885083.2681360317
899938.7755453128
914900.1537322451
929966.5066623751
945136.9347453007
960410.5351171113
975786.4019160874
991263.626551761
1.0068412979674296e6
1.0225185028962274e6
1.038294326110846e6
1.0541678506670091e6
1.0701381581407923e6
1.0862043288598924e6
1.102365442128946e6
1.1186205764489837e6
1.1349688097311398e6
1.1514092195046898e6
1.1679408831195354e6
1.184562877943219e6
1.2012742815525732e6
1.2180741719200958e6
1.2349616275951464e6
1.2519357278800635e6
1.2689955530012946e6
1.28614018427562e6
1.3033687042715896e6
1.3206801969662344e6
1.3380737478971623e6
1.3555484443101236e6
1.37310337530213e6
1.3907376319602241e6
1.4084503074959728e6
1.4262404973757854e6
1.4441072994471309e6
1.4620498140607392e6
1.480067144188876e6
1.4981583955397613e6
1.5163226766682232e6
1.5345590990826616e6
1.5528667773483915e6
1.5712448291874656e6
1.5896923755750256e6
1.6082085408322723e6
1.6267924527161354e6
1.6454432425056873e6
1.664160045085404e6
1.6829419990253344e6
1.7017882466582216e6
5.062499044941615
8.610725393837113
13.874627119841207
21.3853062378806
31.760904807196074
45.70904055456889
64.02846859633237
87.61002203576993
117.43688503479848
154.5842514498024
200.21842170647983
255.59538953092988
322.0589688077024
401.03850918941134
494.0462471963816
602.6743374684912
728.591606610832
873.5400697517512
1039.3312475436978
1227.8423189173407
1441.0121424749414
1680.8371770070182
1949.3673292625697
2248.701754782417
2580.98463540396
2948.400954882767
3353.17229201857
3797.5526487735515
4283.824328942548
4814.293881132771
5391.288118570561
6017.1502260241505
6694.235963356323
7424.909973532263
8211.542201789636
9056.504431530515
9962.166941453792
10930.895287493531
11965.047212258523
13066.969683877747
14238.996065439724
15483.443415567615
16802.609920090876
18198.772454255428
19674.184274451374
21231.072838027998
22871.637749406404
24598.04883038406
26412.444312253556
28316.929147122453
30313.573435622377
32404.41096802766
34591.43787566273
36876.61138938938
39261.848701823896
41749.02592990576
44339.97717447363
47036.493673263336
49840.32304396333
52753.16861382657
55776.68883239932
58912.4967639451
62162.15965618124
65527.19858198814
69009.08815080389
72609.25628647779
76329.08406841812
80169.90563293971
84133.00813179044
88219.63174491073
92430.96974455948
96768.16860802127
101232.32817618936
105824.50185540717
110545.69686002753
115396.87449324196
120378.95046380737
125492.79523638765
130739.23441330889
136119.04914560547
141632.97657132248
147281.71027911236
153065.90079524776
158986.15609224563
165043.0421173758
171237.08333940004
177568.76331195657
184038.5252520827
190646.77263242583
197393.8697857702
204280.14252056187
211305.8787461854
218471.3291067964
225776.7076225832
233222.19233738125
240807.92597161618
248534.01657961393
256400.53821035626
264407.53157081647
272555.00469105557
280842.9335903013
289271.26294328424
297839.90674613416
306548.7489811983
315397.64428016206
324386.4185849054
333514.8698055572
342782.7684752423
352189.8584010548
361735.85731081537
371420.4574952062
381243.326444901
391204.1074823392
401302.42038781615
411537.86201958725
421910.006927707
432418.4079613494
443062.59686937206
453842.0848939128
464756.36335682345
475804.9042387633
486987.1607507991
498302.5678983612
509750.5430374393
521330.4864229032
533041.7817488471
544883.7966808849
556855.8833803174
568957.3790201162
581187.6062926792
593545.873909318
606031.4770914544
618643.6980535099
631381.8064774752
644245.0599791694
657232.7045661936
670343.9750875894
683578.0956752406
696934.2801770325
710411.7325818158
724009.6474362126
737727.2102533111
751563.5979133025
765517.97905612
779589.5144661359
793777.3574489814
808080.6542005687
822498.5441683689
837030.1604050429
851674.6299144812
866431.073990354
881298.6085472376
896276.3444444136
911363.3878024231
926558.8403124685
941861.7995387447
957271.3592138032
972786.6095270329
988406.6374063584
1.0041305267932458e6
1.019957358911112e6
1.0358862125272355e6
1.0519161642082683e6
1.0680462885694394e6
1.0842756585175507e6
1.1006033454878614e6
1.1170284196749674e6
1.1335499502577526e6
1.1501670056185338e6
1.1668786535564777e6
1.1836839614953941e6
1.200581996686008e6
1.21757182640279e6
1.2346525181354575e6
1.2518231397752326e6
1.2690827597959489e6
1.286430447430114e6
1.303865272839998e6
1.3213863072838655e6
1.3389926232774253e6
1.35668329475059e6
1.374457397199645e6
1.3923140078349018e6
1.41025220572394e6
1.4282710719305028e6
1.4463696896491568e6
1.464547144335782e6
1.4828025238339796e6
1.5011349184974935e6
1.5195434213087067e6
1.5380271279933057e6
1.5565851371311995e6
1.5752165502637466e6
1.5939204719973996e6
1.6126960101038152e6
1.6315422756165257e6
1.650458382924236e6
1.6694434498608161e6
1.6884965977920701e6
1.707616951699352e6
1.7268036402600866e6
5.066268964396652
8.61790611187343
13.887457026108805
21.40705238790524
31.79616962914632
45.76411715111831
64.1117454921736
87.73243760605915
117.61243126908155
154.83052616046905
200.55722779077522
256.05337944301135
322.6683319952697
401.83769989927606
495.0807497551051
603.997465897057
730.2653352345949
875.6358913163085
1041.9310552411125
1231.0393086621289
1444.9117317421183
1685.5579365516135
1955.0419240782999
2255.477890721865
2589.026007972395
2957.888196826665
3364.303916457522
3810.5459847666534
4298.916446526745
4831.742503043924
5411.37251601911
6040.172096070473
6720.520285611096
7454.805844082275
8245.423642427071
9094.771172539073
10005.245176377639
10979.238398483942
12019.136464757368
13127.314889556092
14306.13621256054
15557.947265406568
16885.076570236302
18289.831866331508
19774.49776734617
21341.33354578167
22992.57104370962
24730.412707644948
26557.029745290693
28474.560401633124
30485.108351660707
32590.741206806073
34793.48913206255
37095.34357063355
39498.25607282348
42004.137225847175
44614.85568126675
47332.23727650821
50158.06424713769
53094.07452642926
56141.96112881492
59303.37161382181
62579.9076271354
65973.12451546841
69484.53101196224
73115.58898890685
76867.71327462317
80742.27153141983
84740.5841916065
88863.92444861963
93113.5183003919
97490.54464217837
101996.13540612771
106631.37574497527
111397.30425730867
116294.91325194838
121325.14904906006
126488.91231570416
131787.05843360766
137220.39789702202
142789.6967386177
148495.67698143746
154339.0171150141
160320.3525938321
166440.2763563878
172699.3393631773
179098.0511520105
185636.88040912317
192316.25555462204
199136.5653408701
206098.15946247772
213201.34917663212
220446.4079325548
227833.5720089387
235363.0411582716
243034.97925700463
250849.51496058414
258806.7423624102
266906.7216558375
275149.47979838063
283535.0111773332
292063.2782760518
300734.2123401994
309547.7140432859
318503.6541508769
327601.87418288464
336842.1870733884
346224.3778274676
355748.2041745614
365413.3972179039
375219.66207960906
385166.6785410154
395254.1016779213
405481.56249037205
415848.668526686
426355.0045014241
437000.1329070426
447783.59461897676
458704.9094939333
469763.5769611881
480959.0766066985
492290.8687498681
503758.39501280396
515361.07888194156
527098.326261911
538969.5260215357
550974.0505318862
563111.25619629
575380.483972255
587781.0598852291
600312.29553417
612973.4885888824
625763.9232791057
638682.8708753306
651729.5901613496
664903.3278985358
678203.3192818633
691628.7883876908
705178.9486133283
718853.0031084203
732650.1451981851
746569.5587985431
760610.4188231981
774771.891582708
789053.1351756143
803453.2998716799
817971.5284873154
832606.9567532467
847358.7136745084
862225.9218828279
877207.6979814902
892303.1528827476
907511.3921378711
922831.5162599233
938262.6210393338
953803.7978523755
969454.133962621
985212.7128154769
1.001078614325891e6
1.0170509151593114e6
1.0331286890060103e6
1.0493110068488494e6
1.065596937224599e6
1.0819855464788908e6
1.0984758990149128e6
1.1150670575359322e6
1.1317580832817566e6
1.1485480362592111e6
1.1654359754667475e6
1.182420959113265e6
1.1995020448312499e6
1.2166782898843253e6
1.233948751369307e6
1.2513124864128584e6
1.2687685523628427e6
1.2863160069744617e6
1.3039539085912835e6
1.321681316321234e6
1.3394972902076666e6
1.357400891395584e6
1.3753911822931054e6
1.393467226728281e6
1.4116280901013212e6
1.4298728510699002e6
1.4482005440047598e6
1.4666102745042322e6
1.485101104153567e6
1.5036721083433337e6
1.522322364858486e6
1.5410509540009773e6
1.5598569587084919e6
1.5787394646693582e6
1.597697560433707e6
1.6167303375209887e6
1.6358368905238905e6
1.655016317208751e6
1.67426771861254e6
1.6935901991364732e6
1.7129828666363393e6
1.7324448325096143e6
1.7519752117794212e6
5.069999201641077
8.625011681777961
13.900153510147545
21.428573935179326
31.831072889869358
45.8186334740376
64.19418226667815
87.85362902256564
117.78623819742809
155.07438430615238
200.89274279312815
256.50696712985996
323.27190160838745
402.6293777553561
496.1056405082295
605.3084483200225
731.9238892364208
877.7129527596637
1044.5078950135646
1234.20843238605
1448.7777964765155
1690.2386808416445
1960.6691077416133
2262.198240820741
2597.0021675054973
2967.2996727783793
3375.348023966195
3823.4387843078784
4313.893671159112
4849.06047291863
5431.309037527323
6063.027343162998
6746.617661004809
7484.492818239697
8279.072568370257
9132.780074732058
10048.038512082248
11027.267790160786
12072.881402246734
13187.283400931155
14372.865502686518
15632.00432146382
16967.058733371105
18380.36736912212
19874.246236508
21450.98646988951
23112.852205749572
24862.07858232617
26700.869861145977
28631.397668029957
30655.79935093046
32776.17645177822
34994.59328936384
37313.075650180836
39733.609583996695
42258.140300887484
44888.57116649698
47626.76279201221
50474.53221558071
53433.652171734786
56505.85044544552
59692.80930743806
62996.16502743089
66417.50746199762
69958.37971379492
73620.27785895465
77404.65073949506
81312.89981766866
85346.37908923459
89506.3950527127
93794.20673175046
98211.02574781369
102758.01644048488
107436.29603274047
112246.9348386496
117190.95651102866
122269.33832665769
127483.01150675242
132832.8615704653
138319.72871926572
143944.4082501345
149707.6509955822
155610.1637885794
161652.6099505621
167835.6098007527
174159.74118510546
180625.54002325953
187233.50087195405
193984.07750342094
200877.6834973456
207914.69284504422
215095.44056456897
222420.2233255167
229889.30008237105
237502.89271526985
245261.18667720712
253164.33164617402
261212.4421827791
269405.598389953
277743.84657637693
286227.19992132956
294855.6391406886
303629.1131532888
312547.5397469646
321610.8062436274
330818.7701627789
340171.2598828906
349668.07530012133
359308.9884838662
369093.74432867917
379022.061202124
389093.631588152
399308.1227256255
409665.17724163353
420164.4137792748
430805.42761960236
441587.791297455
452511.05521091266
463574.7482241458
474778.3782634376
486121.43290618656
497603.3799627076
509223.6680506724
520981.72716204514
532876.9692223832
544908.7886423888
557076.5628616109
569379.6528842135
581817.4038067346
594389.1453377722
607094.1923095481
619931.8451813109
632901.3905345453
646002.1015599676
659233.2385363018
672594.0493008225
686083.7697116779
699701.6241020043
713446.8257258486
727318.5771959247
741316.0709132433
755438.4894886398
769685.0061562544
784054.7851790143
798546.9822461564
813160.7448628637
827895.2127320722
842749.518128506
857722.7862650203
872814.1356513143
888022.6784450982
903347.5207957807
918787.7631807663
934342.5007344388
950010.823569921
965791.8170936849
981684.5623131115
997688.1361370853
1.0138016116697122e6
1.0300240584972521e6
1.0463545429683607e6
1.0627921284677293e6
1.0793358756832213e6
1.0959848428666024e6
1.1127380860879433e6
1.129594659483808e6
1.1465536154993207e6
1.1636140051241894e6
1.180774878122808e6
1.1980352832585068e6
1.2153942685120683e6
1.2328508812945865e6
1.2504041686547708e6
1.2680531774807998e6
1.2857969546967917e6
1.303634547454014e6
1.3215650033169119e6
1.3395873704440366e6
1.357700697763994e6
1.375904035146474e6
1.3941964335684686e6
1.4125769452757677e6
1.4310446355276275e6
1.4495985248099773e6
1.4682377048614633e6
1.4869612229387064e6
1.505768139894576e6
1.5246575187253319e6
1.5436284247014634e6
1.5626799254944827e6
1.5818110912997574e6
1.6010209949554643e6
1.620308712057733e6
1.6396733210720748e6
1.6591139034411581e6
1.6786295436890093e6
1.6982193295217284e6
1.7178823519247668e6
1.737617705256868e6
1.7574244873407208e6
1.7773017995504134e6
5.073690374506848
8.632043264632514
13.91271861619444
21.44987428982971
31.86562002548721
45.8725978594492
64.27579128136804
87.97361408634161
117.95833079928722
155.3158601417721
201.22501272896397
256.95621326530335
323.86975630902566
403.4136431814415
497.1210458633377
606.6074417949163
733.5674614209535
879.7714881390852
1047.0620480523064
1237.3500246290719
1452.6107310624418
1694.8798708198424
1966.2494146140923
2268.863419784716
2604.913815952594
2976.6361787058117
3386.3055110740647
3836.2320506874685
4328.757118620892
4866.249024168552
5451.099038552048
6085.717448358568
6772.529698749962
7513.972634787317
8312.490848102114
9170.533134992773
10090.549070976824
11074.985705865296
12126.284382543086
13246.877681833224
14439.186495164822
15705.617225501828
17048.559118484005
18470.38172100463
19973.43246920152
21560.034403220114
23232.48400782105
24993.049176969787
26843.96730032837
28787.443469313464
30825.648800166466
32960.718871294375
35194.75227197952
37529.80925945471
39967.910521169084
42511.03603903923
45161.124052499945
47920.070116886665
50789.72625392158
53771.9001909027
56868.35468525186
60080.80693108093
63410.92804446336
66860.34262412989
70430.6283843494
74123.3158568067
77939.8881583426
81881.78082148229
85950.38168474524
90147.03083979565
94473.02063256726
98929.5957155697
103517.95314865858
108239.24254563483
113094.56626410897
118084.97963615674
123211.49123736267
128475.06319193404
133876.61151164764
139417.00646646612
145097.0729847455
150917.59108102924
156879.2963095016
162982.8802412478
169228.99096354598
175618.2335994817
182151.17084625372
188828.32353060486
195650.1711798801
202617.15260728123
209729.66650995036
216988.0720785769
224392.68961728353
231943.80117260505
239641.65117043376
247486.4470598517
255478.35996283582
263617.52532886143
271904.04359348863
280337.9808400562
288919.3694636615
297648.20934965473
306524.4659748276
315548.07620384806
324718.94382487226
334036.9427791236
343501.9173106138
353113.68262653827
362872.0255548217
372776.70519833267
382827.45358531445
393023.976315616
403365.9532023261
413853.03890844836
424484.863578276
435261.03346315183
446181.13154132385
457244.7181316248
468451.33150073304
479800.4884637821
491291.68497811886
502924.39673001587
514698.0797141674
526612.1708058218
538666.0883254029
550859.2325955017
563190.9864901318
575660.7159761486
588267.7706467555
601011.4842470231
613891.175191365
626906.1470729229
640055.6891648234
653339.0769132811
666755.5724225283
680304.4249315629
693984.8712827112
707796.1363820178
721737.4336514717
735807.9654730903
750006.9236248898
764333.4897087737
778786.8355703776
793366.123710919
808070.507691095
822899.1325270782
837851.135078685
852925.6444297556
868121.7822608264
883438.6632141572
898875.3952511864
914431.0800024872
930104.8131102995
945895.6845637262
961802.7790266637
977825.1761585543
993961.9509280487
1.0102121739196631e6
1.0265749116335177e6
1.0430492267782462e6
1.0596341785571715e6
1.0763288229478279e6
1.0931322129749358e6
1.1100433989769134e6
1.1270614288660183e6
1.144185348382215e6
1.161414201340865e6
1.1787470298743278e6
1.196182874667573e6
1.2137207751878926e6
1.2313597699088121e6
1.2490988965282943e6
1.2669371921813241e6
1.284873693646979e6
1.3029074375500646e6
1.321037460557418e6
1.3392627995689758e6
1.3575824919036762e6
1.3759955754803168e6
1.3945010889934362e6
1.4130980720843144e6
1.431785577131543e6
1.4505626112907764e6
1.4694282528951492e6
1.4883815353641296e6
1.5074215054732095e6
1.5265472118731304e6
1.5457577052291827e6
1.5650520383563235e6
1.5844292663501822e6
1.6038884467140462e6
1.623428639481901e6
1.643048907337597e6
1.662748315730244e6
1.6825259329858823e6
1.7023808304155262e6
1.7223120824196541e6
1.7423187665892022e6
1.7623999638031565e6
1.782554758322807e6
1.8027822378827278e6
5.077343088177949
8.639001997976663
13.925154347471153
21.470956794341504
31.899816365619312
45.92601848231486
64.35658466215932
88.0924102642685
118.12873359268755
155.5549873002329
201.55408279315796
257.40117746179
324.46197341073326
404.19059491636796
498.12709015459643
607.8946008640861
735.1962415824698
881.8117279542092
1049.593791394605
1240.4644151365533
1456.4109244114752
1699.481961249514
1971.7833721537384
2275.4740346877293
2612.761646914967
2985.898501542641
3397.177264641502
3848.926776963458
4343.507894001012
4883.309379179224
5470.743863348247
6108.243881527032
6798.257997112288
7543.2470220633795
8345.680340463821
9208.032341706432
10132.778968498793
11122.394383919092
12179.347760865623
13306.10019643324
14505.101753074672
15778.788627231554
17129.580447276094
18559.87769853571
20072.059277088014
21668.48017005367
23351.4692614896
25123.327262138202
26986.324761052616
28942.700396855475
30994.65914616369
33144.370726518995
35393.96811099618
37745.54615155617
40201.16030802857
42762.825479578125
45432.51493552398
48212.15934208462
51103.6458818679
54108.817462741084
57229.472012770195
60467.36185791735
63824.19319216091
67301.62554610925
70901.27152289645
74624.6963448372
78473.4176610676
82448.90534109672
86552.58134193848
90785.819632934
95149.94617539927
99646.23895430512
104275.92805926906
109040.19581221954
113940.17693916366
118976.95878357587
124151.58155899633
129465.03863851103
134918.2768788647
140512.19697703136
146247.65385715166
152125.4570858167
158146.37131375886
164311.1167420803
170620.3696112287
177074.76271099673
183674.88590989335
190421.28670230947
197314.4707719575
204354.9025701418
211543.00590747083
218879.16455769102
226363.72287237959
233996.98640529116
241779.22254521732
249710.66115625916
257791.49522448378
266021.88150997134
274401.9412033211
282931.76058572513
291611.39169176883
300440.8529741626
309420.1299696458
318549.17596535775
327827.91266499663
337256.23085413495
346833.9910640945
356561.0242338185
366437.132369212
376462.08919945656
386635.640829834
396957.5063906265
407427.37868168496
418044.9248122914
428809.78683595813
439721.5823798426
450779.905268471
461984.326141491
473334.3930651979
484829.6321375933
496469.5480867612
508253.6248623617
520181.3262200606
532252.0962987333
544465.3601902949
556820.5245020217
569316.9779112524
581954.0917123581
594731.2203559002
607647.7019798907
620702.8589330901
633895.9982902957
647226.4123595655
660693.3791813526
674296.1630195215
688034.0148442319
701906.1728066814
715911.8627057107
730050.2984462809
744320.6824898293
758722.2062965418
773254.05075955
787915.386631105
802705.3749407599
817623.1674056011
832667.906832584
847838.7275130275
863134.7556093176
878555.1095338914
894098.9003205538
909765.2319882136
925553.2018970872
941461.9010974643
957490.4146711001
973637.8220653187
989903.1974199051
1.006285609886866e6
1.0227841239431547e6
1.0393977996964331e6
1.0561256931839688e6
1.072966856664745e6
1.0899203389048849e6
1.1069851854564708e6
1.124160438929855e6
1.1414451392595542e6
1.1588383239638142e6
1.176339028397947e6
1.1939462860015223e6
1.21165912853952e6
1.2294765863375247e6
1.2473976885110573e6
1.265421463189153e6
1.2835469377322514e6
1.3017731389445153e6
1.3200990932806628e6
1.3385238270473953e6
1.3570463665995384e6
1.3756657385309485e6
1.3943809698603223e6
1.4131910882119571e6
1.4320951219915776e6
1.4510921005573126e6
1.4701810543859014e6
1.4893610152342306e6
1.5086310162962729e6
1.5279900923555295e6
1.5474372799330524e6
1.5669716174311226e6
1.586592145272695e6
1.6062979060366538e6
1.626087944588996e6
1.6459613082100004e6
1.6659170467174677e6
1.685954212586117e6
1.7060718610632066e6
1.7262690502804585e6
1.7465448413623718e6
1.766898298530978e6
1.7873284892071346e6
1.8078344841084173e6
1.8284153573436853e6
5.0809579355095424
8.645888996394934
13.937462667193946
21.491824725200672
31.933667135929483
45.97890336022631
64.43657430480575
88.21003469663009
118.29747064447865
155.79179880592397
201.87999737741785
257.8419182922939
325.04862890569166
404.96033004679936
499.12389568177286
609.1700776003274
736.8104165573343
883.8338992063216
1052.1033979895922
1243.5519289310791
1460.178760039361
1704.0454007951164
1977.2715009974095
2282.030685053929
2620.54634572439
2995.0874192599103
3407.9641619198164
3861.5239460090097
4358.147091718976
4900.242749305011
5490.244844928921
6130.608101268204
6823.804143276015
7572.317697765696
8378.64289438746
9245.279674410205
10174.730312669382
11169.4960570726
12232.073889164209
13364.95340843615
14570.613842379622
15851.521183191708
17210.12545285937
18648.85809495261
20170.12949451242
21776.326624137233
23469.810815397424
25252.91565395265
27127.94499649193
29097.17110734753
31162.832912402886
33327.13436771496
35592.24294009854
37960.28819681745
40433.36050127513
43013.50981177849
45702.744580033905
48503.03074625577
51416.29082759528
54444.40309661491
57589.200846524036
60852.4717398947
64235.957250424966
67741.35210470772
71370.30399021828
75124.41307733694
79005.23180132256
83014.26463176616
87152.96791633578
91422.74978305184
95824.97009822937
100360.94047729479
105031.92434575515
109839.13704767627
114783.74599909618
119866.87088388418
125089.58388962648
130452.90998120053
135957.8272097798
141605.26705508024
147396.11479874715
153331.20992684824
159411.34655951773
165637.2739058709
172009.69674238045
178529.27591297592
185196.62884920082
192012.3301088295
198976.91193141052
206090.86480927336
213354.63807259497
220768.64048718748
228333.24086372656
236048.76867720095
243915.51469549115
251933.73161547043
260103.63470706198
268425.4024617716
276899.1772472184
285525.0659652737
294303.14071344316
303233.4394486132
312315.9666523815
321550.6939972568
330937.5610130272
340476.4757526558
350167.31545708823
360009.9272183954
370004.1286407101
380149.708498448
390446.4273913333
400894.01839578536
411492.1877122419
422240.615308035
433138.9555554483
444186.8378646215
455383.867310985
466729.6252569334
478223.6699674702
489865.5372195717
501654.7409050453
513590.77362667193
525673.1072874403
537901.1936727037
550274.465025098
562792.3346120821
575454.1972859751
588259.4300363776
601207.3925348792
614297.4276719658
627528.862086054
640901.0066845923
654413.1571571738
668064.5944806256
681854.585416037
695782.3829977129
709847.2270140303
724048.3444802004
738384.9501029357
752856.2467370316
767461.4258338825
782199.6678819509
797070.1428392207
812072.0105576757
827204.4211998319
842466.515647375
857857.4259019562
873376.2754781927
889022.1797889367
904794.246522867
920691.5760144816
936713.2616065415
952858.3900050515
969126.0416268444
985515.2909398492
1.0020252067961124e6
1.0186548527576644e6
1.035403287415304e6
1.0522695647003953e6
1.0692527341897443e6
1.0863518414036667e6
1.1035659280973056e6
1.1208940325453163e6
1.1383351898199895e6
1.1558884320629062e6
1.17355278875022e6
1.19132728695166e6
1.209210951583331e6
1.2272028056544256e6
1.2453018705079227e6
1.2635071660553715e6
1.2818177110058581e6
1.300232523089235e6
1.3187506192737164e6
1.337371015977929e6
1.3560927292775041e6
1.3749147751063139e6
1.3938361694524253e6
1.4128559285488846e6
1.4319730690593987e6
1.4511866082590204e6
1.4704955642099204e6
1.4898989559323268e6
1.509395803570737e6
1.5289851285554657e6
1.5486659537596335e6
1.5684373036516758e6
1.588298204443447e6
1.6082476842340212e6
1.628284773149252e6
1.648408503477187e6
1.668617909799417e6
1.6889120291184227e6
1.7092899009810293e6
1.72975056759801e6
1.750293073959946e6
1.7709164679493997e6
1.7916198004494838e6
1.812402125448896e6
1.8332625001435024e6
1.854199985034524e6
5.084535497337597
8.652705352086734
13.949645499554467
21.51248129448961
31.967177460601597
46.03126035709218
64.51577188019648
88.3265042044877
118.4645655803123
156.0263270878861
202.20280008725268
258.2784933117163
325.629797491173
405.7229440393251
500.11158274847685
610.4340216516646
738.4101702755527
885.8382254567227
1054.5911367632154
1246.612886383482
1463.9146161422136
1708.5706321023777
1982.714315043119
2288.533962939914
2628.268589522518
3004.203700939198
3418.667070614157
3874.024530558475
4372.675795552477
4917.050334870251
5509.60330503288
6152.811554838617
6849.169713221187
7601.186368770257
8411.380348645886
9282.27710346358
10216.405203672863
11216.292951980864
12284.465115478648
13423.439780309855
14635.725331011745
15923.817555673153
17290.196878505667
18737.325718730393
20267.64597685229
21883.576646808247
23587.51155314391
25381.817211712896
27268.830812118795
29250.85831984475
31330.17269577903
33509.012230638364
35789.57899161209
38174.037378444365
40664.51278590485
43263.090369791185
45971.81391316547
48792.6847897603
51727.66102130394
54778.65642552949
57947.53985161904
61236.13449983259
64646.21732208672
68179.51850026978
71837.7209991109
75622.46019046188
79535.32354589552
83577.85039457546
87751.53174341182
92057.81015657648
96498.07969151795
101073.68588868389
105785.92581222884
110636.04813906067
115625.25329364711
120754.69362608761
126025.47363102334
131438.65020503898
136995.23294028797
142696.18445214178
148542.42073875046
154534.81157046554
160674.1809071602
166961.3073415479
173396.92456667946
179981.72186586287
186716.34462332516
193601.3948540025
200637.4317509094
207824.9722486063
215164.49160134658
222656.42397454637
230301.16304828046
238099.06263156811
246050.43728626755
254155.56295945248
262414.6776232014
270827.9819207767
279395.6398182269
288117.7792604872
296994.4933440915
306025.83841476816
315211.83986182563
324552.4876540979
334047.7395712303
343697.52135695453
353501.7273846162
363460.2213213848
373572.83679058414
383839.37803162506
394259.6205570418
404833.3118061801
415560.1717950961
426439.8937622699
437472.14480975096
448656.5665393883
459992.77568381745
471480.36473189906
483118.90254833276
494907.93498718337
506846.985499082
518935.55573188234
531173.1261245711
543559.156494253
556093.0866160372
568774.336795682
581602.3084348597
594576.3845889195
607695.9305170473
620960.2942247248
634368.8069984042
647920.7839323387
661615.5244474992
675452.3128025383
689430.4185967605
703549.0972650684
717807.5905648696
732205.1270549316
746740.9225661815
761414.1806644549
776224.093105208
791169.8402802054
806250.5916562139
821465.5062057319
836813.7328297858
852294.4107728351
867906.670029839
883649.6317455235
899522.4086059101
915524.1052221608
931653.8185068091
947910.638042424
964293.6464427937
980801.9197066908
997434.5275642928
1.0141905338163323e6
1.031068996666059e6
1.0480689690440879e6
1.0651894989262228e6
1.0824296296443287e6
1.0997884001903445e6
1.1172648455135196e6
1.1348579968109608e6
1.1525668818115802e6
1.1703905250535277e6
1.1883279481552045e6
1.20637817007994e6
1.2245402073944286e6
1.242813074521018e6
1.26119578398393e6
1.279687346649519e6
1.2982867719606557e6
1.316993068165315e6
1.3358052425394803e6
1.3547223016044365e6
1.3737432513385548e6
1.392867097383662e6
1.4120928452460605e6
1.4314195004923302e6
1.4508460689399613e6
1.4703715568429301e6
1.4899949710723034e6
1.5097153192919483e6
1.529531610129453e6
1.5494428533423238e6
1.5694480599795582e6
1.5895462425386796e6
1.6097364151183057e6
1.6300175935663478e6
1.6503887956239127e6
1.6708490410649944e6
1.691397351832041e6
1.7120327521674556e6
1.732754268741146e6
1.75356093077416e6
1.7744517701585174e6
1.7954258215732987e6
1.8164821225970597e6
1.8376197138166637e6
1.8588376389325904e6
1.8801349448607992e6
5.088076342779304
8.659452135419535
13.96170473067208
21.532929651437556
32.00035236474621
46.083097186724146
64.59418883951213
88.44183529686332
118.63004159437027
156.25860399265417
202.5225337585368
258.71095907779716
326.20555259541476
406.4785307718825
501.0902696996428
611.6865802852964
739.9956838114448
887.8249268841773
1057.0572726822923
1249.6476032830221
1467.618865672023
1713.058091877926
1988.1123215321375
2294.9844530171813
2635.9290473410238
3013.2481068471834
3429.286848948678
3886.429493259087
4387.09507866949
4933.733325176272
5528.820554100036
6174.85567808767
6874.35627161246
7629.854730963704
8443.894531619171
9319.02658973822
10257.805733458514
11262.787288705635
12336.523783328117
13481.561772548595
14700.438787994792
15995.680411687066
17369.797476444426
18825.283392193574
20364.6115989267
21990.233145184022
23704.574391238464
25510.034835595932
27408.98506313172
29403.764812902504
31496.68116343
33690.00683303766
35985.97859266112
38386.7957883563
40894.61897062508
43511.56862766072
46239.724019326815
49081.12210883805
52037.756588938915
55111.576999385536
58304.48793251767
61618.34832370228
65054.97082344215
68616.12124796002
72303.51810509668
76118.83219239958
80063.68626431968
84139.65476548336
88348.26362706293
92690.99012332519
97169.26278550223
101784.46137019532
106537.91687958715
111430.9116308165
116464.67937193089
121640.40544191834
126959.22697238335
132422.23312851414
138030.46538706165
143784.91784912263
149686.53758560022
155736.2250132846
161934.8342995711
168283.17379390783
174782.00648413476
181432.05047594718
188233.9794937847
195188.42340151826
202295.96874137
209557.1592895676
216972.49662730008
224542.4407255996
232267.4105428384
240147.7846335847
248183.90176762405
256376.0615579983
264724.5250969792
273229.51559893705
281891.2190491184
290709.78485739644
299685.32651610125
308817.9222610869
318107.61573522986
327554.4166536052
337158.3014696154
346919.2140413961
356837.06629785633
366911.73890374514
377143.0819231779
387530.91548108065
398075.03042204905
408775.18896614923
419631.12536121183
430642.54653120646
441809.1327203049
453130.53813226975
464606.3915648334
476236.29703874537
488019.834421206
499956.56004340603
512046.0073119318
524287.68731379934
536681.0894149094
549225.6818517325
561920.9123160471
574766.2085325666
587760.9788293212
600904.6127006584
614196.4813627483
627635.938301496
641222.3198127655
654954.9455348467
668833.1189730938
682856.1280166805
697023.245447434
711333.729440705
725786.8240582532
740381.7597331292
755117.7537465479
769994.0106967447
785009.7229598311
800164.0711426515
815456.2245276684
830885.3415099016
846450.5700259473
862151.0479751147
877985.9036327284
893954.2560556318
910055.2154799526
926287.8837111704
942651.3545065657
959144.713950088
975767.0408197251
992517.4069474337
1.0093948775717039e6
1.0263985116828298e6
1.043527362360958e6
1.0607804771069987e6
1.0781568981664756e6
1.0956556628463892e6
1.1132758038251856e6
1.1310163494559086e6
1.1488763240626205e6
1.1668547482301851e6
1.1849506390874854e6
1.2031630105841784e6
1.2214908737610702e6
1.2399332370141954e6
1.2584891063527016e6
1.2771574856506167e6
1.2959373768926002e6
1.314827780413761e6
1.333827695133635e6
1.3529361187844183e6
1.3721520481335323e6
1.391474479200628e6
1.4109024074691108e6
1.430434828092268e6
1.4500707360941092e6
1.4698091265649856e6
1.489648994852091e6
1.5095893367449308e6
1.5296291486558386e6
1.5497674277956386e6
1.5700031723445281e6
1.59033538161828e6
1.6107630562298305e6
1.6312851982463554e6
1.6519008113419095e6
1.6726089009457072e6
1.6934084743861335e6
1.7142985410305688e6
1.7352781124210863e6
1.7563462024061368e6
1.7775018272682652e6
1.7987440058479488e6
1.8200717596636494e6
1.841484113028117e6
1.8629800931610616e6
1.8845587302982346e6
1.906219057797012e6
5.091581029524628
8.666130395465936
13.973642209518918
21.55317288392702
32.03319677674045
46.13442141632548
64.67183641924379
88.55604417773563
118.79392145884599
156.4886607967836
202.83924047367964
259.1393711715448
326.7759664029258
407.2271825645185
502.06007295826737
612.9278984307256
741.567135433431
889.7942203414572
1059.5020668176608
1252.6563909067315
1471.2918764114347
1717.5082109683729
1993.4660211308405
2301.3827326547116
2643.5283801823725
3022.2213885115084
3439.824345733765
3898.7397867252225
4401.406003664515
4950.292898513927
5547.897891253782
6196.741895402634
6899.365371698809
7658.32446908907
8476.187261076831
9355.53008432647
10298.93398536447
11308.981280242726
12388.252231129647
13539.321842969304
14764.756782604702
16067.112421975138
17448.93000670762
18912.733950179987
20461.029253463195
22096.299050415088
23821.00227712339
25637.571464431054
27548.41065196515
29555.893421803343
31662.361049662522
33870.1207712732
36181.444161438834
38598.565623072354
41123.68098339721
43758.94619447787
46506.47613494373
49368.3435099291
52346.577846069726
55443.16457840203
58660.04422598942
61999.1116530894
65462.21541268402
69051.15716920918
72767.69119734314
76613.52395374869
80590.31371870282
84699.67030459229
88943.1548283089
93322.27954463095
97838.50773773997
102493.25366808569
107287.88257187657
112223.71071054641
117302.00546761183
122523.98549041583
127890.82087431688
133403.63338696322
139063.49673036387
144871.4368385399
150828.43220861763
156935.41426329472
163193.2677426859
169602.83112362417
176164.89706456906
182880.21287433794
189749.4810029482
196773.35955292732
203952.4628095094
211287.36178820592
218778.58479829898
226426.61802086828
234231.90610002144
242194.85274612883
250315.8213493596
258595.13560382652
267033.0801387901
275629.9011583149
284385.80708690843
293300.96922067547
302375.52238301456
311609.56558399455
321003.1626825896
330556.3430510057
340269.1022403583
350141.40264700656
360173.1741788938
370364.31492126524
380714.6918011846
391224.14125029615
401892.4698653109
412719.4550657344
423704.84574837174
434848.3629381868
446149.7004351097
457608.52545641764
469224.47927434056
480997.1778485635
492926.2124533236
505011.1502988193
517251.53514667356
529646.8879192093
542196.7073023159
554900.470341708
567757.6330323877
580767.6309011385
593929.879581911
607243.775383946
620708.6958525263
634324.0003222391
648089.0304626533
662003.1108163313
676065.5493291005
690275.6378725187
704632.6527584905
719135.8552459867
733784.4920398364
748577.7957815712
763514.9855323046
778595.2672476398
793817.8342446105
809181.8676606533
824686.5369046371
840331.0000999671
856114.4045197815
872035.8870142833
888094.5744302416
904289.5840226996
920620.0238589435
937084.9932147716
953683.5829631353
970414.8759551892
987277.9473938269
1.0042718651997662e6
1.0213956903702404e6
1.0386484773303786e6
1.0560292742773367e6
1.073537123517262e6
1.0911710617951665e6
1.108930120617782e6
1.1268133265694862e6
1.14481970162137e6
1.162948263433542e6
1.1811980256507504e6
1.199567998191395e6
1.218057187530038e6
1.2366645969734858e6
1.2553892269305259e6
1.2742300751754276e6
1.2931861371052696e6
1.3122564059912008e6
1.3314398732237208e6
1.3507355285520656e6
1.3701423603177876e6
1.3896593556826278e6
1.4092855008507567e6
1.4290197928871277e6
1.4488611819205382e6
1.4688086873659373e6
1.488861282108664e6
1.5090179507081055e6
1.5292776779864207e6
1.549639449213898e6
1.570102250289398e6
1.5906650679159537e6
1.6113268897716298e6
1.6320867046757198e6
1.652943502750349e6
1.6738962755776043e6
1.6949440163522258e6
1.7160857200299795e6
1.7373203834717798e6
1.758647005583624e6
1.7800645874524543e6
1.801572132477991e6
1.823168646500633e6
1.844853137925499e6
1.8666246178426766e6
1.8884821001437674e6
1.9104246016347937e6
1.9324511421455354e6
5.095050104119249
8.672741160525103
13.985459748818407
21.57321401995797
32.06571553050309
46.18524046988501
64.74872564607861
88.66914675285533
118.95622753318673
156.71652821907023
203.15296157741201
259.56378421719984
327.34110987923543
407.9689902095069
503.02110706141286
614.1581187220761
743.1247006529584
891.7463194109841
1061.9257764064357
1255.6395560879046
1474.934011047786
1721.921414438843
1998.7759080122617
2307.729372001617
2651.0672411011265
3031.124288797785
3450.2804004351688
3910.9563536132023
4415.609622598773
4966.730222181373
5566.8366042900925
6218.4716196621675
6924.198555223716
7686.597256604142
8508.260343975238
9391.789528267811
10339.792033762467
11354.877132073716
12439.652791644541
13596.722446039992
14828.681883567839
16138.116260060528
17527.597236020185
18999.680238755565
20556.901849620936
22201.77731600058
23936.798187264823
25764.430073549385
27687.110525880107
29707.24703587146
31827.21515297273
34049.356717007824
36375.978203586914
38809.34917975079
41351.70086710403
44005.224809664665
46772.07164334511
49654.34996414295
52654.1252919264
55773.41912670293
59014.20809423306
62378.42317783678
65867.94903324477
69484.62338335604
73230.23648978428
77106.53069810821
81115.20005377372
85257.88998564164
89536.19705422393
93951.6687617037
98505.80342089334
103200.0500803475
108035.80850290878
113014.42919503781
118137.21348433822
123405.41364276933
128820.23305309974
134382.82641623545
140094.29999712572
145955.71190702048
151968.07241993226
158132.3443212213
164449.44328629877
170920.23828751332
177545.55202735553
184326.16139618595
191262.79795275896
198356.1484258839
205606.85523562814
213015.51703253412
220582.6892533823
228308.88469209592
236194.5740844424
244240.1867052432
252446.11097686645
260812.69508782108
269340.24762033817
278029.0381858654
286879.29806745955
295891.22137992206
305064.9631640329
314400.6451621794
323898.3513609208
333558.13121332723
343379.9997921653
353363.93845594727
363509.8955153547
373817.7868994027
384287.49682074226
394918.8784395417
405711.75452540704
416665.91811684717
427781.1331778073
439057.13525083364
450493.6321064504
462090.304388365
473846.8062541367
485762.7660109728
497837.78674633737
510071.4469530783
522463.3011488067
535012.8804892724
547719.6933755074
560583.226054528
573602.9432133957
586778.2885664605
600108.6854356274
613593.5373234985
627232.2284792594
641024.1244571895
654968.5726676962
669064.9029207759
683312.4279618303
697710.4439997547
712258.2312272582
726955.0543333525
741800.1630079781
756792.7924387418
771932.163799736
787217.4847324359
802647.949818667
818222.7410456407
833941.028263074
849801.9696324097
865804.7120681513
881948.3916713431
898232.1341552363
914655.055263165
931216.261178689
947914.848928032
964749.9067748914
981720.5146076471
998825.7443190456
1.016064660178415e6
1.0334363191964775e6
1.0509397714828202e6
1.0685740605961024e6
1.0863382238870636e6
1.1042312928344181e6
1.122252293373696e6
1.1404002462191246e6
1.1586741671786187e6
1.1770730674619663e6
1.1955959539822934e6
1.214241829650886e6
1.233009693665457e6
1.2518985417919508e6
1.2709073666399517e6
1.2900351579318086e6
1.3092809027655437e6
1.3286435858716432e6
1.3481221898638133e6
1.3677156954837965e6
1.387423081840326e6
1.4072433266423196e6
1.4271754179825184e6
1.4472182967787546e6
1.4673709725516937e6
1.487632408074518e6
1.50800157735927e6
1.5284774543011682e6
1.5490590128738978e6
1.56974522731984e6
1.5905350723353291e6
1.611427523251003e6
1.6324215562073614e6
1.653516148325592e6
1.6747102778737594e6
1.6960029244284404e6
1.7173930690318793e6
1.7388796943447534e6
1.7604617847946358e6
1.7821383267202063e6
1.8039083085113277e6
1.8257707207450438e6
1.8477245563175697e6
1.8697688105723807e6
1.8919024814244364e6
1.9141245694806473e6
1.9364340781566466e6
1.9588300137899267e6
5.098484102239221
8.679285438629153
13.997159125918174
21.593056029070766
32.09791336770697
46.235561631479456
64.82486734165637
88.78115863638384
119.11698177310367
156.94223643247133
203.46373769219804
259.984251901741
327.9010527950979
408.70404300083027
503.973484695493
615.3773815396142
744.6685522725658
893.6814344595803
1064.3286549133652
1258.5974012837291
1478.5456272463778
1726.2981216509033
2004.0424699372845
2314.0249340697696
2658.546275285715
3039.957541987622
3460.6558432448883
3923.0801266105036
4429.706977044066
4983.046452506728
5585.637969672995
6240.046252197801
6948.8573523452305
7714.674755551925
8540.115576269429
9427.8068522924
10380.381943722714
11400.47704174089
12490.727791451602
13653.766032238644
14892.216658300295
16208.694601338042
17605.801936734442
19086.1251139779
20652.232311568092
22306.670916163424
24051.965125309333
25890.613672705244
27825.087674633298
29857.828595872164
31991.246333158644
34227.71741402676
36569.58330868103
39019.148852334816
41578.680775338325
44250.40633838827
47036.512069784905
49939.1426018717
52960.399603587706
56102.34080606432
59366.97911816685
62756.28182886281
66272.16989329945
69916.51729947948
73691.15051244035
77597.84799287228
81638.33978714069
85814.3071857199
90127.38244709313
94579.14858422265
99171.13921075089
103904.83844415305
108781.68086312262
113803.05151653937
118970.28598143114
124284.67046741741
129747.44196518422
135359.788436617
141122.84904428796
147037.71441806306
153105.426956672
159326.98116214943
165703.32400513117
172235.3553190574
178923.92822140714
185769.8495601537
192773.8803837005
199936.73643262542
207259.08865162142
214741.56372009218
222384.74459991956
230189.1710989811
238155.34044905918
246283.70789683665
254574.68730673764
263028.65177441534
271645.9342497585
280426.8281683257
289371.5880901748
298480.43034510233
307753.53368335485
317191.0399309192
326793.0546485415
336559.64779367595
346490.8543845914
356586.6751659164
366847.07727493596
377271.9949079904
387861.3299863632
398614.95282107906
409532.7027760668
420614.38892917085
431859.790730529
443268.6586578616
454840.71486824454
466575.6538459665
478473.14304609713
490532.82353341545
502754.31061637454
515137.19447579666
527681.0407880207
540385.391342238
553249.7646517768
566273.656559114
579456.5408344087
592797.8697673708
606297.0747522948
619953.5668661017
633766.7374392527
647735.9586194066
661860.5839277039
676139.948807589
690573.3711660713
705160.1519073562
719899.5754587795
734790.9102889904
749833.4094183354
765026.3109214153
780368.8384217797
795860.2015787469
811499.5965663393
827286.2065443242
843219.2021213723
859297.7418103428
875520.9724757089
891888.0297731457
908398.038581319
925050.1134258951
941843.3588958186
958776.8700518948
975849.7328277372
993061.0244231095
1.0104098136897365e6
1.0278951615096325e6
1.0455161211660112e6
1.0632717387068407e6
1.0811610533011071e6
1.0991830975878644e6
1.117336898018135e6
1.1356214751897394e6
1.1540358441751273e6
1.172579014842287e6
1.1912499921688184e6
1.2100477765492452e6
1.2289713640956476e6
1.2480197469316975e6
1.2671919134801913e6
1.286486848744141e6
1.3059035345815406e6
1.325440949973867e6
1.3450980712884145e6
1.3648738725345496e6
1.3847673256139685e6
1.4047774005650557e6
1.4249030772984053e6
1.4451432883446608e6
1.4654970340516106e6
1.485963267835854e6
1.506540953883907e6
1.527229055865964e6
1.5480265371413552e6
1.5689323609588055e6
1.5899454906515596e6
1.6110648898274857e6
1.6322895225542127e6
1.6536183535394191e6
1.6750503483063248e6
1.6965844733644933e6
1.7182196963760203e6
1.739954986317182e6
1.761789313635635e6
1.7837216504032514e6
1.8057509704646512e6
1.8278762495815316e6
1.8500964655728622e6
1.8724105984510179e6
1.8948176305539429e6
1.917316546673403e6
1.939906334179406e6
1.9625859831408833e6
1.9853544864426728e6
5.101883548957629
8.685764218034917
14.008742083638227
21.612701823729488
32.12979493993074
46.2853920484866
64.90027212720062
88.89209515736147
119.27620573935494
157.1658150757351
203.77160873328222
260.400826993945
328.4558637501654
409.4324287630426
504.9173167308516
616.5858250504895
746.1988604331043
895.5997726923283
1066.710952091294
1261.5302246420622
1482.1270777229784
1730.6387463398623
2009.2661883354472
2320.2699748163723
2665.9661201405374
3048.721873857558
3470.9514951536435
3935.1120286030264
4443.6990981300705
4999.2427348754045
5604.3032525360595
6261.4671827630855
6973.343281565536
7742.558616442608
8571.754742738882
9463.583976581118
10420.705770698043
11445.783198444702
12541.479550446282
13710.455047441841
14955.363672140722
16278.850122202164
17683.546885806965
19172.071440707423
20747.023577111875
22410.98284428364
24166.506120304453
26016.1253040673
27962.345128222296
30007.64109149393
32154.457508521922
34405.20567513871
36762.26214682007
39227.96712780927
41804.62296830957
44494.49276710072
47299.799076597876
50222.72270754491
53265.40163031846
56429.929969818324
59718.35709088365
63132.68678427143
66674.87645827807
70346.83660841892
74150.43010293238
78087.4717402272
82159.72779975942
86368.91567519284
90716.70357379147
95204.71027915746
99834.50497448248
104607.60712353839
109525.48640669062
114589.56270928617
119801.20615982541
125161.73721540383
130672.42679196945
136334.49643701597
142149.11854240377
148117.41659506274
154240.46546341464
160519.29171741076
166954.87398015987
173548.14330918476
180299.98360542135
187211.23204813641
194282.67955400902
201515.07125869146
208909.10701922196
216465.44193573407
224184.68689096306
232067.4091061156
240114.1327117241
248325.33933216997
256701.46868261523
265242.91917713115
273950.048546878
282823.1744672297
291862.57519279775
301068.4901993492
310441.12083166774
319980.6309564506
329687.14761937404
339560.7617055126
349601.5286023291
359809.46886449616
370184.5688798537
380726.7815358325
391436.0268857232
402312.19281419273
413355.1357014917
424564.68108582404
435940.62432338163
447482.73124557873
459190.738813042
471064.3557659509
483103.26327033754
495307.1155599848
507675.5405735906
520208.1405868785
532904.4928393656
545764.1501555158
558786.6415600253
571971.4728870142
585318.1273829002
598826.0663027695
612494.7295000573
626323.5360093748
640311.8846223414
654459.1544562762
668764.705515639
683227.8792461053
697847.9990811888
712624.370981317
727556.2839653001
742643.010634123
757883.8076870117
773277.9164297334
788824.5632750998
804522.9602356406
820372.3054084464
836371.7834521532
852520.5660560868
868817.8124015596
885262.6696153389
901854.2732152962
918591.747548278
935474.2062202077
952500.7525184664
969670.4798265848
986982.472031297
1.0044358039219918e6
1.0220295415826241e6
1.0397627427761343e6
1.0576344573214403e6
1.0756437274630552e6
1.0937895882333992e6
1.1120710678078732e6
1.130487187852765e6
1.1490369638660525e6
1.1677194055111844e6
1.1865335169439067e6
1.2054782971322201e6
1.224552740169545e6
1.2437558355811639e6
1.2630865686240364e6
1.282543920580062e6
1.3021268690428701e6
1.3218343881982348e6
1.3416654490981777e6
1.3616190199288672e6
1.3816940662723826e6
1.40188955136244e6
1.422204436334157e6
1.4426376804679546e6
1.4631882414276695e6
1.4838550754929793e6
1.504637137786208e6
1.5255333824936214e6
1.5465427630812775e6
1.5676642325055297e6
1.5888967434182724e6
1.6102392483670004e6
1.6316906999897857e6
1.6532500512052365e6
1.6749162553975391e6
1.696688266596665e6
1.71856503965381e6
1.7405455304121724e6
1.7626286958731287e6
1.7848134943579102e6
1.8070988856648437e6
1.8294838312222392e6
1.8519672942370188e6
1.874548239839143e6
1.8972256352219249e6
1.9199984497783128e6
1.9428656552332037e6
1.9658262257718698e6
1.988879138164582e6
2.0120233718874813e6
5.105248959003477
8.692178467701646
14.020210331095086
21.632154260666685
32.16136481075173
46.334738734712644
64.97495042802801
89.00197136600934
119.43392060630961
157.38729326474737
204.07661246226954
260.81356136301315
329.0056101961402
410.1542338795258
505.85271225565157
617.783585248703
747.7157926601246
897.5015382055592
1069.0729140407348
1264.4383200673365
1485.6787103155311
1734.943696691434
2014.447538385311
2326.4650432263925
2673.327405368356
3057.418001758797
3481.1681680248084
3947.052972669815
4457.587006594881
5015.320203761778
5622.833706689606
6282.735789510005
6997.657849669493
7770.250478146549
8603.179616826423
9499.122810541308
10460.765560226566
11490.797782662732
12591.910381364652
13766.791932341752
15018.125487682739
16348.585499211686
17760.834863816606
19257.522091464147
20841.27859637945
22514.716111387894
24280.424224980983
26140.96804027756
28098.885954704514
30156.68755891082
32316.851653156613
34581.82437917394
36954.01746531591
39435.8065825652
42029.52980886601
44737.486199201274
47561.93445848525
50505.09171452205
53569.13238805248
56756.18715691031
60068.34201126674
63507.6373969169
67076.06744355426
70775.579274978
74608.07239818822
78575.39816834677
82679.3593266063
86921.70960784375
91304.15341538095
95828.34555981345
100495.89105912557
105308.34499732238
110267.21243886625
115373.94839627047
120629.95784826046
126036.59580598593
131595.16742482633
137306.92815940565
143173.0839595017
149194.79150459712
155373.15847490146
161709.24385673017
168204.05828020576
174858.56438730878
181673.67722837944
188650.26468523455
195789.14791913185
203091.10184188385
210556.855608479
218187.09312964216
225982.45360281848
233943.53206013277
242070.87993193202
250365.00562457746
258826.3751112127
267455.4125342794
276252.5008186212
285217.98229405127
294352.15983584436
303655.29495549825
313127.61354069813
322769.30141039455
332580.5075172806
342561.3440969375
352711.88732948445
363032.1780034602
373522.2221812258
384181.99186520523
395011.4256643286
406010.4294600683
417178.87707149336
428516.6109188069
440023.4426848509
451699.1539741016
463543.4969687036
475556.1950811161
487736.94360297837
500085.4103498149
512601.23630124
525284.0362363294
538133.3993638605
551148.8899471378
564330.0479231412
577676.3895157574
591187.4078428709
604862.5735171033
618701.335240023
632703.1203896402
646867.3356010423
661193.3673400144
675680.5824695285
690328.3288089776
705135.9356860569
720102.7144811982
735227.9591644818
750510.9468249572
765950.938192308
781547.1781508254
797298.8962456418
813205.307181195
829265.6113119103
845478.9951250711
861844.6317158872
878361.6812547543
895029.2914467104
911846.5979831016
928812.7249854904
945926.7854418067
963187.8816347978
980595.10556279
998147.5393528208
1.0158442556661688e6
1.0336843180963377e6
1.0516667815595483e6
1.069790692677786e6
1.0880550901544655e6
1.1064590051427756e6
1.1250014616067647e6
1.1436814766752366e6
1.1624980609885235e6
1.1814502190382085e6
1.2005369494998648e6
1.2197572455588975e6
1.2391100952295575e6
1.258594481667198e6
1.2782093834738752e6
1.2979537749973445e6
1.3178266266235576e6
1.337826905062733e6
1.3579535736290787e6
1.3782055925142611e6
1.3985819190546996e6
1.419081507992768e6
1.4397033117319955e6
1.4604462805863512e6
1.4813093630236832e6
1.5022915059034356e6
1.5233916547086767e6
1.5446087537725738e6
1.5659417464993685e6
1.5873895755799504e6
1.608951183202119e6
1.630625511255601e6
1.6524115015319346e6
1.6743080959192733e6
1.6963142365922302e6
1.718428866196806e6
1.740650928030519e6
1.7629793662177993e6
1.7854131258807299e6
1.8079511533052276e6
1.8305923961027334e6
1.853335803367492e6
1.876180325829509e6
1.899124916003256e6
1.9221685283321997e6
1.9453101193292448e6
1.9685486477131443e6
1.9918830745409732e6
2.0153123633367377e6
2.0388354802161723e6
5.108580837013106
8.698529137755042
14.031565544502797
21.65141614219093
32.19262745778182
46.383608573435744
65.04891247794004
89.11080203987018
119.59014717029771
157.60669960360278
204.3787903586723
261.22250599677113
329.5503584594199
410.8695433201495
506.77977860908027
618.9707959943174
749.2195139094381
899.3869320389649
1071.4147832685517
1267.3219772856019
1489.2008680550703
1739.2133754177169
2019.5869890943568
2332.6106813947963
2680.6307530528757
3066.0466346976355
3491.306664669645
3958.9038621668524
4471.371712838518
5031.279982764979
5641.230574633271
6303.853438972198
7021.802551671762
7797.7519677977625
8634.391960489867
9534.425252597612
10500.563347652092
11535.522965789343
12642.022589331282
13822.779121890559
15080.504664091497
16417.903408289592
17837.668654021956
19342.479945328905
20935.000330547933
22617.873744693272
24393.72251409514
26265.14498257584
28234.71325808782
30304.971078422615
32478.43179432204
34757.57646807278
37144.85208548825
39642.669878869136
42253.40375862871
44979.3888508182
47822.92013792758
50786.25120011955
53871.5930540175
57081.11308610582
60416.93407776301
63881.133318917666
67475.74180730649
71202.74353030822
75064.07482633526
79061.62382278196
83197.22994755243
87472.68351122145
91889.72535692247
96450.04657509807
101155.28828029732
106007.04144725844
111006.84680356826
116156.19477625389
121456.52548971679
126909.2288124929
132515.64445037686
138277.06208352366
144194.72154520627
150269.81303997085
156503.47739900986
162896.8063706315
169450.8429437798
176166.58170262293
183044.9692102998
190086.90441997632
197293.23911143254
204664.77835146818
212202.28097647187
219906.46009557156
227777.98361283628
235817.4747670673
244025.51268777024
252402.63296596112
260949.32823851678
269666.0487848267
278553.2031345707
287611.1586854852
296840.2423300404
306240.7410899958
315812.9027578494
325556.9365442458
335473.013730443
345561.26832499757
355821.79772385134
366254.6633730552
376859.8914334032
387637.4734462807
398587.3670000759
409709.49639653414
421003.7533164639
432469.99748424906
444108.0573306352
455917.7306533058
467898.78527477826
480050.959697185
492373.963753534
504867.4792550572
517531.16063429427
530364.635583572
543367.5056885639
556539.3470566435
569879.7109397518
583388.1243515363
597064.0906785197
610907.0902850876
624916.5811120977
639091.9992689274
653432.7596187948
667938.2563572021
682607.8635833634
697440.9358644966
712436.808792867
727594.7995354859
742914.2073763773
758394.3142513379
774034.3852751248
789833.6692610193
805791.39923272
821906.7929285261
838179.0532977919
854607.3689896214
871190.9148338014
887928.8523139652
904820.3300329865
921864.4841706137
939060.4389333636
956407.3069966863
973904.1899394392
991550.1786706828
1.009344353848859e6
1.0272857862933653e6
1.0453735373885878e6
1.0636066594804341e6
1.081984196265419e6
1.100505183172356e6
1.119168647736713e6
1.1379736099676949e6
1.1569190827081245e6
1.176004071987165e6
1.1952275773659798e6
1.21458859227638e6
1.2340861043525448e6
1.253719095755882e6
1.2734865434931065e6
1.2933874197276123e6
1.3134206920842277e6
1.3335853239474068e6
1.3538802747529764e6
1.3743045002734796e6
1.3948569528972334e6
1.4155365819011577e6
1.4363423337174775e6
1.457273152194365e6
1.4783279788506276e6
1.499505753124502e6
1.5208054126166685e6
1.542225893327531e6
1.5637661298888957e6
1.585425055790092e6
1.6072016035986433e6
1.629094705175564e6
1.6511032918853774e6
1.6732262948009192e6
1.6954626449030328e6
1.7178112732752208e6
1.7402711112933569e6
1.7628410908105138e6
1.7855201443370152e6
1.8083072052157782e6
1.831201207793026e6
1.854201087584473e6
1.8773057814370191e6
1.9005142276860843e6
1.9238253663086204e6
1.9472381390718964e6
1.9707514896781375e6
1.9943643639050736e6
2.0180757097424993e6
2.0418844775249043e6
2.065789620060238e6
5.1118796777743825
8.704817159938132
14.04280936795143
21.67049021745827
32.223587274648125
46.432008320368524
65.12216832349968
89.21860168979225
119.74490585775189
157.8240621954077
204.6781788291254
261.6277110194572
330.09017376324516
411.57844066835116
507.69862141389336
620.1475890519249
750.7101866118664
901.2561522268551
1073.7367987457615
1270.181481908694
1492.6938892358205
1743.4481798324862
2024.6850033783774
2338.7074246085685
2687.8767777414587
3074.608473416474
3501.36777892375
3970.6655907954582
4485.054216979293
5047.12318464853
5659.495087573701
6324.821486054759
7045.778870772084
7825.064700707405
8665.393524065732
9569.493189997233
10540.101157861587
11579.96090979523
12691.818471430168
13878.41904488644
15142.503756462409
16486.806523956955
17914.051041457227
19426.947886887232
21028.19175062215
22720.458786204035
24506.40408282881
26388.659258988035
28369.83017629084
30452.494772170692
32639.201009897843
34932.46494406336
37334.76889951916
39848.55976143489
42476.247374235085
45220.20304670731
48082.75816072128
51066.20288076923
54172.78496149906
57404.70865034392
60764.13368231041
64253.17436395311
67873.89874354805
71628.32786446941
75518.43509877764
79546.14555804146
83713.33557843682
88021.83227719368
92473.41317749926
97069.80589900493
101812.68791113116
106703.68634641537
111744.37787120015
116936.28861101967
122280.8941280967
127779.61944843196
133433.8391360234
139244.87741182442
145214.0083151143
151342.45590501776
157631.39449998486
164081.94895310386
170695.19496118886
177472.15940565357
184413.82072324722
191521.1093047941
198794.90792014604
206236.05216762124
213845.33094626386
221623.48694932583
229571.21717742953
237689.17346993313
245977.96305307787
254438.14910355306
263070.25132617756
271874.7465444368
280852.0693026874
290002.61247887585
299326.7279066778
308824.7270060134
318496.8814209352
328343.4236639418
338364.5477658017
348560.4099300322
358931.12919120124
369476.7880762746
380197.433268268
391093.07627149177
402163.6940777264
413409.2298326905
424829.59350220545
436424.66253748455
448194.2825390172
460138.2679185382
472256.40255860856
484548.44046935596
497014.1064419597
509653.0966984762
522465.07953764277
535449.6959763046
548606.5603861455
561935.2611254192
575435.3611653948
589106.3987112611
602947.8878172447
616959.318995711
631140.1598200524
645489.8555211638
660007.8295773366
674693.4842974094
689546.2013970286
704565.342567894
719750.2500398655
735100.2471358285
750614.6388192262
766292.7122341716
782133.7372380723
798136.9669267068
814301.6381516991
830626.972030351
847112.1744478001
863756.4365514708
880558.9352378143
897518.8336313157
914635.281555773
931907.4159978445
949334.3615628862
966915.2309230794
984649.1252578899
1.0025351346868589e6
1.0205723386947911e6
1.0387598065493403e6
1.0570965977110611e6
1.0755817622359574e6
1.0942143411705769e6
1.1129933669397114e6
1.131917863726742e6
1.1509868478467078e6
1.170199328112143e6
1.1895543061917515e6
1.209050776961988e6
1.228687728851605e6
1.2484641441792466e6
1.2683789994841558e6
1.2884312658500685e6
1.3086199092223644e6
1.328943890718572e6
1.349402166932274e6
1.369993690230522e6
1.390717409044823e6
1.4115722681557813e6
1.4325572089714867e6
1.4536711697997167e6
1.4749130861140485e6
1.4962818908139567e6
1.517776514478981e6
1.5393958856170583e6
1.5611389309070755e6
1.5830045754357714e6
1.6049917429290253e6
1.6270993559776486e6
1.64932633625775e6
1.6716716047457613e6
1.6941340819282099e6
1.7167126880063114e6
1.7394063430954826e6
1.7622139674198392e6
1.785134481501771e6
1.8081668063466824e6
1.8313098636229576e6
1.854562575837254e6
1.8779238665051975e6
1.901392660317544e6
1.9249678833019142e6
1.9486484629801551e6
1.9724333285214147e6
1.9963214108910125e6
2.0203116429951733e6
2.044402959821697e6
2.0685942985766605e6
2.0928845988171857e6
5.115145966463867
8.711043448049345
14.053943414163902
21.689379183708695
32.254248572920126
46.47994460654205
65.19472782819705
89.32538456576124
119.89821673314762
158.03940865282178
204.9748151034937
262.0292257091037
330.6251202493624
412.2810081476452
508.6093446083018
621.314094128379
752.187970717192
903.1093938485587
1076.0391959644596
1273.0171154975394
1496.1581074844878
1747.6485019257775
2029.7420381403222
2344.755801428417
2695.0660865278733
3083.1042104753537
3511.3522957245395
3982.3390426724527
4498.635508912748
5062.850911383615
5677.628465447013
6345.641274030189
7069.588278318327
7852.190280286814
8696.186046144534
9604.328498629031
10579.381005038911
11624.113766906052
12741.3003162977
13933.71412299976
15204.125315208823
16555.29751859966
17989.984812065068
19510.928805214666
21120.855836258306
22822.474291359074
24618.472045246042
26511.514022575997
28504.239879170425
30599.261801927234
32799.16242591857
35106.492866924855
37523.77086747093
40053.47905409463
42698.063303688774
45459.93121626392
48341.45069163625
51344.9486073048
54472.70959473988
57726.974911233505
61109.94140441555
64623.76056650212
68270.5376753228
72052.33101916252
75971.15120245279
80028.96052935974
84227.67246233244
88569.15115270088
93055.21104044744
97687.61652031158
102468.08167143266
107398.2700477838
112479.79452669952
117714.21721286
123103.04939514458
128647.75155383824
134349.73341572622
140210.35405468283
146230.92203542465
152412.69559815794
158756.88288192643
165264.64218452226
171937.08225689663
178775.26263006785
185780.19397259585
192952.83847675176
200294.11027158098
207804.87586112096
215485.95458609425
223338.11910746736
231362.09591031776
239558.56582652038
247928.1645748147
256471.48331687832
265189.0692280873
274081.4260816913
283149.0148451974
292392.25479385594
301811.5215977265
311407.1530085035
321179.44443301734
331128.6521045165
341254.9932235602
351558.646610064
362039.7533595973
372698.4175031343
383534.70666950947
394548.65274985007
405740.25256330695
417109.4685234381
428656.2293046282
440380.4305079678
452281.9353260414
464360.5752061076
476616.15051118203
489048.43117856415
501657.15737537306
514442.0401506846
527402.762083891
540538.9779289194
553850.3152539793
567336.3750765232
580996.7324931251
594830.9373040121
608838.5146319924
623018.9655355434
637371.767615848
651896.3756175782
666592.2220232433
681458.7176409325
696495.2521853003
711701.1948516598
727075.8948830513
742618.6821301773
758328.8676041056
774205.7440216461
790248.586343325
806456.6523038932
822829.182935306
839365.4030821262
856064.5219093171
872925.7334023864
889948.2168598617
907131.1373780884
924473.6463283341
941974.8818261947
959633.9691933271
977450.021411493
995422.1395689566
1.0135494132992337e6
1.031830921212248e6
1.0502657313178973e6
1.0688529014420868e6
1.0875914796352666e6
1.106480504573513e6
1.1255190059522039e6
1.1447060048723412e6
1.1640405142195784e6
1.1835215390360062e6
1.2031480768847596e6
1.2229191182075082e6
1.2428336466748954e6
1.2628906395300014e6
1.2830890679248853e6
1.3034278972502928e6
1.3239060874585914e6
1.3445225933800186e6
1.3652763650323064e6
1.3861663479237729e6
1.407191483349948e6
1.4283507086838195e6
1.4496429576597807e6
1.4710671606513504e6
1.492622244942762e6
1.5143071349944908e6
1.5361207527028066e6
1.5580620176534448e6
1.5801298473694494e6
1.6023231575533152e6
1.624640862323468e6
1.647081874445201e6
1.6696451055561265e6
1.6923294663862407e6
1.7151338669726863e6
1.7380572168692718e6
1.7610984253508684e6
1.7842564016127307e6
1.8075300549648462e6
1.8309182950213877e6
1.8544200318853424e6
1.8780341763284116e6
1.9017596399662541e6
1.9255953354291427e6
1.9495401765281393e6
1.973593078416837e6
1.9977529577487598e6
2.0220187328305084e6
2.0463893237707003e6
2.0708636526248038e6
2.0954406435359367e6
2.1201192228716854e6
5.118380178877233
8.717208898368293
14.064969265231737
21.708085687468852
32.28461558398486
46.52742394111361
65.26660067650738
89.43116466258444
120.05009950674663
158.2527661083457
205.26873577450684
262.427098514526
331.15526099921186
412.97732664757507
509.5120504772187
622.4704389098104
753.6530237373191
904.9468490779864
1078.3222069938709
1275.8291556245895
1499.5938518287148
1751.8147284377371
2034.7585443485887
2350.7563337701695
2702.1992791350594
3091.5345303338786
3521.2609911897207
3993.925092401957
4512.116568373048
5078.464254195743
5695.631916945825
6366.31413454022
7093.232233776883
7879.130297979672
8726.771253457146
9638.933042855899
10618.404892434273
11667.983679299397
12790.470403736976
13988.666771012853
15265.371885477676
16623.379061766835
18065.472751865007
19594.42559290203
21212.995574632296
22923.923327729004
24729.929532803908
26633.712449747305
28637.945566614802
30745.275366955884
32958.31921418567
35279.6633513347
37711.8610143242
40257.430656567
42918.85428281334
45698.57588964553
48599.00001019123
51622.4903603736
54771.36858397181
58047.91309368959
61454.35800537877
64992.892162522796
68665.65824806268
72474.75198063214
76422.2213922652
80510.06618464857
84740.23716100388
89114.63573070792
93635.1134837912
98303.47183248782
103121.46171705211
108090.78337310467
113213.08615781624
118489.96843229666
123922.97749760555
129513.60958186725
135263.30987602618
141173.4726158463
147245.44120781918
153480.5083967091
159879.91647253218
166444.85751482667
173176.47367214228
180075.85747473812
187144.05217854667
194382.0521385242
201790.8032095728
209371.20317328404
217124.10218881394
225050.3032662642
233150.5627610024
241425.59088741528
249876.05225064588
258502.56639492378
267305.7083671568
276286.0092944953
285443.9569746517
294779.9964777921
304294.5307588781
313987.92127938464
323860.48863736
333912.51320485445
344144.2357717701
354555.8581952506
365147.5440537488
375919.419304966
386871.5729468964
398004.05768123496
409316.89057845937
420810.0537439253
432483.4949843438
444337.128474055
456370.83542053064
468584.4647285797
480977.83366275445
493550.72850748175
506302.9052244823
519234.09010704805
532343.9804307959
545632.2451005194
559098.5252927954
572742.4350940255
586563.5621336013
600561.4682119234
614735.689923001
629085.7392713927
643611.1042832659
658311.2496113628
673185.6171336804
688233.6265456948
703454.6759459564
718848.1424149238
734413.3825868912
750149.7332148952
766056.5117284929
782133.0167843099
798378.5288092798
814792.310536501
831373.6075336369
848121.6487238206
865035.6468990066
882114.799225736
899358.2877432888
916765.2798542059
934334.9288071588
952066.3741721656
969958.7423081603
988011.146822907
1.0062226890252905e6
1.02459245836998e6
1.0431195328945133e6
1.0618029796488085e6
1.0806418551171448e6
1.0996352056326566e6
1.1187820677843723e6
1.1380814688168417e6
1.15753242702241e6
1.1771339521261856e6
1.1968850456637545e6
1.2167847013517027e6
1.236831905451007e6
1.2570256371233524e6
1.2773648687804502e6
1.2978485664264164e6
1.3184756899932856e6
1.3392451936697236e6
1.3601560262230244e6
1.3812071313144485e6
1.4023974478080003e6
1.4237259100726936e6
1.4451914482784104e6
1.4667929886854137e6
1.4885294539275994e6
1.5103997632895706e6
1.532402832977607e6
1.55453757638462e6
1.5768029043491757e6
1.5991977254086458e6
1.6217209460466083e6
1.6443714709345459e6
1.667148203167932e6
1.6900500444968108e6
1.7130758955509118e6
1.7362246560594274e6
1.759495225065492e6
1.782886501135483e6
1.8063973825631938e6
1.8300267675689852e6
1.8537735544939814e6
1.877636641989392e6
1.901614929201046e6
1.9257073159492216e6
1.949912702903826e6
1.9742299917550427e6
1.9986580853794904e6
2.0231958880019856e6
2.0478423053529903e6
2.0725962448218039e6
2.097456615605591e6
2.122422328854316e6
2.1474922978116493e6
5.121582781653143
8.72331439006956
14.07588847333048
21.726612325721863
32.314692460871974
46.574452714100445
65.33779637784379
89.53595572543085
120.20057354214902
158.46416122436105
205.55997681080754
262.8213770719267
331.6806580546536
413.66747574912006
510.40683968287914
623.616749097931
755.1055007886549
906.7687072323591
1080.5860605355392
1278.6178759353834
1503.0014467647188
1755.947240931735
2039.7349671147035
2356.7095369857775
2709.276947997801
3099.9001094334894
3531.094632696587
4005.4246051486525
4525.49836499661
5093.964293614599
5713.50663955056
6386.841387603171
7116.712184710116
7905.886333202812
8757.150860771671
9673.308675359698
10657.174812148682
11711.572778819373
12839.33100435251
14043.27939587575
15326.246006591997
16691.053819499808
18140.517646156404
19677.44114511934
21304.613959350998
23024.80897376079
24840.779692916276
26755.25773862302
28770.950466700106
30890.538701941456
33116.67458995154
35451.97956429704
37899.042427138294
40460.417541319395
43138.62313180699
45936.1396940026
48855.408506544
51898.83024597023
55068.763700576754
58367.52458070593
61797.38442266296
65360.569583402495
69059.26032310392
72895.58997273457
76871.64418369274
80989.46025662887
85251.02654655188
89658.2819413495
94213.11541087818
98917.3656238109
103772.82062947017
108781.2176019172
113944.24264361418
119263.53064603108
124740.66520461779
130377.17858562504
136174.55174231075
142134.21437813313
148257.5450545928
154545.87134144807
161000.47000709316
167622.5672469531
174413.33894781233
181373.91098605978
188505.35955789854
195808.7115396298
203284.94487618536
210934.9889961488
218759.72525156086
226759.98738087353
234936.56199347216
243290.1890742456
251821.56250674403
260531.33061351732
269420.09671229037
278488.4196866719
287736.8145701651
297165.7531422822
306775.66453562886
316566.9358528656
326539.91279250477
336694.90028254734
347032.1631210048
357551.9266224059
368254.37726941484
379139.66336874064
390207.895710555
401459.14823066635
412893.4586747462
424510.8292639318
436311.2273611648
448294.5861376633
460460.8052389495
472809.7514498942
485341.25935826276
498055.1320162761
510951.1415997364
524029.0300642796
537288.5097983559
550729.2642725528
564350.948684911
578153.1906018892
592135.5905946722
606297.7228705323
620639.1358989634
635159.3530323404
649857.8731208717
664734.1711216191
679787.698701395
695017.8848333426
710424.1363870342
726005.8387119338
741762.3562140798
757693.0329258607
773797.1930687715
790074.1416090435
806523.1648060557
823143.5307534533
839934.4899128935
856895.2756403666
874025.1047050356
891323.1778005513
908788.6800488142
926420.7814961555
944218.6376019139
962181.3897194018
980308.1655692571
998598.0797051815
1.0170502339720702e6
1.0356637179565487e6
1.0544376094299455e6
1.0733709747837037e6
1.0924628694572821e6
1.111712338358566e6
1.1311184162768351e6
1.1506801282883184e6
1.1703964901543907e6
1.1902665087124591e6
1.2102891822595873e6
1.2304635009289156e6
1.250788447058936e6
1.271262995555672e6
1.2918861142478483e6
1.3126567642350912e6
1.3335739002292426e6
1.3546364708888468e6
1.3758434191468952e6
1.3971936825318758e6
1.4186862048848267e6
1.440319879654296e6
1.4620936642237208e6
1.4840064661806081e6
1.5060572006182775e6
1.5282447790158403e6
1.550568109514626e6
1.57302609718855e6
1.5956176443084986e6
1.6183416506008138e6
1.6411970134999624e6
1.6641826283954666e6
1.6872973888731769e6
1.7105401869509795e6
1.7339099133089979e6
1.757405457514404e6
1.781025708240879e6
1.804769553482846e6
1.8286358807645254e6
1.8526235773439067e6
1.8767315304117266e6
1.9009586272855015e6
1.925303755598739e6
1.9497658034853726e6
1.9743436597595024e6
1.999036214090549e6
2.0238423571738573e6
2.0487609808968557e6
2.073790978500846e6
2.0989312447384736e6
2.12418067602699e6
2.1495381705973614e6
2.1750026286392882e6
5.124754232490782
8.729360785624982
14.086702561415375
21.744961647045454
32.344483280029834
46.62103719904174
65.40832427040856
89.6397712552322
120.34965786365991
158.67362020292975
205.84857356969417
263.21210822112295
332.20137243823916
414.3515337495674
511.29381129484227
624.7531484456485
756.5455546337294
908.5751548201129
1082.8309819776548
1281.3835462092534
1506.3812123240868
1760.0464158667196
2044.6717457703985
2362.6159199439126
2716.2996783452827
3108.2016162799914
3540.8539789620545
4016.838436712413
4538.781858387869
5109.352099526874
5731.253819564754
6407.224341626581
7140.0295667604305
7932.459953295337
8787.326570800486
9707.45723699844
10695.69274493278
11754.883186708053
12887.884379204628
14097.554396397478
15386.750211519415
16758.324453690562
18215.122278754265
19759.978358717064
21395.71398940537
23125.1343175689
24951.02568756859
26876.15310746168
28903.257833908563
31035.055074986954
33274.231809692006
35623.44472265043
38085.31825229018
40662.44275052214
43357.37275189551
46172.62534981424
49110.6786774938
52173.9704910894
55364.89685237423
58685.81090826123
62139.02177777649
65726.79345005525
69451.34397135816
73314.84445016834
77319.41834556275
81467.14075513867
85760.03779324124
90200.08604326606
94789.21208121175
99529.29206768416
104422.15140559307
109469.56446082174
114673.25434319454
120034.8927451206
125556.09983533627
131238.44420523487
137083.44286531862
143092.5612893737
149267.21350402993
155608.76222142167
162118.5190127399
168797.74452051823
175647.64870756617
182669.39114052305
189864.0813060717
197232.7789579127
204776.49449266252
212496.1893529051
220392.77645568058
228467.12064476457
236720.0391651431
245152.30215815303
253764.63317581173
262557.70971291815
271532.16375556565
280688.58234475186
290027.5086552106
299549.4400786427
309254.83383903874
319144.10259091476
329217.61754747777
339475.70860886923
349918.6649991301
360546.735909601
371360.1311478694
382359.0217914312
393543.5408452679
404913.7839025765
416469.809807933
428211.6413222003
440139.2657885285
452252.6357988297
464551.6698601411
477036.2530603208
489706.23773255
502561.4441181474
515601.661027226
528826.6464967497
542236.1284455755
555829.8053260903
569607.3467720703
583568.3942424251
597712.5616604966
612039.4360486171
626548.5781576406
641239.5230911848
656111.7809243421
671164.8373166324
686398.1541189869
701811.1699745727
717403.3009132742
733173.9409396754
749122.4626143915
765248.2176286108
781550.5373717307
798028.7334919733
814682.0984498787
831509.9060645988
848511.4120529033
865685.8545608374
883032.4546879745
900550.4170042083
918238.930059054
936097.1668834222
954124.2854838425
972319.4293291181
990681.7278294088
1.0092102968077328e6
1.0279042389638943e6
1.0467626443308428e6
1.0657845907234892e6
1.0849691441799828e6
1.104315359395485e6
1.1238222801484743e6
1.1434889397196008e6
1.1633143613031437e6
1.183297558411104e6
1.203437535269982e6
1.2237332872102936e6
1.2441838010488667e6
1.2647880554639802e6
1.2855450213634e6
1.306453662245378e6
1.327512934552671e6
1.3487217880196425e6
1.370079166012523e6
1.39158400586289e6
1.4132352391944341e6
1.4350317922431026e6
1.4569725861706652e6
1.4790565373717987e6
1.5012825577747591e6
1.5236495551357146e6
1.5461564333268146e6
1.56880209261809e6
1.5915854299532357e6
1.6145053392193862e6
1.6375607115109288e6
1.6607504353874722e6
1.6840733971260218e6
1.7075284809674544e6
1.7311145693573758e6
1.7548305431814317e6
1.7786752819951691e6
1.8026476642485093e6
1.8267465675049296e6
1.8509708686554283e6
1.8753194441273476e6
1.8997911700881487e6
1.9243849226442024e6
1.9490995780346857e6
1.9739340128206634e6
1.9988871040694218e6
2.02395772953415e6
2.0491447678290312e6
2.074447098599826e6
2.099863602690034e6
2.1253931623026873e6
2.151034661157872e6
2.176786984646049e6
2.2026490199772236e6
5.127894980361283
8.735348931194675
14.097413023897984
21.76313615271929
32.373992043054564
46.66718355559117
65.47819352494555
89.7426245139481
120.4973711634748
158.88116879535872
206.13456080956684
263.5993380214087
332.7174641730423
415.02957768686224
512.1730628193906
625.8797587919928
757.9733357220568
910.3663755879957
1085.057193448536
1284.1264324191666
1509.733464139738
1764.1126246688068
2049.5693139440345
2368.4759851101226
2723.2680482852847
3116.4397115262573
3550.539780123362
4028.1674336041488
4551.967998186916
5124.628731231884
5748.87463215419
6427.464293424782
7163.185803640698
7958.8527134755695
8817.300074116825
9741.38055667499
10733.960659999486
11797.917013353226
12936.13277948275
14151.494162834813
15446.88702636563
16825.19362146855
18289.289431259516
19842.04013136342
21486.298668163676
23224.90245577107
25060.670691982257
26996.4017931378
29034.870947406383
31178.827785675807
33430.99416891936
35794.06209065206
38270.691692796434
40863.50939309179
43575.10612208142
46408.03566732666
49364.813122593005
52447.91343949501
55659.77007903178
59002.77376035555
62479.2713040529
66091.56456716449
69841.90946713569
73732.51509186396
77765.54289299424
81943.10595961516
86267.26836950902
90740.04461512646
95363.39910147725
100139.24571315586
105069.44744775425
110155.8161129551
115400.11208463703
120804.04412337817
126369.2692467848
132097.39265513618
137989.96770788208
144048.4959485933
150274.42717602462
156669.159559005
163234.03979293845
169970.36329575433
176879.37444121361
183962.26682753672
191220.18357938348
198654.2176812778
206265.41234062923
214054.7613785715
222023.2096468902
230171.65346938127
238500.94110603412
247011.87323849573
255705.20347532764
264581.6388756245
273641.84048962116
282886.42391496105
292315.95986736234
301930.9747644597
311731.9513216588
321719.3291588817
331893.50541713403
342254.83538387186
352803.633126183
363540.17213085655
374464.6859504392
385577.36885443
396878.37648480496
408367.8265150908
420045.7993122587
431912.33860073495
443967.4521278622
456211.1123301843
468643.25699995074
481263.78995127685
494072.58168542094
507069.4700546694
520254.26092435257
533626.7288325329
547186.6176469439
560933.6412187744
574867.4840329188
588987.8018543432
603294.2223702235
617786.3458275596
632463.7456659593
647325.9691453255
662372.5379681967
677602.9488964983
693016.6743624946
708613.1630737317
724391.8406117881
740352.1100246665
756493.3524126625
772814.9275075699
789316.1742450959
805996.4113303653
822854.9377964032
839891.0335555151
857103.9599434672
874492.9602564003
892057.2602804169
909796.068813775
927708.5781816575
945793.964743473
964051.3893926615
982479.998048974
1.0010789221432321e6
1.0198472790945362e6
1.0387841727799433e6
1.0578886939965943e6
1.0771599209163361e6
1.0965969195328127e6
1.1161987441010827e6
1.1359644375697684e6
1.155893032005775e6
1.175983549011614e6
1.196235000135361e6
1.216646387273305e6
1.2372167030653262e6
1.2579449312830502e6
1.2788300472108347e6
1.2998710180196408e6
1.3210668031338514e6
1.3424163545910914e6
1.3639186173951142e6
1.3855725298618176e6
1.4073770239584649e6
1.4293310256361582e6
1.4514334551556592e6
1.4736832274066093e6
1.49607925222023e6
1.5186204346755813e6
1.5413056753994387e6
1.564133870859883e6
1.587103913653665e6
1.6102146927874258e6
1.6334650939528649e6
1.6568539997959046e6
1.6803802901799665e6
1.7040428424434057e6
1.7278405316512082e6
1.7517722308410169e6
1.7758368112635668e6
1.8000331426176263e6
1.8243600932794914e6
1.848816530527153e6
1.8734013207591833e6
1.8981133297084414e6
1.922951422650675e6
1.9479144646080835e6
1.9730013205479402e6
1.9982108555763464e6
2.023541935127176e6
2.0489934251463332e6
2.0745641922713472e6
2.1002531040064176e6
2.1260590288929837e6
2.151980836675862e6
2.1780173984650727e6
2.204167586893398e6
2.2304302762697525e6
5.131005465713215
8.741279657007308
14.108021327304275
21.781138297802457
32.40322267837305
46.71289783204173
65.54741314839691
89.84452852969928
120.64373180868961
159.08683231153668
206.41797270208377
263.98311176705937
333.228992302056
415.7016833634468
513.044690228337
626.9967000963768
759.3889922302592
912.1425505673578
1087.264913869266
1286.8467967907
1513.0585135110446
1768.1462338020901
2054.4280996363727
2374.290228626214
2730.18262887897
3124.615048055046
3560.1527778193145
4039.4124331227686
4565.057724138985
5139.795237499789
5766.370241389586
6447.562528241207
7186.182307130682
7985.066156805545
8847.073049080624
9775.080451216916
10771.980514849838
11840.676358051629
12984.078446196827
14205.101076502018
15506.658969891947
16891.663974615007
18363.021882354522
19923.629360716575
21576.37100240386
23324.116492367426
25169.717893326953
27116.007049673262
29165.793109379632
31321.860163197365
33586.965000094286
35963.834977637045
38455.166005715764
41063.6206418216
43791.826295985935
46642.37354309114
49617.81454036527
52720.66154760245
55953.38554759584
59318.41496417414
62818.13447516692
66454.88391756667
70230.95728211723
74148.60179452877
78210.01708050285
82417.3544117456
86772.7160301495
91278.15454733424
95935.672416758
100747.22147563391
105714.70255391831
110839.96514767461
116124.80715415489
121570.97466599174
127180.16182193297
132954.01071161375
138894.11133190372
145002.00159243154
151279.16736794237
157727.04259520286
164347.0094122321
171140.39833769263
178108.48848834183
185252.50783250222
192573.63347757445
200072.9919896745
207751.65974354083
215610.6633009188
223650.9798156856
231873.53746404554
240279.21589817796
248868.8467217819
257643.21398601722
266603.05470439803
275749.0593852531
285081.8725804106
294602.0934488332
304310.27633396717
314206.93135362567
324292.5250012767
334567.48075764783
345032.17971161293
355686.96118936525
366532.1233909322
377567.9240331202
388794.5809980271
400212.2729862976
411821.14017433283
423621.28487470676
435612.7721990753
447795.63072290167
460169.8531513521
472735.3969857517
485492.1851900216
498440.1068565453
511579.01787094667
524908.7415752867
538429.0694292132
552139.7616686295
566040.5479614603
580131.1280601363
594411.1724504237
608880.3229962562
623538.1935802525
638384.3707396144
653418.4142971189
668639.8579869543
684048.2100751413
699642.9539743235
715423.5488527111
731389.4302369813
747540.0106089633
763874.6799959363
780392.8065543927
797093.737147129
813976.7979135399
831041.2948329981
848286.5142812282
865711.7235795731
883316.1715370852
901099.0889853608
919059.6893060659
937197.1689510974
955510.7079553445
973999.4704420039
992662.6051204295
1.0114992457765035e6
1.0305085117554994e6
1.049689508437449e6
1.0690413277049982e6
1.0885630484037767e6
1.1082537367952685e6
1.1281124470022249e6
1.148138221446623e6
1.1683300912802157e6
1.188687076807678e6
1.2092081879024126e6
1.2298924244150347e6
1.250738776574588e6
1.2717462253825332e6
1.292913742999566e6
1.3142402931252965e6
1.335724831370879e6
1.357366305624619e6
1.3791636564106282e6
1.4011158172405944e6
1.4232217149587264e6
1.445480270079934e6
1.4678903971213268e6
1.4904510049270797e6
1.5131609969867538e6
1.536019271747139e6
1.5590247229176876e6
1.5821762397696164e6
1.6054727074287543e6
1.6289130071622059e6
1.6524960166589215e6
1.6762206103042217e6
1.7000856594483978e6
1.7240900326694218e6
1.7482325960298744e6
1.7725122133281643e6
1.7969277463441037e6
1.8214780550789426e6
1.8461619979899148e6
1.8709784322194036e6
1.895926213818781e6
1.9210041979670129e6
1.9462112391841128e6
1.9715461915395062e6
1.997007908855403e6
2.0225952449052494e6
2.048307053607322e6
2.0741421892135744e6
2.100099506493778e6
2.1261778609150583e6
2.1523761088168966e6
2.178693107581652e6
2.2051277158007184e6
2.2316787934363605e6
2.2583452019793065e6
5.134086120672338
8.747153777729826
14.118528910914812
21.79897049218202
32.432179042881714
46.75818596778505
65.61599198746624
89.945496101773
120.78875784813934
159.2906356290478
206.6988441859423
264.3634740024871
333.7360149071693
416.36792536959825
513.908787987253
628.1040904721954
760.7926701014551
913.9038581195775
1089.4543590054886
1289.5448978601764
1516.3566674672402
1772.1476048386664
2059.248525295654
2380.0591403905114
2737.0439842339665
3132.7282710618774
3569.693705271993
4050.5742634331255
4578.051966165546
5154.852656632251
5783.741800292637
6467.520319775106
7209.020477079148
8011.101814162611
8876.647161773097
9808.558725266901
10809.754255111548
11883.163308787192
13031.723609886256
14258.377509400794
15566.068553056062
16957.73815900369
18436.322407136104
20004.748943630533
21665.93400138347
23422.77953766166
25278.17048947939
27234.972146819833
29296.027643426343
31464.155564533947
33742.14767058981
36132.766735750134
38638.74449963025
41262.77973059648
44007.536398782155
46875.64195659967
49869.6857246276
52992.21738047163
56245.74554814011
59632.73648537541
63155.612866312375
66816.7526567737
70618.48807947077
74563.10466634514
78652.84039526511
82889.88490828505
87276.37880867213
91814.41303391391
96506.028301938
101353.21462779472
106357.91090808484
111522.00457044764
116847.33128546202
122335.67473836047
127988.76645799488
133808.28570055257
139795.85938556324
145953.06208179836
152281.41604072083
158782.39127519415
165457.40568122885
172307.82520059403
179334.96402219083
186540.08482013742
193924.3990265843
201489.0671373306
209235.19904838153
217163.85442164066
225276.04307799396
233572.72541610154
242054.81285526976
250723.1683008356
259578.6066305511
268621.89520051144
277853.75436922803
287274.8580384918
296885.83420973923
306687.2655546715
316679.6899989351
326863.6013177159
337239.44974215346
347807.64257552044
358568.5448181602
369522.4798002248
380669.7298212895
392010.53679596394
403545.1029046681
415273.59124876425
427196.1265092905
439312.7956085669
451623.64837398083
464128.6982033017
476827.9227308945
489721.2644942446
502808.6316002305
516089.89839061286
529564.906106236
543233.4635494687
557095.347744428
571150.3045945718
585398.0495372484
599838.2681948396
614470.61702213
629294.7239495852
644310.1890222139
659516.5850337317
674913.4581557517
690500.3285617472
706276.6910455531
722242.0156341847
738395.7481947708
754737.3110354153
771266.1034998138
787981.5025554654
804882.8633753377
821969.5199128499
839240.7854700523
856695.9532589018
874334.2969555301
892155.0712474172
910157.5123734032
928340.8386564588
946704.2510291691
965246.9335518788
983968.053923458
1.002866763984648e6
1.021942200213987e6
1.0411934842162697e6
1.0606197232035492e6
1.0802200104686653e6
1.0999934258513183e6
1.1199390361966693e6
1.1400558958065037e6
1.160343046882967e6
1.1807995199648954e6
1.2014243343567636e6
1.222216498550297e6
1.2431750106387627e6
1.2642988587240004e6
1.2855870213162224e6
1.3070384677266278e6
1.32865215845289e6
1.3504270455575646e6
1.3723620730394705e6
1.3944561771981078e6
1.416708298394852e6
1.4391173243851622e6
1.4616822046993794e6
1.4844018369429705e6
1.507275124145505e6
1.5303009636809018e6
1.5534782475848538e6
1.576805862865817e6
1.6002826918096382e6
1.6239076122778824e6
1.6476794979999515e6
1.671597218859062e6
1.6956596411721436e6
1.71986562796377e6
1.7442140392341616e6
1.76870373222136e6
1.79333356165765e6
1.818102380020295e6
1.843009037776687e6
1.8680523836239583e6
1.8932312647231682e6
1.9185445269281138e6
1.9439910150088605e6
1.9695695728700715e6
1.9952790437641956e6
2.021118270499618e6
2.0470860956438333e6
2.0731813617217168e6
2.0994029114089906e6
2.125749587720942e6
2.152220234196468e6
2.1788136950775506e6
2.205528815484195e6
2.232364441584946e6
2.2593194207630306e6
2.2863926017782073e6
5.137137369235822
8.752972092827047
14.128937187387615
21.816635101593658
32.46086492354192
46.80305379570722
65.6839387320917
90.04553980550376
120.93246701907049
159.49260320207003
206.97720559707327
264.7404685370565
334.23858912772937
417.028377106279
514.7654490831255
629.2020462197818
762.1845130839336
915.6504739810882
1091.62574151839
1292.220990531934
1519.628228834326
1776.117094527869
2064.031007891997
2385.7832041348192
2743.8526715783455
3140.780018137889
3579.1632873688604
4061.653743644875
4590.951644436913
5169.802016525326
5800.9904508852205
6487.338930212487
7231.701701411394
8036.961204217844
8906.024065939728
9841.817171183373
10847.283814389648
11925.379942023603
13079.070490345555
14311.325823869653
15625.11827857511
17023.418814067023
18509.19377647192
20085.401775393526
21754.990675946094
23520.894707222636
25386.031687827082
27353.30036869142
29425.57789300311
31605.71737270744
33896.5455807235
36300.86075774813
38821.4305322028
41460.98995169018
44222.23962421668
47107.8439670151
50120.42956091376
53262.5836079078
56536.85248952826
59945.74042350055
63491.70821611051
67177.17210763015
71004.50270811116
74976.02402081685
79094.01255053906
83360.69649403715
87778.25500982952
92348.8175645738
97074.46335328798
101957.22079068073
106999.06707088772
112201.92779294292
117567.67664934733
123098.13517514443
128795.07255494675
134660.20548541803
140695.19809075334
146901.66188876153
153281.15580520642
159835.18623411533
166565.2071418298
173472.62021262344
180558.77503377528
187824.9693180479
195272.44916157602
202902.40933523414
210715.99360760953
218714.29509777014
226898.3566560703
235269.1712713688
243827.68250255438
252574.78493419732
261511.32465247245
270638.0997422167
279955.86080231017
289465.31198160606
299167.1090121668
309061.86480416864
319150.14499189524
329432.4710390345
339909.3203365451
350581.12681390357
361448.2815595808
372511.13344978244
383769.9897845124
395225.1169300684
406876.7409671226
418725.04834356875
430770.1865313651
443012.2646866319
455451.3543123018
468087.48992265254
480920.66970908846
493950.8562065637
507177.9769600759
520601.9251906846
534222.5604605436
548039.709336453
562053.1660514784
576262.6931641942
590668.0222151465
605268.8543801461
620064.8611200261
635055.6848265278
650240.9394639868
665620.2112065223
681193.0590704503
696959.0155416504
712917.5871976533
729068.2553242077
745410.4765261246
761943.6833322006
778667.2847940382
795580.6670785984
812683.1940543337
829974.2078707571
847453.0295313268
865118.959459528
882971.2780580478
901009.2462609533
919232.1060787872
937639.0811365118
956229.3772042332
975002.1827206617
993956.6693092511
1.0130919922869859e6
1.0324072911657887e6
1.051901690146519e6
1.071574298605555e6
1.0914242115739402e6
1.1114505102091078e6
1.1316522622591665e6
1.1520285225197682e6
1.172578333283577e6
1.193300724782346e6
1.2141947156216246e6
1.2352593132081437e6
1.2564935141698879e6
1.2778963047689062e6
1.2994666613068946e6
1.321203550523595e6
1.3431059299880527e6
1.3651727484827954e6
1.3874029463809694e6
1.4097954560164965e6
1.432349202047309e6
1.4550631018117229e6
1.4779360656780035e6
1.5009669973871964e6
1.524154794389285e6
1.547498348172741e6
1.5709965445875362e6
1.5946482641616897e6
1.6184523824114124e6
1.6424077701449327e6
1.6665132937600622e6
1.6907678155355973e6
1.7151701939165993e6
1.7397192837936634e6
1.7644139367762255e6
1.7892530014599988e6
1.81423532368861e6
1.839359746809515e6
1.8646251119242727e6
1.8900302581332508e6
1.9155740227748435e6
1.9412552416592806e6
1.9670727492971036e6
1.993025379122388e6
2.0191119637107872e6
2.0453313349924744e6
2.071682324460075e6
2.0981637633716306e6
2.124774482948719e6
2.1515133145697685e6
2.1783790899586515e6
2.2053706413686574e6
2.2324868017618726e6
2.259726404984087e6
2.2870882859352846e6
2.3145712807357763e6
5.1401596274610775
8.758735386911447
14.139247543364158
21.83413444861503
32.489284038933775
46.84750704452277
65.75126191883112
90.14467199703306
121.07487675365155
159.69275907006164
207.25309077267167
265.11413845956776
334.73677117870284
417.68311080750595
515.6147650514603
630.2906818587256
763.5646627691196
917.3825713068671
1093.77927101485
1294.8753261347688
1522.8734962925134
1780.0550548647007
2068.7759589910725
2391.4628975035575
2750.6092413437455
3148.7709193526225
3588.5622407451688
4072.6516838920907
4603.757669446247
5184.64433473448
5818.117324241528
6507.019610260988
7254.227356141915
8062.6458334209165
8935.205402941196
9874.85756895076
10884.571114128787
11967.328322510628
13126.121296366158
14363.948372232844
15683.810640510332
17088.708572286952
18581.638756386805
20165.59074899787
21843.544037663036
23618.465120885485
25493.304704115722
27470.99501244438
29554.447219924663
31746.5489950839
34050.162161852386
36468.12047487779
39003.22750780891
41658.25465314281
44435.93923171723
47338.9827099938
50370.04902299633
53531.76300066774
56826.708895288764
60257.42900750152
63826.42240840285
67536.1437551032
71389.00219709851
75387.36037076238
79533.5334792378
83829.7884549948
88278.34320231224
92881.36591694226
97640.97448023142
102559.23592498519
107638.1659703879
112879.72862332124
118285.83584345435
123858.34726952459
129599.07000426021
135509.7584554551
141592.11423074096
147847.78608366445
154278.36990872477
160885.40878308075
167670.39305269963
174634.76046076795
181779.8963162515
189107.13370054407
196617.75371020747
204312.98573386265
212194.00776135057
220261.94672334322
228517.87885963847
236962.8301144372
245597.77655695213
254423.64482575914
263441.31259535474
272651.6090634401
282055.3154575085
291653.16555935575
301445.8462462032
311433.99804715335
321618.2157137659
331999.0488035767
342577.0022754397
353352.53709561354
364326.07085355546
375497.97838644165
386868.5924114618
398438.20416498254
410207.06404772104
422175.38227509655
434343.32953197585
446711.0376310618
459278.6001742035
472046.073215957
485013.4759287365
498180.7912689505
511547.96664352884
525114.9145762911
538881.513373629
552847.6077889997
567013.0096857654
581377.4986979268
595940.822888333
610702.6994039691
625662.815127946
640820.8273278443
656176.3643000802
671729.0260099764
687478.3847272582
703423.9856566953
719565.3475636395
735901.963394217
752433.3008899608
769158.803196677
786077.889467355
803189.9554589487
820494.3741228706
837990.4961890472
855677.6507434038
873555.1457986601
891622.2688583205
909878.2874737651
928322.4497943481
946953.9851104289
965772.1043892625
984776.0008036979
1.0039648502536245e6
1.0233378118801235e6
1.0428940285723004e6
1.0626326274667578e6
1.0825527204396988e6
1.1026534045916363e6
1.1229337627247176e6
1.14339286381264e6
1.1640297634631866e6
1.1848435043733728e6
1.2058331167772338e6
1.2269976188862566e6
1.248336017322498e6
1.2698473075444018e6
1.2915304742653675e6
1.3133844918650808e6
1.3354083247936703e6
1.357600927968721e6
1.3799612471651898e6
1.40248821939829e6
1.4251807732993667e6
1.4480378294848471e6
1.4710583009183097e6
1.4942410932657253e6
1.5175851052439492e6
1.5410892289625118e6
1.564752350258774e6
1.5885733490265296e6
1.6125510995381009e6
1.6366844707600113e6
1.6609723266623013e6
1.6854135265215551e6
1.7100069252177267e6
1.7347513735248055e6
1.7596457183954408e6
1.7846888032395577e6
1.8098794681970659e6
1.8352165504047284e6
1.860698884257265e6
1.8863253016627752e6
1.9120946322925414e6
1.938005703825308e6
1.9640573421861026e6
1.9902483717796744e6
2.0165776157186395e6
2.0430438960463922e6
2.0696460339548727e6
2.0963828499972725e6
2.1232531642957237e6
2.150255796744094e6
2.1773895672059283e6
2.204653295707612e6
2.232045802626877e6
2.259565908876651e6
2.28721243608438e6
2.314984206766901e6
2.3428800445008874e6
5.143153303649391
8.764444430083357
14.149461340059133
21.851470813632794
32.517440040769344
46.891551341048725
65.81796993416155
90.24290481795147
121.21600418532614
159.89112686624358
207.52653165347624
265.48452615241615
335.230616368441
418.3321975622537
516.4568260028386
631.3701101595719
764.9332586288434
919.1003207139341
1095.9151540967944
1297.5081524775287
1526.0927644413964
1783.9618331574607
2073.4837848270563
2397.098692130952
2757.314237246186
3156.701597336704
3597.891273866615
4083.5688854136147
4616.47094208481
5199.380618541549
5835.123540543003
6526.563599188505
7276.598805391893
8088.157195991127
8964.192801711983
9907.681686099102
10921.61806348666
12009.010503103647
13172.878225493694
14416.247496575199
15742.148123872405
17153.610058709473
18653.66010747582
20245.31875444023
21931.597098009057
23715.493901790516
25599.99276133876
27588.059387004512
29682.639002914653
31886.65386173432
34203.000874529505
36634.549354785355
39184.13887524059
41854.57723621602
44648.638543584304
47569.06139459827
50618.54716950502
53799.75842676835
57115.317399598745
60567.80459138497
64159.75746754007
67893.6692412014
71771.98775017253
75797.11442245051
79971.40332765249
84297.16031163711
88776.64221160681
93412.05614897418
98205.55889728719
103159.25632251952
108275.20289305487
113555.40125672113
119001.80188226167
124616.30276266974
130400.74917784787
136356.93351410606
142486.59513805027
148791.42032246978
155273.0422218814
161933.04089543782
168772.94337497192
175794.22377599418
182998.303449526
190386.551172703
197960.2833761473
205720.7644061584
213669.20681983596
221806.7717113063
230134.56906727602
238653.65815020303
247365.0479074238
256269.69740463607
265368.51628219103
274662.36523270386
284152.05649854534
293838.3543878261
303721.975807548
313803.59081263037
324083.82316958706
334563.2509336649
345242.4070383087
356121.77989586256
367201.81400845846
378482.9105880963
389965.4281849518
401649.6833229916
413535.95114202966
425624.466045371
437915.4223522562
450408.97495433374
463105.23997543665
476004.2954339674
489106.181907232
502410.903197095
515918.4269963578
529628.6855552929
543541.5763477983
557656.962736658
571974.6746374324
586494.5091805119
601216.2313709143
616139.5747454057
631264.2420265684
646589.9057734534
662116.2090284749
677842.7659602212
693769.1625018985
709894.9569851054
726219.6807686937
742742.8388624582
759463.9105454333
776382.3499785807
793497.5868116746
810809.0267842014
828316.0523201036
846018.0231162171
863914.2767242572
882004.1291262285
900286.8753031389
918761.7897969096
937428.127265394
956285.12303041
975331.9936187185
994567.937295881
1.0139921345929423e6
1.033603748825875e6
1.0534019266077715e6
1.0733857983537267e6
1.0935544787784035e6
1.1139070673862447e6
1.134442648954346e6
1.155160294007955e6
1.1760590592886126e6
1.1971379882149475e6
1.2183961113361218e6
1.23983244677795e6
1.2614460006817116e6
1.283235767635684e6
1.3052007310994244e6
1.3273398638208334e6
1.3496521282460333e6
1.3721364769221116e6
1.3947918528927583e6
1.4176171900868686e6
1.440611413700126e6
1.4637734405696483e6
1.4871021795417396e6
1.5105965318327975e6
1.5342553913834523e6
1.558077645205983e6
1.582062173725079e6
1.6062078511120186e6
1.6305135456123182e6
1.654978119866928e6
1.6796004312270428e6
1.7043793320625897e6
1.729313670064485e6
1.7544022885406893e6
1.7796440267061961e6
1.805037719966965e6
1.8305822001979146e6
1.8562762960150333e6
1.8821188330416842e6
1.9081086341691923e6
1.934244519811758e6
1.9605253081558198e6
1.9869498154038973e6
2.0135168560130198e6
2.0402252429278055e6
2.0670737878082702e6
2.0940613012524361e6
2.1211865930138365e6
2.148448472213951e6
2.17584574754971e6
2.203377227496071e6
2.2310417205038047e6
2.2588380351925334e6
2.2867649805390905e6
2.3148213660613e6
2.343006001997234e6
2.37131769948002e6
5.146118798524528
8.770099978262037
14.159579913834346
21.868646435784214
32.545336515366316
46.93519221242051
65.88407101769619
90.3402501998263
121.35586615501278
160.08772982588115
207.79755965018322
265.8516733054348
335.72017911606326
418.9757073358984
517.2917206489374
632.4404421749065
766.2904380519262
920.8038903237162
1098.0335944097371
1300.1197139038786
1529.2863238600276
1787.8377720945678
2078.154886374846
2402.691053717863
2763.9681963664457
3164.5726673643403
3607.1510871121586
4094.4061406339674
4629.09235371837
5214.011865023476
5852.010209135844
6545.972124865319
7298.817401411308
8113.496773914238
8992.987878726153
9940.29127763246
10958.426559218075
12050.428524595858
13219.343463800136
14468.225528294608
15800.133204246753
17218.125890481882
18725.26058434316
20324.58867805115
22019.152867571043
23811.98417545906
25706.09908866776
27704.496811839177
29810.156636206204
32026.035423849844
34355.06520671981
36800.15089956072
39364.168125480544
42049.96115292431
44860.34094226428
47798.083300297294
50865.927140638654
54066.57284789548
57402.680743374265
60876.86966364281
64491.71555379029
68249.75036002015
72153.46074042036
76205.28706987618
80407.62244932252
84762.81181237994
89273.1511130136
93940.88659152381
98768.21411618534
103757.27859786076
108910.17347493426
114228.94026593688
119715.56818726174
125371.99383340742
131200.1009172181
137201.72006764225
143378.62868256524
149732.55083432797
156265.15722559113
162978.0651932533
169872.838758192
176950.98871864422
184213.97278510453
191663.1957546717
199300.00972283527
207125.71433074758
215141.55704608577
223348.7334756685
231748.38770804176
240341.61268431452
249129.45059557477
258112.89330527245
267292.8827950157
276670.3116322742
286246.0234585453
296020.81349658064
305995.429075333
316170.57017132564
326546.88996520144
337124.9954122525
347905.4478257835
358888.7634722039
370075.41417678935
381465.82793910214
393060.38955709356
404859.44125896046
416863.2833418664
429072.1748166744
441486.3340578807
454105.9394579707
466931.13008545834
479962.0063459038
493198.630645233
506641.0280547252
520289.1869770539
534143.0598128063
548202.5636269299
562467.5808145864
576937.9597659187
591613.5155292623
606494.0304723602
621579.2549411623
636868.9079158136
652362.677663462
668060.2223875338
683961.1708731445
700065.1231283413
716371.6510208811
732880.2989102801
749590.5842748701
766501.9983336335
783614.006662597
800926.0498055693
818437.5438790458
836147.8811710943
854056.4307340683
872162.5389709891
890465.5302154738
908964.7073050746
927659.3521479209
946548.7262825645
965632.0714309328
984908.610044311
1.0043775458422855e6
1.0240380643445791e6
1.0438893333957274e6
1.0639305036825566e6
1.0841607092444105e6
1.1045790679761183e6
1.1251846821236494e6
1.1459766387724795e6
1.1669540103286149e6
1.1881158549922998e6
1.2094612172244e6
1.2309891282054726e6
1.2526986062875194e6
1.2745886574384652e6
1.2966582756793615e6
1.3189064435143576e6
1.3413321323534518e6
1.3639343029280764e6
1.3867119056995334e6
1.4096638812603415e6
1.4327891607285202e6
1.4560866661348739e6
1.479555310803307e6
1.5031939997242491e6
1.5270016299212128e6
1.5509770908105678e6
1.5751192645545735e6
1.5994270264077403e6
1.623899245056577e6
1.6485347829527906e6
1.6733324966400056e6
1.6982912370740646e6
1.7234098499369798e6
1.748687175944624e6
1.774122051148184e6
1.799713307229513e6
1.8254597717903897e6
1.8513602686358066e6
1.877413618051333e6
1.9036186370746323e6
1.9299741397612223e6
1.956478937444526e6
1.9831318389903142e6
2.009931651045604e6
2.0368771782820858e6
2.0639672236341608e6
2.0912005885316615e6
2.1185760731273266e6
2.1460924765191237e6
2.1737485969674634e6
2.201543232107412e6
2.229475179155966e6
2.2575432351144445e6
2.2857461969661172e6
2.3140828618690907e6
2.3425520273445616e6
2.3711524914605147e6
2.3998830530108954e6
5.149056505406457
8.775702773507696
14.169604576757404
21.885663513873865
32.572976985083734
46.978435088251445
65.94957326532072
90.43671986861837
121.49447921715569
160.28259079437177
208.06620565401667
266.2156209294301
336.20551296846224
419.6137089912132
518.1195363280292
633.501787269844
767.6363363800956
922.4934458037551
1100.134792690545
1302.7102513462394
1532.4544611670126
1791.683209810569
2082.7896594215345
2408.2404421080014
2770.571649229987
3172.384737435597
3616.342372856944
4105.164233244817
4641.622786264624
5228.539061122753
5868.778428590907
6565.246403809546
7320.884484605402
8138.6660369449
9021.592237970155
9972.688085965818
10994.998485569287
12091.584415562553
13265.519185670271
14519.884787934341
15857.768347438116
17282.258676412286
18796.442935066203
20403.403401852996
22106.214355288546
23907.939068904816
25811.62692042247
27820.31061577329
29937.003528190773
32164.69715221006
34506.35867207407
36964.92864377501
39543.31878954457
42244.40990363994
45071.04986770236
48026.051774051666
51112.192154968834
54332.20931591036
57688.80177046473
61184.62678837486
64822.29895886461
68604.38905291031
72533.42270507434
76611.87938917299
80842.19139904884
85226.74292717698
89767.86922482205
94467.85584108152
99328.93793815328
104353.29968017516
109543.07369299888
114900.3405922856
120427.12857733484
126125.41308809535
131997.11652283644
138044.10801400774
144268.20325984914
150671.164409366
157254.69999833227
164020.46493402956
170970.06052649135
178105.03456406697
185426.8814311807
192937.042266212
200636.90515748475
208527.80537540355
216611.0256388363
224887.79641389838
233359.29624341335
242026.65210485872
250890.93979649947
259953.18434778776
269214.3604547601
278675.39293754083
288337.15721895266
298200.4798227539
308266.1388901558
318534.8647133043
329007.3402844741
339684.20185976557
350566.03953614016
361653.39784068253
372946.77633101237
384446.6302058278
396153.3709245868
408067.3668353878
420188.94381014915
432518.3858862186
445055.93591359194
457801.7962069497
470756.1292017606
483919.0581137328
497290.6676009297
510871.00442789646
524660.0781311812
538657.8616856518
552864.2921710613
567279.2714383146
581902.6667749437
596734.3115693057
611774.0059730544
627021.5175614547
642476.5819911344
658138.9036548958
674008.1563332231
690083.9838421445
706366.0006771366
722853.7926527652
739546.9175377884
756444.9056854534
773547.2606587432
790853.4598503477
808362.9550971431
826075.1732889812
843989.5169716093
862105.3649435475
880422.0728467673
898938.9737510348
917655.3787317785
936570.5774413703
955683.8386737087
974994.4109220044
994501.5229296833
1.0142043842343361e6
1.0341021857046346e6
1.0541941000701573e6
1.0744792824440892e6
1.094956870838728e6
1.1156259866737835e6
1.136485735277424e6
1.157535206380069e6
1.178773474600889e6
1.2001995999270263e6
1.2218126281855206e6
1.2436115915079475e6
1.2655955087877791e6
1.2877633861304715e6
1.310114217296309e6
1.332646984136027e6
1.3553606570192212e6
1.3782541952556027e6
1.4013265475091015e6
1.4245766522048924e6
1.4480034379293483e6
1.4716058238229887e6
1.4953827199664596e6
1.519333027759604e6
1.543455640293657e6
1.567749442716648e6
1.592213312592034e6
1.6168461202506498e6
1.6416467291360241e6
1.6666139961431173e6
1.6917467719505632e6
1.7170439013464581e6
1.742504223547781e6
1.7681265725135102e6
1.7939097772514855e6
1.8198526621191234e6
1.8459540471180172e6
1.8722127481825196e6
1.8986275774623684e6
1.9251973435994308e6
1.9519208519986463e6
1.9787969050932226e6
2.005824302604183e6
2.0330018417943264e6
2.0603283177166732e6
2.087802523457479e6
2.1154232503738827e6
2.1431892883262704e6
2.17109942590544e6
2.199152450654601e6
2.2273471492863456e6
2.2556823078946103e6
2.2841567121617296e6
2.312769147560662e6
2.3415183995524324e6
2.370403253778893e6
2.3994224962508725e6
2.4285749135317625e6
5.15196681038035
8.78125354433495
14.179536617145496
21.902524207266385
32.60036490972041
47.02128530273711
66.01448463225121
90.53232534899014
121.63185964563063
160.47573223514257
208.33250004705712
266.57640936941453
336.6866706169435
420.24627030892657
518.9403590299663
634.5542531519266
768.9710869384644
924.1691504086807
1102.2189468144072
1305.2800023789132
1535.5974590797623
1795.4984799513381
2087.3884946371236
2413.7473113634815
2777.1251198863865
3180.1384083584326
3625.465815555279
4115.843938286864
4654.063112271578
5242.963183719356
5885.429286765922
6584.387641235707
7342.801383565235
8163.666442614335
9050.0074709221
10004.873840870081
11031.335714181989
12132.480192217175
13311.407553601824
14571.227584888138
15915.056009133583
17346.011016550176
18867.20990068376
20481.765802945225
22192.784567725103
24003.36170977975
25916.57949507916
27935.504135847685
30063.183100113696
32302.642535702493
34656.88480825869
37128.88615261404
39721.59443639035
42437.927034769564
45280.76881477246
48252.970227482845
51357.34550633257
54596.67096945122
57973.683423948474
61491.07866988015
65151.51010155663
68957.58740376789
72911.87534043695
77016.89263315975
81275.11092704807
85688.9538412675
90260.79610163963
94992.96275267076
99887.72844636872
104947.3168052157
110173.89985667866
115569.59753666012
121136.47725931446
126876.55355069072
132791.7877436896
138884.08773187053
145155.3077796761
151607.24838669447
158241.65620362322
165060.22399764654
172064.59066499188
179256.3412884831
186637.0072379588
194208.06631148254
201970.94291532467
209927.0082807508
218077.58071570855
226423.9258895616
234967.2571490715
243708.73586388846
252649.4717998646
261790.52351855626
271132.89880134154
280677.5550966261
290425.3999886707
300377.29168661335
310534.03953232855
320896.4045257953
331465.0998667127
342240.79151113675
353224.098741967
364415.5947521563
375815.8072395541
387425.21901235485
399244.2686041426
411273.3508975834
423512.81775585166
435962.97866090847
448624.1013577995
461496.4125041712
474580.09832423716
487875.3052664687
501382.14066431083
515100.67339926225
529030.9345656841
543172.9181367382
557526.5816308862
572091.8467783948
586868.6001873486
601856.6940086628
617055.9465996485
632466.1431856803
648087.0365195533
663918.3475381465
679959.7660160096
696210.9512155309
712671.532533362
729341.110142782
746219.2556317189
763305.5126361549
780599.3974686576
798100.3997418074
815807.9829862938
833721.5852634774
851840.6197722274
870164.4754498573
888692.5175669924
907424.0883162258
926358.5073944188
945495.0725785245
964833.0602948158
984371.7261814188
1.0041103056440505e6
1.0240480144048927e6
1.0441840490445102e6
1.0645175875367564e6
1.0850477897766165e6
1.105773798100928e6
1.126694737801949e6
1.1478097176337256e6
1.1691178303112625e6
1.190618153002435e6
1.2123097478126707e6
1.2341916622623657e6
1.2562629297570519e6
1.2785225700503045e6
1.3009695896994113e6
1.3236029825138124e6
1.3464217299963315e6
1.3694248017772173e6
1.3926111560410291e6
1.4159797399463886e6
1.4395294900386438e6
1.463259332655476e6
1.4871681843254871e6
1.51125495215982e6
1.5355185342368616e6
1.559957819980058e6
1.5845716905289227e6
1.6093590191032682e6
1.6343186713607311e6
1.6594495057476414e6
1.6847503738433048e6
1.7102201206977488e6
1.7358575851630077e6
1.7616616002180001e6
1.7876309932870783e6
1.8137645865522993e6
1.8400611972595055e6
1.86651963801827e6
1.893138717095778e6
1.9199172387047317e6
1.946854003285318e6
1.973947807781352e6
2.0011974459106298e6
2.0286017084295927e6
2.05615938339236e6
2.083869256404213e6
2.111730110869597e6
2.1397407282347204e6
2.167899888224827e6
2.196206369076208e6
2.2246589477630286e6
2.2532564002190614e6
2.2819975015543713e6
2.3108810262670442e6
2.3399057484500417e6
2.369070441993219e6
2.398373880780622e6
2.427814838883118e6
2.4573920907464153e6