40.33751514002954
40.16348899651507
39.96463983866862
39.74395742850014
39.504593996467335
39.24967175781936
38.982159120558215
38.70479781900852
38.420066139264414
38.13016671407339
37.837030335807306
37.54232964826525
37.24749843020648
36.95375355594884
36.66211770939858
36.37344162910327
36.08842514887466
35.8076366304148
35.53153060576642
35.26046359114029
34.9947081235332
34.73446512455925
34.47987472410944
34.231025688275814
33.98796359728142
33.750697913977184
33.519208074530276
33.29344872206597
33.073354192429235
32.85884234966762
32.649817857764745
32.44617496483918
32.247799866593084
32.0545727072957
31.86636926900131
31.683062392988372
31.504523171500733
31.33062194270121
31.161229113643284
30.99621585730769
30.835454650888195
30.678819745298313
30.526187527634267
30.37743681152554
30.23244906328688
30.091108573744105
29.953302584187064
29.818921373733005
29.68785831427769
29.560009898381452
29.435275744629205
29.313558584354347
29.194764233046417
29.078801549273592
28.965582383531142
28.855021519066973
28.74703660642501
28.64154809318193
28.53847915012421
28.437755594917085
28.339305814147068
28.243060684488192
28.148953493582724
28.056919861181818
27.966897660941093
27.87882694322578
27.792649859201486
27.708310586433328
27.62575525616781
27.54493188243197
27.46579029304986
27.388282062647587
27.312360447693976
27.23798032360323
27.165098123909363
27.09367178150755
27.023660671946395
26.955025558745135
26.88772854070235
26.821733001156325
26.75700355915255
26.69350602246994
26.631207342454445
26.570075570607074
26.510079816871357
26.451190209565322
26.393377856902006
26.33661481004309
26.280874027630365
26.226129341740766
26.172355425211155
26.119527760280526
26.06762260849835
26.016616981848912
25.966488615043325
25.917215938931882
25.868778054991335
25.821154710842745
25.774326276757613
25.728273723110995
25.68297859874223
25.63842301018514
25.59458960173115
25.551461536290226
25.50902247701582
25.467256569661636
25.42614842563891
25.385683105744725
25.345846104532775
25.306623335299243
25.268001115657768
25.22996615367842
25.192505534566845
25.155606707860628
25.119257475121035
25.0834459780992
25.048160687356738
25.013390391321696
24.979124185761435
24.945351463655157
24.91206190544918
24.879245469679113
24.84689238394362
24.814993136215197
24.78353846647394
24.752519358651174
24.72192703286999
24.691752937970534
24.66198874430866
24.632626336816415
24.603657808314065
24.575075453063334
24.54687176055203
24.519039409501023
24.49157126208441
24.46446035835455
24.437699910863675
24.4112832994744
24.385204066351633
24.35945591112877
24.33403268624133
24.308928392421493
24.28413717434736
24.259653316440836
24.235471238808493
24.211585493319895
24.18799075981807
24.16468184245727
24.14165366616291
24.11890127320934
24.096419819910892
24.074204573421877
24.052250908641692
24.030554305220846
24.009110344664425
23.98791470752919
23.966963170711097
23.946251604819633
23.925775971636142
23.90553232165279
23.88551679168951
23.8657256025859
23.84615505696557
23.826801537070203
23.80766150266105
23.78873148898515
23.77000810480441
23.75148803048495
23.73316801614486
23.71504487985825
23.697115505913597
23.67937684312464
23.661825903191847
23.644459759112877
23.62727554364029
23.610270447784906
23.593441719363266
23.576786661587764
23.560302631697905
23.54398703963144
23.527837346734007
23.511851064505944
23.49602575338512
23.480359021564553
23.464848523843784
23.44949196051266
23.434287076266827
23.41923165915356
23.404323539547192
23.389560589153067
23.374940720039213
23.360461883694658
23.346122070113857
23.331919306906045
23.317851658429035
23.303917224946495
23.29011414180811
23.276440578651794
23.262894738627345
23.249474857640937
23.23617920361964
62.22455598210808
62.004706077435
61.74987314294161
61.46329653300652
61.14863420846695
60.80969179013345
60.450232443301736
60.07385096720151
59.68389644729078
59.28343027910939
58.875209097941436
58.46168463437712
58.04501458578487
57.62708023048982
57.209507763086904
56.7936912638334
56.38081589988033
55.971880449916625
55.56771859444476
55.16901865888772
54.77634166469577
54.39013765603239
54.01076034265104
53.638480144343085
53.27349574819514
52.91594430210875
52.56591037156155
52.223433784288105
51.888516481680774
51.56112848775994
51.24121309757552
50.928691377625995
50.623466061549664
50.32542491576109
50.034443641254924
49.750388370350905
49.473117810214575
49.20248507877634
48.93833927310721
48.68052680535369
48.42889253694455
48.183280737904255
47.94353589469437
47.70950338700463
47.48103005128731
47.25796464652578
47.040158235716646
46.82746449478782
46.619739959140325
46.4168442166659
46.21864005492582
46.024993569161666
45.83577423692449
45.650854964339295
45.47011210835133
45.29342547871831
45.12067832300523
44.951757297396895
44.78655242576014
44.6249570490537
44.46686776689317
44.31218437282718
44.16080978466065
44.01264997097126
43.867613874799666
43.725613335349834
43.58656300841224
43.45038028611331
43.316985216501386
43.18630042339862
43.05825102687656
42.93276456465392
42.809770914661264
42.689202218972575
42.570992809264425
42.4550791339298
42.34139968694482
42.22989493856173
42.12050726788052
42.01318089733345
41.90786182910132
41.804497783467454
41.70303813910469
41.60343387528104
41.50563751596231
41.40960307578409
41.31528600785956
41.22264315338632
41.13163269301141
41.04221409991181
40.95434809454524
40.8679966010251
40.783122705072344
40.69969061349646
40.617665615157655
40.537014043362674
40.45770323965035
40.379701518896454
40.30297813575099
40.22750325228304
40.153247906848314
40.08018398411201
40.00828418618861
39.937522004857286
39.86787169481268
39.799308247912336
39.73180736838295
39.665345448948834
39.599899547847436
39.53544736669769
39.471967229188294
39.409438060554166
39.34783936781038
39.2871512207143
39.22735423342724
39.16842954684845
39.11035881159519
39.053124171603585
38.99670824832586
38.94109412550076
38.88626533447463
38.83220584005166
38.778900026852554
38.72633268616194
38.67448900324506
38.62335454511606
38.57291524873969
38.52315740965006
38.47406767096992
38.42563301281538
38.37784074207065
38.330678482519076
38.28413416531636
38.23819601979322
38.19285256457447
38.14809259900284
38.103905194855564
38.060279688343115
38.01720567237877
37.9746729891095
37.9326717226976
37.89119219234441
37.85022494554651
37.80976075157589
37.769790595175934
37.73030567046505
37.691297375040314
37.652757304273756
37.61467724579432
37.57704917414861
37.53986524563397
37.503117793297584
37.46679932209566
37.430902504206905
37.39542017449474
37.36034532611292
37.32567110624948
37.29139081200409
37.257497886394106
37.22398591448468
37.190848619638714
37.158079859882434
37.12567362438242
37.09362403003039
37.0619253181319
37.0305718511954
36.9995581098183
36.96887868966654
36.93852829854452
36.90850175355259
36.87879397832862
36.849400000371375
36.82031494844259
36.791534050045065
36.76305262897464
36.73486610294323
36.70696998127053
36.679359862642634
36.65203143293463
36.62498046309577
36.598202807094694
36.571694399922976
36.54545125565516
36.51946946556327
36.493745196284145
36.468274688038036
36.44305425289659
36.41808027309876
36.39334919941336
36.36885754954626
36.344601906591464
36.32057891752407
36.29678529173435
36.27321779960138
36.24987327110495
36.22674859447487
36.203840714876115
36.181146633129195
36.15866340446419
36.136388137307804
36.11431799210227
92.66493011415278
92.39537991407745
92.07883154398574
91.71852036062005
91.31842946996105
90.8829386414284
90.41656138761634
89.92375703279535
89.40880293254932
88.87571302020176
88.32819090506173
87.76960800652789
87.20299929847111
86.63107101769543
86.05621613315462
85.48053450611968
84.90585554210136
84.33376179246702
83.76561245260986
83.2025660622241
82.6456019735727
82.09554033904772
81.55306049998003
81.01871774834447
80.4929584930415
79.9761339009807
79.46851210637203
78.97028909398514
78.48159836698355
78.00251950969876
77.53308575213876
77.07329063737177
76.62309388608406
76.18242654520091
75.75119549990333
75.32928742095976
74.91657221219775
74.5129060162786
74.11813383076554
73.73209178081414
73.35460908966616
72.98550978347293
72.6246141627912
72.27174006934482
71.92670397330374
71.58932190335344
71.25941023918462
70.93678638369214
70.62126933009625
70.31268013736909
70.01084232573047
69.71558220254974
69.4267291277335
69.14411572656982
68.86757805702393
68.59695573762218
68.33209204130412
68.0728339599588
67.81903224377625
67.57054141903089
67.32721978746187
67.08892941001817
66.85553607738672
66.62690926941521
66.4029221052716
66.18345128594548
65.96837703048807
65.75758300720545
65.55095626085858
65.34838713678307
65.14976920271837
64.95499916902683
64.76397680788872
64.57660487197543
64.39278901303064
64.21243770072425
64.03546214208917
63.86177620180142
63.691296323520845
63.523941452474
63.35963295942611
63.198294566162964
63.03985227257701
62.88423428543207
62.73137094886197
62.581194676642184
62.43363988626076
62.28864293480166
62.146142056645246
62.00607730297995
61.86839048311404
61.73302510756841
61.59992633292733
61.469040908419366
61.340317124196936
61.2137047612807
61.089155043132244
60.96662058881677
60.846055367716346
60.72741465575346
60.610654993083415
60.49573414321417
60.38261105351232
60.271245817053334
60.16159963577526
60.05363478489451
59.94731457854411
59.84260333659419
59.739466352616205
59.63786986295242
59.537781016853764
59.43916784764922
59.341999244911634
59.246244927585224
59.15187541804113
59.05886201702876
58.96717677949087
58.876792491211894
58.787682646269914
58.69982142526336
58.61318367428473
58.52774488461435
58.4434811731083
58.36036926325545
58.27838646687912
58.1975106664605
58.11772029806073
58.03899433482027
57.96131227101462
57.884654106646
57.80900033255165
57.73433191601002
57.660630286826766
57.58787732388333
57.516055342130976
57.44514708001473
57.37513568731123
57.3060047133658
57.2377380957144
57.170320149076474
57.1037355547056
57.03796935008492
56.9730069189552
56.908833981663626
56.845436585821844
56.78280109726238
56.72091419128289
56.65976284416795
56.59933432497871
56.53961618760102
56.48059626304283
56.42226265197247
56.36460371748891
56.30760807811657
56.25126460101622
56.19556239540519
56.14049080617912
56.08603940772864
56.03219799794417
55.97895659240258
55.92630541872924
55.87423491112995
55.822735705086444
55.77179863221053
55.72141471525099
55.671575163248676
55.62227136683446
55.57349489366525
55.525237483993976
55.47749104636855
55.43024765345585
55.38349953798665
55.3372390888174
55.291458847105105
55.24615150259166
55.201309889994135
55.15692698549733
55.11299590334583
55.069509892531734
55.02646233357551
54.98384673539681
54.941656732272364
54.899886080878254
54.85852865741391
54.81757845480536
54.7770295799849
54.73687625124537
54.69711279566619
54.657733646609216
54.61873334128225
54.580106518367984
54.54184791571655
54.50395236809965
54.46641480502429
54.429230248604604
54.39239381148963
54.355900694845765
54.31974618639183
54.28392565848558
54.24843456625988
54.21326844580706
133.93706789498904
133.61459284035215
133.2313369938845
132.79022327198393
132.29531618427941
131.75139444198018
131.163613164962
130.5372481645983
129.8775099748677
129.1894143922636
128.47769725015831
127.74676287319477
127.00065754304275
126.24306107475245
125.47729113683026
124.70631621940265
123.932774177052
123.15899407738014
122.38701970912885
121.61863357935505
120.85538058819459
120.09859083771602
119.3494012290822
118.60877564627914
117.87752362806563
117.15631750264181
116.44570800961887
115.74613846712198
115.05795756279777
114.3814308595144
113.71675111220179
113.06404749347767
112.42339382385535
111.79481589847242
111.17829799716698
110.57378865891097
109.98120579547215
109.4004412129916
108.83136460411528
108.2738270675247
107.72766420625302
107.1926988510846
106.66874345063896
106.15560216543452
105.65307269930503
105.16094789798152
104.67901714143852
104.20706755370684
103.74488505125288
103.29225524869466
102.8489642385367
102.41479925974193
101.9895492682985
101.57300542145387
101.16496148597153
100.76521417959052
100.37356345382356
99.9898127253025
99.6137690620541
99.24524333035835
98.884050307191
98.53000876267444
98.18294151645061
97.84267547143413
97.50904162800136
97.18187508131395
96.86101500415825
96.54630461740061
96.23759114991046
95.9347257895803
95.63756362687788
95.3459635921908
95.05978838807052
94.77890441734624
94.50318170795884
94.23249383525737
93.96671784240633
93.70573415946808
93.44942652165082
93.19768188714642
92.95039035492456
92.70744508279931
92.46874220603671
92.23418075673548
92.00366258417404
91.77709227628866
91.5543770824194
91.33542683743605
91.12015388733539
90.90847301638424
90.7003013758628
90.49555841445367
90.29416581030469
90.09604740478706
89.90112913795801
89.70933898573084
89.52060689874803
89.33486474294646
89.15204624179937
88.97208692021559
88.79492405007184
88.62049659735237
88.44874517086627
88.27961197251209
88.11304074905634
87.9489767453928
87.78736665924684
87.6281585972901
87.4713020326285
87.3167477636279
87.16444787404123
87.01435569439984
86.86642576463427
86.72061379788732
86.5768766454854
86.43517226303216
86.29545967759094
86.15769895592216
86.02185117374228
85.88787838597277
85.75574359794689
85.62541073754382
85.49684462822034
85.37001096291013
85.24487627876312
85.12140793269657
84.99957407773134
84.87934364008727
84.7606862970122
84.64357245532034
84.52797323061597
84.41386042717969
84.30120651849458
84.18998462839144
84.08016851279085
83.97173254202377
83.86465168370924
83.75890148617164
83.65445806237872
83.55129807438286
83.44939871824864
83.34873770945009
83.24929326872189
83.15104410834931
83.05396941888174
82.958048856256
82.863262529315
82.76959098770939
82.67701521016814
82.58551659312705
82.49507693970186
82.40567844899557
82.31730370572808
82.22993567017778
82.14355766842469
82.05815338288491
81.97370684312733
81.89020241696248
81.80762480179516
81.72595901623208
81.64519039193574
81.56530456571741
81.4862874718603
81.40812533466617
81.3308046612179
81.25431223435123
81.17863510582843
81.10376058970796
81.02967625590368
80.9563699239271
80.88382965680738
80.81204375518352
80.74100075156248
80.67068940473877
80.60109869437008
80.53221781570414
80.46403617445195
80.39654338180293
80.32972924957758
80.26358378551303
80.19809718867803
80.13325984501276
80.06906232298996
80.00549536939347
79.94254990521075
79.88021702163579
79.81848797617897
79.75735418888124
79.69680723862824
79.63683885956256
79.57744093759085
79.51860550698238
79.46032474705711
79.40259097896012
79.34539666251995
79.28873439318855
79.23259689906016
79.176977037967
79.1218677946494
79.0672622779984
79.01315371836843
188.69043881324222
188.31243270523998
187.8582159275947
187.33004868815146
186.73177996943213
186.0683526046932
185.34539291286046
184.56888494870424
183.74492119926322
182.8795183572048
181.97848633349975
181.04733955791272
180.09124106649932
179.1149714609532
178.1229163285452
177.11906703824326
176.10703094938776
175.09004798902714
174.07101129331582
173.05249019336497
172.03675428299005
171.02579765903135
170.0213626952043
169.02496291524238
168.0379046847064
167.0613075547435
166.09612317443506
165.14315274836005
164.20306305825193
163.2764010965135
162.36360737824646
161.46502800995194
160.5809255991439
159.71148909130682
158.8568426200553
158.01705345388785
157.1921391192041
156.3820737747484
155.58679390771397
154.80620341662427
154.04017814099555
153.28856989279313
152.5512100399106
151.8279126873712
151.11847749771584
150.42269218810281
149.74033473801498
149.07117533813386
148.41497810789582
147.77150260647159
147.14050515939002
146.521740020749
145.9149603888941
145.31991929158735
144.7363703550126
144.16406846946074
143.60277036317999
143.052235094666
142.51222447257197
141.9825034114456
141.4628402306198
140.9530069028039
140.45277925821577
139.96193714947105
139.48026458187874
139.00754981329356
138.54358542722332
138.0881683824873
137.6411000423629
137.20218618583624
136.77123700328326
136.34806707865425
135.93249536000093
135.52434511998467
135.12344390781726
134.72962349392367
134.34271980847012
133.96257287476985
133.58902673846148
133.22192939325117
132.86113270391823
132.50649232719758
132.15786763108173
131.8151216130167
131.47812081740744
131.14673525279784
130.82083830904102
130.50030667473416
130.18502025515807
129.87486209092413
129.5697182775056
129.2694778858018
128.9740328838623
128.68327805987576
128.39711094651247
128.1154317466906
127.83814326082461
127.56515081559937
127.29636219430479
127.03168756875431
126.77103943280255
126.51433253747052
126.26148382768005
126.01241238059231
125.76703934554233
125.52528788555594
125.28708312043219
125.05235207137116
124.82102360712469
124.59302839164515
124.36829883320594
124.14676903496463
123.92837474694115
123.71305331937859
123.50074365745772
123.2913861773322
123.08492276345342
122.88129672715297
122.68045276645017
122.48233692705337
122.28689656452246
122.0940803075616
121.90383802241095
121.7161207783059
121.53088081397426
121.34807150514098
121.16764733301133
120.98956385370374
120.81377766860379
120.64024639561217
120.46892864125991
120.2997839736635
120.13277289629548
119.967856822545
119.80499805104347
119.64415974173261
119.4853058926511
119.32840131741766
119.17341162338882
119.02030319047005
118.86904315055992
118.71959936760739
118.5719404182625
118.42603557310227
118.2818547784133
118.13936863851345
117.99854839859569
117.8593659280775
117.72179370443995
117.58580479754038
117.4513728543848
117.31847208434421
117.18707724480167
117.0571636272162
116.92870704359026
116.80168381332811
116.67607075047297
116.55184515131086
116.42898478232924
116.30746786852008
116.18727308201592
116.06837953104872
115.95076674922143
115.83441468508246
115.7193036919937
115.6054145182826
115.49272829767042
115.38122653996663
115.2708911220229
115.16170427893715
115.05364859550113
114.94670699788338
114.84086274554045
114.7360994233497
114.63240093395677
114.52975149033084
114.42813560852196
114.32753810061382
114.22794406786682
114.12933889404428
114.03170823891804
113.93503803194669
113.8393144661222
113.74452399197888
113.65065331176152
113.55768937374584
113.46561936670889
113.37443071454292
113.28411107101073
113.1946483146361
113.106030543727
113.01824607152713
112.93128342149184
112.84513132268503
112.7597787052938
112.67521469625706
112.59142861500484
112.50840996930557
112.42614845121767
112.34463393314276
112.26385646397782
259.97356461014067
259.5379913492785
259.0092713294391
258.38862264956924
257.679339552085
256.8862428510342
256.01520330150595
255.07274708223525
254.06574085678815
253.00114816780533
251.8858467491532
250.72649613837626
249.52944577047157
248.3006749646226
247.04575755829075
245.76984522983625
244.47766470294968
243.17352501579734
241.8613318645001
240.54460670755404
239.2265088638443
237.90985927202934
236.5971649222935
235.290643239736
233.9922459065575
232.7036817699237
231.4264386039709
230.16180358603447
228.91088241537756
227.67461705272763
226.4538020949194
225.2490998241906
224.06105398873177
222.89010238196965
221.7365882942848
220.6007709139687
219.48283475382593
218.3828981797088
217.30102111337695
216.23721197941768
215.1914339617815
214.16361063133584
213.1536310015454
212.16135406512106
211.18661286031752
210.2292181115619
209.2889614853096
208.36561849845083
207.45895111326928
206.5687100498606
205.694636844067
204.83646567636052
203.9939249947
203.16673895218912
202.35462867835506
201.55731340104376
200.77451143426745
200.0059410458351
199.2513212172352
198.51037230700118
197.78281662767972
197.0683789455071
196.36678691099368
195.67777142779008
195.00106696646932
194.33641182919095
193.68354837060798
193.0422231798379
192.41218722782617
191.7931959839924
191.1850095056523
190.5873925033486
190.0001143849074
189.42294928074142
188.85567605266544
188.29807828825042
187.7499442825374
187.2110670087359
186.68124407936475
186.16027769914015
185.64797461077276
185.14414603471758
184.64860760380193
184.16117929356292
183.6816853490285
183.20995420860098
182.74581842562378
182.28911458815142
181.8396832373775
181.39736878512866
180.96201943078228
180.53348707791972
180.1116272509958
179.69629901226313
179.2873648791649
178.88469074237847
178.48814578466957
178.097602400693
177.7129361178576
177.33402551835414
176.9607521624306
176.59300051298231
176.2306578615162
175.87361425553303
175.52176242736445
175.17499772449085
174.83321804136017
174.49632375271992
174.16421764846737
173.8368048700206
173.51399284820553
173.19569124265124
172.88181188268243
172.5722687096945
172.2669777209934
171.96585691508204
171.6688262383712
171.37580753329146
171.0867244877827
170.80150258613548
170.52006906115733
170.24235284763776
169.9682845370834
169.69779633369603
169.43082201156508
169.16729687304576
168.9071577082949
168.65034275593578
168.39679166482367
168.14644545688458
167.899246490999
167.6551384279027
167.41406619607875
167.1759759586129
166.9408150809867
166.7085320997827
166.47907669227553
166.25239964688484
166.02845283446646
165.80718918041586
165.58856263756283
165.37252815983388
165.1590416766599
164.94806006810796
164.73954114071563
164.53344360400877
164.32972704768002
164.1283519194117
163.92927950332188
163.7324718990165
163.53789200122856
163.3455034800284
163.15527076158642
162.96715900947333
162.78113410648132
162.59716263695054
162.4152118695859
162.23524974075
162.05724483821746
161.8811663853775
161.70698422587066
161.53466880864767
161.36419117343695
161.19552293660956
161.02863627742917
160.86350392467517
160.7000991436298
160.53839572341556
160.37836796467545
160.2199906675841
160.0632391201803
159.90808908701206
159.75451679808475
159.60249893810266
159.45201263599702
159.30303545472992
159.15554538136834
159.00952081741852
158.86494056941433
158.72178383975134
158.58003021776068
158.43965967101408
158.30065253685513
158.16298951414856
158.02665165524334
157.89162035814087
157.75787735886493
157.6254047240257
157.4941848435736
157.3642004237367
157.23543448013683
157.10787033107985
156.9814915910137
156.85628216415134
156.73222623825257
156.60930827856095
156.48751302189092
156.36682547086224
156.24723088827525
156.12871479162598
156.01126294775483
351.26203652675537
350.767374622535
350.1612761006443
349.44352003356045
348.61647530949233
347.6845124676442
346.65347055509136
345.5301983850634
344.32217452227474
343.03720201776025
341.68316986897173
340.26787168945503
338.7988720298025
337.28341150466844
335.72834293078705
334.1400918257583
332.52463572459914
330.8874977754164
329.2337509511247
327.5680299572293
325.89454853426565
324.217120360924
322.53918217532424
320.86381806228366
319.1937841174708
317.53153290714886
315.8792373051481
314.23881341547406
312.61194238676836
311.0000909996056
309.4045309641403
307.8263569077935
306.26650306360176
304.72575869203456
303.2047822845016
301.7041146069865
300.2241906484975
298.7653505423011
297.32784952894787
295.91186702953024
294.51751489586917
293.14484490178194
291.7938555365052
290.46449815793835
289.15668255980233
287.8702820031794
286.6051377593021
285.3610632069617
284.13784752453046
282.9352590133959
281.7530480865717
280.59094995341115
279.4486870287113
278.3259710920229
277.2225052207212
276.13798551828376
275.0721026572972
274.02454325494836
272.99499109712076
271.98312822575
270.9886359027264
270.0111954624025
269.05048906363936
268.1062003512979
267.17801503615544
266.26562140137486
265.3687107428923
264.4869777503857
263.62012083485723
262.76784240828283
261.92984912026975
261.1058520561817
260.2955669007703
259.498714070957
258.71501882106537
257.9442113234808
257.18602672742486
256.44020519827683
255.70649193963104
254.98463720006973
254.27439626643525
253.57552944520907
252.88780203344814
252.21098428058394
251.5448513422596
250.88918322726286
250.24376473850498
249.60838540890177
248.98283943292188
248.3669255944912
247.76044719187078
247.16321196005856
246.57503199120924
245.99572365351386
245.425107508929
244.86300823010973
244.30925451685164
243.76367901232246
243.22611821932267
242.69641241679335
242.17440557675747
241.65994528186218
241.15288264366598
240.65307222179604
240.16037194408528
239.67464302778077
239.19574990190458
238.7235601308335
238.25794433915246
237.7987761378294
237.34593205174738
236.89929144862322
236.45873646933507
236.024151959674
235.59542540352945
235.17244685751461
234.75510888703047
234.34330650376688
233.93693710463268
233.53590041210524
233.1400984159877
232.74943531655768
232.36381746909203
231.9831533297477
231.60735340278057
231.23633018907947
230.86999813599317
230.50827358842892
230.15107474119594
229.79832159257305
229.44993589907176
229.1058411313729
228.76596243141043
228.43022657057617
228.09856190902167
227.77089835603067
227.44716733143753
227.12730172806627
226.81123587516558
226.49890550281526
226.19024770727927
225.88520091728225
225.58370486118542
225.28570053503853
224.9911301714854
224.69993720950015
224.41206626493334
224.12746310184386
223.846074604599
223.56784875071935
223.2927345844485
223.02068219103006
222.75164267166986
222.48556811916598
222.22241159418863
221.96212710219066
221.7046695709323
221.44999482860186
221.19805958251843
220.94882139839612
220.70223868015904
220.45827065028683
220.2168773306806
219.97801952403015
219.74165879567235
219.5077574559238
219.27627854287698
219.04718580564457
218.82044368804168
218.59601731269115
218.3738724655428
218.1539755807926
217.9362937261918
217.7207945887351
217.50744646071658
217.29621822614402
217.08707934750018
216.87999985284327
216.67495032323495
216.47190188048913
216.27082617522984
216.07169537525255
215.87448215417803
215.67915968039202
215.4857016062624
215.2940820576262
215.1042756235389
214.91625734627897
214.73000271160046
214.54548763922674
214.3626884735796
214.1815819747355
214.00214530960508
213.8243560433274
213.64819213087526
213.47363190886452
213.30065408756195
213.129237743087
212.959362309802
212.79100757288452
212.6241536610789
466.48653389913864
465.9317187595803
465.2459799672139
464.4272532839391
463.4765904577789
462.3975507452017
461.1956237948971
459.8777141186308
458.4516992672202
456.9260629817911
455.30959858433744
453.61117495264716
451.8395563888903
450.00326774398206
448.11049679384473
446.16902676519464
444.18619289084404
442.1688578324667
440.123401687827
438.05572307596475
435.9712484621706
433.8749474491254
431.77135223068706
429.6645797919013
427.5583557545763
425.4560390232898
423.3606465919832
421.2748780351051
419.20113933709
417.14156581613315
415.0980439780321
413.07223219767553
411.06558017314853
409.07934713333054
407.1146188066466
405.1723231782292
403.2532450766994
401.3580396413167
399.4872447263972
397.6412923034095
395.8205189227045
394.025175296881
392.25543506674126
390.5114028089611
388.7931213422202
387.1005783857971
385.4337126216802
383.7924192081809
382.1765547899492
380.585942046233
379.02037381625394
377.4796168377035
375.96341513163304
374.4714930644192
373.0035581150507
371.5593033736943
370.1384097953721
368.74054823058975
367.3653812529298
366.0125648019122
364.68174965786653
363.372582764105
362.08470841036853
360.8177692902857
359.5714074444768
358.34526509990116
357.1389854151124
355.9522131402254
354.7845951996152
353.6357812046503
352.5054239031091
351.3931795713303
350.29870835460184
349.2216745608005
348.1617469118342
347.1185987570324
346.0919082522508
345.08135850811254
344.08663771049856
343.1074392161127
342.143461625691
341.1944088371835
340.25999008102946
339.3399199394433
338.43391835145746
337.54171060530086
336.6630273195485
335.79760441433854
334.94518307383765
334.10550970101593
333.27833586569943
332.4634182467699
331.66051856930176
330.8694035373485
330.08984476301936
329.3216186924287
328.5645065290383
327.8182941548642
327.0827720499686
326.35773521061896
325.64298306645276
324.93831939695343
324.2435522475088
323.5584938452972
322.88296051521445
322.216772596036
321.5597543569848
320.9117339148513
320.2725431518034
319.6420176339966
319.0199965310892
318.4063225367483
317.800841790222
317.20340379904303
316.613861362918
316.03207049884827
315.4578903675189
314.89118320098834
314.3318142317004
313.779651622838
313.2345664000312
312.6964323844287
312.16512612713336
311.6405268450073
311.1225163578382
310.6109790268656
310.1058016946547
309.6068736263089
309.1140864520081
308.62733411085776
308.14651279603174
307.6715209011939
307.20225896817664
306.7386296359001
306.2805375905085
305.82788951670557
305.38059405026524
304.93856173169684
304.50170496104226
304.0699379537823
303.64317669783
303.2213389115868
302.8043440030414
302.3921130298857
301.98456866062696
301.58163513667284
301.183238235368
300.7893052339577
300.3997648744605
300.014547329424
299.6335841685462
299.2568083261384
298.8841540694108
298.5155569675601
298.1509538616385
297.7902828351857
297.4334831856028
297.0804953962506
296.731261109255
296.38572309899746
296.04382524627704
295.7055125131247
295.3707309182525
295.03942751312263
294.71155035861807
294.38704850230226
294.0658719562482
293.7479716754259
293.43329953663044
293.121808317939
292.8134516786804
292.5081841399048
292.20596106534174
291.9067386428301
291.6104738662098
291.31712451766435
291.02664915049826
290.7390070723416
290.45415832876773
290.1720636873143
289.8926846218987
289.6159832976122
289.3419225558897
289.0704659000384
288.8015774811206
288.5352220841801
288.2713651148005
288.0099725859918
287.7510111053904
287.49444786276916
287.24025061784783
286.98838768839437
286.7388279386118
286.49154076780184
286.2464960992978
286.0036643696612
285.7630165181326
285.5245239763336
285.28815865820985
285.05389295021087
284.8216997016999
610.0608419071681
609.4452091476525
608.6781238978859
607.7552755043023
606.6759948290181
605.4426450815319
604.0600153680873
602.5347582357383
600.8748917442758
599.0893733652574
597.1877450472041
595.179844364509
593.0755745292637
590.8847253211737
588.6168370993469
586.2811006226723
583.8862861839001
581.4406964106483
578.9521379196685
576.427907783161
573.8747914562988
571.2990694168959
568.7065302831351
566.1024886099276
563.4918059273274
560.8789138845908
558.2678386099102
555.6622255967787
553.0653645907607
550.4802140815588
547.9094251102274
545.355364184876
542.8201351641276
540.3056000192993
537.8133984263882
535.3449661697822
532.9015523629703
530.4842355089177
528.0939384354194
525.7314421496344
523.3973986619599
521.0923428330518
518.8167032996765
516.5708125355951
514.3549161031914
512.1691811502886
510.0137042048061
507.8885183177312
505.7935996024554
503.728873215952
501.6942188246376
499.68947559510684
497.71444674731765
495.7689037052598
493.8525898776814
491.9652240991023
490.1065037591081
488.2761076458142
486.4736985273982
484.69892549374714
482.9514260785211
481.2308281803244
479.53675180016455
477.8688106109898
476.22661337380373
474.6097652136602
473.01786876774423
471.45052521672716
469.9073352096475
468.3878996917126
466.8918206436214
465.4187017402847
463.9681489361486
462.53977098371723
461.1331798913077
459.7479913255548
458.3838249637103
457.040304800351
455.7170594127104
454.41372218848807
453.1299315196556
451.86533096547794
450.6195693876843
449.39230106047467
448.18318575780677
446.9918888202021
445.8180812031093
444.661439508686
443.5216460026973
442.39838861807726
441.2913609465654
440.20026221970386
439.1247972803652
438.0646765458783
437.019615963722
435.9893369606707
434.97356638619283
433.9720364508329
432.9844846602408
432.0106537454462
431.05029158992795
430.10315115396924
429.16899039674774
428.24757219656453
427.33866426957866
426.44203908737694
425.5574737936755
424.6847501204235
423.82365430354685
422.9739769985492
422.1355131961642
421.3080621382307
420.49142723394436
419.68541597662534
418.88983986111816
418.1045143019368
417.3292585522437
416.56389562374915
415.80825220760005
415.06215859631925
414.32544860685323
413.5979595047675
412.87953192963033
412.1700098216163
411.46924034935427
410.7770738390391
410.0933637048237
409.4179663805011
408.7507412524834
408.09155059408084
407.4402595010818
406.79673582862983
406.16085012939465
405.5324755930254
404.91148798688164
404.29776559802843
403.69118917648143
403.0916418796909
402.49900921824553
401.913179002785
401.33404129209777
400.76148834239115
400.195414557712
399.635716441501
399.08229254925857
398.53504344230544
397.99387164261515
397.4586815886985
396.9293795925216
396.40587379743477
395.88807413709094
395.3758922953368
394.8692416670525
394.3680373199211
393.8721959571075
393.38163588082693
392.89627695678314
392.4160405794557
391.94084963821916
391.4706284842727
391.0053028983633
390.54480005928235
390.0890485131192
389.6379781432515
389.19152014105697
388.74960697732826
388.31217237437346
387.87915127878676
387.4504798348714
387.02609535870147
386.60593631280403
386.1899422814482
385.7780539465251
385.3702130640052
384.9663624409575
384.5664459131174
384.170408322989
383.7781954984688
383.3897542319785
383.00503226009147
382.6239782436445
382.2465417483188
381.8726732256814
381.50232399467285
381.1354462235324
380.7719929121474
380.4119178748187
380.0551757234282
379.7017218510017
379.35151241565586
379.0045043249188
378.66065522041504
378.3199234629081
377.9822681176876
377.6476489402957
377.31602636258293
376.98736147908403
376.66161603370875
376.33875240673666
376.0187336021098
375.7015232350153
786.9098676381401
786.2330993887288
785.3834583424884
784.3539924616291
783.1419040353632
781.7479600054785
780.175872255392
778.4317000073913
776.5233035954294
774.4598635089665
772.2514687722337
769.9087727848465
767.4427114434569
764.8642767764346
762.1843388162139
759.4135085736195
756.5620354785403
753.6397333271517
750.6559295122977
747.6194330418022
744.5385175308404
741.420915970005
738.2738246132459
735.103913799717
731.9173439249121
728.7197851157058
725.5164394480964
722.3120647827827
719.1109994889525
715.9171874870335
712.7342031721539
709.5652758864455
706.4133136943093
703.2809262837806
700.1704468722335
697.0839530383151
694.0232864362846
690.9900713756116
687.9857322691878
685.0115099689933
682.0684770195603
679.1575518678351
676.2795120737645
673.435006569621
670.6245670181888
667.8486183207974
665.1074883261363
662.4014167899711
659.7305636345791
657.0950165550053
654.4947980172815
651.9298716915941
649.4001483611584
646.9054913452587
644.4457214726374
642.0206216391521
639.6299409814382
637.2733986961823
634.9506875325857
632.6614769836588
630.405416200154
628.1821366492073
625.9912545381245
623.832373022231
621.7050842142589
619.6089710114172
617.5436087550441
615.5085667365871
613.5034095625765
611.5276983902664
609.5809920446962
607.6628480270622
605.7728234235155
603.9104757227594
602.0753635501505
600.2670473253955
598.4850898503488
596.7290568328989
594.9985173524454
593.293044272013
591.6122146016469
589.9556098173471
588.3228161394553
586.7134247740854
585.1270321208901
583.5632399501939
582.0216555522621
580.5018918612521
579.0035675561865
577.5263071410811
576.0697410061978
574.633505472215
573.217242818972
571.8206013002867
570.4432351462436
569.0848045542058
567.7449756697213
566.4234205583763
565.1198171695725
563.8338492931123
562.5652065094048
561.3135841340334
560.0786831573603
558.86021017979
557.6578773432497
556.4714022594044
555.3005079350712
554.1449226952637
553.0043801042466
551.8786188849595
550.7673828371234
549.6704207543252
548.5874863403374
547.5183381249129
546.4627393792698
545.4204580314571
544.3912665817755
543.3749420184154
542.3712657334398
541.3800234392502
540.4010050856392
539.4340047775327
538.4788206935065
537.5352550051559
536.603113797391
535.6822069897062
534.772348258487
533.8733549603911
532.9850480568423
532.1072520396721
531.239794857931
530.3825078458941
529.5352256522759
528.6977861706674
527.8700304712053
527.0518027334766
526.2429501806661
525.4433230149407
524.6527743540732
523.8711601692986
523.098339224395
522.3341730159843
521.5785257150412
520.8312641095966
520.0922575486269
519.3613778871162
518.6384994322691
517.9234988908713
517.2162553177693
516.5166500654628
515.8245667347874
515.1398911266682
514.4625111949343
513.7923170001673
513.1292006645717
512.4730563278441
511.82378010402863
511.1812700393308
510.5454260708824
509.91614998642916
509.2933453849264
508.67691763802765
508.0667738524406
507.46282283313883
506.86497504740726
506.2731425897043
505.68723914732664
505.1071799668517
504.5328818213486
503.964262978336
503.4012431684711
502.84374355495356
502.2916867036288
501.7449965537736
501.20359838954977
500.6674188121088
500.13638571233344
499.6104282442037
499.08947679876644
498.57346297870276
498.0623195734717
497.5559805350223
497.0543809540565
496.55745703683283
496.0651460824965
495.5773864609233
495.0941175910675
494.615279919797
494.1408149012094
493.6706649764141
493.20477355377045
492.74308498957043
492.2855445691567
491.8320984884637
491.38269383597276
490.9372785750711
490.49580152680454
490.0582123530165
489.62446153985974
489.19450038167747
488.7682809652399
1002.4976540490815
1001.7597293654634
1000.8267628123164
999.688779611817
998.3404486294872
996.7805322807656
995.0112704609801
993.0377609933602
990.8673746330674
988.5092254705911
985.9737060238042
983.2720888932884
980.4161923587326
977.4181047872346
974.2899615317373
971.0437676431226
967.6912598747313
964.243801902948
960.7123072773861
957.1071852570877
953.4383053285446
949.714976804666
945.9459404540108
942.1393695995907
938.3028785553938
934.4435366391631
930.5678863165092
926.6819642996577
922.7913246497801
918.9010631205222
915.0158421371495
911.1399159354801
907.2771554914273
903.4310729598099
899.6048454111143
895.8013377145605
892.0231244603692
888.2725108524833
884.5515525321621
880.8620743161543
877.2056878512349
873.5838082007781
869.9976693894829
866.4483389400496
862.9367314410692
859.4636211890553
856.0296539497958
852.6353578853466
849.2811536932348
845.9673640040323
842.6942220825347
839.4618798764615
836.2704154550261
833.1198398779355
830.0101035334982
826.9411019825438
823.9126813428729
820.9246432469683
817.9767494037479
815.0687257932242
812.2002665211047
809.3710373585902
806.5806789909398
803.8288099968445
801.1150295785407
798.4389200629381
795.8000491897021
793.1979722039475
790.6322337682113
788.1023697078645
785.607908602993
783.1483732388035
780.723281925718
778.3321496994733
775.9744894107646
773.6498127132443
771.3576309580228
769.0974560021868
766.8688009382785
764.6711807511452
762.50411290807
760.3671178876423
758.2597196523985
756.1814460698793
754.1318292863764
752.1104060573255
750.1167180379737
748.1503120376811
746.2107402409462
744.2975603979979
742.4103359875836
740.5486363543652
738.7120368231497
736.9001187920067
735.1124698061516
733.348683614339
731.608360209362
729.891105854124
728.1965330946418
726.5242607612186
724.8739139589348
723.2451240485049
721.6375286184683
720.0507714496006
718.48450247236
716.9383777181185
715.4120592648633
713.9052151779943
712.4175194468032
710.9486519171539
709.4982982208545
708.06614970216
706.651903341813
705.2552616789949
703.8759327315196
702.5136299145832
701.168071958351
699.8389828246343
698.5260916228929
697.2291325257755
695.9478446843858
694.6819721434531
693.4312637565619
692.1954731015842
690.9743583964379
689.7676824152951
688.5752124053323
687.3967200041253
686.2319811577632
685.0807760397573
683.9428889708114
682.8181083395057
681.7062265239464
680.6070398144294
679.5203483371408
678.4459559789423
677.38367031326
676.3333025270966
675.294667349191
674.2675829793366
673.2518710188689
672.2473564023297
671.2538673303152
670.2712352035082
669.2992945578928
668.3378830011548
667.3868411502575
666.4460125701905
665.515243713885
664.5943838632824
663.6832850715542
662.7818021064509
661.8897923947794
661.0071159679885
660.1336354088527
659.2692157992351
658.4137246689245
657.5670319455173
656.7290099053434
655.8995331254068
655.0784784363351
654.2657248763139
653.4611536459943
652.6646480643533
651.8760935254929
651.0953774563578
650.3223892753584
649.5570203518786
648.7991639666552
648.0487152730079
647.3055712589071
646.569630709859
645.840794172597
645.1189639195568
644.4040439141231
643.6959397766308
642.994558751106
642.2998096727291
641.6116029360071
640.9298504636369
640.2544656760494
639.5853634616142
638.9224601474966
638.2656734711449
637.614922552404
636.9701278662316
636.3312112160106
635.6980957074434
635.0707057230092
634.448966896983
633.8328060909912
633.2221513701011
632.6169319794282
632.0170783212498
631.4225219326142
630.8331954634343
630.2490326550542
629.669968319278
629.0959383178506
628.5268795423804
627.9627298946924
1262.8553917457161
1262.0565416384857
1261.039865262944
1259.7920015121483
1258.3046893862543
1256.5742769346123
1254.601126020341
1252.388984960731
1249.9443756366456
1247.2760230074755
1244.3943418905692
1241.3109870611593
1238.038467058278
1234.5898186308127
1230.9783368331687
1227.217354875255
1223.3200675855362
1219.299392507025
1215.1678630427002
1210.9375485843195
1206.6199971226556
1202.2261964011414
1197.7665502110528
1193.2508669195158
1188.6883577649162
1184.0876428460313
1179.4567630729136
1174.8031966425633
1170.1338788550227
1165.4552243002292
1160.7731506274079
1156.093103261303
1151.420080557066
1146.7586589918287
1142.113018078962
1137.4869647635587
1132.8839571178946
1128.3071272024997
1123.7593030011046
1119.243029366651
1114.760587942994
1110.3140160467067
1105.9051245095256
1101.535514494514
1097.2065933079114
1092.9195892377677
1088.6755654522954
1084.4754329978277
1080.319962936614
1076.2097976666507
1072.1454614661866
1068.1273703054073
1064.1558409672166
1060.2310995180462
1056.353289168367
1052.5224775611377
1048.738663524813
1045.0017833258735
1041.3117164541034
1037.6682909720962
1034.071288458746
1030.5204485747613
1027.0154732765868
1023.556030703499
1020.1417587610936
1016.7722684229003
1013.4471467704393
1010.1659597906962
1006.9282549487117
1003.7335635517854
1000.5814029206546
997.4712783819451
994.4026850951971
991.3751097268172
988.3880319824468
985.4409260084053
982.5332616721082
979.6645057306382
976.8341228959966
974.0415768049215
971.286330900603
968.5678492330778
965.8855971845866
963.2390421257257
960.6276540077768
958.0509058962155
955.508274450021
952.9992403510665
950.5232886875478
948.079909295125
945.6685970591551
943.2888521811697
940.9401804124805
938.6220932576159
936.334108150057
934.0757486025716
931.8465443342708
929.6460313763455
927.4737521582942
925.3292555763213
923.212097045446
921.1218385367563
919.0580486011256
917.0203023806073
915.0081816086386
913.0212746000831
911.0591762320785
909.1214879165634
907.2078175653071
905.3177795481846
903.4509946453941
901.6070899942541
899.7856990311618
897.9864614292604
896.2090230323057
894.4530357851932
892.7181576615621
891.004052588866
889.3103903712591
887.6368466106293
885.9831026260658
884.3488453720473
882.7337673555872
881.1375665525711
879.559946323493
878.0006153287811
876.4592874438833
874.9356816742729
873.4295220705161
871.9405376435304
870.468462280153
869.013034659122
867.5739981675722
866.1511008181209
864.7440951666331
863.3527382307242
861.9767914090689
860.6160204015675
859.2701951304125
857.9390896621106
856.6224821304817
855.3201546606767
854.0318932942364
852.7574879152165
851.4967321773946
850.2494234325802
849.0153626600337
847.7943543970059
846.586206670409
845.3907309296143
844.207741980388
843.0370579199579
841.8785000732126
840.7318929300288
839.5970640837209
838.4738441706065
837.3620668106838
836.2615685494033
835.1721888005343
834.0937697901077
833.0261565014275
831.96919662114
830.922740486341
829.886641032718
828.8607537437042
827.8449366006366
826.8390500339001
825.8429568750449
824.8565223098594
823.8796138323892
822.9121011998773
821.9538563886238
821.0047535507331
820.0646689717485
819.1334810291478
818.2110701516909
817.2973187795997
816.3921113255578
815.495334136514
814.6068754562724
813.7266253888577
812.8544758626367
811.9903205951867
811.1340550588866
810.2855764472292
809.4447836418278
808.6115771801137
807.7858592237008
806.9675335274122
806.1565054089501
805.3526817191953
804.5559708131302
803.7662825213603
802.9835281222333
802.2076203145378
801.4384731907677
800.6760022109437
799.9201241769806
799.1707572075852
798.4278207136742
797.6912353743052
1574.6094286703392
1573.7500958801493
1572.6496603652192
1571.2910318740378
1569.662635963757
1567.7580003834119
1565.5751977058687
1563.1162248167132
1560.3863739774129
1557.3936304485273
1554.1481172946517
1550.6615979285457
1546.9470401593421
1543.0182411175806
1538.889509748425
1534.5754020703466
1530.0905037043412
1525.449254010992
1520.6658063336804
1515.7539192006989
1510.726873795155
1505.597413498797
1500.3777018154178
1495.0792954575854
1489.7131298236986
1484.289514494137
1478.8181367334737
1473.3080713010345
1467.7677951468127
1462.2052058071831
1456.6276425186652
1451.0419092418524
1445.4542989352276
1439.8706185432893
1434.2962142682982
1428.735996782832
1423.1944661136345
1417.6757359881462
1412.183557485476
1406.7213418750414
1401.2921825600893
1395.898876070956
1390.5439420753326
1385.229642390734
1379.957998998717
1374.730811071574
1369.5496710309767
1364.415979664667
1359.3309603321793
1354.2956722941317
1349.3110232019608
1344.3777807864471
1339.4965837840864
1334.6679521404778
1329.892296529575
1325.1699272269288
1320.501062374086
1315.885835670132
1311.3243035250234
1306.816451707947
1302.362201522431
1297.9614155384327
1293.6139029100686
1289.3194243061498
1285.0776964791762
1280.8883964969923
1276.7511656598722
1272.6656131244545
1268.6313192546336
1264.647838718244
1260.7147033472088
1256.831424777668
1252.9974968855408
1249.212398031954
1245.4755931320244
1241.7865355595584
1238.144668899418
1234.5494285584728
1231.0002432453261
1227.496536328328
1224.037727080672
1220.623231820832
1217.2524649559712
1213.9248399354478
1210.6397701210303
1207.3966695799822
1204.1949538067292
1201.0340403784262
1197.913349549367
1194.8323047888182
1191.7903332665499
1188.7868662900041
1185.821339696801
1182.8931942059728
1180.0018757311077
1177.1468356583384
1174.3275310919119
1171.5434250698625
1168.7939867521472
1166.0786915834253
1163.397021432494
1160.748464710267
1158.1325164680331
1155.5486784776044
1152.9964592948518
1150.475374308019
1147.9849457720877
1145.5247028304002
1143.0941815246283
1140.6929247941207
1138.3204824655634
1135.9764112338448
1133.6602746349195
1131.3716430114323
1129.110093471792
1126.8752098433367
1124.6665826201856
1122.4838089063223
1120.3264923544198
1118.1942431008736
1116.086677697473
1114.0034190401084
1111.9440962948877
1109.9083448219917
1107.895806097585
1105.90612763407
1103.9389628989434
1101.9939712325029
1100.0708177646216
1098.1691733307994
1096.288714387674
1094.4291229281637
1092.5900863964032
1090.7712976026114
1088.972454638016
1087.193260789971
1085.4334244573547
1083.6926590663616
1081.9706829867666
1080.2672194487532
1078.5819964603597
1076.914746725634
1075.265207563526
1073.6331208275958
1072.0182328265655
1070.4202942457657
1068.839060069505
1067.2742895043991
1065.7257459036878
1064.1931966925556
1062.6764132944818
1061.175171058636
1059.689249188329
1058.2184306705317
1056.7625022064724
1055.321254143313
1053.8944804069097
1052.4819784356673
1051.083549115469
1049.6989967157017
1048.3281288263572
1046.9707562962105
1045.6266931720752
1044.2957566391124
1042.9777669622094
1041.6725474283971
1040.379924290307
1039.0997267106575
1037.8317867077606
1036.5759391020267
1035.3320214634703
1034.0998740601913
1032.8793398078305
1031.670264219973
1030.4724953595023
1029.285883790876
1028.1102825333176
1026.9455470149128
1025.7915350275878
1024.6481066829613
1023.5151243690561
1022.3924527078534
1021.279958513678
1020.1775107523965
1019.0849805014217
1018.0022409104979
1016.9291671632659
1015.865636439582
1014.8115278785847
1013.7667225424949
1012.7311033811291
1011.7045551971219
1010.6869646118369
1009.6782200319562
1008.6782116167369
1007.6868312459146
1006.7039724882522
1005.7295305707104
1004.7634023482368
1003.8054862741545
1002.8556823711413
1945.0092778781714
1944.0900812800066
1942.9061261668612
1941.4362731377405
1939.66526704347
1937.583417859415
1935.186097685211
1932.473141875836
1929.4482165371617
1926.1181942093276
1922.49256417286
1918.5828926440809
1914.4023402927926
1909.9652392117723
1905.28672802589
1900.3824417224184
1895.2682516127702
1889.9600503025606
1884.473576435806
1878.8242741362421
1873.0271823863627
1867.096849988661
1861.0472721938295
1854.8918455248877
1848.6433377539965
1842.3138703880936
1835.9149113843946
1829.4572761446566
1822.9511351281994
1816.4060266793858
1809.8308738882283
1803.2340044958078
1796.6231730223496
1790.0055844381227
1783.3879188186693
1776.7763565289365
1770.1766035679918
1763.5939167794784
1757.0331286945643
1750.4986718257217
1743.9946022725605
1737.5246225365506
1731.092103470831
1724.7001053154127
1718.3513977877442
1712.0484792145444
1705.793594703587
1699.5887533643104
1693.43574459407
1687.3361534530422
1681.2913751554042
1675.3026287078346
1669.370969728737
1663.4973024831475
1657.682391169133
1651.92687049181
1646.2312555609738
1640.595951147888
1635.0212603360055
1629.507392599487
1624.0544713422555
1618.662540929141
1613.3315732393664
1608.0614737713154
1602.8520873261666
1597.7032032966088
1592.6145605855388
1587.5858521782848
1582.6167293906415
1577.706805813724
1572.855660975455
1568.0628437373375
1563.3278754440285
1558.6502528422095
1554.029450784191
1549.4649247307557
1544.956113066831
1540.502439242702
1536.1033137526842
1531.7581359623925
1527.466295795021
1523.2271752863749
1519.0401500177452
1514.9045904351292
1510.8198630627219
1506.785331618082
1502.8003580358886
1498.8643034067259
1494.9765288369051
1491.1363962349376
1487.3432690298787
1483.5965128264124
1479.8954960012215
1476.2395902448675
1472.628171053129
1469.0606181714627
1465.5363159960139
1462.0546539343552
1458.6150267289254
1455.2168347459265
1451.8594842322532
1448.5423875428432
1445.2649633406836
1442.0266367715383
1438.826839615332
1435.6650104159871
1432.5405945913735
1429.453044524941
1426.4018196404586
1423.386386461227
1420.406218654994
1417.4607970657476
1414.5496097334578
1411.6721519027753
1408.8279260216157
1406.0164417305016
1403.237215843455
1400.4897723212002
1397.7736422373596
1395.0883637382933
1392.4334819971716
1389.8085491628472
1387.2131243040178
1384.6467733491827
1382.1090690228136
1379.5995907781526
1377.1179247270206
1374.6636635669824
1372.236406506191
1369.8357591862073
1367.4613336030843
1365.1127480269508
1362.7896269203507
1360.4916008555347
1358.218306430923
1355.9693861869114
1353.7444885211864
1351.5432676037256
1349.3653832915943
1347.2105010436992
1345.0782918355987
1342.9684320744902
1340.8806035144655
1338.814493172138
1336.7697932427045
1334.746201016544
1332.7434187963872
1330.761153815155
1328.7991181544924
1326.8570286640586
1324.9346068816208
1323.031578953985
1321.1476755588023
1319.2826318272782
1317.4361872678148
1315.6080856906108
1313.7980751332314
1312.0059077871756
1310.2313399254479
1308.4741318311449
1306.7340477270754
1305.0108557064113
1303.3043276643725
1301.6142392309655
1299.9403697047544
1298.282501987683
1296.6404225209328
1295.013921221826
1293.4027914217556
1291.8068298051571
1290.2258363494896
1288.6596142662422
1287.1079699429488
1285.5707128862011
1284.047655665649
1282.5386138589913
1281.0434059979248
1279.561853515066
1278.0937806918118
1276.6390146071406
1275.19738508734
1273.7687246566456
1272.3528684887822
1270.9496543593884
1269.5589225993251
1268.180516048838
1266.8142800125743
1265.4600622154337
1264.1177127592441
1262.78708408025
1261.4680309073892
1260.1604102213664
1258.8640812144877
1257.5789052512555
1256.3047458297126
1255.0414685435144
1253.7889410447206
1252.5470330072947
1251.3156160912984
1250.094563907768
1248.883751984255
2381.955623616872
2380.977326991098
2379.710338918589
2378.1291748881517
2376.2145506649154
2373.9531731299494
2371.337307322303
2368.3642138226132
2365.0355254796295
2361.3566117852906
2357.3359630672494
2352.984614574101
2348.315621759058
2343.3435919047033
2338.0842730452837
2332.5541984173383
2326.7703829983957
2320.750067767016
2314.5105069042243
2308.0687930865242
2301.441716171919
2294.6456508657407
2287.6964693122113
2280.609474949157
2273.3993543597603
2266.0801442392694
2258.665210955375
2251.167240512953
2243.5982370344536
2235.969528135989
2228.291775817236
2220.5749916924397
2212.828555572343
2205.0612365652887
2197.2812160025687
2189.4961116107115
2181.713002454181
2173.938454257873
2166.1785447919165
2158.4388890631726
2150.7246641101283
2143.0406332418324
2135.391169598416
2127.780278941436
2120.2116216079075
2112.6885335827983
2105.2140466636133
2097.790907700303
2090.4215969129855
2083.108345291355
2075.8531510917483
2068.6577954518934
2061.5238571480445
2054.452726522456
2047.4456186115083
2040.5035855063804
2033.6275279791548
2026.8182064076757
2020.0762510325553
2013.4021715794415
2006.7963662791049
2000.259130317178
1993.7906637444835
1987.3910788778517
1981.060407220257
1974.7986059279392
1968.6055638509802
1962.4811071726283
1956.4250046714287
1950.436972629057
1944.5166794055556
1938.6637497025463
1932.87776853387
1927.158284922026
1921.504815337766
1915.9168468991772
1910.393840345663
1904.9352328013015
1899.5404403412151
1894.2088603737511
1888.9398738504926
1883.7328473153996
1878.5871348036455
1873.5020796001058
1868.4770158667807
1863.5112701478845
1858.6041627607651
1853.7550090803002
1848.963120723931
1844.2278066440313
1839.5483741338799
1834.9241297530998
1830.3543801780459
1825.8384329822743
1821.3755973518716
1816.9651847401453
1812.606509465843
1808.2988892588264
1804.041645756844
1799.834104956834
1795.6755976239237
1791.5654596611312
1787.5030324425297
1783.4876631124844
1779.5187048533862
1775.5955171241387
1771.717465871527
1767.8839237164254
1764.0942701166955
1760.3478915084881
1756.6441814275588
1752.9825406120763
1749.3623770883428
1745.7831062407067
1742.2441508668899
1738.7449412198616
1735.2849150373124
1731.8635175597085
1728.4802015378493
1725.134427230774
1721.8256623948237
1718.5533822645828
1715.3170695264134
1712.1162142852015
1708.9503140249276
1705.8188735636147
1702.7214050031723
1699.6574276746107
1696.6264680790869
1693.6280598251833
1690.6617435628186
1687.7270669141408
1684.8235844017386
1681.9508573744852
1679.1084539312888
1676.295948843035
1673.5129234729454
1670.7589656955963
1668.0336698148085
1665.3366364805859
1662.6674726053116
1660.0257912793356
1657.4112116861393
1654.8233590171963
1652.2618643866622
1649.7263647460313
1647.2165027988424
1644.7319269155573
1642.2722910486982
1639.83725464832
1637.4264825779028
1635.0396450307435
1632.6764174468847
1630.3364804306693
1628.0195196689492
1625.7252258500089
1623.453294583248
1621.2034263196429
1618.9753262730492
1616.7687043423484
1614.5832750344846
1612.4187573884044
1610.2748748999268
1608.1513554475464
1606.0479312192117
1603.96433864006
1601.9003183011398
1599.855614889122
1597.829977117006
1595.8231576558235
1593.83491306735
1591.865003737811
1589.9131938126
1587.979251131994
1586.0629471678699
1584.1640569614146
1582.282359061831
1580.4176354660215
1578.5696715592583
1576.7382560568228
1574.9231809466069
1573.1242414326753
1571.341235879773
1569.5739657587667
1567.8222355930209
1566.085852905689
1564.364628167908
1562.6583747478965
1560.9669088609332
1559.2900495202125
1557.6276184885598
1555.9794402310006
1554.3453418681677
1552.7251531305353
1551.1187063134696
1549.5258362330808
1547.9463801828697
1546.3801778911475
1544.8270714792316
1543.286905420386
1541.7595264996344
2894.028325928796
2892.9918107579033
2891.6424860105926
2889.950250730345
2887.8914639144573
2885.4488590935052
2882.611196041879
2879.3727485756085
2875.7327033560064
2871.6945240132727
2867.265318298933
2862.4552331503683
2857.2768929682215
2851.7448894552663
2845.875326467459
2839.685419990285
2833.1931511738558
2826.4169690224107
2819.3755385953345
2812.087530255144
2804.5714454583035
2796.845474728712
2788.9273837109167
2780.8344235206528
2772.583261959818
2764.1899325181143
2755.6697984293587
2747.037529377255
2738.307088748028
2729.4917296032336
2720.6039977944565
2711.6557408632443
2702.658121565733
2693.62163503391
2684.556128736185
2675.4708245311786
2666.3743422223306
2657.2747241190236
2648.1794601943184
2639.095513501776
2630.029345575564
2620.9869415907774
2611.9738351054975
2602.995132243987
2594.0555352122346
2585.1593650638642
2576.3105836567765
2567.512814759539
2558.769364281974
2550.0832396170395
2541.4571680916497
2532.89361453171
2524.3947979554378
2515.9627074110263
2507.5991169821427
2499.3055999859143
2491.0835423910476
2482.934155485237
2474.8584878220445
2466.8574364780798
2458.9317576514322
2451.0820766322095
2443.3088971756974
2435.6126103080423
2427.993502593651
2420.4517638926754
2412.9874946359714
2405.6007126439854
2398.2913595149257
2391.0593066065494
2383.904360634815
2376.826268911572
2369.8247242423886
2362.8993695046133
2356.0498019246934
2349.275577072806
2342.5762125919346
2335.951191677498
2329.399966322879
2322.9219603452093
2316.516572205076
2310.1831776329354
2303.92113207434
2297.7297729653446
2291.6084218488077
2285.5563863416537
2279.5729619625595
2273.6574338289697
2267.8090782318004
2262.0271640956826
2256.310954332105
2250.6597070923845
2245.0726769269613
2239.5491158570894
2234.0882743646525
2228.6894023054483
2223.3517497509793
2218.0745677634363
2212.857109108296
2207.6986289086813
2202.5983852453355
2197.5556397058413
2192.569657886518
2187.639709850123
2182.765070542394
2177.9450201702007
2173.1788445439115
2168.46583538644
2163.805290611259
2159.1965145715208
2154.6388182822952
2150.131519617808
2145.6739434854267
2141.265421978047
2136.9052945064304
2132.592907912892
2128.327616567742
2124.1087824496904
2119.9357752114215
2115.8079722314283
2111.724758653138
2107.6855274122877
2103.6896792534644
2099.736622736619
2095.8257742343817
2091.956557920865
2088.128405752685
2084.340757442802
2080.5930604278037
2076.884769829182
2073.215348409107
2069.584266521213
2065.991002056823
2062.4350403870476
2058.9158743011453
2055.433003941517
2051.9859367356717
2048.5741873254715
2045.1972774939802
2041.854736090158
2038.5460989516773
2035.2709088260917
2032.0287152905846
2028.8190746704909
2025.6415499567959
2022.4957107227774
2019.3811330399603
2016.2973993935327
2013.2440985973658
2010.2208257087618
2007.2271819430578
2004.2627745881875
2001.3272169193074
1998.42012811358
1995.5411331652024
1992.689862800748
1989.8659533949128
1987.0690468867133
1984.2987906962092
1981.5548376418005
1978.8368458581506
1976.1444787147746
1973.4774047353503
1970.8352975177656
1968.2178356549541
1965.6247026565425
1963.0555868713304
1960.5101814106338
1957.988184072511
1955.4892972668845
1953.013227941574
1950.5596875092656
1948.1283917754076
1945.7190608670596
1943.3314191626973
1940.9651952229651
1938.6201217224059
1936.2959353821468
1933.992376903555
1931.7091909028568
1929.446125846723
1927.2029339888202
1924.9793713073177
1922.7751974433468
1920.590175640415
1918.424072684767
1916.2766588466732
1914.1477078226605
1912.0369966786598
1909.9443057940712
1907.8694188067384
1905.8121225588143
1903.7722070435245
1901.7494653528006
1899.7436936257948
1897.7546909982377
1895.782259552662
1893.8262042694514
1891.8863329787246
1889.9624563130342
1888.05438766087
3490.5144239862084
3489.420665901921
3487.9898770719797
3486.187093446965
3483.984011446538
3481.3590382801726
3478.297041744533
3474.7889019357904
3470.8309447911233
3466.4243172140473
3461.574346740295
3456.289915343773
3450.582866722806
3444.4674587509226
3437.9598672143384
3431.0777430292273
3423.839822446025
3416.2655879895
3408.37497680349
3400.1881324762767
3391.7251961715037
3383.0061328719644
3374.050588679909
3364.8777753499417
3355.5063785177103
3345.954486400886
3336.239536067964
3326.3782746827765
3316.386733429168
3306.280212096808
3296.073272562614
3285.779739632042
3275.412707910981
3264.9845535626982
3254.5069499672113
3243.9908864436543
3233.446689321855
3222.8840447588846
3212.312022791611
3201.739102198851
3191.1731958179403
3180.621676021968
3170.09140011654
3159.588735460078
3149.1195841500476
3138.689407150305
3128.303247762442
3117.9657543674193
3107.681202383528
3097.453515403209
3087.2862854849936
3077.182792588272
3067.146023147971
3057.1786877938457
3047.2832382253596
3037.461883258028
3027.716604060991
3018.049168608663
3008.4611453714674
2998.95391627236
2989.5286889369354
2980.1865082655604
2970.9282673562984
2961.7547178074174
2952.666479428007
2943.6640493848445
2934.747810813056
2925.9180409174187
2917.1749185903846
2908.518531572016
2899.9488831761464
2891.465898606139
2883.0694308826223
2874.7592664047024
2866.5351301650876
2858.396690638703
2850.343564363383
2842.3753202303315
2834.4914835011787
2826.691539567526
2818.9749374681573
2811.341093178162
2803.7893926835386
2796.3191948540934
2788.9298341266876
2781.620623010288
2774.390854423591
2767.239803875373
2760.1667314971824
2753.1708839373678
2746.251496124994
2739.407792911639
2732.6389905986116
2725.944298356718
2719.3229195452363
2712.774052936397
2706.296893851273
2699.8906352126533
2693.554468520108
2687.2875847521664
2681.0891752002294
2674.958432238532
2668.8945500342634
2662.896725201631
2656.964157403503
2651.0960499039847
2645.2916100750867
2639.5500498604915
2633.8705861991893
2628.2524414116056
2622.694843550702
2617.1970267203337
2611.7582313630483
2606.3777045193615
2601.0547000604065
2595.7884788957545
2590.578309158088
2585.4234663662974
2580.3232335684843
2575.2769014662413
2570.2837685215413
2565.3431410474113
2560.4543332835665
2555.6166674580627
2550.829473835963
2546.0920907559803
2541.4038646559516
2536.7641500879854
2532.1723097240547
2527.6277143527586
2523.1297428679195
2518.6777822496715
2514.2712275386184
2509.909481803625
2505.5919561037636
2501.318069444889
2497.0872487313245
2492.8989287130566
2488.7525519288565
2484.6475686456834
2480.5834367947464
2476.5596219045074
2472.575597030971
2468.630842685512
2464.7248467605236
2460.857104453131
2457.0271181871844
2453.2343975337653
2449.478459130397
2445.758826599138
2442.075030463742
2438.4266080660386
2434.813103481687
2431.2340674354305
2427.689057216005
2424.1776365907867
2420.6993757203145
2417.2538510727823
2413.8406453385887
2410.4593473450414
2407.109551971282
2403.790860063532
2400.5028783506837
2397.24521936035
2394.0175013353864
2390.8193481509697
2387.650389232248
2384.510259472646
2381.398599152827
2378.3150538603686
2375.2592744101803
2372.2309167656886
2369.2296419608156
2366.255116022778
2363.307009895727
2360.384999365239
2357.4887649836764
2354.6179919964457
2351.7723702691437
2348.9515942156017
2346.1553627268695
2343.3833791010866
2340.6353509743067
2337.9109902522405
2335.210013042919
2332.53213959031
2329.877094208846
2327.2446052188934
2324.6344048831515
2322.0462293439673
2319.479818561577
2316.934916253271
2314.411269833457
2311.9086303546455
2309.426752449316
2306.9653942726964
2304.5243174464126
2302.1032870030203
2299.702071331414
2297.320442123087
2294.958174319248
4181.436138345241
4180.286186844948
4178.774953340626
4176.8623883866485
4174.515242532991
4171.7072626034305
4168.419051684983
4164.6376974292425
4160.356252612659
4155.57313251201
4150.291476925926
4144.518510986303
4138.264928111639
4131.544310191133
4124.372593921535
4116.767587730216
4108.748540538315
4100.335761437986
4091.550287927442
4082.4135994693265
4072.9473726589777
4063.173274089839
4053.1127870225237
4042.787068030565
4032.2168301095835
4021.422248891742
4010.4228889508076
3999.2376474503108
3987.8847126729156
3976.381535239168
3964.7448100767097
3952.990467434389
3941.133671448531
3929.1888249608573
3917.169579459917
3905.0888491714677
3892.958828459274
3880.7910118178247
3868.596215843866
3856.3846026658794
3844.165704391119
3831.9484481997442
3819.7411817763095
3807.551698821223
3795.3872644300995
3783.2546401677505
3771.160108696864
3759.109497850006
3747.1082040577517
3735.1612150664155
3723.2731318963297
3711.448190006222
3699.690279641677
3688.0029653558504
3676.3895046992125
3664.8528660820375
3653.3957458191326
3642.020584370883
3630.7295817983704
3619.524712453216
3608.4077389249546
3597.38022527041
3586.4435495506527
3575.5989157018607
3564.8473647668347
3554.189785513967
3543.6269244704504
3533.159395396138
3522.787688224047
3512.5121774929476
3502.333130296785
3492.250713774985
3482.2650021668796
3472.375983452658
3462.583565602468
3452.8875824543193
3443.2877992406884
3433.7839177827873
3424.375581370632
3415.0623793462173
3405.8438514062627
3396.719491640216
3387.688752318397
3378.7510474444657
3369.905756085607
3361.1522254931815
3352.489774025903
3343.917693886958
3335.4352536858846
3327.0417008354257
3318.73626379302
3310.5181541560764
3302.386568619633
3294.3406908045845
3286.3796929641194
3278.5027375756645
3270.708978825147
3262.9975639900495
3255.3676347273454
3247.8183282720192
3240.348778551622
3232.958117221924
3225.6454746284703
3218.4099806985714
3211.2507657679735
3204.1669613462154
3197.1577008244617
3190.2221201293446
3183.3593583261745
3176.5685581746666
3169.84886664013
3163.1994353629275
3156.6194210888143
3150.1079860626273
3143.6642983876513
3137.2875323528347
3130.976868729918
3124.7314950424034
3118.550605808174
3112.4334027574923
3106.37909502795
3100.386899337906
3094.456040139832
3088.5857497548736
3082.7752684899024
3077.0238447382453
3071.3307350651676
3065.695204279177
3060.1165254901152
3054.5939801549575
3049.1268581121785
3043.714457605503
3038.356085297786
3033.051056275767
3027.7986940463234
3022.5983305248974
3017.4493060166587
3012.350969190963
3007.3026770496413
3002.3037948895726
2997.3536962600474
2992.4517629152942
2987.5973847626265
2982.789959806534
2978.0288940891223
2973.313601627183
2968.643504346238
2964.018032011839
2959.4366221583796
2954.8987200156985
2950.403778433676
2945.951257805087
2941.540625986889
2937.1713582201364
2932.8429370487215
2928.5548522371
2924.3066006871563
2920.0976863543474
2915.925839611529
2911.7941413208346
2907.7021102838125
2903.6457224394435
2899.6262944677724
2895.6433708182694
2891.696502440189
2887.785246654432
2883.909167068389
2880.067833491081
2876.2608218486407
2872.487714100209
2868.748098154285
2865.041567785601
2861.3677225525435
2857.7261677151837
2854.1165141539313
2850.5383782888757
2846.99138199982
2843.47515254704
2839.9893224928164
2836.5335296237326
2833.1074168737646
2829.710632248216
2826.3428287484467
2823.003664297483
2819.692801666463
2816.4099084019626
2813.154656754191
2809.926723606077
2806.725790403235
2803.551543084838
2800.4036720153754
2797.2818719173174
2794.185841804668
2791.115284917436
2788.069908656985
2785.0494245222885
2782.0535480470835
2779.0819987379
2776.1345000129913
2773.2107791421395
2770.310567187335
4977.578872294234
4976.373833357935
4974.783295453733
4972.761925128927
4970.271266497539
4967.280091954085
4963.764383059386
4959.707047177246
4955.097456792173
4949.930880205668
4944.207855872226
4937.933548822541
4931.117116445093
4923.771102131335
4915.910868587071
4907.554077606311
4898.720219451978
4889.430192393826
4879.705931170789
4869.570081972819
4859.04572081832
4848.156111814171
4836.924501631762
4825.3739465428225
4813.527168479501
4801.40643677435
4789.033472469055
4776.429372334503
4763.6145500052835
4750.608691888256
4737.430725751097
4724.098800128727
4710.630272900511
4697.041707588374
4683.348876105244
4669.566766844737
4655.709597147903
4641.790829311915
4627.8231894200435
4613.818688373605
4599.788644595568
4585.743707953825
4571.693884520506
4557.648561843482
4543.616534458242
4529.606029413317
4515.624731621612
4501.679808883735
4487.777936458363
4473.92532107979
4460.1277243439945
4446.390485402994
4432.718542922601
4419.116456271915
4405.588425923949
4392.138313056139
4378.76965834715
4365.485699972918
4352.28939081011
4339.183414859546
4326.170202905447
4313.251947429328
4300.430616799298
4287.707968757204
4275.085563227224
4262.564774470303
4250.146802609238
4237.832684549512
4225.623304320897
4213.519402864708
4201.521587291207
4189.630339631265
4177.846025105747
4166.168899935596
4154.599118714741
4143.1367413674125
4131.781739710571
4120.534003641411
4109.393346969207
4098.359512909841
4087.4321792607207
4076.610963272919
4065.895426236687
4055.2850777957037
4044.779380004711
4034.3777511445323
4024.0795693076966
4013.884175767337
4003.7908781413644
3993.798953363228
3983.907650470172
3974.116193219134
3964.4237825400405
3954.829598835704
3945.332804136983
3935.9325441215055
3926.6279500037012
3917.418140303558
3908.302222501059
3899.2792945828983
3890.348446487711
3881.508761455706
3872.7593172882557
3864.099187522718
3855.5274425274183
3847.043150521511
3838.6453785241306
3830.3331932369733
3822.105661864316
3813.9618528741103
3805.9008367037286
3797.9216864136133
3790.023478291984
3782.205292413527
3774.466213154854
3766.805329669336
3759.221736323778
3751.7145330992767
3744.282825958434
3736.925727181002
3729.642355669904
3722.4318372294747
3715.2933048176405
3708.2258987736723
3701.2287670230544
3694.3010652608973
3687.4419571152894
3680.6506142918356
3673.9262167006195
3667.2679525667213
3660.6750185253504
3654.146619702629
3647.6819697829537
3641.280291063846
3634.940814499129
3628.662779731215
3622.445435113285
3616.28803772201
3610.189853361522
3604.150156559232
3598.1682305540908
3592.2433672778334
3586.374867329742
3580.5620399453874
3574.804202959837
3569.1006827657343
3563.450814266665
3557.8539408261963
3552.309414212925
3546.8165945418914
3541.374850212662
3535.9835578443735
3530.642102208027
3525.349876156275
3520.1062805509605
3514.910724188626
3509.762623724211
3504.661403593145
3499.606495931994
3494.597340497881
3489.6333845868135
3484.7140829510695
3479.8388977158083
3475.0072982950237
3470.2187613069595
3465.4727704891234
3460.768816612992
3456.1063973985065
3451.4850174284766
3446.904188062942
3442.363427353615
3437.8622599584414
3433.4002170563826
3428.9768362624545
3424.5916615431092
3420.244243131999
3415.9341374461733
3411.660907002767
3407.4241203362103
3403.2233519160154
3399.0581820651555
3394.9281968790883
3390.8329881454465
3386.7721532644177
3382.7452951698497
3378.7520222510966
3374.791948275618
3370.8646923123765
3366.9698786560125
3363.1071367518334
3359.276101121635
3355.4764112903395
3351.707711713492
3347.969651705585
3344.261885369264
3340.584071525368
3336.9358736438553
3333.31695977558
3329.7270024849504
3326.1656787834404
3322.632670063992
5890.519212437979
5889.260233699426
5887.59162980954
5885.4626075100905
5882.8292665227455
5879.655111423118
5875.911162817565
5871.575772974404
5866.634234990294
5861.078257554711
5854.905361524483
5848.118240761167
5840.7241182717535
5832.734119533568
5824.162677721868
5815.026980084138
5805.346460610032
5795.142341152217
5784.437221020904
5773.254713605558
5761.619127610222
5749.55518989645
5737.087806610296
5724.241859149824
5711.042031548506
5697.512665962962
5683.67764312768
5669.560284850368
5655.183275851238
5640.568602485786
5625.7375061240255
5610.710449184518
5595.507092034284
5580.146279164387
5564.646033233863
5549.023555741882
5533.295233239558
5517.476648129372
5501.582593222591
5485.62708933423
5469.623405292209
5453.584079823251
5437.520944854
5421.445149832587
5405.3671867345165
5389.296915468074
5373.243589439301
5357.215881075672
5341.22190714152
5325.269253707751
5309.3650006638245
5293.515745682003
5277.727627562677
5262.006348905881
5246.357198067887
5230.78507037365
5215.294488565785
5199.8896224792525
5184.574307938075
5169.352064876186
5154.226114689567
5139.199396830716
5124.274584659854
5109.454100569829
5094.740130403753
5080.13463718597
5065.639374188129
5051.255897352979
5036.985577098971
5022.82960952909
5008.789027067409
4994.864708546712
4981.057388770361
4967.367667571159
4953.796018389563
4940.342796393068
4927.008246157951
4913.792508934001
4900.695629512145
4887.717562714265
4874.858179523692
4862.117272874272
4849.494563115151
4836.98970316765
4824.602283390061
4812.331836162612
4800.177840223436
4788.139724728298
4776.216873101761
4764.408626651387
4752.714287973176
4741.133124156891
4729.6643698019925
4718.307229854407
4707.060882273874
4695.924480541089
4684.897156013383
4673.9780201372705
4663.166166525757
4652.460672907818
4641.860602957213
4631.365008007277
4620.972928658073
4610.683396281946
4600.4954344331045
4590.408060166072
4580.420285271903
4570.531117427361
4560.739561274531
4551.044619425464
4541.445293399878
4531.9405844991015
4522.529494619874
4513.2110270115545
4503.984186979917
4494.847982540638
4485.80142502544
4476.843529643576
4467.973316001315
4459.1898085818575
4450.492037188025
4441.879037349908
4433.349850699521
4424.903525314513
4416.539116032648
4408.2556847389205
4400.052300626901
4391.9280404358715
4383.881988665216
4375.913237767509
4367.98164363211
4360.204049186377
4352.461837638328
4344.793379490621
4337.197809198176
4329.6742699476235
4322.221913733789
4314.8399014234665
4307.527402807293
4300.283596640531
4293.107670673457
4285.998821672076
4278.956255429801
4271.9791867706945
4265.066839544901
4258.218446616742
4251.4332498460735
4244.7105000633155
4238.049457038653
4231.449389445828
4224.909574820926
4218.429299516534
4212.007858651636
4205.644556057603
4199.338704220532
4193.089624220314
4186.89664566666
4180.759106632362
4174.676353584049
4168.647741310649
4162.672632849804
4156.750399412428
4150.880420305593
4145.062082853958
4139.294782319864
4133.577921822305
4127.910912254883
4122.293172202917
4116.724127859816
4111.203212942859
4105.729868608481
4100.303543367174
4094.9236929981216
4089.589780463631
4084.301275823486
4079.0576561492635
4073.858405438721
4068.703014530316
4063.5909810179105
4058.521809165739
4053.495009823694
4048.5101003429672
4043.5666044921136
4038.6640523735705
4033.801980340676
4028.9799309152327
4024.197452705631
4019.4541003255963
4014.7494343135513
4010.0830210526574
4005.4544326915275
4000.863247065651
3996.309047619555
3991.791423329693
3987.3099686281103
3982.864283326876
3978.453972543306
3974.078646625985
3969.73792108159
3965.4314165025435
3961.1587584954727
6932.652928647594
6931.341186801349
6929.595833660085
6927.360462132032
6924.585511762878
6921.228946938048
6917.256506274338
6912.6416268795
6907.365133689075
6901.41476860381
6894.7846190609325
6887.474492152749
6879.489268903113
6870.838263870242
6861.534607703287
6851.594664392771
6841.037490452996
6829.884339901251
6818.158216426649
6805.883472376286
6793.0854529674125
6779.790183331446
6766.024095504666
6751.813792220304
6737.1858442631565
6722.166618172945
6706.782131188485
6691.057930483783
6675.01899393872
6658.689649895428
6642.093513566251
6625.253437972255
6608.191477497576
6590.928862340756
6573.485982327798
6555.882378721628
6538.136742818568
6520.266920264814
6502.289920154428
6484.221928086536
6466.078322463403
6447.873693404005
6429.621863730528
6411.335911558641
6393.028194087425
6374.710372242231
6356.393435874258
6338.087729265073
6319.802976723122
6301.548308093434
6283.332284031287
6265.16292091648
6247.047715307373
6228.993667853179
6211.0073065998595
6193.0947096394475
6175.261527064999
6157.513002204038
6139.8539921124475
6122.28898731837
6104.822130812274
6087.457236284727
6070.197805617983
6053.047045641268
6036.007884162666
6019.082985293102
6002.274764079753
5985.585400467899
5969.016852611296
5952.5708695520425
5936.249003291466
5920.052620273901
5903.982912305387
5888.04090692926
5872.227477280501
5856.543351440389
5840.989121312668
5825.565251042002
5810.272084994969
5795.109855323331
5780.078689128704
5765.178615247169
5750.409570671718
5735.771406629825
5721.263894332744
5706.886730412547
5692.639542062225
5678.521891893588
5664.5332825270725
5650.673160926921
5636.940922494639
5623.335914933085
5609.857441892908
5596.504766412579
5583.277114162699
5570.173676504792
5557.193613374237
5544.336055996624
5531.600109446287
5518.984855055362
5506.489352681312
5494.112642840464
5481.85374871472
5469.711678038211
5457.685424870424
5445.77397126182
5433.976288817857
5422.291340166865
5410.7180803370375
5399.2554580474625
5387.902416917936
5376.657896601955
5365.520833847178
5354.490163487291
5343.564819369098
5332.743735218422
5322.0258454482355
5311.410085912166
5300.895394606543
5290.48071232375
5280.164983259705
5269.947155578026
5259.826181933303
5249.801019955833
5239.870632700009
5230.03398905841
5220.2900641435845
5210.637839639366
5201.076304123508
5191.604453363264
5182.221290585527
5172.925826722967
5163.717080637645
5154.59407932336
5145.555858088041
5136.601460717362
5127.7299396206945
5118.940355960473
5110.231779765985
5101.603290032523
5093.053974806822
5084.582931259603
5076.189265746046
5067.872093854955
5059.630540447326
5051.463739684992
5043.370835049996
5035.350979355281
5027.403334747307
5019.527072701088
5011.721374008182
5003.985428758114
4996.318436313712
4988.7196052807085
4981.188153472122
4973.723307867702
4966.324304568853
4958.990388749373
4951.7208146023
4944.5148452832
4937.371752850171
4930.290818200814
4923.271331006461
4916.312589643862
4909.413901124579
4902.574581022289
4895.793953398195
4889.07135072474
4882.406113807794
4875.797591707467
4869.24514165774
4862.748128985016
4856.305927025773
4849.917917043398
4843.583488144368
4837.302037193875
4831.072968730988
4824.895694883467
4818.769635282333
4812.694216976243
4806.668874345796
4800.693049017815
4794.766189779688
4788.887752493845
4783.057200012399
4777.2740020920555
4771.537635309289
4765.847582975912
4760.203335054977
4754.604388077181
4749.050245057674
4743.540415413443
4738.074414881205
4732.651765435868
4727.271995209644
4721.934638411736
4716.639235248704
4711.385331845519
4706.17248016729
4701.000237941711
4695.8681685822385
8117.222973480833
8115.8596636371585
8114.038939082349
8111.698645483295
8108.783367997529
8105.245279439343
8101.044534484983
8096.149311069496
8090.535589398309
8084.186745224402
8077.0930198977785
8069.250916580842
8060.662560569697
8051.335052047738
8041.2798317617835
8030.512073871352
8019.05011535337
8006.914927618049
7994.129633194327
7980.71906828834
7966.709390547691
7952.127730346646
7937.001883236962
7921.360040800092
7905.230556922441
7888.641746443056
7871.621713152284
7854.198204219065
7836.398488270142
7818.249254518703
7799.776530529808
7781.0056164056805
7761.961033368872
7742.6664849107
7723.144828852791
7703.418058839626
7683.507293937844
7663.432775163934
7643.213867895288
7622.869069241075
7602.416019559307
7581.8715174055005
7561.251537287406
7540.5712496797205
7519.845042823881
7499.0865459010365
7478.308653222451
7457.5235491311505
7436.742733352443
7415.9770465695565
7395.236696034595
7374.531281054801
7353.869818220177
7333.260766261363
7312.712050446474
7292.231086442934
7271.824803585294
7251.49966750302
7231.2617020733915
7211.116510674288
7191.069296719872
7171.124883469183
7151.287733103679
7131.56196507469
7111.951373726106
7092.45944520102
7073.089373644029
7053.844076713225
7034.72621041781
7015.738183298786
6996.882169971359
6978.160124048426
6959.5737904653415
6941.124717226279
6922.8142665929645
6904.643625736399
6886.613816872225
6868.72570690015
6850.980016567526
6833.377329176918
6815.9180988569315
6798.602658415229
6781.431226792054
6764.403916132141
6747.520738492225
6730.781612200878
6714.186367886789
6697.734754190988
6681.4264431779875
6665.2610354602
6649.238065049411
6633.357003948548
6617.617266496428
6602.018213477597
6586.559156008891
6571.239359213799
6556.058045695238
6541.014398816875
6526.107565802631
6511.33666066357
6496.700766961001
6482.198940414096
6467.830211360049
6453.593587074302
6439.4880539581245
6425.512579600355
6411.666114719877
6397.947594995023
6384.35594278582
6370.890068754685
6357.548873390915
6344.331248444011
6331.236078270695
6318.262241100125
6305.408610221726
6292.674055099686
6280.057442418067
6267.557637060228
6255.173503026097
6242.90390429061
6230.747705606504
6218.7037732544595
6206.770975743479
6194.948184464143
6183.23427429738
6171.628124181125
6160.128617637225
6148.734643260734
6137.445095173694
6126.258873445378
6115.174884480817
6104.19204137946
6093.309264265502
6082.525480591646
6071.839625417633
6061.250641665083
6050.757480349936
6040.359100793799
6030.054470815396
6019.84256690326
6009.72237437082
5999.692887494791
5989.753109637977
5979.902053357314
5970.13874049806
5960.462202275
5950.871479341355
5941.365621846255
5931.943689481381
5922.604751517497
5913.347886831487
5904.17218392448
5895.076740931661
5886.060665624266
5877.123075404278
5868.263097293051
5859.479867909899
5850.772533452078
5842.140249661879
5833.58218179229
5825.097504567063
5816.685402136406
5808.345068028488
5800.075705097153
5791.876525466101
5783.746750469807
5775.6856105914085
5767.6923453978825
5759.766203472649
5751.9064423458685
5744.112328422638
5736.383136909253
5728.718151737744
5721.116665488819
5713.5779793134425
5706.101402853106
5698.686254159033
5691.331859610369
5684.037553831546
5676.802679608896
5669.6265878066515
5662.508637282424
5655.448194802272
5648.444634955434
5641.497340068832
5634.605700121403
5627.76911265838
5620.986982705521
5614.25872268342
5607.583752321942
5600.961498574818
5594.391395534482
5587.872884347192
5581.405413128467
5574.988436878918
5568.621417400469
5562.303823237453
5556.035129496224
5549.814817909106
5543.6423766551725
5537.517300303414
9458.347481203287
9456.933807932955
9455.039136006757
9452.595449847104
9449.541306799107
9445.822857492909
9441.394390158592
9436.218496561276
9430.26594932595
9423.515368509732
9415.952742242287
9407.570853701225
9398.368655417682
9388.350622230746
9377.526106162737
9365.908709958738
9353.515690844182
9340.367402004898
9326.48677618998
9311.898853503542
9296.630353732238
9280.709292322776
9264.16463826921
9247.02601160674
9229.323417866692
9211.087016670583
9192.346921585888
9173.133028397857
9153.47486904485
9133.401488597812
9112.941342824011
9092.12221404794
9070.971143201472
9049.514376133875
9027.777322426602
9005.7845251242
8983.5596399504
8961.125422725454
8938.503723837002
8915.715488742117
8892.780763592633
8869.718705180152
8846.547594491223
8823.284853248495
8799.947062889965
8776.54998550698
8753.108586323015
8729.637057349815
8706.148841906019
8682.656659726581
8659.172532429475
8635.707809139949
8612.273192102251
8588.878762135191
8565.534003810697
8542.24783025488
8519.028607488777
8495.884178241218
8472.821885179948
8449.848593518538
8426.970712966933
8404.19421900205
8381.524673442524
8358.967244317839
8336.526725027983
8314.207552794043
8292.013826404278
8269.949323263507
8248.017515756315
8226.221586936885
8204.56444556005
8183.048740469691
8161.676874361648
8140.451016939265
8119.373117480277
8098.444916834182
8077.667958869467
8057.043601390222
8036.573026541545
8016.25725072314
7996.09713403016
7976.0933892401345
7956.246590364464
7936.557180782492
7917.025480975809
7897.6516958798975
7878.435921869781
7859.378153395776
7840.478289284973
7821.736138723512
7803.151426934164
7784.723800563252
7766.4528327903545
7748.338028173793
7730.378827244234
7712.574610858495
7694.924704324817
7677.428381310705
7660.084867543725
7642.893344315348
7625.852951797418
7608.9627921803985
7592.221932642162
7575.629408155703
7559.184224143707
7542.885358987633
7526.731766398531
7510.722377656537
7494.8561037255995
7479.13183724978
7463.548454437045
7448.104816836283
7432.799773012968
7417.632160128576
7402.600805428786
7387.704527644975
7372.942138313607
7358.312443017615
7343.814242553888
7329.446334030643
7315.2075118982975
7301.096568917354
7287.1122970664865
7273.25348839408
7259.518935816031
7245.907433862763
7232.417779378039
7219.048772172151
7205.799215631913
7192.667917289711
7179.653689353822
7166.755349202043
7153.971719840621
7141.301630330327
7128.743916181455
7116.297419719409
7103.960990422514
7091.733485233511
7079.613768846208
7067.60071396866
7055.693201564147
7043.890121071166
7032.190370603683
7020.592857132626
7009.096496649801
6997.700214315119
6986.40294458815
6975.203631344862
6964.101227980424
6953.094697498841
6942.183012590242
6931.365155696487
6920.640119065817
6910.006904797204
6899.464524874984
6889.012001194413
6878.648365578642
6868.372659787696
6858.183935519897
6848.0812544062655
6838.063687998318
6828.130317749656
6818.280234991824
6808.5125409047405
6798.826346482127
6789.220772492212
6779.694949434102
6770.2480174900775
6760.879126474125
6751.587435776973
6742.3721143078965
6733.232340433526
6724.167301913906
6715.176195836033
6706.258228545019
6697.4126155731865
6688.638581567162
6679.935360213227
6671.302194161066
6662.738334946043
6654.2430429102005
6645.815587122088
6637.455245295542
6629.161303707595
6620.933057115561
6612.769808673448
6604.670869847812
6596.635560333098
6588.663207966626
6580.753148643252
6572.90472622981
6565.117292479429
6557.39020694574
6549.722836897106
6542.114557230903
6534.564750387897
6527.072806266813
6519.638122139102
6512.260102564007
6504.938159303895
6497.671711240006
10971.047766247968
10969.584936088271
10967.617774191189
10965.072307889513
10961.880913186073
10957.983508257537
10953.328251937039
10947.871840496868
10941.579491035565
10934.424689835105
10926.388772261838
10917.460388926807
10907.63490185513
10896.91374477945
10885.30377349925
10872.816625495361
10859.468102526043
10845.277585592616
10830.267488274661
10814.462751834475
10797.89038353019
10780.57903813108
10762.558641588868
10743.860055097892
10724.514777301767
10704.554682116694
10684.011789495438
10662.918066413991
10641.3052553968
10619.204727983162
10596.647360660289
10573.663430933999
10550.282531366465
10526.533499574301
10502.444362344502
10478.042292186037
10453.353574789173
10428.403586010763
10403.21677714065
10377.816667332087
10352.225842196576
10326.465957671666
10300.557748368947
10274.521039699284
10248.374763153446
10222.136974189983
10195.824872248002
10169.454822462085
10143.042378709462
10116.602307667345
10090.14861360039
10063.694563636076
10037.252713319242
10010.834932266687
9984.45242976889
9958.115780209238
9931.834948191477
9905.619313284082
9879.477694306068
9853.418373092536
9827.449117690387
9801.577204945028
9775.809442448377
9750.152189825914
9724.611379347916
9699.192535855473
9673.900795997339
9648.740926777602
9623.717343418168
9598.834126542923
9574.095038693082
9549.503540185478
9525.062804327059
9500.775732000597
9476.644965637419
9452.672902594106
9428.861707950527
9405.213326747198
9381.72949568017
9358.41175427175
9335.261455535529
9312.279776153942
9289.467726186558
9266.826158326989
9244.35577672603
9222.057145398336
9199.930696229452
9177.976736599741
9156.195456641191
9134.586936142663
9113.151151118698
9091.887980056501
9070.797209855142
9049.878541470734
9029.131595280634
9008.555916179354
8988.150978418369
8967.916190201568
8947.850898047509
8927.954390929372
8908.225904202915
8888.664623332348
8869.269687423694
8850.040192574657
8830.975195049807
8812.073714289325
8793.334735759345
8774.757213651457
8756.34007343868
8738.082214294851
8719.982511384023
8702.039818026253
8684.252967745804
8666.620776207477
8649.142043046677
8631.815553598275
8614.64008052949
8597.614385381334
8580.737220023257
8564.00732802535
8547.423445952123
8530.984304581852
8514.688630055194
8498.535144956633
8482.52256933214
8466.64962164626
8450.915019681732
8435.317481384478
8419.855725656813
8404.528473101484
8389.334446719091
8374.272372561176
8359.340980341385
8344.539004006823
8329.865182271573
8315.318259114472
8300.89698424295
8286.600113524633
8272.426409388527
8258.374641197259
8244.443585591998
8230.632026811405
8216.938756986094
8203.362576409794
8189.902293788586
8176.556726469261
8163.324700648037
8150.2050515606325
8137.1966236547305
8124.298270745798
8111.508856157193
8098.827252845396
8086.2523435112
8073.783020697692
8061.418186875692
8049.1567545174275
8036.99764615907
8024.93979445282
8012.982142209084
8001.12364242939
7989.363258330531
7977.699963360495
7966.132741206654
7954.660585796686
7943.2825012926805
7931.9975020788415
7920.804612743186
7909.702868053646
7898.691312928871
7887.769002404163
7876.935001592778
7866.188385642956
7855.528239690984
7844.953658810491
7834.463747958342
7824.057621917285
7813.734405235642
7803.493232164274
7793.333246590959
7783.25360197249
7773.253461264583
7763.3319968498445
7753.488390463912
7743.721833119996
7734.031525031893
7724.4166755356955
7714.8765030102595
7705.41023479662
7696.017107116433
7686.696364989581
7677.447262151045
7668.269060967133
7659.161032351184
7650.122455678804
7641.152618702779
7632.250817467655
7623.416356224154
7614.6485473434395
7605.946711231309
7597.3101762423885
7588.738278594396
12671.276321715119
12669.765536935516
12667.727364792496
12665.08179659086
12661.754892383728
12657.680147394283
12652.79934755987
12647.063002410694
12640.430441371365
12632.869651690675
12624.356925771057
12614.876374628264
12604.41935366538
12592.983837451287
12580.573771976819
12567.19842595046
12552.871757009416
12537.611804130767
12521.440113881545
12504.381205296606
12486.462075982137
12467.711750388018
12448.16086996839
12427.841324069232
12406.785919769794
12385.028088501842
12362.60162702838
12339.540470242122
12315.878493213046
12291.649339949035
12266.886276415022
12241.622065469051
12215.888861507254
12189.718122754966
12163.140539291686
12136.185975048684
12108.883422166102
12081.260966239264
12053.345761119657
12025.164012063937
11996.740966143761
11968.100908939912
11939.267166646005
11910.262112800961
11881.107178954282
11851.822868646426
11822.428774156559
11792.943595533838
11763.385161485754
11733.770451748594
11704.115620611532
11674.436021307305
11644.746231019402
11615.060076288995
11585.390658634073
11555.7503802196
11526.150969440645
11496.603506301055
11467.118447488447
11437.70565106235
11408.374400686465
11379.133429348432
11349.990942521415
11320.954640731388
11292.031741502276
11263.229000658333
11234.552732969569
11206.008832131265
11177.602790073495
11149.339715600423
11121.224352362671
11093.261096168953
11065.454011645517
11037.806848254115
11010.323055680725
10983.005798608869
10955.857970892208
10928.882209142103
10902.080905746532
10875.456221337041
10849.010096720976
10822.744264296132
10796.660258965403
10770.759428568512
10745.04294384838
10719.511807968804
10694.166865600626
10669.008811592594
10644.038199243343
10619.255448190139
10594.660851929912
10570.25458498757
10546.036709746173
10522.007182953126
10498.165861916103
10474.512510401932
10451.046804251364
10427.768336721856
10404.676623570604
10381.771107888984
10359.0511646997
10336.516105327146
10314.165181551183
10291.99758955419
10270.012473670791
10248.20892994922
10226.586009533059
10205.142721871613
10183.8780377668
10162.790892264291
10141.880187396022
10121.144794781183
10100.583558092207
10080.195295392221
10059.978801350033
10039.93284933838
10020.056193421084
10000.347570234402
9980.80570076758
9961.429292047473
9942.217038731902
9923.167624616024
9904.279724056052
9885.552003314217
9866.983121828864
9848.571733413304
9830.316487386895
9812.216029641675
9794.269003647676
9776.474051399966
9758.8298143103
9741.334934046039
9723.988053319037
9706.787816626918
9689.73287094912
9672.821866400001
9656.053456841068
9639.4263004545
9622.939060279765
9606.590404715333
9590.37900798713
9574.303550585504
9558.362719672255
9542.555209459277
9526.87972156026
9511.334965316852
9495.919658100534
9480.632525591573
9465.472302036142
9450.43773048279
9435.527562999381
9420.740560871407
9406.075494782825
9391.531144980218
9377.106301421198
9362.799763907962
9348.610342206715
9334.53685615375
9320.57813574897
9306.733021237445
9293.000363179775
9279.379022511752
9265.867870594071
9252.46578925251
9239.171670809203
9225.984418105536
9212.902944517027
9199.926173960852
9187.053040896239
9174.282490318346
9161.613477745868
9149.044969202832
9136.575941194926
9124.205380680694
9111.93228503793
9099.755662025551
9087.674529741289
9075.687916575444
9063.794861160972
9051.994412320144
9040.285629008082
9028.667580253252
9017.139345095316
9005.700012520381
8994.348681393938
8983.084460391634
8971.906467928067
8960.81383208373
8949.805690530327
8938.881190454553
8928.039488480474
8917.2797505907
8906.601152046416
8896.002877306375
8885.484119945082
8875.044082570106
8864.681976738748
8854.397022874131
8844.188450180744
8834.055496559617
8823.99740852313
14575.944817329982
14574.387270780562
14572.279581000956
14569.535640000753
14566.075075177565
14561.82478738182
14556.719965331955
14550.704658818155
14543.731993880721
14535.764107375571
14526.771869354647
14516.734451570226
14505.638790387782
14493.478983132076
14480.25564870998
14465.97527634784
14450.649580423165
14434.29487456532
14416.931474323555
14398.58313462137
14379.276525806366
14359.040750248674
14337.90690003669
14315.907655278339
14293.076921765783
14269.449506240126
14245.060827149686
14219.946658590125
14194.142905014105
14167.685404275795
14140.609756610818
14112.951177228251
14084.744370295837
14056.02342222222
14026.82171227352
13997.171838700076
13967.105558688403
13936.653740590496
13905.846327014908
13874.712307490525
13843.279699533423
13811.575537058996
13779.625865185695
13747.455740573068
13715.089236525346
13682.549452173094
13649.8585251197
13617.037647006899
13584.107081514854
13551.086184367783
13517.993424966277
13484.846409312384
13451.66190393436
13418.455860554266
13385.243441274204
13352.03904408627
13318.856328537233
13285.708241402273
13252.60704224269
13219.56432874085
13186.591061722047
13153.697589787085
13120.893673492414
13088.188509025666
13055.590751334468
13023.108536674841
12990.749504553427
12958.520819044103
12926.4291894655
12894.480890410927
12862.681781126434
12831.037324236684
12799.552603821263
12768.232342847019
12737.080919964086
12706.102385675487
12675.300477891458
12644.678636881352
12614.2400196367
12583.987513660144
12553.923750195427
12524.051116914212
12494.371770075817
12464.887646176207
12435.600473102597
12406.511780810179
12377.622911537272
12348.935029575186
12320.44913060877
12292.166050643513
12264.086474534648
12236.21094413345
12208.539866065636
12181.073519156284
12153.812061515368
12126.755537297657
12099.903883150246
12073.25693436058
12046.814430717503
12020.576022097335
11994.541273786646
11968.709671553017
11943.08062647453
11917.65347953849
11892.427506019463
11867.401919646185
11842.575876566767
11817.948479121038
11793.518779428654
11769.285782801155
11745.24845098595
11721.405705249697
11697.756429308447
11674.29947211143
11651.033650485184
11627.957751644404
11605.070535575655
11582.370737299683
11559.857069018082
11537.52822214953
11515.382869260806
11493.4196658974
11471.637252318487
11450.034255140634
11428.609288894628
11407.360957499368
11386.28785565686
11365.388570171948
11344.66168120037
11324.105763428526
11303.719387188235
11283.5011195095
11263.449525114334
11243.563167354388
11223.840609095123
11204.280413549066
11184.8811450606
11165.641369844672
11146.559656681598
11127.634577570103
11108.864708340632
11090.24862923092
11071.784925425578
11053.472187561494
11035.309012200785
11017.29400227281
10999.425767486817
10981.702924716708
10964.124098359272
10946.68792066721
10929.393032058219
10912.238081401385
10895.221726281936
10878.342633245577
10861.599478023287
10844.990945737769
10828.515731092288
10812.172538542989
10795.960082455418
10779.877087246161
10763.922287510282
10748.094428135435
10732.392264403217
10716.814562078554
10701.360097487684
10686.027657585397
10670.816040012107
10655.724053141264
10640.750516117741
10625.89425888758
10611.154122219625
10596.528957719602
10582.01762783682
10567.61900586426
10553.331975932097
10539.155432995292
10525.088282815479
10511.129441937528
10497.27783766105
10483.532408007313
10469.89210168161
10456.3558780316
10442.922707001748
10429.591569084141
10416.361455265936
10403.231366973687
10390.200316014685
10377.267324515633
10364.431424858769
10351.691659615615
10339.0470814786
10326.496753190666
10314.039747473027
10301.675146951247
10289.402044079752
10277.219541064958
10265.126749787081
10253.12279172082
10241.206797854979
10229.377908611123
10217.635273761465
16702.952097321788
16701.348968210503
16699.173258245806
16696.3327113416
16692.740422390045
16688.316544757763
16682.98946438126
16676.696516555283
16669.38432507837
16661.008839783237
16651.535141013916
16640.937070503664
16629.196738697225
16616.303949621302
16602.25557633691
16587.05491297088
16570.711023344746
16553.238101239665
16534.654853259795
16514.9839119685
16494.251284358586
16472.485838669483
16449.71883098442
16425.983471842585
16401.31453221206
16375.747987527797
16349.320698051883
16322.070123520902
16294.034069870415
16265.250465743082
16235.757166471814
16205.591783264283
16174.791535386694
16143.393123241176
16111.432620344289
16078.945382337048
16045.965971284517
16012.528093651834
15978.664550470234
15944.407198329774
15909.786919953287
15874.833603217587
15839.576127593096
15804.042357071052
15768.259138738158
15732.252306243052
15696.046687475724
15659.666115852358
15623.133444662357
15586.470563993622
15549.698419805432
15512.837034767012
15475.90553052369
15438.922151092125
15401.904287121968
15364.868500793229
15327.83055114765
15290.805419678036
15253.807336022765
15216.84980363342
15179.945625301649
15143.106928448158
15106.345190091071
15069.671261423919
15033.095391945144
14996.627253090925
14960.275961332363
14924.050100705768
14887.957744751788
14852.006477845316
14816.203415903214
14780.555226461738
14745.068148119468
14709.74800934499
14674.600246651722
14639.629922144648
14604.841740446067
14570.240065009239
14535.828933830348
14501.612074570516
14467.592919100625
14433.77461748258
14400.160051401257
14366.751847061914
14333.552387568237
14300.563824796374
14267.788090780507
14235.226908625507
14202.881802962294
14170.754109961228
14138.844986919014
14107.155421434014
14075.686240185032
14044.43811732797
14013.411582524774
13982.607028618591
13952.024718968672
13921.664794458402
13891.527280189275
13861.612091873289
13831.919041936024
13802.44784534199
13773.198125153807
13744.169417836018
13715.361178314319
13686.77278480033
13658.403543391889
13630.2526924583
13602.319406819788
13574.60280172992
13547.101936669509
13519.815818960178
13492.74340720539
13465.883614566523
13439.235311881172
13412.797330630658
13386.568465763392
13360.54747838047
13334.733098289673
13309.124026433634
13283.718937197942
13258.516480604452
13233.515284395018
13208.713956010595
13184.111084470416
13159.705242155786
13135.494986502832
13111.478861608379
13087.655399752835
13064.023122843964
13040.58054378521
13017.326167771878
12994.2584935187
12971.37601442178
12948.677219658062
12926.160595225218
12903.824624924613
12881.667791290167
12859.688576465498
12837.885463031838
12816.256934789013
12794.801477491705
12773.517579543064
12752.403732647766
12731.458432426338
12710.680178992647
12690.067477496319
12669.618838631717
12649.332779115106
12629.20782213155
12609.242497752912
12589.4353433285
12569.784903849548
12550.289732288835
12530.94838991675
12511.759446594788
12492.72148104774
12473.83308111554
12455.092843985805
12436.499376407988
12418.051294890176
12399.74722587921
12381.585805925159
12363.565681830834
12345.685510787098
12327.94396049477
12310.339709273718
12292.871446159885
12275.53787099083
12258.337694480379
12241.269638282993
12224.332435048356
12207.524828466758
12190.845573305704
12174.293435438249
12157.867191863566
12141.565630720066
12125.387551291555
12109.331764006845
12093.397090433096
12077.582363263311
12061.886426298335
12046.308134423616
12030.846353581102
12015.49996073652
12000.267843842343
11985.148901796689
11970.14204439844
11955.246192298753
11940.460276949281
11925.783240547273
11911.21403597771
11896.751626752832
11882.394986949024
11868.14310114145
11853.994964336474
11839.949581902056
11826.005969496333
11812.163152994428
11798.42016841375
11784.776061837783
19071.212178112197
19069.564628576583
19067.32239390102
19064.387034407722
19060.66502843749
19056.069646239255
19050.5222836392
19043.953324759364
19036.302609375827
19027.519579010142
19017.563169952344
19006.40151338905
18994.01149409475
18980.378210603514
18965.49437188981
18949.359658581765
18931.980070679816
18913.367278641155
18893.537990443903
18872.513343773262
18850.318329670168
18826.981251755507
18802.53322339322
18777.007703804513
18750.440073118574
18722.86724558213
18694.32731959853
18664.859262883292
18634.502630771705
18603.297315565553
18571.28332473665
18538.500585795045
18504.988775664813
18470.7871724773
18435.934527780868
18400.468957271096
18364.427848258307
18327.84778220762
18290.76447080569
18253.212704125934
18215.22630957873
18176.838120442648
18138.079952877604
18098.98259041919
18059.575775045705
18019.888203995593
17979.94753159253
17939.780375408878
17899.412326166104
17858.86796083257
17818.17085843587
17777.343618158524
17736.40787933278
17695.384342993282
17654.29279468443
17613.15212825474
17571.98037040183
17530.79470576006
17489.611502348584
17448.446337220485
17407.314022174127
17366.228629406774
17325.20351700644
17284.251354193286
17243.384146234523
17202.61325896895
17161.9494428872
17121.402856723427
17080.983090522062
17040.69918815053
17000.55966923534
16960.572550504243
16920.745366522566
16881.085189815472
16841.59865037223
16802.291954531516
16763.170903249556
16724.240909755536
16685.507016600597
16646.973912108595
16608.645946238154
16570.527145866945
16532.62122951008
16494.93162148523
16457.461465537916
16420.213637940797
16383.190760081236
16346.395210551664
16309.829136757404
16273.49446605676
16237.392916448143
16201.52600681891
16165.895066770589
16130.501246034868
16095.345523494614
16060.428715823933
16025.751485760944
15991.314350026847
15957.11768690425
15923.16174348775
15889.446642619085
15855.97238951921
15822.738878128837
15789.745897169138
15756.993135933528
15724.480189821363
15692.206565623927
15660.171686572727
15628.374897159843
15596.815467739649
15565.492598921024
15534.405425758634
15503.553021751795
15472.934402658935
15442.54853013543
15412.394315202318
15382.470621553066
15352.776268705302
15323.31003500417
15294.07066048368
15265.05684959215
15236.267273787715
15207.700574009397
15179.355363029312
15151.230227691078
15123.323731039494
15095.634414346188
15068.160799035923
15040.901388517777
15013.854669925604
14987.01911577159
14960.393185516983
14933.975327063477
14907.763978168963
14881.757567790883
14855.954517360587
14830.353241991637
14804.952151625166
14779.749652115017
14754.744146255509
14729.934034754291
14705.317717152906
14680.893592697355
14656.66006116098
14632.615523621844
14608.758383196713
14585.087045733548
14561.599920464578
14538.295420621547
14515.171964015133
14492.227973580006
14469.461877887219
14446.872111625455
14424.457116052507
14402.215339418504
14380.145237362127
14358.245273281094
14336.513918678218
14314.949653484013
14293.550966357208
14272.316354964025
14251.24432623734
14230.333396616648
14209.582092269802
14188.988949297387
14168.552513920562
14148.271342653223
14128.144002459183
14108.169070895203
14088.345136240503
14068.670797613446
14049.144665076079
14029.765359727056
14010.531513783648
13991.441770653268
13972.494784995175
13953.68922277276
13935.023761296983
13916.497089261362
13898.107906769004
13879.854925352094
13861.736867984217
13843.752469085934
13825.90047452398
13808.179641604404
13790.588739060024
13773.126547032487
13755.791857049284
13738.583471995931
13721.50020608371
13704.540884813108
13687.70434493332
13670.989434397987
13654.39501231741
13637.919948907487
13621.563125435576
13605.323434163409
13589.199778287422
13573.19107187644
13557.296239807118
13541.514217697168
21700.682245865053
21698.991418222202
21696.684146580534
21693.655784366805
21689.806124085975
21685.041433843857
21679.275949652292
21672.43288556944
21664.445032704436
21655.25501874341
21644.815295360262
21633.087913992742
21620.044142513518
21605.66396725391
21589.93551719829
21572.854440249976
21554.42325539825
21534.650699409554
21513.55108228285
21491.143662076367
21467.452046743158
21442.50362821672
21416.32905207901
21388.961724643064
21360.43735812098
21330.793553664418
21300.069421406963
21268.305236161435
21235.54212709479
21201.821799486097
21167.186286546916
21131.677729225477
21095.338181910876
21058.209441988016
21020.33290125685
20981.749417312214
20942.49920307766
20902.621732791045
20862.155662849174
20821.138766029115
20779.607877713046
20737.598852850333
20695.146532493083
20652.28471883934
20609.046157810684
20565.462528278156
20521.564437131372
20477.38141946175
20432.94194320051
20388.273417616518
20343.40220513888
20298.353636023312
20253.1520254313
20207.82069253645
20162.381981314036
20116.857282707035
20071.267057896708
20025.630862435995
19979.967371032624
19934.294402793857
19888.62894676729
19842.987187633407
19797.384531423166
19751.83563115111
19706.35441226903
19660.95409785862
19615.64723349338
19570.445711710712
19525.36079604454
19480.40314457722
19435.58283297703
19390.909376993943
19346.391754392538
19302.038426305808
19257.85735799829
19213.856039030896
19170.041502823304
19126.42034561277
19082.998744811062
19039.782476763066
18996.77693391307
18953.987141386075
18911.417772993038
18869.073166670012
18826.957339362398
18785.074001365978
18743.426570137446
18702.018183587308
18660.851712868684
18619.929774675635
18579.254743065037
18538.828760815904
18498.65375034024
18458.731424159487
18419.06329496039
18379.650685244294
18340.494736583194
18301.596418496352
18262.956536960395
18224.575742565954
18186.454538333608
18148.593287201373
18110.992219195905
18073.651438299275
18036.5709290226
17999.750562697813
17963.190103498404
17926.889214199437
17890.847461687255
17855.06432222855
17819.53918650833
17784.27136444606
17749.260089798823
17714.504524560038
17680.003763162113
17645.756836490942
17611.762715719953
17578.020315971196
17544.528499810447
17511.286080583413
17478.291825599525
17445.54445916962
17413.042665503817
17380.785091475307
17348.770349255778
17316.997018827933
17285.46365038015
17254.168766588584
17223.110864791215
17192.288419058692
17161.699882166213
17131.34368747085
17101.21825069831
17071.32197164302
17041.65323578538
17012.210415829657
16982.991873166095
16953.99595926043
16925.221016974072
16896.665381817875
16868.327383142598
16840.20534526855
16812.297588557416
16784.602430428564
16757.118186322416
16729.843170613203
16702.775697473324
16675.914081691517
16649.256639446805
16622.801689040327
16596.54755158681
16570.49255166761
16544.63501794693
16518.97328375296
16493.505687625588
16468.23057383197
16443.14629285167
16418.2512018326
16393.543665019217
16369.022054154055
16344.684748854062
16320.530136962712
16296.556614879124
16272.762587865145
16249.146470331583
16225.706686104379
16202.441668671849
16179.349861413686
16156.429717812765
16133.679701650452
16111.098287186232
16088.683959322445
16066.43521375479
16044.350557109297
16022.428507066452
16000.667592473099
15979.06635344264
15957.623341444234
15936.337119381458
15915.206261660955
15894.229354251613
15873.40499473471
15852.731792345541
15832.208368006892
15811.833354354823
15791.605395757144
15771.523148325037
15751.58527991802
15731.790470142805
15712.13741034623
15692.62480360268
15673.251364696223
15654.01582009783
15634.916907937893
15615.953377974338
15597.123991556587
15578.427521585594
15559.862752470193
15541.428480080012
15523.123511695063
15504.94666595237
24612.39065392284
24610.657668496882
24608.286835081708
24605.16728804021
24601.192078496126
24596.26036910619
24590.279083315072
24583.16406361606
24574.840804863663
24565.244831401877
24554.32178409557
24542.02727765585
24528.32658152234
24513.194170025847
24496.613180223714
24478.57480902688
24459.077675193013
24438.127166499573
24415.73478792289
24391.917522881493
24366.69721648249
24340.09998716019
24312.155671037395
24282.897301697518
24252.360626763468
24220.58366167695
24187.60628030807
24153.469841455604
24118.21684988651
24081.890650275996
24044.53515222313
24006.194584408215
23966.913275910534
23926.73546270331
23885.705117376736
23843.865800198764
23801.260529700394
23757.931671061888
23713.92084067373
23669.268825346822
23624.01551474938
23578.199845749783
23531.85975744368
23485.032155740293
23437.75288647416
23390.056716095864
23341.97731907754
23293.54727124545
23244.798048324134
23195.760029042893
23146.46250221719
23096.93367727448
23047.20069774624
22997.289657295973
22947.225617897064
22897.03262981442
22846.73375308056
22796.35108019005
22745.90575976673
22695.418020985424
22644.907198554858
22594.39175809132
22543.889321732313
22493.416693858715
22442.989886809817
22392.624146490773
22342.333977785558
22292.13316970023
22242.034820172463
22192.05136049236
22142.194579288927
22092.47564604369
22042.905134099845
21993.49304314184
21944.24882112501
21895.181385640277
21846.299144702694
21797.61001695656
21749.121451292947
21700.84044587848
21652.773566596472
21604.92696490391
21557.30639510938
21509.917231078885
21462.76448237771
21415.85280985756
21369.18654069937
21322.769682922917
21276.6059393748
21230.698721207198
21185.051160860035
21139.666124559386
21094.546224345504
21049.693829643576
21005.111078390608
20960.799887731882
20916.76196430018
20872.998814091057
20829.511751947164
20786.301910664595
20743.370249733867
20700.71756372819
20658.34449035094
20616.251518154713
20574.43899394333
20532.907129868392
20491.65601023147
20450.685598002765
20409.99574106683
20369.586178205434
20329.45654482767
20289.606378456923
20250.035123983846
20210.74213869463
20171.726697083126
20132.98799545532
20094.525156334385
20056.33723267403
20018.423211888014
19980.782019702874
19943.41252384123
19906.313537542184
19869.483822925707
19832.92209420714
19796.627020767955
19760.59723008865
19724.83131054946
19689.327814104297
19654.08525883313
19619.10213137781
19584.37688926624
19549.90796312954
19515.693758816473
19481.7326594098
19448.023027148203
19414.563205258197
19381.35151969945
19348.386280827406
19315.665784976572
19283.188315967935
19250.952146543605
19218.955539731884
19187.196750145653
19155.674025217013
19124.385606370804
19093.329730139732
19062.504629223455
19031.908533494276
19001.53967095151
18971.39626862688
18941.476553443026
18911.778753027225
18882.30109648211
18853.04181511545
18823.999143130663
18795.171318279827
18766.556582480844
18738.153182400274
18709.959370003424
18681.973403073134
18654.19354569856
18626.618068735435
18599.24525023891
18572.073375870423
18545.100739279405
18518.32564246146
18491.746396093524
18465.3613198475
18439.168742683083
18413.167003120798
18387.354449496182
18361.729440195937
18336.2903438769
18311.03553966862
18285.963417360294
18261.0723775728
18236.36083191655
18211.82720313574
18187.469925239777
18163.28744362234
18139.278215168837
18115.440708352595
18091.773403320534
18068.27479196871
18044.94337800829
18021.777677022365
17998.776216514096
17975.937535946607
17953.26018677506
17930.74273247127
17908.38374854126
17886.181822536106
17864.13555405648
17842.243554751083
17820.504448309424
17798.91687044921
17777.47946889852
17756.19090337331
17735.049845550115
17714.054979034692
17693.20499932633
27828.464919966013
27826.690873406314
27824.257936843318
27821.049023544412
27816.950400453137
27811.85403629522
27805.659405428334
27798.274794191668
27789.61817045813
27779.617681849613
27768.211847017563
27755.34949991181
27740.989540704402
27725.100540082425
27707.660236656728
27688.654960655596
27668.07901109911
27645.9340083755
27622.228239579425
27596.976010095754
27570.197011663488
27541.915714466402
27512.160788600042
27480.964558487653
27448.36249240033
27414.392728117742
27379.095634898153
27342.51341126315
27304.689717608264
27265.6693422922
27225.49789960818
27184.22155787951
27141.88679582818
27098.54018532575
27054.228198637516
27008.997038303532
26962.89248785547
26915.959781640406
26868.243492105736
26819.787432989273
26770.634576953107
26720.82698629454
26670.405755463096
26619.410964204522
26567.881640243613
26515.855730503117
26463.370079938337
26410.460417144568
26357.161345967084
26303.506342411667
26249.52775621704
26195.25681650947
26140.723641014298
26085.95724834939
26030.9855729718
25975.835482391503
25920.532796304797
25865.10230733593
25809.567803107704
25753.95208939172
25698.27701411571
25642.563492030255
25586.831529859104
25531.100251777778
25475.38792508331
25419.711985934475
25364.089065056953
25308.535013321038
25253.064927111984
25197.69317342367
25142.433414616324
25087.298632787475
25032.301153713684
24977.452670327115
24922.764265697602
24868.246435496385
24813.909109922603
24759.761675078193
24705.81299378043
24652.071425805356
24598.544847557696
24545.240671166102
24492.165863004557
24439.326961642917
24386.730095231454
24334.380998325425
24282.285028157406
24230.447180366034
24178.872104190585
24127.56411714204
24076.527219161348
24025.765106276693
23975.281183771454
23925.07857887531
23875.16015299081
23825.528513468144
23776.186024940696
23727.134820234223
23678.376810862337
23629.913697120817
23581.746977793446
23533.877959481615
23486.307765569945
23439.03734483998
23392.067479743706
23345.398794348548
23299.031761965005
23252.966712468184
23207.20383932393
23161.743206330124
23116.584754083357
23071.728306181052
23027.17357516865
22982.92016824132
22938.967592709276
22895.31526123568
22851.962496855565
22808.908537784133
22766.152542022646
22723.693591769304
22681.530697642986
22639.662802727034
22598.088786439846
22556.80746823939
22515.81761116795
22475.117925243474
22434.707070703553
22394.58366110795
22354.746266305257
22315.1934152691
22275.923598809233
22236.93527216235
22198.22685746773
22159.796746132124
22121.643301088516
22083.76485911121
22046.159732241566
22008.826210704963
21971.762564151308
21934.967043603487
21898.43788316422
21862.173301643572
21826.171504110684
21790.43068337249
21754.949021382825
21719.724690584502
21684.755855187308
21650.040672384654
21615.577293511207
21581.363865144274
21547.398530151047
21513.679428684125
21480.204699127484
21446.97247899491
21413.980905783003
21381.228117780585
21348.71225483648
21316.431459087293
21284.383875647043
21252.567653260165
21220.980944919524
21189.621908450885
21158.488707065393
21127.579509881223
21096.892492416075
21066.425837051414
21036.17773346993
21006.146379067286
20976.329979339345
20946.72674824582
20917.33490855159
20888.152692146425
20859.17834034426
20830.41010416294
20801.84624458505
20773.485032801043
20745.324750435142
20717.363689755002
20689.60015386575
20662.03245688919
20634.658924128726
20607.477892220828
20580.487709273562
20553.686734992698
20527.073340796178
20500.64590991733
20474.40283749736
20448.342530667753
20422.46340862286
20396.76390268338
20371.242456350934
20345.897525354358
20320.72757768796
20295.731093642295
20270.90656582763
20246.252499190683
20221.767411024735
20197.449830973736
20173.298301030365
20149.31137552867
20125.487621131393
31372.159724201087
31370.345688216097
31367.852087250263
31364.55562064167
31360.335740144186
31355.07714600403
31348.67174245732
31341.020091469094
31332.03241977172
31321.62924099648
31309.74165523822
31296.311385151108
31281.290602327128
31264.641591389838
31246.336292682652
31226.355758095615
31204.689548716295
31181.335097738836
31156.29705746303
31129.586645255615
31101.220999988574
31071.222557659552
31039.618452575116
31006.439948576466
30971.721903248977
30935.502266827116
30897.8216165353
30858.722726350024
30818.250171591473
30776.449967321398
30733.36923921171
30689.055925331122
30643.55850715674
30596.925768037687
30549.206577305118
30500.449698227025
30450.703618037835
30400.01639832524
30348.43554412368
30296.007890141093
30242.779502629503
30188.795595497526
30134.100459351488
30078.737402240575
30022.748700968266
29966.175561916625
29909.058090410977
29851.435267729732
29793.344934937468
29734.823782787975
29675.907347009263
29616.630008342185
29557.024996761178
29497.124399357526
29436.959171413884
29376.55915024336
29315.953071407515
29255.16858696542
29194.232285440416
29133.169713223033
29072.005397157427
29010.76286808529
28949.464685145096
28888.132460646775
28826.786885361682
28765.447754086086
28704.13399135245
28642.86367717832
28581.65407275554
28520.521645994875
28459.482096852425
28398.550382373713
28337.740741400346
28277.066718892514
28216.541189827312
28156.176382639613
28095.983902177984
28035.97475215322
27976.15935706163
27916.54758356948
27857.148761348468
27797.971703355364
27739.02472555187
27680.3156660631
27621.851903775496
27563.64037637667
27505.687597841537
27447.999675370458
27390.58232578632
27333.440891398688
27276.580355343904
27220.005356410875
27163.720203362856
27107.728888766178
27052.035102337006
26996.642243817903
26941.55343539589
26886.771533674008
26832.29914120856
26778.13861762401
26724.2920903178
26670.761464767133
26617.548434449687
26564.654490390174
26512.080930344502
26459.828867633016
26407.89923963441
26356.292815951205
26305.01020625801
26254.051867843104
26203.41811285393
26153.109115256757
26103.124917520316
26053.46543703342
26004.130472265766
25955.11970868125
25906.432724412778
25858.068995707123
25810.027902148347
25762.30873166795
25714.910685349612
25667.83288203617
25621.074362746378
25574.634094908397
25528.510976417194
25482.70383952236
25437.21145455289
25392.03253348524
25347.16573336058
25302.609659557103
25258.362868923086
25214.42387277604
25170.79113977315
25127.46309865817
25084.43814088942
25041.714623153806
24999.290869771154
24957.165174993323
24915.335805202212
24873.8010010107
24832.55897927039
24791.607934989894
24750.94604316718
24710.571460539555
24670.482327254387
24630.67676846405
24591.15289584783
24551.908809064043
24512.94259713496
24474.25233976741
24435.836108611646
24397.691968460957
24359.817978394494
24322.212192865605
24284.872662737896
24247.797436271245
24210.98456005974
24174.4320799236
24138.138041756883
24102.10049233295
24066.317480069298
24030.78705575356
23995.507273232244
23960.476190063753
23925.691868137208
23891.152374258534
23856.85578070512
23822.800165750374
23788.983614159588
23755.404217658175
23722.060075373418
23688.949294251095
23656.06998944779
23623.42028470004
23590.998312671392
23558.80221527819
23526.830143995
23495.08026014079
23463.550735146335
23432.239750803983
23401.145499500428
23370.26618443315
23339.600019811434
23309.145231042494
23278.900054903435
23248.86273969965
23219.03154541029
23189.4047438214
23159.980618647187
23130.757465640116
23101.733592690172
23072.907319913895
23044.27697973369
23015.840916947705
22987.597488790885
22959.545064987524
22931.682027795738
22904.006772044275
22876.517705161943
22849.213247200136
22822.091830848654
35267.884904726394
35266.03192516881
35263.479075957475
35260.09685798656
35255.75788768355
35250.33953532335
35243.72602870673
35235.81005298233
35226.49389577961
35215.69019546105
35203.322352427625
35189.32466141588
35173.64221831704
35156.230649403005
35137.05570474807
35116.092751586
35093.32619763914
35068.74886926351
35042.361364642056
35014.171398240505
34984.193149296734
34952.446624198295
34918.95704016617
34883.754235644774
34846.872111148405
34808.3481029768
34768.22269114165
34726.5389420007
34683.34208543549
34638.67912590529
34592.59848633216
34545.14968349846
34496.38303344895
34446.34938526695
34395.09988152568
34342.68574368861
34289.15808073941
34234.56771935146
34178.9650539578
34122.39991514333
34064.92145485451
34006.57804699881
33947.41720208836
33887.48549466466
33826.82850232423
33765.49075524636
33703.51569520305
33640.9456431079
33577.8217742328
33514.18410029139
33450.07145765266
33385.52150101037
33320.570701890654
33255.254351434865
33189.60656694389
33123.660301716605
33057.447357759076
32990.99840097889
32924.34297851745
32857.509537905426
32790.52544775786
32723.4170197538
32656.20953167102
32588.927251270212
32521.593460844746
32454.23048227165
32386.859702417598
32319.501598769846
32252.175765177206
32184.900937599377
32117.69501977528
32050.575108732028
31983.557520066453
31916.657812939713
31849.890814734063
31783.270645327993
31716.81074095258
31650.523877597956
31584.42219394399
31518.517213794123
31452.819867995466
31387.34051583232
31322.08896588326
31257.074496335434
31192.305874751783
31127.79137728999
31063.538807373243
30999.55551381539
30935.848408404097
30872.423982947632
30809.288325791273
30746.447137811214
30683.90574789409
30621.6691279113
30559.74190719787
30498.12838654594
30436.832551723674
30375.858086530476
30315.208385399692
30254.886565560257
30194.895478768703
30135.237722623195
30075.915651471063
30016.931386921573
29958.286827975186
29899.983660780985
29842.023368033333
29784.40723801902
29727.13637332589
29670.211699223673
29613.63397172799
29557.4037853558
29501.521580587665
29445.98765104108
29390.80215036567
29335.96509887364
29281.476389910484
29227.335795976687
29173.542974608896
29120.097474029113
29066.998738570208
29014.246113885507
28961.838851950608
28909.776115864694
28858.056984458686
28806.680456717448
28755.64545602274
28704.950834223593
28654.595375540644
28604.57780031034
28554.89676857535
28505.550883526703
28456.53869480339
28407.85870165474
28359.509355970902
28311.489065186288
28263.796195060993
28216.42907234478
28169.385987328154
28122.665196284925
28076.264923810344
28030.183365059023
27984.418687886406
27938.96903489747
27893.832525406542
27849.00725731145
27804.49130888547
27760.282740490286
27716.37959621306
27672.779905430674
27629.481684303835
27586.482937204044
27543.781658076
27501.375831737903
27459.263435122255
27417.44243845958
27375.910806407108
27334.666499124934
27293.707473301452
27253.03168313038
27212.637081241126
27172.521619584488
27132.683250275404
27093.11992639459
27053.829602750702
27014.810236604535
26976.059788356968
26937.57622220198
26899.35750674631
26861.401615596984
26823.70652791816
26786.270228958467
26749.090710550052
26712.165971580656
26675.494018439593
26639.07286543891
26602.900535210716
26566.975059081597
26531.294477425225
26495.856839993943
26460.660206230237
26425.70264555909
26390.98223766177
26356.497072732065
26322.24525171565
26288.22488653324
26254.434100288323
26220.87102746008
26187.533814082177
26154.4206179079
26121.529608562596
26088.85896768344
26056.40688904757
26024.171578688838
25992.15125500375
25960.344148847133
25928.748503617877
25897.36257533528
25866.184632706456
25835.212957185107
25804.445843022117
39541.23345652856
39539.34255277626
39536.73184670675
39533.26566375523
39528.80977488558
39523.234171110234
39516.41531143074
39508.23786688847
39498.59600380926
39487.39425978863
39474.54806963558
39459.983997743
39443.63972990133
39425.463872634675
39405.41560253673
39383.4642023598
39359.58851510124
39333.776342230936
39306.02380761196
39276.334704618144
39244.71984044064
39211.19638857346
39175.78725792945
39138.520484916386
39099.42865304736
39058.54834322039
39015.919616636544
38971.585531390214
38925.59169302542
38877.98583877413
38828.81745475045
38778.13742504362
38725.997711412194
38672.45106211667
38617.550748319794
38561.350326426065
38503.90342470912
38445.26355258329
38385.48393090571
38324.61734174112
38262.71599608073
38199.83141807324
38136.01434439917
38071.31463749556
38005.78121141563
37939.4619691851
37872.403750593665
37804.6522894341
37736.25217927321
37667.246846907496
37597.67853272246
37527.58827723548
37457.01591316135
37386.00006239422
37314.57813735078
37242.78634616773
37170.65970129089
37098.23203103458
37025.53599372852
36952.6030941042
36879.46370160622
36806.1470703431
36732.68136042025
36659.09366042355
36585.410010843945
36511.65542825626
36437.85393008356
36364.02855979749
36290.20141241967
36216.39366020578
36142.625578405554
36068.91657100606
35995.285196374956
35921.74919273185
35848.32550338427
35775.03030167328
35701.87901558126
35628.88635196097
35556.06632035136
35483.4322563508
35410.99684452336
35338.772140818546
35266.7695944882
35195.00006948855
35123.473865357904
35052.2007375639
34981.189917315955
34910.45013084182
34839.98961812799
34769.816151126324
34699.93705143007
34630.359207424495
34561.08909091765
34492.13277325871
34423.4959409511
34355.18391076969
34287.20164439031
34219.553762542055
34152.24455869176
34085.278012271476
34018.657801459354
33952.38731552474
33886.46966674864
33820.907701930366
33755.70401349141
33690.86095018802
33626.38062744291
33562.26493730754
33498.51555806553
33435.133963487984
33372.12143175163
33309.479054029536
33247.20774276535
33185.30823964074
33123.781123245935
33062.626816463104
33001.845593571925
32941.437587086766
32881.4027943341
32821.74108377939
32762.452201111642
32703.53577509403
32644.99132318885
32586.81825696436
32529.015887291484
32471.58342933754
32414.52000736426
32357.824659337206
32301.49634135307
32245.533931891678
32189.936235898946
32134.701988706838
32079.829859796373
32025.318456409444
31971.16632701493
31917.371964634414
31863.933810033006
31810.850254779834
31758.119644183433
31705.740280106485
31653.710423664546
31602.02829781301
31550.692089826687
31499.69995367577
31449.050012302465
31398.740359801744
31348.769063510055
31299.134166005377
31249.83368702212
31200.865625284016
31152.227960258253
31103.91865383378
31055.935651926775
31008.276886016007
30960.94027461096
30913.923724655077
30867.225132866926
30820.842387021417
30774.773367173657
30729.015946827498
30683.567994051013
30638.427372541046
30593.5919426387
30549.059562297723
30504.828088007802
30460.89537567426
30417.25928145623
30373.917662564578
30330.86837802148
30288.109289383014
30245.63826142629
30203.45316280251
30161.551866657355
30119.93225121999
30078.592200361963
30037.529604127143
29996.742359234
29956.228369551212
29915.98554654776
29876.011809718497
29836.305086986285
29796.863315081468
29757.68443989991
29718.76641684012
29680.10721112063
29641.70479807828
29603.55716344821
29565.662303626443
29528.018225915574
29490.62294875449
29453.47450193265
29416.570926789605
29379.910276400464
29343.490615747705
29307.310021880214
29271.366584059815
29235.65840389594
29200.183595469025
29164.940285442986
29129.926613167307
29095.14073076931
44219.00952767858
44217.08169226382
44214.414494223485
44210.86611325627
44206.295473896855
44200.565149974514
44193.54375250888
44185.10781564472
44175.1432174804
44163.54618484131
44150.223936223236
44135.09501761493
44118.08938342862
44099.148270561505
44078.22390853663
44055.27910330902
44030.28672704012
44003.22914116904
43974.09757556652
43942.89148250129
43909.61788059329
43874.29070085427
43836.93014429212
43797.562058339754
43756.217337516195
43712.93135219465
43667.743408093535
43620.69623808589
43571.83552710342
43521.209470261274
43468.86836382215
43414.864228229766
43359.250462149736
43302.0815262449
43243.41265526647
43183.299596948644
43121.79837614403
43058.9650826186
42994.85568093452
42929.52584087738
42863.030786927506
42795.42516533134
42726.76292739053
42657.0972276545
42586.480335773806
42514.96356084374
42442.59718713978
42369.43042021904
42295.51134243052
42220.886876945915
42145.60275948639
42069.70351698374
41993.232452472315
41916.23163556422
41838.741897912434
41760.80283311527
41682.45280056172
41603.72893276016
41524.66714573203
41445.30215208992
41365.66747645258
41285.79547288241
41205.71734405874
41125.46316192814
41045.06188959739
40964.54140425759
40883.92852094859
40803.24901699253
40722.5276569424
40641.788217907866
40561.05351513504
40480.34542773065
40399.684924432935
40319.092089342696
40238.586147538525
40158.18549050869
40077.90770134143
39997.769579622094
39917.78716599273
39837.975766336815
39758.34997555535
39678.923700908264
39599.710184897114
39520.72202767116
39441.97120894111
39363.469109389305
39285.226531566914
39207.253720272645
39129.56038240844
39052.15570631095
38975.04838055865
38898.24661225614
38821.75814479937
38745.590275125454
38669.749870453255
38594.243384520916
38519.076873327496
38444.256010387086
38369.7861015036
38295.67209907569
38221.91861594079
38148.52993876881
38075.51004101477
38002.862595441475
37930.59098622183
37858.69832063216
37787.18744034646
37716.06093234239
37645.32113942984
37574.970170412154
37505.00990989061
37435.4420277227
37366.267988144114
37297.4890585646
37229.10631804771
37161.12066548402
37093.53282746751
37026.34336588436
36959.55268522345
36893.16103961751
36827.168539623635
36761.57515875174
36696.38073974949
36631.585000651394
36567.18754060055
36503.187845450346
36439.58529315375
36376.3791589475
36313.56862033822
36251.15276189732
36189.13057987156
36127.50098661526
36066.26281485107
36005.41482176475
35944.955692940406
35884.884046141415
35825.19843494276
35765.89735222027
35706.9792335016
35648.44246018424
35590.285362625116
35532.50622310673
35475.103278684146
35418.07472391731
35361.41871349272
35305.13336473884
35249.21676003885
35193.6669491447
35138.48195139624
35083.6597578485
35029.19833331122
34975.095618303254
34921.349530925545
34867.95796865518
34814.918810064184
34762.229916465265
34709.889133487486
34657.8942925847
34606.24321247892
34554.933700541515
34503.963554114074
34453.33056177187
34403.03250453148
34353.06715700515
34303.4322885038
34254.12566409044
34205.14504558629
34156.48819253102
34108.15286309931
34060.136814974874
34012.43780618417
33965.05359589094
33917.98194515321
33871.22061764446
33824.76738033984
33778.62000416941
33732.7762646392
33687.233942421546
33641.990823916065
33597.044701782026
33552.39337544383
33508.03465156983
33463.966344526605
33420.18627680868
33376.69227944521
33333.48219238459
33290.55386485737
33247.90515571915
33205.533933773346
33163.43807807542
33121.61547821884
33080.06403460372
33038.781658688844
32997.766273227644
32957.015812488884
32916.528222462664
32876.30146105231
32836.333498252825
32796.622316316294
32757.165909905034
32717.962286232767
49329.25641659922
49327.29261504528
49324.57026208078
49320.9414274219
49316.258196597766
49310.37569890417
49303.15463061822
49294.463280035845
49284.17908485801
49272.18976628605
49258.3940908131
49242.70231239912
49225.03634621172
49205.32972166032
49183.527357931496
49159.585200262096
49133.46975016278
49105.15751798575
49074.634421763054
49041.89515220461
49006.94252016364
48969.78679975171
48930.44507758814
48888.94061637175
48845.30223902087
48799.56373800686
48751.76331316061
48701.94304012976
48650.14837076632
48596.42766600489
48540.83176121912
48483.41356359671
48424.227680730386
48363.33007936434
48300.77777305025
48236.62853733735
48170.940651040655
48103.772662086
48035.1831764182
47965.230668466254
47893.97331168883
47821.4688277634
47747.77435303449
47672.94632089515
47597.04035883943
47520.111198989616
47442.21260097062
47363.39728607144
47283.71688170077
47203.22187521025
47121.9615762218
47039.98408665783
46957.33627773055
46874.06377320393
46790.2109382931
46705.820873617384
46620.93541366881
46535.59512930267
46449.8393337972
46363.70609206844
46277.232232660994
46190.453362169384
46103.40388177504
46016.117005611995
45928.62478070128
45840.958108217426
45753.14676587362
45665.21943123178
45577.20370576308
45489.126139502
45401.01225615229
45312.886578518126
45224.77265414729
45136.693081084726
45048.66953364658
44960.722788134684
44872.87274842081
44785.13847133813
44697.5381918255
44610.08934777679
44522.80860455376
44435.71187912693
44348.81436381408
44262.13054959027
44175.67424894816
44089.45861829068
44003.496179841815
43917.7988430643
43832.37792557564
43747.24417355666
43662.407781648566
43577.878412337035
43493.66521482291
43409.77684338124
43326.22147521152
43243.00682778292
43160.14017568014
43077.628366955185
42995.477838992716
42913.69463389568
42832.2844133999
42751.25247332597
42670.60375757723
42590.34287169354
42510.47409597022
42431.001398151726
42351.92844571056
42273.25861772088
42194.99501633724
42117.14047788862
42039.69758359769
41962.6686699356
41886.0558386221
41809.86096628128
41734.08571376242
41658.731535135885
41583.79968637351
41509.29123372314
41435.207061786205
41361.54788130793
41288.31423668853
41215.50651322465
41143.12494408921
41071.169617058345
40999.640480993054
40928.537352084306
40857.859919868584
40787.60775302189
40717.78030493929
40648.37691910764
40579.39683427763
40510.83918944281
40442.703028631375
40374.98730551789
40307.69088786027
40240.81256176876
40174.35103581236
40108.304944968506
40042.672854421144
39977.45326321319
39912.64460775761
39848.24526521297
39784.25355672756
39720.667750557186
39657.486065060904
39594.706671579304
39532.327697199085
39470.347227408696
39408.763308648195
39347.57395075774
39286.77712932806
39226.37078795672
39166.352840413136
39106.72117271628
39047.47364512776
38988.60809406366
38930.12233392791
38872.01415887032
38814.2813444717
38756.921649359225
38699.932816754095
38643.3125759544
38587.05864375544
38531.16872580974
38475.640517929256
38420.47170733149
38365.659973832255
38311.2029909863
38257.09842717854
38203.34394666705
38149.93721058023
38096.87587786932
38044.1576062184
37991.78005291334
37939.74087567096
37888.037733430494
37836.66828710814
37785.63020031683
37734.921140051636
37684.53877734307
37634.48078787888
37584.744852595715
37535.32865824198
37486.22989791267
37437.44627155764
37388.97548646409
37340.81525771422
37292.9633086193
37245.417371130854
37198.17518622985
37151.234504294785
37104.59308544968
37058.248699892494
37012.19912820489
36966.44216164397
36920.97560241699
36875.79726393934
36830.904971076714
36786.296560372015
36741.969880257646
36697.922791253775
54901.28456912295
54899.28573995331
54896.50954026425
54892.80197092198
54888.008293527084
54881.976175294374
54874.55834267497
54865.614742330974
54855.01423359906
54842.63585195605
54828.36969102065
54812.11745351815
54793.79272110323
54773.32099024489
54750.639517435324
54725.69701243123
54698.45321349956
54668.87837400384
54636.952685301745
54602.66565692758
54566.0154714491
54527.00832822453
54485.65778753288
54441.984124181276
54396.01369767374
54347.77834432336
54297.314795263526
54244.664123133305
54189.8712192403
54132.98430221562
54074.05445853857
54013.13521480512
53950.282141217234
53885.55248546768
53819.004835966254
53750.69881318949
53680.6947878215
53609.05362428287
53535.83644820597
53461.10443640455
53384.918627895066
53307.33975455415
53228.42809003567
53148.24331561923
53066.844401716786
52984.28950382405
52900.635871764985
52815.93977114201
52730.256415968106
52643.6399115201
52556.14320651493
52467.81805377036
52378.71497857013
52288.88325400866
52198.37088264405
52107.224583837895
52015.48978620819
51923.210624666644
51830.42994155356
51737.18929142274
51643.528949066254
51549.48792040273
51455.10395588511
51360.41356611348
51265.45203936606
51170.25346078732
51074.850732995066
50979.275597891065
50883.55865947918
50787.72940751404
50691.81624181965
50595.84649713414
50499.846468349875
50403.84143603275
50307.8556921155
50211.912565671526
50116.03444868589
50020.24282174924
49924.55827960871
49829.00055651838
49733.58855133753
49638.34035233294
49543.273261645816
49448.403819390725
49353.747827356914
49259.32037228859
49165.13584872332
49071.20798137191
48977.54984702621
48884.17389598387
48791.09197298237
48698.315337636144
48605.8546843731
48513.7201618691
48421.921391979566
48330.46748817015
48239.367073448324
48148.628297800475
48058.25885513835
47968.26599976113
47878.6565623392
47789.436965426656
47700.61323851044
47612.191032603696
47524.1756343924
47436.57197994365
47349.38466798491
47262.61797276366
47176.27585649653
47090.36198141795
47004.879721437625
46919.83217341692
46835.22216807349
46751.05228052402
46667.32484047489
46584.04194206998
46501.20545340559
46418.817025721204
46336.87810227608
46255.389926920354
46174.35355236958
46093.76984819193
46013.63950851635
45933.96305947035
45854.74086635564
45775.97314056989
45697.65994628245
45619.80120687181
45542.39671113254
45465.44611925881
45388.94896861212
45312.90467927981
45237.31255943147
45162.171810479966
45087.48153205325
45013.24072678358
44939.44830491987
44866.103088769654
44793.20381697586
44720.749148634226
44648.737667256995
44577.167884587754
44506.03824427261
44435.347125393055
44365.09284586458
44295.27366570651
44225.88779018658
44156.933372845604
44088.40851840575
44020.31128556668
43952.63968969368
43885.39170540121
43818.56526903603
43752.158281063
43686.168608357366
43620.594086406614
43555.432521425246
43490.681692385624
43426.33935296762
43362.403233430356
43298.87104240864
43235.74046863665
43173.00918260189
43110.6748381315
43048.73507391372
42987.18751495663
42926.02977398661
42865.259452788465
42804.87414348977
42744.871429790925
42685.24888814343
42626.00408887782
42567.13459728352
42508.637974642166
42450.51177921589
42392.75356719288
42335.36089359098
42278.33131312167
42221.662381015194
42165.35165380878
42109.39669009917
42053.79505126065
41998.54430213011
41943.642011660166
41889.085753541665
41834.873106796724
41781.0016563433
41727.468993532435
41674.272716659376
41621.410431449134
41568.87975151796
41516.678298811305
41464.80370401927
41413.253606970415
41362.0256570048
41311.11751332697
41260.526845339606
41210.2513329589
41160.288666911925
41110.636549016985
41061.29269244766
60965.699575529434
60963.66663041955
60960.8378626384
60957.053250111174
60952.151252549505
60945.972066609575
60938.36040478501
60929.16778881647
60918.254375342374
60905.49034833317
60890.75692220619
60873.94700357272
60854.965560001954
60833.729742267016
60810.168803191074
60784.22385209843
60755.84747945267
60725.00328183519
60691.66531317917
60655.817484239706
60617.452928710976
60576.57335122054
60533.188369633484
60487.314861671104
60438.97632376201
60388.20224826526
60335.0275237064
60279.49186141092
60221.639250878
60161.5174453813
60099.17747858457
60034.67321239865
59968.060915858325
59899.39887444716
59828.74702902931
59756.16664334453
59681.719998877306
59605.47011581015
59527.480498708486
59447.81490555159
59366.53713871589
59283.710856527316
59199.39940402533
59113.66566161754
59026.57191035038
58938.17971257178
58848.54980681897
58757.74201582134
58665.81516656959
58572.827021461715
58478.83421959573
58383.89222733829
58288.055297354615
58191.37643534025
58093.90737374821
57995.69855185504
57896.79910155761
57797.2568383377
57697.118256874135
57596.428530823076
57495.231516324355
57393.56975882751
57291.4845028646
57189.0157044271
57086.20204563368
56983.08095140206
56879.68860786306
56776.05998227813
56672.22884424257
56568.22778797704
56464.088255527255
56359.840560709745
56255.513913655515
56151.136445819364
56046.73523533438
55942.33633260381
55837.96478603342
55733.644667817876
55629.39909970308
55525.25027865636
55421.219502382366
55317.32719463178
55213.59293025387
55110.03545995253
55006.67273470859
54903.521929837465
54800.59946865502
54697.92104572881
54595.501649695405
54493.355585627905
54391.49649694067
54289.9373868211
54188.6906391805
54087.76803911867
53987.18079289837
53886.939547427806
53787.054409250806
53687.53496304594
53588.390289636605
53489.62898351581
53391.25916988961
53293.28852124504
53195.72427344793
53098.57324137751
53001.84183410503
52905.536069623806
52809.66158913898
52714.223670925145
52619.22724376067
52524.67689994754
52430.57690792557
52336.9312244828
52243.74350661715
52151.01712294352
52058.75516480921
51966.9604570119
51875.63556817542
51784.782820784916
51694.40430089051
51604.50186748866
51515.077161589994
51426.131614982456
51337.66645869882
51249.682731196546
51162.18128625889
51075.162800625316
50988.62778135935
50902.576572961814
50817.00936423713
50731.926194920365
50647.32696207261
50563.21142625142
50479.579217464
50396.42984090958
50313.76268251792
50231.577014290386
50149.871999450064
50068.64669740691
49987.90006854425
49907.63097883222
49827.83820427398
49748.52043519025
49669.676280347376
49591.3042709343
49513.40286439349
49435.970448110544
49359.00534296756
49282.50580676445
49206.47003751302
49130.89617660814
49055.78231187981
48981.126480530766
48906.926671963054
48833.18083049768
48759.88685799091
48687.04261635083
48614.64592995763
48542.69458799091
48471.18634666725
48400.11893139127
48329.49003882298
48259.29733886466
48189.53847656987
48120.21107397736
48051.3127318725
47982.841031479045
47914.79353608327
47847.1677925932
47779.961333035164
47713.1716759898
47646.79632796976
47580.83278474116
47515.27853259089
47450.131049541444
47385.38780651553
47321.04626845195
47257.10389537462
47193.55814341655
47130.40646580006
47067.646313775316
47005.275137518125
46943.29038698895
46881.68951275438
46820.469966772194
46759.62920314179
46699.16467882098
46639.073854310154
46579.35419430572
46520.00316832306
46461.018251290894
46402.39692411761
46344.13667423073
46286.234996090745
46228.689391679814
46171.49737096677
46114.656452348834
46058.16416307129
46002.01803962573
45946.2156281278
45890.75448467507
45835.6321756859
67554.43016755216
67552.3639915984
67549.48390431484
67545.62391081694
67540.61569728328
67534.29198970611
67526.48945273893
67517.05111174745
67505.8283093889
67492.68222619825
67477.48500528853
67460.12052644732
67440.4848763001
67418.48656006463
67394.04649767997
67367.09784344208
67337.58566418894
67305.46650688123
67270.70788233502
67233.28768801168
67193.19358923643
67150.4223750312
67104.97930192352
67056.87743661676
67006.137006262
66952.78476322783
66896.85336969726
66838.38080609479
66777.40980623919
66713.98732119527
66648.16401304037
66579.99377914215
66509.5333070462
66436.84165967406
66361.97989022132
66285.01068590468
66205.9980395289
66125.00694771255
66042.10313452469
65957.352799228
65870.82238679552
65782.57837986317
65692.68711079011
65601.21459252335
65508.2263669998
65413.78736985944
65317.96181029386
65220.8130649055
65122.40358450864
65022.79481285857
64922.04711635301
64820.219723804876
64717.37067544146
64613.55678033868
64508.83358155099
64403.255328247804
64296.87495421522
64189.74406212735
64081.912913034976
63973.43042056048
63864.34414932593
63754.70031717915
63644.543800814485
63533.91814441919
63422.86557100477
63311.42699611118
63199.6420435976
63087.54906325758
62975.18515001886
62862.58616450929
62749.78675478909
62636.820379067765
62523.7193292406
62410.51475509502
62297.23668905051
62183.914071309846
62070.57477531025
61957.24563337483
61843.952462474444
61730.720090019386
61617.572379608995
61504.53225667506
61391.621733961656
61278.861936791305
61166.273128072746
61053.8747330111
60941.68536348683
60829.72284207338
60718.00422566848
60606.54582871753
60495.36324601038
60384.471375037014
60273.884437889225
60163.616002698975
60053.67900460557
59944.08576624634
59834.848017767494
59725.97691635266
59617.48306526937
59509.376532433685
59401.66686849573
59294.36312444868
59187.47386876563
59081.00720406906
58974.9707833387
58869.37182566364
58764.21713154576
58659.51309776165
58555.26573180505
58451.48066583081
58348.16317032597
58245.318167226775
58142.95024270721
58041.06365956126
57939.66236920199
57838.75002328643
57738.329984975324
57638.405339836405
57538.97890640045
57440.05324637884
57341.63067455133
57243.713268333144
57146.30287702958
57049.401130787126
56953.0094492492
56857.1290499249
56761.76095627915
56666.90600555197
56572.564856314784
56478.737995771895
56385.42574681409
56292.628274832336
56200.345594298415
56108.57757511983
56017.32394877589
55926.584314241525
55836.3581437057
55746.64478809069
55657.44348237842
55568.753350750194
55480.57341154557
55392.90258204611
55305.73968308989
55219.083443521915
55132.932504485914
55047.28542356279
54962.140678760465
54877.49667236011
54793.351734623604
54709.704127366655
54626.55204740201
54543.8936298572
54461.72695137095
54380.05003317218
54298.860844045754
54218.15730318859
54137.93728296001
54058.19861152962
53978.93907542644
53900.15642199272
53821.848361745186
53744.012570647494
53666.646692296505
53589.748340025406
53513.31509892674
53437.34452779778
53361.834161011146
53286.78151031321
53212.184066552654
53138.03930134177
53064.34466865274
52991.09760635112
52918.295537668855
52845.93587261883
52774.01600935282
52702.53333546542
52631.48522924497
52560.8690608741
52490.68219358134
52420.92198474543
52351.58578695423
52282.670949019615
52214.17481695019
52146.0947348829
52078.42804597549
52011.17209326082
51944.32422046456
51877.88177278751
51811.842097654
51746.202545427164
51680.96047009293
51616.11322991297
51551.65818804874
51487.59271315674
51423.91417995663
51360.61996977297
51297.707471051464
51235.17407985088
51173.01720031131
51111.2342450996
51049.822635833094
74700.7562154602
74698.65766754423
74695.7274790376
74691.79373609083
74686.68138541839
74680.21568995445
74672.22524220019
74662.54451087462
74651.01592583339
74637.49152561247
74621.83420378083
74603.91859654986
74583.63165640758
74560.87295617061
74535.55476572532
74507.60194054994
74476.95165737679
74443.55302840818
74407.36662157904
74368.36391061294
74326.52667513414
74281.84636792933
74234.32346361139
74183.9668004273
74130.79292475802
74074.82544595757
74016.09440754773
73954.63567939746
73890.4903743428
73823.7042917208
73754.32738947513
73682.41328581625
73608.01879087147
73531.20346831516
73452.02922661604
73370.55993926122
73286.86109310202
73200.99946380779
73113.04281729681
73023.05963593541
72931.11886824784
72837.28970085393
72741.64135134906
72644.24288085023
72545.16302495706
72444.47004190946
72342.23157676327
72238.51454045242
72133.38500265355
72026.90809742248
71919.14794062322
71810.16755822467
71700.02882459284
71588.79240995747
71476.51773628537
71363.26294083921
71249.0848467506
71134.03893997993
71018.17935208055
70901.5588482251
70784.22881999187
70666.23928244534
70547.63887508135
70428.47486623804
70308.79316060728
70188.63830950767
70068.05352360911
69947.0806878227
69825.76037809429
69704.13187986173
69582.23320795517
69460.1011277402
69337.77117732003
69215.27769062962
69092.65382126936
68969.93156694015
68847.1417943543
68724.31426450884
68601.47765821805
68478.65960181298
68355.8866929243
68233.18452627366
68110.5777194067
67988.08993830727
67865.74392284019
67743.56151197494
67621.56366874873
67499.770504932
67378.20130536497
67256.87455193621
67135.80794718092
67015.01843747697
66894.52223582199
66774.33484417762
66654.47107536814
66534.94507452514
66415.7703400701
66296.95974423045
66178.52555308495
66060.47944613674
65942.83253541349
65825.59538409534
65708.77802467272
65592.38997663629
65476.44026370389
65360.937430587524
65245.889559307354
65131.30428505692
65017.18881162718
64903.54992639556
64790.39401488731
64677.727074917064
64565.55473031781
64453.88224426598
64342.7145322104
64232.05617441358
64121.91142811409
64012.284239318156
63903.17825422932
63794.59683032458
63686.543047085965
63579.01971639549
63472.029392602744
63365.5743822729
63259.65675362382
63154.27834566073
63049.44077701618
62945.14545450363
62841.3935813927
62738.186165413485
62635.524026498155
62533.407804266855
62431.83796526558
62330.814809963325
62230.33847951521
62130.40896229918
62031.02610023208
61932.18959487291
61833.899013318594
61736.15379389964
61638.95325168062
61542.2965837728
61446.18287446373
61350.61110017002
61255.580134218726
61161.088751462594
61067.13563273465
60973.71936914714
60880.83846623968
60788.491347981595
60696.6763606331
60605.391776469674
60514.635797374474
60424.40655830263
60334.70213062178
60245.520525332984
60156.85969617578
60068.717542621176
59981.09191275645
59893.98060606509
59807.38137610551
59721.29193309188
59635.7099463802
59550.633046862946
59466.058829275265
59381.9848544156
59298.4086512837
59215.32771913883
59132.73952948087
59050.64152795659
58969.031136194186
58887.905753568026
58807.2627588962
58727.09951207312
58647.413355639335
58568.20161629075
58489.46160632935
58411.190625057214
58333.38596011615
58256.044888774464
58179.164679162815
58102.74259146095
58026.77587903691
57951.261789540455
57876.197565952265
57801.58044759027
57727.40767107502
57653.67647125505
57580.38408209383
57507.52773751979
57435.10467224043
57363.11212252206
57291.54732693598
57220.40752707281
57149.68996822559
57079.39190004308
57009.51057715415
56940.043259764316
56870.98721422551
56802.339713579815
56734.09803807835
82439.33672491257
82437.20663814222
82434.22753629068
82430.22164363453
82425.0072066446
82418.4020398884
82410.22664832187
82400.30689428838
82388.47620789698
82374.57735998154
82358.46382979874
82340.0008069304
82319.06587008666
82295.54938589803
82269.35466928173
82240.39794427794
82208.60814088762
82173.92655976908
82136.30643291886
82095.71240483643
82052.11995525967
82005.51478141591
81955.89215489343
81903.25626570218
81847.61956386139
81789.00210690142
81727.4309199813
81662.93937387773
81595.56658486876
81525.35683949693
81452.35904632068
81376.62621604049
81298.21497078452
81217.1850828501
81133.59904280183
81047.52165651097
80959.01967047271
80868.16142454742
80775.01653112822
80679.65557963467
80582.14986516185
80482.57114007097
80380.99138728737
80277.48261406826
80172.1166650146
80064.96505312361
79956.09880771025
79845.58833806444
79733.5033117528
79619.91254652127
79504.8839148028
79388.48425988424
79270.77932283681
79151.83367936529
79031.71068577902
78910.47243333743
78788.17971026877
78664.89197080627
78540.66731062953
78415.56244814
78289.63271103938
78162.93202771741
78035.51292299051
77907.42651776691
77778.72253224558
77649.44929228531
77519.65373860898
77389.38143853421
77258.67659994529
77127.58208724466
76996.13943904426
76864.3888873749
76732.36937821237
76600.11859313559
76467.67297194648
76335.06773609863
76202.33691279353
76069.51335961651
75936.62878959626
75803.71379658276
75670.79788084797
75537.90947482313
75405.07596889578
75272.32373719563
75139.6781633071
75007.16366585354
74874.8037239014
74742.62090214173
74610.636875809
74478.87245530296
74347.3476104834
74216.08149461169
74085.09246791597
73954.39812076143
73824.01529640831
73693.96011334474
73564.2479871827
73434.89365210844
73305.91118188026
73177.31401036834
73049.11495163362
72921.32621954352
72793.95944692366
72667.02570424664
72540.53551785924
72414.4988877507
72288.92530486552
72163.82376796548
72039.20280004507
71915.07046430618
71791.4343796984
71668.30173603086
71545.67930866269
71423.57347277922
71301.99021726138
71180.93515815606
71060.41355175518
70940.43030729124
70820.98999925809
70702.09687936441
70583.75488812859
70465.967666123
70348.73856487626
70232.07065744133
70115.96674863796
70000.42938497744
69885.46086427815
69771.06324497894
69657.23835515986
69543.98780127637
69431.31297661577
69319.21506948327
69207.69507112479
69096.75378339458
68986.3918261735
68876.60964454702
68767.40751574788
68658.78555587125
68550.74372636908
68443.28184032968
68336.39956854902
68230.09644539996
68124.3718745058
68019.22513422334
67914.65538294174
67810.66166420278
67707.24291164771
67604.39795379617
67502.12551866242
67400.4242382138
67299.29265267658
67198.72921469339
67098.73229333785
66999.30017798972
66900.43108207609
66802.1231466821
66704.37444403576
66607.18298087046
66510.54670166962
66414.46349179692
66318.93118051591
66223.9475439022
66129.51030765266
66035.61714979354
65942.26570329253
65849.45355857591
65757.17826595597
65665.4373379697
65574.22825163323
65483.548450613554
65393.395347321486
65303.76632492707
65214.65873930125
65126.06992088541
65037.997176491604
64950.43779103566
64863.389029205326
64776.84813706567
64690.81234360393
64605.27886221569
64520.24489213435
64435.70761980601
64351.66422021123
64268.11185813587
64185.047689392486
64102.46886199382
64020.372517280404
63938.75579100351
63857.615814365025
63776.94971501581
63696.75461801388
63617.02764674371
63537.76592379829
63458.96657182472
63380.62671433509
63302.74347648343
63225.31398581031
63148.335372955655
63071.804772341515
62995.71932282531
62920.076168324806
90806.23783409633
90804.07701630789
90801.0501586462
90796.9736834247
90791.65918071993
90784.9170379203
90776.5596653391
90766.40427913626
90754.27523402036
90740.005919767
90723.44024960673
90704.43377683971
90682.85448015005
90658.58325924052
90631.51418152811
90601.55451844611
90568.62460691953
90532.6575681925
90493.59891266012
90451.40605586999
90406.04776753162
90357.50357227398
90305.76311806311
90250.82552564466
90192.69873011581
90131.39882374035
90066.94940738665
89999.38095647052
89928.73020599653
89855.03955820051
89778.35651536506
89698.73313960731
89616.22554078799
89530.89339315849
89442.79948092361
89352.00927254616
89258.59052333455
89162.61290563468
89064.14766577516
88963.26730678657
88860.04529582491
88754.55579516421
88646.87341558843
88537.07299099203
88425.22937299915
88311.41724442187
88195.71095039987
88078.18434609404
87958.91065984243
87837.96237072721
87715.41109954583
87591.32751222429
87465.781234758
87338.8407788138
87210.57347717226
87081.04542823826
86950.32144889186
86818.46503499697
86685.53832892756
86551.60209351333
86416.71569184598
86280.93707242458
86144.32275915564
86006.92784575647
85868.80599414348
85730.00943641695
85590.58898008324
85450.59401618142
85310.07253000792
85169.07111415487
85027.63498360159
84885.80799261873
84743.63265326357
84601.15015526349
84458.40038710201
84315.42195813582
84172.25222158755
84028.92729827094
83885.48210091908
83741.95035899652
83598.36464388782
83454.75639436503
83311.15594224447
83167.59253815355
83024.09437733513
82880.68862542373
82737.40144413552
82594.2580168199
82451.28257382545
82308.49841763888
82165.92794776049
82023.59268528297
81881.513297146
81739.7096200409
81598.20068394473
81457.00473526496
81316.13925957933
81175.62100395744
81035.46599885442
80895.68957956643
80756.3064072431
80617.33048945043
80478.77520028174
80340.65330001406
80202.97695430998
80065.75775296454
79929.00672819941
79792.73437250634
79656.9506560433
79521.66504358719
79386.88651104759
79252.62356154728
79118.88424107451
78985.67615371342
78853.00647645934
78720.88197362541
78589.30901084785
78458.29356869693
78327.84125590164
78197.95732219494
78068.64667078808
77939.91387048161
77811.76316742065
77684.19849650284
77557.22349244678
77430.84150052858
77305.05558699515
77179.86854916127
77055.2829251989
76931.30100362614
76807.92483250384
76685.1562283469
76562.99678475826
76441.44788079287
76320.51068905854
76200.1861835612
76080.47514730153
75961.37817962964
75842.89570336482
75725.02797168665
75607.77507480452
75491.13694641131
75375.11336992764
75259.7039845433
75144.90829106056
75030.72565754673
74917.15532480039
74804.19641163727
74691.84792000128
74580.10873990567
74468.97765420997
74358.4533432368
74248.53438923419
74139.21928068792
74030.50641648832
73922.39410995613
73814.88059273182
73707.96401853244
73601.64246678047
73495.91394610799
73390.77639774102
73286.22769876683
73182.26566528864
73078.88805547068
72976.09257247776
72873.87686731195
72772.23854155016
72671.1751499856
72570.68420317609
72470.76316990252
72371.40947953989
72272.62052434427
72174.39366165787
72076.72621603514
71979.61548129245
71883.05872248391
71787.05317780527
71691.59606042906
71596.68456027203
71502.31584569864
71408.48706516119
71315.19534877944
71222.43780986173
71130.21154636952
71038.51364232646
70947.3411691751
70856.69118708186
70766.56074619258
70676.94688784
70587.84664570498
70499.25704693273
70411.17511320596
70323.59786177585
70236.52230645259
70149.9454585569
70063.86432783361
69978.27592332877
69893.17725423115
69808.5653306801
69724.43716453973
69640.78977014184
99838.96081064094
99836.77004494886
99833.69655885153
99829.55103503953
99824.13845518911
99817.26180663814
99808.72540565999
99798.33779174282
99785.9141792553
99771.27847538599
99754.2648882448
99734.71915827035
99712.49945105774
99687.47695161223
99659.53619977277
99628.57520485789
99594.50537500167
99557.2512935599
99516.75037166201
99472.95240265035
99425.81904092315
99375.32322465717
99321.44855908208
99264.18867443256
99203.54657042329
99139.53395707055
99072.1705999086
99001.4836761034
98927.50714663192
98850.28114854782
98769.85141037939
98686.26869287956
98599.58825665408
98509.86935761567
98417.17477073436
98321.57034216233
98223.12456949547
98121.90820967931
98017.99391386907
97911.4558883988
97802.36958090072
97690.81139053265
97576.85840121566
97460.58813675151
97342.07833667214
97221.4067516761
97098.65095751463
96973.88818621499
96847.19517355325
96718.64802172613
96588.32207620711
96456.29181581529
96322.63075506708
96187.4113579263
96050.70496211281
95912.58171317399
95773.11050756888
95632.35894405661
95490.39328272444
95347.27841103089
95203.07781627863
95057.85356397103
94911.66628154024
94764.57514697094
94616.63788187664
94467.91074861442
94318.44855105635
94168.30463866072
94017.53091351442
93866.1778400407
93714.29445709105
93561.92839216
93409.12587748328
93255.93176779716
93102.38955955641
92948.54141142231
92794.42816584943
92640.08937161385
92485.56330713749
92330.88700447694
92176.09627385664
92021.22572863521
91866.30881060625
91711.37781554127
91556.46391889272
91401.59720158267
91246.80667580885
91092.12031080778
90937.5650585195
90783.16687910583
90628.95076627727
90474.94077238995
90321.16003327808
90167.63079279104
90014.37442700821
89861.41146810859
89708.76162787399
89556.44382080948
89404.47618686508
89252.87611374733
89101.66025880966
88950.8445705137
88800.44430945518
88650.47406894914
88500.94779517171
88351.87880685582
88203.2798145409
88055.16293937604
87907.53973147843
87760.42118784953
87613.81776985111
87467.73942024584
87322.19557980576
87177.19520349488
87032.74677622953
86888.85832822387
86745.53744992548
86602.79130654833
86460.6266522096
86319.04984367713
86178.06685373482
86037.68328417363
85897.90437841482
85758.73503377376
85620.1798133715
85482.24295770188
85344.9283958616
85208.23975645125
85072.18037815482
84936.75332000504
84801.9613713426
84667.80706147623
84534.2926690515
84401.42023113565
84269.1915520251
84137.60821178384
84006.67157451888
83876.38279640026
83746.74283343197
83617.7524489811
83489.41222107128
83361.72254944732
83234.6836624168
83108.29562347577
82982.5583377235
82857.47155807346
82733.03489126521
82609.24780368367
82486.10962699114
82363.61956357743
82241.77669183332
82120.57997125266
82000.02824736842
81880.12025652712
81760.85463050655
81642.22990098185
81524.24450384406
81406.8967833758
81290.18499628827
81174.1073156239
81058.6618345287
80943.84656989825
80829.65946590109
80716.09839738358
80603.16117315965
80490.8455391889
80379.14918164685
80268.06972989037
80157.60475932153
80047.75179415352
79938.5083100811
79829.87173685874
79721.83946078976
79614.40882712854
79507.57714239939
79401.34167663373
79295.6996655293
79190.6483277222
79086.184806067
78982.30626062542
78879.00980986297
78776.29254761162
78674.15154480732
78572.58385116435
78471.58649678944
78371.15649373698
78271.29083750756
78171.9865084915
78073.24047335921
77975.04968640022
77877.41109081218
77780.32161994188
77683.77819847972
77587.77774360872
77492.31716611047
77397.39335569128
77303.00324492209
77209.14371589292
77115.81166401226
77023.00398320946
76930.71756680701
109576.47004861778
109574.25009400057
109571.13107696982
109566.91800500634
109561.40930307627
109554.40059101563
109545.68809879465
109535.07166747842
109522.35731630592
109507.35937965655
109489.90223359576
109469.82164183797
109446.96575676794
109421.1958137744
109392.38655750394
109360.42643745762
109325.21760816952
109286.67576643392
109244.72985497443
109199.32165878598
109150.40531726835
109097.9467723017
109041.9231696473
108982.32222852172
108919.1415919031
108852.38816808171
108782.07747215923
108708.23297461409
108630.88546267059
108550.07241901703
108465.83742139438
108378.22956570632
108287.30291456106
108193.11597253683
108095.73118894409
107995.21448842828
107891.6348294083
107785.06379005777
107675.57518131168
107563.24468619993
107448.14952467152
107330.3681429705
107209.97992655041
107087.06493546355
106961.70366113304
106833.97680340135
106703.9650667507
106571.74897460084
106437.40870061137
106301.02391594186
106162.67365145478
106022.43617388397
105880.38887502908
105736.60817307717
105591.16942519546
105444.14685058103
105295.61346319597
105145.64101345792
104994.2999381976
104841.6593182357
104687.78684296858
104532.7487813924
104376.60995902849
104219.43374025101
104061.28201554688
103902.21519327295
103742.29219550315
103581.57045758706
103420.10593106867
103257.9530896385
103095.16493781641
102931.79302208476
102767.88744421222
102603.49687652873
102438.66857892997
102273.44841740698
102107.88088391334
101942.0091173964
101775.87492583344
101609.51880912705
101442.97998272568
101276.29640184688
101109.50478619082
100942.64064504241
100775.7383026683
100608.83092392387
100441.95053999372
100275.12807419477
100108.39336778004
99941.77520568493
99775.30134216526
99608.99852628086
99442.8925271834
99277.00815917167
99111.36930648163
98945.99894778279
98780.91918035437
98616.15124392041
98451.71554412368
98287.63167562205
98123.91844479316
97960.59389203566
97797.67531365686
97635.17928333933
97473.12167317978
97311.51767429586
97150.38181699727
96989.72799051972
96829.5694623204
96669.91889693531
96510.78837440016
96352.18940823573
96194.13296300182
96036.62947142206
95879.68885108439
95723.32052072164
95567.53341607691
95412.33600535982
95257.73630429896
95103.74189079716
94950.35991919541
94797.59713415276
94645.4598841487
94493.95413461476
94343.08548070292
94192.8591596982
94043.2800630816
93894.35274825238
93746.08144991582
93598.47009114394
93451.52229411759
93305.24139055584
93159.63043184105
93014.69219884618
92870.4292114722
92726.8437379022
92583.93780357938
92441.71319991605
92300.17149274031
92159.3140304875
92019.14195214244
91879.65619493985
91740.85750182871
91602.74642870724
91465.32335143465
91328.5884726257
91192.54182823391
91057.18329392975
90922.51259127885
90788.52929372633
90655.2328323925
90522.6225016855
90390.69746473567
90259.4567586572
90128.8992996419
89999.02388788985
89869.82921238178
89741.31385549753
89613.47629748586
89486.31492078878
89359.82801422602
89234.01377704271
89108.87032282495
88984.39568328703
88860.58781193403
88737.44458760397
88614.96381789248
88493.14324246407
88371.9805362533
88251.4733125591
88131.6191260355
88012.415475582
87893.85980713688
87775.94951637565
87658.68195131865
87542.0544148497
87426.06416714903
87310.70842804274
87195.9843792721
87081.88916668414
86968.41990234713
86855.57366659217
86743.34750998419
86631.7384552236
86520.74349898199
86410.35961367255
86300.5837491582
86191.41283439945
86082.84377904295
85974.87347495381
85867.4987976927
85760.7166079395
85654.52375286557
85548.91706745612
85443.89337578406
85339.44949223705
85235.58222269938
85132.28836568994
85029.56471345751
84927.40805303537
84825.81516725574
120059.22106552165
120056.97265743482
120053.8091774747
120049.53002407473
120043.92712046209
120036.78875645147
120027.90309004305
120017.06125030582
120004.06001615484
119988.70406972841
119970.80783983637
119950.19696194847
119926.70938778404
119900.19618088455
119870.52203551242
119837.56555553785
119801.21932820318
119761.38982520308
119717.99716069162
119670.97473284723
119620.26877264188
119565.83782057496
119507.65214941703
119445.69314849158
119379.95268273671
119310.43243772423
119237.1432599817
119160.1045003391
119079.34336660421
118994.8942906347
118906.79831380831
118815.10249397744
118719.85933621225
118621.12624897665
118518.96502682255
118413.44136022593
118304.62437279998
118192.58618580794
118077.40150963982
117959.14726171324
117837.90221009678
117713.74664203024
117586.76205642267
117457.03087934319
117324.6362014744
117189.66153647259
117052.19059916768
116912.30710253699
116770.09457239874
116625.63617879008
116479.01458302082
116330.31179942316
116179.60907085432
116026.9867570428
115872.5242349104
115716.29981003962
115558.39063849788
115398.8726582689
115237.82052958226
115075.3075834711
114911.40577792563
114746.18566104819
114579.71634065056
114412.06545976944
114243.29917760902
114073.4821554505
113902.67754709977
113730.94699347249
113558.35062094305
113384.9470431093
113210.79336565098
113035.94519397989
112860.45664340456
112684.38035155035
112507.76749279567
112330.6677945036
112153.12955484391
111975.1996620171
111796.92361470635
111618.3455435969
111439.50823381587
111260.45314815656
111081.22045096316
110901.84903256196
110722.3765341348
110542.83937293911
110363.27276778799
110183.71076471114
110004.18626272392
109824.73103964014
109645.37577786863
109466.15009014052
109287.08254511855
109108.2006928455
108929.53108999289
108751.09932487496
108572.9300421971
108395.046967512
108217.47293135872
108040.2298930641
107863.33896418785
107686.82043159626
107510.69378014983
107334.97771499463
107159.69018344763
106984.84839646787
106810.46884970811
106636.56734414217
106463.15900626473
106290.25830786151
106117.87908534928
105946.03455868542
105774.73734984851
105603.9995008913
105433.83249156899
105264.24725654606
105095.25420218501
104926.8632229221
104759.08371723407
104591.92460320162
104425.39433367504
104259.50091104755
104094.251901643
103929.65444972398
103765.71529112665
103602.44076652965
103439.83683436314
103277.9090833657
103116.66274479522
102956.10270430175
102796.23351346875
102637.05940103
102478.5842837698
102320.81177711241
102163.74520540934
102007.3876119301
101851.74176856421
101696.81018524127
101542.59511907543
101389.0985832422
101236.32235559248
101084.26798701237
100932.93680953368
100782.32994420263
100632.44830871202
100483.29262480415
100334.86342544974
100187.16106180902
100040.18570998107
99893.93737754661
99748.41590991075
99603.62099645016
99459.55217647071
99316.20884498072
99173.5902582845
99031.69553940235
98890.52368332022
98750.07356207578
98610.34392968359
98471.33342690572
98333.04058587125
98195.4638345487
98058.60150107721
97922.45181795843
97787.0129261151
97652.28287881895
97518.25964549222
97384.94111538668
97252.3251011434
97120.4093422371
96989.19150830804
96858.66920238566
96728.83996400618
96599.70127222806
96471.25054854798
96343.4851597207
96216.40242048525
96089.99959620052
95964.27390539322
95839.22252222023
95714.84257884863
95591.13116775542
95468.08534394977
95345.70212711967
95223.9785037058
95102.91142890461
94982.49782860273
94862.73460124488
94743.61861963762
94625.14673269013
94507.31576709494
94390.12252894985
94273.563805323
94157.63636576285
94042.33696375499
93927.66233812697
93813.60921440333
93700.17430611193
93587.3543160434
93475.14593746507
93363.5458552907
131329.18849925208
131326.91235025955
131323.70544632152
131319.3616444408
131313.6664239748
131306.40078667286
131297.34483898466
131286.28099205112
131272.99674832844
131257.2870685584
131238.95633033538
131217.81990131547
131193.70535746196
131166.45338072832
131135.9183721369
131101.96881603502
131064.48742994996
131023.37113234361
130978.5308579969
130929.8912479678
130877.39023821938
130820.97856822718
130760.61922821793
130696.28686120646
130627.96713372038
130555.65608703415
130479.35947887567
130399.09212392446
130314.87723996124
130226.74580525926
130134.73593169899
130038.89225713156
129939.2653596952
129835.91119608824
129728.89056520804
129618.2685980647
129504.11427446047
129386.49996657952
129265.50100934695
129141.19529718717
129013.66290662353
128882.98574401878
128749.2472176408
128612.5319331563
128472.92541159401
128330.51382877982
128185.38377522233
128037.62203541963
127887.31538555738
127734.55040858308
127579.41332565663
127421.98984300367
127262.36501322742
127100.62311016537
126936.8475164136
126771.1206226775
126603.52373814514
126434.1370111177
126263.03935916928
126090.30840814694
125916.02043935802
125740.25034432879
125563.07158655401
125384.55616969115
125204.77461168492
125023.79592434222
124841.68759790443
124658.51559019613
124474.3443199547
124289.23666397302
124103.25395771132
123916.45599905822
123728.90105494327
123540.64587052433
123351.74568069234
123162.25422365578
122972.22375638268
122781.70507169726
122590.74751684073
122399.39901332174
122207.70607789584
122015.7138445246
121823.46608717764
121631.005243352
121438.37243819263
121245.60750910857
121052.74903078681
120859.8343405158
120666.89956373646
120473.9796397473
120281.108347496
120088.31833139606
119895.6411271128
119703.10718726937
119510.74590702598
119318.58564949274
119126.65377093908
118934.97664576689
118743.5796912182
118552.48739179214
118361.72332334741
118171.31017687122
117981.26978189673
117791.62312955403
117602.39039524189
117413.5909609095
117225.24343693901
117037.36568362165
116849.97483222137
116663.08730562218
116476.71883855507
116290.88449740381
116105.59869958738
115920.87523252009
115736.72727214976
115553.16740107586
115370.2076262498
115187.8593962606
115006.13361820928
114825.0406741765
114644.59043728735
114464.79228737854
114285.65512627362
114107.18739267092
113929.39707665122
113752.2917338098
113575.87849902063
113400.1640998379
113225.15486954215
113050.85675983733
112877.2753532057
112704.41587492729
112532.2832047706
112360.8818883619
112190.21614823921
112020.28989459889
111851.10673574038
111682.6699882171
111514.98268669946
111348.04759355714
111181.86720816708
111016.44377595365
110851.77929716794
110687.87553541198
110524.73402591482
110362.35608356599
110200.74281071353
110039.89510473129
109879.81366536269
109720.4990018457
109561.95143982599
109404.17112806233
109247.15804493117
109090.91200473487
108935.43266381937
108780.71952650607
108626.77195084328
108473.58915418225
108321.17021858203
108169.51409604897
108018.61961361406
107868.48547825406
107719.11028165965
107570.49250485573
107422.63052267754
107275.52260810701
107129.1669364729
106983.56158951938
106838.70455934593
106694.59375222304
106551.22699228658
106408.60202511516
106266.71652119308
106125.56807926277
105985.1542295697
105845.47243700291
105706.52010413444
105568.29457416011
105430.7931337454
105294.01301577834
105157.95140203275
105022.60542574424
104887.97217410192
104754.04869065755
104620.83197765557
104488.31899828558
104356.50667886026
104225.39191092015
104094.97155326851
103965.24243393746
103836.20135208791
103707.84507984537
103580.1703640732
103453.17392808574
103326.85247330235
103201.20268084506
103076.22121308115
102951.90471511192
102828.24981621008
102705.25313120674
102582.91126182993
143429.89410509428
143427.59090551143
143424.34158799797
143419.9345369289
143414.14884820615
143406.7582815181
143397.53491778945
143386.25245142804
143372.68908083346
143356.629985969
143337.86940004106
143316.21229487256
143291.47570762254
143263.48974117578
143232.0982726692
143197.15940494067
143158.54569474488
143116.14418979303
143069.85630437068
143019.5975607016
142965.29722053139
142906.89782872345
142844.3546880706
142777.6352820854
142706.71866027132
142631.59479830984
142552.26394372876
142468.735955948
142381.02964811586
142289.17213683738
142193.19820476015
142093.14967998222
141989.07483539009
141881.02781029808
141769.068056127
141653.2598073276
141533.67157830374
141410.37568671088
141283.44780319597
141152.96652738607
141019.01298972405
140881.67047858285
140741.02409195917
140597.1604129431
140450.16720808842
140300.13314774993
140147.14754742238
139991.30012909297
139832.6808016119
139671.37945908844
139507.4857963309
139341.08914036676
139172.2782971026
139001.14141221083
138827.76584536087
138652.23805694567
138474.6435064891
138295.0665619547
138113.590419213
137930.29703096132
137745.267044424
137558.57974719914
137370.31302064928
137180.54330027147
136989.34554251
136796.79319751123
136602.95818734722
136407.91088926472
136211.7201235458
136014.4531455901
135816.17564185517
135616.95172931693
135416.84395813238
135215.91331720923
135014.21924240934
134811.81962712848
134608.7708350162
134405.12771461467
134200.94361571243
133996.27040722393
133791.15849641818
133585.65684933623
133379.81301224657
133173.67313399998
132967.28198915848
132760.68300177794
132553.9182697403
132347.02858953294
132140.05348138732
131933.0312146913
131725.99883360104
131518.99218278273
131312.0459332195
131105.19360802765
130898.46760822993
130691.89923843702
130485.51873239665
130279.35527836974
130073.43704430113
129867.79120275212
129662.4439555684
129457.42055825835
129252.74534406023
129048.44174767938
128844.5323286786
128641.03879450756
128437.98202315884
128235.38208544029
128033.25826685513
127831.62908908246
127630.51233105271
127429.92504961409
127229.88359978586
127030.4036545981
126831.5002245155
126633.18767644594
126435.47975233456
126238.38958734456
126041.9297276271
125846.11214768344
125650.94826732192
125456.4489682145
125262.62461005639
125069.48504633413
124877.03963970633
124685.29727700348
124494.26638385085
124303.95493892227
124114.3704878286
123925.5201566489
123737.41066510961
123550.0483394178
123363.43912475642
123177.58859744633
122992.5019767829
122808.18413655346
122624.63961624206
122441.87263192824
122259.88708688683
122078.68658189454
121898.27442525084
121718.65364251875
121539.82698599281
121361.79694389994
121184.56574933982
121008.1353889713
120832.50761145007
120657.68393562513
120483.6656584984
120310.45386295494
120138.04942526804
119966.45302238638
119795.66513900775
119625.6860744453
119456.51594929153
119288.15471188577
119120.60214458944
118953.85786987534
118787.92135623466
118622.79192390788
118458.4687504431
118294.95087608758
118132.23720901598
117970.32653040059
117809.21749932773
117648.90865756392
117489.39843417695
117330.68515001523
117172.76702204946
117015.6421675808
116859.30860831875
116703.76427433317
116549.00700788313
116395.03456712679
116241.8446297151
116089.43479627358
115937.80259377397
115786.94547880033
115636.86084071157
115487.54600470414
115338.99823477723
115191.21473660356
115044.19266030866
114897.9291031606
114752.42111217405
114607.66568662961
114463.65978051221
114320.4003048704
114177.8841300984
114036.10808814448
113895.06897464623
113754.76355099617
113615.1885463393
113476.34065950409
113338.21656087002
113200.81289417243
113064.12627824729
112928.15330871737
112792.89055962155
112658.33458498909
112524.48192036056
156406.43475269963
156404.10517124305
156400.81442255713
156396.34548813617
156390.4711430604
156382.95795461294
156373.57000936972
156362.07229283766
156348.23367979564
156331.82951932497
156312.64381739765
156290.47103312393
156265.11751351264
156236.402596905
156204.15941795692
156168.23544785808
156128.49280294738
156084.8083534394
156037.07366194524
155985.19477909556
155929.09192104384
155868.69905105716
155803.96338489765
155734.84483730697
155661.3154246701
155583.3586368793
155500.96878954192
155414.15036599146
155322.9173570517
155227.2926051678
155127.30715834288
155022.9996382883
154914.4156263025
154801.60706961885
154684.631710298
154563.5525381745
154438.437268881
154309.35784757204
154176.3899786238
154039.6126813072
153899.10787119728
153754.9599668937
153607.2555214746
153456.08287798867
153301.53184819542
153143.69341369873
152982.65944856658
152818.52246250046
152651.37536359855
152481.3112397507
152308.4231577061
152132.8039788664
151954.5461908717
151773.74175407345
151590.4819620088
151404.85731502576
151216.957406235
151026.87081900018
150834.68503521095
150640.48635361705
150444.3598175375
150246.38915129114
150046.65670473044
149845.2434052923
149642.22871701207
149437.6906059786
149231.70551173858
149024.34832418602
148815.69236550306
148605.80937674295
148394.7695086735
148182.64131652078
147969.49175828038
147755.38619628092
147540.38840170845
147324.56056181926
147107.96328958642
146890.65563554468
146672.69510161242
146454.13765668828
146235.03775383148
146015.4483488507
145795.42092013903
145575.0054896033
145354.2506445499
145133.20356039784
144911.91002409978
144690.4144581629
144468.75994516836
144246.9882526971
144025.13985857635
143803.25397637082
143581.36858104507
143359.520434734
143137.74511256072
142916.07702844843
142694.54946087714
142473.19457854057
142252.0434658628
142031.12614833863
141810.47161766497
141590.10785663413
141370.06186376174
141150.3596776285
140931.0264009119
140712.08622409304
140493.56244882094
140275.47751092052
140057.8530030339
139840.70969688316
139624.0675651485
139407.9458029528
139192.3628489483
138977.3364060016
138762.88346147235
138549.02030708583
138335.76255839653
138123.1251738437
137911.12247339936
137699.7681568095
137489.07532143133
137279.05647966964
137069.72357601323
136861.08800367787
136653.16062085773
136445.9517665908
136239.4712762424
136033.7284966131
135828.7323006742
135624.49110193818
135421.01286846958
135218.30513654108
135016.37502394203
134815.2292429451
134614.8741129372
134415.31557272075
134216.55919249257
134018.61018550565
133821.47341942094
133625.15342735505
133429.654418631
133234.98028923752
133041.1346320036
132848.1207464955
132655.9416486401
132464.6000800841
132274.09851729218
132084.43918039184
131895.62404177082
131707.65483443247
131520.53306011506
131334.2599971816
131148.83670828416
130964.26404781008
130780.54266911458
130597.67303154475
130415.65540726151
130234.48988786373
130054.1763908196
129874.71466571072
129696.1043002937
129518.34472638367
129341.43522556481
129165.37493473233
128990.16285147039
128815.79783927038
128642.27863259359
128469.60384178339
128297.77195782926
128126.78135698897
127956.6303052706
127787.31696277986
127618.83938793538
127451.19554155636
127284.38329082563
127118.40041313173
126953.24459979348
126788.91345966994
126625.40452265987
126462.71524309267
126300.8430030146
126139.78511537286
125979.538827101
125820.10132210754
125661.4697241716
125503.64109974705
125346.61246067898
125190.38076683413
125034.94292864825
124880.29580959213
124726.4362285598
124573.36096217968
124421.06674705232
124269.55028191592
124118.8082297417
123968.83721976234
123819.63384943333
123671.19468633182
123523.51626999221
123376.59511368221
123230.42770612022
170305.51042306877
170303.1551075069
170299.82388263862
170295.2943975481
170289.3331710489
170281.69963095494
170272.14990539305
170260.44028497103
170246.3303088306
170229.58545386433
170209.97942583112
170187.29606497573
170161.33088816103
170131.8922954377
170098.80247224576
170061.89801974065
170021.03034562198
169976.06584674038
169926.88591300478
169873.38677995684
169815.47925501788
169753.08833996853
169686.15276980784
169614.62448580502
169538.4680583579
169457.66007323263
169372.1884928819
169282.0520028471
169187.25935171687
169087.82869175964
168983.7869261383
168875.169067556
168762.01761225576
168644.38193248687
168522.31768985803
168395.88627139272
168265.15424959254
168130.19286737742
167991.0775484037
167847.8874329535
167700.70493933273
167549.61535050228
167394.70642550036
167236.06803506962
167073.79182080133
166907.9708770205
166738.6994545759
166566.07268565506
166390.18632871498
166211.13653260336
166029.01961893996
165843.93188183228
165655.96940400786
165465.22788846484
165271.8025047622
165075.78774909538
164877.2773173328
164676.36399021547
164473.13952995566
164267.694587502
164060.11861976833
163850.49981616187
163638.92503377234
163425.47974062106
163210.24796639738
162993.3122601417
162774.75365436528
162554.65163512318
162333.08411758798
162110.12742669607
161885.85628246568
161660.34378960967
161433.661431089
161205.87906527828
160977.0649264304
160747.28562815354
160516.6061696288
160285.08994431648
160052.798750916
159819.79280636032
159586.1307606405
159351.86971327252
159117.06523122796
158881.77136816838
158646.04068482795
158409.92427040858
158173.47176485436
157936.73138188713
157699.7499326922
157462.57285015145
157225.24421353106
156987.80677353614
156750.30197765294
156512.76999570706
156275.2497455687
156037.77891894517
155800.39400720506
155563.1303271822
155326.02204691386
155089.10221127095
154852.40276744237
154615.95459023892
154379.78750718603
154143.9303233775
153908.41084606573
153673.2559089658
153438.4913962544
153204.14226624626
152970.23257473303
152736.78549797076
152503.82335530655
152271.36763143292
152039.43899826283
151808.05733641871
151577.24175633022
151347.0106189365
151117.38155599023
150888.37148996108
150659.99665353817
150432.2726087311
150205.21426556923
149978.83590040248
149753.1511738034
149528.17314807454
149303.91430436267
149080.38655938496
148857.60128176952
148635.5693080152
148414.3009580751
148193.80605056818
147974.09391762497
147755.1734193719
147537.05295805927
147319.74049184058
147103.24354820605
146887.56923707892
146672.72426357886
146458.7149404588
146245.54720022247
146033.22660692688
145821.75836767742
145611.14734382162
145401.3980618465
145192.51472398776
144984.50121855468
144777.3611299791
144571.09774859244
144365.71408013857
144161.21285502723
143957.59653733473
143754.86733355734
143553.0272011231
143352.07785666827
143152.02078408352
142952.85724233533
142754.58827306866
142557.21470799565
142360.73717607587
142165.15611049347
141970.47175543572
141776.68417267874
141583.7932479849
141391.79869731603
141200.70007286925
141010.49676893716
140821.18802759922
140632.77294424755
140445.2504729523
140258.61943166953
140072.8785072975
139888.02626058384
139704.06113088844
139520.98144080583
139338.78540065058
139157.4711128093
138977.03657596366
138797.4796891869
138618.79825591773
138440.98998781526
138264.05250849776
138087.9833571687
137912.77999213315
137738.439794207
137564.96007002355
137392.338055238
137220.57091763528
137049.65576014135
136879.58962374256
136710.3694903148
136541.99228536568
136374.4548806905
136207.75409694714
136041.8867061492
135876.84943408216
135712.638962643
135549.25193210714
135386.68494332256
135224.93455983544
135063.99730994774
134903.86968870953
134744.5481598472
185175.45220553436
185173.07178333582
185169.70101047633
185165.11227462612
185159.06590453314
185151.31424441427
185141.60550416794
185129.68729922976
185115.30982816903
185098.2286627105
185078.20714483672
185055.01840008513
185028.4469861652
184998.2902025247
184964.35909029757
184926.47915384415
184884.49083538644
184838.24977348486
184787.62687462964
184732.50822529453
184672.7948696094
184608.40247550572
184539.26090986378
184465.3137409319
184386.5176841289
184302.8420053239
184214.2678938216
184120.78781557988
184022.40485564544
183919.1320574131
183810.9917650837
183698.01497460538
183580.24069742818
183457.71534056193
183330.49210570005
183198.6304095414
183062.19532689982
182921.25705772755
182775.89041878397
182626.17436034678
182472.1915080861
182314.02772998603
182151.77172801038
181985.5146540503
181815.3497495687
181641.3720082579
181463.67786094974
181282.36488196213
181097.5315160265
180909.27682491433
180717.70025286663
180522.90140992668
180324.97987227945
180124.03499871225
179920.16576232616
179713.47059664995
179504.0472553284
179291.99268458746
179077.4029077036
178860.37292073516
178640.99659880495
178419.36661225316
178195.57435201117
177969.70986357774
177741.8617890101
177512.11731637173
177280.56213610913
177047.28040385706
176812.35470920135
176575.86604995342
176337.89381151702
176098.51575095355
175857.80798537357
175615.8449843075
175372.69956572817
175128.44289541943
174883.14448940393
174636.8722191618
174389.6923193915
174141.669398076
173892.86644863876
173643.3448639855
173393.1644522413
173142.3834540094
172891.05856098467
172639.24493577384
172386.99623277682
172134.36462000315
171881.4008016989
171628.1540416735
171374.6721872234
171121.00169355652
170867.18764862925
170613.2737983155
170359.30257183313
170105.31510735868
169851.35127776838
169597.44971644768
169343.64784311678
169089.98188962345
168836.4869256617
168583.1968843732
168330.1445877994
168077.3617721483
167824.8791128495
167572.72624936895
167320.93180976156
167069.5234349395
166818.52780263807
166567.9706510637
166317.87680220683
166068.27018481094
165819.17385698383
165570.61002844412
165322.60008239368
165075.16459701041
164828.32336655704
164582.09542209972
164336.49905183676
164091.5518210319
163847.27059155438
163603.67154102356
163360.77018155874
163118.5813781366
162877.11936655623
162636.39777101544
162396.4296213004
162157.22736959235
161918.8029068943
161681.16757908248
161444.33220258652
161208.3070797028
160973.10201354613
160738.72632264433
160505.18885518188
160272.49800289684
160040.66171463765
159809.68750958474
159579.58249014313
159350.3533545119
159122.00640893602
158894.54757964663
158667.98242449624
158442.3161442942
158217.55359384863
157993.69929272056
157770.7574356974
157548.73190298965
157327.6262701587
157107.44381778027
156888.1875408502
156669.86015793766
156452.46412009175
156236.00161950738
156020.47459795518
155805.8847549823
155592.2335558878
155379.5222394795
155167.75182561643
154956.9231225429
154747.03673401836
154538.0930662491
154330.09233462566
154123.03457027132
153916.9196264065
153711.7471845334
153507.51676044535
153304.22771006584
153101.8792351207
152900.4703886491
152700.00008035565
152500.4670818094
152301.87003149305
152104.20743970617
151907.47769332625
151711.67906043152
151516.80969478967
151322.86764021468
151129.85083479647
150937.75711500674
150746.5842196834
150556.3297938974
150366.991392706
150178.56648479358
149991.05245600487
149804.44661277253
149618.74618544255
149433.94833149938
149250.0501386948
149067.04862808177
148884.94075695716
148703.72342171503
148523.39346061336
148343.9476564559
148165.38273919286
147987.6953884415
147810.88223592896
147634.93986786023
147459.8648272127
147285.65361595954
147112.30269722396
201066.25029474654
201063.8453737233
201060.4359548995
201055.78923587466
201049.65942292663
201041.79183516387
201031.9268084194
201019.80330798795
201005.16219356388
200987.74910659686
200967.31697070235
200943.62811076525
200916.45600695384
200885.58670692577
200850.81992382713
200811.9698499315
200768.8657164616
200721.3521297239
200669.28921249896
200612.55257793533
200551.033161189
200484.63693188527
200413.2845082656
200336.91069169383
200255.46393809127
200168.90578088092
200077.2102181708
199980.36307520545
199878.3613515659
199771.2125612013
199658.93407212436
199541.55245148807
199419.1028207778
199291.62822498567
199159.17901887622
199021.81227279533
198879.59119990072
198732.58460620316
198580.8663643883
198424.51491202626
198263.6127744805
198098.24611256714
197928.50429480989
197754.47949395792
197576.2663072939
197393.9614001468
197207.6631719311
197017.47144396915
196823.48716829935
196625.81215663807
196424.54882864
196219.7999785887
196011.6685596467
195800.25748479727
195585.6694436215
195368.00673406888
195147.37110839895
194923.86363249485
194697.58455777346
194468.6332049444
194237.10785889803
194003.10567403125
193766.72258935033
193528.0532527183
193287.19095364463
193044.22756404508
192799.25348642564
192552.3576089764
192303.62726708472
192053.14821080724
191801.00457786242
191547.27887173308
191292.05194449137
191035.402983979
190777.40950500246
190518.14734421758
190257.6906584042
189996.1119258444
189733.48195054062
189469.86986902452
189205.34315952368
188939.96765327003
188673.80754774643
188406.92542168312
188139.38225162757
187871.23742992387
187602.54878394929
187333.3725964667
187063.76362696008
186793.77513383245
186523.45889735266
186252.86524324538
185982.0430668297
185711.03985761415
185439.90172426778
185168.67341989008
184897.3983675103
184626.11868575105
184354.8752145982
184083.7075412222
183812.6540258007
183541.7518272993
183271.03692916688
183000.54416490902
182730.3072435061
182460.35877464467
182190.73029373298
181921.45228667947
181652.55421440708
181384.06453708728
181116.0107380742
180848.41934752278
180581.3159656796
180314.7252858312
180048.6711169023
179783.17640569332
179518.26325875102
179253.9529638651
178990.26601118653
178727.22211396362
178464.84022889275
178203.13857608207
177942.1346586269
177681.84528179685
177422.28657183476
177163.47399436837
176905.422372437
176648.14590413438
176391.65817987095
176135.97219925903
175881.10038762313
175627.0546121401
175373.84619761325
175121.48594188425
174869.98413088784
174619.35055335407
174369.59451516325
174120.72485335858
173872.7499498217
173625.6777446174
173379.51574901148
173134.27105816922
172889.95036353884
172646.55996492598
172404.10578226528
172162.59336709487
171922.02791373874
171682.41427020388
171443.75694879767
171206.06013647013
170969.3277048888
170733.56322025042
170498.76995283525
170264.95088631043
170032.10872678674
169800.24591163557
169569.36461807025
169339.46677149786
169110.55405364704
168882.62791047583
168655.68955986586
168429.7399991078
168204.7800121822
167980.8101768412
167757.83087149655
167535.8422819172
167314.8444077424
167094.83706881406
166875.8199113335
166657.79241384592
166440.7538930587
166224.70350949533
166009.64027299135
165795.56304803467
165582.4705589556
165370.3613949689
165159.23401507328
164949.0867528112
164739.91782089177
164531.72531568236
164324.5072215704
164118.26141519996
163912.98566958564
163708.67765810768
163505.33495839103
163302.95505607117
163101.53534845068
162901.0731480483
162701.5656860441
162503.0101156235
162305.40351522234
162108.74289167623
161913.02518327674
161718.24726273643
161524.40594006554
161331.4979653629
161139.52003152337
160948.4687768634
160758.34078766804
160569.13260066046
160380.8407053973
218029.5819876598
218027.15315660118
218023.70596832538
218019.002501889
218012.79090985996
218004.8095470457
217994.79092296548
217982.46538270867
217967.56445499684
217949.8238333283
217928.98597689834
217904.80233347896
217877.0351975568
217845.45922461821
217809.86262729313
217770.0480817652
217725.8333739528
217677.051814893
217623.55245386343
217565.20011631405
217501.87529186608
217433.47389561738
217359.90692389337
217281.10002347428
217196.99299128485
217107.5392195787
217012.70509982004
216912.46939677163
216806.82260274485
216695.7662805605
216579.31240249897
216457.48269138424
216330.30796893706
216197.8275156377
216060.08844555984
215917.14509894312
215769.05845468145
215615.89556438234
215457.72900920827
215294.63638032955
215126.69978349272
214954.00536793322
214776.64287963047
214594.7052387113
214408.2881406477
214217.48968076834
214022.41000149696
213823.15096164998
213619.81582706375
213412.5089817738
213201.33565893827
212986.40169067227
212767.81327595617
212545.67676577007
212320.09846461748
212091.18444760802
211859.04039228449
211623.77142439803
211385.48197685706
211144.27566109857
210900.25515015644
210653.52207272864
210404.17691757076
210152.31894757444
209898.04612291444
209641.45503267855
209382.64083442092
209121.69720110766
208858.71627495013
208593.7886276486
208327.00322659157
208058.447406585
207788.2068467054
207516.36555189686
207243.00583895124
206968.20832653446
206692.0519289403
206414.61385327252
206135.9695997751
205856.19296504787
205575.35604789987
205293.5292576102
205010.78132438098
204727.17931177895
204442.78863097922
204157.67305663333
203871.89474419891
203585.51424857744
203298.59054391802
203011.181044455
202723.34162625653
202435.12664976955
202146.58898305616
201857.78002562205
201568.74973274802
201279.54664023875
200990.21788951292
200700.80925296227
200411.36515951416
200121.92872033644
199832.5417546304
199543.24481545854
199254.07721556321
198965.07705313014
198676.28123746093
198387.7255145171
198099.44449230444
197811.47166606705
197523.83944326735
197236.57916832517
196949.72114709739
196663.29467107676
196377.32804129535
196091.84859191504
195806.88271349476
195522.45587592042
195238.5926509894
194955.31673464013
194672.6509688204
194390.61736298754
194109.2371152368
193828.5306330532
193548.5175536843
193269.21676413302
192990.64642076727
192712.82396854856
192435.7661598776
192159.48907305955
191884.00813038938
191609.33811586
191335.49319249476
191062.48691930837
190790.33226789837
190519.04163867203
190248.62687671077
189979.09928727814
189710.4696509749
189442.74823854546
189175.94482534146
188910.06870544655
188645.12870546832
188381.13319800163
188118.09011476988
187856.00695944834
187594.89082017622
187334.74838176224
187075.5859375894
186817.40940122484
186560.22431774004
186304.0358747474
186048.84891315812
185794.6679376679
185541.4971269752
185289.3403437379
185038.20114427368
184788.08278801056
184538.98824669092
184290.92021333706
184043.88111098084
183797.87310116473
183552.89809221806
183308.95774731503
183066.0534923175
182824.18652340941
182583.35781452645
182343.56812458654
182104.81800452512
181867.10780414086
181630.43767875482
181394.8075956899
181160.21734057198
180926.66652345972
180694.15458480566
180462.68080125368
180232.2442912757
180002.8440206533
179774.47880780636
179547.1473289743
179320.84812325172
179095.5795974843
178871.34003102605
178648.12758036438
178425.94028361293
178204.77606487894
177984.63273850616
177765.50801319696
177547.3994960175
177330.30469628834
177114.22102936349
176899.14582030132
176685.07630742926
176472.00964580636
176259.94291058497
176048.87310027573
175838.79713991669
175629.7118841508
175421.6141202129
175214.50057083
175008.36789703497
174803.21270089867
174599.03152818084
236118.83968052175
236116.3875098185
236112.9034037465
236108.1443943879
236101.8526503134
236093.75962488193
236083.59005230604
236071.065691932
236055.90875520525
236037.84497700306
236016.6063141601
235991.93326995376
235963.5768549211
235931.30020247446
235894.87986308345
235854.10680392495
235808.78714239717
235758.7426421539
235703.81099971043
235643.84594844683
235578.71720521277
235508.31028287538
235432.52619016825
235351.28103818386
235264.50557086724
235172.14463496153
235074.15660305083
234970.5127616638
234861.19667485138
234746.20353223768
234625.53948925747
234499.22100614512
234367.27419120472
234229.73415297773
234086.6443651144
233938.05604704312
233784.02756290828
233624.62384070607
233459.91581307657
233289.97988080536
233114.89739974157
232934.75419154274
232749.6400784048
232559.64844172928
232364.87580449844
232165.42143698977
231961.38698533963
231752.8761223739
231539.99422004502
231322.84804276325
231101.54546086222
230876.19518341243
230646.90650957587
230413.78909768796
230176.95275124695
229936.50722099986
229692.56202231994
229445.22626708852
229194.6085093082
228940.81660369766
228683.9575765396
228424.13750807702
228161.4614257812
227896.03320783668
227627.95549622006
227357.3296187726
227084.2555196949
226808.8316979195
226531.15515284153
226251.32133691484
225969.42411464633
225685.55572754305
225399.8067645947
225112.26613789285
224823.02106301318
224532.1570438057
224239.7578612616
223945.905566141
223650.68047506732
223354.16116981083
223056.42449950025
222757.54558551853
222457.5978288526
222156.65291968355
221854.7808490152
221552.04992215367
221248.5267738622
220944.27638502663
220639.3621006797
220333.84564923937
220027.78716283143
219721.245198569
219414.27676067702
219106.93732335352
218799.28085426748
218491.3598386043
218183.22530357022
217874.92684327968
217566.51264395044
217258.02950934175
216949.52288637127
216641.0368908547
216332.61433331578
216024.29674481784
215716.12440277342
215408.13635669101
215100.37045382216
214792.86336467543
214485.6506083668
214178.76657777786
213872.24456449857
213566.11678352984
213260.41439772712
212955.1675419668
212650.40534701812
212346.1559631079
212042.44658316395
211739.30346572798
211436.75195752567
211134.8165156898
210833.5207296251
210532.88734251293
210232.9382724485
209933.6946332082
209635.17675464443
209337.4042027053
209040.39579907863
208744.16964045976
208448.74311744317
208154.13293303872
207860.3551208151
207567.4250626699
207275.35750623094
206984.16658189087
206693.86581947713
206404.46816456236
206115.9859944178
205828.43113361395
205541.81486927296
205256.14796597708
204971.440680337
204687.70277522694
204404.9435336886
204123.1717725114
203842.39585549277
203562.62370638395
203283.86282152767
203006.1202821909
202729.40276660028
202453.71656168415
202179.0675745275
201905.46134354436
201632.90304937435
201361.39752550735
201090.94926864293
200821.5624487891
200553.24091910597
200285.98822550007
200019.80761597396
199754.70204973602
199490.67420607747
199227.7264930187
198965.86105573305
198705.07978475126
198445.38432395057
198186.7760783367
197929.25622161967
197672.82570359056
197417.48525730296
197163.23540606396
196910.07647023845
196658.00857387282
196407.03165113958
196157.14545261048
195908.34955135954
195660.64334890124
195414.0260809684
195168.49682313213
194924.0544962694
194680.69787188096
194438.42557726306
194197.236100538
193957.1277955454
193718.09888659872
193480.1474731101
193243.27153408658
193007.46893250154
192772.73741954402
192539.07463874892
192306.47813001223
192074.9453334921
191844.4735934016
191615.0601616927
191386.7022016371
191159.3967913048
190933.14092694386
190707.93152626388
190483.76543162484
190260.63941313562
190038.55017166227
189817.4943417503
255389.15886586468
255386.68390812085
255383.16371171494
255378.35033323374
255371.9800277239
255363.77741173794
255353.45949813453
255340.7394991478
255325.3303280482
255306.947757018
255285.3132102919
255260.15618794766
255231.21632780443
255198.24512144295
255161.00730612967
255119.28195798525
255072.86331361052
255021.56134798666
254965.20213614297
254903.62802510185
254836.6976411899
254764.285756096
254686.2830332015
254602.59567378525
254513.14498079495
254417.86685601439
254316.71124468505
254209.64153997577
254096.63395815148
253977.67689387055
253852.77026375223
253721.92484518583
253585.1616163029
253442.5111020988
253294.01273085616
253139.71420428794
252979.67088416935
252813.9451976643
252642.60606305464
252465.72833715728
252283.39228534172
252095.68307474596
251902.6902910195
251704.50747869065
251501.2317050677
251292.96314741802
251079.804703042
250861.86162174647
250639.24116013863
250412.05225709267
250180.4052296873
249944.4114888768
249704.18327412862
249459.8334062455
249211.47505758062
248959.22153885334
248703.1861017779
248443.4817567272
248180.22110466627
247913.5161826083
247643.47832186578
247370.21801838872
247093.84481450845
246814.46719142556
246532.19247181065
246247.12673190652
245959.3747225508
245669.0397985609
245376.2238559494
245081.02727646337
244783.5488789662
244483.88587720212
244182.13384351198
243878.3866780849
243572.73658335977
243265.27404320537
242956.08780653225
242645.26487500814
242332.89049456688
242019.04815041923
241703.8195652916
241387.28470063425
241069.52176055656
240750.60719826247
240430.61572477152
240109.62031972627
239787.69224409916
239464.9010546219
239141.31461977464
238816.9991371826
238492.01915227418
238166.43757807038
237840.31571597993
237513.71327748313
237186.68840659846
236859.29770303107
236531.59624590978
236203.63761802658
235875.4739304988
235547.15584777883
235218.7326129446
234890.25207320522
234561.76070556554
234233.30364259402
233904.92469824568
233576.66639369284
233248.56998312462
232920.6754794736
232593.02168003758
232265.64619196233
231938.58545755866
231611.87477942414
231285.54834534967
230959.63925298591
230634.179534252
230309.20017946954
229984.73116120466
229660.80145780658
229337.43907662918
229014.67107692544
228692.52359240624
228371.02185345418
228050.1902089877
227730.05214796794
227410.63032054593
227091.94655884482
226774.02189737486
226456.87659308073
226140.53014501758
225825.0013136573
225510.30813982477
225196.46796326403
224883.49744083654
224571.41256435274
224260.22867803994
223949.96049564745
223640.6221171941
223332.22704535892
223024.788201521
222718.31794145043
222412.82807065552
222108.32985938963
221804.83405732282
221502.3509078829
221200.89016226967
220900.46109314787
220601.0725080246
220302.73276231444
220005.44977209865
219709.23102658332
219414.0836002617
219120.01416478556
218827.02900055176
218535.13400800776
218244.33471868353
217954.6363059524
217666.04359552867
217378.5610757059
217092.1929073406
216806.94293358797
216522.81468939368
216239.8114107467
215957.93604369936
215677.19125315786
215397.57943145017
215119.10270667466
214841.76295083427
214565.56178776207
214290.5006008428
214016.58054053225
213743.80253168414
213472.16728068356
213201.6752823951
212932.32682692862
212664.12200622604
212397.06072047606
212131.14268435695
211866.36743311526
211602.73432848207
211340.24256443125
211078.89117278362
210818.67902866105
210559.60485579332
210301.66723168193
210044.8645926241
209789.1952386012
209534.65733803323
209281.248932404
209028.9679407609
208777.81216408967
208527.77928957043
208278.8668947158
208031.07245139495
207784.39332974682
207538.82680198344
207294.37004608926
207051.0201494159
206808.77411217726
206567.62885084643
206327.58120145713
206088.6279228124
275897.4461294983
275894.94892012933
275891.3934373221
275886.52683344105
275880.0795210673
275871.7693461424
275861.3056567797
275848.393160564
275832.7354967237
275814.0384768755
275792.0129697123
275766.37742169324
275736.8600182776
275703.20049926435
275665.15164798626
275622.48047808907
275574.9691438662
275522.41560106014
275464.63404499646
275401.4551521834
275332.72615028045
275258.3107398048
275178.0888892098
275091.95652315393
274999.8251219404
274901.6212483009
274797.2860159653
274686.7745128124
274570.05518986896
274447.1092260048
274317.9298768724
274182.52181546483
274040.9004705965
273893.0913686572
273739.1294831373
273579.0585956642
273412.9306716188
273240.80525281595
273062.7488692125
272878.83447116055
272689.1408833307
272493.752281099
272292.75768989394
272086.25050776405
271874.32805120695
271657.0911241342
271434.6436096933
271207.0920845516
270974.5454551422
270737.11461530253
270494.9121246608
270248.0519070906
269996.64896851056
269740.81913328276
269480.67879845126
269216.3447050539
268947.933725736
268675.56266790413
268399.34809166694
268119.40614181827
267835.85239314067
267548.80170832184
267258.36810779833
266964.6646508622
266667.80332739174
266367.8949595872
266065.04911312123
265759.3740171351
265450.9764925374
265139.96188808605
264826.4340237595
264510.49514094525
264192.2458589969
263871.7851377345
263549.21024548647
263224.616732285
262898.09840786
262569.7473240822
262239.6537615381
261907.9062199252
261574.59141198537
261239.79426070128
260903.59789950133
260566.08367523475
260227.33115368773
259887.41812743118
259546.42062580065
259204.41292682057
258861.46757089914
258517.65537613013
258173.0454550469
257827.705232688
257481.70046583744
257135.09526331787
256787.95210721722
256440.33187494279
256092.29386199982
255743.89580540112
255395.19390762085
255046.24286101048
254697.09587260202
254347.80468922848
253998.41962289717
253648.98957635617
253299.56206879814
252950.18326165157
252600.897984412
252251.74976046968
251902.78083289549
251554.0321901471
251205.5435916637
250857.35359331817
250509.49957269928
250162.01775419893
249814.94323388164
249468.31000411612
249122.15097795016
248776.49801321197
248431.381936324
248086.83256581554
247742.87873552326
247399.5483174684
247056.8682444022
246714.86453201392
246373.56230079147
246032.98579753246
245693.15841649947
245354.10272021717
245015.8404599079
244678.39259556367
244341.7793156552
244006.02005647466
243671.13352111488
243337.137698084
243004.04987955777
242671.88667926998
242340.66405004478
242010.39730097112
241681.10111422435
241352.78956153634
241025.47612031837
240699.17368944004
240373.8946046689
240049.6506537728
239726.4530912925
239404.3126529852
239083.23956994675
238763.2435824148
238444.3339532595
238126.5194811654
237809.8085135095
237494.20895894186
237179.72829967126
236866.37360346396
236554.1515353577
236243.06836909865
235933.12999830453
235624.34194736023
235316.70938204968
235010.23711993117
234704.9296404585
234400.79109485497
234097.82531574546
233796.035826549
233495.42585063935
233195.99832027822
232897.75588532345
232600.70092172004
232304.83553977744
232010.1615922366
231716.68068213345
231424.39417046163
231133.30318363977
230843.40862078793
230554.7111608161
230267.21126933084
229980.909205363
229695.80502792096
229411.89860237346
229129.189606666
228847.67753737472
228567.361715601
228288.2412927119
228010.3152559284
227733.5824337666
227458.0415013335
227183.69098548387
226910.5292698379
226638.55459966545
226367.7650866405
226098.158713466
225829.73333837604
225562.4866995153
225296.41641920092
225031.52000806807
224767.79486910356
224505.23830156907
224243.84750481707
223983.61958200307
223724.55154369507
223466.64031138443
297702.40714750584
297699.8882053229
297696.29821717826
297691.37950217846
297684.8567019214
297676.4409592718
297665.8340165879
297652.7321227841
297636.82967185654
297617.82252281014
297595.41097276733
297569.30237204605
297539.2133828642
297504.8718927577
297466.01860040834
297422.4082959516
297373.81086044165
297320.0120104137
297260.81381372316
297196.0350023522
297125.5111068454
297049.0944356684
296966.6539211869
296878.07485224947
296783.25851159927
296682.1217346032
296574.59640408005
296460.6288944087
296340.1794765713
296213.2216943782
296079.74172082165
295939.7377023166
295793.2190975112
295640.2060163768
295480.728564414
295314.8261960389
295142.5470805162
294963.9474832033
294779.09116432647
294588.0487970423
294390.897406129
294187.7198282942
293978.6041947783
293763.64343667176
293542.93481313443
293316.5794625193
293084.6819762363
292847.3499950633
292604.69382749614
292356.8260896396
292103.86136607174
291845.91589105275
291583.1072494083
291315.55409638357
291043.37589574436
290766.6926753845
290485.6247996968
290200.29275795876
289910.8169679961
289617.3175943893
289319.91438050603
289018.7264936567
288713.87238268415
288405.4696473267
288093.6349187057
287778.4837503158
287460.13051891915
287138.6883347653
286814.26896058425
286486.9827388221
286156.9385266133
285824.2436380052
285489.0037929753
285151.32307279983
284811.3038813603
284469.0469119884
284124.65111947496
283778.2136968882
283429.8300568615
283079.5938170353
282727.59678934823
282373.9289728972
282018.6785500947
281661.931885874
281303.77352970024
280944.2862201673
280583.5508919678
280221.64668503864
279858.65095569566
279494.63928958593
279129.6855162885
278763.861725418
278397.2382840806
278029.88385555387
277661.8654190601
277293.248290521
276924.096144181
276554.47103499743
276184.43342170457
275814.0421904624
275443.35467900557
275072.4267012199
274701.31257207226
274330.06513282977
273958.73577650724
273587.3744734856
273216.02979724895
272844.74895019503
272473.5777894695
272102.5608527892
271731.74138421164
271361.1613598197
270990.8615132888
270620.8813613069
270251.259228824
269882.0322741032
269513.23651355563
269144.9068463358
268777.07707868447
268409.77994799777
268043.047146614
267676.9093453005
267311.3962164335
266946.5364568583
266582.35781042324
266218.8870901801
265856.150200243
265494.1721573017
265132.97711178684
264772.58836867963
264413.028407968
264054.3189047433
263696.48074894014
263339.534064715
262983.4982294671
262628.39189250034
262274.2329933277
261921.0387796188
261568.82582479462
261217.61004527
260867.4067173466
260518.23049375997
260170.09541988367
259823.01494959398
259477.00196079834
259132.06877063247
258788.22715032884
258445.48833976252
258103.8630616768
257763.36153559468
257423.99349141974
257085.76818273193
256748.69439978237
256412.7804821919
256078.03433135917
255744.46342258214
255412.0748168985
255080.87517264948
254750.87075677273
254422.06745582874
254094.47078676522
253768.08590742596
253442.91762680726
253118.97041506792
252796.24841329746
252474.75544304747
252154.4950156298
251835.47034118907
251517.6843375501
251201.13963884886
250885.8386039496
250571.78332465177
250258.97563369374
249947.41711255597
249637.10909906786
249328.05269482377
249020.24877241108
248713.69798245592
248408.4007604893
248104.35733363833
247801.5677271464
247500.03177072672
247199.74910475142
246900.71918628243
246602.9412949457
246306.41453865287
246011.1378591756
245717.11003757286
245424.32969947794
245132.79532024643
244842.50522996884
244553.4576183517
244265.6505394696
243979.08191639182
243693.749545686
243409.65110180233
243126.78414134064
242845.14610720414
242564.73433264106
242285.5460451789
242007.57837045175
320864.57468324195
320862.0345110196
320858.41077638924
320853.4410357615
320846.8442315131
320838.32487210096
320827.57715525135
320814.28892040066
320798.1453494655
320778.832362255
320756.039674827
320729.4635063603
320698.80893334525
320663.79189970397
320624.1408984594
320579.59834532766
320529.9216675645
320474.884132982
320414.2754445688
320347.9021259022
320275.58772171446
320197.17283677956
320112.5150348249
320021.4886175743
319923.9843023524
319819.90881500737
319709.1844132541
319591.7483539691
319467.55231645715
319336.5617923216
319198.75545126107
319054.12449093
318902.671977911
318744.41218585905
318579.36993599625
318407.57994433376
318229.086179291
318043.94123275403
317852.20570705255
317653.94761985255
317449.2418285231
317238.16947517113
317020.8174532017
316797.2778959903
316567.6476880074
316332.0279985253
316090.52383787156
315843.2436360361
315590.2988433224
315331.8035526271
315067.8741428537
314798.6289428922
314524.1879155541
314244.6723608015
313960.20463758765
313670.9079036023
313376.90587220364
313078.32258581277
312775.28220504854
312467.908812882
312156.3262331027
311840.65786239796
311521.0265153625
311197.5542817736
310870.3623954841
310539.5711143069
310205.2996102847
309867.66586976225
309526.786602697
309182.77716067224
308835.7514630918
308485.8219310643
308133.099428504
307777.6932099969
307419.7108750018
307059.2583279797
306696.4397440601
306331.3575398787
305964.11234923283
305594.80300322606
305223.52651458647
304850.3780658621
304475.45100121276
304098.8368215336
303720.62518265995
303340.9038964175
302959.7589342975
302577.27443354385
302193.5327054612
301808.61424575327
301422.59774672193
301035.5601111613
300647.5764677957
300258.72018811735
299869.06290448894
299478.6745293863
299087.62327566225
298695.9756777244
298303.79661351995
297911.14932723617
297518.09545262385
297124.69503686257
296731.006564889
296337.086984117
295942.9917294831
295548.7747487522
295154.4885280314
294760.18411743216
294365.91115683725
293971.71790172294
293577.6512489962
293183.7567628081
292790.07870030723
292396.66003730096
292003.5424937938
291610.7665593776
291218.3715184452
290826.39547520806
290434.8753784946
290043.84704631404
289653.34519016335
289263.40343906893
288874.05436334334
288485.3294980501
288097.25936616166
287709.8735014039
287323.2004707785
286937.2678967562
286552.1024791331
286167.730016548
285784.1754276551
285401.462771948
285019.6152702338
284638.65532475524
284258.6045389592
283879.4837369117
283501.3129823575
283124.1115974294
282747.89818100113
282372.6906266931
281998.50614052615
281625.36125822976
281253.27186220535
280882.2531981481
280512.31989132956
280143.48596254596
279775.7648437334
279409.16939325654
279043.7119108717
278679.4041523709
278316.2573439091
277954.282196022
277593.48891733243
277233.8872279597
276875.4863726258
276518.2951334715
276162.3218425829
275807.5743942328
275454.0602568452
275101.78648468305
274750.75972926815
274400.9862505354
274052.4719277278
273705.2222700352
273359.242426984
273014.5371985801
272671.1110452114
272328.96809731453
271988.1121648093
271648.5467463067
271310.2750380947
270973.2999429059
270637.62407847226
270303.24978586996
269970.17913766205
269638.413945838
269307.95576955995
268978.80592271587
268650.96548128524
268324.4352905216
267999.2159719565
267675.30793022545
267352.71135972603
267031.42625110486
266711.452397582
266392.7894011161
266075.4366784105
265759.39346676925
265444.6588298001
265131.2316629753
264819.11069904605
264508.2945133203
264198.7815288021
263890.5700212001
263583.6581238047
263278.04383223865
262973.7250090842
262670.6993883898
262368.96458005754
262068.51807411577
261769.357244881
345446.3365843309
345443.7756693605
345440.11892553244
345435.0992166402
345428.42985774786
345419.8087925263
345408.9227370864
345395.4511735144
345379.07010882173
345359.455542155
345336.2866051858
345309.2483581135
345278.0342372532
345242.3481603546
345201.90630317834
345156.43856597156
345105.68975178775
345049.4204804901
344987.4078630711
344919.4459609177
344845.34605403093
344764.9367411839
344678.0638936826
344584.59048291115
344484.3963002549
344377.3775863926
344263.446585347
344142.53103714215
344014.57362144126
343879.5313631472
343737.37500966026
343588.08838828915
343431.6677512204
343268.1211144529
343097.4675962038
342919.7367594819
342734.9679627933
342543.20972230023
342344.5190881758
342138.9610373899
341926.6078847093
341707.5387133097
341481.8388260457
341249.59921813494
341010.9160717484
340765.89027278137
340514.62694989034
340257.23503571656
339993.8268500859
339724.51770485856
339449.4255300095
339168.6705204443
338882.3748029924
338590.6621229748
338293.6575497012
337991.4872002311
337684.2779807092
337372.1573445779
337055.25306696445
336733.69303453853
336407.6050501449
336077.11665151914
335742.3549434134
335403.4464424637
335060.51693415904
334713.6913412767
334363.09360317903
334008.8465653811
333651.07187881944
333289.8899082763
332925.41964943265
332557.7786540444
332187.0829627616
331813.44704512565
331436.98374630464
331057.80424014694
330676.01798815164
330291.7327039738
329905.05432310345
329516.0869773754
329124.93297397986
328731.6927786683
328336.465002861
327939.34639437654
327540.4318315267
327139.81432032346
326737.58499456936
326333.8331186078
325928.6460925291
325522.1094596322
325114.30691596336
324705.3203217544
324295.22971460037
323884.1133242241
323472.04758868075
323059.10717187426
322645.36498225277
322230.8921925697
321815.75826059806
321400.03095069586
320983.7763561241
320567.05892202863
320149.94146900263
319732.4852171487
319314.7498105692
318896.7933422182
318478.67237904726
318060.4419873922
317642.15575854253
317223.86583444255
316805.62293348176
316387.47637632623
315969.4741117546
315551.66274245986
315134.0875507853
314716.79252436076
314299.8203816135
313883.2125971253
313467.00942681363
313051.24993291375
312635.972008744
312221.2124032344
311807.00674520276
311393.38956736634
310980.3943300721
310568.0534447367
310156.39829698566
309745.4592694824
309335.2657644381
308925.8462257982
308517.22816109797
308109.43816298107
307702.5019303817
307296.44428936066
306891.28921359876
306487.0598445419
306083.77851119905
305681.4667495903
305280.1453218466
304879.8342349627
304480.5527592003
304082.31944614556
303685.152146425
303289.0680270747
302894.08358857315
302500.21468153497
302107.4765230709
301715.88371281605
301325.45024863153
300936.1895419803
300548.11443298374
300161.2372051607
299775.5695998556
299391.12283035513
299007.90759570466
298625.9340942219
298245.21203671617
297865.7506594177
297487.5587366191
297110.64459303615
296735.01611589134
296360.6807667247
295987.64559293713
295615.9172390702
295245.5019578282
294876.4056208459
294508.6337292075
294142.1914237202
293777.08349494974
293413.3143930182
293050.88823717344
292689.80882513046
292330.0796421922
291971.7038701523
291614.684395985
291259.0238203268
290904.7244657538
290551.78838485834
290200.2173681301
289850.01295164565
289501.17642457027
289153.7088364754
288807.61100447725
288462.8835202742
288119.526756636
287777.5408744781
287436.92582894186
287097.6813760674
286759.8070784827
286423.3023116888
286088.1662698199
285754.39797133266
285421.9962645489
285090.9598330617
284761.28720100113
284432.9767381684
284106.02666503756
283780.43505763006
283456.1998522642
283133.3188501827
282811.78972206113
371511.96377967147
371509.38259429747
371505.6935576355
371500.624910385
371493.88441223267
371485.1635124667
371474.1415102752
371460.489585191
371443.87461021607
371423.962687152
371400.42236578785
371372.92752630427
371341.1599180813
371304.81135859643
371263.58560383966
371217.1999071265
371165.3862868321
371107.8925257568
371044.4829259132
370974.9388427434
370899.0590223757
370816.6597646679
370727.57493361545
370631.65583533444
370528.77098233846
370418.80576129566
370301.66201991
370177.25758706906
370045.5257389517
369906.41462241905
369759.8866457289
369605.9178454194
369444.49723711214
369275.62615697656
369099.31759969046
368915.5955578978
368724.49436742987
368526.0580618854
368320.3397395727
368107.4009452929
367887.31106897315
367660.14676275285
367425.99137776095
367184.93442151364
366937.07103658584
366682.50150097016
366421.3307503424
366153.66792226845
365879.6259222493
365599.3210113667
365312.872415197
365020.4019535675
364722.03369066276
364417.8936049309
364108.10927819746
363792.8096033561
363472.12450998643
363146.18470722844
362815.1214432357
362479.0662805209
362138.1508865172
361792.50683867047
361442.265443401
361087.55756827
360728.5134867125
360365.26273470424
359997.93397875427
359626.6548946282
359251.55205623
358872.75083408796
358490.37530291075
358104.5481577029
357715.39063794387
357323.0224593617
356927.5617528487
356529.1250100862
356127.8270354697
355723.7809039374
355317.0979243318
354907.8876079364
354496.25764185056
354082.3138668803
353666.16025964194
353247.89891858835
352827.6300536857
352405.4519794813
351981.46111131896
351555.75196446787
351128.4171559513
350699.5474088655
350269.2315589953
349837.5565635459
349404.60751181433
348970.46763764304
348535.2183335005
348098.93916604493
347661.7078930399
347223.60048149194
346784.69112689374
346345.052273463
345904.75463526906
345463.86721815536
345022.4573423624
344580.59066576883
344138.33120767015
343695.7413730217
343252.8819770763
342809.8122703529
342366.58996387676
341923.27125463437
341479.91085119225
341036.5619994334
340593.2765083635
340150.1047759503
339707.0958149542
339264.29727871745
338821.7554868808
338379.5154509944
337937.62089999963
337496.11430555437
337055.0369071812
336614.4287372152
336174.32864553493
335734.7743240585
335295.80233098846
334857.4481147938
334419.7460379146
333982.7294001791
333546.43046192284
333110.88046680286
332676.10966429586
332242.14733187924
331809.0217968828
331376.7604580123
330945.38980653737
330514.93544714205
330085.4221184347
329656.873713117
329229.31329780904
328802.76313253114
328377.24468984164
327952.7786736318
327529.3850375776
327107.08300325077
326685.89107788954
326265.82707183214
325846.9081156143
325429.1506767346
325012.57057608827
324597.1830040754
324183.002536384
323770.0431494531
323358.31823561905
322947.8406179482
322538.6225647612
322130.67580385064
321724.0115363991
321318.640450599
320914.57273498125
320511.8180914533
320110.3857480554
319710.2844714369
319311.5225790569
318914.1079511142
318518.0480422128
318123.3498927646
317730.02014013554
317338.0650295395
316947.4904246844
316558.3018181744
316170.5043416748
315784.10277584003
315399.1015600142
315015.50480170455
314633.3162858346
314252.5394837797
313873.1775621906
313495.2333916088
313118.7095548768
312743.60835534974
312369.9318249105
311997.6817317925
311626.85958821594
311257.4666578389
310889.5039630286
310522.9722919577
310157.87220552634
309794.2040441173
309431.9679341839
309071.1637946794
308711.7913433249
308353.850102726
307997.3394063366
307642.25840427476
307288.6060689958
306936.38120082224
306585.5824333369
306236.2082386411
305888.2569324807
305541.7266792426
305196.61549682706
399127.6382764387
399125.03727857885
399121.3166451511
399116.20006266487
399109.3898072831
399100.5709049393
399089.41530406376
399075.5859388539
399058.740592632
399038.5354976423
399014.628629783
398986.68267463456
398954.3676552257
398917.3632227902
398875.3606198256
398828.06433056475
398775.19343791663
398716.4827084279
398651.6834281528
398580.5640127825
398502.91041518387
398418.5263528153
398327.2333764629
398228.8708004902
398123.2955134093
398010.3816861163
397890.0203936586
397762.1191649403
397626.60147335683
397483.40617999947
397332.48693979916
397173.81157979136
397007.36145758233
396833.1308070902
396651.12607770856
396461.3652722042
396263.87728790444
396058.70126504434
395845.88594554213
395625.48904491885
395397.57663960307
395162.22257142904
394919.50787076366
394669.5201993661
394412.3533137964
394148.1065499378
393876.8843289791
393598.7956850221
393313.9538143085
393022.4756459383
392724.4814338241
392420.09436953795
392109.44021562487
391792.646958893
391469.84448313835
391141.1642607202
390806.73906237545
390466.702684633
390121.1896941789
389770.3351885078
389414.2745722021
389053.1433481706
388687.0769231908
388316.2104271045
387940.6785450284
387560.61536195135
387176.1542191113
386787.4275815536
386394.5669162964
385997.70258054277
385596.963719402
385192.4781725986
384784.3723896683
384372.77135316184
383957.7985093944
383539.5757062983
383118.22313795885
382693.8592954275
382266.6009234285
381836.56298259174
381403.85861686297
380968.59912575694
380530.8939411408
380090.85060824506
379648.5747706188
379204.17015875847
378757.7385821564
378309.3799245256
377859.19214197167
377407.2712638981
376953.711396438
376498.6047282202
376042.0415382891
375584.1102060058
375124.8972227678
374664.48720539943
374202.9629110637
373740.4052535669
373276.8933209269
372812.5043940853
372347.31396665616
371881.3957656018
371414.8217727419
370947.66224700294
370479.98574732075
370011.85915611964
369543.3477032885
369074.5149905886
368605.42301642476
368136.1322009207
367666.7014112415
367197.1879871099
366727.64776647015
366258.1351112507
365788.70293318515
365319.4027196546
364850.28455951106
364381.39716885315
363912.7879167208
363444.50285068084
362976.58672227984
362509.0830123374
362042.0339560608
361575.48056796
361109.462666544
360644.0188987858
360179.1867643362
359715.00263947697
359251.5018008004
358788.7184486039
358326.68572998996
357865.4357616655
357404.9996524299
356945.40752534795
356486.6885396011
356028.8709120134
355571.9819382462
355116.04801366193
354661.09465385124
354207.1465148239
353754.22741286113
353302.36034402973
352851.56750335684
352401.87030366616
351953.28939407686
351505.84467816504
351059.55533179105
350614.4398205922
350170.51591714565
349727.80071780167
349286.310659191
348846.0615344088
348407.0685088793
347969.3461359022
347532.9083718875
347097.76859127905
346663.9396011724
346231.43365563126
345800.2624697055
345370.4372331534
344941.9686238768
344514.866821068
344089.14151807624
343664.80193499627
343241.856830985
342820.31451630854
342400.182864126
341981.4693220124
341564.1809232276
341148.3242977334
340733.9056829637
340320.93093435443
339909.405535633
339499.33460887667
339090.7229243403
338683.57491006044
338277.8946612377
337873.68594940397
337470.9522313766
337069.69665800524
336669.92208271474
336271.6310698478
335874.8259028125
335479.5085920373
335085.68088273925
334693.3442625065
334302.4999687022
333913.14899569115
333525.2921018938
333138.9298166711
332754.0624470439
332370.6900842502
331988.8126101441
331608.4297034394
331229.5408458021
330852.145327793
330476.24225466733
330101.83055202983
329728.9089713532
329357.4760953597
328987.5303432696
428361.48115709313
428358.860790742
428355.10923693806
428349.9456962285
428343.06703292753
428334.1519211229
428322.8650259343
428308.86109563074
428291.78887134773
428271.2947477292
428247.02613994025
428218.6345305023
428185.77818368754
428148.1245263141
428105.35220214655
428057.15281321364
428003.23236561747
427943.3124401781
427877.1311098664
427804.4436266619
427725.0229004886
427638.6597923628
427545.16324302054
427444.3602571589
427336.09576214507
427220.2323586602
427096.64997933595
426965.24547002505
426825.93210696924
426678.639061803
426523.31082507205
426359.90659776796
426188.39965927997
426008.77671915555
425821.0372591246
425625.1928710038
425421.2665953176
425209.29226478783
424989.31385621167
424761.38485369174
424525.5676256852
424281.9328178913
424030.5587636094
423771.5309128506
423504.94128118566
423230.8879190456
422949.47440195887
422660.8093420136
422365.00592065725
422062.18144279986
421752.45691206335
421435.9566269105
421112.80779730127
420783.1401814506
420447.0857421991
420104.7783224649
419756.3533392037
419401.94749527687
419041.69850860606
418675.744857981
418304.2255448748
417927.2798706252
417545.04722833127
417157.6669088316
416765.2779201287
416368.01881963876
415966.0275586611
415559.4413384689
415148.3964774465
414733.02828870923
414313.4709676637
413889.85748898046
413462.3195124755
413030.987297407
412595.9896247233
412157.45372680784
411715.5052242902
411270.2680695103
410821.8644962397
410370.4149752824
409916.0381755969
409458.8509305924
408998.9682092766
408536.5030919419
408071.56675009464
407604.2684303485
407134.7154420123
406663.01314812526
406189.2649596947
405713.5723329142
405236.034769145
404756.74981746124
404275.8130795636
403793.3182168846
403309.35695971217
402824.019118172
402337.3925949174
401849.5633993822
401360.61566346453
400870.63165851287
400379.6918134983
399887.874734257
399395.25722370355
398901.914302912
398407.91923297563
397913.34353755653
397418.25702604675
396922.7278172636
396426.82236360776
395930.60547562013
395434.1403468754
394937.4885791519
394440.7102078295
393943.86372745945
393447.00611746643
392950.1928679335
392453.47800543474
391956.9141188764
391460.55238531204
390964.44259570265
390468.6331805879
389973.17123564746
389478.10254712316
388983.4716170803
388489.3216884908
387995.6947701131
387502.6316611574
387010.1719757178
386518.3541669559
386027.2155510279
385536.7923307373
385047.11961890775
384558.2314614664
384070.16086022643
383582.93979536585
383096.59924759367
382611.1692199996
382126.6787595815
381643.1559784496
381160.6280747002
380679.12135296053
380198.66124460095
379719.2723276143
379240.97834616073
378763.8022297781
378287.76611225924
377812.8913501964
377339.1985411914
376866.7075417379
376395.4374847729
375925.40679690137
375456.6332152972
374989.13380428124
374522.9249715801
374058.0224842687
373594.4414843997
373132.1965043231
372671.3014816989
372211.76977420726
371753.6141739601
371296.846921616
370841.47972020553
370387.5237486675
369934.9896751031
369483.8876697504
369034.22741768317
368586.0181312405
368139.26856218785
367693.9870136174
367250.18135158956
366807.8590165206
366367.02703432104
365927.69202728913
365489.86022476247
365053.5374735343
364618.72924803593
364185.44066029176
363753.6764696506
363323.4410922964
362894.738610543
362467.5727819187
362041.94704804185
361617.86454329337
361195.3281032903
360774.34027316235
360354.9033156379
359937.0192189421
359520.6897045096
359105.9162345186
358692.7000192468
358281.04202425503
357870.94297740137
357462.4033756893
357055.4234919526
356650.0033813833
356246.14288790093
355843.8416503723
355443.0991086807
355043.9145096489
354646.28691282106
354250.21519610286
459283.5805763861
459280.9412721026
459277.15945523675
459271.94990787806
459265.0041538985
459255.9945873997
459244.57865874295
459230.40299164667
459213.1073354622
459192.3282830698
459167.7027069189
459138.8708838124
459105.47929354326
459067.183087825
459023.6482346215
458974.55334938614
458919.5912292685
458858.47010939923
458790.9146622244
458716.66676178033
458635.48603500595
458547.1502218623
458451.4553652971
458348.2158510962
458237.2643164785
458118.4514449941
457991.6456639371
457856.7327591268
457713.61542056396
457562.2127311762
457402.4596096251
457234.3062169771
457057.71733594924
456872.6717304259
456679.161492006
456477.1913794844
456266.7781563948
456047.949931032
455820.7455027291
455585.2137175998
455341.4128364379
455089.40991700575
454829.28021254245
454561.1065879575
454284.97895485983
454000.993726295
453709.25329181406
453409.8655132937
453102.94324173406
452788.60385510826
452466.96881719975
452138.16325724707
451802.31557011977
451459.55703666486
451110.02146379935
450753.84484386555
450391.1650327224
450022.1214460145
449646.8547730294
449265.5067075381
448878.21969500073
448485.1366955108
448086.4009618488
447682.15583202045
447272.54453565617
446857.7100136568
446437.79475048475
446012.9406185038
445583.2887337952
445148.9793228825
444710.1515998193
444266.9436531137
443819.49234196957
443367.93320135726
442912.40035543265
442453.02643884724
441989.9425255084
441523.27806436847
441053.16082183557
440579.7168304212
440103.0703432537
439623.34379410266
439140.6577625791
438655.13094418996
438166.88012493873
437676.0201601851
437182.6639574836
436686.9224631408
436188.9046522399
435688.71752189856
435186.4660875347
434682.2533819264
434176.1804568693
433668.3463872372
433158.84827726916
432647.7812689115
432135.2385520569
431621.31137652736
431106.0890656594
430589.6590313578
430072.106790491
429553.5159825083
429033.96838816896
428513.5439492764
427992.3207893193
427470.3752349264
426947.7818380491
426424.6133987884
425900.94098879263
425376.83397515025
424852.3600447164
424327.58522880444
423802.573928189
423277.3889383643
422752.0914750062
422226.7411995913
421701.39624513016
421176.11324197205
420650.947343644
420125.9522526895
419601.1802464734
419076.682202923
418552.507626179
418028.7046721284
417505.32017379696
416982.3996665804
416459.9874132928
415938.1264290157
415416.8585057296
414896.22423671576
414376.26304071053
413857.01318580407
413338.5118130704
412820.79495991784
412303.8975831544
411787.85358175624
411272.6958193366
410758.456146305
410245.1654217157
409732.85353479796
409221.54942616605
408711.2811087057
408202.0756881356
407693.95938324
407186.9575457736
406681.09468003653
406176.3944621209
405672.87975882646
405170.57264624856
404669.49442803796
404169.6656533354
403671.1061343791
403173.8349637923
402677.87053154764
402183.2305416149
401689.9320282928
401197.99137222813
400707.4243161247
400218.24598014646
399730.47087701753
399244.11292682146
398759.18547150586
398275.7012890938
397793.6726076063
397313.1111187007
396834.0279910279
396356.43388331274
395880.33895716147
395405.7528896006
394932.6848853507
394461.14368884085
393991.13759596506
393522.67446558794
393055.76173080143
392590.4064099378
392126.61511734384
391664.3940739178
391203.74911741726
390744.6857125367
390287.20896076487
389831.32361002086
389377.0340640762
388924.34439176583
388473.2583359907
388023.7793225192
387575.9104685873
387129.654591305
386685.0142158697
386241.99158359267
385800.5886597405
385360.80714119744
384922.6484639489
384486.1138103941
384051.20411648625
383617.92007870896
383186.26216088823
382756.2306008451
382327.825416893
381901.0464141813
381475.8931908895
381052.36514427455
491966.01975837065
491963.3619337493
491959.5504926507
491954.2958654457
491947.2843066232
491938.182002387
491926.63925783575
491912.2946352815
491894.7789453592
491873.7190186355
491848.74120741925
491819.4745856263
491785.55382921366
491746.62177126587
491702.3316347526
491652.34895264794
491596.3531899455
491534.0390854122
491465.11773303733
491389.3174242751
491306.3842725945
491216.08264168364
491118.1953980861
491012.5240081747
490898.88849828386
490777.12729561946
490647.09696628404
490508.6718654447
490361.74371337786
490206.2211098561
490042.02899811964
489869.1080885263
489687.4142508811
489496.9178834381
489297.60326562583
489089.467900689
488872.52185364655
488646.78708925296
488412.296813996
488169.09482557594
487917.23487279017
487656.780028267
487387.8020760772
487110.38091587543
486824.6039848911
486530.56569879915
486228.3669122398
485918.1143995369
485599.9203559634
485273.90191973787
484940.18071478396
484598.8824141648
484250.1363239929
483894.07498752954
483530.83380910783
483160.5506974562
482783.36572794395
482399.4208232305
482008.85945177067
481611.82634359924
481208.46722280607
480798.9285560966
480383.35731682956
479961.90076391905
479534.706234995
479101.92095321044
478663.69184710435
478220.16538292903
477771.4874088689
477317.80301058415
476859.2563775351
476395.9906795523
475928.1479531367
475455.86899698846
474979.29327628517
474498.5588352395
474013.8022174917
473525.1583939047
473032.76069734816
472536.740764077
472037.228481321
471534.3519407282
471028.2373973078
470519.0092335497
470006.78992839705
469491.700030776
468973.8581373947
468453.3808745377
467930.38288359845
467404.9768101021
466877.27329598676
466347.3809749192
465815.40647043736
465281.454396719
464745.62736178807
464208.02597298165
463668.7488445068
463127.8926069312
462585.5519184529
462041.8194778105
461496.786038699
460950.5404255634
460403.1695506534
459854.7584322247
459305.3902137838
458755.14618427516
458204.10579911864
457652.3467020091
457099.94474739634
456546.97402356786
455993.50687626295
455439.6139327488
454885.3641262979
454330.82472100423
453776.06133688637
453221.13797522336
452666.1170440742
452111.05938394205
451556.0242935316
451001.0695555702
450446.25146265136
449891.6248430674
449337.24308660266
448783.1581702562
448229.4206838685
447676.0798556274
447123.18357743137
446570.7784300893
446018.9097083356
445467.62144564796
444916.9564388465
444366.9562724654
443817.66134287836
443269.1108821708
442721.3429817456
442174.39461565344
441628.3016636406
441083.0989339027
440538.8201855443
439995.4981507324
439453.16455654247
438911.8501464905
438371.5847017521
437832.3970620582
437294.3151462735
436757.365972649
436221.5756787518
435686.9695410707
435153.5719942944
434621.4066502679
434090.4963166225
433560.8630150816
433032.527999448
432505.51177326625
431979.83410716977
431455.5140559088
430932.569975065
430411.0195374549
429890.8797492227
429372.1669656283
428854.8969065314
428339.0846715754
427824.7447550759
427311.89106061443
426800.53691534465
426290.6950840104
425782.3777826829
425275.59669221914
424770.3629714467
424266.6872700757
423764.5797413461
423264.05005441204
422765.10740646627
422267.7605346114
421772.01772747934
421277.8868366055
420785.3752875587
420294.49009083473
419805.2378525135
419317.6247846874
418831.65671566245
418347.33909993706
417864.67702796316
417383.67523569165
416904.338113909
416426.6697173648
415950.6737736998
415476.3536921717
415003.7125721872
414532.7532116433
414063.47811507946
413595.8895016465
413129.9893128943
412665.7792203832
412203.26063312124
411742.4347048324
411283.3023410572
410825.86420609034
410370.12072975916
409916.0721140448
409463.7183395495
526482.9049934178
526480.2290535427
526476.388609131
526471.0898047714
526464.0136962101
526454.8203339595
526443.1529481441
526428.6421043893
526410.9097301211
526389.5729363911
526364.2475822225
526334.5515466648
526300.1076885388
526260.5464856371
526215.5083543126
526164.645657344
526107.6244130516
526044.1257222295
525973.8469317948
525896.5025554325
525811.8249721123
525719.5649233757
525619.4918298682
525511.3939468384
525395.0783773675
525270.3709609619
525137.1160539435
524995.1762168193
524844.4318225562
524684.7805984571
524516.1371131402
524338.432218977
524151.61245927645
523955.6394484865
523750.48923275084
523536.1516372897
523312.629606276
523079.93854015844
522838.1056347116
522587.1692255037
522327.17814092437
522058.1910664375
521780.2759222814
521493.5092564566
521197.9756544956
520893.7671672011
520580.98275727197
520259.7277655015
519930.11339701875
519592.25622787036
519246.27773207705
518892.303829169
518530.46445208543
518160.8931352235
517783.72662234254
517399.10449395503
517007.1688137819
516608.0637937986
516201.9354773632
515788.93143988913
515369.20050649816
514942.89248607977
514510.15792116616
514071.14785303146
513626.0136014171
513174.90655829484
512717.97799507214
512255.37888266495
511787.25972386205
511313.7703974214
510835.06001335307
510351.27677885036
509862.56787435454
509369.07933924603
508870.9559666773
508368.3412070736
507861.377079849
507350.2040928999
506834.9611694518
506315.7855818595
505792.81289196736
505266.17689766246
504736.0095852611
504202.44108738913
503665.59964603174
503125.61158044066
502582.60125960404
502036.6910789948
501488.0014413307
500936.650741091
500382.7553525429
499826.42962105124
499267.78585744975
498706.9343352656
498143.98329060205
497579.0389244898
497012.2054075313
496443.5848866705
495873.27749392844
495301.3813569572
494727.9926112664
494153.2054139939
493577.1119590896
492999.80249379587
492421.365336313
491841.8868945418
491261.4516858045
490680.1423574521
490098.0397082686
489515.2227105873
488931.76853304676
488347.752563908
487763.24843486806
487178.3280453037
486593.0615868876
486007.5175685177
485421.76284151
484835.86262500443
484249.8805315375
483663.87859274127
483077.91728512535
482492.05555590894
481906.35084886453
481320.85913014546
480735.6349140634
480150.7312887925
479566.19994197105
478982.0911861812
478398.4539842819
477815.3359745767
477232.78349579807
476650.8416118922
476069.5541365884
475488.9636577389
474909.11156141735
474330.03805576474
473751.78219457227
473174.38190059055
472597.8739885607
472022.2941879546
471447.677165425
470874.0565469525
470301.46493968973
469729.9339534976
469159.49422216805
468590.1754243335
468022.0063040591
467455.0146911158
466889.22752093495
466324.67085424083
465761.369896364
465199.3490162332
464638.63176504796
464079.240894631
463521.1983754636
462964.5254144035
462409.2424720892
461855.3692800301
461302.9248573867
460751.9275274428
460202.394933772
459654.34405610035
459107.7912258714
458562.752141512
458019.2418834062
457477.2749285783
456936.8651650896
456398.0259061509
455860.7699039564
455325.1093632415
454791.0559545674
454258.620827338
453727.8146225532
453198.6474852986
452671.12907698157
452145.2685873122
451621.07474603556
451098.55583442084
450577.71969650564
450058.5737501071
449541.12499759695
449025.38003644877
448511.34506955824
447999.02591534524
447488.42801763344
446979.5564553209
446472.41595183726
445967.01088439743
445463.3452930502
444961.4228895313
444461.2470659185
443962.8209030975
443466.1471790398
442971.2283768955
442478.0666929071
441986.66404414416
441497.02207606746
441009.1421699192
440523.0254499499
440038.67279047874
439556.08482279675
562910.3936352242
562907.6999731098
562903.8311289563
562898.4890266747
562891.3495934261
562882.0668162577
562870.2769212577
562855.6025434819
562837.6567848804
562816.0470828941
562790.3788341222
562760.2587356674
562725.2978216753
562685.1141845395
562639.3353796568
562587.600519799
562529.5620705236
562464.8873618783
562393.259834218
562314.3800375614
562227.9664046906
562133.7558184046
562031.5039930544
561920.9856898746
561801.9947847689
561674.3442061691
561537.8657594696
561392.4098533387
561237.8451420078
561074.0580964385
560900.9525161053
560718.4489920015
560526.4843304234
560325.0109460711
560113.996232079
559893.4219137111
559663.2833916653
559423.5890801847
559174.3597445125
558915.6278416105
558647.4368675192
558369.8407142215
558082.9030384494
557786.6966444475
557481.3028823702
557166.8110636559
556843.3178944535
556510.9269279157
556169.7480359612
555819.8969009207
555461.4945273012
555094.6667737731
554719.543905348
554336.2601656166
553944.9533688158
553545.7645114242
553138.8374029165
552724.3183152542
552302.3556506487
551873.0996270913
551436.701981128
550993.3156873244
550543.094693862
550086.1936736886
549622.7677906472
549152.9724800019
548676.9632427852
548194.8954533923
547706.924179855
547213.2040162431
546713.8889266439
546209.1321001851
545699.0858165878
545183.901321735
544663.7287127681
544138.7168322386
543609.0131708507
543074.763778351
542536.1131821404
541993.2043131927
541446.1784388861
540895.1751023665
540340.3320680774
539781.7852731091
539219.6687840289
538654.1147588786
538085.2534140274
537513.212995594
536938.1197551565
536360.0979294879
535779.2697240635
535195.7553000976
534609.6727648902
534021.1381652533
533430.265483824
532837.1666380602
532241.951481738
531644.7278087714
531045.6013591927
530444.6758271303
529842.0528706396
529237.8321232415
528632.111207041
528024.9857472914
527416.5493882948
526806.893810518
526196.1087488234
525584.2820117146
524971.4995014982
524357.8452352801
523743.40136670775
523128.24820838147
522512.4642548628
521896.126206209
521279.30899196997
520662.0857955853
520044.52807912725
519426.70560833305
518808.6864778793
518190.5371368503
517572.3224143571
516954.10554526764
516335.94819600845
515717.9104904041
515100.0510355199
514482.42694748065
513865.09387723275
513248.1060362281
512631.5162220005
512015.3758436185
511399.7349469878
510784.6422399883
510170.14511742734
509556.28968579223
508943.1207877891
508330.6820266539
507719.0157902229
507108.16327475314
506498.1645084826
505889.0583749196
505280.8826358569
504673.6739541001
504067.46791590593
503462.29905312514
502858.2008650448
502255.2058399263
501653.345476235
501052.65030356025
500453.14990322274
499854.872928567
499257.84712493914
498662.099349348
498067.65558981017
497474.5409843785
496882.7798398542
496292.3956501863
495703.4111145527
495115.8481551335
494529.7279345694
493945.070873114
493361.8966654766
492780.22429736267
492200.0720617107
491621.45757462987
491044.3977910419
490468.909020028
489895.0069398865
489322.7066129017
488752.02249983035
488182.9684741067
487615.55783576996
487049.80332511896
486485.7171360968
485923.3109294081
485362.59584537597
484803.5825165376
484246.2810799861
483690.70118946204
483136.8520271952
482584.7423155047
482034.38032815914
481485.77390149963
480938.930445333
480393.85695359355
479850.5600147839
479309.0458221937
478769.32018389984
478231.38853255706
477695.25593497674
477160.9271015007
476628.40639517375
476097.6978407168
475568.80513330706
475041.7316471652
474516.48044395697
473993.05428100895
473471.45561934554
472951.68663154764
472433.74920943903
471917.64497159957
471403.37527071557
601326.722097832
601324.0110948444
601320.1144377183
601314.7298939304
601307.5283316761
601298.157746688
601286.2474324803
601271.4121608856
601253.2562681339
601231.3775668315
601205.3710257638
601174.8321776306
601139.3602298306
601098.5608655199
601052.048731789
600999.4496192215
600940.4023426935
600874.5603373321
600801.5929863619
600721.1866993639
600633.0457604593
600536.8929662992
600432.4700736052
600319.5380755365
600197.8773253928
600067.2875252396
599927.5875959847
599778.6154443043
599620.2276406657
599452.2990215356
599274.7222277183
599087.4071896763
598890.2805696302
598683.285169238
598466.37931073
598239.5361984922
598002.7432673015
597756.0015226627
597499.3248780278
597232.7394930511
596956.2831164744
596670.0044367333
596373.9624429024
596068.2257981958
595752.8722278716
595427.9879230445
595093.6669616344
594750.0107474095
594397.1274678519
594035.1315713767
593664.143264255
593284.288027437
592895.6961533384
592498.5023025344
592092.8450802122
591678.86663214
591256.712259845
590826.5300546304
590388.4705500117
589942.6863921129
589489.3320275273
589028.5634081318
588560.5377123099
588085.4130820367
587603.3483752712
587114.5029330828
586619.0363609552
586117.1083237032
585608.8783534416
585094.5056700577
584574.1490136482
584047.9664883824
583516.1154172752
582978.7522073679
582436.0322248115
581888.1096793863
581335.1375179831
580777.2673266057
580214.6492404497
579647.4318616529
579075.7621843007
578499.7855263085
577919.6454678028
577335.4837956472
576747.4404537675
576155.6534989511
575560.259061801
574961.391312552
574359.182431456
573753.7625834636
573145.259896945
572533.800446195
571919.5082374921
571302.50519848
570682.9111706604
570060.8439047938
569436.4190590112
568809.7501994569
568180.9488032853
567550.1242638472
566917.3838979076
566282.8329547495
565646.5746270196
565008.7100631866
564369.3383814801
563728.5566852007
563086.4600792793
562443.1416879869
561798.6926736892
561153.2022565575
560506.7577351417
559859.4445077239
559211.3460943764
558562.5441596438
557913.1185357851
557263.1472465089
556612.7065311376
555961.8708691467
555310.7130050223
554659.3039733878
554007.7131243518
553356.0081490314
552704.2551052138
552052.5184431126
551400.8610311829
550749.3441819696
550098.0276779438
549446.9697973129
548796.2273397639
548145.8556521282
547495.9086539322
546846.4388628214
546197.4974198345
545549.1341145089
544901.3974098021
544254.3344668145
543607.9911692978
542962.4121479366
542317.6408043909
541673.7193350956
541030.6887547934
540388.588919808
539747.458551042
539107.3352566895
538468.2555546688
537830.2548947576
537193.3676804337
536557.6272904155
535923.0660998982
535289.7155014841
534657.605925804
534026.7668618298
533397.2268768742
532769.0136362792
532142.1539227921
531516.6736556297
530892.5979092321
530269.9509317002
529648.7561629303
529029.0362524341
528410.8130768556
527794.107757179
527178.9406756364
526565.3314923125
525953.2991614522
525342.8619474696
524734.037440665
524126.84257265186
523521.2936314958
522917.4062765683
522315.1955531199
521714.67590657464
521115.86119655124
520518.76471061184
519923.39917774295
519329.7767815736
518737.9091733321
518147.80748454505
517559.48233948485
516972.943867367
516388.2017143009
515805.2650549992
515224.1426042495
514644.8426281502
514067.37295511644
513491.74098665785
512917.9537079347
512346.0176980927
511775.9391403822
511207.7238320661
510641.37719411793
510076.9042807157
509514.3097885332
508953.5980658362
508394.77312138025
507837.83863312204
507282.7979567395
506729.6541339726
506178.40990077826
505629.06769531366
505081.6296657414
641812.2338526468
641809.5058789145
641805.5819793129
641800.1558282491
641792.8933039833
641783.4364829242
641771.4077978788
641756.4142258764
641738.0513990165
641715.9075564985
641689.5672774048
641658.6149519327
641622.6379638547
641581.2295692291
641533.9914661981
641480.5360583331
641420.4884198196
641353.4879750584
641279.1899082867
641197.2663208271
641107.4071547444
641009.3209022286
640902.7351200443
640787.396768028
640663.0723899833
640529.5481544816
640386.6297720975
640234.1423045525
640071.9298801312
639899.8553286202
639717.7997479155
639525.662013359
639323.3582398435
639110.8212057292
638887.9997466938
638654.8581267698
638411.3753930115
638157.5447194987
637893.3727456852
637618.8789134842
637334.0948069023
637039.0634975226
636733.838898653
636418.4851305521
636093.0758987416
635757.693887093
635412.430167055
635057.3836241295
634692.6604024547
634318.3733681475
633934.6415918653
633541.5898508874
633139.3481508686
632728.0512673019
632307.8383066036
631878.8522866631
631441.2397366009
630995.1503154237
630540.7364492097
630078.1529864015
629607.5568707571
629129.1068314746
628642.9630899819
628149.2870828683
627648.2412004167
627139.9885401976
626624.6926751682
626102.517435732
625573.626705206
625038.1842281586
624496.3534310727
623948.297254817
623394.1779983959
622834.1571734796
622268.3953692194
621697.0521268604
621120.2858236921
620538.2535658798
619951.1110897355
619359.0126710109
618762.1110417944
618160.5573146271
617554.5009134491
616944.0895110174
616329.4689724435
615710.7833045112
615088.1746104565
614461.7830498988
613831.7468036273
613198.2020429648
612561.2829034308
611921.121462457
611277.8477209021
610631.5895881332
609982.4728704556
609330.6212626721
608676.1563425765
608019.197568183
607359.8622775166
606698.2656907839
606034.5209147651
605368.738949271
604701.028695514
604031.4969662557
603360.2484975995
602687.385962299
602013.0099844676
601337.2191555749
600660.1100516226
599981.7772514026
599302.3133557416
598621.8090076412
597940.3529132332
597258.0318634659
596574.9307564516
595891.1326204006
595206.7186370817
594521.7681657361
593836.3587674028
593150.5662295828
592464.4645912037
591778.1261678321
591091.6215770858
590405.0197642104
589718.3880277729
589031.7920454422
588345.2958998189
587658.9621042805
586972.8516288181
586287.0239258298
585601.5369558508
584916.4472131918
584231.8097514675
583547.6782089912
582864.1048340191
582181.1405098262
581498.8347795963
580817.2358711143
580136.3907212445
579456.3450001846
578777.1431354827
578098.828335809
577421.442614471
576745.0268126661
576069.6206224617
575395.2626094995
574721.9902354149
574049.8398799686
573378.8468628866
572709.0454654001
572040.468951491
571373.1495888304
570707.1186694149
570042.4065298971
569379.0425716076
568717.0552802705
568056.4722454101
567397.3201794488
566739.6249364989
566083.4115308448
565428.7041551211
564775.5261981848
564123.9002626839
563473.8481823242
562825.3910388371
562178.5491786496
561533.3422292563
560889.7891153028
560247.9080743759
559607.7166725061
558969.2318193872
558332.4697833123
557697.4462058331
557064.1761161418
556432.6739451824
555802.9535394922
555175.028174779
554548.9105692339
553924.6128965889
553302.1467989176
552681.5233991838
552062.7533135437
551445.8466634051
550830.8130872416
550217.6617521755
549606.4013653224
548997.0401849101
548389.5860311688
547784.0462970007
547180.4279584305
546578.7375848389
545978.9813489878
545381.1650368356
544785.2940571485
544191.3734509101
543599.4079005348
543009.4017388886
542421.3589581151
541835.2832182795
541251.1778558259
540669.0458918544
684449.4074254534
684446.6628402596
684442.7122529241
684437.2453072498
684429.9229599579
684420.3814398921
684408.236391308
684393.0870657841
684374.5204545315
684352.1152772139
684325.4457645874
684294.085190348
684257.6091226814
684215.5983783946
684167.6416724703
684113.3379637272
684052.2985033062
683984.1485972039
683908.5290973154
683825.0976376522
683733.5296337545
683633.5190640248
683524.7790518757
683407.0422673635
683280.0611664521
683143.6080853116
682997.4752061529
682841.4744101183
682675.4370316841
682499.2135279713
682312.6730752769
682115.7031040977
681908.2087828928
681690.1124598682
681461.3530711401
681221.8855227727
680971.6800533804
680710.721583229
680439.0090550919
680156.5547714648
679863.3837321824
679559.5329759336
679245.0509287
678919.9967617079
678584.4397610896
678238.458711096
677882.1412923927
677515.5834966834
677138.8890586569
676752.1689060316
676355.540628273
675949.1279643858
675533.0603100344
675107.4722441074
674672.503074729
674228.2964046204
673774.9997156303
673312.7639721734
672841.7432432659
672362.0943427812
671873.9764875189
671377.5509726359
670872.980863967
670360.4307067344
669840.0662501359
669312.0541872844
668776.5619099694
668233.7572777004
667683.8084005003
667126.8834349123
666563.1503926915
665992.7769616576
665415.930338195
664832.7770708968
664243.4829148558
663648.2126961218
663047.1301858556
662440.3979837245
661828.1774100933
661210.6284065864
660587.909444602
659960.1774413806
659327.5876832404
658690.2937556112
658048.4474795021
657402.1988540657
656751.6960049262
656097.0851379547
655438.510498189
654776.1143336068
654110.0368634758
653440.4162510136
652767.3885801046
652091.0878358325
651411.645888595
650729.1924815852
650043.8552214229
649355.7595717432
648665.02884955
647971.7842241509
647276.1447185031
646578.227212814
645878.1464502292
645176.0150444706
644471.9434892816
643766.0401695499
643058.411373975
642349.1613091755
641638.3921151097
640926.2038817122
640212.694666644
639497.960514062
638782.0954743156
638065.1916244879
637347.3390897043
636628.6260651292
635909.1388385788
635188.9618136933
634468.1775335915
633746.8667049586
633025.1082225116
632302.9791937828
631580.5549641814
630857.909142282
630135.1136252971
629412.2386246979
628689.3526919389
627966.5227442578
627243.8140905132
626521.2904570317
625799.0140134356
625077.0453984247
624355.443745485
623634.2667085081
622913.5704872911
622193.4098529043
621473.8381729062
620754.9074363885
620036.668278837
619319.1700067909
618602.4606222957
617886.5868471266
617171.5941467803
616457.526754224
615744.4276933887
615032.3388024019
614321.3007565542
613611.3530909907
612902.5342231204
612194.8814747449
611488.4310938932
610783.2182763679
610079.277186993
609376.6409805643
608675.3418224993
607975.4109091847
607276.8784880218
606579.7738771663
605884.1254849647
605189.9608290873
604497.3065553555
603806.1884562668
603116.6314892172
602428.6597944226
601742.2967125399
601057.5648019887
600374.48585598
599693.0809192467
599013.3703044847
598335.3736085028
597659.1097280846
596984.5968755702
596311.8525941488
595640.8937728791
594971.7366614307
594304.3968845507
593638.8894562667
592975.2287938151
592313.4287313148
591653.5025331734
590995.4629072411
590339.3220177123
589685.0914977735
589032.7824620103
588382.4055185667
587733.9707810696
587087.487880315
586442.9659757244
585800.4137665706
585159.8395029798
584521.250996714
583884.6556317314
583250.0603745378
582617.4717843229
581986.8960228916
581358.338864392
580731.8057048412
580107.3015714556
579484.8311317874
578864.3987026719
578246.0082589854
729322.8843934376
729320.1235456002
729316.1468100165
729310.6398614409
729303.2588027754
729293.6340867553
729281.3746414338
729266.0720630828
729247.3047667552
729224.6420086932
729197.6477157468
729165.8840749668
729128.914851654
729086.3084166438
729037.6404737076
728982.4964859919
728920.4738066377
728851.1835234495
728774.2520309123
728689.3223452544
728596.0551797958
728494.1297986866
728383.2446674454
728263.1179186357
728133.4876505844
727994.1120764144
727844.7695398397
727685.2584132577
727515.3968926709
727335.0227029467
727143.992725886
726942.1825625547
726729.4860403258
726505.8146741352
726271.0970905323
726025.2784222565
725768.3196802584
725500.1971093391
725220.9015328805
724930.4376915065
724628.8235799192
724316.0897856206
723992.2788327397
723657.444533742
723311.651351391
722954.9737729752
722587.4956984831
722209.3098441192
721820.5171622903
721421.2262789636
721011.5529490861
720591.6195305745
720161.5544772287
719721.4918507714
719271.5708521041
718811.9353717491
718342.7335593723
717864.1174121815
717376.2423819453
716879.2670003078
716373.35252203
715858.6625857531
715335.3628918381
714803.6208968173
714263.6055239699
713715.4868895197
713159.4360439406
712595.6247278531
712024.2251419874
711445.409730689
710859.3509784499
710266.2212189465
709666.1924560741
709059.4361964798
708446.1232930984
707826.4237992105
707200.5068325514
706568.5404490181
705930.691525517
705287.125651535
704638.0070290008
703983.4983800402
703323.7608622294
702658.9539909707
701989.2355686238
701314.7616200418
700635.6863341811
699952.1620114514
699264.3390165007
698572.3657361404
697876.3885421146
697176.551758452
696472.9976331299
695765.8663138053
695055.2958273718
694341.4220631166
693624.3787592578
692904.2974926546
692181.3076714968
691455.5365307782
690727.1091303856
689996.1483556175
689262.7749199905
688527.1073701575
687789.2620928136
687049.3533234308
686307.4931567066
685563.7915585898
684818.3563797715
684071.2933705278
683322.7061968083
682572.6964574677
681821.3637025505
681068.8054525339
680315.1172184463
679560.3925227845
678804.7229211451
678048.1980245113
677290.9055221152
676532.9312048237
675774.3589889775
675015.270940638
674255.7473001813
673495.8665071903
672735.705225606
671975.3383690836
671214.8391265206
670454.2789877158
669693.7277691208
668933.2536396555
668172.9231465522
667412.8012412007
666652.9513049667
665893.4351749589
665134.3131697203
664375.6441148206
663617.4853683339
662859.8928461764
662102.9210472923
661346.6230786692
660591.0506801676
659836.254249154
659082.2828649202
658329.1843128836
657577.0051085526
656825.7905212507
656075.5845975899
655326.4301846871
654578.3689531127
653831.4414195713
653085.6869693032
652341.1438782059
651597.8493346699
650855.8394611244
650115.1493352926
649375.813011151
648637.8635395934
647901.332988795
647166.252464279
646432.6521286825
645700.5612212209
644970.0080768545
644241.0201451512
643513.6240088529
642787.8454021415
642063.7092286071
641341.2395789218
640620.4597482141
639901.392253157
639184.0588487588
638468.4805448694
637754.6776223966
637042.6696492403
636332.4754959451
635624.1133510717
634917.6007362955
634212.9545212279
633510.19093797
632809.3255953995
632110.3734931902
631413.3490355734
630718.2660448408
630025.1377745923
629333.9769227325
628644.7956442218
627957.6055635795
627272.4177871485
626589.2429151217
625908.0910533342
625228.9718248257
624551.8943811741
623876.8674136072
623203.8991638931
622532.9974350136
621864.1696016266
621197.4226203146
620532.7630396303
619870.1970099375
619209.730293052
618551.3682716885
617895.1159587101
776519.4973822134
776516.7206104487
776512.7182513333
776507.1720712017
776499.733386153
776490.0269439024
776477.6550287466
776462.201652465
776443.2367200117
776420.3200823779
776393.0054097571
776360.8438360329
776323.3873407325
776280.1918471734
776230.820025761
776174.8437996057
776111.8465560424
776041.4250725494
775963.1911691994
775876.7731023534
775781.8167160273
775677.9863683826
775564.9656512607
775442.4579207068
775310.186656141
775167.8956652762
775015.3491511545
774852.3316568274
774678.6479022576
774494.1225270503
774298.5997516209
774091.9429684103
773874.0342737925
773644.7739503733
773404.0799084795
773151.8870947929
772888.1468752683
772612.8263987357
772325.9079468824
772027.3882756704
771717.2779526423
771395.600694035
771062.3927051093
770717.7020266628
770361.5878902694
769994.120084426
769615.3783334463
769225.4516906382
768824.4379470355
768412.443056707
767989.5805794555
767555.971141523
767111.7419147538
766657.0261145155
766191.9625165443
765716.6949927717
765231.3720660874
764736.1464839064
764231.1748103334
763716.617036659
763192.6362098603
762659.398078747
762117.0707573361
761565.8244050356
761005.8309231645
760437.2636673411
759860.2971752451
759275.1069092515
758681.8690134297
758080.7600844003
757471.956955537
756855.636494004
756231.9754101338
755601.1500786385
754963.3363711726
754318.7094997647
753667.4438706482
753009.7129480318
752345.6891273628
751675.543617648
750999.4463324093
750317.5657888652
749630.0690149389
748937.121463713
748238.8869349593
747535.5275033866
746827.2034532602
746114.0732190701
745396.2933319189
744674.0183713351
743947.4009222093
743216.5915365797
742481.7386999921
741742.9888021828
741000.4861118316
740254.3727551532
739504.7886981016
738751.8717319729
737995.7574621985
737236.5793001371
736474.4684576788
735709.5539444791
734941.9625676618
734171.8189338217
733399.245453183
732624.3623457567
731847.2876493743
731068.1372294511
730287.0247903643
729504.0618883268
728719.3579456416
727933.0202662343
727145.1540523593
726355.8624223901
725565.2464295989
724773.405081842
723980.4353620717
723186.4322495995
722391.488742032
721595.6958778241
720799.1427593741
720001.9165766055
719204.1026309809
718405.7843598889
717607.0433613614
716807.9594190652
716008.6105275309
715209.0729175754
714409.4210818752
713609.727800662
712810.0641674957
712010.4996150935
711211.1019411761
710411.9373343119
709613.0703997202
708814.5641850278
708016.4802059361
707218.8784717924
706421.8175110397
705625.3543965284
704829.5447706709
704034.4428704295
703240.1015521137
702446.5723159858
701653.9053306521
700862.1494572366
700071.3522733194
699281.5600966411
698492.8180085539
697705.1698772211
696918.65838055
696133.3250288619
695349.2101872844
694566.3530978683
693784.7919014212
693004.5636590569
692225.704373453
691448.2490098241
690672.2315165941
689897.6848457815
689124.6409730843
688353.1309176701
687583.1847616708
686814.8316693788
686048.0999061471
685283.016856994
684519.609044913
683757.9021488857
682997.921021606
682239.6897069109
681483.2314569193
680728.5687488879
679975.7233017768
679224.716092534
678475.567372098
677728.2966811213
676982.9228654177
676239.4640911364
675497.9378596653
674758.3610222661
674020.7497944438
673285.1197700576
672551.485935167
671819.8626816287
671090.2638204361
670362.7025948132
669637.191693059
668913.7432611526
668192.3689151163
667473.0797531441
666755.8863674985
666040.7988561745
665327.8268343414
664616.979445561
663908.2653727853
663201.6928491399
662497.269668495
661795.0031958262
661094.900377371
660396.9677505813
659701.2114538787
826128.2980628337
826125.5056961108
826121.4782238796
826115.8935637566
826108.3983113144
826098.6115799149
826086.1290825558
826070.5273178897
826051.3677480111
826028.2008787129
826000.5701734086
825968.0157496867
825930.0778225822
825886.2998712711
825836.231516277
825779.4311026128
825715.4679908962
825643.9245635612
825564.3979571172
825476.5015341655
825379.8661107701
825274.1409559648
825158.9945807783
825034.1153343302
824899.2118243591
824754.0131790927
824598.2691667303
824431.7501880205
824254.247156542
824065.5712803695
823865.5537578445
823654.0453992116
823430.9161849337
823196.0547705749
822949.3679472553
822690.7800658382
822420.2324322106
822137.6826802656
821843.1041285072
821536.4851255367
821217.8283890854
820887.15034271
820544.4804537557
820189.8605757316
819823.3442978247
819444.9963038944
819054.8917429444
818653.1156127586
818239.7621581049
817814.9342846667
817378.7429896233
816931.3068096169
816472.7512866544
816003.2084523388
815522.8163306878
815031.718459671
814530.0634314979
814018.0044515831
813495.698916055
812963.3080075812
812420.9963092442
811868.9314361452
811307.2836843631
810736.2256968766
810155.9321460186
809566.5794320098
808968.3453971087
808361.4090548931
807745.9503341857
807122.149837129
806490.188610908
805850.2479326287
805202.5091068539
804547.1532753069
803884.3612382568
803214.3132871111
802537.1890477447
801853.1673341087
801162.4260116682
800465.1418702365
799761.490505775
799051.6462107504
798335.781872647
797614.0688802446
796886.6770372892
796153.7744831915
795415.5276204065
794672.1010481535
793923.6575021566
793170.3578000861
792412.3607924111
791649.823318365
790882.900166755
790111.7440413468
789336.5055305724
788557.3330813177
787774.3729765563
786987.7693166106
786197.6640038238
785404.1967304441
784607.5049695239
783807.7239686542
783004.9867463523
782199.4240909427
781391.164561765
780580.3344925594
779767.0579968902
778951.4569754578
778133.6511251866
777313.7579499452
776491.8927727973
775668.1687496625
774842.6968842848
774015.5860444073
773186.942979058
772356.8723368569
771525.4766852582
770692.8565306506
769859.1103392319
769024.3345585954
768188.623639951
767352.0700609231
766514.764348861
765676.7951046068
764838.2490266649
763999.2109357237
763159.763799482
762319.9887577324
761479.965147664
760639.7705293397
759799.480711315
758959.1697763614
758118.9101072613
757278.7724126431
756438.8257528332
755599.1375656899
754759.7736924
753920.7984032128
753082.2744230914
752244.2629572573
751406.8237166156
750570.0149430368
749733.8934344851
748898.5145699728
748063.9323343335
747230.199342795
746397.3668653447
745565.4848508757
744734.6019511028
743904.7655442433
743076.0217584482
742248.4154949836
741421.990451152
740596.7891429481
739772.8529274431
738950.222024898
738128.9355405949
737309.0314863868
736490.546801965
735673.5173758353
734857.9780660097
734043.9627204029
733231.5041969398
732420.6343833699
731611.3842167882
730803.7837028624
729997.86193477
729193.6471118391
728391.1665578998
727590.4467393449
726791.5132829014
725994.3909931113
725199.10386953
724405.6751236361
723614.1271954614
722824.4817699397
722036.759792974
721250.9814872341
720467.1663676744
719685.3332567834
718905.5002995667
718127.6849782611
717351.9041267887
716578.1739449502
715806.510012362
715036.9273021386
714269.4401943277
713504.0624890924
712740.8074196554
711979.6876649979
711220.7153623215
710463.9021192786
709709.2590259663
708956.7966666977
708206.5251315451
707458.4540276625
706712.5924903924
705968.9491941535
705227.5323631216
704488.349781698
703751.4088047771
878240.5851488297
878237.7775067068
878233.7254179323
878228.1030101693
878220.5522239762
878210.6866085565
878198.0953779978
878182.3475896346
878162.996330985
878139.5828244083
878111.6403788473
878078.698135653
878040.284570584
877995.9307267311
877945.173163607
877887.5566161165
877822.6363639025
877749.9803168164
877669.1708262826
877579.8062352415
877481.502181425
877373.8926700429
877256.6309327134
877129.3900897576
876991.8636329047
876843.7657451022
876684.8314735652
876514.8167714931
876333.4984230595
876140.6738654173
875936.1609205229
875719.7974486832
875491.4409347791
875250.9680172418
874998.273968971
874733.2721385494
874455.8933593327
874166.0853332243
873863.8119952608
873549.0528644832
873221.8023859536
872882.0692682317
872529.8758201086
872165.2572899208
871788.2612103499
871398.9467512085
870997.3840823763
870583.6537487076
870157.8460584678
869720.0604865705
869270.4050936793
868808.9959620052
868335.9566484638
867851.4176556788
867355.5159211819
866848.3943250186
866330.2012158686
865801.0899556791
865261.2184827322
864710.7488929813
864149.8470394454
863578.6821493709
862997.4264588461
862406.2548645049
861805.3445919171
861194.8748802528
860575.0266827747
859945.9823826989
859307.925523956
858661.040556373
858005.5125947902
857341.527191634
856669.270122452
855988.9271839302
855300.6840039177
854604.7258629822
853901.2375270294
853190.4030905318
852472.4058299223
851747.4280667064
851015.651039874
850277.2547871931
849532.4180349788
848781.3180959506
848024.1307747933
847261.0302810593
846492.1891490517
845717.7781643493
844937.9662966428
844152.9206385614
843362.8063501841
842567.786608944
841768.0225646355
840963.673299263
840154.8957914592
839341.8448852301
838524.6732627861
837703.5314212291
836878.5676528742
836049.9280290019
835217.7563868365
834382.1943195582
833543.381169171
832701.4540220466
831856.5477069863
831008.7947956303
830158.3256050783
829305.2682025654
828449.7484120638
827591.8898226806
826731.8137987216
825869.6394913134
825005.4838514639
824139.4616444617
823271.6854655105
822402.2657565016
821531.3108238421
820658.926857245
819785.2179494037
818910.286116475
818034.2313192952
817157.1514852672
816279.1425308449
815400.2983845598
814520.7110105326
813640.4704324099
812759.6647576811
811878.3802023218
810996.7011157223
810114.7100058537
809232.4875646376
808350.1126934747
807467.662528902
806585.2124683403
805702.836195908
804820.6057082624
803938.5913404499
803056.8617917331
802175.4841513745
801294.523924354
800414.0450569964
799534.1099624946
798654.7795463061
797776.1132314089
796898.1689833984
796021.0033354171
795144.6714128932
794269.2269580902
793394.7223544425
792521.208650676
791648.7355847021
790777.3516072739
789907.1039054
789038.0384255073
788170.1998963506
787303.6318516537
786438.3766524891
785574.4755093844
784711.9685041526
783850.8946114437
782991.2917200174
782133.1966537292
781276.6451922327
780421.6720913934
779568.311103417
778716.5949966841
777866.5555753004
777018.223698354
776171.6292988854
775326.8014025657
774483.7681460915
773642.5567952858
772803.193762919
771965.7046262423
771130.1141442356
770296.4462745796
769464.7241903411
768634.9702963876
767807.2062455205
766981.4529543391
766157.7306188322
765336.0587297002
764516.4560874152
763698.9408170127
762883.5303826286
762070.2416017744
761259.090659361
760450.0931214676
759643.2639488676
758838.6175103015
758036.1675955137
757235.9274280475
756437.9096778034
755642.1264733659
754848.5894140995
754057.3095820181
753268.297553432
752481.5634103738
751697.1167518077
750914.9667046253
750135.12193443
932949.9323932278
932947.1097861775
932943.0335640298
932937.3741223186
932929.768811315
932919.825685739
932907.127533019
932891.2360413197
932871.6959927804
932848.0393896475
932819.7894409533
932786.4643548448
932747.5808967354
932702.6576861297
932651.2182155459
932592.7935835759
932526.9249410373
932453.1656546105
932371.0831965226
932280.2607719441
932180.2986979779
932070.8155496077
931951.4490888544
931821.8569938099
931681.7174042575
931530.7293003221
931368.6127301354
931195.1089018586
931009.9801546494
930813.0098223403
930604.0020027258
930382.7812444475
930149.1921625971
929903.0989932526
929644.3850963251
929372.9524152604
929088.7209013597
928791.6279097437
928481.6275732754
928158.690160123
927822.8014200185
927473.9619237224
927112.1863996678
926737.5030713056
926349.9529982093
925949.5894236219
925536.4771307475
925110.6918097779
924672.319437329
924221.4556697104
923758.2052511965
923282.681438256
922795.0054405074
922295.3058789825
921783.7182621433
921260.3844799419
920725.4523161121
920179.0749787603
919621.4106492399
919052.6220492105
918472.8760257084
917882.3431540079
917281.1973579815
916669.6155476468
916047.7772735313
915415.8643974699
914774.0607794157
914122.5519798365
913461.5249772408
912791.1679003768
912111.6697746374
911423.220282195
910726.0095353959
910020.2278629359
909306.065608352
908583.7129403555
907853.3596745528
907115.1951060931
906369.4078527993
905616.1857083486
904855.7155050682
904088.1829859356
903313.772685372
902532.6678184399
901745.0501780548
900951.1000398468
900150.9960743053
899344.9152658621
898533.0328385788
897715.522188111
896892.5548196363
896064.3002914522
895230.9261639402
894392.5979536353
893549.4790921183
892701.7308894843
891849.5125021347
890992.9809046612
890132.2908655932
889267.5949267917
888399.0433862874
887526.7842843567
886650.9633926536
885771.7242062164
884889.2079381688
884003.5535169626
883114.8975859961
882223.37450546
881329.1163562741
880432.2529459703
879532.9118163997
878631.218253137
877727.2952964673
876821.2637538435
875913.2422137082
875003.34706058
874091.6924913104
873178.3905324202
872263.551058429
871347.2818110961
870429.6884195007
869510.8744208813
868590.9412821713
867669.9884221634
866748.1132342414
865825.4111096192
864901.9754610372
863977.8977468576
863053.267495516
862128.1723302786
861202.6979942617
860276.928375678
859350.9455332624
858424.8297218481
857498.659418059
856572.5113460778
855646.4605034743
854720.5801870503
853794.9420186871
852869.6159711658
851944.6703939332
851020.1720388043
850096.1860855673
849172.7761674813
848250.004396647
847327.9313892343
846406.6162905529
845486.1167999485
844566.4891955196
843647.7883586324
842730.067798235
841813.3796749503
840897.7748249465
839983.3027835723
839070.0118087521
838157.9489041329
837247.1598419765
836337.6891857942
835429.5803127164
834522.8754355938
833617.6156248262
832713.8408299185
831811.5899007549
830910.9006085965
830011.8096667944
829114.3527512198
828218.5645204104
827324.4786354302
826432.1277794432
825541.5436770018
824652.7571130496
823765.7979516371
822880.6951543537
821997.4767984755
821116.1700948303
820236.80140538
819359.3962605239
818483.979376124
817610.5746702506
816739.2052796575
815869.8935759804
815002.6611816674
814137.5289856406
813274.5171586914
812413.6451686128
811554.9317950725
810698.3951442253
809844.0526630718
808991.9211535665
808142.0167864725
807294.3551149726
806448.9510880358
805605.8190635432
804764.9728211759
803926.4255750694
803090.1899862353
802256.2781747552
801424.7017317505
800595.4717311279
799768.5987411076
798944.0928355351
990352.216585579
990349.3793153053
990345.279429978
990339.58364989
990331.924798947
990321.9055065012
990309.1022053646
990293.0692869321
990273.3432979494
990249.4470852806
990220.8938146833
990187.1908069162
990147.8431494798
990102.357055006
990050.2429479449
989991.0182699357
989924.210001295
989849.3569016581
989766.011477134
989673.7416846008
989572.132386142
989460.7865682461
989339.3263414294
989207.3937364671
989064.6513135766
988910.7826007351
988745.4923769326
988568.5068155937
988379.5735027199
988178.4613435282
987964.9603705342
987738.8814651775
987500.0560042108
987248.3354412392
986983.5908329256
986705.7123186084
986414.608561261
986110.2061570218
985792.4490198025
985461.2977468416
985116.7289704666
984758.734700744
984387.3216631953
984002.5106352601
983604.3357847489
983192.8440131198
982768.0943060543
982330.1570934491
981879.1136206584
981415.0553325267
980938.0832715131
980448.3074909761
979945.846484493
979430.826631901
978903.3816625878
978363.6521364225
977811.7849425811
977247.9328164129
976672.2538743983
976084.9111671594
975486.0722504095
974875.908773659
974254.5960864512
973622.3128618379
972979.240736775
972325.5639690794
971661.4691105654
970987.144695946
970302.780947079
969608.5694921149
968904.7030990967
968191.3754235519
967468.7807696214
966737.1138642513
965996.5696439985
965247.3430539767
964489.628858495
963723.6214629409
962949.5147464512
962167.5019049514
961377.7753041254
960580.5263419037
959775.9453200568
958964.221324505
958145.5421139509
957320.0940164622
956488.0618336428
955649.6287520373
954804.976261429
953954.2840797015
953097.7300839459
952235.4902475083
951367.7385826786
950494.6470887404
949616.3857051047
948733.1222692648
947845.022479323
946952.2498608424
946054.9657377909
945153.3292073611
944247.4971184429
943337.6240535517
942423.8623140138
941506.3619082196
940585.2705427717
939660.7336163499
938732.8942161361
937801.8931166384
936867.868780771
935930.9573630432
934991.2927147254
934049.0063908631
933104.2276590196
932157.0835096209
931207.6986678045
930256.1956066621
929302.6945617695
928347.3135469196
927390.1683709602
926431.3726556543
925471.0378544813
924509.2732723003
923546.1860858062
922581.8813647035
921616.462093539
920650.0291941249
919682.6815485007
918714.5160223705
917745.6274889704
916776.1088533102
915806.0510767517
914835.5432018663
913864.6723775442
912893.5238843074
911922.1811597908
910950.7258243611
909979.2377068354
909007.7948702733
908036.4736378107
907065.3486185109
906094.4927332058
905123.9772403048
904153.8717615504
903184.244307696
902215.1613040925
901246.6876161592
900278.8865747303
899311.820001253
898345.5482328297
897380.1301470877
896415.6231868652
895452.0833847019
894489.565387124
893528.1224787146
892567.8066059604
891608.6684008653
890650.7572043283
889694.1210892724
888738.8068835255
887784.8601924429
886832.3254212686
885881.2457972332
884931.663391382
883983.6191401288
883037.1528665407
882092.3033013397
881149.1081036305
880207.6038813443
879267.8262114039
878329.8096596077
877393.5878002256
876459.1932353202
875526.6576137786
874596.0116500655
873667.2851426945
872740.5069924165
871815.7052201304
870892.9069845162
869972.1385993868
869053.4255507693
868136.7925137087
867222.2633687999
866309.8612184549
865399.6084028932
864491.5265158758
863585.6364201686
862681.9582627496
861780.5114897566
860881.3148611782
859984.3864652928
859089.7437328569
858197.4034510468
857307.3817771528
856419.6942520362
855534.3558133432
854651.3808084851
853770.783007385
852892.5756149945
852016.7712835831
851143.3821248057
850272.4197215457
1.050545645548984e6
1.0505427939087201e6
1.050538670817845e6
1.0505329393773568e6
1.0505252279478991e6
1.0505151338019758e6
1.0505022270895583e6
1.0504860549778307e6
1.050466145848812e6
1.050442013459979e6
1.050413160992365e6
1.0503790849277498e6
1.0503392787114491e6
1.0502932361699315e6
1.0502404546631875e6
1.0501804379605958e6
1.0501126988362332e6
1.0500367613853076e6
1.049952163067861e6
1.049858456489343e6
1.049755210930142e6
1.0496420136379572e6
1.049518470898034e6
1.0493842088969725e6
1.0492388743960452e6
1.0490821352299263e6
1.048913680646426e6
1.0487332215023425e6
1.048540490329907e6
1.0483352412876051e6
1.0481172500083437e6
1.0478863133571539e6
1.0476422491097458e6
1.047384895562439e6
1.0471141110831355e6
1.0468297736122484e6
1.0465317801216876e6
1.0462200460393173e6
1.0458945046455794e6
1.0455551064483371e6
1.0452018185413855e6
1.0448346239515014e6
1.044453520978379e6
1.0440585225313158e6
1.0436496554660571e6
1.0432269599247993e6
1.0427904886819706e6
1.0423403064980719e6
1.0418764894835349e6
1.041399124474279e6
1.0409083084203899e6
1.0404041477891062e6
1.0398867579830927e6
1.0393562627747969e6
1.0388127937575049e6
1.038256489813577e6
1.0376874966001963e6
1.0371059660528591e6
1.0365120559067123e6
1.0359059292357783e6
1.0352877540099971e6
1.0346577026699652e6
1.0340159517191875e6
1.033362681333596e6
1.0326980749880575e6
1.0320223190995429e6
1.0313356026866054e6
1.0306381170447932e6
1.0299300554375835e6
1.0292116128024315e6
1.0284829854714946e6
1.027744370906596e6
1.0269959674479752e6
1.0262379740763799e6
1.0254705901880419e6
1.0246940153820886e6
1.0239084492599389e6
1.0231140912362378e6
1.0223111403608925e6
1.0214997951517744e6
1.0206802534376624e6
1.0198527122110096e6
1.0190173674901279e6
1.0181744141903879e6
1.0173240460040496e6
1.0164664552883436e6
1.0156018329614385e6
1.0147303684059324e6
1.0138522493795331e6
1.0129676619325823e6
1.0120767903321065e6
1.011179816992083e6
1.0102769224096163e6
1.0093682851067393e6
1.0084540815775527e6
1.0075344862404418e6
1.0066096713951048e6
1.0056798071841479e6
1.0047450615590068e6
1.0038056002499647e6
1.0028615867400487e6
1.0019131822425908e6
1.0009605456822558e6
1.0000038336793368e6
999043.2005371416
998078.7982322804
997110.7764077033
996139.2823683047
995164.4610789602
994186.4551648346
993205.4049138282
992221.4482810224
991234.720895
990245.356065918
989253.484795214
988259.2357868409
987262.7354599182
986264.1079627083
985263.475187813
984260.9567885094
983256.6701961309
982250.7306384207
981243.2511587712
980234.3426362833
979224.1138065734
978212.67128326
977200.1195800717
976186.5611335163
975172.0963260513
974156.8235097086
973140.8390301194
972124.2372508952
971107.1105783158
970089.5494862876
969071.6425415297
968053.4764289492
967035.1359771735
966016.704184204
964998.2622431634
963979.8895681011
962961.6638198368
961943.6609318107
960925.9551359202
959908.6189883156
958891.723395142
957875.3376381947
956859.5294004857
955844.3647916896
954829.9083734613
953816.2231846094
952803.3707661094
951791.411185945
950780.4030637658
949770.4035953534
948761.4685768774
947753.6524289446
946747.0082204205
945741.5876920243
944737.4412796879
943734.6181376684
942733.1661614161
941733.1320101868
940734.561129396
939737.49777271
938741.9850238763
937748.0648182759
936755.7779642136
935765.1641639296
934776.2620343372
933789.109127482
932803.7419507264
931820.195986652
930838.5057126862
929858.7046204451
928880.8252348009
927904.8991326696
926930.9569615186
925959.0284575977
924989.1424638948
924021.3269478137
923055.609018579
922092.0149443683
921130.5701691741
920171.299329395
919214.2262701612
918259.3740613936
917306.7650135999
916356.4206934123
915408.3619388628
914462.6088744065
913519.1809256878
912578.0968340589
911639.3746708493
910703.0318513867
909769.0851487792
908837.5507074575
907908.4440564752
906981.7801225807
906057.5732430542
905135.8371783168
904216.5851243151
1.1136307861371294e6
1.1136279204119304e6
1.1136237745609751e6
1.11361800812098e6
1.113610245051597e6
1.1136000773363705e6
1.113587068913887e6
1.11357075979976e6
1.1135506702825185e6
1.1135263050973825e6
1.11349715750097e6
1.113462713186907e6
1.1134224539971505e6
1.1133758613965036e6
1.113322419688561e6
1.1132616189602395e6
1.113192957749351e6
1.1131159454355543e6
1.1130301043596345e6
1.1129349716796572e6
1.1128301009751745e6
1.1127150636126013e6
1.1125894498861483e6
1.112452869949497e6
1.1123049545537424e6
1.1121453556072083e6
1.111973746572486e6
1.1117898227156643e6
1.111593301222154e6
1.111383921192841e6
1.1111614435335796e6
1.110925650750253e6
1.110676346660827e6
1.1104133560350256e6
1.1101365241714434e6
1.1098457164211492e6
1.1095408176660615e6
1.1092217317596788e6
1.1088883809370315e6
1.1085407052001012e6
1.108178661684328e6
1.107802224011261e6
1.1074113816318694e6
1.1070061391645614e6
1.1065865157314723e6
1.1061525442961913e6
1.1057042710056985e6
1.1052417545389382e6
1.1047650654641285e6
1.1042742856066173e6
1.1037695074288403e6
1.1032508334236708e6
1.1027183755222687e6
1.1021722545173059e6
1.101612599502305e6
1.1010395473276353e6
1.1004532420736065e6
1.0998538345409443e6
1.0992414817588406e6
1.0986163465106701e6
1.0979785968773724e6
1.0973284057984282e6
1.096665950650299e6
1.0959914128421256e6
1.0953049774284477e6
1.094606832738663e6
1.0938971700228972e6
1.093176183113936e6
1.0924440681048525e6
1.091701023041921e6
1.0909472476324216e6
1.0901829429668977e6
1.089408311255448e6
1.0886235555776055e6
1.0878288796453695e6
1.0870244875789436e6
1.086210583694739e6
1.085387372305207e6
1.0845550575300648e6
1.083713843118482e6
1.0828639322818099e6
1.0820055275364309e6
1.0811388305563296e6
1.0802640420349778e6
1.0793813615561489e6
1.0784909874732802e6
1.0775931167970162e6
1.0766879450905663e6
1.075775666372536e6
1.0748564730268926e6
1.073930555719728e6
1.0729981033225167e6
1.0720593028415511e6
1.0711143393532624e6
1.0701633959451448e6
1.0692066536619999e6
1.0682442914572475e6
1.0672764861490414e6
1.0663034123809412e6
1.0653252425869163e6
1.0643421469604454e6
1.0633542934275006e6
1.0623618476232043e6
1.0613649728719615e6
1.0603638301708782e6
1.0593585781762754e6
1.0583493731931348e6
1.0573363691672976e6
1.0563197176802647e6
1.0552995679464375e6
1.0542760668126626e6
1.05324935875993e6
1.0522195859070993e6
1.0511868880165238e6
1.050151402501455e6
1.0491132644351027e6
1.0480726065612495e6
1.0470295593063143e6
1.0459842507927605e6
1.044936806853757e6
1.0438873510489993e6
1.0428360046816096e6
1.0417828868160301e6
1.0407281142968322e6
1.0396718017683709e6
1.0386140616952126e6
1.0375550043832702e6
1.0364947380015821e6
1.035433368604678e6
1.0343710001554749e6
1.0333077345486452e6
1.0322436716344127e6
1.0311789092427278e6
1.0301135432077707e6
1.0290476673927489e6
1.0279813737149435e6
1.0269147521709645e6
1.0258478908621875e6
1.0247808760203273e6
1.0237137920331274e6
1.0226467214701266e6
1.0215797451084808e6
1.02051294195881e6
1.019446389291048e6
1.0183801626602712e6
1.017314335932483e6
1.016248981310336e6
1.0151841693587718e6
1.0141199690305602e6
1.013056447691724e6
1.0119936711468273e6
1.0109317036641233e6
1.0098706080005397e6
1.0088104454264903e6
1.0077512757505093e6
1.006693157343686e6
1.0056361471639005e6
1.004580300779845e6
1.0035256723948248e6
1.0024723148703353e6
1.0014202797493972e6
1.0003696172796609e6
999320.3764362559
998272.6049443961
997226.3493017232
996181.654800399
995138.5655489272
994097.1244937133
993057.3734403577
992019.3530746744
990983.1029834402
989948.6616748712
988916.0665988214
987885.3541667087
986856.5597711641
985829.717805405
984804.8616823303
983782.023853344
982761.2358268993
981742.5281867709
980725.9306100511
979711.471884878
978699.1799278867
977689.0818013947
976681.2037303188
975675.5711188223
974672.208566704
973671.1398855167
972672.3881144318
971675.9755358426
970681.9236907111
969690.2533936624
968700.9847478286
967714.1371594403
966729.7293521772
965747.7793812704
964768.3046473671
963791.3219101541
962816.8473017503
961844.8963398621
960875.4839407108
1.1797105922313118e6
1.179707712698333e6
1.1797035445209895e6
1.1796977437257962e6
1.1796899299328385e6
1.1796796899039375e6
1.1796665814373742e6
1.1796501374698405e6
1.179629870268084e6
1.1796052756132127e6
1.1795758368993402e6
1.1795410290850159e6
1.1795003224505764e6
1.179453186127234e6
1.1793990913745007e6
1.1793375145915125e6
1.1792679400552795e6
1.1791898623848339e6
1.1791027887350575e6
1.1790062407276528e6
1.1788997561295377e6
1.1787828902909844e6
1.1786552173572555e6
1.1785163312683553e6
1.1783658465620256e6
1.1782033989952318e6
1.1780286459992582e6
1.1778412669832075e6
1.1776409635001996e6
1.1774274592899599e6
1.1772005002108112e6
1.1769598540733312e6
1.1767053103871895e6
1.1764366800318828e6
1.176153794861314e6
1.1758565072514168e6
1.1755446895992544e6
1.1752182337813403e6
1.1748770505782259e6
1.1745210690717623e6
1.1741502360208482e6
1.1737645152208726e6
1.1733638868515675e6
1.17294834681746e6
1.1725179060846672e6
1.1720725900173562e6
1.1716124377167933e6
1.1711375013655492e6
1.170647845579108e6
1.170143546766823e6
1.1696246925038837e6
1.1690913809157263e6
1.168543720076084e6
1.1679818274196722e6
1.167405829170337e6
1.1668158597853049e6
1.1662120614160504e6
1.1655945833861579e6
1.1649635816864276e6
1.164319218487396e6
1.1636616616693237e6
1.1629910843696422e6
1.162307664547769e6
1.1616115845671485e6
1.1609030307943153e6
1.1601821932147327e6
1.1594492650651205e6
1.1587044424819578e6
1.157947924165807e6
1.1571799110610923e6
1.1564006060509458e6
1.1556102136667164e6
1.1548089398117275e6
1.1539969914988575e6
1.1531745766015223e6
1.1523419036176186e6
1.15149918144601e6
1.1506466191751054e6
1.1497844258831192e6
1.1489128104495762e6
1.1480319813776512e6
1.1471421466269195e6
1.1462435134561183e6
1.1453362882755254e6
1.1444206765085487e6
1.1434968824621662e6
1.1425651092058287e6
1.1416255584584724e6
1.140678430483284e6
1.139723923989881e6
1.1387622360435734e6
1.1377935619813858e6
1.1368180953345268e6
1.1358360277570141e6
1.1348475489601484e6
1.1338528466525755e6
1.1328521064856518e6
1.131845512003857e6
1.1308332446000075e6
1.1298154834750223e6
1.1287924056020149e6
1.127764185694486e6
1.1267309961784033e6
1.125693007167963e6
1.1246503864448355e6
1.1236032994407057e6
1.122551909222934e6
1.1214963764831482e6
1.1204368595286212e6
1.11937351427626e6
1.1183064942490603e6
1.1172359505748812e6
1.1161620319874014e6
1.1150848848291251e6
1.1140046530563072e6
1.1129214782456828e6
1.1118354996028861e6
1.1107468539724383e6
1.1096556758492144e6
1.1085620973912862e6
1.1074662484340337e6
1.1063682565054526e6
1.1052682468425606e6
1.1041663424088275e6
1.1030626639125436e6
1.101957329826062e6
1.1008504564058366e6
1.0997421577131988e6
1.0986325456357938e6
1.0975217299096405e6
1.096409818141733e6
1.0952969158331482e6
1.094183126402599e6
1.0930685512103932e6
1.09195328958274e6
1.0908374388363757e6
1.089721094303456e6
1.0886043493566848e6
1.087487295434634e6
1.086370022067235e6
1.085252616901391e6
1.0841351657266945e6
1.0830177525012156e6
1.0819004593773326e6
1.0807833667275824e6
1.0796665531705085e6
1.0785500955964804e6
1.0774340691934642e6
1.0763185474727268e6
1.0752036022944574e6
1.0740893038932811e6
1.0729757209036592e6
1.0718629203851542e6
1.0707509678475452e6
1.0696399272757904e6
1.0685298611548096e6
1.067420830494091e6
1.0663128948521002e6
1.0652061123604914e6
1.0641005397481057e6
1.06299623236475e6
1.0618932442047521e6
1.0607916279302842e6
1.059691434894445e6
1.0585927151641012e6
1.05749551754248e6
1.056399889591508e6
1.0553058776538987e6
1.0542135268749683e6
1.0531228812242048e6
1.052033983516559e6
1.050946875433476e6
1.0498615975436522e6
1.0487781893235277e6
1.0476966891775028e6
1.0466171344578828e6
1.0455395614845525e6
1.0444640055643747e6
1.0433905010103191e6
1.042319081160315e6
1.0412497783958336e6
1.0401826241602004e6
1.0391176489766318e6
1.0380548824660112e6
1.036994353364385e6
1.0359360895402017e6
1.03488011801128e6
1.0338264649615175e6
1.0327751557573305e6
1.031726214963842e6
1.0306796663608061e6
1.0296355329582788e6
1.0285938370120326e6
1.0275546000387251e6
1.0265178428308109e6
1.0254835854712152e6
1.0244518473477545e6
1.0234226471673236e6
1.0223960029698389e6
1.0213719321419469e6
1.0203504514304983e6
1.2488904327374713e6
1.2488875396662368e6
1.2488833495847916e6
1.2488775150626057e6
1.2488696514407746e6
1.2488593403259444e6
1.2488461334467556e6
1.2488295567335626e6
1.2488091145034225e6
1.248784293652367e6
1.2487545677753908e6
1.2487194011511267e6
1.248678252542757e6
1.2486305787793715e6
1.248575838092744e6
1.248513493193584e6
1.2484430140788287e6
1.248363880567637e6
1.248275584568671e6
1.2481776320850686e6
1.2480695449664665e6
1.247950862419604e6
1.2478211422905736e6
1.2476799621328095e6
1.2475269200754683e6
1.2473616355071089e6
1.2471837495895291e6
1.2469929256163475e6
1.2467888492305146e6
1.2465712285143777e6
1.2463397939652854e6
1.2460942983690365e6
1.245834516582729e6
1.2455602452378296e6
1.245271302373521e6
1.2449675270096473e6
1.2446487786678465e6
1.244314936848764e6
1.243965900472553e6
1.2436015872892463e6
1.2432219332649605e6
1.2428268919493402e6
1.242416433829093e6
1.2419905456719883e6
1.2415492298652274e6
1.2410925037516488e6
1.2406203989668484e6
1.2401329607799419e6
1.239630247440329e6
1.2391123295325553e6
1.2385792893410523e6
1.238031220226308e6
1.2374682260137748e6
1.2368904203966213e6
1.236297926353241e6
1.2356908755802636e6
1.2350694079416622e6
1.2344336709344077e6
1.2337838191710145e6
1.2331200138791862e6
1.232442422418708e6
1.2317512178156066e6
1.231046578313571e6
1.2303286869425087e6
1.229597731104102e6
1.2288539021741494e6
1.2280973951214394e6
1.2273284081428808e6
1.2265471423145633e6
1.2257538012584094e6
1.2249485908240583e6
1.2241317187855833e6
1.223303394552668e6
1.222463828895819e6
1.221613233685209e6
1.2207518216427285e6
1.2198798061068268e6
1.218997400809715e6
1.2181048196665149e6
1.2172022765759325e6
1.21628998523204e6
1.215368158946757e6
1.2144370104826281e6
1.2134967518954983e6
1.2125475943866966e6
1.211589748164344e6
1.2106234223134234e6
1.2096488246742305e6
1.2086661617288697e6
1.2076756384954336e6
1.2066774584295482e6
1.2056718233329419e6
1.204658933268737e6
1.2036389864831509e6
1.202612179333313e6
1.2015787062209162e6
1.2005387595314253e6
1.1994925295785696e6
1.198440204553879e6
1.1973819704810039e6
1.1963180111745822e6
1.1952485082034352e6
1.1941736408578584e6
1.1930935861208085e6
1.192008518642777e6
1.1909186107201558e6
1.1898240322769096e6
1.1887249508493803e6
1.1876215315740432e6
1.186513937178057e6
1.1854023279724475e6
1.1842868618477795e6
1.1831676942721638e6
1.18204497829147e6
1.1809188645316097e6
1.1797895012027663e6
1.1786570341054483e6
1.1775216066382565e6
1.1763833598072494e6
1.1752424322368125e6
1.174098960181918e6
1.172953077541694e6
1.1718049158742079e6
1.170654604412373e6
1.169502270080906e6
1.1683480375142514e6
1.167192029075398e6
1.1660343648755273e6
1.1648751627944105e6
1.1637145385015074e6
1.162552605477695e6
1.1613894750375785e6
1.1602252563523187e6
1.1590600564729385e6
1.1578939803540462e6
1.1567271308779432e6
1.155559608879061e6
1.15439151316869e6
1.1532229405599665e6
1.1520539858930733e6
1.1508847420606243e6
1.1497153000331973e6
1.148545748884988e6
1.1473761758195478e6
1.1462066661955928e6
1.1450373035528406e6
1.143868169637863e6
1.1426993444299295e6
1.1415309061668143e6
1.1403629313705552e6
1.1391954948731405e6
1.138028669842106e6
1.136862527806029e6
1.1356971386799016e6
1.1345325707903686e6
1.1333688909008193e6
1.1322061642363193e6
1.131044454508368e6
1.1298838239394778e6
1.1287243332875585e6
1.1275660418701037e6
1.1264090075881646e6
1.1252532869501114e6
1.1240989350951642e6
1.1229460058167034e6
1.121794551585334e6
1.1206446235717165e6
1.1194962716691503e6
1.1183495445159036e6
1.1172044895172946e6
1.1160611528675132e6
1.1149195795711838e6
1.1137798134646667e6
1.1126418972370916e6
1.1115058724511338e6
1.1103717795635092e6
1.1092396579452194e6
1.1081095459015078e6
1.1069814806915633e6
1.1058554985479414e6
1.1047316346957234e6
1.1036099233714035e6
1.1024903978415052e6
1.1013730904209297e6
1.1002580324910413e6
1.0991452545174782e6
1.0980347860677014e6
1.0969266558282839e6
1.0958208916219298e6
1.094717520424236e6
1.0936165683801977e6
1.092518060820444e6
1.0914220222772378e6
1.0903284765002031e6
1.089237446471812e6
1.08814895442262e6
1.08706302184625e6
1.0859796695141408e6
1.0848989174900444e6
1.0838207851442883e6
1.0827452911677998e6
1.3212781195832253e6
1.3212752132358863e6
1.3212710016615838e6
1.3212651340249786e6
1.3212572214478955e6
1.3212468404476536e6
1.3212335367534533e6
1.3212168293617757e6
1.3211962147123672e6
1.3211711708860074e6
1.3211411617432912e6
1.321105640940026e6
1.3210640557692691e6
1.3210158507926492e6
1.3209604712343875e6
1.3208973661205822e6
1.320825991153884e6
1.320745811319945e6
1.3206563032270134e6
1.3205569571840363e6
1.320447279025692e6
1.3203267916950784e6
1.320195036596445e6
1.3200515747314831e6
1.3198959876333666e6
1.31972787811308e6
1.3195468708325962e6
1.3193526127192997e6
1.3191447732356868e6
1.3189230445178745e6
1.3186871413958902e6
1.3184368013080428e6
1.3181717841209746e6
1.3178918718662965e6
1.3175968684039556e6
1.3172865990217845e6
1.3169609099799413e6
1.3166196680082926e6
1.3162627597640902e6
1.3158900912566956e6
1.3155015872454632e6
1.3150971906163602e6
1.3146768617423421e6
1.3142405778320096e6
1.3137883322706118e6
1.3133201339570188e6
1.312836006639895e6
1.3123359882559273e6
1.3118201302726313e6
1.3112884970379316e6
1.3107411651384558e6
1.3101782227681836e6
1.3095997691088852e6
1.309005913723562e6
1.3083967759638925e6
1.307772484392532e6
1.3071331762209372e6
1.3064789967632631e6
1.3058100989067266e6
1.3051266425987463e6
1.3044287943510395e6
1.3037167267607844e6
1.302990618048871e6
1.3022506516151892e6
1.3014970156108453e6
1.3007299025271414e6
1.2999495088011133e6
1.299156034437366e6
1.2983496826459286e6
1.2975306594958138e6
1.2966991735839364e6
1.29585543571904e6
1.2949996586202488e6
1.2941320566298615e6
1.2932528454399873e6
1.2923622418326137e6
1.2914604634327062e6
1.2905477284739183e6
1.289624255576503e6
1.288690263537011e6
1.2877459711293704e6
1.286791596916936e6
1.2858273590751167e6
1.284853475224171e6
1.2838701622718014e6
1.282877636265148e6
1.281876112251822e6
1.2808658041496063e6
1.2798469246244738e6
1.2788196849765652e6
1.277784295033807e6
1.2767409630528195e6
1.2756898956268162e6
1.274631297600171e6
1.2735653719893647e6
1.2724923199100131e6
1.2714123405097e6
1.2703256309063444e6
1.269232386131845e6
1.2681327990807372e6
1.2670270604636364e6
1.26591535876522e6
1.2647978802065297e6
1.2636748087113814e6
1.2625463258766576e6
1.2614126109463053e6
1.2602738407888298e6
1.2591301898781057e6
1.2579818302773293e6
1.256828931625943e6
1.255671661129363e6
1.2545101835513662e6
1.2533446612089686e6
1.2521752539696808e6
1.2510021192509672e6
1.249825412021815e6
1.248645284806261e6
1.2474618876887714e6
1.2462753683213545e6
1.2450858719323005e6
1.2438935413364447e6
1.24269851694685e6
1.2415009367878216e6
1.2403009365091606e6
1.2390986494015662e6
1.2378942064131182e6
1.236687736166741e6
1.2354793649785984e6
1.234269216877332e6
1.2330574136240806e6
1.231844074733224e6
1.2306293174937812e6
1.2294132569914088e6
1.2281960061309477e6
1.2269776756594693e6
1.2257583741897542e6
1.2245382082241883e6
1.2233172821789985e6
1.2220956984088134e6
1.2208735572314926e6
1.219650956953194e6
1.2184279938936464e6
1.2172047624115867e6
1.2159813549303366e6
1.2147578619634889e6
1.213534372140669e6
1.2123109722333534e6
1.2110877471807166e6
1.209864780115483e6
1.2086421523897618e6
1.2074199436008453e6
1.2061982316169525e6
1.2049770926028963e6
1.203756601045659e6
1.2025368297798662e6
1.2013178500131294e6
1.2000997313512631e6
1.1988825418233485e6
1.1976663479066335e6
1.1964512145512728e6
1.1952372052048715e6
1.1940243818368518e6
1.192812804962611e6
1.191602533667473e6
1.1903936256304297e6
1.189186137147656e6
1.1879801231557967e6
1.186775637255021e6
1.185572731731842e6
1.1843714575816859e6
1.1831718645312195e6
1.1819740010604244e6
1.1807779144244187e6
1.1795836506750223e6
1.1783912546820585e6
1.1772007701544028e6
1.1760122396607588e6
1.1748257046501793e6
1.1736412054723168e6
1.1724587813974079e6
1.1712784706359918e6
1.1701003103583653e6
1.1689243367137662e6
1.1677505848492903e6
1.1665790889285482e6
1.1654098821500477e6
1.1642429967653172e6
1.163078464096767e6
1.1619163145552783e6
1.1607565776575424e6
1.1595992820431332e6
1.1584444554913216e6
1.1572921249376342e6
1.1561423164901575e6
1.154995055445588e6
1.1538503663050297e6
1.1527082727895472e6
1.1515687978554661e6
1.150431963709431e6
1.1492977918232218e6
1.1481663029483308e6
1.396983935714895e6
1.3969810163464795e6
1.3969767836798688e6
1.3969708835262407e6
1.3969629228470102e6
1.3969524731352897e6
1.3969390741905475e6
1.3969222381476657e6
1.3969014536416796e6
1.3968761900086177e6
1.3968459014406072e6
1.3968100310295087e6
1.3967680146476764e6
1.3967192846269568e6
1.3966632732078512e6
1.3965994157399153e6
1.3965271536221555e6
1.3964459369784864e6
1.3963552270684675e6
1.3962544984376046e6
1.3961432408147147e6
1.396020960766262e6
1.3958871831193618e6
1.3957414521663766e6
1.3955833326648204e6
1.395412410646711e6
1.3952282940516388e6
1.3950306131977153e6
1.394819021104264e6
1.3945931936797064e6
1.3943528297875386e6
1.3940976512027022e6
1.3938274024699891e6
1.393541850675424e6
1.3932407851408785e6
1.3929240170514563e6
1.3925913790244965e6
1.3922427246283735e6
1.3918779278585976e6
1.3914968825781092e6
1.391099501928054e6
1.390685717714752e6
1.3902554797780574e6
1.3898087553457771e6
1.389345528378376e6
1.3888657989077454e6
1.3883695823733956e6
1.3878569089590963e6
1.387327822932594e6
1.3867823819907622e6
1.3862206566122198e6
1.3856427294192056e6
1.3850486945502362e6
1.3844386570448724e6
1.3838127322417e6
1.3831710451904614e6
1.382513730079109e6
1.3818409296763886e6
1.381152794790452e6
1.3804494837438532e6
1.379731161865193e6
1.3789980009975785e6
1.3782501790239648e6
1.377487879409402e6
1.3767112907600983e6
1.3759206063992116e6
1.3751160239591692e6
1.3742977449903172e6
1.37346597458565e6
1.3726209210213164e6
1.3717627954126147e6
1.3708918113851212e6
1.3700081847606078e6
1.3691121332573812e6
1.368203876204654e6
1.3672836342705654e6
1.3663516292034478e6
1.3654080835859473e6
1.3644532206015787e6
1.3634872638133299e6
1.3625104369538974e6
1.3615229637271615e6
1.3605250676205007e6
1.3595169717275514e6
1.3584988985810338e6
1.3574710699952568e6
1.3564337069179323e6
1.355387029290934e6
1.3543312559196441e6
1.3532666043505361e6
1.3521932907566587e6
1.3511115298306867e6
1.3500215346852185e6
1.3489235167600072e6
1.3478176857358222e6
1.3467042494546492e6
1.3455834138459421e6
1.3444553828586545e6
1.3433203583987777e6
1.3421785402721378e6
1.3410301261322033e6
1.339875311432649e6
1.3387142893844687e6
1.3375472509173986e6
1.3363743846454443e6
1.3351958768362985e6
1.3340119113844673e6
1.332822669787898e6
1.3316283311279372e6
1.3304290720524373e6
1.3292250667618522e6
1.3280164869981501e6
1.3268035020364e6
1.3255862786788745e6
1.3243649812515331e6
1.3231397716027526e6
1.3219108091041634e6
1.3206782506534846e6
1.319442250679222e6
1.3182029611471288e6
1.3169605315683172e6
1.3157151090089083e6
1.314466838101137e6
1.3132158610558067e6
1.3119623176760082e6
1.310706345372013e6
1.3094480791772692e6
1.3081876517654073e6
1.3069251934681975e6
1.3056608322943742e6
1.3043946939492722e6
1.3031269018552024e6
1.3018575771725094e6
1.3005868388212575e6
1.2993148035034786e6
1.2980415857259447e6
1.296767297823407e6
1.2954920499822528e6
1.2942159502645424e6
1.292939104632382e6
1.2916616169725896e6
1.2903835891216157e6
1.2891051208906935e6
1.2878263100911693e6
1.2865472525599906e6
1.2852680421853247e6
1.2839887709322697e6
1.282709528868638e6
1.2814304041907839e6
1.2801514832494573e6
1.2788728505756506e6
1.2775945889064276e6
1.276316779210712e6
1.27503950071501e6
1.273762830929064e6
1.2724868456714016e6
1.27121161909479e6
1.26993722371155e6
1.2686637304187526e6
1.2673912085232479e6
1.266119725766547e6
1.2648493483495293e6
1.263580140956966e6
1.2623121667818553e6
1.2610454875495622e6
1.259780163541748e6
1.2585162536200872e6
1.257253815249765e6
1.2559929045227517e6
1.254733576180839e6
1.2534758836384467e6
1.2522198790051874e6
1.2509656131081814e6
1.2497131355141317e6
1.2484624945511417e6
1.2472137373302819e6
1.245966909766898e6
1.2447220566016636e6
1.2434792214213712e6
1.2422384466794622e6
1.2409997737162956e6
1.2397632427791504e6
1.238528893041971e6
1.2372967626248386e6
1.236066888613192e6
1.2348393070767703e6
1.2336140530883044e6
1.232391160741938e6
1.231170663171388e6
1.229952592567849e6
1.2287369801976313e6
1.227523856419542e6
1.2263132507020102e6
1.2251051916399556e6
1.2238997069714002e6
1.222696823593834e6
1.22149656758032e6
1.22029896419536e6
1.2191040379105068e6
1.2179118124197363e6
1.2167223106545713e6
1.4761206630945483e6
1.4761177309531982e6
1.47611347758447e6
1.4761075454964836e6
1.4760995375482372e6
1.4760890202730224e6
1.4760755276097497e6
1.4760585649037433e6
1.4760376130580595e6
1.476012132735065e6
1.475981568525442e6
1.475945353017633e6
1.4759029107149446e6
1.4758536617599681e6
1.4757970254367709e6
1.4757324234305047e6
1.4756592828318165e6
1.4755770388798586e6
1.4754851374429392e6
1.4753830372400533e6
1.4752702118098415e6
1.4751461512360817e6
1.4750103636406858e6
1.4748623764565452e6
1.4747017374934298e6
1.474528015810681e6
1.4743408024106512e6
1.4741397107667911e6
1.4739243772000917e6
1.473694461117196e6
1.4734496451230182e6
1.4731896350201517e6
1.4729141597067155e6
1.4726229709836284e6
1.472315843281649e6
1.471992573317807e6
1.4716529796901841e6
1.471296902419357e6
1.4709242024441413e6
1.4705347610786646e6
1.4701284794372215e6
1.469705277832761e6
1.4692650951543613e6
1.4688078882285177e6
1.4683336311686146e6
1.4678423147165095e6
1.467333945579737e6
1.466808545767489e6
1.4662661519281447e6
1.465706814690831e6
1.4651305980131691e6
1.4645375785371228e6
1.4639278449545803e6
1.463301497384105e6
1.462658646760063e6
1.4619994142351544e6
1.4613239305972096e6
1.4606323357009483e6
1.4599247779152666e6
1.4592014135864938e6
1.4584624065179378e6
1.4577079274659555e6
1.4569381536526766e6
1.456153268295443e6
1.4553534601529478e6
1.4545389230880064e6
1.4537098556468182e6
1.452866460654554e6
1.452008944827045e6
1.4511375183983215e6
1.4502523947637153e6
1.449353790138223e6
1.4484419232297884e6
1.447517014927167e6
1.446579288002e6
1.4456289668247271e6
1.444666277093958e6
1.4436914455789092e6
1.4427046998745124e6
1.441706268168807e6
1.4406963790222108e6
1.4396752611582857e6
1.4386431432655943e6
1.437600253810275e6
1.4365468208589358e6
1.4354830719115033e6
1.4344092337436432e6
1.433325532258398e6
1.4322321923466786e6
1.431129437756259e6
1.4300174909689394e6
1.4288965730855386e6
1.427766903718396e6
1.4266287008910598e6
1.4254821809448705e6
1.4243275584521226e6
1.4231650461355355e6
1.421994854793739e6
1.4208171932325119e6
1.4196322682015088e6
1.4184402843362223e6
1.4172414441049423e6
1.4160359477604653e6
1.414823993296341e6
1.4136057764074262e6
1.4123814904545401e6
1.4111513264330183e6
1.4099154729449716e6
1.4086741161750578e6
1.4074274398695915e6
1.406175625318813e6
1.4049188513421593e6
1.4036572942763674e6
1.4023911279662624e6
1.4011205237580852e6
1.3998456504952156e6
1.3985666745161598e6
1.3972837596546717e6
1.3959970672418792e6
1.3947067561103147e6
1.3934129825997143e6
1.3921159005644938e6
1.390815661382796e6
1.389512413967004e6
1.3882063047756355e6
1.386897477826519e6
1.38558607471118e6
1.3842722346103357e6
1.3829560943104431e6
1.3816377882212072e6
1.380317448393988e6
1.3789952045410436e6
1.3776711840555295e6
1.3763455120322106e6
1.3750183112888185e6
1.3736897023879983e6
1.3723598036598002e6
1.3710287312246556e6
1.3696965990168005e6
1.368363518808096e6
1.367029600232202e6
1.3656949508090708e6
1.364359675969713e6
1.3630238790812087e6
1.3616876614719243e6
1.3603511224569003e6
1.3590143593633915e6
1.3576774675565118e6
1.3563405404649763e6
1.3550036696068977e6
1.3536669446156283e6
1.3523304532656092e6
1.3509942814982182e6
1.349658513447589e6
1.3483232314663846e6
1.3469885161515083e6
1.3456544463697318e6
1.3443210992832293e6
1.342988550375e6
1.341656873474168e6
1.3403261407811386e6
1.3389964228926147e6
1.3376677888264465e6
1.3363403060463106e6
1.335014040486211e6
1.3336890565747926e6
1.3323654172594508e6
1.3310431840302444e6
1.3297224169435918e6
1.3284031746457496e6
1.32708551439607e6
1.3257694920900243e6
1.324455162281998e6
1.3231425782078449e6
1.321831791807197e6
1.3205228537455355e6
1.3192158134360057e6
1.3179107190609854e6
1.3166076175933986e6
1.3153065548177753e6
1.314007575351051e6
1.3127107226631118e6
1.3114160390970767e6
1.31012356588932e6
1.3088333431892395e6
1.3075454100787516e6
1.3062598045915382e6
1.3049765637320227e6
1.3036957234940913e6
1.302417318879553e6
1.3011413839163391e6
1.2998679516764458e6
1.2985970542936178e6
1.2973287229807784e6
1.2960629880472017e6
1.2947998789154324e6
1.2935394241379553e6
1.292281651413612e6
1.291026587603772e6
1.2897742587482529e6
1.2885246900810013e6
1.5588036106970275e6
1.55880066602423e6
1.5587963923335434e6
1.558790428879557e6
1.5587823744759911e6
1.5587717907599432e6
1.558758205878378e6
1.5587411184588168e6
1.55872000174514e6
1.5586943077976354e6
1.5586634716735438e6
1.5586269155199314e6
1.5585840525248018e6
1.558534290684695e6
1.5584770363578107e6
1.5584116975809075e6
1.5583376871360093e6
1.5582544253594847e6
1.5581613426913472e6
1.558057881966993e6
1.5579435004569765e6
1.5578176716630936e6
1.5576798868810483e6
1.557529656541413e6
1.5573665113415981e6
1.5571900031821388e6
1.5569997059209053e6
1.5567952159589021e6
1.5565761526711397e6
1.5563421586957762e6
1.5560929000942805e6
1.5558280663948518e6
1.555547370530754e6
1.5552505486845877e6
1.5549373600488931e6
1.5546075865127917e6
1.5542610322837422e6
1.5538975234528203e6
1.5535169075112944e6
1.5531190528256812e6
1.552703848077839e6
1.5522712016761373e6
1.551821041143169e6
1.5513533124850066e6
1.5508679795465034e6
1.5503650233567143e6
1.5498444414681045e6
1.5493062472928045e6
1.5487504694388593e6
1.548177151049049e6
1.5475863491445791e6
1.5469781339756604e6
1.5463525883807398e6
1.5457098071559044e6
1.545049896435784e6
1.5443729730870663e6
1.5436791641155765e6
1.5429686060877063e6
1.5422414445668368e6
1.5414978335652626e6
1.5407379350120213e6
1.5399619182369101e6
1.5391699594708914e6
1.538362241362998e6
1.537538952513777e6
1.5367002870252426e6
1.5358464440672547e6
1.5349776274601812e6
1.5340940452736674e6
1.533195909441291e6
1.5322834353908417e6
1.5313568416899568e6
1.5304163497067895e6
1.5294621832853975e6
1.5284945684354994e6
1.5275137330362448e6
1.526519906553629e6
1.5255133197711844e6
1.5244942045335532e6
1.5234627935025697e6
1.5224193199254593e6
1.521364017414768e6
1.5202971197396405e6
1.5192188606280552e6
1.5181294735796477e6
1.5170291916887413e6
1.5159182474772118e6
1.5147968727368333e6
1.5136652983807377e6
1.5125237543036437e6
1.511372469250512e6
1.5102116706932918e6
1.5090415847154323e6
1.5078624359038437e6
1.506674447247994e6
1.505477840045847e6
1.5042728338163442e6
1.5030596462181527e6
1.5018384929743968e6
1.5006095878031193e6
1.4993731423532055e6
1.498129366145524e6
1.496878466519049e6
1.4956206485817258e6
1.4943561151658597e6
1.4930850667878115e6
1.491807701611794e6
1.4905242154175662e6
1.4892348015718337e6
1.4879396510031745e6
1.4866389521803036e6
1.485332891093516e6
1.4840216512391309e6
1.4827054136067922e6
1.481384356669468e6
1.480058656375999e6
1.478728486146066e6
1.4773940168674386e6
1.4760554168953737e6
1.4747128520540495e6
1.4733664856399088e6
1.472016478426807e6
1.4706629886728523e6
1.4693061721288376e6
1.4679461820481685e6
1.466583169198186e6
1.4652172818728057e6
1.463848665906377e6
1.4624774646886883e6
1.4611038191810367e6
1.4597278679332875e6
1.4583497471018613e6
1.4569695904685638e6
1.4555875294602136e6
1.4542036931689933e6
1.4528182083734726e6
1.4514311995602443e6
1.4500427889461233e6
1.4486530965008566e6
1.4472622399702992e6
1.4458703349000048e6
1.4444774946592003e6
1.4430838304650865e6
1.4416894514074444e6
1.4402944644734967e6
1.4388989745729957e6
1.4375030845635077e6
1.4361068952758547e6
1.4347105055396918e6
1.4333140122091873e6
1.4319175101887851e6
1.4305210924590176e6
1.4291248501023497e6
1.427728872329032e6
1.4263332465029447e6
1.424938058167404e6
1.4235433910709238e6
1.4221493271929098e6
1.4207559467692657e6
1.4193633283179076e6
1.417971548664163e6
1.4165806829660411e6
1.4151908047393719e6
1.4138019858827887e6
1.4124142967025533e6
1.411027805937214e6
1.4096425807820787e6
1.4082586869135e6
1.4068761885129719e6
1.4054951482910118e6
1.4041156275108415e6
1.4027376860118485e6
1.4013613822328248e6
1.399986773234979e6
1.3986139147247197e6
1.3972428610761983e6
1.395873665353617e6
1.39450637933329e6
1.3931410535254611e6
1.3917777371958734e6
1.390416478387086e6
1.3890573239395414e6
1.3877003195123747e6
1.3863455096039698e6
1.3849929375722609e6
1.3836426456547724e6
1.3822946749884028e6
1.3809490656289523e6
1.3796058565703905e6
1.3782650857638663e6
1.3769267901364584e6
1.3755910056096714e6
1.374257767117675e6
1.3729271086252858e6
1.3715990631456936e6
1.3702736627579373e6
1.3689509386241282e6
1.3676309210064162e6
1.366313639283716e6
1.364999121968178e6
1.3636873967214155e6
1.645150642506986e6
1.6451476855377953e6
1.6451433918955876e6
1.645137397630074e6
1.6451292975659675e6
1.6451186485070353e6
1.6451049728763204e6
1.645087762654966e6
1.6450664835004793e6
1.6450405789430637e6
1.6450094745753955e6
1.6449725821665996e6
1.6449293036450618e6
1.6448790349069948e6
1.6448211694184032e6
1.6447551015873495e6
1.6446802298912394e6
1.6445959597504402e6
1.6445017061449483e6
1.6443968959752708e6
1.6442809701721764e6
1.6441533855627743e6
1.6440136165024491e6
1.6438611562837586e6
1.6436955183344777e6
1.643516237217662e6
1.6433228694469912e6
1.6431149941307642e6
1.6428922134578358e6
1.642654153038535e6
1.642400462113208e6
1.6421308136405824e6
1.6418449042775894e6
1.6415424542616874e6
1.6412232072061258e6
1.6408869298179375e6
1.6405334115478199e6
1.640162464180416e6
1.6397739213729077e6
1.639367638149203e6
1.6389434903564428e6
1.6385013740899789e6
1.6380412050924462e6
1.6375629181320777e6
1.6370664663648875e6
1.636551820684963e6
1.63601896906665e6
1.6354679159020474e6
1.6348986813368646e6
1.6343113006073758e6
1.6337058233808689e6
1.6330823131017366e6
1.6324408463450824e6
1.63178151217947e6
1.631104411540241e6
1.630409656614613e6
1.6296973702396033e6
1.6289676853136378e6
1.6282207442225849e6
1.6274566982807857e6
1.626675707187554e6
1.6258779384995045e6
1.6250635671189602e6
1.6242327747986063e6
1.6233857496624964e6
1.6225226857434087e6
1.6216437825365283e6
1.620749244569349e6
1.6198392809876602e6
1.6189141051574196e6
1.6179739342822975e6
1.6170189890366422e6
1.6160494932135714e6
1.6150656733879019e6
1.6140677585935837e6
1.613055980015305e6
1.6120305706939183e6
1.6109917652453184e6
1.6099397995924195e6
1.6088749107098419e6
1.6077973363809397e6
1.6067073149667915e6
1.6056050851867704e6
1.6044908859103236e6
1.6033649559595762e6
1.602227533922402e6
1.6010788579755784e6
1.5999191657176786e6
1.598748694011334e6
1.5975676788345247e6
1.5963763551405484e6
1.5951749567263448e6
1.5939637161088302e6
1.5927428644089417e6
1.591512631243065e6
1.5902732446215483e6
1.589024930854008e6
1.5877679144611424e6
1.5865024180927656e6
1.585228662451802e6
1.5839468662239776e6
1.5826572460129543e6
1.58136001628066e6
1.5800553892925875e6
1.5787435750678233e6
1.577424781333591e6
1.5760992134841005e6
1.5747670745434922e6
1.573428565132677e6
1.5720838834398962e6
1.570733225194798e6
1.5693767836458723e6
1.568014749541063e6
1.5666473111114048e6
1.5652746540575165e6
1.5638969615388142e6
1.5625144141652905e6
1.5611271899917247e6
1.5597354645141936e6
1.558339410668754e6
1.5569391988321752e6
1.5555349968246033e6
1.5541269699140524e6
1.552715280822609e6
1.5513000897342472e6
1.5498815543041646e6
1.548459829669536e6
1.5470350684616056e6
1.5456074208190176e6
1.5441770344023257e6
1.5427440544095794e6
1.5413086235929318e6
1.5398708822761907e6
1.538430968373241e6
1.536989017407282e6
1.5355451625308176e6
1.5340995345463338e6
1.5326522619276154e6
1.531203470841645e6
1.5297532851710373e6
1.5283018265369555e6
1.52684921432247e6
1.5253955656963126e6
1.523940995636987e6
1.5224856169571958e6
1.521029540328545e6
1.519572874306497e6
1.5181157253555309e6
1.5166581978744871e6
1.5152003942220558e6
1.5137424147423941e6
1.5122843577908343e6
1.5108263197596632e6
1.5093683951039482e6
1.5079106763673853e6
1.5064532542081543e6
1.5049962174247513e6
1.5035396529817889e6
1.5020836460357418e6
1.5006282799606223e6
1.499173636373568e6
1.4977197951603334e6
1.4962668345006644e6
1.494814830893546e6
1.4933638591823126e6
1.4919139925796068e6
1.4904653026921803e6
1.4890178595455233e6
1.4875717316083144e6
1.4861269858166834e6
1.4846836875982834e6
1.4832419008961539e6
1.4818016881923801e6
1.480363110531539e6
1.4789262275439207e6
1.4774910974685294e6
1.4760577771758523e6
1.4746263221903974e6
1.4731967867129922e6
1.4717692236428407e6
1.4703436845993432e6
1.4689202199436652e6
1.4674988788000569e6
1.4660797090769291e6
1.4646627574876726e6
1.4632480695712266e6
1.4618356897123926e6
1.4604256611618963e6
1.4590180260561903e6
1.4576128254370051e6
1.4562100992706453e6
1.4548098864670238e6
1.45341222489845e6
1.4520171514181567e6
1.4506247018785775e6
1.4492349111493677e6
1.4478478131351743e6
1.4464634407931555e6
1.445081826150251e6
1.4437030003202013e6
1.4423269935203197e6
1.7352822055159265e6
1.735279236479177e6
1.7352749232464705e6
1.735268898710419e6
1.7352607537621416e6
1.7352500404341647e6
1.735236275493019e6
1.7352189443445206e6
1.735197505132555e6
1.7351713929295593e6
1.7351400239333005e6
1.7351027995996673e6
1.735059110654922e6
1.7350083409430366e6
1.7349498710744332e6
1.7348830818516922e6
1.734807357455678e6
1.734722088382159e6
1.7346266741245228e6
1.7345205256026979e6
1.7344030673420085e6
1.7342737394085776e6
1.734131999110094e6
1.7339773224724026e6
1.7338092055035678e6
1.7336271652578483e6
1.73343074071245e6
1.7332194934701647e6
1.7329930083009421e6
1.7327508935352643e6
1.732492781321865e6
1.7322183277619157e6
1.7319272129312835e6
1.7316191408019182e6
1.731293839072842e6
1.7309510589205842e6
1.7305905746783088e6
1.7302121834522437e6
1.729815704683427e6
1.7294009796621825e6
1.7289678710021689e6
1.7285162620802964e6
1.728046056448268e6
1.7275571772210214e6
1.7270495664468617e6
1.7265231844636365e6
1.7259780092448886e6
1.7254140357395327e6
1.7248312752082427e6
1.724229754559398e6
1.7236095156871246e6
1.7229706148136829e6
1.7223131218381908e6
1.7216371196934173e6
1.720942703712173e6
1.7202299810046093e6
1.7194990698475502e6
1.7187500990868246e6
1.7179832075533937e6
1.7171985434939386e6
1.7163962640164546e6
1.715576534551253e6
1.71473952832772e6
1.7138854258670267e6
1.7130144144909624e6
1.7121266878469393e6
1.7112224454491897e6
1.710301892236086e6
1.7093652381434946e6
1.7084126976939978e6
1.707444489601801e6
1.706460836393104e6
1.7054619640416726e6
1.7044481016193405e6
1.703419480961134e6
1.7023763363447075e6
1.701318904183754e6
1.7002474227350382e6
1.6991621318187132e6
1.6980632725515454e6
1.696951087092691e6
1.695825818401646e6
1.6946877100080103e6
1.693537005792686e6
1.6923739497801417e6
1.6911987859413838e6
1.6900117580072605e6
1.688813109291749e6
1.687603082524863e6
1.6863819196948414e6
1.6851498618992695e6
1.683907149204796e6
1.6826540205151285e6
1.68139071344697e6
1.6801174642135992e6
1.6788345075157736e6
1.6775420764396773e6
1.6762404023616028e6
1.6749297148591022e6
1.673610241628326e6
1.672282208407286e6
1.6709458389047938e6
1.669601354734812e6
1.6682489753559872e6
1.6668889180161352e6
1.6655213977014446e6
1.6641466270901873e6
1.6627648165107253e6
1.6613761739036152e6
1.6599809047876066e6
1.65857921222936e6
1.6571712968166901e6
1.6557573566351729e6
1.6543375872479395e6
1.6529121816784998e6
1.6514813303964431e6
1.6500452213058684e6
1.6486040397363906e6
1.6471579684366032e6
1.6457071875698504e6
1.644251874712194e6
1.642792204852446e6
1.641328350394156e6
1.6398604811594419e6
1.6383887643945555e6
1.636913364777085e6
1.6354344444246893e6
1.6339521629052856e6
1.6324666772485839e6
1.6309781419588956e6
1.6294867090291285e6
1.6279925279558988e6
1.626495745755668e6
1.624996506981862e6
1.6234949537428732e6
1.621991225720906e6
1.6204854601915907e6
1.6189777920443176e6
1.6174683538032158e6
1.6159572756487532e6
1.6144446854398781e6
1.6129307087366756e6
1.6114154688234765e6
1.6098990867323894e6
1.6083816812672059e6
1.6068633690276407e6
1.6053442644338699e6
1.603824479751336e6
1.6023041251157792e6
1.6007833085584664e6
1.599262136031591e6
1.5977407114338055e6
1.5962191366358735e6
1.5946975115064008e6
1.5931759339376332e6
1.5916544998712896e6
1.5901333033244177e6
1.5886124364152418e6
1.58709198938899e6
1.5855720506436846e6
1.5840527067558672e6
1.5825340425062634e6
1.5810161409053437e6
1.5794990832187973e6
1.5779829489928798e6
1.5764678160796373e6
1.574953760661992e6
1.5734408572786741e6
1.5719291788490003e6
1.5704187966974725e6
1.5689097805782096e6
1.5674021986991838e6
1.5658961177462717e6
1.5643916029070946e6
1.5628887178946633e6
1.561387524970803e6
1.5598880849693595e6
1.5583904573191903e6
1.5568947000669187e6
1.5554008698994652e6
1.5539090221663394e6
1.5524192109016937e6
1.5509314888461411e6
1.5494459074683245e6
1.5479625169862441e6
1.546481366388335e6
1.545002503454299e6
1.5435259747756864e6
1.54205182577622e6
1.5405801007318792e6
1.5391108427907226e6
1.53764409399246e6
1.5361798952877736e6
1.5347182865573845e6
1.5332593066308706e6
1.5318029933052247e6
1.530349383363171e6
1.5288985125912244e6
1.5274504157975018e6
1.5260051268292866e6
1.524562678590341e6
1.8293213577192347e6
1.8293183768377434e6
1.8293140443664368e6
1.8293079900877452e6
1.8292998010137533e6
1.82928902446705e6
1.8292751716244332e6
1.8292577213870299e6
1.8292361244577402e6
1.8292098075238124e6
1.8291781774584393e6
1.8291406254701377e6
1.8290965311422143e6
1.82904526631671e6
1.8289861987878543e6
1.8289186957793029e6
1.8288421271873484e6
1.828755868579001e6
1.8286593039393923e6
1.8285518281676006e6
1.828432849323692e6
1.8283017906327462e6
1.8281580922539467e6
1.828001212824573e6
1.8278306307899763e6
1.8276458455315216e6
1.8274463783049944e6
1.8272317730022555e6
1.8270015967489586e6
1.826755440351018e6
1.8264929186022405e6
1.8262136704651567e6
1.8259173591366191e6
1.8256036720092273e6
1.8252723205390503e6
1.8249230400295716e6
1.824555589341151e6
1.824169750534708e6
1.8237653284577427e6
1.8233421502802232e6
1.822900064987296e6
1.822438942835249e6
1.8219586747766123e6
1.8214591718598064e6
1.8209403646082606e6
1.820402202383493e6
1.8198446527362156e6
1.819267700749143e6
1.8186713483748205e6
1.8180556137714419e6
1.817420530639311e6
1.816766147560327e6
1.8160925273425716e6
1.8153997463718643e6
1.8146878939718918e6
1.8139570717743365e6
1.8132073931002093e6
1.8124389823534442e6
1.8116519744276337e6
1.8108465141266421e6
1.810022755599718e6
1.8091808617915767e6
1.8083210039078572e6
1.8074433608962176e6
1.8065481189432864e6
1.8056354709875744e6
1.8047056162484125e6
1.8037587597708944e6
1.802795111986763e6
1.801814888291126e6
1.8008183086348483e6
1.7998055971324202e6
1.7987769816850799e6
1.79773269361894e6
1.7966729673378326e6
1.7955980399905827e6
1.7945081511523968e6
1.7934035425200243e6
1.7922844576203765e6
1.7911511415322332e6
1.7900038406206933e6
1.7888428022840114e6
1.7876682747124536e6
1.7864805066588128e6
1.7852797472202198e6
1.7840662456308887e6
1.782840251065438e6
1.7816020124524317e6
1.780351778297786e6
1.7790897965177018e6
1.7778163142807763e6
1.776531577858956e6
1.775235832487012e6
1.7739293222302084e6
1.772612289859849e6
1.7712849767364038e6
1.7699476226999e6
1.7686004659673055e6
1.767243743036601e6
1.765877688597282e6
1.7645025354470112e6
1.7631185144141635e6
1.7617258542860185e6
1.7603247817423414e6
1.7589155212941356e6
1.7574982952273174e6
1.756073323551108e6
1.7546408239509193e6
1.7532010117455332e6
1.7517540998483691e6
1.7503002987326528e6
1.7488398164002995e6
1.7473728583543343e6
1.745899627574673e6
1.7444203244971037e6
1.742935146995311e6
1.7414442903657812e6
1.7399479473154529e6
1.738446307951961e6
1.7369395597763471e6
1.7354278876781003e6
1.733911473932407e6
1.7323904981994852e6
1.7308651375258958e6
1.7293355663477103e6
1.727801956495441e6
1.7262644772006199e6
1.7247232951039432e6
1.723178574264876e6
1.7216304761726353e6
1.720079159758464e6
1.7185247814091188e6
1.7169674949814882e6
1.7154074518182683e6
1.7138448007646303e6
1.712279688185806e6
1.710712257985529e6
1.7091426516252721e6
1.7075710081442157e6
1.7059974641799026e6
1.7044221539895106e6
1.7028452094717084e6
1.7012667601890303e6
1.6996869333907377e6
1.6981058540361135e6
1.6965236448181532e6
1.69494042618761e6
1.6933563163773601e6
1.691771431427043e6
1.6901858852079585e6
1.6885997894481707e6
1.6870132537578049e6
1.6854263856544904e6
1.6838392905889405e6
1.682252071970631e6
1.6806648311935537e6
1.6790776676620296e6
1.6774906788165495e6
1.675903960159629e6
1.674317605281654e6
1.6727317058867016e6
1.6711463518183113e6
1.669561631085204e6
1.6679776298869182e6
1.6663944326393597e6
1.6648121220002451e6
1.6632307788944307e6
1.66165048253911e6
1.6600713104688742e6
1.6584933385606199e6
1.6569166410583006e6
1.6553412905975038e6
1.6537673582298555e6
1.6521949134472362e6
1.6506240242058078e6
1.649054756949837e6
1.6474871766353196e6
1.6459213467533865e6
1.6443573293535004e6
1.6427951850664255e6
1.6412349731269819e6
1.639676751396558e6
1.6381205763854024e6
1.6365665032746736e6
1.6350145859382518e6
1.6334648769643176e6
1.6319174276766751e6
1.6303722881558412e6
1.6288295072598862e6
1.6272891326450233e6
1.6257512107859547e6
1.6242157869959653e6
1.6226829054467694e6
1.6211526091881054e6
1.6196249401670794e6
1.6180999392472638e6
1.616577646227541e6
1.615058099860699e6
1.6135413378717809e6
1.6120273969761822e6
1.6105163128975038e6
1.9273937961132238e6
1.9273908036039884e6
1.92738645223714e6
1.927380368730995e6
1.927372136272311e6
1.9273612975342583e6
1.9273473581700223e6
1.927329790646239e6
1.9273080382972949e6
1.9272815194980092e6
1.9272496318679294e6
1.9272117564351177e6
1.9271672617006442e6
1.9271155075570089e6
1.927055849024264e6
1.9269876397768685e6
1.9269102354422454e6
1.926822996658735e6
1.9267252918863248e6
1.9266164999682123e6
1.926496012445064e6
1.9263632356269162e6
1.9262175924300475e6
1.9260585239880136e6
1.925885491047372e6
1.92569797515961e6
1.925495479681369e6
1.9252775305954441e6
1.9250436771651015e6
1.924793492434218e6
1.9245265735855096e6
1.9242425421687844e6
1.923941044210742e6
1.9236217502173493e6
1.9232843550792865e6
1.922928577890416e6
1.922554161688635e6
1.9221608731278894e6
1.9217485020895698e6
1.9213168612408987e6
1.92086578554741e6
1.9203951317460448e6
1.9199047777848935e6
1.9193946222351037e6
1.9188645836800335e6
1.9183146000862368e6
1.91774462816051e6
1.9171546426967797e6
1.9165446359162848e6
1.9159146168041462e6
1.9152646104450927e6
1.9145946573608369e6
1.9139048128512972e6
1.9131951463416324e6
1.9124657407367937e6
1.9117166917851195e6
1.9109481074522766e6
1.9101601073066774e6
1.9093528219173423e6
1.90852639226503e6
1.9076809691673103e6
1.9068167127181431e6
1.9059337917424047e6
1.9050323832657149e6
1.904112671999812e6
1.90317484984365e6
1.9022191154003227e6
1.901245673509843e6
1.9002547347977546e6
1.8992465152395042e6
1.8982212357404465e6
1.8971791217313285e6
1.89612040277905e6
1.8950453122124765e6
1.8939540867630562e6
1.8928469662199551e6
1.8917241930994245e6
1.8905860123280946e6
1.889432670939856e6
1.888264417786012e6
1.88708150325835e6
1.8858841790247923e6
1.8846726977772622e6
1.883447312991424e6
1.882208278697939e6
1.8809558492648704e6
1.8796902791908984e6
1.8784118229089878e6
1.8771207346001563e6
1.8758172680170042e6
1.8745016763166646e6
1.8731742119028398e6
1.8718351262765971e6
1.870484669895598e6
1.869123092041451e6
1.8677506406948757e6
1.8663675624183784e6
1.8649741022461476e6
1.8635705035808764e6
1.8621570080972419e6
1.8607338556517623e6
1.8593012841987761e6
1.8578595297122824e6
1.856408826113392e6
1.8549494052031622e6
1.853481496600561e6
1.8520053276853568e6
1.850521123545706e6
1.8490291069302203e6
1.847529498204329e6
1.8460225153107222e6
1.8445083737336933e6
1.8429872864672022e6
1.8414594639864708e6
1.8399251142229522e6
1.8383844425425064e6
1.8368376517266242e6
1.8352849419565469e6
1.8337265108001404e6
1.8321625532013816e6
1.8305932614723153e6
1.8290188252873726e6
1.827439431679899e6
1.8258552650407956e6
1.8242665071191506e6
1.8226733370247504e6
1.8210759312323644e6
1.8194744635877104e6
1.8178691053149942e6
1.8162600250259377e6
1.8146473887302044e6
1.8130313598471393e6
1.8114120992187355e6
1.809789765123765e6
1.8081645132929785e6
1.806536496925326e6
1.804905866705111e6
1.803272770820024e6
1.801637354979995e6
1.7999997624367978e6
1.7983601340043573e6
1.7967186080797052e6
1.7950753206645239e6
1.7934304053872481e6
1.7917839935256594e6
1.7901362140299368e6
1.7884871935461275e6
1.7868370564399846e6
1.7851859248211486e6
1.78353391856762e6
1.7818811553505058e6
1.7802277506589938e6
1.7785738178255293e6
1.7769194680511672e6
1.7752648104310653e6
1.773609951980098e6
1.7719549976585608e6
1.7703000503979474e6
1.7686452111267697e6
1.76699057879641e6
1.7653362504069698e6
1.7636823210331148e6
1.762028883849881e6
1.7603760301584401e6
1.7587238494117965e6
1.7570724292404077e6
1.7554218554777098e6
1.753772212185543e6
1.7521235816794522e6
1.7504760445538645e6
1.7488296797071216e6
1.7471845643663632e6
1.7455407741122544e6
1.743898382903537e6
1.7422574631014126e6
1.7406180854937355e6
1.7389803193190168e6
1.7373442322902298e6
1.735709890618414e6
1.734077359036066e6
1.7324467008203221e6
1.7308179778159142e6
1.7291912504579125e6
1.7275665777942315e6
1.7259440175079165e6
1.724323625939187e6
1.722705458107251e6
1.7210895677318797e6
1.7194760072547393e6
1.717864827860486e6
1.7162560794976125e6
1.7146498108990537e6
1.7130460696025414e6
1.7114449019707222e6
1.7098463532110164e6
1.7082504673952386e6
1.7066572874789685e6
1.705066855320669e6
1.7034792117005682e6
1.7018943963392829e6
1.7003124479162022e6
2.0296278846921574e6
2.0296248807665487e6
2.0296205108386471e6
2.0296143986078934e6
2.0296061234885757e6
2.029595223564173e6
2.0295811990297108e6
2.0295635159870521e6
2.0295416104743325e6
2.0295148926268197e6
2.0294827508818556e6
2.0294445561549142e6
2.0293996659269845e6
2.0293474281953585e6
2.0292871852504017e6
2.0292182772501302e6
2.0291400455723424e6
2.0290518359308827e6
2.0289530012482898e6
2.0288429042819014e6
2.0287209200043404e6
2.0285864377424926e6
2.0284388630815705e6
2.0282776195427878e6
2.0281021500446193e6
2.0279119181586644e6
2.0277064091718171e6
2.0274851309668699e6
2.027247614733836e6
2.026993415524286e6
2.0267221126608017e6
2.026433310013385e6
2.0261266361542628e6
2.0258017444020957e6
2.025458312766081e6
2.0250960437999328e6
2.0247146643751452e6
2.024313925382385e6
2.0238936013693193e6
2.0234534901225881e6
2.0229934122011238e6
2.0225132104274554e6
2.0220127493431503e6
2.0214919146340413e6
2.0209506125304282e6
2.0203887691869885e6
2.0198063300467313e6
2.0192032591929159e6
2.0185795386925086e6
2.017935167934377e6
2.0172701629651296e6
2.0165845558251927e6
2.0158783938874325e6
2.0151517392004004e6
2.0144046678380016e6
2.0136372692572146e6
2.0128496456652435e6
2.0120419113973412e6
2.011214192306339e6
2.010366625164785e6
2.009499357080452e6
2.0086125449258264e6
2.0077063547821124e6
2.0067809613981368e6
2.0058365476644798e6
2.0048733041030471e6
2.0038914283722509e6
2.0028911247878515e6
2.0018726038595058e6
2.0008360818429703e6
1.9997817803078757e6
1.9987099257209545e6
1.9976207490445387e6
1.996514485350154e6
1.9953913734469553e6
1.9942516555247728e6
1.9930955768114866e6
1.991923385244443e6
1.9907353311555977e6
1.9895316669700842e6
1.988312646917863e6
1.9870785267581248e6
1.9858295635161088e6
1.984566015231984e6
1.9832881407214492e6
1.9819961993477074e6
1.9806904508044599e6
1.9793711549095765e6
1.9780385714091023e6
1.976692959791248e6
1.975334579110039e6
1.9739636878182855e6
1.9725805436095472e6
1.9711854032687675e6
1.9697785225312663e6
1.9683601559497833e6
1.9669305567692646e6
1.9654899768091e6
1.964038666352522e6
1.962576874042889e6
1.961104846786572e6
1.959622829662182e6
1.9581310658358887e6
1.9566297964825574e6
1.9551192607124862e6
1.9535996955034826e6
1.952071335638073e6
1.9505344136456042e6
1.9489891597490378e6
1.9474358018162136e6
1.9458745653154014e6
1.9443056732749285e6
1.9427293462467075e6
1.9411458022734805e6
1.9395552568596038e6
1.9379579229452133e6
1.9363540108835932e6
1.934743728421611e6
1.9331272806830553e6
1.931504870154739e6
1.929876696675224e6
1.9282429574260446e6
1.9266038469252875e6
1.9249595570234086e6
1.923310276901186e6
1.921656193069665e6
1.9199974893720143e6
1.9183343469871695e6
1.9166669444351767e6
1.9149954575841299e6
1.9133200596586221e6
1.9116409212496055e6
1.9099582103255922e6
1.9082720922451082e6
1.9065827297703158e6
1.904890283081747e6
1.9031949097940596e6
1.9014967649727643e6
1.8997960011518404e6
1.8980927683521986e6
1.8963872141009083e6
1.894679483451161e6
1.8929697190028888e6
1.8912580609240048e6
1.889544646972207e6
1.8878296125173054e6
1.8861130905640232e6
1.8843952117752333e6
1.882676104495584e6
1.88095589477548e6
1.8792347063953883e6
1.8775126608904172e6
1.8757898775751535e6
1.8740664735687138e6
1.8723425638199884e6
1.870618261133043e6
1.8688936761926566e6
1.8671689175899674e6
1.8654440918482034e6
1.863719303448475e6
1.861994654855604e6
1.8602702465439814e6
1.8585461770234122e6
1.856822542864958e6
1.8550994387267309e6
1.8533769573796417e6
1.8516551897330852e6
1.8499342248605387e6
1.8482141500250685e6
1.8464950507047288e6
1.8447770106178455e6
1.8430601117481608e6
1.841344434369848e6
1.8396300570723673e6
1.8379170567851686e6
1.8362055088022181e6
1.8344954868063615e6
1.832787062893491e6
1.8310803075965294e6
1.8293752899092184e6
1.8276720773097016e6
1.8259707357839001e6
1.824271329848681e6
1.8225739225748014e6
1.8208785756096393e6
1.8191853491996934e6
1.8174943022128611e6
1.81580549216048e6
1.814118975219142e6
1.8124348062522665e6
1.8107530388314398e6
1.8090737252575117e6
1.8073969165814559e6
1.8057226626249813e6
1.804051012000908e6
1.802382012133293e6
1.8007157092773165e6
1.7990521485389192e6
1.797391373894198e6
1.7957334282085528e6
1.7940783532555953e6
2.1361546824453026e6
2.136151667309243e6
2.136147279146474e6
2.1361411386819677e6
2.136132821609568e6
2.1361218614819916e6
2.136107753100871e6
2.13608995627251e6
2.1360678998108017e6
2.1360409856843995e6
2.136008593220307e6
2.1359700832901336e6
2.135924802418261e6
2.1358720867629237e6
2.1358112659316324e6
2.1357416666015685e6
2.1356626159235495e6
2.1355734446949987e6
2.1354734902931135e6
2.135362099364274e6
2.1352386302697356e6
2.1351024552908493e6
2.134952962599677e6
2.1347895580028594e6
2.1346116664681416e6
2.1344187334440816e6
2.134210225984223e6
2.1339856336875213e6
2.1337444694670215e6
2.1334862701588585e6
2.1332105969835273e6
2.132917035871116e6
2.132605197661886e6
2.132274718193148e6
2.1319252582829185e6
2.131556503620359e6
2.1311681645724224e6
2.130759975915661e6
2.1303316965015014e6
2.1298831088628685e6
2.129414018769384e6
2.128924254737947e6
2.128413667504917e6
2.127882129465692e6
2.127329534086981e6
2.126755795296633e6
2.1261608468554784e6
2.125544641715214e6
2.124907151366056e6
2.124248365177435e6
2.123568289734804e6
2.1228669481752263e6
2.122144379524176e6
2.1214006380357286e6
2.1206357925380543e6
2.119849925785921e6
2.1190431338216886e6
2.1182155253461245e6
2.117367221100147e6
2.116498353258496e6
2.115609064836144e6
2.114699509108148e6
2.1137698490435295e6
2.11282025675364e6
2.1118509129553847e6
2.1108620064495876e6
2.1098537336146967e6
2.108826297915954e6
2.10777990943009e6
2.1067147843855564e6
2.1056311447182484e6
2.1045292176426053e6
2.1034092352379845e6
2.102271434050114e6
2.1011160547074424e6
2.099943341552141e6
2.0987535422855318e6
2.0975469076276342e6
2.096323690990587e6
2.0950841481656085e6
2.0938285370231948e6
2.092557117226245e6
2.0912701499557577e6
2.0899678976487964e6
2.0886506237483553e6
2.0873185924648056e6
2.08597206854857e6
2.0846113170736935e6
2.083236603231961e6
2.0818481921372295e6
2.0804463486396426e6
2.0790313371493954e6
2.0776034214697208e6
2.0761628646387833e6
2.0747099287801578e6
2.0732448749615932e6
2.0717679630617453e6
2.070279451644594e6
2.068779597841256e6
2.0672686572388904e6
2.065746883776452e6
2.0642145296469966e6
2.0626718452062937e6
2.061119078887481e6
2.059556477121528e6
2.0579842842632488e6
2.0564027425226516e6
2.0548120919013883e6
2.053212570134087e6
2.0516044126343555e6
2.04998785244526e6
2.0483631201940684e6
2.0467304440510743e6
2.0450900496923141e6
2.043442160266009e6
2.0417869963625392e6
2.0401247759878102e6
2.038455714539828e6
2.036780024788348e6
2.0350979168574323e6
2.0334095982107904e6
2.0317152736397495e6
2.030015145253737e6
2.0283094124731307e6
2.0265982720243763e6
2.0248819179372308e6
2.0231605415440432e6
2.0214343314809443e6
2.019703473690853e6
2.0179681514281947e6
2.0162285452652394e6
2.014484833099965e6
2.0127371901653593e6
2.0109857890400751e6
2.0092307996603604e6
2.0074723893331827e6
2.0057107227504784e6
2.0039459620044518e6
2.0021782666038556e6
2.0004077934911936e6
1.998634697060782e6
1.9968591291776004e6
1.9950812391968968e6
1.9933011739844647e6
1.9915190779375706e6
1.9897350930064588e6
1.987949358716397e6
1.9861620121902232e6
1.9843731881713334e6
1.9825830190470922e6
1.9807916348726128e6
1.9789991633948667e6
1.9772057300771046e6
1.975411458123536e6
1.973616468504253e6
1.9718208799803508e6
1.9700248091292325e6
1.968228370370061e6
1.9664316759893342e6
1.9646348361665618e6
1.962837959000016e6
1.9610411505325395e6
1.9592445147773842e6
1.9574481537440673e6
1.9556521674642179e6
1.953856654017406e6
1.952061709556932e6
1.9502674283355582e6
1.9484739027311737e6
1.9466812232723762e6
1.9448894786639598e6
1.9430987558122855e6
1.9413091398505464e6
1.939520714163886e6
1.9377335604143876e6
1.9359477585659088e6
1.934163386908757e6
1.9323805220841933e6
1.9305992391087739e6
1.9288196113984936e6
1.9270417107927515e6
1.9252656075781174e6
1.923491370511898e6
1.9217190668454994e6
1.919948762347577e6
1.918180521326971e6
1.916414406655423e6
1.9146504797900743e6
1.9128888007957297e6
1.9111294283669034e6
1.9093724198496277e6
1.907617831263027e6
1.9058657173206636e6
1.9041161314516396e6
1.9023691258214626e6
1.9006247513526746e6
1.8988830577452343e6
1.897144093496667e6
1.895407905921962e6
1.8936745411732357e6
1.891944044259149e6
2.2471079713539635e6
2.2471049452081057e6
2.247100539128604e6
2.247094370909562e6
2.24708601257557e6
2.2470749932067106e6
2.2470608022752996e6
2.247042893360766e6
2.2470206881244653e6
2.2469935804413785e6
2.2469609406003985e6
2.2469221194987544e6
2.2468764527689093e6
2.2468232647878886e6
2.2467618725293702e6
2.2466915892280294e6
2.246611727833576e6
2.24652160423884e6
2.246420540272011e6
2.2463078664481305e6
2.2461829244789085e6
2.2460450695433305e6
2.2458936723241406e6
2.2457281208174066e6
2.2455478219240024e6
2.245352202833008e6
2.2451407122079036e6
2.2449128211869746e6
2.2446680242096474e6
2.2444058396805753e6
2.2441258104832475e6
2.2438275043546907e6
2.2435105141325337e6
2.24317445788534e6
2.242818978936684e6
2.242443745792939e6
2.2420484519842863e6
2.24163281582788e6
2.2411965801216206e6
2.2407395117764156e6
2.2402614013943193e6
2.239762062799401e6
2.2392413325277143e6
2.238699069282239e6
2.2381351533582364e6
2.237549486043981e6
2.2369419890014487e6
2.2363126036311323e6
2.235661290424771e6
2.2349880283094593e6
2.2342928139862567e6
2.233575661266102e6
2.2328366004055813e6
2.232075677444814e6
2.2312929535494745e6
2.230488504358747e6
2.229662419340812e6
2.2288148011572408e6
2.227945765037532e6
2.2270554381648265e6
2.2261439590737238e6
2.2252114770609518e6
2.224258151609548e6
2.22328415182707e6
2.222289655898278e6
2.2212748505526152e6
2.220239930546732e6
2.219185098162253e6
2.218110562718857e6
2.2170165401027594e6
2.215903252310544e6
2.214770927008325e6
2.2136197971061096e6
2.2124501003472465e6
2.21126207891276e6
2.210055979040403e6
2.208832050658164e6
2.207590547032008e6
2.2063317244275683e6
2.205055841785514e6
2.203763160410278e6
2.2024539436718673e6
2.2011284567204122e6
2.1997869662131383e6
2.1984297400534437e6
2.1970570471417354e6
2.195669157137697e6
2.1942663402336533e6
2.1928488669386995e6
2.191417007873259e6
2.1899710335737364e6
2.188511214306947e6
2.1870378198939976e6
2.185551119543291e6
2.1840513816923443e6
2.182538873858121e6
2.1810138624955663e6
2.1794766128640333e6
2.177927388901348e6
2.1763664531051894e6
2.1747940664215228e6
2.173210488139826e6
2.171615975794826e6
2.1700107850745018e6
2.1683951697340948e6
2.1667693815158936e6
2.165133670074551e6
2.163488282907702e6
2.1618334652916733e6
2.160169460222048e6
2.1584965083589037e6
2.1568148479764946e6
2.1551247149172113e6
2.153426342549605e6
2.151719961730304e6
2.150005800769655e6
2.1482840854009055e6
2.1465550387527673e6
2.144818881325211e6
2.1430758309683264e6
2.141326102864118e6
2.139569909511075e6
2.137807460711398e6
2.136038963560738e6
2.134264622440332e6
2.132484639011402e6
2.1306992122117155e6
2.1289085382541837e6
2.1271128106273944e6
2.1253122200979763e6
2.123506954714695e6
2.1216971998141897e6
2.1198831380282473e6
2.1180649492925415e6
2.116242810856738e6
2.114416897295908e6
2.1125873805231387e6
2.110754429803299e6
2.108918211767873e6
2.107078890430799e6
2.105236627205246e6
2.103391580921268e6
2.1015439078442734e6
2.099693761694262e6
2.097841293665764e6
2.0959866524484358e6
2.0941299842482633e6
2.0922714328093214e6
2.0904111394360487e6
2.088549243015994e6
2.0866858800429902e6
2.0848211846407254e6
2.0829552885866582e6
2.0810883213362598e6
2.0792204100475358e6
2.0773516796058067e6
2.0754822526487007e6
2.0736122495913513e6
2.0717417886517497e6
2.0698709858762468e6
2.0679999551651592e6
2.066128808298477e6
2.0642576549616314e6
2.062386602771315e6
2.0605157573013278e6
2.0586452221084323e6
2.056775098758199e6
2.054905486850823e6
2.053036484046905e6
2.0511681860931641e6
2.0493006868480907e6
2.0474340783075036e6
2.0455684506300187e6
2.0437038921623984e6
2.041840489464787e6
2.0399783273358154e6
2.0381174888375553e6
2.036258055320338e6
2.0344001064473987e6
2.0325437202193665e6
2.0306889729985718e6
2.0288359395331792e6
2.0269846929811244e6
2.0251353049338672e6
2.0232878454399393e6
2.0214423830282884e6
2.019598984731416e6
2.0177577161083033e6
2.0159186412671139e6
2.0140818228876858e6
2.0122473222437913e6
2.010415199225177e6
2.00858551235937e6
2.006758318833261e6
2.004933674514443e6
2.003111633972325e6
2.0012922504990078e6
1.999475576129919e6
1.9976616616642156e6
1.9958505566849394e6
1.9940423095789426e6
2.362624284388516e6
2.362621247428411e6
2.3626168237425047e6
2.3626106282368386e6
2.3626022293171096e6
2.3625911516481075e6
2.3625768794361884e6
2.3625588601020426e6
2.362536508225864e6
2.362509209661842e6
2.362476325733277e6
2.362437197433185e6
2.3623911495679063e6
2.3623374947926807e6
2.3622755374984522e6
2.362204577518284e6
2.362123913629736e6
2.3620328468364426e6
2.361930683418009e6
2.3618167377422866e6
2.3616903348382493e6
2.3615508127310714e6
2.3613975245437645e6
2.3612298403719086e6
2.361047148939719e6
2.3608488590469486e6
2.360634400817072e6
2.3604032267577727e6
2.3601548126451853e6
2.359888658243442e6
2.359604287871103e6
2.3593012508259066e6
2.3589791216789917e6
2.3586375004494423e6
2.3582760126695842e6
2.357894309351008e6
2.3574920668608355e6
2.3570689867172167e6
2.356624795312554e6
2.3561592435724176e6
2.3556721065576193e6
2.3551631830163915e6
2.3546322948931484e6
2.354079286799803e6
2.353504025455193e6
2.352906399097702e6
2.3522863168757474e6
2.351643708220455e6
2.3509785222043945e6
2.3502907268899647e6
2.349580308670663e6
2.34884727160815e6
2.3480916367677734e6
2.3473134415548868e6
2.3465127390541295e6
2.34568959737352e6
2.344844098995067e6
2.343976340133371e6
2.343086430103508e6
2.342174490699352e6
2.3412406555832853e6
2.340285069688169e6
2.33930788863225e6
2.3383092781476425e6
2.337289413522819e6
2.3362484790595607e6
2.335186667544617e6
2.3341041797363358e6
2.333001223866406e6
2.3318780151567874e6
2.3307347753518894e6
2.3295717322659334e6
2.3283891193454904e6
2.327187175247025e6
2.32596614342935e6
2.324726271760785e6
2.3234678121408443e6
2.322191020136191e6
2.3208961546306466e6
2.31958347748897e6
2.318253253234124e6
2.3169057487377464e6
2.315541232923514e6
2.314159976483098e6
2.3127622516043787e6
2.3113483317116112e6
2.3099184912172034e6
2.308473005284797e6
2.307012149603301e6
2.3055362001715717e6
2.3040454330933914e6
2.3025401243824484e6
2.301020549776974e6
2.2994869845637274e6
2.2979397034110213e6
2.2963789802104793e6
2.2948050879272115e6
2.293218298458119e6
2.2916188824980413e6
2.290007109413455e6
2.2883832471234347e6
2.28674756198763e6
2.2851003187009636e6
2.283441780194813e6
2.2817722075444083e6
2.2800918598822174e6
2.278400994317057e6
2.2766998658587225e6
2.2749887273478867e6
2.2732678293910758e6
2.271537420300489e6
2.269797746038455e6
2.26804905016636e6
2.266291573797807e6
2.264525555555858e6
2.262751231534163e6
2.2609688352618e6
2.259178597671676e6
2.257380747072296e6
2.255575509122783e6
2.2537631068109567e6
2.251943760434366e6
2.2501176875841008e6
2.2482851031312714e6
2.24644621921602e6
2.244601245238926e6
2.2427503878547084e6
2.240893850968088e6
2.2390318357317196e6
2.237164540546054e6
2.2352921610610723e6
2.233414890179754e6
2.2315329180632075e6
2.229646432137357e6
2.2277556171011208e6
2.225860654935962e6
2.2239617249167725e6
2.2220590036239764e6
2.220152664956809e6
2.2182428801476783e6
2.2163298177775526e6
2.2144136437923084e6
2.212494521519975e6
2.2105726116888146e6
2.2086480724461884e6
2.206721059378144e6
2.2047917255296772e6
2.2028602214256283e6
2.2009266950921416e6
2.198991292078668e6
2.1970541554804575e6
2.195115425961492e6
2.1931752417778326e6
2.19123373880134e6
2.1892910505437255e6
2.187347308180906e6
2.1854026405776343e6
2.1834571743123527e6
2.181511033702275e6
2.1795643408286343e6
2.177617215562091e6
2.175669775588278e6
2.1737221364334365e6
2.171774411490146e6
2.169826712043113e6
2.167879147294999e6
2.1659318243922703e6
2.163984848451053e6
2.1620383225829764e6
2.1600923479209756e6
2.1581470236450606e6
2.15620244700802e6
2.154258713361045e6
2.152315916179277e6
2.150374147087248e6
2.1484334958842117e6
2.146494050569354e6
2.14455589736687e6
2.1426191207509045e6
2.1406838034703336e6
2.1387500265733963e6
2.1368178694321546e6
2.1348874097667844e6
2.1329587236696803e6
2.13103188562938e6
2.129106968554294e6
2.127184043796236e6
2.1252631811737576e6
2.1233444489952633e6
2.121427914081931e6
2.119513641790406e6
2.117601696035278e6
2.1156921393113453e6
2.113785032715641e6
2.111880435969249e6
2.1099784074388766e6
2.108079004158208e6
2.1061822818490174e6
2.104288294942051e6
2.102397096597683e6
2.100508738726317e6
2.4828429335054583e6
2.482839885921719e6
2.4828354449321693e6
2.482829222596808e6
2.4828207837519865e6
2.4828096487037423e6
2.4827952964551193e6
2.4827771683356226e6
2.4827546719152937e6
2.4827271851003207e6
2.482694060321143e6
2.4826546287373235e6
2.482608204395896e6
2.4825540882912073e6
2.482491572284503e6
2.4824199428505655e6
2.482338484626689e6
2.482246483746149e6
2.4821432309442894e6
2.4820280244303024e6
2.481900172522046e6
2.4817589960446665e6
2.481603830496623e6
2.4814340279890196e6
2.4812489589658375e6
2.4810480137141147e6
2.480830603674016e6
2.4805961625594893e6
2.4803441473005926e6
2.48007403881883e6
2.479785342646843e6
2.47947758940374e6
2.4791503351371093e6
2.47880316154248e6
2.478435676070607e6
2.4780475119325696e6
2.4776383280121717e6
2.477207808694682e6
2.4767556636204673e6
2.476281627371524e6
2.475785459098474e6
2.475266942095044e6
2.4747258833266166e6
2.474162112918905e6
2.4735754836124377e6
2.4729658701880244e6
2.472333168868015e6
2.4716772966977395e6
2.470998190911168e6
2.4702958082844517e6
2.4695701244807015e6
2.4688211333890264e6
2.468048846460592e6
2.4672532920441506e6
2.4664345147232874e6
2.4655925746573447e6
2.4647275469278186e6
2.463839520891778e6
2.4629285995437e6
2.4619948988869307e6
2.4610385473158257e6
2.4600596850094902e6
2.4590584633378806e6
2.4580350442809532e6
2.45698959986138e6
2.4559223115912983e6
2.4548333699334483e6
2.453722973776967e6
2.452591329928041e6
2.45143865261556e6
2.4502651630118247e6
2.449071088768334e6
2.4478566635666345e6
2.4466221266841274e6
2.4453677225747495e6
2.444093700464358e6
2.442800313960654e6
2.4414878206774434e6
2.4401564818729847e6
2.438806562102218e6
2.4374383288825774e6
2.4360520523731196e6
2.434648005066695e6
2.4332264614948328e6
2.431787697945069e6
2.430331992190375e6
2.4288596232303856e6
2.4273708710441133e6
2.4258660163538028e6
2.4243453403996304e6
2.42280912472492e6
2.4212576509715463e6
2.419691200685213e6
2.418110055130303e6
2.416514495113972e6
2.414904800819196e6
2.4132812516464465e6
2.4116441260637348e6
2.409993701464689e6
2.408330254034416e6
2.406654058622842e6
2.4049653886252786e6
2.4032645158699257e6
2.4015517105120686e6
2.3998272409347068e6
2.398091373655364e6
2.3963443732388406e6
2.3945865022156807e6
2.392818021006108e6
2.3910391878492315e6
2.3892502587372856e6
2.387451487354711e6
2.3856431250218614e6
2.3838254206431583e6
2.3819986206594775e6
2.3801629690046124e6
2.378318707065622e6
2.376466073646882e6
2.3746053049377045e6
2.3727366344833295e6
2.3708602931591636e6
2.368976509148096e6
2.367085507920764e6
2.3651875122186136e6
2.363282742039643e6
2.361371414626672e6
2.359453744458045e6
2.357529943240614e6
2.3556002199049275e6
2.3536647806024724e6
2.3517238287048955e6
2.349777564805083e6
2.347826186720013e6
2.3458698894952745e6
2.343908865411175e6
2.3419433039903347e6
2.3399733920067046e6
2.337999313495902e6
2.336021249766817e6
2.334039379414386e6
2.332053878333485e6
2.3300649197338633e6
2.328072674156054e6
2.3260773094882085e6
2.324078990983774e6
2.3220778812799896e6
2.3200741404171106e6
2.3180679258583365e6
2.316059392510383e6
2.3140486927446476e6
2.312035976418926e6
2.3100213908996372e6
2.308005081084516e6
2.305987189425729e6
2.3039678559533856e6
2.301947218299394e6
2.29992541172164e6
2.297902569128456e6
2.295878821103332e6
2.2938542959298673e6
2.2918291196169076e6
2.2898034159238585e6
2.2877773063861397e6
2.2857509103407585e6
2.2837243449519896e6
2.2816977252371144e6
2.2796711640922306e6
2.277644772318087e6
2.2756186586459368e6
2.27359292976339e6
2.2715676903402475e6
2.2695430430542994e6
2.267519088617079e6
2.2654959257995444e6
2.263473651457696e6
2.261452360558097e6
2.2594321462032855e6
2.2574130996571006e6
2.255395310369852e6
2.2533788660033876e6
2.2513638524559946e6
2.249350353887176e6
2.247338452742244e6
2.2453282297767624e6
2.2433197640808183e6
2.241313133103102e6
2.2393084126748154e6
2.2373056770333783e6
2.2353049988459502e6
2.2333064492327403e6
2.2313100977901174e6
2.229316012613514e6
2.2273242603201107e6
2.225334906071311e6
2.2233480135949915e6
2.2213636452075318e6
2.219381861835626e6
2.2174027230378594e6
2.215426287026062e6
2.213452610686428e6
2.2114817496004105e6
2.6079060376444412e6
2.607902979622898e6
2.607898521625127e6
2.607892272906332e6
2.607883794782259e6
2.6078726032559383e6
2.6078581721890275e6
2.6078399368868098e6
2.60781729797978e6
2.6077896254987605e6
2.6077562630542316e6
2.6077165320435874e6
2.607669735822289e6
2.6076151637860383e6
2.60755209532124e6
2.607479803590034e6
2.60739755912412e6
2.6073046332085286e6
2.6072003010424166e6
2.607083844669065e6
2.606954555671496e6
2.606811737633664e6
2.606654708370105e6
2.606482801929222e6
2.6062953703772635e6
2.6060917853714796e6
2.6058714395319577e6
2.6056337476224466e6
2.605378147550941e6
2.6051041012010667e6
2.6048110951054245e6
2.6044986409719973e6
2.604166276074528e6
2.6038135635175607e6
2.6034400923864637e6
2.6030454777923725e6
2.602629360821583e6
2.6021914083984205e6
2.6017313130701887e6
2.6012487927222736e6
2.6007435902310056e6
2.6002154730614265e6
2.599664232816581e6
2.5990896847445494e6
2.598491667208932e6
2.597870041128139e6
2.5972246893883343e6
2.5965555162345916e6
2.5958624466443583e6
2.5951454256870374e6
2.5944044178731274e6
2.5936394064960536e6
2.592850392969553e6
2.592037396163181e6
2.591200451738248e6
2.590339611486278e6
2.5894549426718433e6
2.588546527381447e6
2.5876144618798885e6
2.58665885597544e6
2.5856798323949375e6
2.584677526169792e6
2.5836520840337505e6
2.5826036638331404e6
2.5815324339502137e6
2.580438572740069e6
2.5793222679816023e6
2.578183716342781e6
2.5770231228604983e6
2.5758407004351923e6
2.5746366693403237e6
2.5734112567467964e6
2.5721646962622968e6
2.5708972274855245e6
2.5696090955752362e6
2.5683005508339703e6
2.566971848306313e6
2.565623247391517e6
2.5642550114702783e6
2.5628674075454352e6
2.5614607058963524e6
2.5600351797467265e6
2.5585911049455428e6
2.5571287596608894e6
2.555648424086352e6
2.554150380159665e6
2.5526349112933376e6
2.5511023021169244e6
2.5495528382306346e6
2.5479868059699708e6
2.546404492181064e6
2.5448061840064167e6
2.5431921686807177e6
2.5415627333364235e6
2.5399181648188103e6
2.5382587495101755e6
2.5365847731628963e6
2.5348965207410483e6
2.5331942762702946e6
2.531478322695758e6
2.5297489417475914e6
2.528006413813977e6
2.526251017821291e6
2.5244830311211534e6
2.522702729384125e6
2.5209103864997937e6
2.5191062744830037e6
2.5172906633859947e6
2.5154638212162172e6
2.5136260138596036e6
2.5117775050090733e6
2.5099185560980598e6
2.508049426238857e6
2.5061703721655854e6
2.5042816481815777e6
2.502383506111015e6
2.5004761952546095e6
2.498559962349176e6
2.4966350515309153e6
2.4947017043022467e6
2.492760159502037e6
2.490810653279059e6
2.488853419068554e6
2.4868886875717347e6
2.484916686738102e6
2.4829376417504456e6
2.4809517750123926e6
2.4789593061383925e6
2.476960451946006e6
2.4749554264503936e6
2.4729444408608987e6
2.4709277035796028e6
2.468905420201774e6
2.4668777935180846e6
2.46484502351853e6
2.462807307397949e6
2.460764839563043e6
2.4587178116408414e6
2.4566664124885052e6
2.454610828204417e6
2.452551242140459e6
2.450487834915427e6
2.4484207844295055e6
2.4463502658797447e6
2.4442764517764626e6
2.4421995119605386e6
2.4401196136215073e6
2.438036921316438e6
2.435951596989506e6
2.433863799992246e6
2.4317736871044002e6
2.4296814125553593e6
2.427587128046104e6
2.4254909827716523e6
2.4233931234439355e6
2.4212936943150875e6
2.419192837201107e6
2.4170906915058456e6
2.414987394245304e6
2.4128830800722046e6
2.4107778813007916e6
2.4086719279318545e6
2.406565347677933e6
2.40445826598868e6
2.4023508060763623e6
2.400243088941468e6
2.3981352333984096e6
2.396027356101288e6
2.3939195715697096e6
2.391811992214627e6
2.389704728364202e6
2.3875978882896444e6
2.385491578231045e6
2.38338590242316e6
2.3812809631211567e6
2.3791768606262724e6
2.3770736933114138e6
2.3749715576466615e6
2.3728705482246634e6
2.370770757785924e6
2.3686722772439676e6
2.366575195710371e6
2.3644796005196497e6
2.3623855772540015e6
2.360293209767883e6
2.3582025802124334e6
2.3561137690597125e6
2.354026855126773e6
2.351941915599541e6
2.3498590260565104e6
2.347778260492241e6
2.3456996913406625e6
2.3436233894981644e6
2.341549424346489e6
2.339477863775413e6
2.337408774205208e6
2.335342220608886e6
2.333278266534233e6
2.331216974125608e6
2.329158404145531e6
2.327102615996034e6
2.737958550725314e6
2.737955482447166e6
2.7379510077294777e6
2.737944733063146e6
2.7379362162912567e6
2.737924969168785e6
2.7379104604771943e6
2.7378921195639037e6
2.7378693401900386e6
2.7378414845835054e6
2.7378078876078236e6
2.7377678609699495e6
2.737720697402344e6
2.7376656747655687e6
2.7376020600277567e6
2.7375291130862096e6
2.7374460904043643e6
2.7373522484442396e6
2.737246846880491e6
2.7371291515872907e6
2.7369984373935964e6
2.736853990605922e6
2.736695111300778e6
2.736521115391277e6
2.7363313364743614e6
2.736125127466601e6
2.7359018620376354e6
2.735660935851132e6
2.7354017676237216e6
2.7351238000126746e6
2.7348265003432366e6
2.7345093611865565e6
2.7341719007989746e6
2.733813663433263e6
2.733434219532076e6
2.733033165813505e6
2.732610125258259e6
2.732164747007524e6
2.731696706180115e6
2.731205703617053e6
2.7306914655612493e6
2.7301537432794855e6
2.7295923126334166e6
2.7290069736059e6
2.7283975497884545e6
2.7277638878352866e6
2.727105856888881e6
2.726423347981758e6
2.725716273418661e6
2.724984566143038e6
2.72422817909139e6
2.7234470845387266e6
2.7226412734380695e6
2.7218107547566895e6
2.7209555548114777e6
2.7200757166056368e6
2.7191712991686296e6
2.718242376901153e6
2.7172890389266484e6
2.716311388450763e6
2.7153095421299287e6
2.714283629450162e6
2.7132337921169447e6
2.71216018345703e6
2.711062967832807e6
2.7099423200698015e6
2.708798424897779e6
2.70763147640583e6
2.7064416775117274e6
2.7052292394457757e6
2.7039943812493216e6
2.7027373292880044e6
2.7014583167797974e6
2.7001575833378364e6
2.6988353745279717e6
2.6974919414409623e6
2.6961275402792e6
2.694742431957776e6
2.693336881719748e6
2.6919111587653733e6
2.690465535895105e6
2.689000289166083e6
2.6875156975618973e6
2.686012042675315e6
2.6844896084037204e6
2.682948680656967e6
2.6813895470773405e6
2.6798124967713444e6
2.678217820052991e6
2.6766058081982946e6
2.674976753210667e6
2.6733309475968825e6
2.6716686841533324e6
2.6699902557622483e6
2.6682959551975755e6
2.6665860749402232e6
2.664860907002372e6
2.6631207427605484e6
2.6613658727971762e6
2.6595965867503327e6
2.6578131731713945e6
2.6560159193903403e6
2.654205111388413e6
2.652381033677878e6
2.6505439691886427e6
2.6486941991614522e6
2.6468320030474416e6
2.6449576584137995e6
2.6430714408552945e6
2.64117362391146e6
2.639264478989198e6
2.6373442752906024e6
2.6354132797457753e6
2.6334717569504553e6
2.631519969108241e6
2.6295581759772375e6
2.627586634820929e6
2.625605600363095e6
2.6236153247466255e6
2.6216160574960266e6
2.6196080454834914e6
2.6175915328983506e6
2.6155667612197837e6
2.613533969192612e6
2.611493392806052e6
2.6094452652752954e6
2.607389817025771e6
2.605327275679973e6
2.603257866046733e6
2.6011818101128116e6
2.599099327036703e6
2.5970106331445454e6
2.594915941928023e6
2.59281546404417e6
2.5907094073169706e6
2.588597976740668e6
2.586481374484691e6
2.5843597999001057e6
2.5822334495275263e6
2.580102517106383e6
2.577967193585486e6
2.5758276671348126e6
2.5736841231584367e6
2.5715367443085453e6
2.56938571050046e6
2.5672311989286332e6
2.5650733840835164e6
2.5629124377692793e6
2.5607485291223135e6
2.5585818246304584e6
2.556412488152916e6
2.554240680940795e6
2.55206656165824e6
2.549890286404111e6
2.54771200873416e6
2.5455318796836673e6
2.543350047790501e6
2.541166659118575e6
2.5389818572816397e6
2.5367957834674036e6
2.5346085764619424e6
2.532420372674356e6
2.5302313061616668e6
2.5280415086538987e6
2.5258511095793513e6
2.5236602360900063e6
2.5214690130870747e6
2.519277563246625e6
2.517086007045323e6
2.5148944627862014e6
2.5127030466244947e6
2.5105118725934806e6
2.508321052630346e6
2.506130696602017e6
2.503940912330993e6
2.5017518056211113e6
2.4995634802832752e6
2.497376038161109e6
2.4951895791565324e6
2.4930042012552363e6
2.490820000552067e6
2.48863707127629e6
2.486455505816725e6
2.484275394746761e6
2.4820968268492166e6
2.47991988914106e6
2.477744666897966e6
2.4755712436787123e6
2.4733997013494004e6
2.4712301201075083e6
2.46906257850575e6
2.4668971534757507e6
2.4647339203515346e6
2.462572952892807e6
2.4604143233080353e6
2.4582581022773352e6
2.45610435897513e6
2.4539531610926185e6
2.4518045748600056e6
2.449658665068539e6
2.447515495092303e6
2.8731482896451647e6
2.873145211287125e6
2.8731407201309185e6
2.8731344199428805e6
2.8731258651405866e6
2.8731145632851264e6
2.873099978138229e6
2.8730815331551805e6
2.8730586152974586e6
2.8730305790622695e6
2.872996750639229e6
2.872956432116962e6
2.8729089056742494e6
2.8728534377011843e6
2.872789282805786e6
2.8727156876703817e6
2.8726318947299863e6
2.8725371456518373e6
2.872430684601223e6
2.87231176128392e6
2.8721796337599275e6
2.872033571026819e6
2.8718728553741123e6
2.87169678451251e6
2.871504673483852e6
2.8712958563591945e6
2.8710696877336325e6
2.87082554402732e6
2.8705628246028223e6
2.8702809527092604e6
2.869979376263943e6
2.8696575684822123e6
2.869315028366144e6
2.8689512810625704e6
2.8685658781005996e6
2.8681583975185137e6
2.867728443889509e6
2.8672756482553547e6
2.8667996679766094e6
2.866300186507563e6
2.865776913103641e6
2.865229582468526e6
2.864657954347814e6
2.864061813075561e6
2.86344096707966e6
2.862795248351536e6
2.8621245118852956e6
2.861428635091005e6
2.860707517186467e6
2.8599610785714877e6
2.8591892601882746e6
2.858392022871332e6
2.857569346689885e6
2.8567212302856063e6
2.855847690208168e6
2.85494876025086e6
2.8540244907883457e6
2.8530749481183523e6
2.852100213808959e6
2.85110038405291e6
2.850075569030245e6
2.8490258922803933e6
2.8479514900846756e6
2.8468525108601185e6
2.8457291145652705e6
2.844581472118674e6
2.843409764830499e6
2.8422141838477687e6
2.840994929613537e6
2.839752211340258e6
2.838486246497576e6
2.8371972603146555e6
2.835885485297128e6
2.8345511607587063e6
2.833194532367407e6
2.831815851706368e6
2.830415375849141e6
2.8289933669493175e6
2.8275500918443725e6
2.8260858216734966e6
2.8246008315092474e6
2.823095400002777e6
2.821569809042401e6
2.8200243434252623e6
2.818459290541794e6
2.816874940072755e6
2.8152715836984986e6
2.813649514820222e6
2.8120090282928892e6
2.810350420169518e6
2.8086739874565345e6
2.8069800278799166e6
2.805268839661772e6
2.8035407213070965e6
2.801795971400388e6
2.800034888411818e6
2.798257770512669e6
2.7964649153997465e6
2.7946566201284723e6
2.7928331809543716e6
2.790994893182682e6
2.789142051025804e6
2.7872749474683222e6
2.7853938741393345e6
2.783499121191828e6
2.781590977188855e6
2.779669728996249e6
2.7777356616816493e6
2.775789058419602e6
2.7738302004024913e6
2.7718593667570916e6
2.7698768344665286e6
2.7678828782974137e6
2.7658777707319735e6
2.763861781904959e6
2.7618351795451464e6
2.7597982289212365e6
2.7577511927919835e6
2.755694331360362e6
2.753627902231613e6
2.751552160374996e6
2.7494673580890917e6
2.747373744970502e6
2.7452715678857937e6
2.743161070946544e6
2.741042495487354e6
2.7389160800466826e6
2.7367820603503794e6
2.734640669297803e6
2.7324921369503746e6
2.7303366905224836e6
2.7281745543745975e6
2.726005950008516e6
2.723831096064612e6
2.7216502083209963e6
2.7194634996944955e6
2.717271180243353e6
2.715073457171566e6
2.712870534834765e6
2.7106626147475615e6
2.708449895592283e6
2.706232573229019e6
2.7040108407069007e6
2.7017848882765444e6
2.699554903403605e6
2.6973210707833557e6
2.6950835723562418e6
2.692842587324345e6
2.690598292168716e6
2.6883508606674904e6
2.686100463914769e6
2.6838472703401884e6
2.681591445729147e6
2.679333153243635e6
2.677072553443623e6
2.674809804308969e6
2.672545061261814e6
2.670278477189401e6
2.6680102024673144e6
2.6657403849830707e6
2.663469170160062e6
2.6611967009817893e6
2.658923118016367e6
2.656648559441285e6
2.6543731610683645e6
2.6520970563689247e6
2.6498203764990927e6
2.64754325032527e6
2.6452658044497026e6
2.6429881632361566e6
2.6407104488356556e6
2.6384327812122824e6
2.6361552781690196e6
2.6338780553735904e6
2.631601226384321e6
2.6293249026759807e6
2.627049193665582e6
2.624774206738159e6
2.622500047272464e6
2.620226818666608e6
2.6179546223636223e6
2.6156835578769078e6
2.613413722815602e6
2.6111452129098177e6
2.608878122035756e6
2.606612542240695e6
2.604348563767836e6
2.602086275080991e6
2.599825762889121e6
2.5975671121707135e6
2.5953104061979773e6
2.593055726560878e6
2.5908031531909797e6
2.588552764385101e6
2.5863046368287876e6
2.584058845619579e6
2.581815464290082e6
2.579574564830837e6
2.577336217712978e6
2.5751004919106835e6
2.572867454923411e6
3.013625962275362e6
3.013622874009801e6
3.013618366689777e6
3.013612041396078e6
3.0136034491671445e6
3.0135920934235654e6
3.013577432967057e6
3.0135588854258666e6
3.0135358310310664e6
3.0135076166211166e6
3.013473559784776e6
3.0134329530647653e6
3.0133850681561814e6
3.0133291600443805e6
3.0132644710369227e6
3.0131902346529523e6
3.0131056793413037e6
3.013010032005508e6
3.0129025213199286e6
3.0127823808264164e6
3.012648851805311e6
3.0125011859183367e6
3.0123386476240307e6
3.01216051636889e6
3.0119660885594976e6
3.011754679322478e6
3.0115256240604296e6
3.0112782798129055e6
3.011012026432191e6
3.01072626758406e6
3.010420431583956e6
3.010093972079119e6
3.009746368587155e6
3.009377126901368e6
3.008985779372983e6
3.008571885080054e6
3.0081350298925033e6
3.0076748264423707e6
3.007190914007919e6
3.0066829583197907e6
3.006150651297028e6
3.005593710720222e6
3.005011879848741e6
3.004404926988414e6
3.00377264501574e6
3.0031148508641776e6
3.002431384977746e6
3.0017221107367245e6
3.000986913859909e6
3.0002257017875146e6
2.9994384030484688e6
2.998624966615568e6
2.997785361251607e6
2.996919574849378e6
2.996027613768125e6
2.9951095021688216e6
2.9941652813503887e6
2.9931950090887826e6
2.9921987589806574e6
2.9911766197931315e6
2.9901286948210318e6
2.989055101252801e6
2.98795596954613e6
2.986831442814232e6
2.9856816762235765e6
2.984506836403715e6
2.983307100869836e6
2.9820826574584916e6
2.980833703776907e6
2.9795604466661755e6
2.9782631016786066e6
2.976941892569372e6
2.975597050802597e6
2.9742288150719414e6
2.972837430835697e6
2.971423149866365e6
2.9699862298146603e6
2.9685269337878176e6
2.967045529942101e6
2.965542291089326e6
2.964017494317224e6
2.962471420623448e6
2.9609043545629936e6
2.9593165839087903e6
2.9577083993252227e6
2.956080094054311e6
2.9544319636142775e6
2.9527643055102276e6
2.9510774189566434e6
2.949371604611422e6
2.9476471643211353e6
2.9459044008772434e6
2.944143617782943e6
2.942365119030368e6
2.9405692088878327e6
2.9387561916968278e6
2.936926371678488e6
2.935080052749209e6
2.933217538345169e6
2.9313391312554255e6
2.9294451334633534e6
2.9275358459961084e6
2.9256115687818765e6
2.923672600514625e6
2.9217192385261077e6
2.9197517786648558e6
2.917770515181926e6
2.9157757406231393e6
2.9137677457275908e6
2.9117468193321894e6
2.9097132482820097e6
2.907667317346224e6
2.9056093091394138e6
2.9035395040480443e6
2.901458180161901e6
2.899365613210299e6
2.8972620765028573e6
2.89514784087468e6
2.8930231746357363e6
2.8908883435242823e6
2.8887436106641563e6
2.8865892365257787e6
2.8844254788906975e6
2.8822525928195394e6
2.8800708306231988e6
2.877880441837137e6
2.8756816731986604e6
2.873474768627014e6
2.871259969206198e6
2.8690375131703634e6
2.8668076358916666e6
2.8645705698704757e6
2.862326544727814e6
2.860075787199928e6
2.8578185211348888e6
2.855554967491115e6
2.8532853443377255e6
2.8510098668566374e6
2.8487287473463058e6
2.846442195227034e6
2.8441504170477586e6
2.841853616494251e6
2.8395519943986353e6
2.837245748750161e6
2.8349350747071644e6
2.8326201646101493e6
2.8303012079959135e6
2.8279783916126713e6
2.825651899436107e6
2.823321912686297e6
2.8209886098454576e6
2.8186521666764617e6
2.8163127562420596e6
2.8139705489247865e6
2.8116257124474733e6
2.809278411894356e6
2.8069288097327007e6
2.804577065834939e6
2.802223337501254e6
2.7998677794825886e6
2.797510544004034e6
2.795151780788575e6
2.7927916370811462e6
2.790430257672986e6
2.7880677849262366e6
2.7857043587987856e6
2.7833401168693015e6
2.7809751943624523e6
2.778609724174275e6
2.7762438368976787e6
2.7738776608480494e6
2.7715113220889526e6
2.769144944457888e6
2.7667786495921114e6
2.764412556954462e6
2.7620467838592357e6
2.759681445498019e6
2.75731665496553e6
2.754952523285423e6
2.75258915943603e6
2.7502266703760596e6
2.74786516107022e6
2.7455047345147487e6
2.743145491762853e6
2.7407875319500566e6
2.7384309523194004e6
2.736075848246553e6
2.733722313264767e6
2.7313704390896964e6
2.729020315644071e6
2.726672031082212e6
2.7243256718143774e6
2.7219813225309565e6
2.7196390662264633e6
2.717298984223371e6
2.7149611561957556e6
2.712625660192742e6
2.7102925726617663e6
2.707961968471626e6
2.705633920935348e6
2.703308501832833e6
3.159545195458591e6
3.1595420974536655e6
3.159537574238025e6
3.159531224245204e6
3.1595225951801133e6
3.1595111863754466e6
3.159496451731892e6
3.1594778031151034e6
3.1594546140944907e6
3.159426223921415e6
3.1593919416567828e6
3.1593510503700892e6
3.1593028113433407e6
3.15924646822387e6
3.1591812510798187e6
3.159106380320766e6
3.159021070453864e6
3.1589245336527387e6
3.1588159831224405e6
3.158694636248972e6
3.158559717526354e6
3.1584104612579998e6
3.1582461140322997e6
3.158065936974938e6
3.1578692077825824e6
3.1576552225442785e6
3.1574232973582055e6
3.1571727697524494e6
3.1569029999191836e6
3.1566133717721393e6
3.1563032938375464e6
3.1559721999888574e6
3.1556195500355964e6
3.1552448301765188e6
3.1548475533270924e6
3.154427259331069e6
3.15398351506553e6
3.153515914448469e6
3.153024078357586e6
3.1525076544684945e6
3.1519663170201895e6
3.151399766515136e6
3.1508077293609255e6
3.150189957460021e6
3.1495462277536825e6
3.148876341725762e6
3.148180124871644e6
3.1474574261372616e6
3.146708117332693e6
3.145932092524559e6
3.1451292674110536e6
3.144299578683168e6
3.1434429833753295e6
3.142559458208429e6
3.14164899892793e6
3.1407116196395075e6
3.13974735214443e6
3.138756245276685e6
3.137738364243657e6
3.1366937899719407e6
3.1356226184597625e6
3.134524960137245e6
3.1334009392356714e6
3.1322506931667184e6
3.131074371912519e6
3.1298721374273016e6
3.1286441630512434e6
3.1273906329370555e6
3.1261117414897736e6
3.124807692820091e6
3.1234787002115394e6
3.1221249856017292e6
3.1207467790778037e6
3.1193443183862227e6
3.117917848456904e6
3.116467620941749e6
3.114993893767499e6
3.1134969307028605e6
3.111977000939781e6
3.110434378688755e6
3.108869342787989e6
3.1072821763262306e6
3.1056731662790896e6
3.1040426031585927e6
3.102390780675761e6
3.1007179954159535e6
3.0990245465267077e6
3.0973107354178294e6
3.095576865473438e6
3.0938232417756864e6
3.092050170839885e6
3.0902579603607203e6
3.0884469189693e6
3.0866173560007056e6
3.08476958127179e6
3.0829039048688947e6
3.081020636945239e6
3.0791200875276523e6
3.077202566332388e6
3.075268382589734e6
3.0733178448771364e6
3.0713512609605636e6
3.069368937643844e6
3.0673711806257134e6
3.0653582943643e6
3.063330581948808e6
3.061288344978136e6
3.059231883446201e6
3.057161495633707e6
3.0550774780061464e6
3.052980125117798e6
3.0508697295214916e6
3.048746581683937e6
3.0466109699063976e6
3.044463180250511e6
3.042303496469042e6
3.0401321999413986e6
3.037949569613699e6
3.0357558819432235e6
3.03355141084707e6
3.031336427654838e6
3.0291112010651757e6
3.026875997106035e6
3.024631079098474e6
3.0223767076238515e6
3.0201131404942847e6
3.0178406327262e6
3.0155594365168754e6
3.0132698012238084e6
3.0109719733468182e6
3.008666196512716e6
3.0063527114624726e6
3.0040317560407277e6
3.001703565187556e6
2.9993683709323737e6
2.997026402389884e6
2.994677885757965e6
2.992323044317402e6
2.989962098433371e6
2.987595265558594e6
2.985222760238073e6
2.982844794115313e6
2.980461575939983e6
2.9780733115769066e6
2.9756802040163316e6
2.9732824533854015e6
2.970880256960752e6
2.968473809182197e6
2.9660633016674058e6
2.9636489232275346e6
2.961230859883754e6
2.958809294884606e6
2.9563844087241543e6
2.95395637916086e6
2.951525381237149e6
2.9490915872996165e6
2.9466551670198333e6
2.94421628741569e6
2.9417751128732716e6
2.9393318051691907e6
2.9368865234933672e6
2.9344394244722025e6
2.9319906621921216e6
2.9295403882234492e6
2.927088751644591e6
2.9246358990664836e6
2.922181974657292e6
2.91972712016733e6
2.9172714749541553e6
2.9148151760078548e6
2.9123583579764576e6
2.909901153191474e6
2.9074436916935355e6
2.9049861012581186e6
2.902528507421317e6
2.900071033505668e6
2.8976138006460005e6
2.895156927815292e6
2.8927005318505107e6
2.8902447274784446e6
2.8877896273414963e6
2.8853353420234094e6
2.88288198007496e6
2.8804296480395477e6
2.877978450478721e6
2.8755284899975904e6
2.873079867270146e6
2.8706326810644553e6
2.8681870282677338e6
2.865743003911282e6
2.8633007011952884e6
2.8608602115134746e6
2.858421624477586e6
2.855985027941729e6
2.853550508026526e6
2.8511181491431086e6
2.8486880340169244e6
2.8462602437113617e6
2.8438348576511876e6
2.841411953645788e6
2.838991607912218e6
3.311062563005903e6
3.3110594554256923e6
3.311054916576329e6
3.311048542281685e6
3.31103987695799e6
3.3110284159018747e6
3.3110136081712428e6
3.3109948599329446e6
3.310971538162947e6
3.3109429745968278e6
3.310908469840555e6
3.310867297563272e6
3.3108187087050127e6
3.310761935642698e6
3.310696196267384e6
3.310620697934412e6
3.3105346412559035e6
3.3104372237119647e6
3.310327643062984e6
3.3102051005506576e6
3.310068803879925e6
3.309917969977725e6
3.3097518275278215e6
3.309569619283505e6
3.3093706041622297e6
3.3091540591279627e6
3.3089192808684334e6
3.308665587275498e6
3.3083923187376657e6
3.308098839254331e6
3.3077845373816504e6
3.30744882702015e6
3.307091148054219e6
3.3067109668535446e6
3.3063077766464185e6
3.3058810977745554e6
3.3054304778388245e6
3.3049554917448848e6
3.3044557416574243e6
3.3039308568712254e6
3.3033804936069082e6
3.3028043347388054e6
3.3022020894619217e6
3.301573492904615e6
3.300918305693127e6
3.300236313473759e6
3.299527326398051e6
3.298791178575961e6
3.2980277275016904e6
3.2972368534564115e6
3.29641845889187e6
3.2955724677984864e6
3.294698825061293e6
3.2937974958067667e6
3.292868464743324e6
3.2919117354980446e6
3.2909273299518996e6
3.2899152875755904e6
3.288875664767853e6
3.2878085341979503e6
3.286713984153819e6
3.285592117897259e6
3.2844430530273393e6
3.2832669208530686e6
3.28206386577627e6
3.2808340446854457e6
3.2795776263613347e6
3.2782947908947454e6
3.2769857291171663e6
3.275650642044566e6
3.2742897403347045e6
3.27290324375824e6
3.2714913806838016e6
3.2700543875771947e6
3.2685925085148015e6
3.2671059947112286e6
3.265595104061185e6
3.2640601006955593e6
3.262501254551603e6
3.2609188409571094e6
3.259313140228467e6
3.2576844372823993e6
3.256033021261222e6
3.254359185171413e6
3.2526632255352694e6
3.2509454420554223e6
3.249206137291958e6
3.2474456163518988e6
3.2456641865907703e6
3.2438621573259775e6
3.2420398395617423e6
3.2401975457252786e6
3.238335589413953e6
3.2364542851531385e6
3.234553948164468e6
3.2326348941442035e6
3.2306974390514363e6
3.2287418989058384e6
3.2267685895946715e6
3.2247778266887874e6
3.2227699252673294e6
3.220745199750872e6
3.2187039637427293e6
3.216646529878157e6
3.214573209681203e6
3.2124843134289314e6
3.2103801500227912e6
3.208261026866872e6
3.2061272497528014e6
3.203979122751059e6
3.2018169481084757e6
3.199641026151691e6
3.1974516551963505e6
3.195249131461835e6
3.1930337489913045e6
3.190805799576872e6
3.188565572689684e6
3.186313355414755e6
3.1840494323903294e6
3.181774085751621e6
3.1794875950787473e6
3.177190237348676e6
3.174882286891048e6
3.1725640153476847e6
3.1702356916356497e6
3.1678975819137124e6
3.1655499495520573e6
3.1631930551051055e6
3.1608271562873255e6
3.1584525079518836e6
3.15606936207202e6
3.1536779677250236e6
3.1512785710786902e6
3.1488714153801575e6
3.1464567409469853e6
3.144034785160405e6
3.141605782460614e6
3.1391699643440293e6
3.136727559362389e6
3.134278793123643e6
3.1318238882945064e6
3.1293630646046167e6
3.1268965388522064e6
3.1244245249112104e6
3.121947233739733e6
3.11946487338981e6
3.116977649018382e6
3.1144857628994216e6
3.111989414437155e6
3.109488800180299e6
3.106984113837273e6
3.10447554629231e6
3.1019632856224384e6
3.0994475171152446e6
3.096928423287407e6
3.0944061839039186e6
3.091880975997975e6
3.0893529738914683e6
3.086822349216056e6
3.0842892709347554e6
3.081753905364028e6
3.0792164161963174e6
3.0766769645229997e6
3.074135708857727e6
3.071592805160103e6
3.069048406859692e6
3.0665026648803055e6
3.063955727664558e6
3.0614077411986454e6
3.0588588490373367e6
3.0563091923291385e6
3.0537589098416283e6
3.0512081379869143e6
3.0486570108472067e6
3.0461056602004897e6
3.0435542155462597e6
3.0410028041313216e6
3.0384515509756207e6
3.035900578898088e6
3.033350008542504e6
3.030799958403337e6
3.028250544851561e6
3.025701882160437e6
3.0231540825312356e6
3.0206072561189e6
3.01806151105763e6
3.015516953486378e6
3.0129736875742516e6
3.0104318155458034e6
3.0078914377062055e6
3.005352652466306e6
3.002815556367535e6
3.0002802441066876e6
2.997746808560549e6
2.9952153408103636e6
2.9926859301661453e6
2.9901586641908227e6
2.987633628724205e6
2.985110907906774e6
2.982590584203294e6
2.9800727384262313e6
3.468337613693765e6
3.468334496698391e6
3.4683299424710753e6
3.468323544262927e6
3.4683148432455934e6
3.46830333073071e6
3.4682884509908985e6
3.4682696045573307e6
3.4682461518802065e6
3.46821741725028e6
3.468182692891358e6
3.468141243145248e6
3.468092308681591e6
3.468035110675319e6
3.4679688549039396e6
3.467892735725489e6
3.4678059399057445e6
3.4677076502701454e6
3.467597049161961e6
3.467473321693472e6
3.4673356587815112e6
3.4671832599625424e6
3.4670153359857574e6
3.4668311111853668e6
3.46662982563553e6
3.4664107370931455e6
3.4661731227352237e6
3.465916280698623e6
3.465639531430795e6
3.4653422188608125e6
3.465023711400315e6
3.4646834027842237e6
3.4643207127612224e6
3.463935087643897e6
3.4635260007283543e6
3.4630929525928698e6
3.4626354712849264e6
3.4621531124056033e6
3.4616454590999885e6
3.46111212196186e6
3.460552738860535e6
3.459966974697326e6
3.459354521098676e6
3.458715096052617e6
3.458048443494779e6
3.457354332849816e6
3.456632558533682e6
3.4558829394218596e6
3.4551053182882317e6
3.4542995612190077e6
3.453465557005705e6
3.452603216520951e6
3.4517124720804947e6
3.450793276794608e6
3.4498456039117216e6
3.448869446156937e6
3.4478648150678077e6
3.446831740329541e6
3.445770269111589e6
3.444680465407397e6
3.443562409378898e6
3.442416196707151e6
3.4412419379504253e6
3.4400397579108104e6
3.438809795010367e6
3.4375522006776584e6
3.4362671387454346e6
3.4349547848600913e6
3.433615325903472e6
3.4322489594274596e6
3.4308558931017397e6
3.429436344175054e6
3.42799053895016e6
3.426518712272688e6
3.425021107034027e6
3.4234979736882886e6
3.421949569783377e6
3.4203761595061803e6
3.4187780132417846e6
3.4171554071466643e6
3.415508622735704e6
3.4138379464829364e6
3.4121436694358154e6
3.410426086842836e6
3.408685497794317e6
3.4069222048761086e6
3.405136513836004e6
3.4033287332626083e6
3.4014991742764115e6
3.399648150232809e6
3.397775976436792e6
3.395882969869049e6
3.393969448923197e6
3.3920357331538517e6
3.3900821430352805e6
3.388108999730327e6
3.3861166248693634e6
3.3841053403389435e6
3.3820754680799227e6
3.380027329894734e6
3.3779612472635657e6
3.37587754116916e6
3.3737765319299693e6
3.3716585390413986e6
3.369523881024884e6
3.3673728752845465e6
3.3652058379711625e6
3.363023083853225e6
3.3608249261948275e6
3.3586116766401585e6
3.3563836451043626e6
3.354141139670543e6
3.351884466492689e6
3.3496139297043146e6
3.347329831332592e6
3.3450324712177813e6
3.342722146937759e6
3.3403991537374468e6
3.338063784462957e6
3.3357163295002715e6
3.333357076718268e6
3.330986311415942e6
3.3286043162736394e6
3.3262113713081353e6
3.323807753831426e6
3.3213937384130466e6
3.3189695968458047e6
3.316535598114755e6
3.3140920083693014e6
3.311639090898271e6
3.3091771061078585e6
3.3067063115022765e6
3.304226961667044e6
3.301739308254739e6
3.299243599973153e6
3.2967400825756993e6
3.2942289988540034e6
3.2917105886325436e6
3.289185088765276e6
3.2866527331341156e6
3.284113752649211e6
3.281568375250916e6
3.279016825913366e6
3.276459326649588e6
3.273896096518069e6
3.2713273516306905e6
3.2687533051619744e6
3.2661741673595686e6
3.263590145555893e6
3.2610014441808923e6
3.258408264775839e6
3.255810806008111e6
3.2532092636868926e6
3.2506038307797606e6
3.2479946974300784e6
3.2453820509751593e6
3.2427660759651545e6
3.240146954182608e6
3.237524864662645e6
3.234899983713749e6
3.232272484939072e6
3.2296425392582687e6
3.2270103149297773e6
3.2243759775735545e6
3.221739690194188e6
3.219101613204391e6
3.2164619044488156e6
3.2138207192281755e6
3.2111782103236495e6
3.208534528021516e6
3.2058898201380195e6
3.2032442320444263e6
3.2005979066922544e6
3.1979509846386514e6
3.195303604071892e6
3.1926559008369907e6
3.190008008461391e6
3.187360058180729e6
3.1847121789646335e6
3.1820644975425745e6
3.17941713842971e6
3.176770223952742e6
3.174123874275756e6
3.171478207426026e6
3.1688333393197884e6
3.166189383787944e6
3.1635464526017117e6
3.1609046554981894e6
3.1582641002058345e6
3.1556248924698425e6
3.152987136077418e6
3.1503509328829288e6
3.1477163828329286e6
3.145083583991061e6
3.1424526325628012e6
3.13982362292007e6
3.1371966476256787e6
3.13457179745762e6
3.131949161433189e6
3.129328826832938e6
3.1267108792244447e6
3.631532899261083e6
3.6315297730068346e6
3.6315252036513966e6
3.6315187819093326e6
3.631510045751072e6
3.631498482553565e6
3.631483531860914e6
3.6314645886310595e6
3.6314410068555647e6
3.6314121034509223e6
3.631377162331385e6
3.631335438584531e6
3.63128616268159e6
3.631228544664663e6
3.6311617782623535e6
3.6310850448938403e6
3.6309975175291584e6
3.6308983643802833e6
3.6307867524036868e6
3.6306618506003115e6
3.6305228331034854e6
3.6303688820492034e6
3.6301991902265367e6
3.630012963508681e6
3.629809423067495e6
3.6295878073762e6
3.6293473740064637e6
3.6290874012272274e6
3.6288071894135573e6
3.6285060622744313e6
3.628183367908837e6
3.6278384796998072e6
3.6274707970561828e6
3.6270797460118374e6
3.626664779692063e6
3.6262253786566043e6
3.6257610511285895e6
3.6252713331183237e6
3.6247557884505833e6
3.6242140087036653e6
3.623645613068092e6
3.6230502481324784e6
3.6224275876036463e6
3.6217773319677035e6
3.6210992080983873e6
3.620392968818578e6
3.619658392420544e6
3.618895282150039e6
3.618103465659097e6
3.61728279443196e6
3.6164331431882796e6
3.6155544092673985e6
3.614646511997238e6
3.6137093920510276e6
3.6127430107948123e6
3.611747349628493e6
3.610722409322834e6
3.6096682093547084e6
3.608584787242611e6
3.6074721978842914e6
3.606330512898161e6
3.6051598199699735e6
3.603960222206093e6
3.602731837494566e6
3.601474797875018e6
3.600189248918314e6
3.5988753491167817e6
3.5975332692857105e6
3.5961631919767014e6
3.5947653109034086e6
3.593339830380078e6
3.5918869647732354e6
3.590406937966812e6
3.588899982840917e6
3.587366340764421e6
3.5858062611014447e6
3.5842200007318286e6
3.5826078235855806e6
3.5809700001912867e6
3.5793068072384256e6
3.577618527153492e6
3.575905447689812e6
3.5741678615309093e6
3.5724060659072488e6
3.5706203622261854e6
3.5688110557149006e6
3.5669784550761264e6
3.5651228721564086e6
3.563244621626685e6
3.5613440206749225e6
3.5594213887105566e6
3.557477047080469e6
3.5555113187962337e6
3.553524528272372e6
3.5515170010753237e6
3.549489063682875e6
3.5474410432537585e6
3.545373267407147e6
3.543286064011777e6
3.5411797609844133e6
3.5390546860974e6
3.5369111667950023e6
3.5347495300183063e6
3.5325701020383844e6
3.5303732082974818e6
3.5281591732579703e6
3.525928320258806e6
3.523680971379252e6
3.5214174473096337e6
3.51913806722887e6
3.5168431486885566e6
3.514533007503388e6
3.512207957647666e6
3.5098683111577164e6
3.5075143780399645e6
3.505146466184486e6
3.5027648812838322e6
3.5003699267569245e6
3.4979619036778305e6
3.4955411107092393e6
3.493107844040454e6
3.49066239732973e6
3.4882050616507814e6
3.4857361254432998e6
3.4832558744673203e6
3.480764591761277e6
3.478262557603606e6
3.4757500494777425e6
3.4732273420403786e6
3.470694707092835e6
3.4681524135554223e6
3.465600727444666e6
3.4630399118532576e6
3.4604702269326346e6
3.4578919298780537e6
3.4553052749160556e6
3.45271051329421e6
3.4501078932730453e6
3.4474976601200416e6
3.4448800561056216e6
3.4422553205010146e6
3.439623689577927e6
3.4369853966099145e6
3.434340671875389e6
3.431689742662164e6
3.4290328332734774e6
3.426370165035395e6
3.423701956305543e6
3.4210284224830954e6
3.41834977601994e6
3.415666226432967e6
3.4129779803174175e6
3.4102852413612367e6
3.407588210360361e6
3.4048870852348967e6
3.4021820610461417e6
3.399473330014382e6
3.3967610815374274e6
3.3940455022098417e6
3.391326775842813e6
3.3886050834846226e6
3.385880603441693e6
3.383153511300129e6
3.3804239799477714e6
3.3776921795966784e6
3.3749582778060287e6
3.372222439505404e6
3.369484827018413e6
3.3667456000866457e6
3.364004915893901e6
3.3612629290906894e6
3.358519791818951e6
3.3557756537370086e6
3.353030662044678e6
3.3502849615085535e6
3.347538694487436e6
3.344792000957865e6
3.342045018539761e6
3.3392978825221388e6
3.336550725888885e6
3.3338036793445777e6
3.331056871340329e6
3.328310428099642e6
3.3255644736442603e6
3.322819129820004e6
3.3200745163225634e6
3.317330750723257e6
3.3145879484947287e6
3.311846223036574e6
3.3091056857008934e6
3.3063664458177444e6
3.3036286107205017e6
3.3008922857711124e6
3.298157574385219e6
3.2954245780571713e6
3.292693396384898e6
3.2899641270946315e6
3.287236866065498e6
3.2845117073539477e6
3.281788743218015e6
3.279068064141431e6
3.8008140024062637e6
3.800810867045712e6
3.80080628280621e6
3.800799837901333e6
3.800791067142929e6
3.8007794540228182e6
3.800764433412607e6
3.8007453947587823e6
3.800721685660819e6
3.8006926157311057e6
3.8006574606467388e6
3.8006154663142175e6
3.8005658530786713e6
3.800507819919201e6
3.800440548581177e6
3.8003632076047766e6
3.8002749562167134e6
3.80017494805893e6
3.800062334734076e6
3.7999362691529016e6
3.799795908673309e6
3.799640418024709e6
3.7994689720147555e6
3.7992807580183116e6
3.799074978250873e6
3.7988508518306143e6
3.7986076166347424e6
3.798344530957128e6
3.7980608749750583e6
3.7977559520337377e6
3.797429089757604e6
3.797079640997836e6
3.796706984625648e6
3.796310526180957e6
3.795889698385967e6
3.7954439615330775e6
3.7949728037562803e6
3.79447574119498e6
3.7939523180588386e6
3.7934021066019037e6
3.792824707013922e6
3.7922197472363925e6
3.791586882710461e6
3.79092579606344e6
3.7902361967403027e6
3.7895178205861384e6
3.7887704293851787e6
3.7879938103616275e6
3.78718777564719e6
3.7863521617198363e6
3.7854868288180158e6
3.784591660334233e6
3.7836665621915855e6
3.7827114622065704e6
3.7817263094412256e6
3.7807110735473926e6
3.7796657441056627e6
3.7785903299613306e6
3.7774848585594776e6
3.776349375281106e6
3.7751839427820607e6
3.7739886403363016e6
3.772763563184923e6
3.7715088218921795e6
3.7702245417096284e6
3.7689108619493716e6
3.767567935367264e6
3.7661959275568416e6
3.764795016354626e6
3.7633653912573634e6
3.761907252851661e6
3.7604208122564424e6
3.7589062905785036e6
3.757363918381478e6
3.755793935168348e6
3.754196588877696e6
3.752572135393746e6
3.750920838070274e6
3.749242967268355e6
3.7475387999079577e6
3.745808619033276e6
3.744052713391746e6
3.7422713770265807e6
3.7404649088827246e6
3.7386336124260155e6
3.7367777952754046e6
3.7348977688480145e6
3.732993848016826e6
3.7310663507807585e6
3.72911559794693e6
3.7271419128248133e6
3.725145620932072e6
3.7231270497117927e6
3.7210865282608625e6
3.7190243870692197e6
3.716940957769707e6
3.714836572898263e6
3.712711565664172e6
3.710566269730115e6
3.7084010190017223e6
3.706216147426406e6
3.7040119888011515e6
3.7017888765890463e6
3.699547143744262e6
3.6972871225452367e6
3.6950091444358076e6
3.6927135398740284e6
3.690400638188455e6
3.6880707674416127e6
3.6857242543004514e6
3.683361423913525e6
3.680982599794685e6
3.678588103713057e6
3.676178255589067e6
3.6737533733963524e6
3.671313773069286e6
3.668859768415951e6
3.666391671036376e6
3.663909790245788e6
3.66141443300276e6
3.6589059038420166e6
3.6563845048117563e6
3.6538505354152974e6
3.6513042925568866e6
3.648746070491511e6
3.646176160778549e6
3.643594852239113e6
3.641002430916928e6
3.6383991800426166e6
3.6357853800012246e6
3.6331613083028845e6
3.630527239556466e6
3.627883445446082e6
3.625230194710347e6
3.622567753124261e6
3.6198963834835906e6
3.6172163455916634e6
3.6145278962484417e6
3.611831289241798e6
3.609126775340864e6
3.6064146022913884e6
3.6036950148129845e6
3.6009682545981877e6
3.5982345603132495e6
3.595494167600556e6
3.5927473090826157e6
3.5899942143675326e6
3.5872351100558825e6
3.5844702197489287e6
3.581699764058107e6
3.578923960615707e6
3.5761430240866966e6
3.57335716618162e6
3.5705665956705124e6
3.5677715183977643e6
3.5649721372979144e6
3.562168652412267e6
3.559361260906327e6
3.556550157087989e6
3.553735532426416e6
3.5509175755716017e6
3.5480964723745356e6
3.545272405907945e6
3.542445556487584e6
3.5396161016940195e6
3.5367842163948687e6
3.5339500727674803e6
3.5311138403219995e6
3.5282756859248043e6
3.5254357738222615e6
3.522594265664804e6
3.519751320531261e6
3.516907094953454e6
3.514061742941004e6
3.5112154160063425e6
3.5083682631898914e6
3.505520431085398e6
3.5026720638654013e6
3.499823303306805e6
3.496974288816542e6
3.4941251574573102e6
3.4912760439733677e6
3.4884270808163537e6
3.4855783981711487e6
3.482730123981718e6
3.4798823839769666e6
3.4770353016965645e6
3.474188998516731e6
3.471343593675981e6
3.4684992043008083e6
3.4656559454312893e6
3.4628139300466245e6
3.4599732690905654e6
3.4571340714967633e6
3.4542964442139915e6
3.451460492231257e6
3.4486263186027794e6
3.445794024472852e6
3.4429637091005403e6
3.44013546988425e6
3.437309402386131e6
3.9763495647842344e6
3.9763464204663467e6
3.976341821581238e6
3.9763353538763984e6
3.976326549047017e6
3.976314886748596e6
3.976299797235538e6
3.976280664503964e6
3.9762568298272295e6
3.9762275955833388e6
3.976192229284387e6
3.976149967728945e6
3.9761000212086337e6
3.976041577709978e6
3.975973807061732e6
3.9758958649862492e6
3.9758068970210594e6
3.9757060422836193e6
3.975592437058257e6
3.9754652181896255e6
3.975323526271625e6
3.975166508624709e6
3.9749933220579405e6
3.974803135415001e6
3.9745951319057746e6
3.9743685112271295e6
3.9741224914780892e6
3.973856310875906e6
3.9735692292805347e6
3.9732605295357388e6
3.972929518635633e6
3.9725755287258043e6
3.972197917948353e6
3.971796071140312e6
3.971369400394823e6
3.970917345494379e6
3.9704393742252304e6
3.969934982581819e6
3.969403694869805e6
3.9688450637159636e6
3.968258669992839e6
3.9676441226657215e6
3.967001058569102e6
3.9663291421194305e6
3.9656280649705706e6
3.964897545618008e6
3.9641373289574906e6
3.963347185803408e6
3.962526912371865e6
3.9616763297331003e6
3.9607952832375243e6
3.9598836419193675e6
3.958941297881637e6
3.957968165665774e6
3.956964181609154e6
3.9559293031932963e6
3.9548635083854417e6
3.9537667949758866e6
3.9526391799132857e6
3.951480698639914e6
3.9502914044287023e6
3.949071367723673e6
3.9478206754852524e6
3.9465394305417836e6
3.9452277509484016e6
3.94388576935433e6
3.942513632379514e6
3.9411115000014054e6
3.939679544952607e6
3.9382179521299675e6
3.936726918015687e6
3.9352066501108287e6
3.933657366381637e6
3.9320792947189263e6
3.93047267241082e6
3.9288377456289562e6
3.927174768928339e6
3.92548400476088e6
3.9237657230026736e6
3.92202020049501e6
3.9202477205990567e6
3.9184485727641904e6
3.916623052109808e6
3.9147714590205643e6
3.912894098754834e6
3.910991281066254e6
3.9090633198381746e6
3.907110532730782e6
3.905133240840712e6
3.9031317683729213e6
3.901106442324571e6
3.899057592180694e6
3.8969855496213837e6
3.8948906482402654e6
3.892773223273972e6
3.8906336113423747e6
3.8884721501993057e6
3.8862891784934876e6
3.884085035539436e6
3.8818600610980312e6
3.8796145951665244e6
3.8773489777776985e6
3.8750635488079237e6
3.872758647793848e6
3.870434613757471e6
3.8680917850393453e6
3.865730499139643e6
3.86335109256686e6
3.8609539006939074e6
3.858539257621347e6
3.856107496047544e6
3.853658947145502e6
3.8511939404461696e6
3.8487128037279756e6
3.8462158629123983e6
3.843703441965356e6
3.8411758628041954e6
3.838633445210112e6
3.836076506745769e6
3.8335053626779625e6
3.8309203259051116e6
3.8283217068894226e6
3.825709813593539e6
3.8230849514215086e6
3.820447423163902e6
3.817797528946921e6
3.815135566185349e6
3.8124618295391826e6
3.8097766108737933e6
3.807080199223501e6
3.8043728807583936e6
3.801654938754267e6
3.7989266535655716e6
3.7961883026012196e6
3.793440160303146e6
3.7906824981274935e6
3.7879155845283186e6
3.785139684943709e6
3.782355061784197e6
3.779561974423375e6
3.7767606791906087e6
3.773951429365759e6
3.7711344751758175e6
3.76831006379336e6
3.7654784393367376e6
3.7626398428719314e6
3.759794512415977e6
3.756942682941881e6
3.7540845863849707e6
3.751220451650593e6
3.7483505046230936e6
3.745474968176018e6
3.742594062183461e6
3.739708003532511e6
3.736817006136725e6
3.7339212809505803e6
3.731021035984848e6
3.7281164763228307e6
3.725207804137419e6
3.72229521870892e6
3.7193789164436064e6
3.716459090892938e6
3.7135359327734243e6
3.710609629987076e6
3.7076803676424073e6
3.7047483280759593e6
3.7018136908742962e6
3.6988766328964443e6
3.6959373282967466e6
3.692995948548086e6
3.6900526624654634e6
3.6871076362298857e6
3.6841610334125482e6
3.681213014999273e6
3.678263739415187e6
3.675313363267585e6
3.672362038499103e6
3.669409916720808e6
3.666457146365679e6
3.663503873432085e6
3.6605502415093957e6
3.6575963918036623e6
3.654642463163385e6
3.651688592105305e6
3.648734912840249e6
3.645781557298979e6
3.6428286551580452e6
3.6398763338656346e6
3.6369247186673796e6
3.633973932632146e6
3.631024096677753e6
3.628075329596647e6
3.6251277480814946e6
3.6221814667506902e6
3.6192365981737804e6
3.6162932528967797e6
3.6133515394673767e6
3.6104115644600205e6
3.607473432500893e6
3.6045372462927205e6
3.6016031066394756e6
4.158311315003524e6
4.1583081618737658e6
4.1583035485760686e6
4.1582970584260942e6
4.158288220043593e6
4.1582765092958235e6
4.15826135187454e6
4.1582421263859035e6
4.158218167842527e6
4.1581887714572856e6
4.1581531966491663e6
4.1581106711819093e6
4.1580603953664466e6
4.1580015462676827e6
4.157933281865242e6
4.1578547451260625e6
4.1577650679542394e6
4.157663374990307e6
4.1575487872381867e6
4.15742042550335e6
4.1572774136303337e6
4.1571188815318737e6
4.156943968005255e6
4.156751823334472e6
4.1565416116792206e6
4.156312513253788e6
4.1560637263005394e6
4.1557944688640865e6
4.1555039803732038e6
4.1551915230384385e6
4.154856383073862e6
4.154497871751869e6
4.154115326300181e6
4.153708110650266e6
4.153275616046484e6
4.15281726152509e6
4.152332494272138e6
4.151820789869094e6
4.1512816524346615e6
4.1507146146710976e6
4.150119237822895e6
4.14949511155542e6
4.148841853760673e6
4.1481591102970643e6
4.1474465546696163e6
4.1467038876567236e6
4.145930836889215e6
4.1451271563870804e6
4.1442926260589184e6
4.143427051168791e6
4.142530261774876e6
4.141602112143983e6
4.1406424801456966e6
4.139651266629622e6
4.138628394788994e6
4.137573809513545e6
4.1364874767344077e6
4.135369382763511e6
4.1342195336297387e6
4.1330379544139616e6
4.1318246885847775e6
4.130579797336698e6
4.1293033589323023e6
4.1279954680497693e6
4.1266562351369783e6
4.1252857857733513e6
4.123884260040354e6
4.122451811901565e6
4.12098860859306e6
4.119494830024759e6
4.1179706681933273e6
4.1164163266070993e6
4.1148320197234377e6
4.1132179723988776e6
4.111574419352298e6
4.109901604641376e6
4.108199781152434e6
4.1064692101038387e6
4.104710160562971e6
4.1029229089768236e6
4.1011077387161893e6
4.099264939633421e6
4.097394807633642e6
4.09549764425936e6
4.0935737562883054e6
4.0916234553443757e6
4.089647057521508e6
4.0876448830203023e6
4.0856172557971785e6
4.083564503225881e6
4.0814869557710895e6
4.0793849466739045e6
4.0772588116489854e6
4.0751088885930814e6
4.072935517304693e6
4.0707390392146446e6
4.0685197971272655e6
4.0662781349719632e6
4.0640143975648866e6
4.061728930380453e6
4.059422079332448e6
4.0570941905644583e6
4.0547456102493717e6
4.0523766843976793e6
4.0499877586743315e6
4.0475791782239033e6
4.0451512875038004e6
4.042704430125283e6
4.040238948702038e6
4.037755184706096e6
4.035253478330825e6
4.032734168360795e6
4.030197592048273e6
4.027644084996142e6
4.025073981047011e6
4.0224876121783257e6
4.019885308403248e6
4.017267397677126e6
4.0146342058093487e6
4.0119860563803865e6
4.009323270663835e6
4.006646167553295e6
4.0039550634938786e6
4.001250272418215e6
3.9985321056867233e6
3.9958008720320626e6
3.993056877507552e6
3.9903004254394076e6
3.987531816382683e6
3.9847513480807235e6
3.981959315428028e6
3.9791560104363607e6
3.9763417222039946e6
3.9735167378174164e6
3.9706813386085555e6
3.967835805709482e6
3.96498041631501e6
3.962115444595215e6
3.959241161680855e6
3.956357835651148e6
3.953465731523718e6
3.9505651112466804e6
3.9476562336927317e6
3.944739354655161e6
3.9418147268457157e6
3.9388825998941846e6
3.935943220349692e6
3.932996831683543e6
3.930043674293607e6
3.9270839855101244e6
3.9241179996028887e6
3.9211459477897235e6
3.9181680582461962e6
3.9151845561164906e6
3.912195663525397e6
3.9092015995913483e6
3.906202580440443e6
3.9031988192214062e6
3.900190526121445e6
3.8971779083829112e6
3.8941611703207823e6
3.891140513340852e6
3.888116135958631e6
3.8850882338188887e6
3.882056999715806e6
3.879022623613694e6
3.875985292668248e6
3.8729451912482884e6
3.869902500957957e6
3.8668574006593567e6
3.8638100664955582e6
3.860760671913976e6
3.857709387690084e6
3.8546563819514257e6
3.851601820201901e6
3.8485458653462958e6
3.845488677715049e6
3.842430415089209e6
3.839371232725569e6
3.8363112833819576e6
3.833250717342669e6
3.8301896824439997e6
3.827128324099886e6
3.8240667853276143e6
3.821005206773595e6
3.817943726739177e6
3.8148824812064897e6
3.811821603864301e6
3.8087612261338644e6
3.805701477194764e6
3.8026424840107155e6
3.799584371355336e6
3.796527261837866e6
3.7934712759288093e6
3.7904165319855176e6
3.7873631462776866e6
3.784311233012748e6
3.7812609043611703e6
3.778212270481643e6
3.7751654395461474e6
3.7721205177648934e6
4.346874097818876e6
4.346870936019326e6
4.346866308536772e6
4.346859796288687e6
4.346850924859907e6
4.346839166376796e6
4.346823942022288e6
4.346804625072296e6
4.346780544343462e6
4.346750987952323e6
4.346715207296327e6
4.34667242117742e6
4.346621819998825e6
4.346562569975251e6
4.346493817305487e6
4.3464146922646e6
4.346324313180519e6
4.3462217902663285e6
4.346106229285769e6
4.345976735034732e6
4.345832414626139e6
4.3456723805697225e6
4.345495753641656e6
4.345301665541952e6
4.345089261340089e6
4.344857701711347e6
4.344606164968101e6
4.344333848891666e6
4.344039972371416e6
4.343723776858691e6
4.343384527643727e6
4.343021514964203e6
4.342634054954326e6
4.342221490443522e6
4.341783191613847e6
4.341318556525158e6
4.340827011516997e6
4.340308011495884e6
4.339761040116543e6
4.339185609865253e6
4.338581262053221e6
4.337947566727594e6
4.337284122507258e6
4.33659055635036e6
4.335866523260051e6
4.335111705934564e6
4.334325814367501e6
4.333508585403686e6
4.332659782255789e6
4.331779193986402e6
4.330866634960101e6
4.329921944269583e6
4.328944985139767e6
4.327935644313389e6
4.32689383142143e6
4.3258194783413755e6
4.324712538546121e6
4.323572986446104e6
4.322400816726998e6
4.321196043685109e6
4.319958700562449e6
4.318688838883244e6
4.3173865277935015e6
4.316051853405076e6
4.31468491814553e6
4.313285840114982e6
4.311854752450942e6
4.310391802702121e6
4.308897152211943e6
4.307370975512531e6
4.305813459729783e6
4.304224804000038e6
4.302605218898806e6
4.3009549258819325e6
4.299274156739528e6
4.297563153062863e6
4.295822165724507e6
4.294051454371732e6
4.2922512869334305e6
4.29042193914043e6
4.2885636940593645e6
4.286676841640003e6
4.284761678275971e6
4.2828185063788565e6
4.280847633965505e6
4.278849374258459e6
4.276824045299308e6
4.274771969574849e6
4.272693473655845e6
4.270588887848166e6
4.268458545856148e6
4.2663027844579145e6
4.264121943192423e6
4.261916364058054e6
4.259686391222437e6
4.257432370743316e6
4.255154650300142e6
4.252853578936246e6
4.250529506811199e6
4.248182784963219e6
4.2458137650812995e6
4.243422799286831e6
4.241010239924462e6
4.238576439361915e6
4.23612174979854e6
4.233646523082328e6
4.231151110535174e6
4.228635862786091e6
4.22610112961216e6
4.223547259787023e6
4.220974600936586e6
4.218383499401798e6
4.215774300108219e6
4.213147346442187e6
4.210502980133359e6
4.207841541143399e6
4.205163367560626e6
4.202468795500413e6
4.199758159011123e6
4.197031789985418e6
4.1942900180767206e6
4.191533170620663e6
4.188761572561344e6
4.1859755463821976e6
4.1831754120413475e6
4.1803614869112116e6
4.177534085722291e6
4.174693520510884e6
4.171840100570648e6
4.1689741324078385e6
4.1660959197000638e6
4.1632057632584474e6
4.1603039609930357e6
4.157390807881343e6
4.154466595939895e6
4.1515316141986363e6
4.148586148678121e6
4.145630482369319e6
4.142664895215982e6
4.139689664099408e6
4.1367050628255466e6
4.133711362114308e6
4.130708829591009e6
4.127697729779828e6
4.1246783240992147e6
4.1216508708591363e6
4.1186156252600932e6
4.1155728393938118e6
4.1125227622455475e6
4.109465639697905e6
4.1064017145361244e6
4.103331226454723e6
4.1002544120654925e6
4.0971715049066995e6
4.0940827354534976e6
4.090988331129454e6
4.0878885163191445e6
4.0847835123817367e6
4.0816735376655543e6
4.078558807523517e6
4.0754395343294404e6
4.0723159274951373e6
4.069188193488263e6
4.0660565358508728e6
4.0629211552186576e6
4.059782249340778e6
4.0566400131003004e6
4.0534946385351764e6
4.050346314859716e6
4.047195228486554e6
4.0440415630490417e6
4.040885499424043e6
4.037727215755115e6
4.034566887476029e6
4.0314046873346055e6
4.028240785416833e6
4.025075349171272e6
4.0219085434336555e6
4.018740530451755e6
4.0155714699103786e6
4.0124015189565895e6
4.009230832225026e6
4.006059561863387e6
4.0028878575579952e6
3.999715866559458e6
3.9965437337084115e6
3.9933716014612904e6
3.9901996099161715e6
3.9870278968386096e6
3.983856597687495e6
3.980685845640908e6
3.977515771621941e6
3.974346504324512e6
3.9711781702391026e6
3.96801089367848e6
3.9648447968033124e6
3.9616799996477417e6
3.958516620144856e6
3.955354774152066e6
3.9521945754763875e6
3.9490361358995964e6
4.542215897678698e6
4.542212727348135e6
4.542208085903327e6
4.542201551896567e6
4.542192647917625e6
4.542180842398596e6
4.542165552066696e6
4.542146144926619e6
4.54212194366319e6
4.542092229364895e6
4.54205624547891e6
4.542013201918266e6
4.5419622792516155e6
4.541902632915302e6
4.541833397396269e6
4.541753690342351e6
4.541662616564008e6
4.541559271898149e6
4.541442746910743e6
4.541312130420304e6
4.541166512828846e6
4.541004989251186e6
4.540826662436764e6
4.540630645481406e6
4.54041606432875e6
4.5401820600633705e6
4.5399277909993315e6
4.53965243456928e6
4.539355189020424e6
4.539035274924605e6
4.538691936510293e6
4.538324442824881e6
4.537932088735997e6
4.537514195780661e6
4.537070112871252e6
4.536599216867222e6
4.536100913021373e6
4.535574635309343e6
4.535019846650776e6
4.534436039030299e6
4.533822733526266e6
4.5331794802547535e6
4.532505858236158e6
4.5318014751911815e6
4.531065967272836e6
4.530298998740652e6
4.529500261582908e6
4.528669475092441e6
4.527806385401179e6
4.526910764978251e6
4.525982412096214e6
4.525021150269582e6
4.52402682766964e6
4.522999316519136e6
4.521938512470235e6
4.520844333968903e6
4.5197167216085e6
4.518555637475333e6
4.517361064488506e6
4.516133005736347e6
4.514871483811409e6
4.513576540145891e6
4.512248234349174e6
4.510886643548967e6
4.509491861737438e6
4.508063999123559e6
4.506603181492775e6
4.505109549574922e6
4.503583258421356e6
4.502024476791963e6
4.500433386552753e6
4.498810182084646e6
4.497155069703883e6
4.495468267094532e6
4.493750002753441e6
4.492000515447876e6
4.490220053686122e6
4.488408875201209e6
4.486567246447885e6
4.484695442112925e6
4.482793744638779e6
4.4808624437606465e6
4.478901836056865e6
4.476912224512584e6
4.474893918096657e6
4.472847231351629e6
4.47077248399666e6
4.468670000543277e6
4.466540109923762e6
4.464383145131998e6
4.462199442876573e6
4.459989343245933e6
4.457753189385391e6
4.455491327185707e6
4.453204104983093e6
4.450891873270308e6
4.448554984418692e6
4.446193792410804e6
4.443808652583497e6
4.441399921381108e6
4.438967956118563e6
4.436513114754115e6
4.434035755671473e6
4.431536237471051e6
4.429014918770147e6
4.426472158011699e6
4.423908313281498e6
4.421323742133488e6
4.418718801423032e6
4.416093847147795e6
4.413449234296113e6
4.410785316702534e6
4.408102446910355e6
4.4054009760409165e6
4.402681253669441e6
4.399943627707181e6
4.397188444289733e6
4.394416047671194e6
4.391626780124103e6
4.388820981844847e6
4.38599899086444e6
4.383161142964393e6
4.380307771597596e6
4.377439207813947e6
4.374555780190604e6
4.371657814766678e6
4.368745634982202e6
4.365819561621238e6
4.362879912758907e6
4.359927003712293e6
4.356961146994963e6
4.35398265227505e6
4.350991826336713e6
4.347988973044843e6
4.344974393312934e6
4.341948385073907e6
4.338911243253858e6
4.335863259748535e6
4.332804723402496e6
4.329735919990784e6
4.326657132203038e6
4.32356863962993e6
4.320470718751858e6
4.317363642929714e6
4.31424768239775e6
4.311123104258361e6
4.307990172478728e6
4.304849147889247e6
4.301700288183645e6
4.298543847920725e6
4.295380078527626e6
4.292209228304583e6
4.289031542431057e6
4.285847262973195e6
4.28265662889257e6
4.279459876056102e6
4.276257237247128e6
4.273048942177539e6
4.2698352175009465e6
4.266616286826825e6
4.263392370735544e6
4.260163686794289e6
4.256930449573795e6
4.253692870665833e6
4.250451158701421e6
4.247205519369748e6
4.243956155437686e6
4.240703266769938e6
4.2374470503497375e6
4.234187700300048e6
4.230925407905295e6
4.227660361633496e6
4.22439274715886e6
4.221122747384744e6
4.2178505424669795e6
4.214576309837529e6
4.21130022422845e6
4.208022457696112e6
4.204743179645695e6
4.201462556855885e6
4.198180753503802e6
4.194897931190072e6
4.191614248964076e6
4.188329863349358e6
4.185044928369104e6
4.1817595955717633e6
4.178474014056728e6
4.1751883305000938e6
4.1719026891804435e6
4.168617232004696e6
4.1653320985339526e6
4.162047426009347e6
4.1587633493779027e6
4.155480001318343e6
4.152197512266898e6
4.14891601044303e6
4.1456356218751324e6
4.142356468897823e6
4.1390786762907817e6
4.1358023621342643e6
4.1325276439477527e6
4.744517872978254e6
4.744514694252271e6
4.7445100390628185e6
4.744503483629437e6
4.744494547586e6
4.744482695716251e6
4.744467340344075e6
4.744447844261273e6
4.74442352408439e6
4.744393653941649e6
4.744357469400849e6
4.744314171558859e6
4.744262931222945e6
4.744202893123283e6
4.744133180104626e6
4.744052897253197e6
4.743961135922026e6
4.7438569776248215e6
4.743739497774299e6
4.743607769246259e6
4.743460865755383e6
4.743297865032865e6
4.74311785179942e6
4.742919920530426e6
4.742703178012345e6
4.742466745691956e6
4.742209761821569e6
4.74193138340492e6
4.741630787949704e6
4.741307175033529e6
4.740959767690903e6
4.740587813629258e6
4.740190586282562e6
4.739767385711117e6
4.73931753935634e6
4.738840402659355e6
4.738335359552061e6
4.737801822829293e6
4.7372392344104275e6
4.736647065498591e6
4.736024816645335e6
4.735372017728343e6
4.734688227849429e6
4.733973035159745e6
4.73322605661877e6
4.732446937693362e6
4.731635352002725e6
4.730791000914907e6
4.729913613100036e6
4.729002944045204e6
4.72805877553563e6
4.727080915106359e6
4.7260691954684965e6
4.72502347391375e6
4.723943631700664e6
4.722829573425779e6
4.721681226382652e6
4.720498539911464e6
4.719281484741719e6
4.718030052330303e6
4.716744254197028e6
4.715424121259571e6
4.714069703169529e6
4.712681067651205e6
4.711258299844516e6
4.709801501653343e6
4.7083107911004815e6
4.706786301690177e6
4.705228181779238e6
4.703636593957491e6
4.7020117144383015e6
4.700353732459803e6
4.698662849697347e6
4.696939279687672e6
4.695183247265142e6
4.693394988010421e6
4.691574747711817e6
4.689722781839507e6
4.687839355032833e6
4.685924740600744e6
4.6839792200354645e6
4.682003082539432e6
4.679996624565483e6
4.677960149370282e6
4.675893966580858e6
4.673798391774276e6
4.671673746070204e6
4.669520355736321e6
4.667338551806413e6
4.665128669710927e6
4.66289104891988e6
4.66062603259788e6
4.658333967271041e6
4.656015202505639e6
4.653670090598207e6
4.651298986276906e6
4.6489022464139e6
4.64648022974849e6
4.644033296620814e6
4.641561808715786e6
4.639066128817118e6
4.636546620571086e6
4.634003648259886e6
4.631437576584237e6
4.628848770455059e6
4.626237594793945e6
4.623604414342172e6
4.620949593478051e6
4.618273496042339e6
4.615576485171489e6
4.612858923138494e6
4.610121171201142e6
4.607363589457374e6
4.604586536707615e6
4.601790370323764e6
4.598975446124731e6
4.596142118258217e6
4.593290739088595e6
4.590421659090655e6
4.58753522674905e6
4.5846317884632e6
4.581711688457521e6
4.578775268696758e6
4.5758228688062625e6
4.572854825997029e6
4.569871474995311e6
4.566873147976702e6
4.563860174504432e6
4.560832879529711e6
4.557791591106544e6
4.554736628689268e6
4.551668310854858e6
4.548586953318196e6
4.545492868892849e6
4.542386367455097e6
4.539267755911088e6
4.536137338167e6
4.532995415102102e6
4.529842284544543e6
4.5266782412498435e6
4.5235035768818995e6
4.520318579996433e6
4.517123536026792e6
4.513918727271967e6
4.510704432886769e6
4.507480928874042e6
4.504248488078842e6
4.501007380184483e6
4.497757871710379e6
4.49450022601158e6
4.491234703279954e6
4.487961560546907e6
4.484681051687592e6
4.481393427426524e6
4.478098935344547e6
4.474797819887049e6
4.471490322373436e6
4.468176681007717e6
4.4648571308902e6
4.461531904030227e6
4.458201229359886e6
4.4548653327486515e6
4.451524437018915e6
4.448178761962324e6
4.444828524356938e6
4.441473937985081e6
4.438115213651929e6
4.434752559204722e6
4.431386179552607e6
4.428016276687039e6
4.424643049702738e6
4.421266694819129e6
4.417887405402262e6
4.414505371987159e6
4.41112078230057e6
4.407733821284094e6
4.40434467111765e6
4.400953511243258e6
4.397560518389109e6
4.394165866593905e6
4.390769727231426e6
4.387372269035321e6
4.383973658124087e6
4.380574058026214e6
4.37717362970549e6
4.373772531586427e6
4.370370919579807e6
4.36696894710831e6
4.36356676513222e6
4.360164522175205e6
4.356762364350119e6
4.3533604353848435e6
4.349958876648142e6
4.346557827175518e6
4.343157423695049e6
4.339757800653215e6
4.336359090240659e6
4.3329614224179415e6
4.329564924941196e6
4.326169723387734e6
4.32277594118158e6
4.953964380127495e6
4.953961193138579e6
4.953956524417251e6
4.95394994788212e6
4.953940980249682e6
4.9539290827005375e6
4.953913663206911e6
4.953894079405354e6
4.953869641907044e6
4.953839617947195e6
4.953803235284751e6
4.953759686272977e6
4.95370813203099e6
4.953647706655271e6
4.953577521418668e6
4.953496668912293e6
4.953404227093057e6
4.953299263206071e6
4.953180837557286e6
4.953048007116814e6
4.952899828938331e6
4.9527353633838305e6
4.952553677146771e6
4.9523538460696405e6
4.952134957754572e6
4.951896113967922e6
4.951636432841569e6
4.951355050875137e6
4.951051124744702e6
4.950723832924401e6
4.95037237712821e6
4.949995983579722e6
4.949593904118061e6
4.949165417148474e6
4.948709828446167e6
4.948226471822052e6
4.947714709659001e6
4.947173933327086e6
4.946603563486144e6
4.94600305028374e6
4.94537187345637e6
4.944709542341494e6
4.944015595807609e6
4.943289602109342e6
4.942531158674154e6
4.941739891826941e6
4.940915456458488e6
4.940057535643404e6
4.939165840212797e6
4.9382401082867e6
4.937280104770924e6
4.936285620822642e6
4.93525647328884e6
4.934192504121393e6
4.933093579772295e6
4.931959590572337e6
4.930790450096197e6
4.929586094516808e6
4.928346481951533e6
4.927071591802508e6
4.925761424093336e6
4.924415998804132e6
4.923035355206671e6
4.921619551201359e6
4.920168662657449e6
4.918682782757899e6
4.917162021350072e6
4.91560650430336e6
4.914016372874726e6
4.912391780629468e6
4.910732902639145e6
4.909039920154515e6
4.907313029824436e6
4.905552440658498e6
4.903758373454865e6
4.90193106024026e6
4.900070743722304e6
4.898177676754502e6
4.896252121814084e6
4.894294350492776e6
4.892304643000673e6
4.890283287683225e6
4.888230580551384e6
4.886146824824873e6
4.884032330488559e6
4.881887413861858e6
4.879712397181067e6
4.87750760819451e6
4.875273379770372e6
4.873010049517074e6
4.870717959415971e6
4.868397455466287e6
4.866048887341979e6
4.863672608060427e6
4.861268973662671e6
4.8588383429050045e6
4.856381076961682e6
4.853897539138544e6
4.851388094597249e6
4.848853110089974e6
4.846292953704256e6
4.843707994617775e6
4.84109860286282e6
4.838465149100198e6
4.835808004402356e6
4.8331275400454365e6
4.830424127310056e6
4.827698137290575e6
4.824949940712573e6
4.822179907758351e6
4.8193884079001965e6
4.81657580974119e6
4.813742480863309e6
4.8108887876826655e6
4.808015095311562e6
4.805121767427256e6
4.802209166147145e6
4.799277651910205e6
4.796327583364454e6
4.793359317260277e6
4.79037320834938e6
4.787369609289214e6
4.784348870552661e6
4.78131134034282e6
4.7782573645127015e6
4.775187286489669e6
4.7721014472044585e6
4.769000185024597e6
4.76588383569209e6
4.762752732265197e6
4.759607205064159e6
4.756447581620724e6
4.753274186631328e6
4.7500873419138035e6
4.746887366367475e6
4.743674575936494e6
4.740449283576324e6
4.737211799223218e6
4.733962429766591e6
4.730701479024152e6
4.72742924771971e6
4.724146033463526e6
4.720852130735101e6
4.717547830868334e6
4.71423342203889e6
4.710909189253753e6
4.70757541434282e6
4.704232375952459e6
4.700880349540979e6
4.697519607375851e6
4.694150418532704e6
4.690773051349347e6
4.687387763614247e6
4.683994817290746e6
4.68059446870847e6
4.677186971023188e6
4.673772574224556e6
4.670351525145099e6
4.666924067470315e6
4.663490441749956e6
4.660050885410287e6
4.656605632767403e6
4.65315491504145e6
4.649698960371763e6
4.6462379938328415e6
4.6427722374511035e6
4.639301910222441e6
4.635827228130437e6
4.6323484041652735e6
4.628865648343259e6
4.625379167726956e6
4.621889166445838e6
4.618395845717497e6
4.61489940386929e6
4.611400036360458e6
4.607897935804676e6
4.604393291992949e6
4.600886291916897e6
4.597377119792358e6
4.593865957083286e6
4.590352982525938e6
4.586838369699884e6
4.583322296866333e6
4.579804932272489e6
4.576286443990273e6
4.5727669974881e6
4.569246755656235e6
4.565725878832255e6
4.562204524826628e6
4.558682848948375e6
4.555161004030786e6
4.551639140457216e6
4.548117406186906e6
4.544595946780823e6
4.541074905427515e6
4.537554422968971e6
4.534034637926447e6
4.5305156865262855e6
4.52699770272567e6
4.52348081823836e6
4.51996516256033e6
5.170742999396033e6
5.170739804273657e6
5.170735122228512e6
5.170728524909515e6
5.170719526153654e6
5.17070758358291e6
5.170692100868797e6
5.170672430549582e6
5.1706478772933325e6
5.170617701508989e6
5.170581123216767e6
5.170537326098658e6
5.1704854616588615e6
5.170424653432914e6
5.170354001192527e6
5.17027258510109e6
5.170179469781851e6
5.170073708267472e6
5.16995434580551e6
5.169820423499698e6
5.169670981771627e6
5.169505063631522e6
5.169321717750417e6
5.16912000132919e6
5.168898982762502e6
5.168657744098028e6
5.168395383293186e6
5.168111016273197e6
5.167803778795565e6
5.167472828127052e6
5.167117344540125e6
5.166736532636321e6
5.166329622504561e6
5.165895870722614e6
5.165434561210182e6
5.164945005942071e6
5.164426545529974e6
5.163878549681205e6
5.163300417542675e6
5.16269157793812e6
5.162051489506409e6
5.161379640748485e6
5.16067554999016e6
5.159938765267748e6
5.159168864143172e6
5.158365453454826e6
5.157528169010231e6
5.156656675226127e6
5.15575066472134e6
5.154809857867502e6
5.15383400230229e6
5.152822872409682e6
5.1517762687713085e6
5.15069401759282e6
5.149575970108822e6
5.148422001969733e6
5.147232012613679e6
5.146005924626261e6
5.144743683090864e6
5.143445254931909e6
5.142110628253339e6
5.140739811674325e6
5.139332833664112e6
5.137889741877706e6
5.136410602493942e6
5.13489549955735e6
5.1333445343251e6
5.131757824620165e6
5.130135504191726e6
5.128477722083745e6
5.126784642012503e6
5.125056441753856e6
5.123293312540797e6
5.121495458471913e6
5.11966309593116e6
5.117796453019438e6
5.11589576899819e6
5.113961293745427e6
5.111993287224315e6
5.10999201896452e6
5.107957767556465e6
5.10589082015856e6
5.10379147201744e6
5.101660026001272e6
5.099496792146047e6
5.097302087214875e6
5.095076234270155e6
5.092819562258559e6
5.090532405608693e6
5.088215103841302e6
5.08586800119189e6
5.083491446245523e6
5.081085791583732e6
5.078651393443213e6
5.076188611386232e6
5.073697807982424e6
5.071179348501846e6
5.068633600619018e6
5.066060934127727e6
5.0634617206663955e6
5.060836333453728e6
5.058185147034429e6
5.055508537034761e6
5.052806879927669e6
5.050080552807268e6
5.047329933172431e6
5.044555398719242e6
5.041757327142089e6
5.038936095943137e6
5.036092082249982e6
5.033225662641219e6
5.030337212979716e6
5.027427108253376e6
5.024495722423136e6
5.021543428278015e6
5.018570597296983e6
5.015577599517431e6
5.0125648034100495e6
5.009532575759915e6
5.0064812815535525e6
5.003411283871837e6
5.000322943788476e6
4.997216620273936e6
4.994092670104615e6
4.990951447777081e6
4.987793305427196e6
4.984618592753964e6
4.981427656947942e6
4.978220842624059e6
4.974998491758639e6
4.97176094363055e6
4.968508534766268e6
4.965241598888739e6
4.961960466869898e6
4.958665466686695e6
4.95535692338052e6
4.952035159019862e6
4.948700492666119e6
4.945353240342384e6
4.941993715005165e6
4.938622226518839e6
4.935239081632782e6
4.931844583961084e6
4.928439033964669e6
4.925022728935805e6
4.9215959629848525e6
4.918159027029169e6
4.914712208784097e6
4.911255792755917e6
4.907790060236701e6
4.90431528930098e6
4.900831754804128e6
4.897339728382423e6
4.893839478454669e6
4.890331270225332e6
4.886815365689105e6
4.883292023636853e6
4.879761499662863e6
4.876224046173321e6
4.8726799123959765e6
4.869129344390943e6
4.865572585062541e6
4.862009874172173e6
4.858441448352148e6
4.8548675411204025e6
4.851288382896118e6
4.847704201016098e6
4.844115219751965e6
4.840521660328049e6
4.836923740939964e6
4.833321676773837e6
4.829715680026121e6
4.826105959924003e6
4.8224927227463005e6
4.818876171844889e6
4.815256507666585e6
4.811633927775431e6
4.808008626875421e6
4.804380796833558e6
4.800750626703291e6
4.797118302748226e6
4.79348400846615e6
4.789847924613325e6
4.786210229228995e6
4.782571097660126e6
4.778930702586346e6
4.775289214045047e6
4.771646799456633e6
4.768003623649923e6
4.764359848887655e6
4.760715634892085e6
4.757071138870676e6
4.753426515541844e6
4.74978191716075e6
4.746137493545139e6
4.742493392101185e6
4.738849757849343e6
4.735206733450202e6
4.7315644592303205e6
4.727923073208013e6
4.724282711119116e6
5.395044574470169e6
5.39504137134089e6
5.395036676175407e6
5.395030058383631e6
5.395021028960269e6
5.395009042012515e6
5.394993496961438e6
5.394973741303273e6
5.3949490738246245e6
5.394918748174326e6
5.394881976703578e6
5.394837934495184e6
5.39478576351162e6
5.394724576800408e6
5.3946534627033975e6
5.394571489024394e6
5.3944777071165675e6
5.394371155857692e6
5.394250865487111e6
5.394115861283627e6
5.393965167068217e6
5.393797808519638e6
5.393612816294573e6
5.393409228947151e6
5.393186095645363e6
5.392942478684153e6
5.3926774557969775e6
5.392390122269157e6
5.392079592857711e6
5.391745003523398e6
5.391385512981602e6
5.391000304079226e6
5.390588585005346e6
5.390149590343654e6
5.389682581974945e6
5.389186849837969e6
5.388661712557029e6
5.388106517944596e6
5.387520643387129e6
5.38690349612206e6
5.386254513413741e6
5.3855731626358535e6
5.384858941267551e6
5.384111376810271e6
5.383330026631902e6
5.382514477744595e6
5.38166434652234e6
5.380779278363899e6
5.379858947306625e6
5.378903055596147e6
5.37791133321679e6
5.376883537387173e6
5.375819452025227e6
5.374718887186531e6
5.373581678479667e6
5.37240768646198e6
5.371196796018915e6
5.369948915729881e6
5.368663977223324e6
5.36734193452355e6
5.365982763391571e6
5.36458646066211e6
5.3631530435787e6
5.361682549128652e6
5.360175033379487e6
5.358630570818353e6
5.357049253695687e6
5.355431191374395e6
5.35377650968556e6
5.35208535029173e6
5.350357870058566e6
5.348594240435665e6
5.346794646847238e6
5.344959288093198e6
5.343088375761212e6
5.341182133650127e6
5.339240797205167e6
5.3372646129652085e6
5.3352538380223755e6
5.333208739494196e6
5.331129594008432e6
5.329016687200737e6
5.326870313225198e6
5.324690774277779e6
5.32247838013273e6
5.320233447691853e6
5.317956300546651e6
5.31564726855323e6
5.313306687419877e6
5.310934898307184e6
5.308532247440592e6
5.306099085735196e6
5.30363576843263e6
5.3011426547498815e6
5.298620107539818e6
5.296068492963228e6
5.293488180172206e6
5.2908795410046e6
5.288242949689359e6
5.285578782562543e6
5.282887417793727e6
5.280169235122631e6
5.277424615605692e6
5.274653941372362e6
5.271857595390902e6
5.269035961243416e6
5.266189422909916e6
5.263318364561151e6
5.2604231703600045e6
5.257504224271197e6
5.254561909879075e6
5.251596610213272e6
5.248608707581985e6
5.2455985834126845e6
5.242566618100016e6
5.239513190860674e6
5.236438679595056e6
5.23334346075547e6
5.230227909220705e6
5.227092398176761e6
5.223937299003536e6
5.220762981167276e6
5.217569812118631e6
5.214358157196072e6
5.211128379534558e6
5.20788083997923e6
5.204615897003973e6
5.201333906634696e6
5.198035222377123e6
5.19472019514901e6
5.191389173216543e6
5.188042502134839e6
5.184680524692365e6
5.181303580859148e6
5.177912007738623e6
5.174506139523005e6
5.1710863074520305e6
5.167652839774954e6
5.164206061715674e6
5.160746295440875e6
5.1572738600310525e6
5.153789071454307e6
5.150292242542836e6
5.146783682971954e6
5.143263699241604e6
5.139732594660197e6
5.136190669330742e6
5.132638220139117e6
5.129075540744453e6
5.125502921571457e6
5.121920649804696e6
5.118329009384663e6
5.114728281005596e6
5.111118742114975e6
5.107500666914593e6
5.103874326363156e6
5.100239988180323e6
5.096597916852155e6
5.0929483736378355e6
5.089291616577694e6
5.085627900502398e6
5.081957477043277e6
5.078280594643746e6
5.074597498571743e6
5.070908430933133e6
5.067213630686052e6
5.063513333656111e6
5.059807772552424e6
5.056097176984446e6
5.0523817734795045e6
5.048661785501067e6
5.044937433467642e6
5.041208934772307e6
5.037476503802807e6
5.033740351962201e6
5.030000687690032e6
5.026257716483936e6
5.022511640921732e6
5.018762660683906e6
5.015010972576474e6
5.011256770554218e6
5.0075002457442265e6
5.003741586469752e6
4.999980978274331e6
4.996218603946178e6
4.992454643542781e6
4.98868927441571e6
4.984922671235632e6
4.981155006017462e6
4.977386448145668e6
4.973617164399709e6
4.969847318979573e6
4.966077073531413e6
4.96230658717325e6
4.958536016520728e6
4.954765515712947e6
4.950995236438267e6
4.947225327960188e6
4.943455937143196e6
4.939687208478601e6
4.935919284110374e6
5.627063224097207e6
5.627060013084738e6
5.62705530499795e6
5.627048667037862e6
5.62703960739351e6
5.627027576700461e6
5.6270119701789e6
5.6269921303386e6
5.626967350145699e6
5.62693687655455e6
5.626899914316602e6
5.626855629987285e6
5.626803156060469e6
5.626741595168749e6
5.626670024295804e6
5.626587498954708e6
5.626493057293151e6
5.62638572409295e6
5.626264514637118e6
5.626128438423035e6
5.6259765027049435e6
5.625807715853222e6
5.625621090521392e6
5.625415646615178e6
5.625190414060477e6
5.624944435369589e6
5.624676768006916e6
5.6243864865570525e6
5.624072684699542e6
5.623734476995665e6
5.623371000493499e6
5.622981416158224e6
5.622564910135083e6
5.622120694852845e6
5.621648009975824e6
5.621146123212625e6
5.6206143309898395e6
5.620051958998894e6
5.619458362624108e6
5.618832927259907e6
5.6181750685249055e6
5.617484232380347e6
5.616759895160172e6
5.6160015635196315e6
5.615208774309144e6
5.614381094379759e6
5.613518120326282e6
5.612619478173814e6
5.61168482301316e6
5.610713838590252e6
5.609706236854422e6
5.608661757470084e6
5.607580167296105e6
5.606461259836841e6
5.605304854668609e6
5.604110796845009e6
5.602878956284413e6
5.601609227142566e6
5.600301527173086e6
5.598955797078472e6
5.597571999853942e6
5.596150120126326e6
5.594690163489997e6
5.593192155841661e6
5.591656142715725e6
5.590082188621745e6
5.588470376385325e6
5.586820806493768e6
5.585133596447579e6
5.583408880118858e6
5.581646807117474e6
5.579847542165889e6
5.5780112644832665e6
5.57613816717958e6
5.574228456660239e6
5.572282352041718e6
5.570300084578594e6
5.568281897102369e6
5.566228043472335e6
5.5641387880387455e6
5.562014405118453e6
5.559855178483213e6
5.557661400860658e6
5.555433373448114e6
5.553171405439202e6
5.550875813563275e6
5.548546921637631e6
5.546185060132444e6
5.543790565748357e6
5.54136378100661e6
5.53890505385157e6
5.536414737265583e6
5.533893188895905e6
5.531340770693646e6
5.528757848564445e6
5.52614479203079e6
5.523501973905692e6
5.52082976997757e6
5.518128558706114e6
5.515398720928903e6
5.512640639578567e6
5.509854699410257e6
5.507041286739204e6
5.504200789188142e6
5.50133359544433e6
5.498440095026001e6
5.495520678057933e6
5.492575735055981e6
5.489605656720288e6
5.486610833736973e6
5.48359165658804e6
5.480548515369338e6
5.477481799616275e6
5.474391898137123e6
5.471279198853675e6
5.468144088649029e6
5.464986953222315e6
5.461808176950126e6
5.458608142754469e6
5.455387231977033e6
5.452145824259574e6
5.448884297430199e6
5.445603027395436e6
5.442302388037794e6
5.438982751118736e6
5.435644486186816e6
5.43228796049085e6
5.428913538897914e6
5.425521583816063e6
5.422112455121519e6
5.418686510090294e6
5.415244103333944e6
5.411785586739466e6
5.408311309413053e6
5.404821617627668e6
5.401316854774234e6
5.397797361316333e6
5.394263474748303e6
5.390715529556558e6
5.387153857184051e6
5.383578785997746e6
5.379990641258983e6
5.376389745096617e6
5.372776416482847e6
5.369150971211589e6
5.365513721879333e6
5.36186497786836e6
5.358205045332226e6
5.354534227183425e6
5.3508528230831325e6
5.347161129432967e6
5.34345943936864e6
5.339748042755456e6
5.336027226185561e6
5.3322972729768725e6
5.3285584631736e6
5.324811073548319e6
5.321055377605484e6
5.3172916455863435e6
5.313520144475203e6
5.30974113800693e6
5.30595488667569e6
5.302161647744809e6
5.298361675257756e6
5.294555220050142e6
5.290742529762722e6
5.286923848855323e6
5.283099418621663e6
5.279269477205025e6
5.275434259614699e6
5.271593997743191e6
5.267748920384162e6
5.263899253250997e6
5.260045218996028e6
5.256187037230358e6
5.2523249245442245e6
5.248459094527884e6
5.244589757793008e6
5.24071712199451e6
5.236841391852814e6
5.232962769176504e6
5.229081452885365e6
5.2251976390337385e6
5.221311520834206e6
5.217423288681552e6
5.213533130176998e6
5.209641230152672e6
5.205747770696299e6
5.2018529311760785e6
5.197956888265757e6
5.194059815969831e6
5.190161885648914e6
5.186263266045188e6
5.1823641233079955e6
5.17846462101949e6
5.1745649202203555e6
5.170665179435599e6
5.166765554700353e6
5.162866199585732e6
5.158967265224683e6
5.155068900337832e6
5.866996380407919e6
5.866993161633218e6
5.866988440819828e6
5.866981782989457e6
5.866972693561458e6
5.866960619742267e6
5.866944952600049e6
5.866925029713014e6
5.866900138287184e6
5.86686951864747e6
5.866832368014406e6
5.866787844487551e6
5.866735071165177e6
5.866673140338159e6
5.866601117704052e6
5.866518046554704e6
5.866422951897882e6
5.86631484447965e6
5.866192724680193e6
5.866055586260932e6
5.865902419945584e6
5.865732216821885e6
5.865543971554422e6
5.865336685402193e6
5.86510936903729e6
5.864861045163435e6
5.864590750935163e6
5.864297540180096e6
5.863980485428137e6
5.863638679752632e6
5.86327123842938e6
5.862877300420163e6
5.862456029687951e6
5.862006616351415e6
5.861528277686571e6
5.861020258983598e6
5.860481834266897e6
5.859912306886479e6
5.859311009988649e6
5.858677306873873e6
5.858010591249478e6
5.857310287384661e6
5.856575850175022e6
5.8558067651235955e6
5.855002548245016e6
5.854162745899272e6
5.853286934561056e6
5.852374720530571e6
5.851425739591255e6
5.850439656619601e6
5.849416165152015e6
5.848354986913276e6
5.847255871310955e6
5.846118594899868e6
5.844942960820314e6
5.843728798213703e6
5.842475961618815e6
5.84118433035182e6
5.839853807872849e6
5.838484321141815e6
5.837075819965858e6
5.835628276340719e6
5.834141683788072e6
5.832616056690725e6
5.831051429627439e6
5.829447856708922e6
5.827805410916492e6
5.826124183444661e6
5.824404283048881e6
5.822645835399502e6
5.820848982442896e6
5.819013881770638e6
5.817140705997467e6
5.815229642148749e6
5.81328089105803e6
5.811294666775147e6
5.809271195985468e6
5.807210717440477e6
5.805113481400207e6
5.80297974908766e6
5.800809792155493e6
5.798603892165125e6
5.796362340078408e6
5.794085435761921e6
5.791773487503988e6
5.789426811544374e6
5.787045731616721e6
5.784630578503633e6
5.782181689604363e6
5.779699408515032e6
5.7771840846212525e6
5.774636072703049e6
5.772055732551928e6
5.769443428599959e6
5.766799529560668e6
5.764124408081601e6
5.761418440408349e6
5.758682006059852e6
5.755915487514762e6
5.75311926990868e6
5.750293740742017e6
5.7474392895983e6
5.744556307872675e6
5.7416451885103965e6
5.738706325755053e6
5.735740114906338e6
5.732746952087106e6
5.729727234019507e6
5.726681357809949e6
5.723609720742692e6
5.720512720081815e6
5.717390752881357e6
5.714244215803406e6
5.7110735049438905e6
5.707879015665902e6
5.7046611424402995e6
5.701420278693393e6
5.698156816661499e6
5.69487114725218e6
5.691563659911918e6
5.688234742500105e6
5.684884781169064e6
5.681514160249982e6
5.678123262144541e6
5.674712467222047e6
5.671282153721924e6
5.667832697661354e6
5.6643644727479145e6
5.6608778502970375e6
5.657373199154153e6
5.65385088562131e6
5.650311273388166e6
5.646754723467162e6
5.643181594132775e6
5.639592240864647e6
5.635987016294505e6
5.632366270156714e6
5.628730349242319e6
5.625079597356472e6
5.621414355279116e6
5.617734960728759e6
5.614041748329315e6
5.610335049579785e6
5.60661519282676e6
5.602882503239585e6
5.599137302788093e6
5.595379910222815e6
5.591610641057571e6
5.587829807554311e6
5.58403771871017e6
5.5802346802466e6
5.576420994600522e6
5.572596960917393e6
5.568762875046107e6
5.564919029535701e6
5.561065713633692e6
5.557203213286077e6
5.553331811138851e6
5.549451786540998e6
5.545563415548915e6
5.541666970932147e6
5.537762722180423e6
5.533850935511914e6
5.529931873882639e6
5.526005796997005e6
5.522072961319358e6
5.518133620086588e6
5.514188023321631e6
5.510236417847923e6
5.506279047304664e6
5.502316152162918e6
5.498347969742481e6
5.494374734229455e6
5.490396676694513e6
5.4864140251118215e6
5.482427004378553e6
5.478435836334963e6
5.47444073978504e6
5.470441930517605e6
5.466439621327916e6
5.462434022039717e6
5.458425339527657e6
5.454413777740129e6
5.450399537722439e6
5.446382817640307e6
5.442363812803669e6
5.43834271569075e6
5.434319715972397e6
5.430295000536634e6
5.4262687535134265e6
5.422241156299632e6
5.418212387584126e6
5.414182623373058e6
5.410152037015255e6
5.406120799227726e6
5.402089078121267e6
5.398057039226136e6
5.394024845517806e6
5.389992657442742e6
5.385960632944253e6
5.381928927488317e6
6.115044814460048e6
6.115041588041394e6
6.115036854691897e6
6.115030177283002e6
6.115021058499763e6
6.1150089421613235e6
6.114993215232017e6
6.114973210412696e6
6.11494820920897e6
6.114917445380789e6
6.114880108686121e6
6.114835348839848e6
6.114782279617499e6
6.114719983041512e6
6.114647513595677e6
6.114563902420726e6
6.11446816145093e6
6.11435928745801e6
6.114236265974346e6
6.114098075072751e6
6.113943688984828e6
6.113772081543986e6
6.113582229442994e6
6.113373115299065e6
6.113143730522319e6
6.112893077985862e6
6.11262017449774e6
6.112324053076791e6
6.112003765035814e6
6.11165838187671e6
6.11128699700316e6
6.110888727257191e6
6.110462714286531e6
6.110008125750156e6
6.109524156369647e6
6.109010028834231e6
6.108464994567419e6
6.107888334363225e6
6.107279358899838e6
6.1066374091385435e6
6.105961856615494e6
6.105252103633779e6
6.104507583362993e6
6.103727759853219e6
6.102912127970142e6
6.10206021325768e6
6.10117157173424e6
6.100245789628452e6
6.099282483059854e6
6.098281297669838e6
6.097241908207741e6
6.096164018076803e6
6.095047358844321e6
6.093891689720182e6
6.092696797007606e6
6.091462493529683e6
6.09018861803513e6
6.088875034586349e6
6.087521631932725e6
6.08612832287188e6
6.084695043601348e6
6.083221753063017e6
6.081708432282445e6
6.080155083705029e6
6.07856173053082e6
6.076928416049596e6
6.075255202977764e6
6.073542172798392e6
6.071789425105648e6
6.069997076954769e6
6.068165262218559e6
6.066294130951325e6
6.064383848761083e6
6.062434596190744e6
6.060446568108908e6
6.058419973110842e6
6.056355032930139e6
6.054251981861461e6
6.052111066194724e6
6.049932543661048e6
6.047716682890725e6
6.04546376288336e6
6.043174072490402e6
6.04084790991015e6
6.038485582195296e6
6.036087404773096e6
6.033653700978124e6
6.031184801597641e6
6.028681044429503e6
6.0261427738525625e6
6.023570340409457e6
6.020964100401691e6
6.018324415496891e6
6.015651652348081e6
6.012946182224816e6
6.010208380656049e6
6.007438627084508e6
6.004637304532417e6
6.001804799278386e6
5.998941500545225e6
5.996047800198522e6
5.993124092455749e6
5.990170773605664e6
5.987188241737847e6
5.984176896482071e6
5.981137138757361e6
5.978069370530465e6
5.974973994583525e6
5.971851414290745e6
5.968702033403806e6
5.9655262558458e6
5.96232448551351e6
5.959097126087747e6
5.955844580851569e6
5.952567252516182e6
5.949265543054242e6
5.945939853540414e6
5.942590583998974e6
5.939218133258189e6
5.935822898811341e6
5.932405276684188e6
5.928965661308612e6
5.92550444540233e6
5.922022019854452e6
5.9185187736166995e6
5.914995093600103e6
5.911451364577016e6
5.907887969088266e6
5.9043052873552805e6
5.900703697197001e6
5.897083573951457e6
5.893445290401817e6
5.889789216706788e6
5.8861157203351855e6
5.882425166004549e6
5.878717915623665e6
5.87499432823884e6
5.871254759983813e6
5.867499564033147e6
5.863729090559013e6
5.859943686691195e6
5.856143696480252e6
5.852329460863657e6
5.848501317634868e6
5.8446596014151415e6
5.840804643628076e6
5.836936772476693e6
5.83305631292301e6
5.8291635866699945e6
5.825258912145792e6
5.821342604490157e6
5.8174149755429765e6
5.813476333834817e6
5.8095269845794095e6
5.805567229667974e6
5.801597367665328e6
5.797617693807708e6
5.793628500002177e6
5.78963007482764e6
5.785622703537292e6
5.78160666806253e6
5.777582247018205e6
5.773549715709148e6
5.769509346137968e6
5.765461407014003e6
5.761406163763387e6
5.757343878540199e6
5.75327481023862e6
5.749199214506051e6
5.745117343757144e6
5.7410294471887145e6
5.7369357707954645e6
5.732836557386484e6
5.728732046602505e6
5.724622474933834e6
5.72050807573895e6
5.716389079263732e6
5.712265712661253e6
5.708138200012135e6
5.704006762345414e6
5.699871617659885e6
5.69573298094591e6
5.691591064207638e6
5.687446076485606e6
5.68329822387974e6
5.679147709572649e6
5.674994733853269e6
5.670839494140779e6
5.6666821850087615e6
5.662522998209648e6
5.658362122699346e6
5.654199744662076e6
5.650036047535392e6
5.645871212035351e6
5.641705416181832e6
5.637538835323962e6
5.633371642165667e6
5.629204006791302e6
5.625036096691343e6
5.620868076788158e6
5.616700109461809e6
6.371412664235368e6
6.371409430288434e6
6.371404684589235e6
6.371397987887475e6
6.371388840168695e6
6.371376681905943e6
6.371360896007223e6
6.3713408103495715e6
6.371315700797236e6
6.371284794609106e6
6.371247274148445e6
6.371202280816308e6
6.371148919138168e6
6.3710862609413415e6
6.371013349568492e6
6.370929204079848e6
6.370832823403455e6
6.370723190399227e6
6.370599275808209e6
6.370460042063735e6
6.370304446945823e6
6.3701314470643345e6
6.369940001160146e6
6.3697290732167475e6
6.369497635377595e6
6.369244670666903e6
6.368969175513661e6
6.368670162080458e6
6.368346660400122e6
6.367997720324431e6
6.367622413290142e6
6.367219833908384e6
6.366789101384051e6
6.366329360772338e6
6.365839784079861e6
6.365319571218038e6
6.3647679508165205e6
6.364184180904494e6
6.363567549467665e6
6.36291737488861e6
6.362233006278062e6
6.361513823704522e6
6.360759238329343e6
6.359968692454256e6
6.359141659487984e6
6.358277643838379e6
6.3573761807362065e6
6.3564368359964285e6
6.355459205722552e6
6.354442915959336e6
6.353387622298809e6
6.35229300944439e6
6.351158790737477e6
6.349984707650737e6
6.348770529251997e6
6.347516051642409e6
6.3462210973723205e6
6.344885514838051e6
6.343509177662542e6
6.342091984062665e6
6.340633856205741e6
6.339134739557655e6
6.337594602224721e6
6.336013434291394e6
6.334391247155609e6
6.332728072863474e6
6.331023963444913e6
6.3292789902516315e6
6.32749324329872e6
6.32566683061107e6
6.323799877575694e6
6.321892526300827e6
6.31994493498275e6
6.317957277281069e6
6.315929741703128e6
6.313862530998162e6
6.311755861561712e6
6.309609962850773e6
6.307425076810065e6
6.3052014573097555e6
6.302939369594923e6
6.300639089746995e6
6.298300904157331e6
6.295925109013123e6
6.293512009795669e6
6.291061920791144e6
6.288575164613851e6
6.286052071741994e6
6.283492980065926e6
6.280898234448832e6
6.278268186299793e6
6.275603193159102e6
6.272903618295768e6
6.270169830317041e6
6.267402202789858e6
6.264601113874016e6
6.26176694596694e6
6.258900085359862e6
6.256000921905199e6
6.2530698486949885e6
6.250107261750151e6
6.247113559720369e6
6.244089143594401e6
6.241034416420588e6
6.237949783037376e6
6.23483564981358e6
6.23169242439824e6
6.22852051547978e6
6.225320332554295e6
6.222092285702736e6
6.218836785376762e6
6.215554242193031e6
6.212245066735761e6
6.208909669367268e6
6.205548460046341e6
6.202161848154186e6
6.198750242327774e6
6.195314050300335e6
6.191853678748851e6
6.188369533148294e6
6.184862017632452e6
6.181331534861114e6
6.17777848589346e6
6.174203270067424e6
6.17060628488488e6
6.166987925902474e6
6.163348586627874e6
6.15968865842133e6
6.156008530402344e6
6.152308589361259e6
6.148589219675667e6
6.144850803231412e6
6.141093719348082e6
6.137318344708807e6
6.133525053294242e6
6.12971421632057e6
6.125886202181397e6
6.122041376393399e6
6.118180101545598e6
6.114302737252109e6
6.11040964010828e6
6.106501163650053e6
6.102577658316468e6
6.098639471415159e6
6.094686947090768e6
6.090720426296135e6
6.08674024676616e6
6.082746742994283e6
6.078740246211408e6
6.074721084367214e6
6.07068958211379e6
6.06664606079143e6
6.062590838416559e6
6.058524229671679e6
6.054446545897265e6
6.050358095085515e6
6.04625918187589e6
6.042150107552363e6
6.0380311700423015e6
6.033902663916926e6
6.029764880393249e6
6.0256181073374655e6
6.021462629269707e6
6.0172987273700815e6
6.013126679485999e6
6.008946760140645e6
6.004759240542619e6
6.000564388596633e6
5.996362468915255e6
5.992153742831597e6
5.987938468412987e6
5.983716900475455e6
5.979489290599113e6
5.975255887144297e6
5.971016935268467e6
5.966772676943819e6
5.962523350975569e6
5.958269193020867e6
5.9540104356083e6
5.949747308157982e6
5.945480037002146e6
5.941208845406237e6
5.9369339535904825e6
5.932655578751882e6
5.928373935086609e6
5.924089233812788e6
5.919801683193617e6
5.9155114885608265e6
5.911218852338418e6
5.906923974066707e6
5.902627050426582e6
5.898328275264024e6
5.8940278396148225e6
5.889725931729479e6
5.885422737098285e6
5.881118438476545e6
5.876813215909935e6
5.872507246759982e6
5.868200705729624e6
5.863893764888878e6
5.859586593700554e6
6.636307462636732e6
6.636304221274666e6
6.636299463408191e6
6.636292747693278e6
6.636283571450171e6
6.636271371846368e6
6.636255527780392e6
6.636235362358315e6
6.636210145861437e6
6.636179099110882e6
6.636141397142602e6
6.636096173114295e6
6.636042522373873e6
6.635979506626823e6
6.6359061581475595e6
6.635821483986907e6
6.6357244701347e6
6.63561408560263e6
6.635489286398262e6
6.635349019366268e6
6.635192225877639e6
6.635017845351834e6
6.634824818600452e6
6.6346120909843575e6
6.634378615379001e6
6.634123354945078e6
6.633845285703914e6
6.633543398918619e6
6.633216703283665e6
6.632864226926745e6
6.632485019227826e6
6.6320781524611255e6
6.63164272326639e6
6.631177853956366e6
6.630682693667704e6
6.630156419362778e6
6.629598236690064e6
6.629007380710785e6
6.628383116499493e6
6.627724739626203e6
6.627031576527614e6
6.626302984774681e6
6.6255383532437505e6
6.624737102198128e6
6.623898683286761e6
6.623022579466473e6
6.622108304853873e6
6.621155404512844e6
6.620163454183159e6
6.619132059955633e6
6.618060857898735e6
6.616949513641507e6
6.615797721917281e6
6.61460520607239e6
6.613371717543881e6
6.612097035309953e6
6.61078096531661e6
6.609423339883778e6
6.608024017093974e6
6.606582880166263e6
6.605099836818251e6
6.6035748186184345e6
6.602007780331239e6
6.600398699256797e6
6.598747574567368e6
6.597054426642192e6
6.595319296402369e6
6.593542244647245e6
6.59172335139367e6
6.589862715219317e6
6.587960452611219e6
6.58601669732049e6
6.584031599724156e6
6.582005326194897e6
6.579938058479442e6
6.577829993086214e6
6.57568134068286e6
6.573492325504087e6
6.571263184770307e6
6.568994168117378e6
6.566685537037861e6
6.564337564333937e6
6.561950533582298e6
6.559524738611117e6
6.557060482989253e6
6.554558079527786e6
6.552017849793918e6
6.549440123637303e6
6.546825238728741e6
6.544173540111289e6
6.541485379763667e6
6.538761116175921e6
6.536001113937235e6
6.533205743335811e6
6.530375379970619e6
6.5275104043749785e6
6.524611201651723e6
6.521678161119853e6
6.51871167597245e6
6.515712142945716e6
6.512679961998919e6
6.509615536005044e6
6.506519270451994e6
6.503391573154058e6
6.500232853973525e6
6.497043524552148e6
6.493823998052309e6
6.490574688907643e6
6.487296012582878e6
6.483988385342729e6
6.4806522240295885e6
6.477287945849802e6
6.473895968168326e6
6.470476708311536e6
6.467030583378006e6
6.463558010056985e6
6.460059404454439e6
6.45653518192639e6
6.452985756919381e6
6.449411542817851e6
6.445812951798239e6
6.442190394689592e6
6.4385442808405245e6
6.434875017992301e6
6.431183012157889e6
6.4274686675067805e6
6.423732386255414e6
6.419974568563015e6
6.416195612432696e6
6.412395913617631e6
6.408575865532159e6
6.404735859167649e6
6.400876283012971e6
6.396997522979404e6
6.393099962329875e6
6.389183981612335e6
6.385249958597163e6
6.381298268218444e6
6.37732928251899e6
6.373343370598993e6
6.369340898568134e6
6.3653222295010695e6
6.361287723396175e6
6.357237737137377e6
6.353172624459033e6
6.349092735913683e6
6.3449984188425895e6
6.340890017348998e6
6.33676787227394e6
6.332632321174546e6
6.328483698304747e6
6.324322334598255e6
6.320148557653775e6
6.315962691722318e6
6.311765057696552e6
6.307555973102114e6
6.303335752090774e6
6.299104705435414e6
6.294863140526724e6
6.2906113613715265e6
6.286349668592708e6
6.28207835943063e6
6.277797727746013e6
6.273508064024173e6
6.2692096553805955e6
6.264902785567767e6
6.260587734983196e6
6.2562647806785945e6
6.25193419637014e6
6.247596252449785e6
6.243251215997564e6
6.238899350794812e6
6.23454091733832e6
6.23017617285531e6
6.225805371319225e6
6.221428763466283e6
6.217046596812753e6
6.212659115672925e6
6.208266561177701e6
6.203869171293826e6
6.199467180843681e6
6.1950608215256035e6
6.190650321934738e6
6.186235907584348e6
6.181817800927586e6
6.177396221379667e6
6.172971385340444e6
6.168543506217337e6
6.164112794448602e6
6.159679457526912e6
6.155243700023212e6
6.1508057236108715e6
6.146365727090029e6
6.141923906412198e6
6.137480454705062e6
6.133035562297433e6
6.128589416744388e6
6.124142202852552e6
6.11969410270548e6
6.115245295689185e6
6.110795958517724e6
6.9099401654851e6
6.909936916818586e6
6.909932146963392e6
6.909925412509254e6
6.909916208144759e6
6.909903967771781e6
6.909888066325542e6
6.909867822193334e6
6.909842500131272e6
6.909811314585432e6
6.909773433331313e6
6.909727981353366e6
6.909674044894196e6
6.909610675610739e6
6.9095368947821865e6
6.909451697521505e6
6.90935405694902e6
6.909242928292787e6
6.9091172528860215e6
6.908975962037167e6
6.90881798075269e6
6.90864223129705e6
6.908447636577786e6
6.908233123347166e6
6.907997625214512e6
6.907740085465947e6
6.907459459690355e6
6.907154718212259e6
6.906824848333771e6
6.90646885638916e6
6.906085769616564e6
6.905674637852304e6
6.905234535053858e6
6.9047645606582e6
6.904263840782457e6
6.903731529274261e6
6.903166808619214e6
6.902568890713079e6
6.901937017506226e6
6.901270461527906e6
6.900568526297751e6
6.8998305466317665e6
6.899055888849969e6
6.898243950892502e6
6.897394162350943e6
6.89650598442118e6
6.895578909784055e6
6.894612462419651e6
6.89360619736084e6
6.892559700391463e6
6.891472587694214e6
6.890344505453042e6
6.889175129414606e6
6.88796416441309e6
6.886711343862395e6
6.885416429219487e6
6.884079209422499e6
6.88269950030684e6
6.881277144002454e6
6.879812008315122e6
6.878303986094464e6
6.876752994591169e6
6.875158974805759e6
6.873521890830995e6
6.871841729189939e6
6.870118498171477e6
6.868352227164959e6
6.866542965995513e6
6.864690784261398e6
6.862795770674709e6
6.860858032406577e6
6.858877694437904e6
6.856854898916625e6
6.854789804522285e6
6.852682585838775e6
6.8505334327358445e6
6.8483425497600315e6
6.846110155535534e6
6.843836482175482e6
6.841521774704032e6
6.839166290489607e6
6.836770298689583e6
6.834334079706688e6
6.831857924657261e6
6.829342134851581e6
6.826787021286342e6
6.824192904149377e6
6.821560112336658e6
6.818888982981635e6
6.816179860996844e6
6.813433098627788e6
6.810649055019037e6
6.807828095792452e6
6.804970592637444e6
6.802076922913157e6
6.799147469262464e6
6.796182619237588e6
6.793182764937252e6
6.790148302655164e6
6.787079632539658e6
6.78397715826434e6
6.780841286709512e6
6.777672427654231e6
6.77447099347874e6
6.771237398877132e6
6.767972060579999e6
6.764675397086864e6
6.761347828408205e6
6.757989775816831e6
6.754601661608408e6
6.751183908870944e6
6.7477369412629595e6
6.744261182800206e6
6.740757057650659e6
6.737224989937597e6
6.733665403550581e6
6.730078721964069e6
6.726465368063526e6
6.722825763978773e6
6.719160330924412e6
6.715469489047091e6
6.711753657279472e6
6.708013253200631e6
6.704248692902778e6
6.70046039086406e6
6.696648759827299e6
6.692814210684443e6
6.688957152366595e6
6.685077991739457e6
6.681177133503949e6
6.677254980101935e6
6.673311931626804e6
6.669348385738834e6
6.665364737585105e6
6.661361379723869e6
6.657338702053195e6
6.653297091743772e6
6.649236933175719e6
6.6451586078792345e6
6.641062494479025e6
6.6369489686423065e6
6.63281840303031e6
6.628671167253118e6
6.624507627827776e6
6.620328148139488e6
6.616133088405852e6
6.611922805643966e6
6.607697653640361e6
6.603457982923589e6
6.5992041407394195e6
6.594936471028522e6
6.590655314406536e6
6.58636100814645e6
6.582053886163198e6
6.577734279000373e6
6.573402513818982e6
6.569058914388172e6
6.564703801077828e6
6.560337490852977e6
6.555960297269929e6
6.551572530474057e6
6.547174497199187e6
6.542766500768501e6
6.538348841096891e6
6.5339218146947045e6
6.529485714672826e6
6.525040830749024e6
6.520587449255525e6
6.516125853147725e6
6.51165632201402e6
6.507179132086691e6
6.502694556253784e6
6.4982028640719475e6
6.493704321780175e6
6.489199192314418e6
6.484687735323022e6
6.480170207182905e6
6.475646861016523e6
6.471117946709491e6
6.466583710928894e6
6.462044397142187e6
6.457500245636716e6
6.452951493539769e6
6.448398374839164e6
6.443841120404308e6
6.439279958007728e6
6.434715112347035e6
6.430146805067273e6
6.425575254783653e6
6.421000677104637e6
6.416423284655334e6
6.411843287101205e6
6.407260891172041e6
6.402676300686181e6
6.398089716574983e6
6.393501336907494e6
6.388911356915295e6
6.384319969017552e6
6.379727362846192e6
6.375133725271222e6
6.37053924042617e6
7.192525179516622e6
7.192521923653959e6
7.192517141984828e6
7.192510389059757e6
7.192501156968745e6
7.192488876387356e6
7.192472918333027e6
7.192452596525797e6
7.192427170253711e6
7.192395847649906e6
7.19235778929579e6
7.192312112072259e6
7.1922578931886265e6
7.192194174326467e6
7.192119965842941e6
7.1920342509850515e6
7.191935990072984e6
7.191824124616641e6
7.191697581335254e6
7.191555276054995e6
7.191396117464165e6
7.191219010709793e6
7.19102286082309e6
7.190806575964552e6
7.190569070482418e6
7.190309267780598e6
7.190026102994516e6
7.189718525475002e6
7.189385501082079e6
7.189026014291763e6
7.188639070120069e6
7.188223695869354e6
7.1877789427028205e6
7.187303887053581e6
7.186797631875068e6
7.186259307739936e6
7.185688073794756e6
7.185083118577913e6
7.184443660708188e6
7.183768949451455e6
7.183058265172815e6
7.182310919681446e6
7.181526256475147e6
7.180703650891518e6
7.179842510172386e6
7.178942273447889e6
7.178002411646423e6
7.177022427336314e6
7.17600185450489e6
7.17494025828037e6
7.173837234601613e6
7.172692409840631e6
7.1715054403824685e6
7.170276012166739e6
7.169003840194962e6
7.167688668007471e6
7.166330267133574e6
7.16492843651831e6
7.163483001928937e6
7.161993815344147e6
7.160460754328738e6
7.158883721396277e6
7.157262643362161e6
7.155597470689236e6
7.153888176828042e6
7.152134757553531e6
7.150337230299985e6
7.148495633495741e6
7.146610025899136e6
7.144680485937059e6
7.142707111047235e6
7.140690017025433e6
7.138629337378524e6
7.136525222684324e6
7.134377839959012e6
7.132187372032876e6
7.129954016934968e6
7.127677987287341e6
7.125359509709242e6
7.122998824231828e6
7.120596183723675e6
7.118151853327476e6
7.11566610990817e6
7.113139241512728e6
7.110571546841787e6
7.107963334733259e6
7.105314923658049e6
7.102626641227908e6
7.099898823715504e6
7.0971318155867085e6
7.094325969045055e6
7.091481643588371e6
7.088599205577511e6
7.0856790278171e6
7.082721489148188e6
7.0797269740527235e6
7.076695872269699e6
7.073628578422836e6
7.070525491659643e6
7.067387015301715e6
7.064213556506068e6
7.06100552593736e6
7.057763337450779e6
7.054487407785445e6
7.051178156268106e6
7.047836004526927e6
7.044461376215177e6
7.041054696744616e6
7.037616393028344e6
7.034146893232942e6
7.030646626539651e6
7.027116022914431e6
7.023555512886635e6
7.019965527336134e6
7.0163464972886415e6
7.012698853719081e6
7.009023027362735e6
7.00531944853402e6
7.0015885469526425e6
6.997830751576967e6
6.994046490444395e6
6.990236190518547e6
6.986400277543052e6
6.982539175901786e6
6.978653308485334e6
6.97474309656352e6
6.970808959663828e6
6.966851315455501e6
6.962870579639191e6
6.958867165841971e6
6.954841485517532e6
6.950793947851415e6
6.946724959671126e6
6.942634925360961e6
6.938524246781401e6
6.934393323192922e6
6.930242551184086e6
6.926072324603747e6
6.921883034497275e6
6.917675069046617e6
6.913448813514093e6
6.909204650189798e6
6.90494295834246e6
6.900664114173684e6
6.896368490775395e6
6.8920564580904255e6
6.887728382876095e6
6.883384628670718e6
6.879025555762858e6
6.874651521163325e6
6.870262878579724e6
6.865859978393519e6
6.861443167639489e6
6.857012789987498e6
6.852569185726469e6
6.848112691750523e6
6.843643641547122e6
6.839162365187225e6
6.834669189317307e6
6.830164437153203e6
6.825648428475683e6
6.821121479627699e6
6.816583903513239e6
6.812036009597695e6
6.807478103909715e6
6.802910489044444e6
6.7983334641681155e6
6.793747325023929e6
6.789152363939138e6
6.784548869833324e6
6.779937128227785e6
6.775317421255984e6
6.770690027675011e6
6.7660552228780305e6
6.761413278907622e6
6.756764464470019e6
6.75210904495016e6
6.747447282427552e6
6.742779435692862e6
6.738105760265229e6
6.733426508410246e6
6.728741929158564e6
6.724052268325131e6
6.719357768528958e6
6.714658669213433e6
6.709955206667142e6
6.705247614045157e6
6.700536121390757e6
6.695820955657582e6
6.691102340732141e6
6.68638049745672e6
6.681655643652585e6
6.67692799414352e6
6.672197760779643e6
6.667465152461487e6
6.66273037516432e6
6.65799363196269e6
6.653255123055165e6
6.648515045789267e6
6.643773594686558e6
6.639030961467872e6
7.484280390379641e6
7.484277127426805e6
7.484272334114858e6
7.484265562981658e6
7.4842563035511365e6
7.48424398331125e6
7.484227969406525e6
7.484207570940617e6
7.484182041789956e6
7.484150583836267e6
7.484112350532691e6
7.484066450725847e6
7.484011952663491e6
7.483947888124942e6
7.4838732566186e6
7.483787029597759e6
7.48368815465238e6
7.483575559640582e6
7.483448156729116e6
7.483304846317297e6
7.483144520823372e6
7.482966068316614e6
7.482768375982015e6
7.482550333407876e6
7.482310835689403e6
7.482048786344024e6
7.481763100036283e6
7.4814527051121285e6
7.481116545943942e6
7.480753585089066e6
7.480362805265724e6
7.479943211151085e6
7.479493831007068e6
7.47901371814001e6
7.478501952200762e6
7.477957640332174e6
7.477379918171088e6
7.476767950712131e6
7.476120933040639e6
7.475438090942056e6
7.47471868139505e6
7.473961992955566e6
7.47316734603874e6
7.472334093105586e6
7.471461618761038e6
7.470549339769781e6
7.469596704996029e6
7.468603195273186e6
7.467568323209046e6
7.466491632931943e6
7.465372699783035e6
7.464211129959545e6
7.463006560113701e6
7.461758656911634e6
7.460467116556475e6
7.459131664279488e6
7.457752053802923e6
7.456328066778017e6
7.454859512201348e6
7.453346225812592e6
7.451788069476423e6
7.450184930551231e6
7.448536721247042e6
7.446843377974911e6
7.445104860689905e6
7.4433211522295205e6
7.441492257649437e6
7.439618203558113e6
7.437699037451834e6
7.435734827051545e6
7.433725659642699e6
7.431671641419335e6
7.429572896833378e6
7.427429567950103e6
7.42524181381065e6
7.423009809802318e6
7.420733747037348e6
7.418413831740766e6
7.416050284647883e6
7.413643340411864e6
7.411193247021819e6
7.408700265231742e6
7.40616466800062e6
7.403586739943975e6
7.400966776796991e6
7.398305084889494e6
7.395601980632789e6
7.392857790018578e6
7.390072848129892e6
7.387247498664192e6
7.384382093468542e6
7.38147699208688e6
7.378532561319368e6
7.375549174793691e6
7.372527212548277e6
7.369467060627327e6
7.3663691106875045e6
7.363233759616237e6
7.360061409161372e6
7.356852465572155e6
7.353607339251295e6
7.350326444417953e6
7.347010198781509e6
7.343659023225899e6
7.340273341504344e6
7.336853579944251e6
7.333400167162147e6
7.329913533788374e6
7.326394112201391e6
7.322842336271457e6
7.31925864111352e6
7.315643462849034e6
7.311997238376581e6
7.308320405151046e6
7.304613400971126e6
7.300876663775015e6
7.297110631444003e6
7.293315741613849e6
7.289492431493655e6
7.285641137692114e6
7.281762296050888e6
7.277856341484928e6
7.273923707829564e6
7.269964827694162e6
7.265980132322152e6
7.261970051457274e6
7.257935013215826e6
7.253875443964758e6
7.249791768205455e6
7.245684408462983e6
7.241553785180694e6
7.237400316619989e6
7.233224418765092e6
7.229026505232664e6
7.224806987186135e6
7.220566273254557e6
7.216304769455887e6
7.212022879124501e6
7.207721002842832e6
7.20339953837702e6
7.19905888061635e6
7.194699421516477e6
7.190321550046183e6
7.185925652137653e6
7.181512110640049e6
7.177081305276376e6
7.172633612603412e6
7.1681694059746675e6
7.163689055506257e6
7.159192928045541e6
7.15468138714248e6
7.150154793023579e6
7.145613502568311e6
7.141057869287978e6
7.136488243306861e6
7.131904971345601e6
7.127308396706721e6
7.122698859262216e6
7.118076695443094e6
7.113442238230843e6
7.108795817150705e6
7.104137758266692e6
7.099468384178304e6
7.094788014018829e6
7.090096963455211e6
7.085395544689365e6
7.080684066460938e6
7.075962834051394e6
7.071232149289422e6
7.066492310557545e6
7.061743612799967e6
7.056986347531487e6
7.05222080284753e6
7.047447263435196e6
7.042666010585291e6
7.037877322205283e6
7.033081472833145e6
7.028278733652066e6
7.023469372505924e6
7.018653653915557e6
7.013831839095735e6
7.009004185972824e6
7.004170949203095e6
6.999332380191646e6
6.994488727111907e6
6.989640234925672e6
6.984787145403677e6
6.9799296971466215e6
6.97506812560668e6
6.970202663109415e6
6.965333538876088e6
6.960460979046358e6
6.95558520670131e6
6.9507064418868115e6
6.945824901637158e6
6.940940799999012e6
6.936054348055566e6
6.931165753950973e6
6.9262752229149565e6
6.921382957287626e6
6.916489156544472e6
7.785427190631779e6
7.785423920692482e6
7.785419115905271e6
7.785412326821396e6
7.785403040430709e6
7.785390681071647e6
7.7853746120600775e6
7.785354137933468e6
7.785328507212471e6
7.785296915588291e6
7.785258509451112e6
7.785212389682118e6
7.7851576156389555e6
7.785093209271643e6
7.785018159313174e6
7.784931425495653e6
7.784831942749291e6
7.784718625347562e6
7.784590370967333e6
7.784446064637851e6
7.784284582557114e6
7.784104795758289e6
7.7839055736126e6
7.783685787158326e6
7.783444312248646e6
7.783180032513445e6
7.782891842132519e6
7.782578648419548e6
7.78223937421777e6
7.781872960109753e6
7.78147836644479e6
7.781054575188374e6
7.780600591599061e6
7.780115445738565e6
7.779598193821482e6
7.779047919411351e6
7.778463734470005e6
7.777844780267395e6
7.777190228159063e6
7.776499280238482e6
7.775771169871492e6
7.775005162119886e6
7.774200554061103e6
7.773356675010856e6
7.772472886655297e6
7.771548583099064e6
7.770583190835457e6
7.769576168644623e6
7.768527007425451e6
7.767435229966626e6
7.766300390661997e6
7.765122075175216e6
7.763899900058304e6
7.762633512328577e6
7.761322589008127e6
7.759966836629793e6
7.758565990713331e6
7.757119815215299e6
7.75562810195588e6
7.754090670025775e6
7.752507365175944e6
7.750878059192948e6
7.749202649262312e6
7.747481057322267e6
7.745713229409963e6
7.743899135002197e6
7.742038766352429e6
7.74013213782583e6
7.738179285233866e6
7.736180265169894e6
7.734135154347027e6
7.73204404893952e6
7.729907063928703e6
7.727724332454499e6
7.725496005173397e6
7.723222249623664e6
7.720903249598575e6
7.7185392045282535e6
7.7161303288707305e6
7.713676851512698e6
7.711179015180432e6
7.70863707586127e6
7.706051302235919e6
7.703421975121999e6
7.700749386928891e6
7.698033841124246e6
7.695275651712193e6
7.692475142723422e6
7.689632647717211e6
7.68674850929543e6
7.683823078628579e6
7.6808567149938475e6
7.677849785325136e6
7.674802663775057e6
7.671715731288771e6
7.668589375189664e6
7.665423988776663e6
7.662219970933157e6
7.658977725747352e6
7.655697662143931e6
7.65238019352687e6
7.649025737433241e6
7.645634715197851e6
7.642207551628514e6
7.6387446746918e6
7.635246515209067e6
7.631713506562573e6
7.628146084411495e6
7.624544686417645e6
7.620909751980656e6
7.6172417219825e6
7.613541038541076e6
7.609808144772697e6
7.606043484563246e6
7.602247502347829e6
7.598420642898696e6
7.594563351121233e6
7.590676071857846e6
7.5867592496994985e6
7.582813328804731e6
7.578838752725973e6
7.574835964242911e6
7.5708054052028e6
7.566747516367435e6
7.562662737266672e6
7.558551506058261e6
7.554414259393867e6
7.550251432291056e6
7.546063458011064e6
7.541850767942244e6
7.537613791488943e6
7.533352955965695e6
7.529068686496556e6
7.524761405919416e6
7.520431534695143e6
7.516079490821393e6
7.511705689750968e6
7.507310544314531e6
7.502894464647592e6
7.498457858121573e6
7.494001129278859e6
7.489524679771683e6
7.485028908304712e6
7.480514210581221e6
7.475980979252755e6
7.471429603872085e6
7.466860470849448e6
7.462273963411856e6
7.457670461565445e6
7.453050342060695e6
7.448413978360481e6
7.4437617406107765e6
7.439093995613996e6
7.434411106804809e6
7.429713434228367e6
7.42500133452088e6
7.42027516089236e6
7.415535263111593e6
7.410781987493107e6
7.40601567688615e6
7.401236670665581e6
7.396445304724588e6
7.391641911469159e6
7.386826819814237e6
7.3820003551815e6
7.377162839498703e6
7.372314591200487e6
7.367455925230618e6
7.362587153045609e6
7.357708582619631e6
7.352820518450666e6
7.347923261567873e6
7.343017109540092e6
7.338102356485422e6
7.33317929308185e6
7.328248206578883e6
7.323309380810094e6
7.318363096206612e6
7.313409629811412e6
7.308449255294472e6
7.303482242968685e6
7.298508859806489e6
7.293529369457215e6
7.288544032265085e6
7.283553105287838e6
7.278556842315944e6
7.273555493892373e6
7.268549307332895e6
7.2635385267468775e6
7.258523393058533e6
7.253504144028613e6
7.24848101427652e6
7.243454235302785e6
7.23842403551191e6
7.233390640235539e6
7.228354271755948e6
7.2233151493298095e6
7.2182734892122215e6
7.213229504680987e6
7.2081834060611045e6
7.203135400749465e6
8.09619050773695e6
8.096187230912708e6
8.096182414814311e6
8.096175608032011e6
8.096166295053021e6
8.096153897103775e6
8.096137773715082e6
8.096117224907787e6
8.096091493901946e6
8.096059770258541e6
8.0960211933695525e6
8.095974856219146e6
8.095919809345966e6
8.09585506494355e6
8.0957796010428555e6
8.095692365727563e6
8.09559228133908e6
8.095478248634138e6
8.095349150863308e6
8.09520385774387e6
8.095041229304973e6
8.094860119587268e6
8.094659380182838e6
8.094437863604676e6
8.094194426477768e6
8.093927932546536e6
8.093637255495578e6
8.093321281582613e6
8.092978912084206e6
8.092609065556259e6
8.092210679912421e6
8.091782714324673e6
8.091324150950939e6
8.0908339964954695e6
8.090311283608065e6
8.089755072128674e6
8.089164450184188e6
8.088538535144382e6
8.087876474444093e6
8.087177446278775e6
8.086440660180498e6
8.085665357481427e6
8.084850811671675e6
8.083996328658288e6
8.083101246931968e6
8.082164937647849e6
8.081186804626581e6
8.080166284281574e6
8.079102845478161e6
8.077995989330116e6
8.076845248938716e6
8.075650189079352e6
8.074410405840369e6
8.0731255262186015e6
8.071795207675885e6
8.070419137660456e6
8.068997033097083e6
8.067528639849424e6
8.06601373215794e6
8.064452112056513e6
8.062843608770637e6
8.061188078099952e6
8.059485401787628e6
8.057735486878989e6
8.055938265071553e6
8.054093692058541e6
8.052201746867729e6
8.050262431197402e6
8.048275768750988e6
8.046241804571876e6
8.044160604379759e6
8.042032253909753e6
8.039856858255395e6
8.037634541216611e6
8.035365444653524e6
8.033049727846972e6
8.030687566866535e6
8.028279153946692e6
8.025824696871759e6
8.023324418370148e6
8.020778555518405e6
8.01818735915546e6
8.015551093307458e6
8.012870034623455e6
8.01014447182229e6
8.007374705150786e6
8.004561045853537e6
8.001703815654345e6
7.998803346249477e6
7.995859978812775e6
7.992874063512669e6
7.989845959041132e6
7.986776032154543e6
7.98366465722645e6
7.980512215812147e6
7.9773190962250475e6
7.974085693124711e6
7.970812407116469e6
7.967499644362489e6
7.964147816204192e6
7.960757338795838e6
7.95732863274917e6
7.953862122788934e6
7.950358237419098e6
7.946817408599643e6
7.943240071433679e6
7.939626663864771e6
7.935977626384216e6
7.932293401748163e6
7.928574434704282e6
7.924821171727871e6
7.921034060767158e6
7.9172135509976065e6
7.913360092585022e6
7.909474136457266e6
7.905556134084361e6
7.901606537266826e6
7.897625797931975e6
7.893614367938062e6
7.889572698885993e6
7.885501241938492e6
7.88140044764646e6
7.877270765782371e6
7.873112645180523e6
7.868926533583924e6
7.864712877497671e6
7.860472122048604e6
7.856204710851097e6
7.851911085878755e6
7.847591687341924e6
7.843246953570754e6
7.83887732090374e6
7.834483223581493e6
7.830065093645666e6
7.825623360842795e6
7.821158452532991e6
7.816670793603234e6
7.812160806385227e6
7.8076289105775785e6
7.803075523172232e6
7.798501058384986e6
7.793905927589956e6
7.789290539257876e6
7.7846552988981055e6
7.780000609004204e6
7.775326869002962e6
7.770634475206769e6
7.765923820769227e6
7.761195295643853e6
7.756449286545793e6
7.751686176916445e6
7.746906346890857e6
7.742110173267864e6
7.73729802948276e6
7.732470285582538e6
7.727627308203511e6
7.722769460551253e6
7.717897102382785e6
7.713010589990937e6
7.708110276190724e6
7.703196510307774e6
7.698269638168627e6
7.693330002092909e6
7.688377940887234e6
7.683413789840831e6
7.678437880722797e6
7.673450541780893e6
7.668452097741864e6
7.663442869813174e6
7.658423175686123e6
7.6533933295402825e6
7.648353642049195e6
7.643304420387271e6
7.638245968237839e6
7.633178585802305e6
7.628102569810362e6
7.6230182135311905e6
7.617925806785634e6
7.612825635959271e6
7.607717984016365e6
7.602603130514645e6
7.597481351620854e6
7.592352920127065e6
7.587218105467686e6
7.58207717373716e6
7.576930387708275e6
7.571778006851101e6
7.566620287352471e6
7.561457482136024e6
7.5562898408827465e6
7.551117610051966e6
7.545941032902841e6
7.540760349516227e6
7.53557579681696e6
7.530387608596496e6
7.52519601553591e6
7.52000124522919e6
7.514803522206858e6
7.509603067959829e6
7.504400100963562e6
7.499194836702406e6
8.416798832062427e6
8.416795548452616e6
8.416790721203733e6
8.416783896970179e6
8.416774557767455e6
8.416762121746927e6
8.41674594469732e6
8.416725322171785e6
8.41669949214431e6
8.416667638105359e6
8.41662889251291e6
8.416582340522055e6
8.416527023923235e6
8.416461945226125e6
8.41638607183301e6
8.416298340252135e6
8.416197660307463e6
8.416082919307563e6
8.415952986141264e6
8.415806715273209e6
8.415642950616635e6
8.415460529265061e6
8.415258285068244e6
8.415035052041033e6
8.414789667596798e6
8.414520975599613e6
8.41422782923175e6
8.41390909367489e6
8.413563648605248e6
8.413190390504254e6
8.412788234787578e6
8.41235611775637e6
8.411892998375408e6
8.41139785988353e6
8.410869711242236e6
8.410307588428803e6
8.409710555580504e6
8.409077705996767e6
8.408408163006239e6
8.40770108070571e6
8.406955644577987e6
8.406171071995543e6
8.405346612616912e6
8.40448154868241e6
8.403575195215873e6
8.40262690013862e6
8.40163604430192e6
8.40060204144387e6
8.39952433807631e6
8.398402413307412e6
8.397235778604988e6
8.396023977505673e6
8.394766585274631e6
8.39346320852032e6
8.392113484768603e6
8.390717082000226e6
8.389273698155504e6
8.387783060609745e6
8.386244925622878e6
8.384659077766366e6
8.38302532933045e6
8.381343519714447e6
8.37961351480273e6
8.377835206328772e6
8.376008511229576e6
8.374133370992493e6
8.372209750996412e6
8.370237639849136e6
8.368217048722549e6
8.366148010687137e6
8.364030580047244e6
8.361864831678377e6
8.359650860367708e6
8.357388780158861e6
8.355078723701965e6
8.352720841609882e6
8.350315301821322e6
8.347862288971724e6
8.345362003772352e6
8.342814662398394e6
8.340220495886384e6
8.337579749541531e6
8.334892682355292e6
8.332159566433532e6
8.329380686435561e6
8.326556339024331e6
8.323686832327941e6
8.320772485412654e6
8.317813627767539e6
8.314810598800841e6
8.311763747348146e6
8.30867343119234e6
8.305540016595453e6
8.302363877842272e6
8.2991453967957925e6
8.295884962464354e6
8.292582970580466e6
8.2892398231912e6
8.28585592826003e6
8.28243169928004e6
8.278967554898344e6
8.275463918551579e6
8.271921218112339e6
8.268339885546371e6
8.264720356580375e6
8.261063070380244e6
8.2573684692395665e6
8.253636998278186e6
8.24986910515066e6
8.246065239764411e6
8.242225854007392e6
8.238351401485056e6
8.234442337266443e6
8.230499117639176e6
8.226522199873202e6
8.22251204199303e6
8.2184691025583185e6
8.214393840452561e6
8.210286714679726e6
8.206148184168652e6
8.201978707584932e6
8.197778743150217e6
8.193548748468623e6
8.189289180360153e6
8.185000494700893e6
8.180683146269819e6
8.176337588602027e6
8.171964273848211e6
8.167563652640216e6
8.163136173962491e6
8.158682285029292e6
8.154202431167405e6
8.149697055704321e6
8.145166599861635e6
8.1406115026535215e6
8.136032200790158e6
8.13142912858591e6
8.126802717872182e6
8.122153397914718e6
8.117481595335295e6
8.112787734037589e6
8.108072235137142e6
8.1033355168952625e6
8.098577994656749e6
8.093800080791313e6
8.089002184638543e6
8.084184712456353e6
8.079348067372741e6
8.074492649340784e6
8.069618855096735e6
8.064727078121123e6
8.059817708602762e6
8.054891133405528e6
8.049947736037894e6
8.044987896624985e6
8.040011991883217e6
8.035020395097297e6
8.030013476099588e6
8.024991601251694e6
8.019955133428221e6
8.014904432002594e6
8.009839852834891e6
8.004761748261595e6
7.999670467087185e6
7.994566354577514e6
7.989449752454879e6
7.98432099889475e6
7.979180428524044e6
7.974028372420921e6
7.968865158116037e6
7.9636911095951535e6
7.95850654730311e6
7.953311788149038e6
7.948107145512805e6
7.942892929252622e6
7.937669445713768e6
7.932436997738369e6
7.927195884676192e6
7.921946402396421e6
7.916688843300339e6
7.911423496334908e6
7.906150647007169e6
7.90087057739946e6
7.8955835661853645e6
7.890289888646425e6
7.884989816689487e6
7.879683618864732e6
7.874371560384308e6
7.869053903141535e6
7.863730905730684e6
7.858402823467236e6
7.853069908408663e6
7.847732409375665e6
7.842390571973802e6
7.837044638615588e6
7.831694848542919e6
7.826341437849879e6
7.820984639505856e6
7.815624683378993e6
7.810261796259902e6
7.804896201885637e6
8.747484244875891e6
8.747480954577807e6
8.747476116335846e6
8.74746927489326e6
8.747459909824263e6
8.747447436241494e6
8.74743120623399e6
8.747410510935456e6
8.747384583127743e6
8.74735260028986e6
8.74731368800945e6
8.747266923680007e6
8.747211340414213e6
8.747145931110274e6
8.747069652615169e6
8.746981429934803e6
8.746880160447497e6
8.746764718082827e6
8.746633957433345e6
8.746486717771549e6
8.746321826949142e6
8.746138105159672e6
8.745934368549395e6
8.745709432664528e6
8.745462115726039e6
8.74519124172573e6
8.744895643339641e6
8.744574164656809e6
8.744225663723206e6
8.743849014902018e6
8.743443111052802e6
8.743006865533026e6
8.742539214026444e6
8.742039116203345e6
8.74150555721841e6
8.740937549052238e6
8.740334131703014e6
8.739694374234937e6
8.73901737569029e6
8.738302265871963e6
8.737548206003368e6
8.736754389272632e6
8.735920041267788e6
8.735044420309689e6
8.734126817689097e6
8.73316655781434e6
8.732162998275643e6
8.731115529832078e6
8.73002357632685e6
8.728886594536416e6
8.727704073958673e6
8.726475536545249e6
8.725200536382657e6
8.723878659326892e6
8.722509522595761e6
8.721092774323002e6
8.719628093078116e6
8.71811518735552e6
8.716553795036403e6
8.714943682826584e6
8.71328464567336e6
8.711576506164152e6
8.709819113909619e6
8.708012344913743e6
8.706156100933116e6
8.704250308827626e6
8.702294919904526e6
8.700289909257699e6
8.698235275103861e6
8.69613103811725e6
8.693977240764271e6
8.691773946639422e6
8.689521239803694e6
8.687219224126654e6
8.684868022633098e6
8.682467776855325e6
8.680018646191804e6
8.677520807273021e6
8.674974453335147e6
8.672379793602224e6
8.669737052677313e6
8.667046469943173e6
8.664308298972836e6
8.661522806950467e6
8.658690274102869e6
8.655810993141815e6
8.652885268717539e6
8.649913416883497e6
8.646895764572589e6
8.643832649084965e6
8.640724417587455e6
8.637571426624749e6
8.634374041642254e6
8.631132636520796e6
8.627847593122922e6
8.624519300851008e6
8.621148156216897e6
8.617734562423158e6
8.614278928955775e6
8.610781671188192e6
8.607243209996609e6
8.603663971386366e6
8.600044386129335e6
8.596384889412075e6
8.592685920494707e6
8.588947922380248e6
8.585171341494298e6
8.58135662737486e6
8.577504232372161e6
8.573614611358231e6
8.569688221446108e6
8.565725521718444e6
8.561726972965337e6
8.557693037431197e6
8.553624178570427e6
8.549520860811753e6
8.545383549331026e6
8.541212709832212e6
8.537008808336519e6
8.532772310979297e6
8.528503683814695e6
8.52420339262775e6
8.519871902753765e6
8.515509678904822e6
8.511117185003202e6
8.506694884021526e6
8.502243237829488e6
8.497762707046933e6
8.49325375090317e6
8.488716827102296e6
8.4841523916944e6
8.479560898952432e6
8.47494280125466e6
8.470298548972435e6
8.46562859036322e6
8.46093337146864e6
8.456213336017486e6
8.451468925333409e6
8.44670057824731e6
8.44190873101413e6
8.437093817234013e6
8.432256267777648e6
8.427396510715686e6
8.422514971252084e6
8.417612071661241e6
8.41268823122885e6
8.407743866196288e6
8.402779389708424e6
8.39779521176484e6
8.392791739174165e6
8.387769375511607e6
8.382728521079411e6
8.377669572870275e6
8.372592924533529e6
8.367498966344027e6
8.362388085173633e6
8.357260664465234e6
8.352117084209153e6
8.346957720921903e6
8.341782947627196e6
8.336593133839113e6
8.3313886455473425e6
8.326169845204448e6
8.320937091715048e6
8.315690740426856e6
8.310431143123502e6
8.305158648019086e6
8.2998735997543335e6
8.294576339394401e6
8.289267204428122e6
8.283946528768774e6
8.278614642756194e6
8.273271873160273e6
8.267918543185692e6
8.26255497247792e6
8.257181477130374e6
8.251798369692689e6
8.246405959180089e6
8.24100455108377e6
8.235594447382253e6
8.230175946553702e6
8.224749343589103e6
8.2193149300063215e6
8.213872993864932e6
8.208423819781868e6
8.202967688947756e6
8.19750487914397e6
8.192035664760351e6
8.18656031681354e6
8.181079102965894e6
8.175592287544992e6
8.1701001315636495e6
8.164602892740417e6
8.159100825520609e6
8.15359418109769e6
8.148083207435158e6
8.142568149288768e6
8.137049248229131e6
8.131526742664672e6
8.126000867864876e6
8.120471855983852e6
9.08848244634246e6
9.08847914945138e6
9.08847430037054e6
9.08846744195633e6
9.088458051371573e6
9.088445540725999e6
9.08842925845069e6
9.08840849130759e6
9.088382466939652e6
9.088350356872926e6
9.088311279887797e6
9.088264305683177e6
9.088208458764037e6
9.088142722489333e6
9.08806604322397e6
9.087977334544806e6
9.087875481456589e6
9.087759344579715e6
9.087627764276711e6
9.087479564689534e6
9.08731355766413e6
9.087128546542889e6
9.08692332980937e6
9.086696704572925e6
9.086447469883898e6
9.086174429872725e6
9.08587639670843e6
9.085552193374239e6
9.085200656259634e6
9.084820637569677e6
9.084411007553833e6
9.083970656557413e6
9.083498496899808e6
9.082993464584362e6
9.082454520845288e6
9.081880653537516e6
9.081270878375793e6
9.080624240029434e6
9.07993981307948e6
9.079216702844974e6
9.078454046085186e6
9.077651011584556e6
9.07680680062705e6
9.075920647366574e6
9.074991819099862e6
9.07401961644822e6
9.073003373454165e6
9.071942457598995e6
9.070836269746896e6
9.06968424402117e6
9.068485847617792e6
9.067240580561426e6
9.065947975408586e6
9.064607596902616e6
9.063219041584838e6
9.06178193736593e6
9.060295943061477e6
9.058760747895401e6
9.0571760709747e6
9.055541660738796e6
9.053857294386571e6
9.052122777283907e6
9.050337942354564e6
9.048502649456764e6
9.04661678474794e6
9.044680260039814e6
9.042693012145812e6
9.04065500222279e6
9.038566215108702e6
9.036426658657975e6
9.03423636307598e6
9.031995380254006e6
9.029703783106064e6
9.027361664908566e6
9.02496913864406e6
9.022526336349936e6
9.020033408472948e6
9.017490523230424e6
9.01489786597883e6
9.012255638590377e6
9.00956405883817e6
9.006823359790549e6
9.004033789214918e6
9.001195608991621e6
8.998309094538052e6
8.995374534243459e6
8.99239222891457e6
8.989362491232336e6
8.986285645219894e6
8.983162025721999e6
8.979991977895891e6
8.9767758567138e6
8.973514026477043e6
8.970206860341808e6
8.966854739856567e6
8.963458054511145e6
8.960017201297322e6
8.956532584281033e6
8.953004614185955e6
8.949433707988467e6
8.945820288523884e6
8.94216478410378e6
8.938467628144328e6
8.93472925880551e6
8.93095011864103e6
8.927130654258786e6
8.923271315991724e6
8.919372557578959e6
8.915434835856875e6
8.911458610460198e6
8.907444343532667e6
8.903392499447266e6
8.899303544535792e6
8.895177946827479e6
8.891016175796667e6
8.886818702119151e6
8.882585997437097e6
8.878318534132361e6
8.87401678510794e6
8.86968122357745e6
8.865312322862376e6
8.860910556196904e6
8.856476396540245e6
8.852010316396112e6
8.847512787639298e6
8.842984281349087e6
8.838425267649405e6
8.833836215555403e6
8.829217592826433e6
8.82456986582518e6
8.819893499382773e6
8.815188956669709e6
8.810456699072465e6
8.805697186075602e6
8.80091087514919e6
8.796098221641444e6
8.79125967867638e6
8.786395697056359e6
8.781506725169348e6
8.776593208900807e6
8.771655591550004e6
8.76669431375066e6
8.76170981339575e6
8.756702525566388e6
8.751672882464599e6
8.746621313349925e6
8.741548244479656e6
8.736454099052658e6
8.731339297156626e6
8.726204255718637e6
8.721049388458949e6
8.71587510584789e6
8.71068181506574e6
8.70546991996553e6
8.700239821038615e6
8.694991915382957e6
8.689726596674025e6
8.684444255138198e6
8.679145277528564e6
8.673830047103127e6
8.668498943605196e6
8.663152343245957e6
8.657790618689187e6
8.652414139037907e6
8.647023269823013e6
8.641618372993777e6
8.6361998069101e6
8.630767926336532e6
8.625323082437925e6
8.619865622776663e6
8.614395891311452e6
8.60891422839756e6
8.603420970788442e6
8.597916451638762e6
8.592401000508653e6
8.58687494336926e6
8.58133860260944e6
8.575792297043614e6
8.570236341920696e6
8.564671048934067e6
8.559096726232527e6
8.553513678432211e6
8.547922206629401e6
8.542322608414203e6
8.536715177885026e6
8.531100205663877e6
8.525477978912367e6
8.519848781348463e6
8.51421289326385e6
8.508570591541994e6
8.502922149676783e6
8.497267837791715e6
8.491607922659686e6
8.48594266772322e6
8.480272333115242e6
8.474597175680254e6
8.468917448995978e6
8.463233403395385e6
8.457545285989089e6
8.4518533406881e6
8.44615780822693e6
9.440032783521745e6
9.440029480130972e6
9.44002462036233e6
9.440017745209197e6
9.440008329452438e6
9.43999578223409e6
9.439979448368477e6
9.439958610292766e6
9.439932490563685e6
9.439900254812168e6
9.439861015073894e6
9.439813833419694e6
9.439757725816524e6
9.439691666155998e6
9.439614590394152e6
9.439525400752122e6
9.439422969933506e6
9.439306145319816e6
9.439173753110614e6
9.439024602379946e6
9.438857489025077e6
9.438671199587656e6
9.43846451493124e6
9.438236213762248e6
9.437985075984659e6
9.43770988588119e6
9.437409435116118e6
9.437082525556976e6
9.436727971914079e6
9.436344604198322e6
9.435931269999145e6
9.435486836585462e6
9.435010192833455e6
9.434500250985755e6
9.433955948247248e6
9.433376248223167e6
9.432760142205514e6
9.432106650314204e6
9.431414822499376e6
9.430683739411568e6
9.429912513146449e6
9.429100287870752e6
9.428246240336096e6
9.427349580287224e6
9.426409550771097e6
9.425425428353077e6
9.4243965232464e6
9.423322179360747e6
9.422201774275724e6
9.421034719144685e6
9.419820458534224e6
9.41855847020441e6
9.417248264834544e6
9.415889385699116e6
9.414481408298304e6
9.413023939947192e6
9.411516619327642e6
9.40995911600659e6
9.408351129924225e6
9.406692390855392e6
9.404982657847406e6
9.403221718637092e6
9.40140938904989e6
9.399545512383567e6
9.397629958778922e6
9.395662624579797e6
9.393643431684377e6
9.39157232688981e6
9.389449281231923e6
9.38727428932168e6
9.385047368679976e6
9.382768559072118e6
9.380437921843413e6
9.378055539256932e6
9.375621513834672e6
9.373135967703097e6
9.370599041943882e6
9.368010895950874e6
9.365371706793856e6
9.36268166858988e6
9.359940991882805e6
9.357149903031498e6
9.354308643607281e6
9.351417469801003e6
9.3484766518401e6
9.345486473416036e6
9.34244723112231e6
9.339359233903369e6
9.33622280251457e6
9.33303826899333e6
9.329805976141658e6
9.326526277020136e6
9.323199534453364e6
9.319826120547034e6
9.316406416216472e6
9.312940810726859e6
9.30942970124487e6
9.305873492401889e6
9.302272595868599e6
9.298627429940924e6
9.29493841913723e6
9.291205993806655e6
9.287430589748474e6
9.283612647842335e6
9.279752613689283e6
9.275850937263364e6
9.271908072573684e6
9.26792447733678e6
9.263900612659082e6
9.259836942729374e6
9.255733934520993e6
9.251592057503633e6
9.247411783364596e6
9.243193585739216e6
9.238937939950414e6
9.234645322757017e6
9.230316212110814e6
9.22595108692207e6
9.221550426833324e6
9.217114712001313e6
9.212644422886785e6
9.208140040052066e6
9.203602043966144e6
9.199030914817128e6
9.194427132331897e6
9.189791175602678e6
9.18512352292054e6
9.18042465161542e6
9.17569503790269e6
9.170935156735973e6
9.166145481666094e6
9.161326484705972e6
9.156478636201305e6
9.151602404706905e6
9.146698256868444e6
9.141766657309575e6
9.13680806852415e6
9.131822950773496e6
9.126811761988498e6
9.121774957676467e6
9.116712990832489e6
9.111626311855283e6
9.106515368467331e6
9.10138060563916e6
9.09622246551768e6
9.09104138735842e6
9.08583780746156e6
9.080612159111602e6
9.075364872520613e6
9.0700963747749e6
9.064807089784972e6
9.059497438238742e6
9.05416783755783e6
9.048818701856826e6
9.043450441905504e6
9.038063465093791e6
9.03265817539945e6
9.027234973358385e6
9.021794256037433e6
9.016336417009603e6
9.010861846331652e6
9.005370930523915e6
8.999864052552314e6
8.994341591812452e6
8.988803924115747e6
8.983251421677472e6
8.977684453106709e6
8.972103383398075e6
8.96650857392518e6
8.960900382435763e6
8.955279163048416e6
8.949645266250838e6
8.943999038899586e6
8.938340824221224e6
8.93267096181483e6
8.926989787655832e6
8.92129763410105e6
8.91559482989496e6
8.909881700177122e6
8.90415856649066e6
8.898425746791828e6
8.892683555460569e6
8.88693230331202e6
8.881172297608942e6
8.875403842075033e6
8.869627236909054e6
8.863842778799752e6
8.858050760941563e6
8.852251473050995e6
8.846445201383714e6
8.840632228752282e6
8.834812834544515e6
8.828987294742405e6
8.823155881941592e6
8.817318865371387e6
8.811476510915266e6
8.80562908113183e6
8.799776835276218e6
8.793920029321903e6
8.7880589159829e6
8.782193744736336e6
9.802378278364906e6
9.80237496856583e6
9.802370098257419e6
9.802363206593493e6
9.80235376600187e6
9.802341182691611e6
9.802324797900844e6
9.802303889788391e6
9.802277675876731e6
9.802245315958962e6
9.802205915388014e6
9.802158528672665e6
9.802102163311128e6
9.802035783799345e6
9.801958315757526e6
9.801868650124503e6
9.801765647375392e6
9.801648141723594e6
9.801514945273483e6
9.80136485209481e6
9.801196642194482e6
9.801009085365359e6
9.800800944895463e6
9.80057098112434e6
9.800317954836214e6
9.800040630482411e6
9.799737779227668e6
9.799408181817163e6
9.799050631262835e6
9.798663935349084e6
9.798246918959348e6
9.79779842622609e6
9.797317322507791e6
9.796802496197158e6
9.79625286036563e6
9.795667354249533e6
9.795044944583833e6
9.794384626789596e6
9.79368542602156e6
9.792946398082322e6
9.792166630209731e6
9.791345241744068e6
9.790481384681584e6
9.789574244120901e6
9.788623038608622e6
9.78762702039041e6
9.786585475573657e6
9.78549772420755e6
9.784363120286375e6
9.783181051681448e6
9.781950940007048e6
9.780672240425415e6
9.779344441395652e6
9.777967064371197e6
9.776539663450243e6
9.775061824983375e6
9.77353316714233e6
9.771953339453718e6
9.770322022301214e6
9.768638926399637e6
9.766903792244036e6
9.765116389536811e6
9.763276516595623e6
9.761383999744754e6
9.759438692692325e6
9.757440475895727e6
9.755389255917344e6
9.7532849647726e6
9.751127559272138e6
9.748917020359907e6
9.746653352448696e6
9.74433658275461e6
9.74196676063183e6
9.739543956908911e6
9.7370682632278e6
9.73453979138652e6
9.731958672686623e6
9.729325057286156e6
9.726639113559017e6
9.723901027461383e6
9.721111001905857e6
9.718269256143918e6
9.715376025157223e6
9.71243155905816e6
9.709436122500109e6
9.706389994097747e6
9.703293465857701e6
9.70014684261984e6
9.69695044150937e6
9.693704591399992e6
9.690409632388212e6
9.687065915278958e6
9.683673801082559e6
9.680233660523195e6
9.676745873558778e6
9.673210828912357e6
9.669628923614945e6
9.666000562559847e6
9.662326158068305e6
9.65860612946653e6
9.654840902673934e6
9.651030909802498e6
9.647176588767234e6
9.643278382907495e6
9.639336740619114e6
9.635352114997169e6
9.631324963489292e6
9.627255747559277e6
9.623144932360908e6
9.618992986421809e6
9.614800381337142e6
9.610567591473008e6
9.606295093679324e6
9.60198336701204e6
9.597632892464519e6
9.593244152707841e6
9.588817631839905e6
9.58435381514312e6
9.57985318885049e6
9.575316239919936e6
9.57074345581663e6
9.566135324303169e6
9.561492333237462e6
9.556814970378017e6
9.552103723196603e6
9.547359078697983e6
9.542581523246592e6
9.537771542399997e6
9.532929620748922e6
9.528056241763704e6
9.523151887646979e6
9.518217039192472e6
9.513252175649675e6
9.508257774594277e6
9.503234311804218e6
9.498182261141116e6
9.493102094437042e6
9.487994281386383e6
9.482859289442686e6
9.47769758372034e6
9.472509626900978e6
9.467295879144385e6
9.46205679800386e6
9.456792838345814e6
9.45150445227359e6
9.446192089055214e6
9.440856195055135e6
9.435497213669654e6
9.430115585266082e6
9.424711747125376e6
9.419286133388234e6
9.413839175004508e6
9.408371299685782e6
9.402882931861077e6
9.397374492635572e6
9.391846399752157e6
9.386299067555852e6
9.380732906960875e6
9.37514832542036e6
9.369545726898547e6
9.363925511845442e6
9.358288077173809e6
9.352633816238413e6
9.346963118817449e6
9.341276371096075e6
9.335573955651978e6
9.329856251442857e6
9.32412363379581e6
9.318376474398559e6
9.31261514129232e6
9.306839998866452e6
9.301051407854628e6
9.295249725332627e6
9.289435304717535e6
9.283608495768439e6
9.277769644588431e6
9.271919093627984e6
9.26605718168953e6
9.26018424393329e6
9.254300611884227e6
9.248406613440141e6
9.242502572880775e6
9.236588810878003e6
9.230665644506913e6
9.224733387257878e6
9.218792349049462e6
9.21284283624221e6
9.206885151653228e6
9.200919594571505e6
9.194946460774004e6
9.188966042542426e6
9.18297862868063e6
9.1769845045327e6
9.170983952001581e6
9.164977249568293e6
9.15896467231167e6
9.15294649192862e6
9.146922976754842e6
9.140894391785994e6
9.134860998699294e6
9.128823055875508e6
1.017576565571168e7
1.0175762339593824e7
1.0175757458890721e7
1.0175750550939657e7
1.0175741085843867e7
1.017572846691361e7
1.0175712031850798e7
1.017569105458169e7
1.0175664747645933e7
1.0175632265055425e7
1.0175592705541741e7
1.0175545116117122e7
1.0175488495879915e7
1.0175421800001753e7
1.017534394383994e7
1.017525380712444e7
1.0175150238174736e7
1.0175032058107382e7
1.0174898064999986e7
1.0174747037982538e7
1.0174577741231091e7
1.01743889278431e7
1.0174179343577296e7
1.0173947730444377e7
1.0173692830137748e7
1.0173413387296243e7
1.0173108152593106e7
1.0172775885647627e7
1.017241535775754e7
1.0172025354452047e7
1.0171604677866472e7
1.017115214894086e7
1.0170666609445758e7
1.0170146923839234e7
1.016959198095976e7
1.016900069556036e7
1.016837200968956e7
1.016770489392514e7
1.016699834846704e7
1.0166251404095635e7
1.0165463123001946e7
1.0164632599496283e7
1.0163758960601736e7
1.0162841366539042e7
1.0161879011109056e7
1.0160871121979099e7
1.0159816960879182e7
1.0158715823714094e7
1.015756704059689e7
1.0156369975809472e7
1.0155124027695462e7
1.0153828628490468e7
1.0152483244094659e7
1.0151087373792281e7
1.0149640549922613e7
1.0148142337506516e7
1.0146592333832666e7
1.014499016800727e7
1.0143335500470834e7
1.014162802248546e7
1.0139867455595791e7
1.0138053551066756e7
1.0136186089300826e7
1.0134264879237568e7
1.0132289757737907e7
1.0130260588955516e7
1.012817726369745e7
1.0126039698776105e7
1.0123847836354421e7
1.0121601643285997e7
1.0119301110451868e7
1.0116946252095405e7
1.0114537105156712e7
1.0112073728607867e7
1.0109556202790152e7
1.0106984628754392e7
1.0104359127605366e7
1.0101679839851225e7
1.0098946924758762e7
1.0096160559715258e7
1.0093320939597573e7
1.0090428276149161e7
1.0087482797365477e7
1.0084484746888326e7
1.0081434383409569e7
1.0078331980084542e7
1.007517782395561e7
1.0071972215385988e7
1.0068715467504287e7
1.0065407905659763e7
1.0062049866888668e7
1.0058641699391635e7
1.0055183762022354e7
1.0051676423787553e7
1.0048120063358333e7
1.0044515068592886e7
1.004086183607066e7
1.0037160770637823e7
1.003341228496415e7
1.002961679911114e7
1.0025774740111403e7
1.0021886541559143e7
1.00179526432117e7
1.0013973490602046e7
1.0009949534662062e7
1.00058812313565e7
1.0001769041327525e7
9.997613429549618e6
9.993414864994759e6
9.989173820307681e6
9.984890771491066e6
9.980566197600495e6
9.976200580448981e6
9.971794404320937e6
9.967348155695336e6
9.962862322978009e6
9.95833739624272e6
9.953773866981015e6
9.949172227860538e6
9.944532972491708e6
9.93985659520249e6
9.935143590821197e6
9.930394454467019e6
9.925609681348152e6
9.920789766567377e6
9.915935204934858e6
9.911046490787985e6
9.906124117818147e6
9.901168578904158e6
9.896180365952266e6
9.891159969742524e6
9.886107879781343e6
9.88102458416011e6
9.875910569419658e6
9.870766320420453e6
9.865592320218356e6
9.860389049945766e6
9.855156988698026e6
9.849896613424918e6
9.844608398827132e6
9.839292817257527e6
9.833950338627057e6
9.828581430315264e6
9.823186557085114e6
9.817766181002155e6
9.81232076135775e6
9.8068507545964e6
9.801356614246834e6
9.795838790856982e6
9.790297731932519e6
9.784733881878965e6
9.7791476819472e6
9.773539570182266e6
9.767909981375415e6
9.762259347019196e6
9.756588095265584e6
9.750896650886957e6
9.745185435239902e6
9.739454866231732e6
9.733705358289551e6
9.727937322331922e6
9.722151165742889e6
9.716347292348435e6
9.710526102395099e6
9.704687992530866e6
9.698833355788117e6
9.692962581568636e6
9.687076055630544e6
9.681174160077136e6
9.675257273347534e6
9.669325770209072e6
9.663380021751389e6
9.657420395382097e6
9.651447254824039e6
9.645460960114026e6
9.63946186760301e6
9.63345032995763e6
9.627426696163105e6
9.621391311527355e6
9.615344517686374e6
9.609286652610758e6
9.603218050613351e6
9.59713904235795e6
9.591049954869067e6
9.584951111542642e6
9.578842832157684e6
9.572725432888854e6
9.566599226319846e6
9.56046452145764e6
9.554321623747464e6
9.548170835088577e6
9.542012453850683e6
9.535846774891077e6
9.52967408957237e6
9.523494685780877e6
9.517308847945537e6
9.5111168570574e6
9.504918990689596e6
9.498715523017861e6
9.492506724841425e6
9.486292863604423e6
1.0560445371287474e7
1.0560442048938531e7
1.0560437157982925e7
1.0560430233964024e7
1.0560420744688492e7
1.0560408090601387e7
1.056039160590785e7
1.0560370560346754e7
1.0560344161525708e7
1.056031155773142e7
1.056027184113496e7
1.0560224051317025e7
1.056016717904455e7
1.0560100170235924e7
1.0560021930058276e7
1.055993132710612e7
1.0559827197616411e7
1.0559708349680427e7
1.0559573567418097e7
1.0559421615085024e7
1.0559251241087046e7
1.0559061181880975e7
1.0558850165744144e7
1.0558616916398382e7
1.0558360156477401e7
1.0558078610828938e7
1.055777100964557e7
1.0557436091420164e7
1.0557072605723746e7
1.055667931580513e7
1.0556255001013182e7
1.0555798459043542e7
1.0555308508012827e7
1.055478398836408e7
1.0554223764607882e7
1.0553626726904245e7
1.0552991792490652e7
1.055231790696214e7
1.0551604045409475e7
1.0550849213421622e7
1.0550052447958935e7
1.0549212818103394e7
1.0548329425692344e7
1.0547401405842055e7
1.0546427927367385e7
1.0545408193103762e7
1.0544341440137364e7
1.054322693994957e7
1.0542063998481177e7
1.054085195612205e7
1.0539590187631395e7
1.0538278101993835e7
1.0536915142216165e7
1.0535500785069479e7
1.053403454078112e7
1.0532515952680755e7
1.0530944596804626e7
1.0529320081461783e7
1.0527642046766035e7
1.0525910164136954e7
1.0524124135773305e7
1.052228369410189e7
1.052038860120477e7
1.0518438648227476e7
1.05164336547709e7
1.0514373468269125e7
1.0512257963355502e7
1.0510087041219035e7
1.0507860628953034e7
1.0505578678897804e7
1.0503241167979103e7
1.0500848097043904e7
1.0498399490194887e7
1.0495895394125024e7
1.049333587745348e7
1.0490721030063914e7
1.0488050962446323e7
1.0485325805043226e7
1.0482545707601223e7
1.0479710838528568e7
1.0476821384259574e7
1.0473877548626453e7
1.0470879552239154e7
1.0467827631873798e7
1.046472203987005e7
1.046156304353797e7
1.0458350924574625e7
1.0455085978490772e7
1.045176851404795e7
1.0448398852706151e7
1.044497732808225e7
1.0441504285419472e7
1.0437980081067845e7
1.0434405081975892e7
1.0430779665193548e7
1.042710421738637e7
1.0423379134361045e7
1.0419604820602247e7
1.0415781688820736e7
1.0411910159512736e7
1.0407990660530496e7
1.040402362666398e7
1.0400009499233589e7
1.0395948725693826e7
1.0391841759247787e7
1.0387689058472365e7
1.0383491086954048e7
1.037924831293514e7
1.0374961208970292e7
1.0370630251593208e7
1.0366255920993283e7
1.0361838700702164e7
1.0357379077289876e7
1.0352877540070524e7
1.0348334580817292e7
1.034375069348657e7
1.0339126373951098e7
1.0334462119741857e7
1.032975842979862e7
1.0325015804228889e7
1.0320234744075144e7
1.0315415751090106e7
1.0310559327519923e7
1.0305665975895079e7
1.030073619882881e7
1.0295770498822913e7
1.0290769378080662e7
1.028573333832685e7
1.0280662880634535e7
1.0275558505258532e7
1.0270420711475372e7
1.0265249997429565e7
1.026004685998605e7
1.025481179458864e7
1.0249545295124268e7
1.024424785379297e7
1.0238919960983338e7
1.0233562105153363e7
1.02281747727165e7
1.0222758447932824e7
1.0217313612805078e7
1.0211840746979518e7
1.020634032765144e7
1.0200812829475174e7
1.0195258724478481e7
1.0189678481981179e7
1.0184072568517929e7
1.0178441447764955e7
1.0172785580470696e7
1.0167105424390158e7
1.0161401434222944e7
1.015567406155479e7
1.0149923754802492e7
1.0144150959162172e7
1.0138356116560696e7
1.0132539665610231e7
1.0126702041565748e7
1.012084367628544e7
1.0114964998193942e7
1.0109066432248201e7
1.0103148399906062e7
1.0097211319097262e7
1.0091255604196923e7
1.008528166600137e7
1.0079289911706254e7
1.007328074488681e7
1.0067254565480277e7
1.0061211769770311e7
1.0055152750373399e7
1.0049077896227136e7
1.0042987592580331e7
1.003688222098488e7
1.0030762159289312e7
1.0024627781633941e7
1.0018479458447644e7
1.001231755644607e7
1.000614243863133e7
9.999954464293074e6
9.993753989010904e6
9.987541364658024e6
9.981316939406186e6
9.97508105773176e6
9.968834060422959e6
9.96257628458811e6
9.956308063665017e6
9.950029727431273e6
9.943741602015521e6
9.937444009909643e6
9.931137269981785e6
9.924821697490249e6
9.918497604098128e6
9.912165297888717e6
9.905825083381651e6
9.899477261549704e6
9.893122129836231e6
9.886759982173247e6
9.880391109000096e6
9.874015797282632e6
9.867634330532981e6
9.861246988829752e6
9.85485404883875e6
1.095667163970033e7
1.0956668311206236e7
1.0956663410137504e7
1.0956656470265824e7
1.0956646957128813e7
1.095663426833947e7
1.095661773464501e7
1.095659662164151e7
1.0956570132054687e7
1.095653740850152e7
1.0956497536652809e7
1.0956449548722208e7
1.0956392427213237e7
1.0956325108861785e7
1.0956246488717357e7
1.0956155424312418e7
1.095605073987459e7
1.0955931230541863e7
1.0955795666546088e7
1.095564279733471e7
1.0955471355605014e7
1.095528006122928e7
1.0955067625052879e7
1.0954832752550634e7
1.0954574147329826e7
1.0954290514470885e7
1.0953980563699218e7
1.0953643012383712e7
1.0953276588359326e7
1.0952880032572776e7
1.0952452101551801e7
1.0951991569699543e7
1.0951497231416794e7
1.0950967903055498e7
1.0950402424707869e7
1.0949799661835812e7
1.0949158506745959e7
1.0948477879915984e7
1.0947756731178079e7
1.0946994040765665e7
1.094618882022967e7
1.0945340113230549e7
1.094444699621244e7
1.0943508578965724e7
1.0942524005084157e7
1.0941492452322785e7
1.0940413132862523e7
1.093928529348731e7
1.0938108215679511e7
1.0936881215639057e7
1.093560364423162e7
1.093427488687099e7
1.0932894363340493e7
1.0931461527558252e7
1.0929975867290678e7
1.0928436903818592e7
1.092684419156003e7
1.0925197317653583e7
1.0923495901505979e7
1.0921739594307473e7
1.09199280785182e7
1.091806106732874e7
1.0916138304097747e7
1.0914159561769472e7
1.0912124642273702e7
1.0910033375910603e7
1.0907885620722735e7
1.0905681261856368e7
1.090342021091404e7
1.0901102405300349e7
1.0898727807562504e7
1.0896296404727446e7
1.0893808207636826e7
1.0891263250281412e7
1.0888661589136014e7
1.0886003302496228e7
1.0883288489817994e7
1.0880517271061003e7
1.0877689786036849e7
1.087480619376271e7
1.0871866671821358e7
1.086887141572816e7
1.0865820638305658e7
1.0862714569066329e7
1.0859553453603959e7
1.0856337552994134e7
1.0853067143204184e7
1.0849742514512938e7
1.0846363970940616e7
1.0842931829689056e7
1.0839446420592546e7
1.0835908085579399e7
1.083231717814447e7
1.0828674062832668e7
1.0824979114733612e7
1.0821232718987444e7
1.0817435270301884e7
1.0813587172480479e7
1.0809688837962102e7
1.080574068737166e7
1.080174314908192e7
1.0797696658786472e7
1.0793601659083698e7
1.0789458599071672e7
1.0785267933953919e7
1.0781030124655897e7
1.0776745637452068e7
1.0772414943603491e7
1.0768038519005718e7
1.0763616843846934e7
1.0759150402276097e7
1.0754639682081042e7
1.0750085174376272e7
1.0745487373300327e7
1.0740846775722591e7
1.0736163880959308e7
1.073143919049867e7
1.0726673207734786e7
1.07218664377104e7
1.0717019386868078e7
1.071213256280982e7
1.070720647406482e7
1.0702241629865233e7
1.0697238539929768e7
1.069219771425492e7
1.0687119662913697e7
1.0682004895861624e7
1.0676853922749868e7
1.0671667252745332e7
1.066644539435751e7
1.0661188855271962e7
1.0655898142190227e7
1.0650573760676041e7
1.0645216215007624e7
1.0639826008035967e7
1.063440364104889e7
1.062894961364077e7
1.0623464423587725e7
1.0617948566728164e7
1.0612402536848513e7
1.060682682557399e7
1.0601221922264302e7
1.0595588313914077e7
1.0589926485057915e7
1.0584236917679993e7
1.0578520091127949e7
1.057277648203105e7
1.0567006564222455e7
1.056121080866543e7
1.0555389683383472e7
1.0549543653394133e7
1.0543673180646487e7
1.053777872396211e7
1.0531860738979459e7
1.0525919678101562e7
1.0519955990446867e7
1.0513970121803192e7
1.0507962514584707e7
1.0501933607791707e7
1.0495883836973282e7
1.0489813634192629e7
1.0483723427994989e7
1.0477613643378112e7
1.0471484701765161e7
1.0465337020979961e7
1.0459171015224528e7
1.0452987095058775e7
1.0446785667382363e7
1.0440567135418585e7
1.0434331898700183e7
1.0428080353057103e7
1.0421812890606083e7
1.041552989974195e7
1.0409231765130674e7
1.0402918867704023e7
1.0396591584655778e7
1.039025028943949e7
1.0383895351767669e7
1.0377527137612374e7
1.037114600920715e7
1.0364752325050246e7
1.0358346439909078e7
1.0351928704825865e7
1.0345499467124427e7
1.0339059070418052e7
1.0332607854618413e7
1.0326146155945504e7
1.0319674306938501e7
1.0313192636467578e7
1.030670146974657e7
1.0300201128346475e7
1.029369193020979e7
1.028717418966555e7
1.0280648217445156e7
1.0274114320698835e7
1.026757280301283e7
1.0261023964427121e7
1.0254468101453865e7
1.0247905507096281e7
1.0241336470868131e7
1.0234761278813729e7
1.1364702462438064e7
1.1364699127883032e7
1.13646942168378e7
1.1364687261324255e7
1.1364677724638049e7
1.1364665001592731e7
1.1364648419515882e7
1.1364627239904786e7
1.1364600660652816e7
1.136456781876206e7
1.1364527793462727e7
1.1364479609665386e7
1.1364422241677737e7
1.136435461712353e7
1.1364275621006992e7
1.1364184099871881e7
1.1364078866009811e7
1.1363958701677749e7
1.1363822363289647e7
1.1363668585551722e7
1.1363496085515393e7
1.1363303566525748e7
1.1363089722047191e7
1.136285323935115e7
1.1362592803053798e7
1.1362307098494386e7
1.1361994814947233e7
1.1361654648662524e7
1.1361285305732926e7
1.1360885504784694e7
1.1360453979493357e7
1.1359989480925294e7
1.1359490779707555e7
1.1358956668029163e7
1.1358385961477853e7
1.1357777500716876e7
1.1357130153006885e7
1.1356442813578377e7
1.1355714406860456e7
1.1354943887571864e7
1.135413024168039e7
1.1353272487236835e7
1.1352369675089812e7
1.1351420889487479e7
1.1350425248572484e7
1.1349381904776102e7
1.1348290045117535e7
1.134714889141421e7
1.134595770040874e7
1.1344715763818003e7
1.1343422408309672e7
1.1342076995411359e7
1.1340678921357218e7
1.1339227616876781e7
1.1337722546930594e7
1.1336163210396862e7
1.133454913971332e7
1.1332879900478251e7
1.1331155091014264e7
1.1329374341898534e7
1.1327537315462673e7
1.132564370526552e7
1.1323693235541767e7
1.1321685660629246e7
1.1319620764377486e7
1.1317498359540064e7
1.1315318287153091e7
1.1313080415901871e7
1.131078464147801e7
1.1308430885928592e7
1.1306019096999448e7
1.1303549247473981e7
1.1301021334509153e7
1.1298435378970053e7
1.1295791424764352e7
1.1293089538177792e7
1.1290329807211952e7
1.1287512340925178e7
1.1284637268777696e7
1.1281704739981767e7
1.1278714922857637e7
1.1275668004195988e7
1.1272564188627591e7
1.1269403698000673e7
1.126618677076657e7
1.1262913661374114e7
1.1259584639673183e7
1.125619999032775e7
1.1252760012238787e7
1.1249265017977292e7
1.1245715333227677e7
1.1242111296241703e7
1.1238453257303162e7
1.1234741578203447e7
1.1230976631728036e7
1.12271588011541e7
1.1223288479759183e7
1.1219366070341019e7
1.1215391984748524e7
1.1211366643423902e7
1.1207290474955868e7
1.120316391564395e7
1.1198987409073764e7
1.1194761405703256e7
1.1190486362459723e7
1.1186162742347667e7
1.1181791014067182e7
1.1177371651642907e7
1.1172905134063357e7
1.1168391944930494e7
1.1163832572119396e7
1.1159227507447891e7
1.1154577246356005e7
1.1149882287595036e7
1.1145143132926116e7
1.1140360286828099e7
1.1135534256214606e7
1.113066555016001e7
1.1125754679634282e7
1.1120802157246439e7
1.1115808496996444e7
1.1110774214035416e7
1.1105699824433936e7
1.1100585844958272e7
1.1095432792854397e7
1.1090241185639549e7
1.108501154090124e7
1.1079744376103455e7
1.1074440208399994e7
1.1069099554454617e7
1.1063722930267997e7
1.1058310851011185e7
1.1052863830865484e7
1.1047382382868588e7
1.1041867018766763e7
1.1036318248872932e7
1.103073658193058e7
1.1025122524983201e7
1.1019476583249241e7
1.1013799260002347e7
1.1008091056456745e7
1.100235247165769e7
1.0996584002376754e7
1.0990786143011851e7
1.0984959385491915e7
1.0979104219185978e7
1.097322113081666e7
1.0967310604377821e7
1.0961373121056328e7
1.0955409159157777e7
1.0949419194036089e7
1.0943403698026793e7
1.0937363140383966e7
1.0931297987220649e7
1.0925208701452674e7
1.0919095742745792e7
1.0912959567465942e7
1.0906800628632667e7
1.0900619375875453e7
1.089441625539299e7
1.088819170991523e7
1.0881946178668119e7
1.0875680097340982e7
1.0869393898056386e7
1.086308800934247e7
1.0856762856107635e7
1.0850418859617498e7
1.0844056437474035e7
1.083767600359688e7
1.0831277968206635e7
1.0824862737810154e7
1.0818430715187758e7
1.0811982299382262e7
1.0805517885689782e7
1.0799037865652235e7
1.0792542627051488e7
1.0786032553905075e7
1.0779508026463449e7
1.0772969421208685e7
1.0766417110854601e7
1.0759851464348199e7
1.0753272846872438e7
1.0746681619850248e7
1.074007814094972e7
1.073346276409046e7
1.0726835839451054e7
1.0720197713477565e7
1.071354872889306e7
1.0706889224708099e7
1.0700219536232134e7
1.0693539995085845e7
1.068685092921426e7
1.068015266290073e7
1.0673445516781662e7
1.0666729807861976e7
1.06600058495313e7
1.065327395158079e7
1.0646534420220638e7
1.0639787558098122e7
1.0633033664316297e7
1.0626273034453195e7
1.178479965586523e7
1.1784796315331789e7
1.1784791394444017e7
1.1784784423495483e7
1.1784774863566514e7
1.1784762106703322e7
1.1784745476851609e7
1.1784724231453259e7
1.1784697563618274e7
1.1784664604788078e7
1.1784624427811386e7
1.1784576050359115e7
1.1784518438610269e7
1.1784450511146508e7
1.1784371142998874e7
1.1784279169795657e7
1.1784173391965881e7
1.1784052578958048e7
1.1783915473438822e7
1.178376079544087e7
1.1783587246433355e7
1.1783393513292715e7
1.1783178272154815e7
1.1782940192133028e7
1.1782677938889708e7
1.178239017805129e7
1.178207557845961e7
1.17817328152542e7
1.1781360572782231e7
1.1780957547334388e7
1.178052244970642e7
1.1780054007587392e7
1.1779550967776656e7
1.1779012098232573e7
1.1778436189956615e7
1.17778220587173e7
1.1777168546618756e7
1.1776474523519231e7
1.177573888830508e7
1.1774960570026128e7
1.177413852889831e7
1.17732717571797e7
1.1772359279926091e7
1.1771400155632213e7
1.1770393476764636e7
1.1769338370192517e7
1.1768233997521916e7
1.1767079555339625e7
1.176587427537203e7
1.1764617424564613e7
1.1763308305087246e7
1.1761946254270561e7
1.1760530644478213e7
1.1759060882919844e7
1.1757536411409266e7
1.1755956706072204e7
1.1754321277007787e7
1.1752629667907681e7
1.1750881455636676e7
1.1749076249778245e7
1.1747213692148527e7
1.174529345628184e7
1.1743315246890813e7
1.1741278799303968e7
1.1739183878883442e7
1.1737030280425351e7
1.1734817827545173e7
1.1732546372050399e7
1.1730215793302478e7
1.1727825997570045e7
1.1725376917375231e7
1.172286851083471e7
1.1720300760997128e7
1.1717673675178254e7
1.1714987284295365e7
1.1712241642201927e7
1.1709436825023897e7
1.1706572930498594e7
1.1703650077317141e7
1.1700668404471425e7
1.1697628070606295e7
1.1694529253377862e7
1.1691372148818463e7
1.1688156970708964e7
1.1684883949958961e7
1.168155333399535e7
1.1678165386159709e7
1.1674720385114903e7
1.1671218624261236e7
1.1667660411162484e7
1.1664046066982044e7
1.1660375925929429e7
1.1656650334717315e7
1.1652869652029268e7
1.1649034247998316e7
1.164514450369641e7
1.164120081063493e7
1.1637203570276164e7
1.1633153193555903e7
1.1629050100417081e7
1.1624894719354473e7
1.1620687486970413e7
1.1616428847541489e7
1.1612119252596138e7
1.1607759160503091e7
1.1603349036070522e7
1.159888935015589e7
1.1594380579286281e7
1.1589823205289165e7
1.1585217714933455e7
1.1580564599580696e7
1.157586435484628e7
1.157111748027052e7
1.1566324478999427e7
1.1561485857475048e7
1.1556602125135195e7
1.1551673794122413e7
1.1546701379001992e7
1.154168539648891e7
1.1536626365183473e7
1.1531524805315502e7
1.1526381238496955e7
1.1521196187482702e7
1.1515970175939362e7
1.1510703728222033e7
1.150539736915864e7
1.1500051623841893e7
1.1494667017428527e7
1.1489244074945752e7
1.1483783321104722e7
1.1478285280120805e7
1.1472750475540591e7
1.1467179430075364e7
1.146157266544095e7
1.145593070220375e7
1.1450254059632814e7
1.144454325555778e7
1.1438798806232544e7
1.1433021226204509e7
1.1427211028189255e7
1.1421368722950464e7
1.1415494819185032e7
1.1409589823413095e7
1.1403654239872994e7
1.1397688570420895e7
1.1391693314435013e7
1.1385668968724294e7
1.1379616027441405e7
1.137353498199994e7
1.1367426320995692e7
1.1361290530131862e7
1.1355128092148133e7
1.1348939486753449e7
1.1342725190562395e7
1.1336485677035084e7
1.1330221416420424e7
1.132393287570269e7
1.1317620518551221e7
1.131128480527328e7
1.1304926192769814e7
1.1298545134494156e7
1.1292142080413483e7
1.128571747697301e7
1.1279271767062765e7
1.1272805389986882e7
1.1266318781435402e7
1.125981237345835e7
1.125328659444213e7
1.1246741869088136e7
1.1240178618393462e7
1.123359725963366e7
1.1226998206347506e7
1.122038186832366e7
1.1213748651589142e7
1.1207098958399631e7
1.1200433187231446e7
1.1193751732775167e7
1.118705498593085e7
1.1180343333804822e7
1.1173617159707816e7
1.116687684315469e7
1.1160122759865347e7
1.1153355281767085e7
1.114657477699812e7
1.1139781609912362e7
1.1132976141085332e7
1.1126158727321189e7
1.111932972166083e7
1.111248947339101e7
1.1105638328054426e7
1.1098776627460761e7
1.109190470969862e7
1.1085022909148302e7
1.1078131556495415e7
1.1071230978745284e7
1.1064321499238068e7
1.105740343766462e7
1.1050477110083032e7
1.1043542828935798e7
1.1036600903067624e7
1.1029651637743812e7
1.2217228879220236e7
1.221722553278928e7
1.2217220602190321e7
1.2217213616009733e7
1.2217204033138728e7
1.22171912428878e7
1.2217174565857958e7
1.2217153255478557e7
1.2217126500124564e7
1.2217093425730363e7
1.2217053098821722e7
1.2217004529892815e7
1.2216946677060585e7
1.2216878449934274e7
1.22167987136436e7
1.2216706292974526e7
1.2216599976566935e7
1.221647852113365e7
1.2216340655665131e7
1.2216185085588785e7
1.2216010496856049e7
1.2215815559934365e7
1.2215598933684876e7
1.2215359269109866e7
1.2215095212957088e7
1.2214805411170691e7
1.2214488512181044e7
1.2214143170027766e7
1.2213768047312263e7
1.2213361817977726e7
1.2212923169915965e7
1.2212450807401806e7
1.221194345335681e7
1.2211399851444976e7
1.2210818768003946e7
1.2210198993815795e7
1.2209539345722137e7
1.2208838668088533e7
1.2208095834123705e7
1.220730974705919e7
1.2206479341195272e7
1.220560358281921e7
1.2204681471001746e7
1.2203712038277952e7
1.2202694351218445e7
1.2201627510896904e7
1.2200510653259825e7
1.2199342949404133e7
1.2198123605768418e7
1.2196851864243176e7
1.2195527002205353e7
1.2194148332482368e7
1.2192715203250503e7
1.2191226997872457e7
1.2189683134678608e7
1.2188083066696333e7
1.2186426281331608e7
1.2184712300006824e7
1.2182940677758655e7
1.2181111002799515e7
1.217922289604611e7
1.2177276010618236e7
1.2175270031310942e7
1.2173204674042935e7
1.217107968528394e7
1.2168894841463594e7
1.2166649948364262e7
1.2164344840500116e7
1.216197938048446e7
1.215955345838742e7
1.2157066991085809e7
1.2154519921606828e7
1.2151912218467344e7
1.2149243875010137e7
1.2146514908738535e7
1.2143725360650761e7
1.2140875294575138e7
1.2137964796507264e7
1.2134993973950181e7
1.213196295525846e7
1.2128871888987035e7
1.212572094324561e7
1.2122510305059288e7
1.2119240179736115e7
1.2115910790242108e7
1.2112522376584264e7
1.210907519520206e7
1.2105569518367844e7
1.210200563359648e7
1.2098383843064612e7
1.2094704463039774e7
1.2090967823319651e7
1.2087174266681664e7
1.2083324148343066e7
1.2079417835431721e7
1.2075455706467627e7
1.2071438150855318e7
1.2067365568387192e7
1.2063238368757823e7
1.2059056971089238e7
1.2054821803467182e7
1.2050533302488381e7
1.204619191281869e7
1.204179808676219e7
1.2037352283841016e7
1.2032854970385984e7
1.2028306619137853e7
1.2023707708859121e7
1.2019058723956265e7
1.2014360154112281e7
1.200961249392946e7
1.200481624258216e7
1.1999971903479528e7
1.1995079983938e7
1.1990140994863389e7
1.1985155450442467e7
1.1980123867843831e7
1.1975046766927931e7
1.196992466996607e7
1.196475810136823e7
1.1959547587419523e7
1.1954293656025147e7
1.1948996836463626e7
1.1943657659148218e7
1.1938276655396268e7
1.1932854357206356e7
1.1927391297043102e7
1.1921888007629395e7
1.1916345021745937e7
1.191076287203789e7
1.1905142090828503e7
1.18994832099395e7
1.1893786760518136e7
1.188805327287067e7
1.1882283276302192e7
1.1876477298962567e7
1.187063586769838e7
1.1864759507910741e7
1.1858848743418727e7
1.1852904096328445e7
1.1846926086907376e7
1.1840915233464086e7
1.1834872052232945e7
1.1828797057263864e7
1.1822690760316849e7
1.181655367076124e7
1.1810386295479525e7
1.1804189138775578e7
1.1797962702287199e7
1.1791707484902857e7
1.178542398268245e7
1.1779112688782051e7
1.1772774093382455e7
1.1766408683621425e7
1.1760016943529567e7
1.1753599353969643e7
1.1747156392579323e7
1.1740688533717182e7
1.1734196248411851e7
1.17276800043143e7
1.1721140265653051e7
1.1714577493192293e7
1.1707992144192785e7
1.1701384672375465e7
1.1694755527887665e7
1.1688105157271849e7
1.1681434003436802e7
1.1674742505631195e7
1.1668031099419376e7
1.1661300216659456e7
1.165455028548344e7
1.1647781730279446e7
1.1640994971675925e7
1.1634190426527776e7
1.162736850790432e7
1.1620529625079028e7
1.1613674183521008e7
1.160680258488812e7
1.1599915227021687e7
1.1593012503942749e7
1.1586094805849796e7
1.1579162519117923e7
1.157221602629934e7
1.156525570612522e7
1.1558281933508797e7
1.1551295079549683e7
1.1544295511539362e7
1.1537283592967784e7
1.153025968353106e7
1.152322413914017e7
1.151617731193066e7
1.15091195502733e7
1.1502051198785637e7
1.149497259834442e7
1.1487884086098861e7
1.1480785995484669e7
1.1473678656238869e7
1.1466562394415336e7
1.1459437532401003e7
1.1452304388932753e7
1.1445163279114913e7
1.266225966261237e7
1.2662256310363201e7
1.2662251370181873e7
1.2662244368968312e7
1.2662234763450421e7
1.2662221940234099e7
1.2662205216612352e7
1.2662183842044245e7
1.2662157000217484e7
1.2662123811612459e7
1.2662083336489936e7
1.2662034578229718e7
1.2661976486952882e7
1.2661907963365527e7
1.2661827862767637e7
1.2661734999175843e7
1.2661628149514383e7
1.2661506057833368e7
1.2661367439518526e7
1.266121098546094e7
1.2661035366159644e7
1.2660839235733837e7
1.2660621235825067e7
1.2660379999373091e7
1.2660114154252078e7
1.2659822326756515e7
1.2659503144928677e7
1.265915524172161e7
1.2658777257993542e7
1.2658367845331343e7
1.2657925668702047e7
1.2657449408932889e7
1.2656937765021276e7
1.2656389456277117e7
1.2655803224300783e7
1.265517783480053e7
1.2654512079253895e7
1.2653804776417926e7
1.2653054773693504e7
1.2652260948349299e7
1.2651422208611049e7
1.2650537494622037e7
1.264960577928068e7
1.2648626068961196e7
1.2647597404123334e7
1.2646518859816989e7
1.264538954608757e7
1.2644208608287862e7
1.264297522730193e7
1.2641688619686471e7
1.2640348037735077e7
1.2638952769470295e7
1.2637502138568604e7
1.2635995504223064e7
1.2634432260948075e7
1.263281183833081e7
1.2631133700733421e7
1.2629397346950043e7
1.2627602309822425e7
1.2625748155817851e7
1.2623834484572742e7
1.2621860928405257e7
1.2619827151800036e7
1.2617732850867877e7
1.2615577752783312e7
1.2613361615202487e7
1.2611084225663936e7
1.2608745400974533e7
1.2606344986582724e7
1.2603882855941147e7
1.2601358909860462e7
1.2598773075856218e7
1.259612530749041e7
1.25934155837092e7
1.25906439081783e7
1.2587810308617318e7
1.2584914836134305e7
1.2581957564561596e7
1.2578938589794075e7
1.2575858029130757e7
1.2572716020620564e7
1.256951272241322e7
1.2566248312115818e7
1.2562922986155927e7
1.2559536959151732e7
1.2556090463289768e7
1.2552583747710789e7
1.2549017077904217e7
1.254539073511152e7
1.2541705015738893e7
1.2537960230779616e7
1.2534156705246212e7
1.2530294777612828e7
1.2526374799267834e7
1.2522397133977007e7
1.2518362157357236e7
1.2514270256361028e7
1.251012182877179e7
1.2505917282709967e7
1.2501657036150098e7
1.2497341516448764e7
1.2492971159883482e7
1.2488546411202405e7
1.2484067723184967e7
1.247953555621322e7
1.247495037785398e7
1.2470312662451552e7
1.2465622890731053e7
1.2460881549412148e7
1.2456089130833153e7
1.2451246132585363e7
1.2446353057157451e7
1.2441410411589846e7
1.2436418707138937e7
1.2431378458950935e7
1.242629018574531e7
1.2421154409507532e7
1.2415971655191109e7
1.2410742450428637e7
1.2405467325251764e7
1.2400146811819887e7
1.2394781444157425e7
1.2389371757899486e7
1.238391829004577e7
1.2378421578722566e7
1.2372882162952589e7
1.2367300582432628e7
1.2361677377318677e7
1.2356013088018544e7
1.2350308254991619e7
1.2344563418555768e7
1.2338779118701069e7
1.2332955894910352e7
1.2327094285986261e7
1.2321194829884801e7
1.2315258063555062e7
1.230928452278511e7
1.230327474205384e7
1.2297229254388575e7
1.2291148591228364e7
1.228503328229276e7
1.2278883855455985e7
1.2272700836626278e7
1.2266484749630325e7
1.2260236116102675e7
1.2253955455379896e7
1.2247643284399433e7
1.2241300117603032e7
1.2234926466844495e7
1.2228522841301845e7
1.2222089747393532e7
1.2215627688698767e7
1.220913716588174e7
1.2202618676619688e7
1.2196072715534603e7
1.2189499774128579e7
1.218290034072262e7
1.2176274900398817e7
1.21696239349458e7
1.2162947922807362e7
1.215624733903416e7
1.2149522655238364e7
1.2142774339551223e7
1.2136002856583389e7
1.2129208667387974e7
1.2122392229426183e7
1.2115553996535497e7
1.2108694418900307e7
1.210181394302488e7
1.2094913011708654e7
1.2087992064023705e7
1.2081051535294356e7
1.2074091857078856e7
1.2067113457153054e7
1.206011675949596e7
1.2053102184277203e7
1.2046070147846248e7
1.2039021062723335e7
1.2031955337592103e7
1.2024873377293808e7
1.2017775582823059e7
1.2010662351325084e7
1.2003534076094378e7
1.199639114657478e7
1.1989233948360845e7
1.1982062863200475e7
1.1974878268998805e7
1.1967680539823277e7
1.1960470045909775e7
1.1953247153669942e7
1.1946012225699456e7
1.1938765620787356e7
1.1931507693926279e7
1.1924238796323683e7
1.1916959275413875e7
1.1909669474870907e7
1.190236973462231e7
1.1895060390863545e7
1.1887741776073204e7
1.188041421902893e7
1.187307804482398e7
1.3120165435018813e7
1.3120162077029182e7
1.3120157127391819e7
1.3120150111340621e7
1.3120140483465545e7
1.3120127627698565e7
1.3120110858060827e7
1.3120089420082802e7
1.3120062492812112e7
1.3120029191327615e7
1.3119988569682434e7
1.3119939624203851e7
1.3119881297082769e7
1.3119812480191058e7
1.3119732019070238e7
1.311963871704048e7
1.3119531339383839e7
1.3119408617560877e7
1.3119269253424402e7
1.3119111923398666e7
1.3118935282596422e7
1.3118737968850382e7
1.3118518606638897e7
1.3118275810889244e7
1.3118008190644808e7
1.311771435258505e7
1.3117392904389787e7
1.3117042457941368e7
1.3116661632360192e7
1.3116249056870988e7
1.3115803373498436e7
1.3115323239592273e7
1.3114807330183081e7
1.3114254340170829e7
1.3113662986349234e7
1.3113032009269563e7
1.3112360174948107e7
1.3111646276422085e7
1.311088913515897e7
1.3110087602324728e7
1.3109240559916453e7
1.310834692176517e7
1.3107405634414624e7
1.3106415677881962e7
1.3105376066306118e7
1.3104285848489812e7
1.3103144108340854e7
1.3101949965218492e7
1.3100702574190354e7
1.309940112620536e7
1.3098044848187966e7
1.3096633003058778e7
1.3095164889686566e7
1.3093639842776349e7
1.3092057232698256e7
1.309041646526147e7
1.3088716981437538e7
1.3086958257037083e7
1.30851398023437e7
1.3083261161708819e7
1.308132191311088e7
1.3079321667682296e7
1.3077260069207186e7
1.3075136793592937e7
1.3072951548318395e7
1.3070704071861314e7
1.3068394133107534e7
1.306602153074432e7
1.3063586092639953e7
1.3061087675211739e7
1.3058526162784323e7
1.3055901466940137e7
1.3053213525863627e7
1.3050462303680966e7
1.304764778979655e7
1.3044769998227773e7
1.3041828966939278e7
1.3038824757177899e7
1.3035757452809352e7
1.3032627159657655e7
1.3029434004848273e7
1.3026178136155723e7
1.3022859721356494e7
1.3019478947587991e7
1.3016036020714048e7
1.3012531164697716e7
1.3008964620981762e7
1.3005336647877418e7
1.3001647519961728e7
1.299789752748393e7
1.2994086975781208e7
1.299021618470404e7
1.2986285488051487e7
1.2982295233016567e7
1.2978245779641926e7
1.2974137500285994e7
1.2969970779099666e7
1.2965746011513699e7
1.2961463603736848e7
1.2957123972264789e7
1.2952727543399885e7
1.2948274752781767e7
1.2943766044928748e7
1.293920187279007e7
1.293458269730884e7
1.2929908986995734e7
1.2925181217513287e7
1.2920399871270768e7
1.2915565437029492e7
1.2910678409518488e7
1.290573928906043e7
1.2900748581207694e7
1.2895706796388406e7
1.2890614449562356e7
1.2885472059886672e7
1.2880280150391048e7
1.2875039247662446e7
1.286974988153907e7
1.2864412584813455e7
1.2859027892944591e7
1.2853596343778813e7
1.2848118477279369e7
1.2842594835264474e7
1.28370259611537e7
1.283141239972253e7
1.2825754696864909e7
1.2820053399363605e7
1.2814309054668296e7
1.2808522210681075e7
1.2802693415549388e7
1.2796823217466054e7
1.2790912164476356e7
1.2784960804291962e7
1.2778969684111547e7
1.2772939350447908e7
1.2766870348961506e7
1.2760763224300193e7
1.2754618519945e7
1.2748436778061863e7
1.274221853935909e7
1.2735964342950452e7
1.2729674726223769e7
1.2723350224714756e7
1.2716991371986141e7
1.2710598699511793e7
1.2704172736565733e7
1.2697714010115994e7
1.269122304472306e7
1.268470036244288e7
1.2678146482734239e7
1.267156192237041e7
1.2664947195354959e7
1.2658302812841592e7
1.265162928305787e7
1.2644927111232769e7
1.2638196799527906e7
1.2631438846972348e7
1.2624653749400886e7
1.2617841999395689e7
1.261100408623119e7
1.2604140495822188e7
1.259725171067497e7
1.2590338209841417e7
1.258340046887601e7
1.2576438959795592e7
1.2569454151041863e7
1.2562446507446438e7
1.2555416490198497e7
1.2548364556814823e7
1.2541291161112243e7
1.2534196753182346e7
1.2527081779368402e7
1.2519946682244433e7
1.2512791900596337e7
1.2505617869405014e7
1.2498425019831436e7
1.2491213779203497e7
1.2483984571004797e7
1.247673781486501e7
1.2469473926552009e7
1.2462193317965591e7
1.2454896397132725e7
1.2447583568204297e7
1.2440255231453331e7
1.2432911783274561e7
1.2425553616185335e7
1.2418181118827837e7
1.2410794675972492e7
1.2403394668522596e7
1.2395981473520093e7
1.2388555464152375e7
1.2381117009760244e7
1.2373666475846788e7
1.2366204224087264e7
1.2358730612339906e7
1.2351245994657613e7
1.2343750721300503e7
1.2336245138749253e7
1.2328729589719255e7
1.2321204413175464e7
1.231366994434802e7
1.3591223552281728e7
1.3591220188627861e7
1.359121522965839e7
1.3591208198961228e7
1.3591198549013354e7
1.3591185661103012e7
1.3591168846015118e7
1.3591147345392687e7
1.359112033368987e7
1.3591086920635825e7
1.359104615413287e7
1.3590997023517033e7
1.3590938463114284e7
1.3590869356030734e7
1.3590788538120467e7
1.359069480207983e7
1.3590586901622152e7
1.3590463555691743e7
1.359032345268063e7
1.3590165254616218e7
1.3589987601291873e7
1.3589789114316516e7
1.3589568401062885e7
1.3589324058497312e7
1.3589054676876847e7
1.3588758843302513e7
1.3588435145119531e7
1.3588082173157822e7
1.3587698524808036e7
1.358728280692986e7
1.3586833638591185e7
1.3586349653637758e7
1.3585829503094237e7
1.358527185739859e7
1.3584675408472499e7
1.3584038871631203e7
1.3583360987336893e7
1.358264052280006e7
1.358187627343378e7
1.3581067064166151e7
1.358021175061628e7
1.3579309220139472e7
1.357835839274736e7
1.3577358221908662e7
1.357630769523653e7
1.3575205835068045e7
1.3574051698941803e7
1.357284437997901e7
1.3571583007173818e7
1.3570266745598096e7
1.3568894796526121e7
1.3567466397484114e7
1.356598082222966e7
1.3564437380665775e7
1.3562835418694235e7
1.3561174318012547e7
1.3559453495858844e7
1.3557672404708754e7
1.3555830531928103e7
1.3553927399385162e7
1.3551962563025981e7
1.3549935612416113e7
1.3547846170251913e7
1.3545693891844455e7
1.3543478464578869e7
1.354119960735178e7
1.3538857069989473e7
1.3536450632649021e7
1.3533980105204757e7
1.353144532662214e7
1.3528846164320968e7
1.3526182513529873e7
1.352345429663374e7
1.3520661462515706e7
1.3517803985895282e7
1.3514881866663931e7
1.3511895129219426e7
1.3508843821800282e7
1.3505728015821222e7
1.3502547805210853e7
1.3499303305752434e7
1.349599465442863e7
1.3492622008771049e7
1.3489185546215314e7
1.3485685463462314e7
1.3482121975846292e7
1.3478495316710252e7
1.3474805736789254e7
1.3471053503602017e7
1.3467238900851203e7
1.346336222783282e7
1.3459423798854955e7
1.3455423942666186e7
1.345136300189388e7
1.3447241332492633e7
1.344305930320291e7
1.3438817295020174e7
1.3434515700674506e7
1.3430154924120856e7
1.3425735380039996e7
1.342125749335019e7
1.3416721698729621e7
1.3412128440149585e7
1.3407478170418419e7
1.3402771350736156e7
1.3398008450259842e7
1.339318994567946e7
1.3388316320804434e7
1.3383388066160528e7
1.3378405678597162e7
1.3373369660904996e7
1.336828052144362e7
1.3363138773779333e7
1.3357944936332801e7
1.3352699532036513e7
1.3347403088001868e7
1.3342056135195753e7
1.3336659208126515e7
1.333121284453909e7
1.3325717585119216e7
1.3320173973206522e7
1.331458255451639e7
1.3308943876870338e7
1.330325848993489e7
1.3297526944968635e7
1.329174979457744e7
1.3285927592477554e7
1.3280060893266479e7
1.3274150252201453e7
1.3268196224985404e7
1.326219936756012e7
1.3256160235906584e7
1.325007938585225e7
1.3243957372885114e7
1.323779475197442e7
1.3231592077397875e7
1.3225349902575158e7
1.3219068779907605e7
1.321274926062397e7
1.3206391894631986e7
1.3199997230375698e7
1.319356581469839e7
1.3187098192710882e7
1.3180594907665206e7
1.3174056500833409e7
1.3167483511391329e7
1.3160876476307355e7
1.3154235930235865e7
1.3147562405415302e7
1.3140856431570796e7
1.3134118535821104e7
1.3127349242589824e7
1.312054907352076e7
1.311371854739726e7
1.3106858180065496e7
1.3099968484361503e7
1.30930499700419e7
1.3086103143718183e7
1.3079128508794483e7
1.307212656540866e7
1.3065097810376704e7
1.3058042737140222e7
1.3050961835717073e7
1.3043855592654893e7
1.3036724490987537e7
1.3029569010194313e7
1.3022389626161879e7
1.3015186811148793e7
1.3007961033752557e7
1.3000712758879127e7
1.29934424477148e7
1.2986150557700358e7
1.2978837542507453e7
1.2971503852017136e7
1.296414993230043e7
1.295677622560093e7
1.2949383170319311e7
1.2941971200999714e7
1.2934540748317929e7
1.2927092239071313e7
1.2919626096170394e7
1.2912142738632062e7
1.2904642581574356e7
1.289712603621273e7
1.2889593509857778e7
1.2882045405914325e7
1.2874482123881914e7
1.2866904059356526e7
1.2859311604033576e7
1.2851705145712094e7
1.2844085068300076e7
1.2836451751820879e7
1.2828805572420763e7
1.2821146902377367e7
1.2813476110109227e7
1.2805793560186172e7
1.2798099613340685e7
1.2790394626480056e7
1.2782678952699395e7
1.2774952941295449e7
1.276721693778113e7
1.4075715325105324e7
1.407571195586199e7
1.4075706987681966e7
1.4075699942526938e7
1.4075690270785466e7
1.4075677351131791e7
1.4075660491149716e7
1.4075638928635404e7
1.4075611833495542e7
1.4075578310160894e7
1.4075537400439166e7
1.4075488086735914e7
1.4075429295576893e7
1.4075359901370546e7
1.4075278730354175e7
1.4075184564672798e7
1.407507614654442e7
1.4074952182470448e7
1.407481134745458e7
1.4074652289197862e7
1.4074473632241795e7
1.4074273982035168e7
1.4074051928903837e7
1.4073806051906025e7
1.40735349225586e7
1.4073237108422613e7
1.4072911176538594e7
1.407255569670476e7
1.407216924459263e7
1.407175040469685e7
1.4071297773117166e7
1.4070809960172094e7
1.4070285592844838e7
1.4069723317062994e7
1.4069121799814697e7
1.4068479731104236e7
1.4067795825751046e7
1.4067068825036377e7
1.4066297498202419e7
1.4065480643808808e7
1.4064617090952037e7
1.4063705700353025e7
1.4062745365318628e7
1.4061735012582717e7
1.4060673603032514e7
1.4059560132325962e7
1.4058393631405676e7
1.4057173166915204e7
1.4055897841522966e7
1.4054566794159329e7
1.405317920017202e7
1.405173427140501e7
1.4050231256205775e7
1.4048669439365745e7
1.4047048141998542e7
1.4045366721360452e7
1.404362457061736e7
1.4041821118562263e7
1.4039955829287253e7
1.4038028201813668e7
1.4036037769684024e7
1.4033984100519039e7
1.403186679554299e7
1.402968548908045e7
1.402743984802727e7
1.4025129571298584e7
1.4022754389256284e7
1.4020314063118534e7
1.4017808384353574e7
1.4015237174059879e7
1.401260028233477e7
1.4009897587633371e7
1.4007128996119656e7
1.4004294441011198e7
1.4001393881919304e7
1.39984273041858e7
1.3995394718217954e7
1.399229615882269e7
1.3989131684541274e7
1.3985901376985576e7
1.3982605340176838e7
1.39792436998879e7
1.3975816602989653e7
1.3972324216802599e7
1.3968766728454147e7
1.3965144344242208e7
1.3961457289005902e7
1.3957705805503588e7
1.3953890153798997e7
1.3950010610655688e7
1.3946067468940279e7
1.3942061037034819e7
1.3937991638258526e7
1.3933859610299224e7
1.392966530465468e7
1.3925409086083977e7
1.39210913320692e7
1.3916712432287456e7
1.3912272788093384e7
1.3907772812012276e7
1.3903212927243762e7
1.3898593567176204e7
1.3893915174911778e7
1.38891782028022e7
1.3884383111995142e7
1.3879530371991288e7
1.3874620460211959e7
1.3869653861577263e7
1.3864631068094715e7
1.3859552578458207e7
1.3854418897657255e7
1.3849230536596427e7
1.3843988011724856e7
1.383869184467565e7
1.3833342561915165e7
1.3827940694401925e7
1.3822486777255172e7
1.3816981349432724e7
1.381142495341821e7
1.3805818134917349e7
1.3800161442563226e7
1.3794455427630393e7
1.3788700643757626e7
1.3782897646679174e7
1.3777046993964355e7
1.3771149244765354e7
1.3765204959573025e7
1.3759214699980553e7
1.3753179028454842e7
1.374709850811542e7
1.3740973702520724e7
1.373480517546164e7
1.3728593490762033e7
1.3722339212086268e7
1.3716042902753403e7
1.3709705125558013e7
1.3703326442597441e7
1.3696907415105332e7
1.3690448603291275e7
1.3683950566186469e7
1.3677413861495202e7
1.367083904545203e7
1.3664226672684487e7
1.3657577296081208e7
1.3650891466665318e7
1.3644169733472979e7
1.3637412643436857e7
1.3630620741274549e7
1.362379456938166e7
1.3616934667729532e7
1.361004157376743e7
1.3603115822329076e7
1.3596157945543462e7
1.3589168472749721e7
1.3582147930416021e7
1.3575096842062369e7
1.3568015728187157e7
1.3560905106197363e7
1.355376549034237e7
1.3546597391651168e7
1.3539401317872949e7
1.3532177773420941e7
1.3524927259319397e7
1.351765027315364e7
1.3510347309023071e7
1.350301885749707e7
1.3495665405573621e7
1.348828743664073e7
1.3480885430440366e7
1.3473459863034965e7
1.3466011206776405e7
1.345853993027731e7
1.3451046498384675e7
1.3443531372155689e7
1.3435995008835716e7
1.3428437861838348e7
1.3420860380727451e7
1.341326301120115e7
1.3405646195077714e7
1.3398010370283168e7
1.3390355970840756e7
1.3382683426861987e7
1.3374993164539376e7
1.3367285606140712e7
1.3359561170004833e7
1.3351820270538894e7
1.3344063318216981e7
1.3336290719580129e7
1.3328502877237601e7
1.3320700189869441e7
1.3312883052230222e7
1.3305051855153933e7
1.3297206985560037e7
1.3289348826460514e7
1.328147775696802e7
1.3273594152304934e7
1.3265698383813467e7
1.325779081896657e7
1.324987182137977e7
1.324194175082384e7
1.3234000963238226e7
1.4573926047052816e7
1.4573922672293328e7
1.4573917695022019e7
1.4573910635593733e7
1.4573900942332786e7
1.4573887991328698e7
1.4573871086998783e7
1.4573849463332385e7
1.45738222857342e7
1.4573788653387286e7
1.45737476020604e7
1.4573698107288823e7
1.4573639087862367e7
1.4573569409559423e7
1.4573487889070883e7
1.4573393298062678e7
1.4573284367330803e7
1.4573159791007243e7
1.4573018230780015e7
1.4572858320094746e7
1.4572678668309264e7
1.4572477864776693e7
1.457225448283583e7
1.4572007083691007e7
1.4571734220166577e7
1.4571434440323837e7
1.4571106290930692e7
1.457074832077659e7
1.4570359083827132e7
1.4569937142214619e7
1.456948106906233e7
1.4568989451141573e7
1.456846089136192e7
1.4567894011095908e7
1.456728745234044e7
1.4566639879717885e7
1.456594998232044e7
1.4565216475401908e7
1.456443810192149e7
1.4563613633944364e7
1.456274187390438e7
1.4561821655734103e7
1.4560851845867781e7
1.4559831344122775e7
1.4558759084465165e7
1.455763403566503e7
1.4556455201847164e7
1.4555221622942643e7
1.4553932375046754e7
1.4552586570688628e7
1.4551183359017776e7
1.4549721925912686e7
1.4548201494016295e7
1.4546621322703283e7
1.4544980707983628e7
1.4543278982347006e7
1.4541515514552264e7
1.4539689709366001e7
1.4537801007254342e7
1.4535848884031447e7
1.4533832850468535e7
1.4531752451866709e7
1.4529607267596835e7
1.4527396910609603e7
1.4525121026918672e7
1.45227792950596e7
1.4520371425527278e7
1.4517897160194226e7
1.4515356271712152e7
1.4512748562898947e7
1.45100738661131e7
1.4507332042617593e7
1.4504522981934968e7
1.4501646601195328e7
1.449870284447883e7
1.4495691682154153e7
1.4492613110214297e7
1.4489467149611054e7
1.4486253845589262e7
1.4482973267021991e7
1.447962550574769e7
1.447621067591019e7
1.4472728913302474e7
1.4469180374715e7
1.4465565237289289e7
1.4461883697877465e7
1.4458135972408362e7
1.4454322295260739e7
1.4450442918644069e7
1.444649811198746e7
1.444248816133698e7
1.443841336876183e7
1.4434274051769676e7
1.4430070542731397e7
1.4425803188315507e7
1.4421472348932464e7
1.4417078398189055e7
1.4412621722352995e7
1.4408102719827842e7
1.4403521800638419e7
1.4398879385926649e7
1.439417590745805e7
1.4389411807138778e7
1.4384587536543278e7
1.4379703556452593e7
1.437476033640318e7
1.4369758354246324e7
1.4364698095718073e7
1.4359580054019544e7
1.435440472940766e7
1.4349172628796104e7
1.4343884265366545e7
1.4338540158189842e7
1.4333140831857314e7
1.4327686816121798e7
1.4322178645548515e7
1.431661685917543e7
1.4311002000183199e7
1.4305334615574345e7
1.4299615255861694e7
1.429384447476579e7
1.4288022828921258e7
1.4282150877591847e7
1.4276229182394102e7
1.4270258307029434e7
1.4264238817024482e7
1.4258171279479587e7
1.4252056262825195e7
1.4245894336586092e7
1.423968607115324e7
1.4233432037563154e7
1.4227132807284517e7
1.4220788952012002e7
1.4214401043467114e7
1.4207969653205853e7
1.4201495352433102e7
1.4194978711823499e7
1.4188420301348766e7
1.4181820690111257e7
1.4175180446183551e7
1.416850013645406e7
1.4161780326478384e7
1.415502158033633e7
1.4148224460494457e7
1.4141389527673988e7
1.4134517340723937e7
1.4127608456499383e7
1.412066342974466e7
1.4113682812981425e7
1.4106667156401405e7
1.409961700776374e7
1.4092532912296787e7
1.408541541260426e7
1.4078265048575563e7
1.4071082357300265e7
1.4063867872986522e7
1.4056622126883378e7
1.4049345647206869e7
1.4042038959069716e7
1.4034702584414592e7
1.4027337041950881e7
1.4019942847094702e7
1.4012520511912221e7
1.4005070545066116e7
1.3997593451765075e7
1.3990089733716268e7
1.3982559889080675e7
1.3975004412431208e7
1.3967423794713536e7
1.3959818523209488e7
1.3952189081503032e7
1.3944535949448666e7
1.393685960314219e7
1.3929160514893785e7
1.3921439153203279e7
1.3913695982737623e7
1.390593146431036e7
1.3898146054863183e7
1.3890340207449362e7
1.3882514371219112e7
1.3874668991406716e7
1.386680450931943e7
1.3858921362328067e7
1.3851019983859234e7
1.3843100803389061e7
1.3835164246438574e7
1.3827210734570408e7
1.3819240685387017e7
1.3811254512530187e7
1.3803252625681879e7
1.3795235430566344e7
1.3787203328953424e7
1.3779156718663037e7
1.377109599357077e7
1.3763021543614574e7
1.375493375480246e7
1.374683300922123e7
1.3738719685046127e7
1.3730594156551432e7
1.3722456794121897e7
1.371430796426509e7
1.5086145022543559e7
1.5086141642339833e7
1.5086136656094272e7
1.5086129582573935e7
1.5086119868062675e7
1.5086106886094151e7
1.5086089937953288e7
1.5086068253862156e7
1.508604099476833e7
1.5086007254657278e7
1.508596606331392e7
1.5085916389462922e7
1.5085857144221867e7
1.5085787184806354e7
1.5085705318430843e7
1.5085610306354217e7
1.5085500868023662e7
1.5085375685275245e7
1.5085233406554217e7
1.5085072651122073e7
1.5084892013221774e7
1.5084690066176077e7
1.5084465366397567e7
1.5084216457292145e7
1.50839418730408e7
1.50836401422471e7
1.508330979144029e7
1.5082949348426243e7
1.5082557345480287e7
1.5082132322377823e7
1.5081672829260219e7
1.5081177429334722e7
1.5080644701408502e7
1.5080073242257848e7
1.5079461668834502e7
1.5078808620311866e7
1.5078112759974489e7
1.5077372776954751e7
1.5076587387821127e7
1.5075755338022782e7
1.5074875403195499e7
1.5073946390334185e7
1.507296713883734e7
1.5071936521428963e7
1.5070853444963533e7
1.5069716851119444e7
1.5068525716986613e7
1.5067279055553682e7
1.5065975916100165e7
1.5064615384498967e7
1.5063196583434418e7
1.5061718672540877e7
1.5060180848466888e7
1.5058582344869621e7
1.5056922432344237e7
1.5055200418292629e7
1.5053415646735853e7
1.5051567498074291e7
1.50496553887996e7
1.5047678771162149e7
1.504563713279753e7
1.5043529996315692e7
1.504135691885583e7
1.5039117491610259e7
1.5036811339320147e7
1.5034438119745964e7
1.503199752311521e7
1.502948927155006e7
1.5026913118477128e7
1.5024268848021723e7
1.5021556274388557e7
1.5018775241231e7
1.5015925621010635e7
1.501300731434889e7
1.501002024937236e7
1.5006964381053302e7
1.500383969054681e7
1.5000646184525821e7
1.4997383894515365e7
1.499405287622707e7
1.499065320889497e7
1.4987184994613715e7
1.498364835767992e7
1.4980043443937581e7
1.4976370420128306e7
1.4972629473247051e7
1.4968820809903966e7
1.4964944655692972e7
1.4961001254567597e7
1.495699086822451e7
1.4952913775495209e7
1.4948770271746254e7
1.494456066828837e7
1.4940285291794728e7
1.4935944483728653e7
1.4931538599781044e7
1.4927068009317648e7
1.4922533094836382e7
1.4917934251434827e7
1.4913271886288054e7
1.4908546418136815e7
1.49037582767862e7
1.4898907902614798e7
1.4893995746094376e7
1.4889022267320132e7
1.4883987935551427e7
1.4878893228763072e7
1.4873738633207034e7
1.486852464298462e7
1.4863251759628925e7
1.4857920491697665e7
1.4852531354376096e7
1.4847084869090118e7
1.4841581563129298e7
1.4836021969279854e7
1.4830406625467343e7
1.482473607440903e7
1.4819010863275755e7
1.481323154336319e7
1.4807398669772359e7
1.4801512801099211e7
1.4795574499133203e7
1.4789584328564674e7
1.4783542856700862e7
1.4777450653190456e7
1.4771308289756497e7
1.4765116339937458e7
1.4758875378836388e7
1.4752585982877955e7
1.474624872957318e7
1.4739864197291788e7
1.4733432965041954e7
1.4726955612257311e7
1.4720432718591068e7
1.4713864863717103e7
1.4707252627137788e7
1.470059658799856e7
1.4693897324908862e7
1.4687155415769558e7
1.468037143760644e7
1.4673545966409845e7
1.4666679576980123e7
1.4659772842778945e7
1.4652826335786134e7
1.464584062636204e7
1.4638816283115244e7
1.4631753872775441e7
1.4624653960071445e7
1.4617517107614076e7
1.4610343875783902e7
1.4603134822623653e7
1.4595890503735198e7
1.4588611472180929e7
1.4581298278389536e7
1.4573951470065897e7
1.4566571592105096e7
1.4559159186510427e7
1.4551714792315194e7
1.4544238945508344e7
1.4536732178963676e7
1.4529195022372602e7
1.4521628002180379e7
1.451403164152565e7
1.4506406460183205e7
1.4498752974509913e7
1.4491071697393702e7
1.448336313820547e7
1.4475627802753896e7
1.4467866193243014e7
1.4460078808232445e7
1.4452266142600335e7
1.4444428687508726e7
1.4436566930371402e7
1.4428681354824157e7
1.4420772440697296e7
1.4412840663990377e7
1.440488649684913e7
1.4396910407544443e7
1.4388912860453302e7
1.4380894316041796e7
1.437285523084988e7
1.4364796057478044e7
1.4356717244575653e7
1.4348619236831097e7
1.4340502474963447e7
1.4332367395715786e7
1.4324214431850022e7
1.4316044012143176e7
1.4307856561385093e7
1.4299652500377515e7
1.4291432245934471e7
1.4283196210883934e7
1.4274944804070698e7
1.4266678430360433e7
1.4258397490644867e7
1.425010238184806e7
1.4241793496933715e7
1.4233471224913497e7
1.422513595085632e7
1.421678805589856e7
1.4208427917255145e7
1.5612665594850117e7
1.5612662209272703e7
1.5612657214167714e7
1.5612650126733197e7
1.5612640391235963e7
1.5612627378682183e7
1.5612610387258051e7
1.5612588643457327e7
1.5612561303814821e7
1.561252745716796e7
1.5612486127372336e7
1.5612436276401129e7
1.561237680776294e7
1.5612306570177335e7
1.5612224361452006e7
1.561212893251058e7
1.5612018991524484e7
1.5611893208107425e7
1.5611750217534937e7
1.561158862495608e7
1.5611407009568293e7
1.5611203928730018e7
1.5610977921989454e7
1.561072751501074e7
1.5610451223382112e7
1.5610147556293065e7
1.560981502007008e7
1.5609452121562798e7
1.5609057371374305e7
1.5608629286931146e7
1.5608166395390194e7
1.5607667236380836e7
1.5607130364582334e7
1.560655435213704e7
1.5605937790901244e7
1.5605279294536188e7
1.560457750044237e7
1.560383107154089e7
1.5603038697906086e7
1.5602199098253962e7
1.5601311021291291e7
1.5600373246930636e7
1.5599384587376265e7
1.5598343888086721e7
1.5597250028619189e7
1.5596101923361313e7
1.5594898522155918e7
1.5593638810823997e7
1.5592321811591435e7
1.5590946583424695e7
1.5589512222280592e7
1.5588017861275358e7
1.5586462670777794e7
1.5584845858431267e7
1.558316666910927e7
1.558142438480896e7
1.5579618324486952e7
1.5577747843841543e7
1.557581233504527e7
1.5573811226431692e7
1.557174398213996e7
1.556961010172065e7
1.556740911970616e7
1.5565140605148863e7
1.556280416112995e7
1.5560399424241787e7
1.5557926064046493e7
1.5555383782513328e7
1.55527723134372e7
1.5550091421840541e7
1.5547340903360879e7
1.5544520583625786e7
1.554163031761742e7
1.5538669989028187e7
1.5535639509609323e7
1.5532538818513852e7
1.5529367881635431e7
1.552612669094444e7
1.5522815263822474e7
1.5519433642396566e7
1.5515981892874083e7
1.5512460104879387e7
1.5508868390793134e7
1.5505206885095166e7
1.5501475743711611e7
1.549767514336716e7
1.549380528094291e7
1.5489866372840649e7
1.5485858654353896e7
1.5481782379046392e7
1.5477637818138395e7
1.5473425259901136e7
1.5469145009059973e7
1.5464797386206381e7
1.5460382727219203e7
1.5455901382695286e7
1.5451353717389897e7
1.5446740109666884e7
1.5442060950958949e7
1.5437316645238023e7
1.5432507608495917e7
1.542763426823531e7
1.5422697062971134e7
1.5417696441742392e7
1.5412632863634475e7
1.5407506797311893e7
1.5402318720561493e7
1.5397069119846106e7
1.5391758489868565e7
1.5386387333146049e7
1.5380956159594718e7
1.5375465486124529e7
1.536991583624413e7
1.536430773967582e7
1.5358641731980346e7
1.5352918354191583e7
1.5347138152460799e7
1.5341301677710563e7
1.5335409485298023e7
1.532946213468753e7
1.5323460189132389e7
1.531740421536564e7
1.5311294783299748e7
1.530513246573495e7
1.5298917838076277e7
1.5292651478058955e7
1.5286333965482105e7
1.527996588195056e7
1.5273547810624659e7
1.5267080335977893e7
1.5260564043562187e7
1.5253999519780684e7
1.524738735166793e7
1.524072812667723e7
1.5234022432475053e7
1.5227270856742363e7
1.5220473986982666e7
1.5213632410336673e7
1.5206746713403413e7
1.5199817482067602e7
1.5192845301333234e7
1.5185830755163131e7
1.5178774426324356e7
1.5171676896239381e7
1.516453874484281e7
1.5157360550443549e7
1.5150142889592314e7
1.514288633695428e7
1.5135591465186793e7
1.5128258844821984e7
1.5120889044154188e7
1.5113482629132025e7
1.510604016325498e7
1.5098562207474457e7
1.5091049320099102e7
1.508350205670429e7
1.5075920970045732e7
1.5068306609976979e7
1.5060659523370802e7
1.5052980254044345e7
1.5045269342687793e7
1.5037527326796724e7
1.502975474060777e7
1.5021952115037652e7
1.501411997762545e7
1.5006258852477979e7
1.499836926021825e7
1.4990451717936873e7
1.4982506739146268e7
1.4974534833737744e7
1.4966536507941198e7
1.4958512264287466e7
1.4950462601573182e7
1.4942388014828088e7
1.4934288995284742e7
1.4926166030350465e7
1.4918019603581607e7
1.4909850194659865e7
1.4901658279370753e7
1.4893444329584057e7
1.488520881323627e7
1.4876952194314856e7
1.4868674932844386e7
1.4860377484874442e7
1.485206030246915e7
1.4843723833698435e7
1.4835368522630835e7
1.4826994809327822e7
1.481860312983963e7
1.4810193916202476e7
1.4801767596437218e7
1.4793324594549239e7
1.4784865330529697e7
1.4776390220357975e7
1.4767899676005263e7
1.4759394105439367e7
1.4750873912630549e7
1.474233949755845e7
1.4733791256220011e7
1.4725229580638368e7
1.4716654858872721e7
1.615378517409518e7
1.6153781783213291e7
1.6153776779361583e7
1.615376967818752e7
1.6153759921963897e7
1.6153746879197404e7
1.6153729845008645e7
1.6153708042201545e7
1.6153680622941907e7
1.615364667096813e7
1.6153605204260424e7
1.6153555178099051e7
1.6153495488446375e7
1.6153424975592261e7
1.6153342428006928e7
1.6153246586350208e7
1.6153136147590764e7
1.6153009769193448e7
1.6152866073337302e7
1.6152703651130961e7
1.6152521066796187e7
1.6152316861793905e7
1.6152089558870662e7
1.615183766600666e7
1.6151559680249365e7
1.6151254091419462e7
1.6150919385678422e7
1.615055404894906e7
1.615015657018257e7
1.6149725444467213e7
1.6149259175975554e7
1.6148756280748326e7
1.6148215289314568e7
1.6147634749148373e7
1.61470132269639e7
1.6146349310850792e7
1.6145641612253007e7
1.6144888767794631e7
1.6144089440956643e7
1.6143242323609047e7
1.6142346137403194e7
1.6141399635029083e7
1.614040160134295e7
1.6139350854370397e7
1.6138246246190375e7
1.6137086663705498e7
1.6135871029303983e7
1.6134598301418789e7
1.6133267474989047e7
1.613187758182922e7
1.613042769091101e7
1.612891690856312e7
1.612734437859378e7
1.6125709282340713e7
1.6124010838653255e7
1.6122248303811118e7
1.6120420971383974e7
1.6118528172036106e7
1.611656927328014e7
1.6114543679183554e7
1.6112450830031743e7
1.6110290201951068e7
1.610806130649522e7
1.6105763690198097e7
1.610339693409622e7
1.6100960653223496e7
1.6098454496081103e7
1.6095878144085083e7
1.6093231310994009e7
1.6090513742319046e7
1.6087725214718657e7
1.6084865535379881e7
1.6081934541388147e7
1.607893209908748e7
1.6075858103432704e7
1.6072712477335276e7
1.60694951710043e7
1.6066206161283903e7
1.6062845450988524e7
1.6059413068237139e7
1.6055909065787595e7
1.6052333520372102e7
1.604868653203485e7
1.604496822347258e7
1.6041178739379022e7
1.6037318245793886e7
1.6033386929457106e7
1.6029384997168995e7
1.6025312675156875e7
1.6021170208448714e7
1.6016957860254254e7
1.6012675911354018e7
1.6008324659496663e7
1.6003904418804921e7
1.5999415519190557e7
1.5994858305778518e7
1.5990233138340555e7
1.5985540390738487e7
1.5980780450377364e7
1.597595371766856e7
1.5971060605503038e7
1.5966101538734788e7
1.596107695367459e7
1.5955987297594057e7
1.5950833028240144e7
1.594561461335998e7
1.5940332530236129e7
1.593498726523218e7
1.5929579313348789e7
1.5924109177789904e7
1.591857736953933e7
1.5912984406947413e7
1.5907330815327898e7
1.5901617126564706e7
1.5895843878728759e7
1.5890011615704512e7
1.5884120886826273e7
1.5878172246524084e7
1.587216625397909e7
1.5866103472788237e7
1.58599844706382e7
1.5853809818988409e7
1.5847580092762973e7
1.5841295870051414e7
1.583495773181814e7
1.5828566261620257e7
1.5822122045333937e7
1.5815625670888824e7
1.580907772801065e7
1.5802478807971613e7
1.5795829503348675e7
1.5789130407789283e7
1.5782382115784694e7
1.5775585222450525e7
1.5768740323314462e7
1.5761848014110954e7
1.5754908890582804e7
1.574792354828938e7
1.5740892582421426e7
1.5733816587622259e7
1.5726696157815227e7
1.571953188603727e7
1.5712324364278428e7
1.5705074183327235e7
1.5697781932621703e7
1.5690448200105991e7
1.568307357209232e7
1.5675658633128323e7
1.566820396586943e7
1.5660710150956325e7
1.5653177766897285e7
1.5645607389955271e7
1.5637999594039641e7
1.563035495060243e7
1.562267402853899e7
1.5614957394092906e7
1.5607205610765096e7
1.559941923922695e7
1.5591598837237436e7
1.558374495956399e7
1.5575858157907164e7
1.5567938980828919e7
1.555998797368436e7
1.5552005678556971e7
1.5543992634197123e7
1.5535949375963826e7
1.5527876435769591e7
1.551977434202835e7
1.551164361960633e7
1.5503484789775755e7
1.5495298370171353e7
1.5487084874749545e7
1.5478844813750241e7
1.5470578693661174e7
1.5462287017184649e7
1.5453970283206727e7
1.544562898676865e7
1.5437263619040536e7
1.5428874667297205e7
1.5420462614896096e7
1.5412027941257203e7
1.5403571121844985e7
1.5395092628152138e7
1.5386592927685194e7
1.5378072483951911e7
1.5369531756450359e7
1.5360971200659614e7
1.5352391268032132e7
1.5343792405987576e7
1.5335175057908159e7
1.5326539663135422e7
1.5317886656968411e7
1.5309216470663125e7
1.5300529531433314e7
1.5291826262452489e7
1.5283107082857097e7
1.5274372407750893e7
1.5265622648210378e7
1.5256858211291313e7
1.5248079500036255e7
1.523928691348308e7
1.6709805265248757e7
1.670980186913031e7
1.6709796856642492e7
1.6709789741900343e7
1.6709779965205316e7
1.6709766892592154e7
1.6709749816148568e7
1.6709727955026597e7
1.6709700457066294e7
1.6709666400955433e7
1.6709624798852239e7
1.6709574599402092e7
1.6709514691083327e7
1.6709443905822016e7
1.6709361022819785e7
1.670926477254393e7
1.6709153840833105e7
1.6709026873076804e7
1.6708882478430917e7
1.6708719234035976e7
1.6708535689208394e7
1.6708330369579002e7
1.6708101781156352e7
1.6707848414295621e7
1.670756874755679e7
1.670726125143857e7
1.6706924391976923e7
1.670655663419927e7
1.6706156445427503e7
1.6705722298424656e7
1.6705252674381841e7
1.6704746065743254e7
1.6704200978868488e7
1.6703615936532427e7
1.6702989480263907e7
1.6702320172525223e7
1.6701606598735172e7
1.6700847369139066e7
1.6700041120529462e7
1.6699186517821867e7
1.669828225549008e7
1.6697327058865864e7
1.669631968530815e7
1.6695258925246786e7
1.6694143603106208e7
1.6692972578114385e7
1.6691744745002218e7
1.6690459034598924e7
1.6689114414328493e7
1.668770988861256e7
1.6686244499184724e7
1.6684717325321384e7
1.6683127483993903e7
1.6681474129946977e7
1.6679756455707682e7
1.6677973691529822e7
1.6676125105277736e7
1.6674210002253862e7
1.6672227724973971e7
1.667017765289392e7
1.666805920209165e7
1.6665871824907895e7
1.6663615009548973e7
1.6661288279654851e7
1.6658891193835607e7
1.6656423345179059e7
1.6653884360732395e7
1.6651273900960464e7
1.6648591659183007e7
1.6645837360993426e7
1.6643010763661008e7
1.6640111655518968e7
1.663713985534003e7
1.6634095211701527e7
1.66309776023417e7
1.6627786933508791e7
1.6624523139304578e7
1.6621186181023542e7
1.6617776046489201e7
1.6614292749388801e7
1.661073632860741e7
1.6607106847562611e7
1.6603404393540706e7
1.659962907703542e7
1.659578103108987e7
1.659186041064265e7
1.6587867391878717e7
1.658380217158578e7
1.6579664966516692e7
1.6575456012758594e7
1.6571175565109046e7
1.6566823896459859e7
1.6562401297188878e7
1.6557908074560115e7
1.6553344552132603e7
1.654871106917821e7
1.6544007980108742e7
1.6539235653912421e7
1.653439447360012e7
1.6529484835661385e7
1.6524507149530392e7
1.6519461837062025e7
1.65143493320181e7
1.650917007956383e7
1.6503924535774566e7
1.6498613167152856e7
1.6493236450155854e7
1.6487794870733012e7
1.6482288923874088e7
1.6476719113167442e7
1.6471085950368518e7
1.6465389954978552e7
1.6459631653833313e7
1.6453811580701908e7
1.6447930275895517e7
1.644198828588593e7
1.6435986162933905e7
1.6429924464727022e7
1.6423803754027171e7
1.6417624598327395e7
1.6411387569517924e7
1.6405093243561465e7
1.6398742200177405e7
1.6392335022534896e7
1.6385872296954688e7
1.6379354612619523e7
1.6372782561292943e7
1.6366156737046428e7
1.6359477735994665e7
1.635274615603878e7
1.6345962596617442e7
1.6339127658465665e7
1.6332241943381093e7
1.6325306053997787e7
1.6318320593567118e7
1.6311286165745873e7
1.630420337439123e7
1.629707282336254e7
1.6289895116329776e7
1.628267085658846e7
1.6275400646880955e7
1.6268085089223966e7
1.6260724784742117e7
1.6253320333507443e7
1.6245872334384657e7
1.6238381384882124e7
1.6230848081008252e7
1.6223273017133385e7
1.6215656785856817e7
1.6207999977879034e7
1.6200303181878876e7
1.6192566984395571e7
1.6184791969715543e7
1.6176978719763804e7
1.6169127813999824e7
1.616123982931783e7
1.6153315339951333e7
1.6145354917381823e7
1.6137359130251462e7
1.6129328544279736e7
1.6121263722183924e7
1.6113165223603293e7
1.610503360502683e7
1.6096869419724584e7
1.6088673217682356e7
1.6080445545539714e7
1.6072186946531225e7
1.6063897960430814e7
1.6055579123499151e7
1.6047230968434006e7
1.6038854024323411e7
1.6030448816601653e7
1.6022015867007902e7
1.60135556935475e7
1.6005068810455732e7
1.599655572816407e7
1.5988016953268796e7
1.5979452988501912e7
1.597086433270428e7
1.5962251480800943e7
1.5953614923778523e7
1.5944955148664607e7
1.5936272638509143e7
1.5927567872367729e7
1.5918841325286677e7
1.5910093468289897e7
1.5901324768367494e7
1.5892535688465986e7
1.5883726687480155e7
1.5874898220246416e7
1.5866050737537693e7
1.5857184686059745e7
1.5848300508448824e7
1.5839398643270735e7
1.5830479525021186e7
1.5821543584127303e7
1.5812591246950459e7
1.5803622935790174e7
1.5794639068889156e7
1.5785640060439419e7
1.5776626320589416e7
1.728103149612513e7
1.7281028094836764e7
1.7281023073821414e7
1.7281015945679538e7
1.7281006148763563e7
1.7280993046663433e7
1.728097592846619e7
1.7280954009709407e7
1.7280926433950093e7
1.7280892274873275e7
1.728085053886803e7
1.7280800168002337e7
1.7280740043332227e7
1.7280668988485362e7
1.7280585773463327e7
1.7280489118611824e7
1.7280377698712066e7
1.7280250147151645e7
1.7280105060136765e7
1.727994100091236e7
1.7279756503960304e7
1.7279550079149418e7
1.7279320215814706e7
1.7279065386746265e7
1.727878405207116e7
1.7278474663014445e7
1.7278135665527802e7
1.727776550377663e7
1.727736262347824e7
1.7276925475085925e7
1.7276452516814817e7
1.7275942217507515e7
1.7275393059338026e7
1.727480354035427e7
1.7274172176860012e7
1.7273497505638074e7
1.727277808601724e7
1.727201250178626e7
1.7271199362958264e7
1.7270337307389945e7
1.7269425002259776e7
1.726846114541007e7
1.7267444466557622e7
1.72663737283783e7
1.7265247727470394e7
1.7264065295202304e7
1.726282529844955e7
1.7261526640226632e7
1.726016826021869e7
1.725874913521841e7
1.725726827947293e7
1.7255724744946133e7
1.7254117621500805e7
1.7252446037005674e7
1.725070915737182e7
1.7248906186522946e7
1.7247036366303872e7
1.7245098976331387e7
1.7243093333791368e7
1.7241018793186333e7
1.7238874746036686e7
1.7236660620539606e7
1.723437588118868e7
1.7232020028357662e7
1.7229592597851392e7
1.7227093160426717e7
1.722452132128643e7
1.7221876719548576e7
1.7219159027693845e7
1.721636795099332e7
1.721350322691886e7
1.7210564624538165e7
1.7207551943896655e7
1.7204465015387863e7
1.7201303699114233e7
1.7198067884239905e7
1.7194757488337137e7
1.719137245672765e7
1.718791276182047e7
1.7184378402447328e7
1.718076940319696e7
1.717708581374932e7
1.7173327708210748e7
1.716949518445106e7
1.716558836344345e7
1.7161607388607923e7
1.715755242515918e7
1.715342365945942e7
1.7149221298376907e7
1.7144945568650763e7
1.714059671626245e7
1.7136175005814623e7
1.7131680719917566e7
1.7127114158583794e7
1.7122475638630945e7
1.711776549309352e7
1.7112984070643626e7
1.710813173502088e7
1.7103208864471897e7
1.7098215851199307e7
1.709315310082069e7
1.7088021031837374e7
1.7082820075113248e7
1.7077550673363786e7
1.7072213280655168e7
1.706680836191365e7
1.7061336392445236e7
1.7055797857465502e7
1.705019325163978e7
1.7044523078633472e7
1.7038787850672673e7
1.703298808811479e7
1.7027124319029387e7
1.7021197078788944e7
1.701520690966963e7
1.700915436046187e7
1.700303998609069e7
1.699686434724572e7
1.699062801002072e7
1.6984331545562558e7
1.6977975529729486e7
1.6971560542758584e7
1.6965087168942284e7
1.69585559963138e7
1.695196761634134e7
1.6945322623631e7
1.693862161563809e7
1.6931865192386914e7
1.692505395619869e7
1.69181885114276e7
1.6911269464204714e7
1.6904297422189746e7
1.6897272994330395e7
1.689019679062917e7
1.688306942191759e7
1.6875891499637507e7
1.6868663635629527e7
1.686138644192826e7
1.6854060530564345e7
1.684668651337311e7
1.6839265001809593e7
1.683179660676994e7
1.682428193841898e7
1.681672160602376e7
1.6809116217793025e7
1.680146638072247e7
1.6793772700445484e7
1.678603578108957e7
1.677825622513789e7
1.6770434633296221e7
1.6762571604364883e7
1.6754667735115655e7
1.6746723620173559e7
1.6738739851903332e7
1.6730717020300465e7
1.6722655712886803e7
1.6714556514610391e7
1.670642000774965e7
1.6698246771821637e7
1.6690037383494351e7
1.6681792416502945e7
1.667351244156972e7
1.6665198026327852e7
1.6656849735248707e7
1.6648468129572637e7
1.6640053767243221e7
1.6631607202844746e7
1.6623128987542955e7
1.66146196690289e7
1.660607979146579e7
1.6597509895438818e7
1.6588910517907834e7
1.6580282192162782e7
1.6571625447781797e7
1.656294081059198e7
1.6554228802632604e7
1.6545489942120876e7
1.6536724743419979e7
1.6527933717009477e7
1.6519117369457942e7
1.6510276203397714e7
1.6501410717501786e7
1.6492521406462692e7
1.648360876097338e7
1.6474673267709957e7
1.646571540931629e7
1.6456735664390367e7
1.6447734507472403e7
1.6438712409034565e7
1.6429669835472338e7
1.6420607249097418e7
1.6411525108132113e7
1.6402423866705202e7
1.6393303974849153e7
1.638416587849871e7
1.6375010019490812e7
1.6365836835565671e7
1.6356646760369185e7
1.6347440223456379e7
1.63382176502961e7
1.6328979462276667e7
1.786777364537993e7
1.7867770238987043e7
1.7867765209550764e7
1.78677580681745e7
1.786774825128362e7
1.7867735120050006e7
1.7867717960591782e7
1.786769598486904e7
1.786766833219788e7
1.7867634071307898e7
1.7867592202871308e7
1.7867541662435614e7
1.7867481323695756e7
1.786741000204596e7
1.7867326458355885e7
1.7867229402920227e7
1.7867117499535207e7
1.786698936965986e7
1.78668435966242e7
1.7866678729850393e7
1.7866493289056905e7
1.786628576841921e7
1.7866054640664045e7
1.7865798361077357e7
1.7865515371409073e7
1.78652041036603e7
1.7864862983741343e7
1.786449043499081e7
1.7864084881548326e7
1.7863644751575164e7
1.786316848031856e7
1.7862654513017185e7
1.786210130764628e7
1.7861507337502237e7
1.7860871093627367e7
1.7860191087076392e7
1.7859465851027004e7
1.7858693942737408e7
1.7857873945354354e7
1.7857004469575528e7
1.7856084155170605e7
1.785511167236549e7
1.7854085723094586e7
1.7853005042126026e7
1.7851868398064904e7
1.7850674594239738e7
1.78494224694773e7
1.7848110898771025e7
1.7846738793848224e7
1.784530510364107e7
1.784380881466658e7
1.7842248951320507e7
1.784062457608983e7
1.7838934789688855e7
1.783717873112329e7
1.7835355577686887e7
1.7833464544894923e7
1.7831504886358768e7
1.7829475893605415e7
1.7827376895846054e7
1.7825207259697195e7
1.782296638885804e7
1.782065372374751e7
1.7818268741104018e7
1.7815810953551386e7
1.7813279909133557e7
1.7810675190821126e7
1.7807996415992253e7
1.7805243235890612e7
1.7802415335062586e7
1.7799512430776164e7
1.77965342724236e7
1.7793480640909903e7
1.7790351348028976e7
1.7787146235829342e7
1.778386517597102e7
1.7780508069075212e7
1.7777074844068274e7
1.7773565457521334e7
1.77699798929869e7
1.7766318160333652e7
1.776258029508053e7
1.7758766357731223e7
1.775487643311002e7
1.7750910629699852e7
1.7746869078983516e7
1.7742751934788723e7
1.7738559372637752e7
1.7734291589102346e7
1.7729948801164474e7
1.7725531245583445e7
1.7721039178269967e7
1.771647287366757e7
1.7711832624141745e7
1.7707118739377294e7
1.7702331545784045e7
1.7697471385911502e7
1.769253861787235e7
1.7687533614775304e7
1.7682456764167473e7
1.767730846748622e7
1.7672089139520947e7
1.7666799207884647e7
1.766143911249553e7
1.765600930506875e7
1.7650510248618156e7
1.764494241696827e7
1.7639306294276483e7
1.7633602374565374e7
1.7627831161265247e7
1.762199316676681e7
1.7616088911983937e7
1.7610118925926603e7
1.760408374528366e7
1.75979839140157e7
1.7591819982957672e7
1.758559250943133e7
1.757930205686731e7
1.7572949194436792e7
1.7566534496692628e7
1.756005854321983e7
1.7553521918295227e7
1.7546925210556295e7
1.7540269012678936e7
1.753355392106408e7
1.7526780535533015e7
1.7519949459031295e7
1.751306129734109e7
1.750611665880177e7
1.749911615403872e7
1.7492060395700097e7
1.748494999820146e7
1.7477785577478144e7
1.747056775074518e7
1.746329713626458e7
1.745597435312001e7
1.744860002099852e7
1.744117475997921e7
1.7433699190328892e7
1.742617393230424e7
1.7418599605960637e7
1.7410976830967396e7
1.740330622642919e7
1.7395588410713695e7
1.738782400128515e7
1.7380013614543773e7
1.7372157865670934e7
1.736425736847988e7
1.735631273527188e7
1.734832457669774e7
1.734029350162447e7
1.7332220117006987e7
1.7324105027764853e7
1.731594883666368e7
1.730775214420136e7
1.729951554849877e7
1.729123964519499e7
1.7282925027346823e7
1.7274572285332575e7
1.7266182006759893e7
1.7257754776377685e7
1.724929117599186e7
1.7240791784384917e7
1.7232257177239195e7
1.722368792706371e7
1.721508460312451e7
1.720644777137836e7
1.7197777994409807e7
1.718907583137138e7
1.718034183792692e7
1.717157656619797e7
1.7162780564713035e7
1.7153954378359757e7
1.7145098548339803e7
1.713621361212647e7
1.7127300103424918e7
1.7118358552134838e7
1.7109389484315686e7
1.710039342215421e7
1.709137088393433e7
1.708232238400922e7
1.707324843277556e7
1.7064149536649898e7
1.7055026198047023e7
1.7045878915360317e7
1.703670818294401e7
1.7027514491097238e7
1.7018298326049972e7
1.700906016995053e7
1.6999800500854917e7
1.6990519792717636e7
1.698121851538413e7
1.6971897134584736e7
1.6962556111930013e7
1.6953195904907577e7
1.6943816966880202e7
1.693441974708528e7
1.692500469063553e7
1.6915572238520876e7
1.6906122827611595e7
1.6896656890662484e7
1.8470345670507234e7
1.8470342259074036e7
1.847033722132147e7
1.84703300668732e7
1.847032023024914e7
1.847030707022945e7
1.8470289869994663e7
1.847026783796381e7
1.8470240109253746e7
1.8470205747685406e7
1.847016374826585e7
1.8470113040078525e7
1.847005248951795e7
1.846998090380939e7
1.8469897034758322e7
1.846979958267876e7
1.846968720045407e7
1.846955849768803e7
1.8469412044908002e7
1.846924637778637e7
1.8469060001349747e7
1.8468851394149475e7
1.8468619012369975e7
1.846836129385497e7
1.846807666203415e7
1.8467763529735807e7
1.8467420302873336e7
1.8467045383995593e7
1.8466637175693423e7
1.846619408385611e7
1.8465714520773504e7
1.8465196908080745e7
1.8464639679544e7
1.846404128368668e7
1.846340018625652e7
1.8462714872535035e7
1.8461983849491306e7
1.846120564778287e7
1.846037882360707e7
1.8459501960406467e7
1.845857367043264e7
1.8457592596172493e7
1.8456557411642104e7
1.8455466823552623e7
1.8454319572353423e7
1.8453114433157418e7
1.8451850216553856e7
1.845052576931345e7
1.844913997499126e7
1.8447691754432105e7
1.844618006618378e7
1.8444603906822845e7
1.8442962311197802e7
1.8441254352594543e7
1.8439479142828416e7
1.843763583226763e7
1.8435723609792147e7
1.8433741702692248e7
1.843168937651099e7
1.842956593483416e7
1.842737071903168e7
1.842510310795399e7
1.842276251758675e7
1.8420348400667243e7
1.8417860246265594e7
1.8415297579333752e7
1.841265996022512e7
1.840994698418748e7
1.8407158280831866e7
1.8404293513579745e7
1.840135237909086e7
1.8398334606673826e7
1.839523995768173e7
1.8392068224894427e7
1.8388819231889576e7
1.8385492832404017e7
1.8382088909687184e7
1.8378607375847958e7
1.83750481711966e7
1.8371411263582803e7
1.8367696647731416e7
1.8363904344576746e7
1.83600344005967e7
1.835608688714769e7
1.835206189980125e7
1.8347959557683244e7
1.834378000281645e7
1.833952339946735e7
1.8335189933497593e7
1.8330779811721053e7
1.8326293261266798e7
1.8321730528948653e7
1.831709188064176e7
1.8312377600666635e7
1.8307587991180986e7
1.8302723371579856e7
1.829778407790417e7
1.8292770462258115e7
1.828768289223566e7
1.8282521750356153e7
1.827728743350956e7
1.8271980352411184e7
1.82666009310662e7
1.8261149606244065e7
1.825562682696281e7
1.8250033053983442e7
1.8244368759314347e7
1.8238634425725825e7
1.8232830546274785e7
1.822695762383948e7
1.822101617066442e7
1.8215006707915306e7
1.820892976524409e7
1.8202785880363878e7
1.8196575598633923e7
1.8190299472654365e7
1.818395806187073e7
1.8177551932188243e7
1.817108165559558e7
1.8164547809798177e7
1.8157950977860957e7
1.8151291747860245e7
1.8144570712544866e7
1.813778846900627e7
1.813094561835759e7
1.812404276542136e7
1.811708051842599e7
1.811005948871066e7
1.8102980290438637e7
1.8095843540318727e7
1.8088649857334882e7
1.808139986248373e7
1.807409417851987e7
1.8066733429708865e7
1.805931824158766e7
1.8051849240732465e7
1.8044327054533787e7
1.8036752310978528e7
1.802912563843908e7
1.8021447665469106e7
1.801371902060608e7
1.8005940332180183e7
1.799811222812974e7
1.7990235335822716e7
1.798231028188437e7
1.7974337692030843e7
1.7966318190908596e7
1.7958252401939444e7
1.7950140947171208e7
1.794198444713371e7
1.7933783520700146e7
1.7925538784953523e7
1.791725085505817e7
1.7908920344136212e7
1.790054786314869e7
1.789213402078146e7
1.788367942333568e7
1.787518467462255e7
1.7866650375862572e7
1.785807712558889e7
1.784946551955477e7
1.7840816150645066e7
1.7832129608791575e7
1.7823406480892144e7
1.7814647350733496e7
1.7805852798917595e7
1.779702340279151e7
1.7788159736380663e7
1.777926237032534e7
1.777033187182045e7
1.7761368804558318e7
1.7752373728674553e7
1.7743347200696856e7
1.7734289773496594e7
1.772520199624324e7
1.7716084414361425e7
1.7706937569490615e7
1.7697761999447327e7
1.768855823818978e7
1.7679326815784913e7
1.767006825837774e7
1.766078308816292e7
1.7651471823358484e7
1.7642134978181683e7
1.7632773062826812e7
1.7623386583445124e7
1.76139760421265e7
1.760454193688307e7
1.7595084761634566e7
1.7585605006195452e7
1.7576103156263657e7
1.7566579693411e7
1.755703509507509e7
1.754746983455284e7
1.7537884380995356e7
1.7528279199404262e7
1.751865475062938e7
1.7509011491367776e7
1.7499349874163944e7
1.7489670347411398e7
1.7479973355355255e7
1.9089065735836532e7
1.908906231942603e7
1.9089057273459956e7
1.9089050106099166e7
1.9089040249979444e7
1.9089027061515152e7
1.9089009820980094e7
1.9088987733288225e7
1.908895992939827e7
1.908892546826872e7
1.908888333929267e7
1.9088832465145353e7
1.9088771704981033e7
1.908869985792006e7
1.9088615666771006e7
1.90885178219372e7
1.908840496546109e7
1.908827569516434e7
1.9088128568845257e7
1.9087962108499583e7
1.9087774804533947e7
1.908756511994527e7
1.908733149444237e7
1.9087072348489515e7
1.9086786087254196e7
1.9086471104444314e7
1.9086125786022324e7
1.9085748513786197e7
1.908533766880881e7
1.908489163472972e7
1.9084408800894286e7
1.9083887565337118e7
1.908332633760787e7
1.9082723541438475e7
1.9082077617252238e7
1.9081387024515744e7
1.9080650243935503e7
1.9079865779502008e7
1.907903216038398e7
1.907814794267684e7
1.9077211711008817e7
1.9076222080009528e7
1.90751776956451e7
1.9074077236424882e7
1.907291941448446e7
1.907170297655001e7
1.9070426704789016e7
1.9069089417552415e7
1.9067689970013198e7
1.9066227254706614e7
1.906470020197671e7
1.9063107780334357e7
1.906144899673144e7
1.9059722896755848e7
1.9057928564752012e7
1.905606512387134e7
1.9054131736056853e7
1.905212760196627e7
1.905005196083762e7
1.90479040903011e7
1.9045683306141153e7
1.904338896201221e7
1.904102044911162e7
1.9038577195812996e7
1.9036058667263288e7
1.9033464364946373e7
1.903079382621624e7
1.9028046623802423e7
1.9025222365290187e7
1.9022320692578163e7
1.9019341281315472e7
1.901628384032084e7
1.90131481109856e7
1.9009933866662607e7
1.9006640912043028e7
1.9003269082522556e7
1.8999818243558984e7
1.8996288290022362e7
1.899267914553952e7
1.8988990761834048e7
1.8985223118063264e7
1.898137622015307e7
1.897745010013212e7
1.897344481546611e7
1.896936044839325e7
1.8965197105261847e7
1.8960954915870685e7
1.895663403281321e7
1.895223463082593e7
1.894775690614199e7
1.8943201075850245e7
1.8938567377260633e7
1.8933856067276087e7
1.8929067421771694e7
1.8924201734981354e7
1.8919259318892352e7
1.891424050264821e7
1.8909145631960057e7
1.8903975068526898e7
1.889872918946485e7
1.889340838674568e7
1.8888013066644825e7
1.888254364919896e7
1.887700056767327e7
1.88713842680386e7
1.8865695208458506e7
1.885993385878621e7
1.885410070007167e7
1.884819622407864e7
1.884222093281178e7
1.8836175338053845e7
1.8830059960912872e7
1.8823875331379455e7
1.881762198789383e7
1.8811300476923063e7
1.8804911352547925e7
1.8798455176059578e7
1.8791932515566066e7
1.878534394560823e7
1.8778690046785265e7
1.8771971405389655e7
1.876518861305135e7
1.8758342266391236e7
1.8751432966683555e7
1.8744461319527365e7
1.8737427934526756e7
1.8730333424979836e7
1.8723178407576177e7
1.871596350210276e7
1.8708689331158184e7
1.8701356519875064e7
1.8693965695650354e7
1.8686517487883657e7
1.8679012527723145e7
1.8671451447819173e7
1.8663834882085294e7
1.8656163465466548e7
1.864843783371496e7
1.8640658623172008e7
1.8632826470558055e7
1.8624942012768403e7
1.8617005886676002e7
1.860901872894063e7
1.8600981175824326e7
1.8592893863013078e7
1.8584757425444495e7
1.857657249714139e7
1.8568339711051192e7
1.8560059698890895e7
1.8551733090997647e7
1.85433605161846e7
1.853494260160208e7
1.852647997260388e7
1.8517973252618544e7
1.850942306302551e7
1.850083002303609e7
1.8492194749578975e7
1.848351785719042e7
1.8474799957908675e7
1.8466041661172844e7
1.8457243573725898e7
1.8448406299521707e7
1.8439530439636137e7
1.843061659218196e7
1.842166535222754e7
1.8412677311719194e7
1.840365305940711e7
1.839459318077475e7
1.8385498257971566e7
1.837636886974911e7
1.8367205591400225e7
1.835800899470137e7
1.8348779647858016e7
1.8339518115452852e7
1.8330224958396934e7
1.8320900733883582e7
1.831154599534488e7
1.83021612924109e7
1.829274717087131e7
1.828330417263958e7
1.8273832835719444e7
1.8264333694173735e7
1.8254807278095447e7
1.824525411358092e7
1.8235674722705215e7
1.8226069623499405e7
1.8216439329929955e7
1.8206784351879913e7
1.8197105195132047e7
1.8187402361353673e7
1.8177676348083314e7
1.8167927648718912e7
1.8158156752507817e7
1.8148364144538205e7
1.8138550305732094e7
1.8128715712839782e7
1.8118860838435743e7
1.810898615091584e7
1.8099092114495896e7
1.8089179189211525e7
1.807924783091922e7
1.972425624052981e7
1.972425281920386e7
1.9724247765125178e7
1.972424058500855e7
1.972423070962654e7
1.972421749305329e7
1.9724200212686334e7
1.9724178069970004e7
1.972415019174551e7
1.972411563215458e7
1.9724073375026997e7
1.972402233668508e7
1.972396136910249e7
1.972388926335819e7
1.9723804753330763e7
1.9723706519582454e7
1.9723593193386536e7
1.972346336085555e7
1.9723315567132328e7
1.972314832060925e7
1.9722960097145136e7
1.9722749344252672e7
1.9722514485232446e7
1.972225392323289e7
1.9721966045218367e7
1.972164922583007e7
1.972130183112702e7
1.972092222219677e7
1.972050875862703e7
1.9720059801831953e7
1.9719573718227662e7
1.9719048882253814e7
1.9718483679238804e7
1.9717876508107617e7
1.971722578393236e7
1.971652994032628e7
1.9715787431682926e7
1.9714996735262908e7
1.971415635313108e7
1.9713264813947473e7
1.9712320674615946e7
1.971132252179459e7
1.9710268973272305e7
1.970915867921617e7
1.9707990323294386e7
1.9706762623679668e7
1.9705474333938118e7
1.970412424380832e7
1.970271117987607e7
1.9701234006149307e7
1.9699691624538396e7
1.969808297524661e7
1.9696407037075482e7
1.9694662827649865e7
1.969284940356707e7
1.9690965860474717e7
1.9689011333081566e7
1.9686984995105382e7
1.9684886059162114e7
1.9682713776600108e7
1.9680467437283196e7
1.9678146369326256e7
1.9675749938786756e7
1.9673277549315527e7
1.967072864176998e7
1.966810269379294e7
1.966539921935968e7
1.9662617768296264e7
1.965975792577164e7
1.9656819311765943e7
1.9653801580517575e7
1.9650704419951014e7
1.96475275510878e7
1.9644270727442466e7
1.964093373440538e7
1.963751638861436e7
1.963401853731665e7
1.9630440057722885e7
1.9626780856354512e7
1.962304086838614e7
1.9619220056983978e7
1.961531841264178e7
1.9611335952515237e7
1.960727271975606e7
1.960312878284666e7
1.9598904234936293e7
1.9594599193179708e7
1.9590213798078887e7
1.95857482128288e7
1.958120262266761e7
1.957657723423229e7
1.9571872274919912e7
1.9567087992255278e7
1.9562224653265357e7
1.9557282543861024e7
1.955226196822628e7
1.9547163248215593e7
1.9541986722759534e7
1.9536732747278884e7
1.9531401693107735e7
1.952599394692557e7
1.9520509910198603e7
1.9514949998630613e7
1.9509314641623266e7
1.950360428174619e7
1.949781937421679e7
1.9491960386389986e7
1.9486027797257792e7
1.9480022096958946e7
1.9473943786298428e7
1.9467793376277052e7
1.9461571387631e7
1.945527835038134e7
1.944891480339344e7
1.9442481293946274e7
1.9435978377311654e7
1.942940661634308e7
1.9422766581074398e7
1.9416058848328017e7
1.9409284001332678e7
1.9402442629350644e7
1.9395535327314187e7
1.9388562695471376e7
1.938152533904089e7
1.937442386787586e7
1.9367258896136552e7
1.9360031041971866e7
1.935274092720937e7
1.934538917705389e7
1.9337976419794366e7
1.933050328651905e7
1.9322970410838693e7
1.9315378428617693e7
1.9307727977713127e7
1.930001969772129e7
1.9292254229731973e7
1.9284432216089904e7
1.9276554300163645e7
1.9268621126121413e7
1.9260633338714e7
1.925259158306444e7
1.9244496504464384e7
1.923634874817703e7
1.922814895924645e7
1.9219897782313175e7
1.921159586143595e7
1.9203243839919485e7
1.9194842360147983e7
1.9186392063424595e7
1.917789358981627e7
1.9169347578004226e7
1.9160754665139668e7
1.9152115486704864e7
1.9143430676379137e7
1.9134700865910016e7
1.912592668498909e7
1.911710876113273e7
1.910824771956731e7
1.9099344183119044e7
1.909039877210811e7
1.9081412104247186e7
1.9072384794543963e7
1.9063317455207966e7
1.90542106955611e7
1.904506512195221e7
1.9035881337675333e7
1.902665994289158e7
1.901740153455463e7
1.9008106706339665e7
1.8998776048575602e7
1.8989410148180712e7
1.898000958860135e7
1.8970574949753765e7
1.896110680796898e7
1.8951605735940527e7
1.894207230267508e7
1.89325070734458e7
1.892291060974837e7
1.891328346925966e7
1.8903626205798876e7
1.8893939369291164e7
1.888422350573363e7
1.8874479157163635e7
1.88647068616293e7
1.885490715316225e7
1.884508056175239e7
1.8835227613324787e7
1.882534882971846e7
1.88154447286671e7
1.880551582378172e7
1.879556262453498e7
1.8785585636247326e7
1.8775585360074796e7
1.876556229299843e7
1.87555169278153e7
1.8745449753131006e7
1.8735361253353685e7
1.8725251908689417e7
1.8715122195139024e7
1.8704972584496193e7
1.8694803544346865e7
2.03762438465786e7
2.037624042039795e7
2.037623535830577e7
2.0376228165587205e7
2.0376218271172263e7
2.037620502682005e7
2.0376187707081765e7
2.0376165509967204e7
2.0376137558240123e7
2.0376102901270684e7
2.0376060517375376e7
2.037600931657844e7
2.037594814373206e7
2.037587578193687e7
2.03757909562079e7
2.0375692337335642e7
2.037557854589558e7
2.0375448156364053e7
2.0375299701301917e7
2.0375131675571606e7
2.0374942540556587e7
2.0374730728355926e7
2.0374494645929914e7
2.0374232679175638e7
2.0373943196914397e7
2.037362455477557e7
2.0373275098963663e7
2.0372893169897884e7
2.0372477105715454e7
2.0372025245631482e7
2.037153593315043e7
2.0371007519124992e7
2.037043836466028e7
2.0369826843861736e7
2.0369171346426576e7
2.0368470280079544e7
2.036772207285422e7
2.0366925175222214e7
2.0366078062072832e7
2.0365179234546505e7
2.0364227221725576e7
2.03632205821866e7
2.0362157905418135e7
2.0361037813108835e7
2.035985896031029e7
2.0358620036479555e7
2.0357319766406093e7
2.0355956911028218e7
2.0354530268143833e7
2.035303867302044e7
2.035148099890933e7
2.0349856157468744e7
2.0348163099100713e7
2.0346400813206367e7
2.0344568328364097e7
2.0342664712435156e7
2.0340689072600853e7
2.03386405553358e7
2.0336518346320886e7
2.033432167030026e7
2.0332049790885832e7
2.0329702010313086e7
2.0327277669151586e7
2.0324776145973623e7
2.032219685698412e7
2.0319539255614836e7
2.0316802832085993e7
2.0313987112937808e7
2.031109166053488e7
2.030811607254573e7
2.0305059981400035e7
2.030192305372582e7
2.029870498976866e7
2.029540552279505e7
2.029202441848182e7
2.0288561474293415e7
2.0285016518848754e7
2.028138941127932e7
2.027768004057997e7
2.0273888324953858e7
2.0270014211152915e7
2.0266057673815023e7
2.0262018714799143e7
2.0257897362519458e7
2.0253693671279524e7
2.0249407720607456e7
2.0245039614593003e7
2.0240589481227245e7
2.023605747174585e7
2.0231443759976417e7
2.022674854169069e7
2.022197203396213e7
2.0217114474529482e7
2.0212176121166788e7
2.0207157251060303e7
2.0202058160192758e7
2.019687916273531e7
2.0191620590447586e7
2.0186282792085957e7
2.0180866132820606e7
2.017537099366131e7
2.0169797770892333e7
2.0164146875516646e7
2.0158418732709423e7
2.015261378128123e7
2.0146732473150734e7
2.0140775272827268e7
2.0134742656903163e7
2.012863511355595e7
2.0122453142060462e7
2.0116197252310887e7
2.010986796435272e7
2.0103465807924643e7
2.0096991322010268e7
2.0090445054399814e7
2.0083827561261505e7
2.0077139406722795e7
2.007038116246121e7
2.006355340730491e7
2.0056656726842675e7
2.004969171304346e7
2.004265896388513e7
2.0035559082992643e7
2.0028392679285225e7
2.0021160366632648e7
2.0013862763520394e7
2.0006500492723633e7
1.999907418098986e7
1.9991584458730087e7
1.998403195971844e7
1.997641732080004e7
1.9968741181607064e7
1.9961004184282765e7
1.995320697321346e7
1.9945350194768157e7
1.993743449704588e7
1.9929460529630385e7
1.99214289433523e7
1.9913340390058305e7
1.9905195522387546e7
1.98969949935548e7
1.9888739457140505e7
1.9880429566887394e7
1.987206597650364e7
1.9863649339472342e7
1.9855180308867294e7
1.9846659537174724e7
1.9838087676121153e7
1.982946537650699e7
1.9820793288045816e7
1.9812072059209276e7
1.9803302337077405e7
1.9794484767194267e7
1.9785619993428767e7
1.9776708657840583e7
1.976775140055097e7
1.97587488596185e7
1.9749701670919403e7
1.9740610468032572e7
1.973147588212904e7
1.9722298541865826e7
1.9713079073284045e7
1.970381809971115e7
1.969451624166725e7
1.968517411677535e7
1.9675792339675464e7
1.9666371521942437e7
1.965691227200737e7
1.9647415195082717e7
1.963788089309067e7
1.9628309964595024e7
1.9618703004736256e7
1.9609060605169747e7
1.959938335400718e7
1.9589671835760865e7
1.957992663129097e7
1.957014831775567e7
1.956033746856398e7
1.955049465333129e7
1.954062043783748e7
1.9530715383987583e7
1.9520780049774896e7
1.9510814989246413e7
1.9500820752470676e7
1.949079788550774e7
1.94807469303814e7
1.9470668425053485e7
1.9460562903400194e7
1.9450430895190395e7
1.9440272926065892e7
1.9430089517523482e7
1.9419881186898887e7
1.9409648447352365e7
1.9399391807855986e7
1.938911177318267e7
1.9378808843896646e7
1.9368483516345527e7
1.9358136282653853e7
1.934776763071806e7
1.933737804420281e7
1.932696800253865e7
2.104535950680108e7
2.1045356075825363e7
2.104535100581703e7
2.1045343800647754e7
2.104533388742529e7
2.1045320615618493e7
2.1045303256961875e7
2.1045281006065182e7
2.1045252981654357e7
2.1045218228372578e7
2.1045175719072647e7
2.104512435753493e7
2.1045062981548756e7
2.1044990366299e7
2.1044905228003204e7
2.104480622774899e7
2.1044691975485247e7
2.1044561034124766e7
2.104441192371998e7
2.1044243125676844e7
2.104405308697612e7
2.104384022437432e7
2.104360292855998e7
2.104333956824401e7
2.1043048494165726e7
2.1042728042998727e7
2.104237654114323e7
2.10419923083939e7
2.1041573661473777e7
2.1041118917427387e7
2.1040626396867186e7
2.104009442706942e7
2.10395213449165e7
2.103890549968448e7
2.1038245255675025e7
2.103753899469242e7
2.1036785118366614e7
2.1035982050324567e7
2.103512823821211e7
2.103422215556959e7
2.1033262303564735e7
2.1032247212586507e7
2.103117544370424e7
2.1030045589996245e7
2.102885627775262e7
2.1027606167556886e7
2.1026293955251187e7
2.102491837279002e7
2.102347818898725e7
2.1021972210161358e7
2.1020399280683648e7
2.101875828343441e7
2.1017048140171483e7
2.1015267811816063e7
2.10134162986602e7
2.101149264050042e7
2.100949591670179e7
2.100742524619664e7
2.1005279787421905e7
2.1003058738199133e7
2.1000761335560888e7
2.0998386855527107e7
2.099593461283505e7
2.0993403960626207e7
2.0990794290093232e7
2.098810503009013e7
2.0985335646708667e7
2.098248564282367e7
2.097955455761004e7
2.097654196603399e7
2.0973447478320926e7
2.097027073940226e7
2.096701142834337e7
2.096366925775483e7
2.09602439731887e7
2.095673535252194e7
2.0953143205328595e7
2.0949467372242264e7
2.0945707724310745e7
2.094186416234395e7
2.0937936616256684e7
2.093392504440751e7
2.0929829432934877e7
2.0925649795091674e7
2.092138617057925e7
2.091703862488191e7
2.0912607248602636e7
2.090809215680123e7
2.0903493488335248e7
2.0898811405204732e7
2.0894046091901373e7
2.0889197754762627e7
2.0884266621331397e7
2.0879252939721927e7
2.087415697799212e7
2.0868979023523074e7
2.0863719382405803e7
2.085837837883596e7
2.0852956354516484e7
2.084745366806875e7
2.0841870694452282e7
2.083620782439339e7
2.0830465463822857e7
2.0824644033322867e7
2.0818743967583355e7
2.0812765714867827e7
2.0806709736488845e7
2.080057650629321e7
2.0794366510156903e7
2.0788080245489817e7
2.0781718220750425e7
2.0775280954970185e7
2.0768768977287933e7
2.0762182826494005e7
2.0755523050584298e7
2.0748790206323992e7
2.0741984858821124e7
2.073510758110977e7
2.07281589537429e7
2.0721139564394675e7
2.0714050007472325e7
2.070689088373732e7
2.0699662799935788e7
2.0692366368438236e7
2.0685002206888165e7
2.0677570937859744e7
2.0670073188524347e7
2.066250959032569e7
2.065488077866373e7
2.0647187392586876e7
2.0639430074492663e7
2.0631609469836596e7
2.0623726226849057e7
2.0615780996260207e7
2.06077744310327e7
2.0599707186102014e7
2.0591579918124415e7
2.058339328523231e7
2.057514794679677e7
2.0566844563197337e7
2.055848379559873e7
2.0550066305734422e7
2.0541592755697e7
2.0533063807734992e7
2.0524480124056276e7
2.051584236663775e7
2.0507151197041146e7
2.049840727623498e7
2.0489611264422335e7
2.0480763820874523e7
2.047186560377032e7
2.046291727004083e7
2.045391947521965e7
2.0444872873298433e7
2.0435778116587527e7
2.042663585558169e7
2.041744673883074e7
2.0408211412814982e7
2.0398930521825343e7
2.038960470784806e7
2.0380234610453866e7
2.0370820866691463e7
2.036136411098538e7
2.0351864975037716e7
2.03423240877342e7
2.0332742075053986e7
2.0323119559983313e7
2.031345716243297e7
2.030375549915926e7
2.0294015183688633e7
2.0284236826245647e7
2.0274421033684332e7
2.0264568409422815e7
2.025467955338108e7
2.0244755061921835e7
2.0234795527794357e7
2.022480154008127e7
2.0214773684148137e7
2.02047125415958e7
2.019461869021543e7
2.0184492703946106e7
2.0174335152834993e7
2.01641466029999e7
2.0153927616594277e7
2.0143678751774456e7
2.01334005626692e7
2.0123093599351346e7
2.0112758407811653e7
2.0102395529934566e7
2.0092005503476106e7
2.0081588862043556e7
2.0071146135077056e7
2.0060677847833063e7
2.0050184521369413e7
2.0039666672532227e7
2.0029124813944355e7
2.001855945399542e7
2.0007971096833456e7
1.9997360242357936e7
1.998672738621432e7
1.997607301978991e7
2.1731938492838994e7
2.173193505712677e7
2.1731929979297906e7
2.1731922761826504e7
2.1731912830018062e7
2.1731899531075645e7
2.1731882133946236e7
2.1731859829873614e7
2.173183173358498e7
2.173179688504071e7
2.1731754251678888e7
2.1731702731089704e7
2.173164115405775e7
2.173156828791423e7
2.173148284014479e7
2.173138346220275e7
2.173126875348125e7
2.173113726540211e7
2.1730987505582675e7
2.1730817942046016e7
2.173062700744309e7
2.1730413103259232e7
2.173017460398031e7
2.172990986119699e7
2.1729617207628556e7
2.1729294961049978e7
2.1728941428108785e7
2.1728554908020254e7
2.1728133696131438e7
2.172767608734658e7
2.172718037940805e7
2.1726644876028378e7
2.1726067889870416e7
2.1725447745373767e7
2.1724782781426843e7
2.172407135388458e7
2.1723311837932955e7
2.172250263030205e7
2.1721642151329897e7
2.1720728846880075e7
2.1719761190116383e7
2.171873768313825e7
2.171765685848092e7
2.1716517280484673e7
2.171531754653751e7
2.1714056288195916e7
2.1712732172188394e7
2.171134390130656e7
2.170989021518858e7
2.170836989099974e7
2.1706781744015027e7
2.170512462810832e7
2.1703397436152987e7
2.170159910033855e7
2.1699728592407636e7
2.1697784923818078e7
2.1695767145834055e7
2.169367434955072e7
2.1691505665856216e7
2.1689260265335128e7
2.1686937358117037e7
2.1684536193673976e7
2.168205606057015e7
2.167949628616744e7
2.1676856236289885e7
2.1674135314850185e7
2.167133296344133e7
2.166844866089609e7
2.166548192281709e7
2.1662432301080123e7
2.16592993833131e7
2.16560827923529e7
2.1652782185682558e7
2.164939725485062e7
2.1645927724874854e7
2.1642373353632137e7
2.1638733931236263e7
2.1635009279405393e7
2.1631199250820693e7
2.162730372847771e7
2.1623322625031836e7
2.1619255882139154e7
2.1615103469793946e7
2.161086538566402e7
2.1606541654424895e7
2.1602132327093855e7
2.1597637480364855e7
2.159305721594514e7
2.1588391659894317e7
2.1583640961966727e7
2.1578805294957828e7
2.1573884854055047e7
2.1568879856194004e7
2.156379053942033e7
2.155861716225781e7
2.155336000308324e7
2.154801935950833e7
2.1542595547769155e7
2.153708890212346e7
2.153149977425604e7
2.1525828532692626e7
2.1520075562222358e7
2.1514241263329186e7
2.1508326051632345e7
2.1502330357336007e7
2.1496254624688376e7
2.149009931145022e7
2.1483864888373017e7
2.1477551838686746e7
2.147116065759742e7
2.146469185179439e7
2.1458145938967362e7
2.1451523447333343e7
2.144482491517326e7
2.1438050890378423e7
2.1431201930006742e7
2.1424278599848647e7
2.1417281474002644e7
2.141021113446052e7
2.1403068170702066e7
2.1395853179299284e7
2.1388566763529934e7
2.1381209533000413e7
2.1373782103277795e7
2.1366285095531017e7
2.1358719136181008e7
2.135108485655972e7
2.13433828925779e7
2.1335613884401564e7
2.1327778476136956e7
2.1319877315523878e7
2.1311911053637404e7
2.130388034459758e7
2.1295785845287353e7
2.1287628215078153e7
2.1279408115563426e7
2.127112621029965e7
2.1262783164554905e7
2.1254379645064812e7
2.1245916319795582e7
2.123739385771424e7
2.1228812928565785e7
2.1220174202657115e7
2.121147835064764e7
2.1202726043346442e7
2.1193917951515857e7
2.118505474568128e7
2.1176137095947176e7
2.116716567181903e7
2.1158141142031282e7
2.1149064174380865e7
2.1139935435566522e7
2.113075559103353e7
2.1121525304823823e7
2.1112245239431392e7
2.1102916055662796e7
2.1093538412502643e7
2.1084112966984082e7
2.107464037406397e7
2.1065121286502726e7
2.105555635474877e7
2.1045946226827372e7
2.1036291548233863e7
2.102659296183101e7
2.1016851107750587e7
2.1007066623298902e7
2.099724014286627e7
2.0987372297840267e7
2.0977463716522727e7
2.0967515024050362e7
2.0957526842318848e7
2.094749978991041e7
2.09374344820247e7
2.092733153041294e7
2.0917191543315236e7
2.09070151254009e7
2.0896802877711907e7
2.0886555397609096e7
2.0876273278721247e7
2.0865957110897038e7
2.0855607480159454e7
2.0845224968662944e7
2.0834810154653072e7
2.0824363612428553e7
2.081388591230576e7
2.0803377620585453e7
2.0792839299521804e7
2.0782271507293556e7
2.077167479797736e7
2.0761049721523043e7
2.075039682373096e7
2.073971664623126e7
2.0729009726464935e7
2.0718276597666774e7
2.070751778885002e7
2.06967338247927e7
2.068592522602566e7
2.0675092508822136e7
2.06642361851889e7
2.0653356762858838e7
2.064245474528506e7
2.2436320423154835e7
2.2436316982763637e7
2.243631189720817e7
2.243630466758064e7
2.243629471740401e7
2.24362813916396e7
2.243626395647563e7
2.243624159982355e7
2.2436213432450477e7
2.24361784896775e7
2.2436135733576503e7
2.2436084055600695e7
2.24360222795875e7
2.2435949165076047e7
2.243586341088526e7
2.2435763658902302e7
2.2435648498035178e7
2.243551646828699e7
2.2435366064913396e7
2.243519574262814e7
2.2435003919825442e7
2.243478898279121e7
2.2434549289878204e7
2.243428317562349e7
2.243398895478909e7
2.2433664926309597e7
2.2433309377132695e7
2.243292058594095e7
2.2432496826745197e7
2.243203637234163e7
2.2431537497626457e7
2.2430998482763596e7
2.2430417616201945e7
2.2429793197540276e7
2.2429123540238824e7
2.2428406974177398e7
2.2427641848060872e7
2.2426826531673636e7
2.2425959417985126e7
2.2425038925109126e7
2.242406349812005e7
2.242303161072971e7
2.242194176682853e7
2.24207925018952e7
2.2419582384279206e7
2.2418310016360838e7
2.241697403559296e7
2.241557311542965e7
2.2414105966146145e7
2.241257133555491e7
2.24109680096226e7
2.240929481299275e7
2.240755060941849e7
2.2405734302110195e7
2.240384483400246e7
2.2401881187944725e7
2.239984238681991e7
2.239772749359528e7
2.2395535611309428e7
2.2393265882999584e7
2.2390917491572674e7
2.2388489659624226e7
2.2385981649208263e7
2.238339276156184e7
2.2380722336787403e7
2.2377969753496047e7
2.237513442841481e7
2.237221581596068e7
2.2369213407784224e7
2.2366126732285343e7
2.236295535410366e7
2.2359698873585958e7
2.235635692623281e7
2.235292918212662e7
2.234941534534308e7
2.234581515334792e7
2.234212837638076e7
2.2338354816827856e7
2.2334494308585208e7
2.233054671641373e7
2.2326511935287677e7
2.232238988973794e7
2.231818053319123e7
2.2313883847306516e7
2.2309499841309678e7
2.2305028551327538e7
2.230047003972214e7
2.229582439442624e7
2.229109172828076e7
2.2286272178375125e7
2.2281365905391075e7
2.2276373092950657e7
2.2271293946969047e7
2.226612869501275e7
2.226087758566368e7
2.2255540887889586e7
2.2250118890421372e7
2.2244611901137557e7
2.223902024645626e7
2.223334427073526e7
2.2227584335679974e7
2.2221740819760174e7
2.221581411763513e7
2.2209804639587816e7
2.2203712810968067e7
2.2197539071645048e7
2.2191283875468977e7
2.218494768974238e7
2.217853099470086e7
2.2172034283003505e7
2.2165458059232946e7
2.2158802839405123e7
2.2152069150488835e7
2.2145257529934946e7
2.2138368525215402e7
2.213140269337189e7
2.2124360600574236e7
2.2117242821688432e7
2.211004993985421e7
2.21027825460722e7
2.2095441238800567e7
2.2088026623560958e7
2.208053931255384e7
2.2072979924282975e7
2.2065349083189093e7
2.205764741929254e7
2.2049875567844834e7
2.2042034168989066e7
2.203412386742897e7
2.2026145312106553e7
2.2018099155888207e7
2.2009986055259172e7
2.2001806670026124e7
2.1993561663027957e7
2.1985251699854426e7
2.197687744857265e7
2.1968439579461332e7
2.195993876475246e7
2.195137567838051e7
2.194275099573891e7
2.1934065393443633e7
2.1925319549103912e7
2.191651414109969e7
2.190764984836599e7
2.1898727350183778e7
2.1889747325977415e7
2.1880710455118418e7
2.1871617416735448e7
2.1862468889530413e7
2.1853265551600553e7
2.184400808026637e7
2.1834697151905175e7
2.1825333441790428e7
2.181591762393634e7
2.1806450370947916e7
2.1796932353876255e7
2.1787364242078852e7
2.1777746703084983e7
2.1768080402465884e7
2.175836600370974e7
2.174860416810132e7
2.1738795554606024e7
2.1728940819758542e7
2.171904061755567e7
2.1709095599353384e7
2.1699106413768046e7
2.1689073706581518e7
2.1678998120650325e7
2.1668880295818426e7
2.165872086883387e7
2.1648520473268904e7
2.1638279739443675e7
2.1627999294353392e7
2.1617679761598684e7
2.160732176131931e7
2.1596925910130974e7
2.1586492821065236e7
2.1576023103512403e7
2.156551736316726e7
2.1554976201977726e7
2.1544400218096197e7
2.1533790005833533e7
2.152314615561571e7
2.151246925394291e7
2.1501759883351132e7
2.149101862237613e7
2.1480246045519657e7
2.1469442723218016e7
2.1458609221812677e7
2.1447746103523105e7
2.1436853926421575e7
2.1425933244410016e7
2.141498460719873e7
2.1404008560287032e7
2.1393005644945644e7
2.1381976398200925e7
2.1370921352820694e7
2.135984103730182e7
2.134873597585927e7
2.1337606688416857e7
2.1326453690599326e7
2.3158849291028798e7
2.3158845846015118e7
2.3158840752825335e7
2.315883351118518e7
2.3158823542854443e7
2.3158810190576453e7
2.3158792717809018e7
2.3158770309164453e7
2.315874207148789e7
2.3158707035504248e7
2.3158664157967176e7
2.3158612324245535e7
2.3158550351286635e7
2.3158476990898658e7
2.315839093329851e7
2.3158290810874995e7
2.3158175202121224e7
2.3158042635693736e7
2.315789159455966e7
2.315772052019704e7
2.315752781681661e7
2.315731185557685e7
2.3157070978767507e7
2.3156803503939256e7
2.3156507727960546e7
2.3156181930984788e7
2.3155824380313866e7
2.3155433334145747e7
2.3155007045196455e7
2.315454376418811e7
2.3154041743196797e7
2.3153499238855064e7
2.3152914515405867e7
2.3152285847605415e7
2.3151611523473687e7
2.315088984689251e7
2.3150119140051678e7
2.3149297745744377e7
2.3148424029514145e7
2.314749638165557e7
2.3146513219071962e7
2.314547298699337e7
2.314437416055857e7
2.3143215246265188e7
2.3141994783292048e7
2.3140711344698224e7
2.3139363538503345e7
2.3137950008653656e7
2.3136469435878582e7
2.31349205384425e7
2.3133302072796326e7
2.3131612834133632e7
2.3129851656855922e7
2.312801741495148e7
2.3126109022292532e7
2.312412543285475e7
2.3122065640863683e7
2.311992868087215e7
2.311771362777259e7
2.3115419596748453e7
2.3113045743168287e7
2.3110591262426298e7
2.3108055389732916e7
2.3105437399858713e7
2.3102736606835008e7
2.3099952363614332e7
2.3097084061693687e7
2.3094131130703636e7
2.3091093037965696e7
2.3087969288021114e7
2.3084759422133017e7
2.3081463017764814e7
2.3078079688036736e7
2.3074609081162937e7
2.3071050879871055e7
2.306740480080627e7
2.3063670593921572e7
2.3059848041856166e7
2.3055936959303446e7
2.3051937192370266e7
2.3047848617928803e7
2.304367114296255e7
2.3039404703907583e7
2.3035049265990406e7
2.3030604822563477e7
2.3026071394439463e7
2.3021449029225193e7
2.3016737800656408e7
2.3011937807933867e7
2.300704917506187e7
2.300207205018987e7
2.2997006604957804e7
2.2991853033845834e7
2.2986611553529125e7
2.2981282402238093e7
2.2975865839124773e7
2.2970362143635605e7
2.296477161489116e7
2.2959094571073167e7
2.295333134881917e7
2.294748230262512e7
2.29415478042562e7
2.2935528242166102e7
2.292942402092503e7
2.2923235560656574e7
2.2916963296483617e7
2.2910607677983493e7
2.290416916865242e7
2.289764824537937e7
2.28910453979295e7
2.2884361128437057e7
2.287759595090802e7
2.2870750390732303e7
2.2863824984205693e7
2.2856820278061442e7
2.2849736829011515e7
2.2842575203297503e7
2.283533597625111e7
2.2828019731864326e7
2.282062706236895e7
2.2813158567825686e7
2.280561485572262e7
2.279799654058298e7
2.2790304243582122e7
2.278253859217369e7
2.277470021972483e7
2.2766789765160266e7
2.2758807872615334e7
2.2750755191097677e7
2.2742632374157574e7
2.2734440079566784e7
2.272617896900576e7
2.2717849707759146e7
2.2709452964419425e7
2.2700989410598505e7
2.2692459720647313e7
2.2683864571383066e7
2.267520464182416e7
2.266648061293263e7
2.2657693167363912e7
2.264884298922387e7
2.26399307638329e7
2.263095717749706e7
2.262192291728596e7
2.261282867081745e7
2.2603675126048796e7
2.2594462971074354e7
2.258519289392955e7
2.257586558240105e7
2.2566481723842964e7
2.2557042004999023e7
2.2547547111830514e7
2.2537997729349926e7
2.252839454146013e7
2.2518738230799027e7
2.250902947858947e7
2.249926896449439e7
2.2489457366477005e7
2.2479595360666003e7
2.2469683621225517e7
2.2459722820229866e7
2.2449713627542906e7
2.2439656710701928e7
2.2429552734805856e7
2.2419402362407845e7
2.2409206253411975e7
2.2398965064974114e7
2.2388679451406736e7
2.237835006408753e7
2.2367977551371947e7
2.2357562558509313e7
2.2347105727562606e7
2.2336607697331723e7
2.2326069103280075e7
2.2315490577464644e7
2.2304872748469133e7
2.229421624134039e7
2.2283521677527763e7
2.227278967482554e7
2.2262020847318225e7
2.2251215805328686e7
2.2240375155368946e7
2.2229499500093807e7
2.221858943825684e7
2.220764556466911e7
2.2196668470160216e7
2.2185658741541725e7
2.2174616961572975e7
2.216354370892902e7
2.2152439558170874e7
2.2141305079717737e7
2.2130140839821372e7
2.21189474005424e7
2.2107725319728617e7
2.209647515099505e7
2.208519744370593e7
2.2073892742958426e7
2.206256158956799e7
2.205120452005543e7
2.203982206663561e7
2.202841475720759e7
2.389987349255592e7
2.3899870042975266e7
2.3899864942241836e7
2.389985768873009e7
2.3899847702455714e7
2.3899834323967453e7
2.389981681402064e7
2.389979435396124e7
2.3899766046750013e7
2.3899730918558322e7
2.389968792086898e7
2.389963593301865e7
2.389957376512107e7
2.38995001613141e7
2.3899413803276878e7
2.3899313313967258e7
2.3899197261533413e7
2.389906416335713e7
2.3898912490190174e7
2.389874067034848e7
2.389854709393261e7
2.3898330117045984e7
2.3898088065985754e7
2.3897819241384123e7
2.3897521922280364e7
2.3897194370106928e7
2.3896834832575075e7
2.3896441547447618e7
2.3896012746188745e7
2.389554665748231e7
2.389504151061213e7
2.3894495538698874e7
2.389390698178996e7
2.3893274089799754e7
2.389259512529864e7
2.389186836615058e7
2.3891092107999336e7
2.3890264666604705e7
2.3889384380030375e7
2.388844961068588e7
2.3887458747225456e7
2.388641020630697e7
2.3885302434214752e7
2.3884133908349913e7
2.3882903138592493e7
2.3881608668539666e7
2.388024907662438e7
2.3878822977119073e7
2.387732902102891e7
2.387576589687932e7
2.3874132331402346e7
2.3872427090126507e7
2.3870648977874637e7
2.3868796839174375e7
2.3866869558585547e7
2.3864866060949024e7
2.3862785311561126e7
2.3860626316277865e7
2.385838812155299e7
2.385606981441382e7
2.385367052237868e7
2.3851189413319528e7
2.3848625695273496e7
2.384597861620659e7
2.3843247463732984e7
2.3840431564792983e7
2.383753028529277e7
2.3834543029708777e7
2.383146924065952e7
2.3828308398447502e7
2.3825060020573765e7
2.382172366122749e7
2.381829891075296e7
2.3814785395096045e7
2.3811182775232278e7
2.3807490746578604e7
2.380370903839051e7
2.379983741314635e7
2.3795875665920656e7
2.3791823623747826e7
2.378768114497781e7
2.3783448118625157e7
2.3779124463712666e7
2.377471012861106e7
2.3770205090375606e7
2.3765609354080994e7
2.3760922952155326e7
2.3756145943714283e7
2.3751278413896292e7
2.3746320473199513e7
2.3741272256821513e7
2.373613392400219e7
2.373090565737075e7
2.372558766229725e7
2.3720180166249365e7
2.371468341815476e7
2.370909768776974e7
2.3703423265054416e7
2.3697660459554896e7
2.369180959979288e7
2.3685871032662913e7
2.3679845122837625e7
2.3673732252181273e7
2.36675328191717e7
2.3661247238331083e7
2.3654875939665463e7
2.3648419368113436e7
2.3641877983003933e7
2.3635252257523336e7
2.3628542678191964e7
2.36217497443501e7
2.361487396765344e7
2.3607915871578168e7
2.360087599093568e7
2.359375487139683e7
2.358655306902587e7
2.3579271149823904e7
2.3571909689282075e7
2.356446927194407e7
2.3556950490978345e7
2.35493539477597e7
2.3541680251460206e7
2.3533930018649507e7
2.352610387290436e7
2.3518202444427315e7
2.351022636967443e7
2.350217629099202e7
2.3494052856262267e7
2.3485856718557544e7
2.3477588535803482e7
2.3469248970450528e7
2.346083868915394e7
2.345235836246214e7
2.3443808664513238e7
2.3435190272739634e7
2.342650386758053e7
2.3417750132202335e7
2.340892975222676e7
2.3400043415466398e7
2.339109181166785e7
2.338207563226208e7
2.3372995570122e7
2.3363852319327068e7
2.3354646574934863e7
2.3345379032759357e7
2.333605038915592e7
2.332666134081283e7
2.3317212584549177e7
2.3307704817119054e7
2.3298138735021856e7
2.328851503431864e7
2.327883441045436e7
2.3269097558085863e7
2.325930517091551e7
2.3249457941530377e7
2.3239556561246794e7
2.3229601719960194e7
2.321959410600011e7
2.320953440599025e7
2.3199423304713476e7
2.318926148498158e7
2.317904962750981e7
2.3168788410795987e7
2.3158478511004034e7
2.3148120601851996e7
2.3137715354504246e7
2.312726343746791e7
2.3116765516493313e7
2.3106222254478432e7
2.3095634311377212e7
2.3085002344111618e7
2.3074327006487407e7
2.306360894911344e7
2.3052848819324527e7
2.304204726110762e7
2.303120491503137e7
2.302032241817887e7
2.3009400404083565e7
2.2998439502668142e7
2.298744034018655e7
2.2976403539168727e7
2.296532971836828e7
2.2954219492712803e7
2.2943073473257005e7
2.293189226713818e7
2.2920676477534473e7
2.290942670362537e7
2.2898143540554702e7
2.288682757939589e7
2.2875479407119427e7
2.2864099606562577e7
2.285268875640118e7
2.2841247431123495e7
2.2829776201005973e7
2.281827563209115e7
2.280674628616716e7
2.2795188720749263e7
2.278360348906307e7
2.277199114002946e7
2.2760352218251146e7
2.2748687264000908e7
2.4659745854643013e7
2.465974240054989e7
2.4659737292361937e7
2.465973002711722e7
2.4659720023106154e7
2.4659706618705936e7
2.4659689071996998e7
2.4659666561091248e7
2.465963818510229e7
2.465960296568999e7
2.465955984911326e7
2.4659507708728153e7
2.4659445347870868e7
2.4659371503069088e7
2.4659284847527977e7
2.4659183994841438e7
2.4659067502882317e7
2.4658933877829306e7
2.465878157829171e7
2.4658609019496962e7
2.46584145775089e7
2.4658196593448427e7
2.4657953377691064e7
2.465768321401889e7
2.4657384363707174e7
2.4657055069528565e7
2.4656693559659984e7
2.4656298051479876e7
2.4655866755245022e7
2.4655397877638508e7
2.4654889625181705e7
2.465434020750494e7
2.465374784047275e7
2.465311074916091e7
2.4652427170683566e7
2.4651695356869686e7
2.465091357678919e7
2.465008011912936e7
2.4649193294423506e7
2.464825143713377e7
2.464725290759086e7
2.4646196093793932e7
2.464507941307383e7
2.464390131362371e7
2.464266027590082e7
2.4641354813903823e7
2.4639983476329837e7
2.4638544847615775e7
2.4637037548868373e7
2.4635460238687612e7
2.463381161388796e7
2.463209041012206e7
2.4630295402411543e7
2.4628425405589078e7
2.4626479274656504e7
2.46244559050631e7
2.4622354232908335e7
2.4620173235073224e7
2.461791192928444e7
2.4615569374114864e7
2.461314466892468e7
2.4610636953746546e7
2.460804540911832e7
2.4605369255867038e7
2.460260775484716e7
2.4599760206636548e7
2.459682595119295e7
2.45938043674742e7
2.45906948730247e7
2.4587496923531007e7
2.458421001234911e7
2.4580833670005642e7
2.457736746367564e7
2.4573810996638793e7
2.457016390771652e7
2.4566425870691687e7
2.456259659371294e7
2.4558675818685517e7
2.455466332065008e7
2.4550558907151304e7
2.454636241759767e7
2.4542073722613942e7
2.4537692723387584e7
2.4533219351010542e7
2.452865356581735e7
2.4523995356720887e7
2.4519244740546774e7
2.4514401761367273e7
2.450946648983575e7
2.45044390225225e7
2.449931948125267e7
2.4494108012447137e7
2.4488804786466938e7
2.4483409996961877e7
2.4477923860223945e7
2.4472346614546143e7
2.4466678519587003e7
2.4460919855741553e7
2.445507092351885e7
2.4449132042926706e7
2.4443103552863825e7
2.4436985810519643e7
2.4430779190782245e7
2.4424484085654553e7
2.4418100903679058e7
2.441163006937115e7
2.4405072022661455e7
2.4398427218347132e7
2.439169612555235e7
2.4384879227198035e7
2.4377977019480955e7
2.4370990011362266e7
2.436391872406553e7
2.4356763690584213e7
2.4349525455198817e7
2.4342204573003463e7
2.433480160944214e7
2.43273171398544e7
2.4319751749030575e7
2.431210603077656e7
2.430438058748789e7
2.429657602973333e7
2.4288692975847695e7
2.4280732051533896e7
2.4272693889474258e7
2.4264579128950786e7
2.4256388415474568e7
2.424812240042395e7
2.4239781740691606e7
2.4231367098340232e7
2.4222879140266888e7
2.4214318537875835e7
2.420568596675962e7
2.419698210638857e7
2.4188207639808293e7
2.4179363253345255e7
2.4170449636320215e7
2.4161467480769437e7
2.4152417481173504e7
2.41433003341937e7
2.4134116738415703e7
2.4124867394100595e7
2.4115553002942972e7
2.4106174267835982e7
2.409673189264341e7
2.408722658197827e7
2.4077659040988162e7
2.406802997514713e7
2.4058340090053707e7
2.4048590091235377e7
2.4038780683959022e7
2.4028912573047366e7
2.4018986462701377e7
2.400900305632815e7
2.399896305637472e7
2.398886716416708e7
2.3978716079754725e7
2.396851050176044e7
2.3958251127235122e7
2.394793865151771e7
2.3937573768100012e7
2.392715716849628e7
2.3916689542117473e7
2.390617157615014e7
2.3895603955439735e7
2.3884987362378236e7
2.3874322476796124e7
2.386360997585845e7
2.3852850533964936e7
2.3842044822654076e7
2.3831193510511044e7
2.382029726307939e7
2.3809356742776386e7
2.379837260881194e7
2.3787345517110996e7
2.377627612023932e7
2.376516506733257e7
2.375401300402861e7
2.3742820572402947e7
2.3731588410907216e7
2.3720317154310588e7
2.3709007433644176e7
2.369765987614812e7
2.3686275105221506e7
2.367485374037487e7
2.3663396397185363e7
2.3651903687254358e7
2.3640376218167536e7
2.362881459345738e7
2.361721941256789e7
2.360559127082159e7
2.3593930759388786e7
2.3582238465258792e7
2.357051497121329e7
2.3558760855801724e7
2.3546976693318535e7
2.3535163053782348e7
2.3523320502916936e7
2.351144960213397e7
2.3499550908517495e7
2.3487624974810004e7
2.5438823663005784e7
2.543882020445377e7
2.5438815088898856e7
2.543880781205743e7
2.543879779051317e7
2.5438784360494405e7
2.5438766777433887e7
2.543874421624131e7
2.543871577221989e7
2.5438680462559536e7
2.5438637228341714e7
2.5438584936992906e7
2.5438522385127332e7
2.5438448301722083e7
2.5438361351571754e7
2.543826013897286e7
2.5438143211592194e7
2.5438009064476714e7
2.54378561441661e7
2.543768285287278e7
2.5437487552697413e7
2.5437268569851182e7
2.5437024198859204e7
2.5436752706722412e7
2.5436452337017942e7
2.5436121313920632e7
2.543575784613048e7
2.543536013069353e7
2.5434926356705092e7
2.543445470888657e7
2.5433943371028587e7
2.54333905292947e7
2.5432794375381466e7
2.5432153109531745e7
2.5431464943399318e7
2.543072810276395e7
2.5429940830096718e7
2.5429101386976514e7
2.5428208056358956e7
2.5427259144699834e7
2.5426252983935587e7
2.5425187933323678e7
2.5424062381146338e7
2.542287474628121e7
2.5421623479642756e7
2.5420307065498635e7
2.541892402266512e7
2.541747290558615e7
2.5415952305300124e7
2.5414360850299392e7
2.541269720728644e7
2.5410960081831682e7
2.5409148218937207e7
2.540726040351085e7
2.540529546075513e7
2.5403252256475247e7
2.5401129697310425e7
2.5398926730892748e7
2.539664234593744e7
2.5394275572268736e7
2.5391825480784766e7
2.538929118336561e7
2.5386671832727708e7
2.5383966622228343e7
2.538117478562332e7
2.5378295596781183e7
2.537532836935699e7
2.5372272456428595e7
2.5369127250098236e7
2.5365892181062214e7
2.5362566718151163e7
2.535915036784343e7
2.535564267375388e7
2.535204321610043e7
2.534835161115035e7
2.5344567510648463e7
2.534069060122908e7
2.533672060381352e7
2.5332657272994965e7
2.5328500396412257e7
2.532424979411419e7
2.5319905317915745e7
2.5315466850747623e7
2.5310934306000456e7
2.530630762686476e7
2.5301586785667952e7
2.529677178320929e7
2.529186264809398e7
2.5286859436067197e7
2.5281762229348984e7
2.5276571135970775e7
2.5271286289114498e7
2.5265907846454643e7
2.5260435989504267e7
2.5254870922965378e7
2.524921287408424e7
2.524346209201226e7
2.5237618847172756e7
2.5231683430634204e7
2.5225656153490223e7
2.5219537346246775e7
2.5213327358216878e7
2.5207026556923013e7
2.520063532750779e7
2.519415407215269e7
2.5187583209505506e7
2.5180923174116414e7
2.5174174415882945e7
2.516733739950391e7
2.5160412603942595e7
2.5153400521899015e7
2.5146301659291673e7
2.5139116534748543e7
2.513184567910763e7
2.5124489634926874e7
2.511704895600366e7
2.510952420690376e7
2.5101915962499734e7
2.5094224807518892e7
2.5086451336100675e7
2.5078596151363384e7
2.507065986498036e7
2.5062643096765406e7
2.505454647426747e7
2.5046370632374533e7
2.503811621292653e7
2.502978386433734e7
2.502137424122568e7
2.5012888004054796e7
2.500432581878095e7
2.4995688356510483e7
2.498697629316538e7
2.4978190309157327e7
2.4969331089070003e7
2.4960399321349557e7
2.495139569800318e7
2.4942320914305568e7
2.4933175668513313e7
2.4923960661586847e7
2.4914676596920084e7
2.4905324180077452e7
2.489590411853827e7
2.4886417121448323e7
2.487686389937846e7
2.4867245164090242e7
2.4857561628308278e7
2.4847814005499333e7
2.4838003009657983e7
2.4828129355098706e7
2.4818193756254245e7
2.48081969274802e7
2.4798139582865674e7
2.4788022436049856e7
2.4777846200044367e7
2.47676115870614e7
2.4757319308347333e7
2.4746970074021846e7
2.473656459292239e7
2.4726103572453793e7
2.4715587718443092e7
2.4705017734999225e7
2.469439432437772e7
2.4683718186850026e7
2.467299002057766e7
2.4662210521490693e7
2.4651380383170888e7
2.4640500296739068e7
2.4629570950746667e7
2.461859303107156e7
2.4607567220817797e7
2.4596494200219356e7
2.4585374646547653e7
2.4574209234022874e7
2.456299863372891e7
2.455174351353187e7
2.4540444538002018e7
2.45291023683392e7
2.451771766230139e7
2.4506291074136656e7
2.4494823254518017e7
2.448331485048154e7
2.4471766505367327e7
2.4460178858763285e7
2.4448552546451908e7
2.4436888200359605e7
2.4425186448508777e7
2.441344791497241e7
2.440167321983133e7
2.4389862979133643e7
2.4378017804856848e7
2.436613830487201e7
2.435422508291031e7
2.4342278738531746e7
2.433029986709594e7
2.4318289059734978e7
2.4306246903328314e7
2.4294173980479527e7
2.4282070869495027e7
2.4269938144364547e7
2.4257776374743402e7
2.424558612593651e7
2.6237468690165963e7
2.6237465227207694e7
2.6237460104371887e7
2.623745281606773e7
2.6237442777190376e7
2.623742932184169e7
2.6237411702833537e7
2.6237389091904916e7
2.6237360580584835e7
2.6237325181634415e7
2.623728183100351e7
2.6237229390239656e7
2.623716664929005e7
2.6237092329640396e7
2.6237005087737557e7
2.623690351864685e7
2.623678615989799e7
2.6236651495477255e7
2.6236497959927328e7
2.62363239425191e7
2.6236127791463666e7
2.6235907818135433e7
2.6235662301280722e7
2.6235389491188787e7
2.623508761380517e7
2.623475487476971e7
2.6234389463363905e7
2.6233989556354616e7
2.6233553321722988e7
2.623307892226947e7
2.623256451908736e7
2.6232008274899e7
2.6231408357250035e7
2.623076294155844e7
2.6230070214016113e7
2.6229328374341995e7
2.6228535638386346e7
2.622769024058677e7
2.6226790436277114e7
2.622583450385129e7
2.6224820746784095e7
2.6223747495512057e7
2.622261310917739e7
2.622141597723852e7
2.6220154520951107e7
2.6218827194723338e7
2.6217432487349797e7
2.6215968923128113e7
2.621443506286276e7
2.6212829504760504e7
2.6211150885221772e7
2.620939787953266e7
2.6207569202461768e7
2.620566360876652e7
2.620367989361308e7
2.6201616892914362e7
2.619947348359019e7
2.6197248583753876e7
2.6194941152829118e7
2.61925501916012e7
2.6190074742206287e7
2.6187513888062544e7
2.618486675374664e7
2.6182132504818987e7
2.617931034760132e7
2.6176399528909534e7
2.6173399335745018e7
2.6170309094947483e7
2.6167128172812045e7
2.6163855974673282e7
2.6160491944459025e7
2.6157035564216148e7
2.6153486353610955e7
2.6149843869406223e7
2.6146107704917245e7
2.614227748944882e7
2.6138352887715146e7
2.6134333599244487e7
2.6130219357770395e7
2.6126009930611048e7
2.6121705118038423e7
2.611730475263863e7
2.611280869866495e7
2.6108216851384725e7
2.6103529136421576e7
2.60987455090939e7
2.609386595375084e7
2.6088890483106755e7
2.6083819137575123e7
2.6078651984602854e7
2.6073389118005734e7
2.606803065730588e7
2.606257674707188e7
2.6057027556262396e7
2.6051383277573697e7
2.604564412679181e7
2.603981034214989e7
2.6033882183691148e7
2.6027859932637878e7
2.6021743890767038e7
2.6015534379792694e7
2.6009231740755707e7
2.6002836333420984e7
2.5996348535682566e7
2.5989768742976822e7
2.5983097367703956e7
2.597633483865806e7
2.596948160046584e7
2.5962538113034274e7
2.595550485100718e7
2.5948382303230964e7
2.594117097222955e7
2.5933871373688586e7
2.592648403594901e7
2.5919009499509994e7
2.591144831654133e7
2.590380105040519e7
2.5896068275187425e7
2.588825057523818e7
2.588034854472202e7
2.587236278717737e7
2.586429391508535e7
2.5856142549447816e7
2.584790931937477e7
2.5839594861680824e7
2.583119982049082e7
2.5822724846854452e7
2.581417059836989e7
2.580553773881613e7
2.5796826937794257e7
2.578803887037725e7
2.5779174216768395e7
2.5770233661968138e7
2.5761217895449296e7
2.5752127610840444e7
2.5742963505617563e7
2.5733726280803468e7
2.572441664067531e7
2.5715035292479735e7
2.570558294615573e7
2.569606031406496e7
2.56864681107295e7
2.567680705257683e7
2.5667077857692022e7
2.5657281245576844e7
2.564741793691585e7
2.5637488653349195e7
2.56274941172521e7
2.5617435051520806e7
2.5607312179364964e7
2.5597126224106234e7
2.5586877908983096e7
2.5576567956961617e7
2.5566197090552144e7
2.5555766031631775e7
2.5545275501272473e7
2.5534726219574742e7
2.5524118905506697e7
2.5513454276748464e7
2.5502733049541704e7
2.5491955938544314e7
2.5481123656690005e7
2.5470236915052786e7
2.545929642271613e7
2.5448302886646815e7
2.54372570115733e7
2.5426159499868497e7
2.5415011051436856e7
2.5403812363605674e7
2.539256413102055e7
2.53812670455448e7
2.536992179616282e7
2.5358529068887297e7
2.5347089546670083e7
2.533560390931679e7
2.5324072833404854e7
2.531249699220508e7
2.5300877055606626e7
2.5289213690045148e7
2.5277507558434214e7
2.526575932009987e7
2.5253969630718157e7
2.524213914225561e7
2.5230268502912723e7
2.5218358357070047e7
2.5206409345237195e7
2.519442210400435e7
2.518239726599643e7
2.5170335459829774e7
2.515823731007123e7
2.514610343719962e7
2.5133934457569543e7
2.5121730983377386e7
2.510949362262953e7
2.509722297911269e7
2.5084919652366277e7
2.5072584237656783e7
2.5060217325954076e7
2.5047819503909655e7
2.5035391353836607e7
2.502293345369144e7
2.7056047223448142e7
2.705604375613534e7
2.7056038626103237e7
2.705603132646806e7
2.7056021270454418e7
2.7056007790059753e7
2.705599013550149e7
2.705596747537895e7
2.7055938897482805e7
2.705590341018596e7
2.7055859944352064e7
2.705580735569975e7
2.705574442756373e7
2.705566987399692e7
2.70555823431609e7
2.7055480420955583e7
2.705536263484211e7
2.705522745781697e7
2.7055073312498238e7
2.7054898575288687e7
2.705470158058344e7
2.7054480624993302e7
2.70542339715577e7
2.7053959853924114e7
2.7053656480473664e7
2.7053322038374834e7
2.705295469755e7
2.7052552614541207e7
2.7052113936264105e7
2.7051636803640425e7
2.7051119355101325e7
2.705055972995541e7
2.7049956071616583e7
2.7049306530688234e7
2.704860926790134e7
2.7047862456905115e7
2.70470642869098e7
2.7046212965181798e7
2.7045306719392303e7
2.7044343799821056e7
2.7043322481417373e7
2.7042241065721154e7
2.7041097882646836e7
2.703989129213381e7
2.7038619685666777e7
2.703728148767001e7
2.703587515677958e7
2.7034399186997686e7
2.703285210873342e7
2.703123248973426e7
2.7029538935912795e7
2.7027770092072967e7
2.7025924642540295e7
2.7024001311700456e7
2.7021998864450525e7
2.7019916106567167e7
2.701775188499589e7
2.7015505088065617e7
2.701317464563244e7
2.7010759529156562e7
2.700825875171622e7
2.7005671367962234e7
2.700299647401687e7
2.7000233207320377e7
2.6997380746428594e7
2.699443831076487e7
2.6991405160329357e7
2.698828059536871e7
2.6985063956009008e7
2.6981754621854704e7
2.6978352011556134e7
2.6974855582348257e7
2.6971264829562876e7
2.6967579286116667e7
2.696379852197731e7
2.695992214360964e7
2.6955949793403845e7
2.695188114908774e7
2.694771592312458e7
2.694345386209844e7
2.693909474608855e7
2.6934638388034064e7
2.6930084633090965e7
2.692543335798205e7
2.692068447034163e7
2.6915837908055883e7
2.6910893638600122e7
2.6905851658374026e7
2.6900711992035702e7
2.6895474691835657e7
2.6890139836951427e7
2.688470753282381e7
2.68791779104952e7
2.687355112595108e7
2.6867827359465014e7
2.686200681494787e7
2.6856089719301876e7
2.685007632177994e7
2.6843966893350746e7
2.683776172607007e7
2.6831461132458664e7
2.682506544488724e7
2.6818575014968544e7
2.681199021295729e7
2.6805311427157782e7
2.679853906333974e7
2.679167354416249e7
2.6784715308607597e7
2.6777664811420348e7
2.6770522522559922e7
2.6763288926658664e7
2.6755964522490386e7
2.6748549822447844e7
2.6741045352029502e7
2.6733451649335515e7
2.6725769264573146e7
2.6717998759571496e7
2.67101407073056e7
2.6702195691429984e7
2.6694164305821456e7
2.6686047154131427e7
2.6677844849347316e7
2.666955801336349e7
2.666118727656122e7
2.6652733277397893e7
2.664419666200533e7
2.663557808379715e7
2.6626878203084983e7
2.661809768670372e7
2.6609237207645398e7
2.660029744470186e7
2.6591279082115978e7
2.658218280924135e7
2.657300932021041e7
2.6563759313610766e7
2.6554433492169827e7
2.6545032562447287e7
2.6535557234535724e7
2.6526008221768904e7
2.6516386240437858e7
2.650669200951445e7
2.6496926250382558e7
2.6487089686576366e7
2.647718304352611e7
2.646720704831068e7
2.645716242941741e7
2.6447049916508514e7
2.643687024019437e7
2.642662413181333e7
2.641631232321802e7
2.6405935546568003e7
2.639549453412858e7
2.638499001807585e7
2.6374422730307575e7
2.6363793402260017e7
2.635310276473047e7
2.6342351547705438e7
2.6331540480194297e7
2.632067029006833e7
2.6309741703905087e7
2.62987554468378e7
2.628771224241001e7
2.6276612812434956e7
2.626545787685988e7
2.6254248153635036e7
2.624298435858731e7
2.6231667205298327e7
2.6220297404986944e7
2.620887566639613e7
2.6197402695683885e7
2.6185879196318425e7
2.6174305868977256e7
2.616268341145019e7
2.6151012518546134e7
2.6139293882003684e7
2.6127528190405242e7
2.6115716129094698e7
2.6103858380098622e7
2.6091955622050703e7
2.6080008530119564e7
2.606801777593971e7
2.6055984027545597e7
2.6043907949308746e7
2.6031790201877784e7
2.6019631442121383e7
2.6007432323073957e7
2.5995193493884128e7
2.5982915599765796e7
2.5970599281951834e7
2.595824517765024e7
2.594585392000277e7
2.5933426138045944e7
2.5920962456674293e7
2.5908463496605948e7
2.5895929874350347e7
2.5883362202178054e7
2.587076108809268e7
2.585812713580476e7
2.584546094470761e7
2.583276310985502e7
2.5820034221940827e7
2.789493009297699e7
2.7894926621360485e7
2.789492148421525e7
2.7894914173378576e7
2.7894904100422196e7
2.7894890595260892e7
2.789487290554372e7
2.7894850196760993e7
2.789482155300034e7
2.7894785978286654e7
2.7894742398442257e7
2.7894689663406417e7
2.7894626549955335e7
2.789455176476732e7
2.7894463947780643e7
2.7894361675795116e7
2.7894243466271564e7
2.7894107781287186e7
2.7893953031607706e7
2.789377758084103e7
2.7893579749639995e7
2.789335781992506e7
2.7893110039100938e7
2.7892834624243725e7
2.789252976623782e7
2.7892193633844815e7
2.7891824377688225e7
2.789142013414081e7
2.789097902910266e7
2.789049918166052e7
2.7889978707620263e7
2.7889415722906098e7
2.78888083468214e7
2.788815470516755e7
2.788745293321794e7
2.788670117854576e7
2.788589760370478e7
2.7885040388763282e7
2.7884127733691957e7
2.7883157860607367e7
2.7882129015872862e7
2.7881039472059503e7
2.7879887529769927e7
2.7878671519328326e7
2.7877389802340187e7
2.787604077312536e7
2.787462286002862e7
2.7873134526611697e7
2.7871574272730976e7
2.7869940635505207e7
2.7868232190177538e7
2.786644755087622e7
2.7864585371278293e7
2.7862644345180698e7
2.786062320698293e7
2.7858520732085682e7
2.7856335737209424e7
2.7854067080637235e7
2.7851713662385684e7
2.7849274424307812e7
2.784674835013192e7
2.7844134465439975e7
2.7841431837589115e7
2.783863957557976e7
2.783575682987368e7
2.7832782792165343e7
2.782971669510947e7
2.7826557812008023e7
2.7823305456459332e7
2.781995898197224e7
2.7816517781547867e7
2.781298128723149e7
2.7809348969637077e7
2.780562033744671e7
2.7801794936887037e7
2.7797872351185113e7
2.779385220000521e7
2.7789734138869002e7
2.7785517858560484e7
2.7781203084517576e7
2.7776789576212086e7
2.7772277126519296e7
2.7767665561078936e7
2.776295473764873e7
2.7758144545451805e7
2.775323490451934e7
2.7748225765029386e7
2.774311710664314e7
2.77379089378395e7
2.7732601295248996e7
2.7727194242987953e7
2.772168787199359e7
2.771608229936104e7
2.7710377667682886e7
2.7704574144391876e7
2.769867192110744e7
2.7692671212986775e7
2.7686572258080676e7
2.768037531669499e7
2.767408067075783e7
2.7667688623193216e7
2.7661199497301362e7
2.765461363614602e7
2.7647931401949205e7
2.7641153175493542e7
2.7634279355532605e7
2.7627310358209312e7
2.7620246616482735e7
2.76130885795634e7
2.7605836712357376e7
2.759849149491906e7
2.7591053421913054e7
2.7583523002085038e7
2.757590075774174e7
2.756818722424024e7
2.7560382949486356e7
2.7552488493442494e7
2.7544504427644692e7
2.7536431334729057e7
2.7528269807967465e7
2.7520020450812634e7
2.7511683876452435e7
2.7503260707373474e7
2.7494751574933864e7
2.7486157118945193e7
2.747747798726354e7
2.7468714835389573e7
2.7459868326077607e7
2.745093912895345e7
2.7441927920141246e7
2.7432835381898798e7
2.7423662202261705e7
2.741440907469592e7
2.7405076697758745e7
2.7395665774768144e7
2.738617701348031e7
2.7376611125775248e7
2.736696882735042e7
2.7357250837422226e7
2.7347457878435284e7
2.7337590675779276e7
2.732764995751336e7
2.7317636454098e7
2.7307550898134068e7
2.7297394024109017e7
2.7287166568150215e7
2.7276869267785154e7
2.7266502861708384e7
2.725606808955517e7
2.72455656916817e7
2.7234996408951707e7
2.722436098252936e7
2.7213660153678376e7
2.7202894663567163e7
2.7192065253079955e7
2.7181172662633646e7
2.7170217632000506e7
2.71592009001363e7
2.7148123205014013e7
2.7136985283462845e7
2.7125787871012535e7
2.7114531701742634e7
2.7103217508137077e7
2.7091846020943373e7
2.708041796903678e7
2.7068934079289135e7
2.705739507644219e7
2.7045801682985518e7
2.70341546190388e7
2.702245460223831e7
2.7010702347627662e7
2.6998898567552563e7
2.6987043971559644e7
2.697513926629905e7
2.6963185155430973e7
2.6951182339535728e7
2.6939131516027603e7
2.6927033379072107e7
2.691488861950671e7
2.6902697924764886e7
2.689046197880355e7
2.687818146203345e7
2.6865857051252935e7
2.6853489419584483e7
2.6841079236414388e7
2.6828627167335156e7
2.6816133874090794e7
2.6803600014524765e7
2.6791026242530603e7
2.6778413208005123e7
2.676576155680409e7
2.6753071930700377e7
2.674034496734447e7
2.6727581300227273e7
2.671478155864517e7
2.6701946367667254e7
2.668907634810471e7
2.6676172116482187e7
2.6663234285011247e7
2.6650263461565703e7
2.66372602496589e7
2.8754492699674327e7
2.8754489223804094e7
2.875448407962749e7
2.8754476757716645e7
2.875446666800792e7
2.8754453138354834e7
2.8754435413863778e7
2.8754412656946294e7
2.8754383948021922e7
2.875434828680716e7
2.8754304594127446e7
2.8754251714191705e7
2.875418841727112e7
2.875411340272704e7
2.8754025302335966e7
2.875392268386249e7
2.875380405483498e7
2.8753667866481565e7
2.875351251778764e7
2.8753336359639414e7
2.8753137699021045e7
2.8752914803236086e7
2.8752665904126998e7
2.87523892022692e7
2.8752082871118713e7
2.875174506109534e7
2.8751373903584957e7
2.875096751484759e7
2.8750523999818984e7
2.8750041455796063e7
2.8749517975997895e7
2.874895165299542e7
2.874834058200473e7
2.8747682864039887e7
2.874697660892245e7
2.8746219938145805e7
2.8745410987593528e7
2.8744547910111673e7
2.8743628877935648e7
2.874265208497302e7
2.8741615748943973e7
2.8740518113382038e7
2.8739357449497502e7
2.873813205790701e7
2.8736840270232305e7
2.8735480450572222e7
2.873405099685145e7
2.873255034205023e7
2.873097695531905e7
2.87293293429826e7
2.8727606049437236e7
2.8725805657946188e7
2.872392679133689e7
2.872196811260473e7
2.8719928325427417e7
2.8717806174594168e7
2.8715600446353924e7
2.871330996868659e7
2.8710933611501437e7
2.8708470286766253e7
2.870591894857149e7
2.870327859313262e7
2.870054825873477e7
2.869772702562263e7
2.869481401583939e7
2.8691808393017814e7
2.8688709362126462e7
2.8685516169174254e7
2.868222810087628e7
2.8678844484283384e7
2.8675364686378594e7
2.8671788113642577e7
2.8668114211590774e7
2.8664342464284595e7
2.866047239381869e7
2.8656503559786618e7
2.8652435558726873e7
2.864826802355118e7
2.864400062295694e7
2.863963306082546e7
2.8635165075607803e7
2.8630596439699594e7
2.8625926958806407e7
2.8621156471301164e7
2.8616284847574692e7
2.861131198938084e7
2.8606237829177275e7
2.8601062329463065e7
2.859578548211408e7
2.8590407307717104e7
2.8584927854903836e7
2.8579347199685216e7
2.857366544478735e7
2.8567882718989287e7
2.856199917646381e7
2.8556014996121515e7
2.8549930380959045e7
2.854374555741177e7
2.8537460774711803e7
2.853107630425131e7
2.8524592438952137e7
2.85180094926416e7
2.851132779943527e7
2.8504547713126704e7
2.849766960658474e7
2.84906938711584e7
2.848362091608975e7
2.847645116793501e7
2.8469185069993883e7
2.8461823081747558e7
2.8454365678305328e7
2.844681334986003e7
2.8439166601152483e7
2.843142595094484e7
2.8423591931503173e7
2.841566508808911e7
2.8407645978460766e7
2.8399535172382873e7
2.8391333251146194e7
2.8383040807096202e7
2.8374658443170957e7
2.8366186772448406e7
2.8357626417702667e7
2.834897801096971e7
2.8340242193122033e7
2.833141961345254e7
2.832251092926735e7
2.831351680548769e7
2.830443791426053e7
2.829527493457818e7
2.828602855190655e7
2.8276699457822036e7
2.8267288349656995e7
2.8257795930153705e7
2.8248222907126565e7
2.823856999313268e7
2.8228837905150514e7
2.8219027364266593e7
2.8209139095370144e7
2.8199173826855525e7
2.8189132290332388e7
2.8179015220343366e7
2.81688233540893e7
2.8158557431161717e7
2.81482181932826e7
2.8137806384051245e7
2.8127322748698074e7
2.811676803384536e7
2.810614298727464e7
2.8095448357700743e7
2.808468489455242e7
2.8073853347759195e7
2.8062954467544585e7
2.805198900422544e7
2.8040957708017245e7
2.8029861328845404e7
2.8018700616162226e7
2.8007476318769667e7
2.7996189184647523e7
2.798483996078713e7
2.7973429393030353e7
2.796195822591384e7
2.7950427202518247e7
2.793883706432263e7
2.7927188551063538e7
2.7915482400599036e7
2.7903719348777268e7
2.7891900129309658e7
2.788002547364859e7
2.7868096110869303e7
2.785611276755629e7
2.7844076167693593e7
2.7831987032559324e7
2.7819846080624137e7
2.7807654027453497e7
2.779541158561382e7
2.7783119464582242e7
2.7770778370659973e7
2.775838900688926e7
2.7745952072973646e7
2.773346826520165e7
2.7720938276373718e7
2.7708362795732267e7
2.7695742508894876e7
2.768307809779053e7
2.7670370240598727e7
2.765761961169145e7
2.764482688157802e7
2.7631992716852557e7
2.7619117780144118e7
2.760620273006942e7
2.7593248221188117e7
2.7580254903960347e7
2.7567223424706873e7
2.7554154425571315e7
2.7541048544484816e7
2.752790641513274e7
2.7514728666923568e7
2.750151592495983e7
2.7488268810011063e7
2.7474987938488662e7
2.963511504325597e7
2.963511156318111e7
2.963510641205352e7
2.9635099079193767e7
2.9635088972919986e7
2.9635075419045553e7
2.963505766015957e7
2.9635034855624653e7
2.963500608222675e7
2.9634970335413136e7
2.9634926531056304e7
2.9634873507683355e7
2.9634810029113438e7
2.9634734787448157e7
2.963464640636319e7
2.963454344465247e7
2.963442439997935e7
2.9634287712792795e7
2.9634131770369682e7
2.963395491094756e7
2.963375542791552e7
2.9633531574033692e7
2.9633281565654967e7
2.963300358692519e7
2.963269579394088e7
2.963235631884583e7
2.963198327385037e7
2.963157475515934e7
2.9631128846796572e7
2.9630643624315728e7
2.96301171583891e7
2.9629547518267248e7
2.9628932775104154e7
2.9628271005143445e7
2.9627560292762816e7
2.9626798733374547e7
2.962598443618095e7
2.9625115526784595e7
2.9624190149653777e7
2.9623206470444307e7
2.9622162678179372e7
2.962105698728958e7
2.961988763951599e7
2.9618652905678805e7
2.9617351087315377e7
2.9615980518190715e7
2.9614539565684557e7
2.9613026632058647e7
2.9611440155608468e7
2.9609778611703463e7
2.9608040513719928e7
2.960622441387095e7
2.9604328903937444e7
2.9602352615904734e7
2.9600294222508658e7
2.9598152437695708e7
2.9595926017000914e7
2.9593613757847942e7
2.9591214499774992e7
2.9588727124590673e7
2.958615055646357e7
2.9583483761949047e7
2.9580725749957096e7
2.9577875571664598e7
2.957493232037533e7
2.9571895131331086e7
2.956876318147697e7
2.9565535689183954e7
2.9562211913931508e7
2.9558791155953255e7
2.955527275584824e7
2.9551656094160374e7
2.9547940590928633e7
2.954412570521023e7
2.9540210934579164e7
2.9536195814602133e7
2.9532079918293998e7
2.9527862855554696e7
2.9523544272589467e7
2.9519123851314146e7
2.951460130874717e7
2.950997639638995e7
2.9505248899597164e7
2.950041863693815e7
2.9495485459550995e7
2.949044925049054e7
2.9485309924071334e7
2.9480067425206974e7
2.9474721728746466e7
2.946927283880905e7
2.946372078811814e7
2.945806563733527e7
2.945230747439508e7
2.9446446413841765e7
2.944048259616808e7
2.9434416187157225e7
2.9428247377228566e7
2.942197638078736e7
2.9415603435579468e7
2.940912880205117e7
2.9402552762714773e7
2.9395875621520333e7
2.9389097703233853e7
2.9382219352822423e7
2.937524093484646e7
2.9368162832859483e7
2.9360985448815577e7
2.9353709202484883e7
2.9346334530877195e7
2.933886188767405e7
2.9331291742669158e7
2.9323624581217777e7
2.931586090369459e7
2.9308001224960737e7
2.930004607383973e7
2.9291995992602434e7
2.92838515364612e7
2.9275613273073204e7
2.9267281782052852e7
2.9258857654493503e7
2.925034149249845e7
2.9241733908720914e7
2.9233035525913432e7
2.922424697648629e7
2.9215368902075097e7
2.9206401953117438e7
2.9197346788438607e7
2.918820407484621e7
2.9178974486733716e7
2.9169658705692872e7
2.9160257420134798e7
2.915077132491975e7
2.9141201120995563e7
2.9131547515044425e7
2.9121811219138145e7
2.9111992950401716e7
2.910209343068496e7
2.909211338624239e7
2.9082053547420938e7
2.9071914648355596e7
2.9061697426672824e7
2.9051402623201527e7
2.9041030981691636e7
2.903058324854e7
2.902006017252369e7
2.9009462504540335e7
2.8998790997355588e7
2.8988046405357543e7
2.897722948431788e7
2.8966340991159778e7
2.8955381683732323e7
2.894435232059152e7
2.893325366078739e7
2.8922086463657558e7
2.89108514886267e7
2.889954949501213e7
2.8888181241835173e7
2.8876747487638276e7
2.8865248990307845e7
2.8853686506902426e7
2.8842060793486472e7
2.8830372604969263e7
2.881862269494909e7
2.8806811815562487e7
2.8794940717338346e7
2.878301014905705e7
2.8771020857614215e7
2.875897358788909e7
2.874686908261756e7
2.8734708082269564e7
2.8722491324930817e7
2.8710219546188787e7
2.8697893479022827e7
2.868551385369836e7
2.867308139766497e7
2.86605968354584e7
2.8648060888606284e7
2.8635474275537565e7
2.862283771149549e7
2.8610151908454128e7
2.859741757503829e7
2.8584635416446764e7
2.8571806134378787e7
2.8558930426963776e7
2.854600898869401e7
2.8533042510360405e7
2.8520031678991213e7
2.850697717779356e7
2.849387968609775e7
2.8480739879304364e7
2.846755842883386e7
2.8454336002078846e7
2.8441073262358878e7
2.8427770868877556e7
2.841442947668214e7
2.840104973662537e7
2.838763229532959e7
2.8374177795153003e7
2.8360686874158088e7
2.834716016608205e7
2.8333598300309304e7
3.0537181750229053e7
3.0537178265997857e7
3.0537173107998308e7
3.0537165764312845e7
3.0537155641658247e7
3.053714206382858e7
3.0537124270920713e7
3.053710141927774e7
3.0537072582086075e7
3.053703675056255e7
3.05369928356701e7
3.053693967030207e7
3.0536876011878043e7
3.053680054529653e7
3.0536711886193037e7
3.053660858445481e7
3.053648912794729e7
3.0536351946409915e7
3.0536195415482562e7
3.0536017860827e7
3.0535817562310826e7
3.0535592758224335e7
3.0535341649503715e7
3.0535062403936733e7
3.0534753160329692e7
3.053441203261685e7
3.0534037113895863e7
3.053362648037496e7
3.053317819521962e7
3.0532690312288143e7
3.0532160879747607e7
3.0531587943562828e7
3.053096955085265e7
3.0530303753109194e7
3.0529588609276596e7
3.0528822188687123e7
3.05280025738533e7
3.052712786311571e7
3.0526196173146624e7
3.052520564131046e7
3.0524154427882653e7
3.052304071812898e7
3.0521862724247668e7
3.0520618687177368e7
3.0519306878273953e7
3.0517925600859664e7
3.0516473191648275e7
3.051494802204998e7
3.0513348499360155e7
3.0511673067835853e7
3.050992020966424e7
3.050808844582729e7
3.0506176336866647e7
3.0504182483553167e7
3.0502105527465053e7
3.0499944151478916e7
3.0497697080177777e7
3.0495363080179982e7
3.0492940960393116e7
3.049042957219669e7
3.0487827809557438e7
3.048513460908086e7
3.048234895000266e7
3.047946985412353e7
3.0476496385690693e7
3.047342765122934e7
3.0470262799327347e7
3.0467001020376112e7
3.046364154627048e7
3.046018365007071e7
3.0456626645628996e7
3.0452969887183275e7
3.0449212768920787e7
3.0445354724513687e7
3.0441395226629123e7
3.043733378641583e7
3.043316995296939e7
3.0428903312778093e7
3.0424533489151318e7
3.0420060141632162e7
3.041548296539611e7
3.0410801690637264e7
3.0406016081943713e7
3.040112593766346e7
3.0396131089262333e7
3.03910314006751e7
3.0385826767651044e7
3.0380517117095184e7
3.0375102406406123e7
3.0369582622811705e7
3.0363957782703243e7
3.0358227930969402e7
3.035239314033045e7
3.0346453510673735e7
3.0340409168391056e7
3.0334260265718784e7
3.0328006980081074e7
3.0321649513437055e7
3.031518809163245e7
3.0308622963756006e7
3.0301954401501466e7
3.029518269853525e7
3.028830816987047e7
3.0281331151247457e7
3.0274251998521283e7
3.026707108705653e7
3.0259788811129536e7
3.0252405583338417e7
3.024492183402115e7
3.023733801068175e7
3.0229654577424876e7
3.0221872014398996e7
3.021399081724817e7
3.0206011496572554e7
3.0197934577397984e7
3.0189760598654322e7
3.018149011266291e7
3.0173123684633166e7
3.016466189216815e7
3.0156105324779466e7
3.0147454583411146e7
3.013871027997281e7
3.012987303688192e7
3.012094348661513e7
3.011192227126884e7
3.0102810042128704e7
3.0093607459248174e7
3.008431519103607e7
3.0074933913852964e7
3.00654643116164e7
3.0055907075414985e7
3.0046262903131012e7
3.0036532499071777e7
3.0026716573609386e7
3.0016815842828926e7
3.00068310281851e7
2.9996762856166866e7
2.9986612057970442e7
2.9976379369180165e7
2.9966065529457264e7
2.9955671282236572e7
2.9945197374430753e7
2.9934644556142226e7
2.99240135803825e7
2.991330520279887e7
2.9902520181408394e7
2.989165927633882e7
2.988072324957679e7
2.9869712864722595e7
2.9858628886752006e7
2.9847472081784476e7
2.9836243216858067e7
2.9824943059710708e7
2.981357237856765e7
2.9802131941935323e7
2.9790622518400982e7
2.9779044876438513e7
2.976739978421989e7
2.975568800943247e7
2.97439103191018e7
2.9732067479419973e7
2.9720160255579274e7
2.970818941161115e7
2.969615571023031e7
2.9684059912683833e7
2.9671902778605312e7
2.965968506587366e7
2.964740753047681e7
2.96350709263799e7
2.9622676005398072e7
2.9610223517073635e7
2.9597714208557535e7
2.9585148824495107e7
2.957252810691588e7
2.9559852795127448e7
2.954712362561326e7
2.9534341331934262e7
2.9521506644634295e7
2.9508620291149147e7
2.949568299571914e7
2.948269547930532e7
2.9469658459508896e7
2.9456572650494117e7
2.944343876291434e7
2.9430257503841296e7
2.9417029576697335e7
2.9403755681190785e7
2.939043651325421e7
2.9377072764985457e7
2.9363665124591563e7
2.9350214276335284e7
2.9336720900484364e7
2.9323185673263267e7
2.9309609266807467e7
2.9295992349120185e7
2.9282335584031403e7
2.9268639631159328e7
2.9254905145873915e7
2.9241132779262796e7
2.9227323178099092e7
2.921347698481144e7
3.1461082101888806e7
3.1461078613548737e7
3.146107344875496e7
3.1461066094364926e7
3.14610559555108e7
3.146104235398782e7
3.1461024527425244e7
3.1461001629175793e7
3.1460972728859954e7
3.14609368135024e7
3.146089278919945e7
3.1460839483258225e7
3.1460775646750756e7
3.1460699957428675e7
3.1460611022947308e7
3.1460507384350933e7
3.1460387519773755e7
3.1460249848314922e7
3.146009273404865e7
3.1459914490133632e7
3.1459713382989496e7
3.145948763651032e7
3.1459235436288647e7
3.145895493382592e7
3.145864425070805e7
3.1458301482726827e7
3.145792470393086e7
3.1457511970591296e7
3.1457061325069934e7
3.1456570799578935e7
3.1456038419823162e7
3.1455462208517913e7
3.145484018877581e7
3.1454170387358397e7
3.1453450837788653e7
3.1452679583322298e7
3.1451854679776147e7
3.1450974198212948e7
3.145003622748287e7
3.1449038876622275e7
3.1447980277111325e7
3.1446858584992222e7
3.1445671982850324e7
3.1444418681661025e7
3.1443096922505304e7
3.144170497815741e7
3.144024115454798e7
3.1438703792106524e7
3.143709126698719e7
3.1435401992181525e7
3.143363441852258e7
3.1431787035584338e7
3.1429858372480586e7
3.1427846998567514e7
3.142575152405402e7
3.142357060052394e7
3.1421302921374217e7
3.141894722217305e7
3.1416502280941892e7
3.141396691836527e7
3.141133999793212e7
3.140862042601226e7
3.1405807151871778e7
3.140289916763068e7
3.1399895508166134e7
3.139679525096474e7
3.1393597515926864e7
3.1390301465126134e7
3.1386906302527048e7
3.1383411273663566e7
3.137981566528121e7
3.1376118804945655e7
3.1372320060619928e7
3.1368418840212904e7
3.1364414591101207e7
3.1360306799626898e7
3.135609499057284e7
3.135177872661785e7
3.1347357607773636e7
3.1342831270805165e7
3.1338199388636157e7
3.1333461669741668e7
3.1328617857528865e7
3.1323667729707792e7
3.131861109765335e7
3.1313447805760007e7
3.1308177730790183e7
3.13028007812177e7
3.1297316896567464e7
3.1291726046752155e7
3.128602823140713e7
3.1280223479224466e7
3.1274311847286794e7
3.1268293420402043e7
3.1262168310439505e7
3.1255936655668244e7
3.1249598620098338e7
3.1243154392825585e7
3.1236604187380277e7
3.122994824108056e7
3.1223186814390868e7
3.1216320190285873e7
3.1209348673620455e7
3.120227259050584e7
3.119509228769262e7
3.1187808131960623e7
3.118042050951617e7
3.117292982539679e7
3.116533650288391e7
3.1157640982923325e7
3.114984372355412e7
3.1141945199345715e7
3.1133945900843643e7
3.11258463340239e7
3.1117647019756e7
3.1109348493274957e7
3.110095130366216e7
3.1092456013335317e7
3.1083863197547324e7
3.107517344389424e7
3.106638735183247e7
3.1057505532204866e7
3.1048528606776085e7
3.103945720777694e7
3.103029197745789e7
3.1021033567651488e7
3.1011682639343888e7
3.100223986225527e7
3.099270591442921e7
3.0983081481830757e7
3.0973367257953458e7
3.096356394343487e7
3.0953672245680958e7
3.0943692878498673e7
3.0933626561737325e7
3.0923474020938024e7
3.0913235986991648e7
3.090291319580467e7
3.0892506387973316e7
3.0882016308465533e7
3.0871443706310827e7
3.086078933429786e7
3.0850053948679674e7
3.0839238308886454e7
3.082834317724561e7
3.0817369318709277e7
3.0806317500588946e7
3.079518849229707e7
3.0783983065095745e7
3.0772701991852142e7
3.0761346046800718e7
3.074991600531187e7
3.0738412643667325e7
3.0726836738841623e7
3.0715189068289973e7
3.070347040974234e7
3.06916815410033e7
3.0679823239758022e7
3.0667896283383884e7
3.065590144876787e7
3.0643839512129493e7
3.0631711248849045e7
3.0619517433301434e7
3.0607258838694997e7
3.059493623691562e7
3.0582550398375716e7
3.057010209186827e7
3.0557592084425505e7
3.054502114118245e7
3.0532390025244907e7
3.051969949756204e7
3.050695031680333e7
3.0494143239239812e7
3.048127901862949e7
3.0468358406106927e7
3.045538215007677e7
3.0442350996111248e7
3.0429265686851468e7
3.041612696191245e7
3.0402935557791833e7
3.03896922077821e7
3.037639764188634e7
3.036305258673734e7
3.0349657765520036e7
3.033621389789715e7
3.032272169993802e7
3.03091818840505e7
3.0295595158915788e7
3.0281962229426265e7
3.0268283796626117e7
3.0254560557654742e7
3.024079320569291e7
3.0226982429911442e7
3.0213128915422603e7
3.0199233343233835e7
3.018529639020405e7
3.0171318729002208e7
3.0157301028068244e7
3.0143243951576237e7
3.0129148159399677e7
3.011501430707899e7
3.2407210062315844e7
3.240720656991358e7
3.240720139840202e7
3.2407194033426605e7
3.240718387855129e7
3.2407170253592752e7
3.240715239373699e7
3.2407129449375004e7
3.240710048659456e7
3.240706448826603e7
3.2407020355661575e7
3.24069669105492e7
3.2406902897704825e7
3.2406826987788863e7
3.2406737780536197e7
3.240663380821123e7
3.2406513539283242e7
3.2406375382280096e7
3.24062176897813e7
3.2406038762515083e7
3.2405836853526488e7
3.240561017238707e7
3.2405356889418896e7
3.2405075139909226e7
3.240476302829373e7
3.2404418632289395e7
3.240404000696017e7
3.240362518870057e7
3.240317219912447e7
3.2402679048848256e7
3.2402143741159078e7
3.240156427556058e7
3.2400938651189804e7
3.2400264870100535e7
3.2399540940409236e7
3.239876487930083e7
3.2397934715892904e7
3.2397048493957207e7
3.2396104274498492e7
3.2395100138191372e7
3.2394034187676296e7
3.2392904549716387e7
3.2391709377217364e7
3.2390446851113185e7
3.2389115182120174e7
3.2387712612362973e7
3.2386237416875698e7
3.238468790498192e7
3.2383062421557322e7
3.23813593481789e7
3.2379577104164574e7
3.2377714147507586e7
3.237576897570938e7
3.2373740126515422e7
3.2371626178557787e7
3.236942575190874e7
3.2367137508549273e7
3.236476015275667e7
3.2362292431414858e7
3.235973313425155e7
3.2357081094005883e7
3.235433518653015e7
3.235149433082942e7
3.234855748904221e7
3.2345523666365955e7
3.2342391910930246e7
3.2339161313621193e7
3.2335831007859968e7
3.2332400169338323e7
3.2328868015714113e7
3.232523380626953e7
3.2321496841534637e7
3.231765646287867e7
3.2313712052071635e7
3.230966303081861e7
3.2305508860268638e7
3.2301249040500667e7
3.2296883109988417e7
3.229241064504612e7
3.2287831259256903e7
3.228314460288572e7
3.2278350362278312e7
3.22734482592479e7
3.2268438050451092e7
3.2263319526754335e7
3.225809251259236e7
3.2252756865319766e7
3.2247312474557195e7
3.224175926153283e7
3.2236097178420644e7
3.2230326207676247e7
3.2224446361371264e7
3.2218457680527154e7
3.2212360234449364e7
3.220615412006244e7
3.2199839461247034e7
3.2193416408179283e7
3.218688513667334e7
3.218024584752757e7
3.2173498765874997e7
3.2166644140538517e7
3.215968224339123e7
3.2152613368722565e7
3.214543783261037e7
3.2138155972299453e7
3.2130768145586837e7
3.212327473021413e7
3.211567612326722e7
3.2107972740583543e7
3.2100165016167287e7
3.209225340161238e7
3.208423836553399e7
3.207612039300818e7
3.206789998502014e7
3.205957765792112e7
3.2051153942893963e7
3.2042629385427617e7
3.2034004544800423e7
3.2025279993572384e7
3.2016456317086518e7
3.200753411297911e7
3.1998513990699086e7
3.1989396571036432e7
3.198018248565962e7
3.1970872376662135e7
3.1961466896117896e7
3.1951966705645785e7
3.194237247598303e7
3.1932684886567473e7
3.192290462512867e7
3.1913032387287825e7
3.190306887616635e7
3.189301480200305e7
3.188287088177993e7
3.187263783885637e7
3.1862316402611803e7
3.185190730809657e7
3.184141129569099e7
3.1830829110772602e7
3.1820161503391325e7
3.180940922795251e7
3.179857304290788e7
3.1787653710454002e7
3.177665199623846e7
3.1765568669073433e7
3.175440450065659e7
3.174316026529933e7
3.1731836739662014e7
3.1720434702496305e7
3.170895493439436e7
3.169739821754484e7
3.168576533549546e7
3.1674057072922327e7
3.166227421540542e7
3.1650417549210638e7
3.1638487861077882e7
3.162648593801534e7
3.161441256709965e7
3.1602268535282012e7
3.1590054629199952e7
3.1577771634994842e7
3.1565420338134825e7
3.1553001523243234e7
3.1540515973932296e7
3.1527964472642012e7
3.151534780048415e7
3.150266673709126e7
3.1489922060470402e7
3.147711454686194e7
3.1464244970602717e7
3.145131410399401e7
3.1438322717173755e7
3.1425271577993445e7
3.1412161451898973e7
3.1398993101815864e7
3.1385767288038578e7
3.13724847681237e7
3.1359146296787146e7
3.134575262580512e7
3.1332304503918782e7
3.1318802676742665e7
3.1305247886676468e7
3.12916408728204e7
3.127798237089398e7
3.1264273113158032e7
3.1250513828339893e7
3.123670524156186e7
3.1222848074272648e7
3.1208943044181757e7
3.1194990865196913e7
3.1180992247364208e7
3.1166947896811128e7
3.1152858515692115e7
3.1138724802136984e7
3.1124547450201638e7
3.1110327149821524e7
3.1096064586767353e7
3.1081760442603268e7
3.106741539464722e7
3.1053030115933742e7
3.1038605275178783e7
3.3375964306373075e7
3.337596080995451e7
3.337595563180033e7
3.3375948256356798e7
3.3375938085635796e7
3.33759244374954e7
3.337590654470236e7
3.3375883554714266e7
3.337585453011898e7
3.3375818449669942e7
3.3375774209857203e7
3.3375720626956165e7
3.3375656439497627e7
3.337558031110608e7
3.3375490833655037e7
3.3375386530691795e7
3.337526586108665e7
3.3375127222864687e7
3.3374968957181573e7
3.3374789352407366e7
3.3374586648285925e7
3.337435904013984e7
3.3374104683094185e7
3.3373821696294263e7
3.3373508167096145e7
3.3373162155210245e7
3.3372781696780935e7
3.337236480838734e7
3.3371909490952224e7
3.3371413733547844e7
3.337087551708947e7
3.337029281790846e7
3.3369663611198634e7
3.3368985874330863e7
3.336825759003166e7
3.3367476749423213e7
3.3366641354922816e7
3.3365749423000515e7
3.3364798986795194e7
3.3363788098588858e7
3.336271483214078e7
3.3361577284882702e7
3.336037357997729e7
3.335910186824227e7
3.3357760329943024e7
3.3356347176456656e7
3.3354860651811104e7
3.3353299034102533e7
3.3351660636794887e7
3.33499438099054e7
3.3348146941079915e7
3.334626845656222e7
3.334430682206102e7
3.33422605435191e7
3.334012816778829e7
3.333790828321463e7
3.3335599520137418e7
3.3333200551306345e7
3.3330710092220448e7
3.3328126901392873e7
3.332544978054496e7
3.3322677574733593e7
3.3319809172415186e7
3.33168435054499e7
3.3313779549049433e7
3.3310616321671627e7
3.3307352884865217e7
3.330398834306758e7
3.3300521843358655e7
3.3296952575173773e7
3.329327976997823e7
3.3289502700906113e7
3.3285620682366118e7
3.3281633069616705e7
3.3277539258312836e7
3.327333868402673e7
3.326903082174464e7
3.326461518534169e7
3.326009132703682e7
3.3255458836829647e7
3.3250717341920905e7
3.324586650611844e7
3.3240906029229946e7
3.3235835646444388e7
3.3230655127703235e7
3.3225364277063012e7
3.3219962932050444e7
3.321445096301145e7
3.3208828272455018e7
3.320309479439319e7
3.3197250493678078e7
3.3191295365337e7
3.318522943390648e7
3.3179052752766106e7
3.317276540347294e7
3.3166367495097373e7
3.3159859163560934e7
3.3153240570976846e7
3.314651190499389e7
3.3139673378144197e7
3.3132725227195375e7
3.3125667712507557e7
3.311850111739586e7
3.311122574749852e7
3.310384193015125e7
3.3096350013768025e7
3.3088750367228836e7
3.3081043379274357e7
3.3073229457908176e7
3.3065309029806577e7
3.3057282539736185e7
3.3049150449979626e7
3.3040913239769466e7
3.303257140473043e7
3.3024125456330217e7
3.301557592133882e7
3.3006923341296665e7
3.2998168271991514e7
3.2989311282944165e7
3.298035295690316e7
3.297129388934837e7
3.2962134688003622e7
3.2952875972358316e7
3.2943518373197936e7
3.293406253214372e7
3.292450910120111e7
3.2914858742317423e7
3.2905112126948047e7
3.2895269935631916e7
3.2885332857575536e7
3.287530159024582e7
3.2865176838971794e7
3.2854959316554688e7
3.2844649742886797e7
3.2834248844578728e7
3.2823757354595028e7
3.2813176011898264e7
3.2802505561101094e7
3.2791746752126753e7
3.2780900339877326e7
3.27699670839101e7
3.275894774812174e7
3.2747843100440074e7
3.2736653912523687e7
3.2725380959468864e7
3.2714025019524023e7
3.2702586873811476e7
3.2691067306056254e7
3.2679467102322098e7
3.266778705075439e7
3.265602794132993e7
3.2644190565613423e7
3.2632275716520585e7
3.262028418808778e7
3.260821677524802e7
3.2596074273613214e7
3.2583857479262702e7
3.2571567188537605e7
3.2559204197841346e7
3.2546769303445913e7
3.2534263301303722e7
3.2521686986865245e7
3.2509041154902056e7
3.2496326599335223e7
3.248354411306905e7
3.2470694487829953e7
3.245777851401036e7
3.244479698051761e7
3.2431750674627736e7
3.2418640381843887e7
3.240546688575954e7
3.2392230967926163e7
3.2378933407725334e7
3.2365574982245274e7
3.2352156466161605e7
3.2338678631622195e7
3.2325142248136245e7
3.2311548082467165e7
3.2297896898529448e7
3.228418945728933e7
3.2270426516669147e7
3.225660883145526e7
3.224273715320962e7
3.2228812230184734e7
3.2214834807241954e7
3.2200805625773177e7
3.218672542362562e7
3.2172594935029842e7
3.2158414890530758e7
3.2144186016921632e7
3.212990903718103e7
3.211558467041257e7
3.2101213631787397e7
3.2086796632489458e7
3.207233437966325e7
3.205782757636433e7
3.2043276921512082e7
3.2028683109845094e7
3.201404683187884e7
3.1999368773865633e7
3.1984649617756806e7
3.436774824770269e7
3.436774474731294e7
3.4367739562590115e7
3.436773217679379e7
3.436772199039983e7
3.436770831932731e7
3.436769039394741e7
3.43676673588123e7
3.4367638273042284e7
3.4367602111310855e7
3.43675577653675e7
3.4367504046041064e7
3.436743968566779e7
3.436736334089093e7
3.436727359578132e7
3.436716896523146e7
3.436704789857815e7
3.4366908783412e7
3.436674994953525e7
3.436656967303196e7
3.436636618041802e7
3.436613765284081e7
3.436588223030175e7
3.436559801587681e7
3.436528307991346e7
3.436493546418421e7
3.436455318597965e7
3.4364134242125615e7
3.436367661291153e7
3.436317826591833e7
3.436263715973655e7
3.4362051247566134e7
3.436141848069178e7
3.4360736811828025e7
3.436000419833013e7
3.435921860526774e7
3.435837800835908e7
3.435748039676449e7
3.435652377573902e7
3.4355506169144094e7
3.4354425621819384e7
3.435328020181602e7
3.435206800249342e7
3.435078714448167e7
3.434943577751234e7
3.4348012082120754e7
3.434651427122265e7
3.4344940591569036e7
3.434328932508269e7
3.4341558790079825e7
3.4339747342381254e7
3.433785337631653e7
3.4335875325625315e7
3.433381166425977e7
3.4331660907092266e7
3.4329421610531956e7
3.432709237305481e7
3.432467183565034e7
3.432215868218945e7
3.431955163971689e7
3.431684947867226e7
3.431405101304303e7
3.4311155100453325e7
3.430816064219182e7
3.430506658318222e7
3.430187191189958e7
3.429857566023562e7
3.429517690331618e7
3.429167475927372e7
3.428806838897787e7
3.4284356995726556e7
3.428053982490065e7
3.427661616358453e7
3.427258534015512e7
3.426844672384144e7
3.426419972425765e7
3.425984379091083e7
3.425537841268629e7
3.425080311731203e7
3.4246117470804326e7
3.424132107689621e7
3.423641357645057e7
3.42313946468595e7
3.422626400143148e7
3.4221021388767675e7
3.421566659212896e7
3.421019942879495e7
3.4204619749416046e7
3.419892743736011e7
3.419312240805433e7
3.418720460832388e7
3.418117401572795e7
3.4175030637894236e7
3.4168774511852846e7
3.4162405703370206e7
3.415592430628404e7
3.414933044183983e7
3.414262425802972e7
3.413580592893422e7
3.4128875654067546e7
3.412183365772703e7
3.411468018834689e7
3.4107415517857425e7
3.410003994104926e7
3.409255377494381e7
3.408495735816974e7
3.407725105034624e7
3.406943523147293e7
3.4061510301327154e7
3.405347667886857e7
3.404533480165149e7
3.4037085125245e7
3.4028728122661166e7
3.402026428379146e7
3.401169411485161e7
3.400301813783475e7
3.399423688997342e7
3.3985350923210025e7
3.397636080367618e7
3.396726711118089e7
3.39580704387075e7
3.394877139191975e7
3.3939370588676445e7
3.3929868658555456e7
3.3920266242386326e7
3.391056399179203e7
3.390076256873957e7
3.3890862645099424e7
3.3880864902213894e7
3.387077003047429e7
3.386057872890688e7
3.385029170476736e7
3.383990967314426e7
3.382943335657073e7
3.3818863484644815e7
3.38082007936583e7
3.379744602623368e7
3.378659993096963e7
3.377566326209443e7
3.3764636779127546e7
3.3753521246549204e7
3.3742317433477804e7
3.3731026113355085e7
3.371964806363904e7
3.3708184065504305e7
3.3696634903550066e7
3.368500136551529e7
3.367328424200123e7
3.366148432620098e7
3.364960241363615e7
3.3637639301900364e7
3.362559579040965e7
3.361347268015936e7
3.360127077348783e7
3.358899087384638e7
3.3576633785575725e7
3.356420031368853e7
3.3551691263658196e7
3.3539107441213578e7
3.3526449652139653e7
3.351371870208384e7
3.3500915396368228e7
3.3488040539807152e7
3.3475094936530333e7
3.3462079389811352e7
3.3448994701901305e7
3.3435841673867777e7
3.342262110543858e7
3.3409333794850655e7
3.339598053870368e7
3.3382562131818406e7
3.3369079367099695e7
3.3355533035403974e7
3.334192392541126e7
3.3328252823501296e7
3.3314520513634212e7
3.330072777723511e7
3.328687539308274e7
3.327296413720222e7
3.3258994782761533e7
3.3244968099971913e7
3.3230884855991747e7
3.3216745814834334e7
3.3202551737278875e7
3.318830338078525e7
3.3174001499411806e7
3.3159646843736686e7
3.3145240160782244e7
3.3130782193942577e7
3.3116273682914175e7
3.3101715363629505e7
3.308710796819346e7
3.3072452224822704e7
3.3057748857787743e7
3.3042998587357663e7
3.3028202129747555e7
3.3013360197068408e7
3.299847349727956e7
3.2983542734143563e7
3.2968568607183352e7
3.2953551811641805e7
3.5382970066723466e7
3.5382966562406935e7
3.538296137118817e7
3.538295397515259e7
3.538294377325563e7
3.5382930079496816e7
3.538291212187513e7
3.538288904206484e7
3.538285989575079e7
3.538282365356298e7
3.5382779202551365e7
3.538272534814394e7
3.538266081653237e7
3.538258425743289e7
3.538249424717192e7
3.5382389292049006e7
3.5382267831932515e7
3.538212824404649e7
3.538196884690995e7
3.538178790439291e7
3.538158362985636e7
3.538135419034615e7
3.538109771081355e7
3.5380812278338015e7
3.53804959463297e7
3.538014673869247e7
3.537976265392948e7
3.5379341669176176e7
3.537888174414739e7
3.5378380824986644e7
3.5377836848008126e7
3.537724774332279e7
3.537661143834184e7
3.537592586115191e7
3.537518894375764e7
3.537439862518846e7
3.537355285446714e7
3.5372649593438625e7
3.537168681945893e7
3.537066252794365e7
3.536957473477725e7
3.536842147858418e7
3.536720082286354e7
3.536591085798969e7
3.536454970308105e7
3.536311550774027e7
3.536160645366857e7
3.536002075615787e7
3.5358356665463984e7
3.535661246806483e7
3.535478648780704e7
3.535287708694528e7
3.535088266707772e7
3.534880166998216e7
3.534663257835612e7
3.534437391646554e7
3.5342024250705354e7
3.533958219007642e7
3.5337046386582226e7
3.533441553554945e7
3.53316883758759e7
3.532886369020961e7
3.532594030506262e7
3.532291709086284e7
3.5319792961947486e7
3.531656687650145e7
3.531323783644344e7
3.530980488726349e7
3.530626711781433e7
3.530262366005996e7
3.529887368878377e7
3.529501642125924e7
3.5291051116885595e7
3.528697707679102e7
3.528279364340564e7
3.527850020000674e7
3.52740961702383e7
3.5269581017606884e7
3.526495424495603e7
3.526021539392092e7
3.5255364044365175e7
3.525039981380151e7
3.524532235679789e7
3.5240131364370815e7
3.52348265633671e7
3.5229407715835676e7
3.522387461839067e7
3.5218227101567075e7
3.521246502917019e7
3.520658829762002e7
3.52005968352916e7
3.5194490601852305e7
3.518826958759716e7
3.518193381278297e7
3.517548332696205e7
3.516891820831654e7
3.516223856299387e7
3.5155444524444096e7
3.514853625275987e7
3.514151393401943e7
3.5134377779633485e7
3.512712802569615e7
3.5119764932340726e7
3.511228878310064e7
3.5104699884275965e7
3.509699856430583e7
3.508918517314736e7
3.508126008166108e7
3.507322368100334e7
3.5065076382025965e7
3.505681861468335e7
3.5048450827447236e7
3.50399734867294e7
3.503138707631235e7
3.5022692096788265e7
3.50138890650063e7
3.5004978513528354e7
3.499596099009332e7
3.49868370570902e7
3.497760729103978e7
3.4968272282085076e7
3.495883263349081e7
3.49492889611515e7
3.493964189310868e7
3.49298920690768e7
3.49200401399781e7
3.4910086767486446e7
3.49000326235799e7
3.488987839010216e7
3.487962475833287e7
3.4869272428566515e7
3.4858822109700195e7
3.484827451882992e7
3.483763038085553e7
3.482689042809413e7
3.48160553999019e7
3.480512604230435e7
3.479410310763481e7
3.4782987354181126e7
3.477177954584035e7
3.476048045178172e7
3.474909084611708e7
3.4737611507579714e7
3.472604321921033e7
3.4714386768051036e7
3.470264294484664e7
3.4690812543753415e7
3.467889636205516e7
3.466689519988642e7
3.46548098599628e7
3.464264114731823e7
3.463038986904914e7
3.4618056834065326e7
3.4605642852847435e7
3.4593148737211056e7
3.458057530007713e7
3.4567923355248764e7
3.455519371719406e7
3.454238720083525e7
3.452950462134363e7
3.4516546793940395e7
3.450351453370325e7
3.4490408655378625e7
3.447722997319949e7
3.4463979300708435e7
3.4450657450586274e7
3.443726523448574e7
3.4423803462870225e7
3.441027294485773e7
3.439667448806954e7
3.438300889848372e7
3.436927698029341e7
3.435547953576956e7
3.434161736512841e7
3.432769126640312e7
3.4313702035319805e7
3.42996504651779e7
3.428553734673455e7
3.427136346809294e7
3.4257129614594735e7
3.424283656871636e7
3.422848510996892e7
3.4214076014801905e7
3.419961005651042e7
3.4185088005146086e7
3.417051062743116e7
3.415587868667615e7
3.414119294270061e7
3.412645415175726e7
3.4111663066459045e7
3.40968204357094e7
3.408192700463534e7
3.406698351452362e7
3.40519907027595e7
3.403694930276844e7
3.402186004396043e7
3.4006723651676856e7
3.399154084714007e7
3.397631234740529e7
3.396103886531508e7
3.394572110945597e7
3.642204273862751e7
3.642203923042784e7
3.6422034032784715e7
3.642202662662155e7
3.64220164093889e7
3.642200269318581e7
3.642198470366212e7
3.6421961579641454e7
3.642193237340474e7
3.6421896051574595e7
3.6421851496542156e7
3.64217975083796e7
3.6421732807183556e7
3.642165603579706e7
3.642156576285981e7
3.6421460486139804e7
3.6421338636101685e7
3.6421198579670474e7
3.642103862415187e7
3.642085702127352e7
3.642065197131453e7
3.6420421627292745e7
3.6420164099182986e7
3.6419877458141066e7
3.641955974071157e7
3.64192089529993e7
3.6418823074787e7
3.64184000635834e7
3.641793785858833e7
3.64174343845629e7
3.6416887555594645e7
3.641629527874928e7
3.641565545760175e7
3.641496599564093e7
3.6414224799543455e7
3.641342978231295e7
3.6412578866282485e7
3.6411669985978425e7
3.6410701090845026e7
3.640967014782957e7
3.640857514382868e7
3.640741408799688e7
3.640618501391914e7
3.6404885981649175e7
3.6403515079616286e7
3.6402070426403105e7
3.640055017239757e7
3.6398952501322135e7
3.639727563164384e7
3.639551781786866e7
3.639367735172387e7
3.6391752563232385e7
3.6389741821682625e7
3.638764353649809e7
3.638545615801037e7
3.638317817813958e7
3.638080813098617e7
3.637834459333782e7
3.637578618509545e7
3.637313156962187e7
3.637037945401711e7
3.636752858932366e7
3.6364577770665534e7
3.636152583732443e7
3.63583716727564e7
3.6355114204552434e7
3.635175240434587e7
3.634828528767016e7
3.6344711913769506e7
3.634103138536571e7
3.633724284838365e7
3.633334549163836e7
3.63293385464861e7
3.632522128644209e7
3.6320993026767164e7
3.631665312402575e7
3.631220097561714e7
3.630763601928267e7
3.6302957732590124e7
3.629816563239791e7
3.629325927430048e7
3.628823825205687e7
3.628310219700404e7
3.62778507774566e7
3.627248369809427e7
3.626700069933886e7
3.626140155672174e7
3.625568608024334e7
3.6249854113725826e7
3.6243905534160145e7
3.62378402510484e7
3.623165820574274e7
3.622535937078174e7
3.6218943749224976e7
3.621241137398696e7
3.620576230717101e7
3.619899663940387e7
3.619211448917189e7
3.618511600215938e7
3.6178001350589536e7
3.617077073256902e7
3.616342437143622e7
3.615596251511404e7
3.6148385435467415e7
3.614069342766634e7
3.613288680955432e7
3.6124965921023235e7
3.611693112339429e7
3.6108782798805855e7
3.610052134960827e7
3.6092147197765976e7
3.608366078426698e7
3.607506256854015e7
3.606635302788043e7
3.605753265688197e7
3.604860196687969e7
3.6039561485398866e7
3.60304117556135e7
3.6021153335813075e7
3.601178679887791e7
3.600231273176335e7
3.599273173499251e7
3.598304442215808e7
3.5973251419432655e7
3.596335336508815e7
3.595335090902387e7
3.594324471230355e7
3.593303544670115e7
3.592272379425547e7
3.591231044683358e7
3.5901796105702855e7
3.589118148111187e7
3.58804672918798e7
3.586965426499448e7
3.585874313521889e7
3.584773464470622e7
3.5836629542623185e7
3.582542858478172e7
3.581413253327879e7
3.580274215614449e7
3.5791258226998e7
3.5779681524711594e7
3.5768012833082534e7
3.5756252940512635e7
3.5744402639695495e7
3.573246272731133e7
3.57204340037292e7
3.570831727271674e7
3.56961133411568e7
3.568382301877162e7
3.5671447117853716e7
3.565898645300387e7
3.564644184087583e7
3.563381409992774e7
3.562110405018017e7
3.560831251298057e7
3.559544031077424e7
3.558248826688127e7
3.556945720527999e7
3.5556347950396165e7
3.554316132689824e7
3.552989815949837e7
3.551655927275927e7
3.55031454909065e7
3.5489657637646325e7
3.5476096535989024e7
3.546246300807738e7
3.544875787502043e7
3.543498195673224e7
3.54211360717757e7
3.5407221037211135e7
3.539323766844981e7
3.537918677911195e7
3.536506918088945e7
3.535088568341306e7
3.533663709412387e7
3.5322324218149215e7
3.530794785818264e7
3.52935088143681e7
3.5279007884188086e7
3.5264445862355754e7
3.52498235407108e7
3.523514170811912e7
3.522040115037625e7
3.520560265011421e7
3.519074698671199e7
3.517583493620931e7
3.516086727122397e7
3.514584476087213e7
3.513076817069208e7
3.51156382625709e7
3.5100455794674285e7
3.508522152137928e7
3.506993619320988e7
3.505460055677554e7
3.503921535471226e7
3.5023781325626634e7
3.500829920404212e7
3.499276972034827e7
3.497719360075216e7
3.496157156723227e7
3.748538406137754e7
3.748538054933767e7
3.748537534534061e7
3.7485367929159746e7
3.748535769675607e7
3.7485343958347e7
3.748532593725591e7
3.7485302769482724e7
3.7485273503935635e7
3.7485237103265576e7
3.7485192445244946e7
3.7485138324634835e7
3.748507345548592e7
3.748499647382129e7
3.748490594065121e7
3.748480034527306e7
3.748467810881208e7
3.748453758796138e7
3.748437707888296e7
3.748419482123359e7
3.748398900228327e7
3.748375776109542e7
3.748349919274204e7
3.748321135252847e7
3.748289226020561e7
3.748253990414935e7
3.7482152245489545e7
3.748172722217258e7
3.748126275294382e7
3.748075674123794e7
3.74802070789667e7
3.747961165019571e7
3.7478968334702425e7
3.747827501140989e7
3.747752956169105e7
3.747672987254021e7
3.747587383960878e7
3.747495937010366e7
3.747398438554715e7
3.747294682439836e7
3.747184464453616e7
3.747067582560502e7
3.7469438371224895e7
3.746813031106728e7
3.746674970279958e7
3.746529463390058e7
3.746376322334963e7
3.746215362319306e7
3.7460464019990854e7
3.7458692636147276e7
3.745683773112894e7
3.745489760257407e7
3.7452870587296896e7
3.745075506219078e7
3.7448549445034094e7
3.744625219520281e7
3.744386181429328e7
3.7441376846659616e7
3.7438795879868925e7
3.743611754507845e7
3.743334051733836e7
3.743046351582341e7
3.74274853039976e7
3.742440468971475e7
3.742122052525883e7
3.741793170732691e7
3.741453717695822e7
3.741103591941239e7
3.740742696399978e7
3.74037093838668e7
3.739988229573909e7
3.7395944859625265e7
3.7391896278483905e7
3.738773579785593e7
3.7383462705465384e7
3.737907633079037e7
3.7374576044606686e7
3.736996125850621e7
3.736523142439198e7
3.736038603395208e7
3.7355424618114054e7
3.735034674648166e7
3.734515202675566e7
3.733984010414035e7
3.733441066073706e7
3.732886341492656e7
3.7323198120741285e7
3.7317414567228936e7
3.7311512577808745e7
3.730549200962134e7
3.729935275287358e7
3.729309473017935e7
3.728671789589707e7
3.728022223546532e7
3.727360776473692e7
3.7266874529312745e7
3.72600226038759e7
3.725305209152678e7
3.724596312312004e7
3.723875585660396e7
3.723143047636268e7
3.72239871925621e7
3.721642624049986e7
3.720874787995975e7
3.720095239457127e7
3.719304009117455e7
3.718501129919103e7
3.71768663700004e7
3.716860567632392e7
3.716022961161462e7
3.7151738589454375e7
3.714313304295855e7
3.713441342418796e7
3.712558020356853e7
3.711663386931908e7
3.7107574926886864e7
3.7098403898391664e7
3.708912132207788e7
3.707972775177526e7
3.707022375636806e7
3.706060991927298e7
3.705088683792545e7
3.7041055123274945e7
3.7031115399288826e7
3.702106830246517e7
3.701091448135407e7
3.700065459608815e7
3.69902893179215e7
3.697981932877747e7
3.696924532080544e7
3.695856799594594e7
3.694778806550472e7
3.693690624973534e7
3.692592327743035e7
3.691483988552098e7
3.690365681868529e7
3.689237482896474e7
3.6880994675389e7
3.686951712360907e7
3.685794294553852e7
3.684627291900276e7
3.683450782739641e7
3.682264845934829e7
3.6810695608394645e7
3.679865007265962e7
3.678651265454357e7
3.6774284160418876e7
3.6761965400333e7
3.674955718771904e7
3.673706033911331e7
3.672447567388006e7
3.67118040139432e7
3.66990461835248e7
3.66862030088905e7
3.667327531810136e7
3.6660263940772474e7
3.6647169707837895e7
3.663399345132178e7
3.6620736004116096e7
3.6607398199763976e7
3.659398087224943e7
3.658048485579281e7
3.656691098465203e7
3.655326009292946e7
3.653953301438456e7
3.652573058225166e7
3.651185362906344e7
3.649790298647944e7
3.6483879485119686e7
3.646978395440368e7
3.6455617222393945e7
3.644138011564465e7
3.642707345905496e7
3.6412698075726986e7
3.639825478682829e7
3.638374441145891e7
3.6369167766522676e7
3.635452566660288e7
3.633981892384203e7
3.632504834782572e7
3.631021474547063e7
3.62953189209162e7
3.6280361675420284e7
3.62653438072586e7
3.625026611162765e7
3.623512938055131e7
3.621993440279098e7
3.6204681963758975e7
3.6189372845435455e7
3.6174007826288365e7
3.615858768119677e7
3.6143113181377195e7
3.612758509431291e7
3.611200418368636e7
3.6096371209314294e7
3.608068692708583e7
3.6064952088903196e7
3.604916744262514e7
3.603333373201307e7
3.601745169667951e7
3.600152207203926e7
3.8573416683703795e7
3.857341316786601e7
3.8573407957584254e7
3.857340053149388e7
3.857339028408126e7
3.85733765237008e7
3.8573358471371904e7
3.857333526029721e7
3.85733059360431e7
3.857326945732399e7
3.857322469733337e7
3.857317044556539e7
3.857310541007335e7
3.857302822011317e7
3.857293742912252e7
3.857283151798871e7
3.857270889856137e7
3.857256791736855e7
3.857240685949778e7
3.857222395260621e7
3.857201737102735e7
3.857178523994373e7
3.857152563959817e7
3.857123660951883e7
3.857091615273513e7
3.857056223996452e7
3.857017281375207e7
3.856974579254686e7
3.856927907470117e7
3.856877054238022e7
3.8568218065372095e7
3.856761950478864e7
3.8566972716650136e7
3.856627555534727e7
3.856552587697559e7
3.856472154253844e7
3.856386042101577e7
3.8562940392296374e7
3.8561959349972986e7
3.856091520399919e7
3.855980588320903e7
3.8558629337699555e7
3.8557383541077934e7
3.8556066492574945e7
3.855467621902671e7
3.855321077672754e7
3.85516682531565e7
3.855004676858062e7
3.8548344477538325e7
3.85465595702061e7
3.8544690273652256e7
3.854273485298137e7
3.854069161237289e7
3.8538558896018155e7
3.85363350889591e7
3.853401861783304e7
3.853160795152677e7
3.8529101601744354e7
3.85264981234919e7
3.852379611548335e7
3.8520994220470816e7
3.851809112550316e7
3.851508556211614e7
3.8511976306458004e7
3.8508762179353364e7
3.850544204630911e7
3.850201481746526e7
3.849847944749402e7
3.849483493544993e7
3.849108032457422e7
3.8487214702055894e7
3.848323719875247e7
3.847914698887301e7
3.847494328962591e7
3.847062536083365e7
3.846619250451742e7
3.846164406445312e7
3.845697942570153e7
3.845219801411423e7
3.8447299295817725e7
3.844228277667689e7
3.84371480017405e7
3.843189455466974e7
3.8426522057151765e7
3.842103016829974e7
3.84154185840408e7
3.840968703649339e7
3.840383529333544e7
3.839786315716416e7
3.839177046484941e7
3.838555708688116e7
3.837922292671224e7
3.837276792009762e7
3.836619203443103e7
3.835949526807977e7
3.8352677649718545e7
3.834573923766334e7
3.8338680119205885e7
3.833150040994937e7
3.8324200253146306e7
3.831677981903896e7
3.830923930420286e7
3.830157893089434e7
3.829379894640193e7
3.828589962240284e7
3.827788125432423e7
3.826974416071028e7
3.826148868259501e7
3.8253115182881355e7
3.8244624045726925e7
3.823601567593631e7
3.822729049836084e7
3.821844895730543e7
3.820949151594306e7
3.8200418655736886e7
3.819123087587054e7
3.818192869268608e7
3.817251263913056e7
3.81629832642106e7
3.815334113245549e7
3.814358682338886e7
3.813372093100876e7
3.812374406327657e7
3.811365684161441e7
3.8103459900411285e7
3.809315388653816e7
3.808273945887144e7
3.807221728782547e7
3.8061588054893665e7
3.8050852452198274e7
3.8040011182049036e7
3.8029064956510276e7
3.8018014496976726e7
3.800686053375797e7
3.799560380567125e7
3.798424505964285e7
3.7972785050317876e7
3.796122453967827e7
3.794956429666916e7
3.7937805096833356e7
3.792594772195391e7
3.791399295970474e7
3.790194160330915e7
3.78897944512061e7
3.787755230672441e7
3.786521597776433e7
3.7852786276486956e7
3.784026401901078e7
3.782765002511584e7
3.7814945117954955e7
3.780215012377216e7
3.778926587162813e7
3.777629319313255e7
3.776323292218334e7
3.775008589471253e7
3.7736852948438734e7
3.772353492262617e7
3.771013265785007e7
3.769664699576829e7
3.768307877889916e7
3.766942885040544e7
3.7655698053884126e7
3.7641887233162165e7
3.76279972320979e7
3.761402889438823e7
3.7599983063381135e7
3.758586058189385e7
3.757166229203614e7
3.755738903503901e7
3.7543041651088335e7
3.7528620979163714e7
3.751412785688208e7
3.749956312034619e7
3.748492760399785e7
3.747022214047581e7
3.745544756047807e7
3.744060469262875e7
3.7425694363349184e7
3.741071739673344e7
3.739567461442774e7
3.738056683551422e7
3.736539487639851e7
3.735015955070124e7
3.733486166915339e7
3.731950203949531e7
3.7304081466379456e7
3.728860075127657e7
3.727306069238549e7
3.725746208454618e7
3.724180571915627e7
3.722609238409066e7
3.7210322863624446e7
3.719449793835877e7
3.717861838514987e7
3.7162684977040954e7
3.714669848319699e7
3.713065966884226e7
3.7114569295200795e7
3.709842811943925e7
3.708223689461256e7
3.7065996369612165e7
3.968656813310111e7
3.9686564613506936e7
3.968655939700868e7
3.9686551961115226e7
3.9686541698853254e7
3.968652791673243e7
3.9686509833490305e7
3.968648657955848e7
3.9686457197191894e7
3.968642064120337e7
3.968637578024672e7
3.968632139859289e7
3.968625619834594e7
3.968617880204696e7
3.9686087755617335e7
3.968598153159436e7
3.9685858532615505e7
3.96857170951102e7
3.9685555493160434e7
3.968537194249472e7
3.968516460458258e7
3.968493159079895e7
3.968467096663126e7
3.968438075590388e7
3.968405894499714e7
3.9683703487040944e7
3.9683312306064196e7
3.968288330108438e7
3.968241435012279e7
3.968190331413321e7
3.968134804083312e7
3.9680746368428394e7
3.968009612922381e7
3.967939515311283e7
3.9678641270941526e7
3.967783231774275e7
3.967696613583712e7
3.96760405777991e7
3.967505350928639e7
3.967400281173248e7
3.967288638490209e7
3.967170214931039e7
3.967044804850695e7
3.966912205122637e7
3.96677221534073e7
3.966624638008241e7
3.966469278714208e7
3.966305946297452e7
3.9661344529985525e7
3.965954614600148e7
3.965766250555864e7
3.965569184108261e7
3.965363242396146e7
3.965148256551645e7
3.964924061787381e7
3.964690497474169e7
3.9644474072095826e7
3.964194638877772e7
3.963932044700929e7
3.9636594812827334e7
3.9633768096441805e7
3.963083895252124e7
3.962780608040898e7
3.962466822427367e7
3.96214241731972e7
3.9618072761203684e7
3.961461286723247e7
3.9611043415058225e7
3.9607363373161376e7
3.960357175455147e7
3.959966761654678e7
3.959565006051219e7
3.959151823155876e7
3.958727131820684e7
3.958290855201571e7
3.95784292071816e7
3.9573832600106895e7
3.9569118088942096e7
3.956428507310314e7
3.955933299276569e7
3.95542613283385e7
3.9549069599917576e7
3.9543757366722964e7
3.953832422651964e7
3.953276981502423e7
3.952709380529908e7
3.952129590713498e7
3.9515375866423875e7
3.950933346452308e7
3.950316851761202e7
3.9496880876042545e7
3.94904704236843e7
3.948393707726582e7
3.9477280785712436e7
3.947050152948199e7
3.946359931989916e7
3.945657419848922e7
3.944942623631203e7
3.944215553329689e7
3.9434762217579134e7
3.942724644483877e7
3.941960839764224e7
3.9411848284787245e7
3.9403966340651825e7
3.939596282454748e7
3.938783802007746e7
3.937959223450002e7
3.937122579809757e7
3.9362739063551605e7
3.935413240532408e7
3.934540621904534e7
3.933656092090897e7
3.932759694707378e7
3.9318514753073044e7
3.9309314813231565e7
3.9299997620090224e7
3.929056368383853e7
3.928101353175531e7
3.9271347707657486e7
3.926156677135723e7
3.925167129812738e7
3.924166187817555e7
3.923153911612654e7
3.922130363051349e7
3.921095605327769e7
3.920049702927693e7
3.91899272158026e7
3.917924728210553e7
3.916845790893046e7
3.915755978805918e7
3.9146553621862404e7
3.913544012286015e7
3.912422001329088e7
3.9112894024689086e7
3.910146289747138e7
3.908992738053115e7
3.907828823084144e7
3.906654621306642e7
3.905470209918076e7
3.904275666809761e7
3.903071070530428e7
3.901856500250636e7
3.900632035727939e7
3.899397757272874e7
3.898153745715701e7
3.896900082373922e7
3.895636849020567e7
3.894364127853195e7
3.8930820014636844e7
3.8917905528087035e7
3.8904898651809305e7
3.8891800221809745e7
3.887861107689982e7
3.886533205842948e7
3.885196401002697e7
3.883850777734526e7
3.882496420781507e7
3.881133415040444e7
3.8797618455384366e7
3.878381797410106e7
3.876993355875403e7
3.875596606218026e7
3.874191633764447e7
3.872778523863492e7
3.871357361866518e7
3.869928233108132e7
3.868491222887469e7
3.867046416450006e7
3.865593898969912e7
3.864133755532905e7
3.8626660711196326e7
3.861190930589537e7
3.859708418665227e7
3.8582186199173145e7
3.856721618749719e7
3.855217499385454e7
3.853706345852841e7
3.852188241972175e7
3.850663271342822e7
3.8491315173307374e7
3.847593063056406e7
3.846047991383172e7
3.84449638490598e7
3.842938325940498e7
3.841373896512623e7
3.8398031783483505e7
3.838226252864014e7
3.836643201156872e7
3.835054103996055e7
3.8334590418138325e7
3.831858094697223e7
3.830251342379931e7
3.828638864234582e7
3.827020739265285e7
3.825397046100491e7
3.823767862986135e7
3.8221332677790746e7
3.820493337940812e7
3.818848150531482e7
3.8171977822041065e7
3.815542309199116e7
4.082527084382606e7
4.082526732051639e7
4.082526209786873e7
4.082525465227701e7
4.0825244375322774e7
4.082523057168908e7
4.082521245785344e7
4.082518916150228e7
4.082515972160919e7
4.08251230891198e7
4.082507812818708e7
4.0825023617902115e7
4.082495825446729e7
4.082488065376079e7
4.082478935424355e7
4.082468282016245e7
4.082455944500588e7
4.08244175551706e7
4.0824255413801745e7
4.08240712247699e7
4.082386313675283e7
4.082362924739123e7
4.08233676074908e7
4.082307622524556e7
4.082275307045954e7
4.0822396078746215e7
4.082200315568743e7
4.0821572180935375e7
4.082110101224333e7
4.0820587489412494e7
4.082002943814394e7
4.081942467378655e7
4.081877100497265e7
4.081806623713517e7
4.0817308175900444e7
4.0816494630353004e7
4.0815623416168496e7
4.081469235861281e7
4.0813699295405746e7
4.0812642079448424e7
4.081151858141447e7
4.0810326692205444e7
4.080906432527146e7
4.080772941879855e7
4.080631993776482e7
4.080483387586744e7
4.080326925732309e7
4.080162413854497e7
4.079989660969892e7
4.079808479614249e7
4.0796186859749764e7
4.079420100012596e7
4.079212545571491e7
4.078995850480366e7
4.078769846642732e7
4.0785343701178364e7
4.078289261192381e7
4.078034364443414e7
4.07776952879278e7
4.077494607553459e7
4.077209458468207e7
4.076913943740803e7
4.076607930060296e7
4.076291288618574e7
4.075963895121597e7
4.075625629794614e7
4.075276377381708e7
4.074916027139943e7
4.074544472828459e7
4.074161612692752e7
4.0737673494444914e7
4.0733615902370766e7
4.072944246637264e7
4.0725152345930584e7
4.0720744743981704e7
4.071621890653229e7
4.0711574122240126e7
4.070680972196888e7
4.070192507831693e7
4.069691960512238e7
4.069179275694641e7
4.068654402853662e7
4.068117295427219e7
4.067567910759258e7
4.0670062100411244e7
4.0664321582516044e7
4.065845724095755e7
4.0652468799427025e7
4.064635601762483e7
4.064011869062105e7
4.0633756648209184e7
4.0627269754254065e7
4.062065790603513e7
4.0613921033586025e7
4.060705909903146e7
4.060007209592217e7
4.0592960048568875e7
4.0585723011376105e7
4.057836106817636e7
4.057087433156571e7
4.056326294224094e7
4.0555527068339564e7
4.054766690478252e7
4.053968267262069e7
4.053157461838534e7
4.0523343013443224e7
4.051498815335655e7
4.050651035724841e7
4.0497909967173815e7
4.048918734749698e7
4.0480342884274796e7
4.04713769846472e7
4.046229007623424e7
4.045308260654054e7
4.044375504236694e7
4.043430786922989e7
4.0424741590788595e7
4.041505672827991e7
4.0405253819961496e7
4.039533342056299e7
4.038529610074562e7
4.0375142446569994e7
4.03648730589725e7
4.035448855325015e7
4.0343989558553986e7
4.033337671739109e7
4.032265068513515e7
4.031181212954583e7
4.030086173029661e7
4.028980017851132e7
4.027862817630935e7
4.026734643635945e7
4.025595568144202e7
4.024445664402008e7
4.023285006581863e7
4.0221136697412536e7
4.020931729782271e7
4.019739263412082e7
4.0185363481042065e7
4.017323062060625e7
4.016099484174703e7
4.0148656939949125e7
4.0136217716893524e7
4.012367798011069e7
4.01110385426414e7
4.009830022270543e7
4.008546384337776e7
4.007253023227239e7
4.005950022123355e7
4.004637464603421e7
4.0033154346081965e7
4.001984016413177e7
4.0006432946006075e7
3.9992933540321544e7
3.997934279822284e7
3.996566157312304e7
3.9951890720450595e7
3.993803109740297e7
3.992408356270655e7
3.9910048976382874e7
3.989592819952113e7
3.988172209405662e7
3.986743152255537e7
3.9853057348004505e7
3.983860043360834e7
3.982406164259037e7
3.980944183800062e7
3.9794741882528506e7
3.977996263832114e7
3.976510496680679e7
3.9750169728523634e7
3.9735157782953456e7
3.972006998836028e7
3.970490720163408e7
3.9689670278139025e7
3.967436007156655e7
3.96589774337929e7
3.964352321474124e7
3.962799826224814e7
3.961240342193435e7
3.9596739537079774e7
3.958100744850259e7
3.9565207994442396e7
3.954934201044733e7
3.953341032926501e7
3.951741378073725e7
3.95013531916985e7
3.948522938587796e7
3.946904318380504e7
3.945279540271852e7
3.943648685647887e7
3.9420118355483964e7
3.94036907065881e7
3.9387204713023916e7
3.937066117432774e7
3.935406088626758e7
3.933740464077433e7
3.9320693225875646e7
3.9303927425632745e7
3.928710802007989e7
3.9270235785166465e7
4.19899621848939e7
4.1989958657909e7
4.1989953429177925e7
4.198994597399107e7
4.198993568249927e7
4.198992185757673e7
4.1989903713462524e7
4.198988037512341e7
4.198985087828133e7
4.198981417004872e7
4.1989769110116184e7
4.1989714472437724e7
4.1989648947361276e7
4.198957114415345e7
4.198947959387018e7
4.198937275252708e7
4.198924900452603e7
4.198910666629684e7
4.198894399011602e7
4.198875916806664e7
4.19885503361069e7
4.1988315578216314e7
4.198805293059254e7
4.198776038587289e7
4.198743589735788e7
4.198707738321615e7
4.1986682730651975e7
4.198624980001919e7
4.19857764288667e7
4.198526043590285e7
4.19846996248676e7
4.1984091788302965e7
4.198343471121328e7
4.198272617460908e7
4.1981963958928354e7
4.1981145847331405e7
4.1980269628865145e7
4.1979333101494916e7
4.1978334075001895e7
4.197727037374512e7
4.197613983928791e7
4.197494033288924e7
4.1973669737860695e7
4.197232596179041e7
4.197090693863601e7
4.196941063068835e7
4.1967835030408874e7
4.1966178162143044e7
4.196443808371288e7
4.196261288789197e7
4.196070070376581e7
4.195869969798143e7
4.1956608075889476e7
4.195442408258242e7
4.1952146003832765e7
4.194977216693463e7
4.1947300941452645e7
4.194473073988173e7
4.1942060018221475e7
4.193928727646882e7
4.193641105903254e7
4.193342995507318e7
4.19303425987718e7
4.192714766953126e7
4.192384389211295e7
4.192043003671264e7
4.191690491897849e7
4.191326739997427e7
4.1909516386090875e7
4.190565082890921e7
4.190166972501693e7
4.189757211578214e7
4.189335708708662e7
4.188902376902083e7
4.1884571335543826e7
4.1879999004109666e7
4.187530603526323e7
4.1870491732207425e7
4.186555544034366e7
4.186049654678807e7
4.185531447986508e7
4.185000870858025e7
4.1844578742074214e7
4.1839024129059374e7
4.183334445724104e7
4.182753935272436e7
4.182160847940873e7
4.181555153837102e7
4.180936826723877e7
4.1803058439554915e7
4.1796621864135e7
4.1790058384418085e7
4.1783367877812445e7
4.17765502550371e7
4.1769605459460124e7
4.176253346643439e7
4.1755334282632284e7
4.174800794537924e7
4.174055452198769e7
4.173297410909181e7
4.172526683198353e7
4.171743284395083e7
4.170947232561867e7
4.170138548429319e7
4.169317255330953e7
4.168483379138413e7
4.167636948197141e7
4.166777993262582e7
4.1659065474369146e7
4.165022646106374e7
4.164126326879202e7
4.1632176295242056e7
4.1622965959100395e7
4.161363269945135e7
4.160417697518394e7
4.159459926440592e7
4.158490006386558e7
4.157507988838126e7
4.15651392702788e7
4.155507875883696e7
4.15448989197412e7
4.153460033454544e7
4.152418360014247e7
4.1513649328242496e7
4.150299814486033e7
4.149223068981111e7
4.148134761621452e7
4.147034959000754e7
4.145923728946594e7
4.1448011404734164e7
4.143667263736403e7
4.142522169986181e7
4.141365931524401e7
4.140198621660153e7
4.139020314667244e7
4.137831085742316e7
4.1366310109637946e7
4.135420167251688e7
4.1341986323281996e7
4.132966484679166e7
4.131723803516316e7
4.130470668740328e7
4.129207160904692e7
4.127933361180362e7
4.1266493513211906e7
4.12535521363014e7
4.124051030926257e7
4.1227368865124084e7
4.121412864143753e7
4.120079047996966e7
4.11873552264018e7
4.11738237300365e7
4.116019684351125e7
4.114647542251911e7
4.11326603255364e7
4.1118752413556926e7
4.1104752549833074e7
4.109066159962342e7
4.107648042994668e7
4.106220990934227e7
4.104785090763687e7
4.1033404295717336e7
4.1018870945309535e7
4.1004251728763156e7
4.098954751884246e7
4.0974759188522585e7
4.095988761079166e7
4.0944933658458404e7
4.0929898203965046e7
4.091478211920576e7
4.089958627535022e7
4.088431154267225e7
4.08689587903837e7
4.085352888647296e7
4.083802269754865e7
4.082244108868777e7
4.080678492328867e7
4.0791055062928505e7
4.077525236722514e7
4.075937769370355e7
4.074343189766634e7
4.072741583206856e7
4.071133034739653e7
4.069517629155088e7
4.067895450973319e7
4.066266584433688e7
4.0646311134841524e7
4.0629891217711024e7
4.061340692629533e7
4.0596859090735696e7
4.058024853787336e7
4.056357609116164e7
4.05468425705812e7
4.053004879255871e7
4.051319556988845e7
4.0496283711657114e7
4.047931402317163e7
4.046228730588969e7
4.044520435735352e7
4.042806597112598e7
4.041087293672979e7
4.3181084488075644e7
4.318108095745509e7
4.31810757227056e7
4.318106825802518e7
4.318105795214809e7
4.318104410615739e7
4.3181025932074875e7
4.318100255217286e7
4.3180972998950966e7
4.3180936215722114e7
4.318089105775251e7
4.318083629390147e7
4.318077060870915e7
4.318069260488154e7
4.318060080612448e7
4.318049366028108e7
4.3180369542728834e7
4.31802267599959e7
4.318006355355808e7
4.317987810378117e7
4.3179668533975534e7
4.317943291453263e7
4.317916926711571e7
4.3178875568878986e7
4.317854975669254e7
4.317818973135194e7
4.317779336175391e7
4.317735848902135e7
4.317688293056316e7
4.317636448405545e7
4.317580093133335e7
4.3175190042183205e7
4.317452957802715e7
4.317381729549298e7
4.317305094986335e7
4.317222829840017e7
4.317134710353981e7
4.3170405135957174e7
4.31694001774964e7
4.3168330023967005e7
4.316719248780541e7
4.316598540060169e7
4.316470661549266e7
4.3163354009422116e7
4.316192548527028e7
4.316041897385426e7
4.315883243580182e7
4.315716386330138e7
4.315541128173076e7
4.315357275116797e7
4.3151646367787115e7
4.3149630265143074e7
4.314752261534792e7
4.3145321630143136e7
4.314302556187089e7
4.3140632704348184e7
4.3138141393647484e7
4.313555000878742e7
4.313285697233741e7
4.313006075093945e7
4.312715985575114e7
4.312415284281307e7
4.312103831334423e7
4.311781491396893e7
4.311448133687829e7
4.3111036319929935e7
4.3107478646688886e7
4.3103807146412715e7
4.310002069398409e7
4.309611820979365e7
4.3092098659576006e7
4.308796105420167e7
4.3083704449427456e7
4.307932794560817e7
4.307483068737178e7
4.307021186326082e7
4.306547070534174e7
4.306060648878527e7
4.305561853141909e7
4.305050619325534e7
4.304526887599476e7
4.3039906022509396e7
4.303441711630564e7
4.302880168096925e7
4.302305927959406e7
4.301718951419596e7
4.3011192025113575e7
4.30050664903971e7
4.2998812625186525e7
4.2992430181080796e7
4.298591894549882e7
4.2979278741033636e7
4.2972509424800925e7
4.296561088778258e7
4.295858305416673e7
4.2951425880684845e7
4.294413935594691e7
4.29367234997755e7
4.292917836253942e7
4.292150402448791e7
4.291370059508572e7
4.2905768212350085e7
4.289770704218992e7
4.288951727774795e7
4.288119913874627e7
4.287275287083578e7
4.2864178744950056e7
4.285547705666405e7
4.284664812555784e7
4.2837692294586144e7
4.2828609929453686e7
4.2819401417996705e7
4.281006716957106e7
4.280060761444709e7
4.279102320321152e7
4.278131440617661e7
4.2771481712796584e7
4.276152563109191e7
4.2751446687081195e7
4.274124542422107e7
4.273092240285397e7
4.272047819966435e7
4.270991340714279e7
4.269922863305872e7
4.268842449994137e7
4.267750164456917e7
4.266646071746775e7
4.2655302382416286e7
4.264402731596254e7
4.263263620694631e7
4.2621129756031595e7
4.2609508675247066e7
4.25977736875353e7
4.258592552631035e7
4.257396493502383e7
4.256189266673948e7
4.254970948371604e7
4.2537416156998485e7
4.2525013466017604e7
4.251250219819768e7
4.2499883148572415e7
4.2487157119408995e7
4.247432491983997e7
4.2461387365503296e7
4.244834527819011e7
4.2435199485500254e7
4.242195082050564e7
4.240860012142104e7
4.239514823128248e7
4.238159599763302e7
4.2367944272215895e7
4.2354193910674885e7
4.23403457722617e7
4.232640071955052e7
4.2312359618159465e7
4.229822333647887e7
4.228399274540613e7
4.226966871808752e7
4.22552521296662e7
4.2240743857036814e7
4.222614477860642e7
4.221145577406149e7
4.219667772414125e7
4.2181811510416746e7
4.2166858015076116e7
4.215181812071545e7
4.213669271013544e7
4.212148266614361e7
4.210618887136207e7
4.2090812208040625e7
4.207535355787527e7
4.205981380183176e7
4.204419381997441e7
4.2028494491299815e7
4.2012716693575524e7
4.1996861303183526e7
4.1980929194968365e7
4.1964921242090106e7
4.194883831588151e7
4.193268128571001e7
4.191645101884369e7
4.190014838032179e7
4.188377423282929e7
4.186732943657549e7
4.1850814849176794e7
4.1834231325543165e7
4.181757971776865e7
4.180086087502547e7
4.178407564346184e7
4.176722486610348e7
4.175030938275841e7
4.173333002992537e7
4.1716287640705556e7
4.169918304471752e7
4.168201706801545e7
4.166479053301039e7
4.164750425839477e7
4.163015905906957e7
4.1612755746074796e7
4.159529512652248e7
4.157777800353272e7
4.439908507589508e7
4.439908154167784e7
4.4399076300973915e7
4.4399068826899864e7
4.439905850678751e7
4.439904463994597e7
4.4399026436200805e7
4.439900301515474e7
4.43989734061141e7
4.43989365486255e7
4.43988912935683e7
4.439883640474907e7
4.43987705609465e7
4.439869235835635e7
4.439860031338888e7
4.439849286577292e7
4.439836838192338e7
4.439822515853159e7
4.439806142634028e7
4.439787535406777e7
4.4397665052448325e7
4.4397428578358196e7
4.439716393899982e7
4.4396869096117966e7
4.4396541970225506e7
4.439618044481703e7
4.439578237055204e7
4.439534556939055e7
4.439486783866643e7
4.439434695508499e7
4.4393780678633675e7
4.4393166756395645e7
4.439250292625785e7
4.4391786920506336e7
4.439101646930311e7
4.439018930403916e7
4.438930316056044e7
4.43883557822636e7
4.4387344923059456e7
4.438626835020302e7
4.4385123846989594e7
4.4383909215316705e7
4.438262227811291e7
4.438126088163411e7
4.43798228976293e7
4.437830622537732e7
4.437670879359724e7
4.437502856223441e7
4.4373263524125405e7
4.437141170654463e7
4.4369471172635645e7
4.436744002273071e7
4.4365316395561814e7
4.436309846936668e7
4.436078446289325e7
4.4358372636306494e7
4.435586129200079e7
4.435324877532177e7
4.435053347520101e7
4.434771382470752e7
4.434478830151916e7
4.434175542831779e7
4.4338613773111485e7
4.433536194948727e7
4.433199861679772e7
4.432852248028467e7
4.4324932291143164e7
4.4321226846528865e7
4.431740498951194e7
4.431346560898017e7
4.4309407639494464e7
4.430523006109924e7
4.430093189909055e7
4.429651222374442e7
4.429197015000793e7
4.4287304837155454e7
4.428251548841246e7
4.4277601350548804e7
4.427256171344414e7
4.426739590962703e7
4.426210331378998e7
4.425668334228227e7
4.4251135452582434e7
4.42454591427518e7
4.423965395087131e7
4.423371945446273e7
4.422765526989579e7
4.4221461051783085e7
4.421513649236364e7
4.420868132087662e7
4.420209530292658e7
4.419537823984118e7
4.418852996802258e7
4.4181550358293615e7
4.417443931523966e7
4.416719677654727e7
4.415982271234024e7
4.415231712451438e7
4.414468004607105e7
4.413691154045122e7
4.412901170086971e7
4.412098064965107e7
4.411281853756735e7
4.4104525543178335e7
4.409610187217499e7
4.408754775672643e7
4.407886345483094e7
4.407004924967161e7
4.4061105448976845e7
4.405203238438615e7
4.404283041082168e7
4.403349990586567e7
4.402404126914424e7
4.401445492171773e7
4.400474130547794e7
4.399490088255226e7
4.398493413471523e7
4.3974841562807426e7
4.396462368616207e7
4.395428104203937e7
4.394381418506874e7
4.393322368669907e7
4.392251013465719e7
4.391167413241445e7
4.390071629866167e7
4.388963726679241e7
4.3878437684394695e7
4.386711821275109e7
4.385567952634741e7
4.384412231238975e7
4.383244727033014e7
4.38206551114006e7
4.3808746558155775e7
4.379672234402402e7
4.378458321286684e7
4.377232991854687e7
4.375996322450414e7
4.3747483903340764e7
4.373489273641374e7
4.372219051343621e7
4.3709378032086655e7
4.369645609762635e7
4.368342552252477e7
4.367028712609294e7
4.365704173412479e7
4.36436901785461e7
4.363023329707138e7
4.361667193286825e7
4.360300693422935e7
4.358923915425185e7
4.357536945052415e7
4.356139868482e7
4.354732772279963e7
4.353315743371812e7
4.3518888690140694e7
4.3504522367664844e7
4.349005934464923e7
4.347550050194946e7
4.346084672266009e7
4.344609889186352e7
4.343125789638485e7
4.341632462455344e7
4.3401299965970226e7
4.338618481128141e7
4.3370980051958025e7
4.33556865800813e7
4.33403052881339e7
4.332483706879676e7
4.330928281475156e7
4.3293643418488555e7
4.327791977211986e7
4.326211276719802e7
4.3246223294539645e7
4.3230252244054236e7
4.3214200504577935e7
4.319806896371216e7
4.3181858507667e7
4.316557002110936e7
4.314920438701568e7
4.3132762486529216e7
4.3116245198821574e7
4.309965340095881e7
4.308298796777155e7
4.3066249771729514e7
4.304943968281977e7
4.303255856842933e7
4.301560729323136e7
4.299858671907541e7
4.298149770488121e7
4.2964341106536254e7
4.294711777679691e7
4.292982856519294e7
4.291247431793563e7
4.289505587782906e7
4.287757408418478e7
4.286002977273961e7
4.2842423775576584e7
4.282475692104898e7
4.280703003370726e7
4.278924393422898e7
4.277139943935149e7
4.564441628962599e7
4.5644412751850426e7
4.5644407505255006e7
4.564440002188578e7
4.5644389687685855e7
4.564437580020754e7
4.564435756710088e7
4.5644334105323575e7
4.564430444101725e7
4.5644267509995036e7
4.564422215878667e7
4.56441671461875e7
4.564410114526044e7
4.56440227457411e7
4.564393045679813e7
4.564382271010394e7
4.564369786317213e7
4.564355420292167e7
4.5643389949429534e7
4.564320325983609e7
4.564299223237089e7
4.564275491046777e7
4.56424892869418e7
4.564219330820212e7
4.5641864878477655e7
4.564150186403435e7
4.564110209736522e7
4.564066338133589e7
4.564018349327085e7
4.563966018896684e7
4.563909120662174e7
4.563847427066897e7
4.5637807095508516e7
4.563708738912723e7
4.5636312856602415e7
4.563548120348355e7
4.563459013904808e7
4.563363737942847e7
4.563262065060819e7
4.563153769128498e7
4.563038625560128e7
4.562916411574098e7
4.5627869064393595e7
4.562649891708645e7
4.562505151438635e7
4.5623524723972596e7
4.562191644258352e7
4.5620224597838745e7
4.5618447149939984e7
4.561658209325346e7
4.56146274577765e7
4.5612581310491994e7
4.561044175661394e7
4.56082069407272e7
4.560587504782551e7
4.560344430425063e7
4.560091297853678e7
4.559827938216357e7
4.5595541870221235e7
4.559269884199146e7
4.55897487414477e7
4.5586690057678126e7
4.5583521325234875e7
4.558024112441283e7
4.557684808146147e7
4.557334086873288e7
4.556971820476897e7
4.55659788543315e7
4.556212162837731e7
4.555814538398224e7
4.55540490242162e7
4.554983149797248e7
4.554549179975369e7
4.554102896941717e7
4.5536442091882184e7
4.553173029680157e7
4.552689275819977e7
4.552192869407999e7
4.551683736600215e7
4.551161807863413e7
4.550627017927805e7
4.550079305737339e7
4.5495186143979244e7
4.5489448911236905e7
4.5483580871814795e7
4.5477581578337304e7
4.5471450622798845e7
4.546518763596495e7
4.545879228676145e7
4.54522642816532e7
4.5445603364013754e7
4.54388093134868e7
4.543188194534092e7
4.542482110981849e7
4.541762669147974e7
4.5410298608543135e7
4.540283681222276e7
4.539524128606357e7
4.538751204527579e7
4.537964913606832e7
4.5371652634982966e7
4.536352264822916e7
4.535525931102054e7
4.5346862786913596e7
4.53383332671492e7
4.532967096999724e7
4.5320876140105054e7
4.5311949047850266e7
4.5302889988698035e7
4.529369928256349e7
4.5284377273179576e7
4.527492432747056e7
4.5265340834931724e7
4.5255627207015336e7
4.524578387652329e7
4.523581129700655e7
4.5225709942171745e7
4.521548030529503e7
4.520512289864345e7
4.519463825290375e7
4.518402691661926e7
4.517328945563446e7
4.5162426452547625e7
4.5151438506171554e7
4.5140326231002636e7
4.5129090256697945e7
4.511773122756094e7
4.5106249802035265e7
4.509464665220718e7
4.508292246331626e7
4.507107793327471e7
4.5059113772194974e7
4.504703070192585e7
4.503482945559708e7
4.502251077717236e7
4.5010075421010666e7
4.4997524151435986e7
4.4984857742315434e7
4.497207697664552e7
4.495918264614671e7
4.494617555086617e7
4.493305649878859e7
4.4919826305455014e7
4.4906485793589756e7
4.489303579273503e7
4.487947713889362e7
4.486581067417916e7
4.485203724647409e7
4.483815770909516e7
4.482417292046661e7
4.481008374380045e7
4.4795891046784334e7
4.478159570127647e7
4.4767198583007716e7
4.4752700571290724e7
4.4738102548736e7
4.4723405400974706e7
4.47086100163884e7
4.46937172858452e7
4.46787281024426e7
4.4663643361256726e7
4.464846395909779e7
4.463319079427204e7
4.461782476634953e7
4.4602366775938205e7
4.458681772446367e7
4.457117851395503e7
4.45554500468362e7
4.4539633225723155e7
4.452372895322638e7
4.450773813175907e7
4.449166166335039e7
4.4475500449464135e7
4.445925539082256e7
4.44429273872351e7
4.442651733743217e7
4.4410026138903774e7
4.43934546877429e7
4.437680387849352e7
4.436007460400328e7
4.434326775528055e7
4.4326384221356004e7
4.4309424889148355e7
4.429239064333448e7
4.427528236622352e7
4.42581009376352e7
4.424084723478192e7
4.42235221321549e7
4.4206126501414016e7
4.418866121128143e7
4.417112712743881e7
4.4153525112428084e7
4.413585602555579e7
4.411812072280067e7
4.410032005672481e7
4.4082454876387775e7
4.4064526027264215e7
4.404653435116426e7
4.402848068615733e7
4.401036586649856e7
4.399219072255843e7
4.691753551728888e7
4.6917531975992754e7
4.691752672356786e7
4.691751923100036e7
4.691750888285831e7
4.6917494974954136e7
4.691747671278272e7
4.691745321068099e7
4.6917423491654135e7
4.691738648781439e7
4.691734104137849e7
4.6917285906171605e7
4.691721974958635e7
4.691714115494762e7
4.6917048624236085e7
4.691694058112499e7
4.69168153742876e7
4.6916671280934624e7
4.691650651054406e7
4.6916319208747715e7
4.691610746134153e7
4.69158692983895e7
4.691560269839279e7
4.691530559249858e7
4.691497586872533e7
4.691461137618295e7
4.691420992926896e7
4.6913769311823614e7
4.6913287281228274e7
4.6912761572434e7
4.691218990190819e7
4.691156997148903e7
4.691089947213892e7
4.6910176087589316e7
4.6909397497870475e7
4.6908561382721215e7
4.69076654248742e7
4.6906707313213885e7
4.690568474580426e7
4.690459543278541e7
4.6903437099137485e7
4.690220748731221e7
4.690090435973194e7
4.6899525501157455e7
4.689806872092539e7
4.689653185505718e7
4.689491276824161e7
4.689320935569309e7
4.689141954488825e7
4.6889541297183886e7
4.688757260931891e7
4.6885511514803685e7
4.68833560851999e7
4.688110443129437e7
4.687875470417008e7
4.68763050961783e7
4.687375384181482e7
4.687109921850416e7
4.686833954729534e7
4.686547319347236e7
4.686249856708341e7
4.6859414123391874e7
4.685621836325272e7
4.685290983341765e7
4.684948712677227e7
4.68459488825086e7
4.6842293786236085e7
4.6838520570034e7
4.683462801244878e7
4.683061493843862e7
4.682648021926866e7
4.682222277235922e7
4.681784156109014e7
4.681333559456331e7
4.680870392732645e7
4.680394565906022e7
4.679905993423115e7
4.679404594171253e7
4.678890291437561e7
4.678363012865308e7
4.677822690407677e7
4.677269260279175e7
4.676702662904833e7
4.6761228428674035e7
4.6755297488527134e7
4.67492333359332e7
4.674303553810653e7
4.673670370155762e7
4.673023747148831e7
4.672363653117586e7
4.671690060134713e7
4.671002943954433e7
4.670302283948318e7
4.669588063040488e7
4.668860267642269e7
4.6681188875864215e7
4.667363916061032e7
4.666595349543154e7
4.665813187732281e7
4.665017433483734e7
4.664208092742033e7
4.663385174474317e7
4.6625486906039044e7
4.6616986559440054e7
4.6608350881317124e7
4.6599580075622424e7
4.659067437323566e7
4.6581634031314015e7
4.657245933264651e7
4.65631505850132e7
4.655370812054951e7
4.6544132295116015e7
4.653442348767413e7
4.652458209966795e7
4.651460855441237e7
4.6504503296488106e7
4.6494266791143365e7
4.648389952370284e7
4.6473401998983875e7
4.646277474072019e7
4.645201829099318e7
4.644113320967101e7
4.643012007385568e7
4.641897947733797e7
4.6407712030060455e7
4.6396318357589e7
4.6384799100592025e7
4.637315491432851e7
4.636138646814399e7
4.6349494444975205e7
4.633747954086285e7
4.632534246447311e7
4.631308393662712e7
4.630070468983929e7
4.628820546786374e7
4.627558702524915e7
4.6262850126902044e7
4.624999554765826e7
4.623702407186271e7
4.622393649295754e7
4.621073361307808e7
4.619741624265732e7
4.618398520003816e7
4.617044131109373e7
4.61567854088557e7
4.614301833315022e7
4.612914093024197e7
4.6115154052485496e7
4.610105855798451e7
4.608685531025847e7
4.607254517791677e7
4.605812903434011e7
4.6043607757369265e7
4.602898222900093e7
4.6014253335090704e7
4.5999421965063006e7
4.598448901162789e7
4.5969455370504625e7
4.595432194015201e7
4.593908962150521e7
4.592375931771914e7
4.59083319339182e7
4.589280837695242e7
4.587718955515946e7
4.586147637813324e7
4.5845669756498046e7
4.582977060168882e7
4.5813779825737186e7
4.579769834106312e7
4.578152706027227e7
4.576526689595876e7
4.574891876051339e7
4.573248356593711e7
4.571596222365979e7
4.5699355644364014e7
4.568266473781389e7
4.566589041268887e7
4.5649033576422304e7
4.563209513504481e7
4.561507599303217e7
4.559797705315799e7
4.558079921635056e7
4.556354338155428e7
4.5546210445595376e7
4.552880130305169e7
4.551131684612664e7
4.549375796452736e7
4.5476125545346476e7
4.5458420472948104e7
4.54406436288573e7
4.5422795891653545e7
4.540487813686752e7
4.538689123688175e7
4.536883606083442e7
4.53507134745268e7
4.533252434033397e7
4.531426951711863e7
4.5295949860148296e7
4.5277566221015476e7
4.525911944756085e7
4.524061038379957e7
4.8218905221648365e7
4.821890167686884e7
4.821889641867547e7
4.8218888917005174e7
4.8218878555064306e7
4.8218864626942e7
4.82188463359982e7
4.8218822793973014e7
4.821879302076314e7
4.82187559448119e7
4.8218710404059485e7
4.821865514740154e7
4.821858883660518e7
4.821851004863369e7
4.821841727833287e7
4.821830894143376e7
4.8218183377829686e7
4.821803885508679e7
4.821787357215066e7
4.821768566321344e7
4.821747320170844e7
4.821723420440217e7
4.8216966635555245e7
4.8216668411126584e7
4.8216337402997755e7
4.8215971443195306e7
4.821556832809278e7
4.82151258225744e7
4.821464166414527e7
4.821411356697442e7
4.8213539225858614e7
4.821291632009631e7
4.821224251726295e7
4.8211515476879604e7
4.821073285396856e7
4.820989230249049e7
4.820899147865879e7
4.820802804412777e7
4.820699966905214e7
4.8205904035015926e7
4.8204738837830044e7
4.820350179019787e7
4.820219062424916e7
4.820080309394293e7
4.819933697734045e7
4.8197790078749985e7
4.819616023074509e7
4.81944452960586e7
4.819264316935511e7
4.819075177888416e7
4.818876908801755e7
4.818669309667344e7
4.818452184263054e7
4.818225340273588e7
4.817988589400915e7
4.817741747464745e7
4.817484634493364e7
4.817217074805186e7
4.8169388970813885e7
4.816649934429949e7
4.816350024441458e7
4.816039009237048e7
4.81571673550876e7
4.8153830545527115e7
4.815037822295375e7
4.814680899313301e7
4.814312150846593e7
4.813931446806464e7
4.813538661777148e7
4.8131336750124894e7
4.812716370427478e7
4.8122866365850195e7
4.811844366678201e7
4.8113894585083164e7
4.8109218144589126e7
4.810441341466089e7
4.80994795098529e7
4.809441558954824e7
4.808922085756317e7
4.808389456172317e7
4.807843599341258e7
4.807284448709955e7
4.806711941983854e7
4.80612602107518e7
4.805526632049163e7
4.804913725068531e7
4.804287254336382e7
4.803647178037628e7
4.802993458279119e7
4.802326061028614e7
4.801644956052692e7
4.8009501168537684e7
4.8002415206062935e7
4.799519148092273e7
4.798782983636207e7
4.7980330150395416e7
4.797269233514738e7
4.796491633619042e7
4.795700213188037e7
4.7948949732690774e7
4.7940759180546544e7
4.79324305481578e7
4.7923963938354574e7
4.791535948342291e7
4.790661734444306e7
4.7897737710630305e7
4.788872079867877e7
4.78795668521091e7
4.787027614061998e7
4.786084895944428e7
4.785128562871e7
4.784158649280662e7
4.7831751919756904e7
4.782178230059469e7
4.7811678048748806e7
4.780143959943366e7
4.779106740904625e7
4.778056195457037e7
4.7769923732987784e7
4.775915326069682e7
4.774825107293842e7
4.7737217723229855e7
4.7726053782806136e7
4.771475984006937e7
4.770333650004616e7
4.769178438385294e7
4.768010412816953e7
4.766829638472103e7
4.76563618197677e7
4.76443011136034e7
4.763211496006225e7
4.761980406603359e7
4.760736915098546e7
4.759481094649625e7
4.7582130195794865e7
4.756932765330909e7
4.7556404084222436e7
4.754336026403908e7
4.753019697815719e7
4.7516915021450505e7
4.750351519785785e7
4.748999831998106e7
4.7476365208690695e7
4.746261669273997e7
4.744875360838645e7
4.743477679902168e7
4.742068711480862e7
4.740648541232673e7
4.7392172554224774e7
4.737774940888104e7
4.736321685007123e7
4.734857575664354e7
4.733382701220114e7
4.731897150479187e7
4.730401012660493e7
4.728894377367481e7
4.727377334559188e7
4.725849974522007e7
4.7243123878421076e7
4.7227646653785415e7
4.721206898236975e7
4.7196391777440965e7
4.718061595422633e7
4.716474242967018e7
4.714877212219639e7
4.713270595147729e7
4.7116544838208236e7
4.7100289703888185e7
4.708394147060604e7
4.70675010608325e7
4.705096939721765e7
4.703434740239396e7
4.70176359987846e7
4.700083610841708e7
4.698394865274203e7
4.696697455245712e7
4.694991472733587e7
4.693277009606156e7
4.6915541576065585e7
4.689823008337094e7
4.688083653244001e7
4.686336183602705e7
4.684580690503505e7
4.682817264837695e7
4.68104599728412e7
4.679266978296139e7
4.6774802980890036e7
4.675686046627644e7
4.6738843136148304e7
4.672075188479741e7
4.670258760366895e7
4.668435118125451e7
4.6666043502988786e7
4.664766545114971e7
4.662921790476216e7
4.6610701739504896e7
4.659211782762105e7
4.65734670378315e7
4.655475023525177e7
4.653596828131185e7
4.651712203367896e7
4.9548992968210034e7
4.9548989419983685e7
4.954898415608195e7
4.954897664540284e7
4.954896626980428e7
4.954895232166853e7
4.954893400224048e7
4.954891042068704e7
4.954888059382404e7
4.954884344645763e7
4.9548797812287375e7
4.954874243531955e7
4.9548675971740276e7
4.954859699219988e7
4.954850398446188e7
4.954839535637161e7
4.954826943910246e7
4.9548124490639314e7
4.954795869946154e7
4.9547770188390166e7
4.95475570185666e7
4.954731719353207e7
4.954704866337982e7
4.9546749328954294e7
4.954641704607367e7
4.954604962975419e7
4.954564485841706e7
4.95452004780603e7
4.954471420638014e7
4.954418373682794e7
4.954360674259051e7
4.9542980880483046e7
4.954230379474572e7
4.954157312073554e7
4.954078648850729e7
4.953994152627755e7
4.9539035863767624e7
4.953806713542158e7
4.953703298349682e7
4.9535931061025195e7
4.9534759034643635e7
4.953351458729351e7
4.953219542078899e7
4.953079925825482e7
4.952932384643462e7
4.952776695787105e7
4.952612639295967e7
4.952439998187869e7
4.952258558639683e7
4.952068110156195e7
4.951868445727346e7
4.951659361974105e7
4.951440659283341e7
4.9512121419319674e7
4.950973618200725e7
4.9507249004779175e7
4.95046580535346e7
4.9501961537035815e7
4.9499157707665116e7
4.949624486209526e7
4.949322134187668e7
4.9490085533945136e7
4.948683587105289e7
4.948347083212709e7
4.947998894255827e7
4.947638877442261e7
4.947266894664067e7
4.946882812507615e7
4.946486502257728e7
4.9460778398964174e7
4.945656706096452e7
4.945222986210105e7
4.944776570253289e7
4.944317352885367e7
4.943845233384905e7
4.943360115621584e7
4.942861908024528e7
4.942350523547269e7
4.941825879629577e7
4.9412878981563464e7
4.9407365054137744e7
4.9401716320429966e7
4.939593212991384e7
4.939001187461683e7
4.938395498859169e7
4.937776094736968e7
4.937142926739713e7
4.936495950545699e7
4.935835125807665e7
4.935160416092332e7
4.934471788818852e7
4.933769215196289e7
4.933052670160229e7
4.93232213230865e7
4.931577583837171e7
4.930819010473746e7
4.930046401412946e7
4.929259749249871e7
4.928459049913826e7
4.9276443026018016e7
4.926815509711878e7
4.925972676776579e7
4.9251158123962946e7
4.924244928172788e7
4.9233600386428915e7
4.9224611612124175e7
4.9215483160903506e7
4.920621526223383e7
4.919680817230802e7
4.918726217339826e7
4.917757757321387e7
4.916775470426417e7
4.915779392322674e7
4.914769561032125e7
4.91374601686895e7
4.912708802378137e7
4.911657962274773e7
4.91059354338397e7
4.909515594581516e7
4.908424166735227e7
4.907319312647031e7
4.906201086995827e7
4.905069546281072e7
4.903924748767164e7
4.902766754428618e7
4.901595624896023e7
4.900411423402818e7
4.899214214732876e7
4.898004065168895e7
4.89678104244164e7
4.8955452156799756e7
4.894296655361762e7
4.8930354332655564e7
4.89176162242316e7
4.89047529707299e7
4.889176532614288e7
4.887865405562148e7
4.886541993503384e7
4.885206375053204e7
4.883858629812726e7
4.882498838327287e7
4.881127082045576e7
4.879743443279577e7
4.878348005165296e7
4.876940851624294e7
4.875522067326009e7
4.87409173765085e7
4.87264994865407e7
4.871196787030403e7
4.8697323400794595e7
4.868256695671872e7
4.866769942216183e7
4.8652721686264664e7
4.863763464290666e7
4.862243919039661e7
4.860713623117033e7
4.8591726671495266e7
4.857621142118205e7
4.856059139330271e7
4.854486750391582e7
4.852904067179797e7
4.851311181818185e7
4.84970818665008e7
4.848095174213963e7
4.846472237219153e7
4.844839468522122e7
4.8431969611034125e7
4.8415448080451325e7
4.839883102509054e7
4.83821193771526e7
4.836531406921368e7
4.834841603402306e7
4.833142620430629e7
4.831434551257362e7
4.829717489093384e7
4.827991527091313e7
4.826256758327896e7
4.824513275786908e7
4.822761172342522e7
4.821000540743165e7
4.819231473595848e7
4.8174540633509435e7
4.815668402287418e7
4.813874582498513e7
4.8120726958778575e7
4.810262834105994e7
4.80844508863733e7
4.806619550687509e7
4.804786311221159e7
4.802945460940038e7
4.801097090271577e7
4.799241289357787e7
4.7973781480445325e7
4.795507755871168e7
4.793630202060526e7
4.791745575509254e7
4.7898539647784844e7
4.787955458084826e7
4.7860501432917014e7
4.784138107900973e7
4.7822194390448995e7
5.090827145321745e7
5.0908267901580304e7
5.090826263202938e7
5.0908255112434015e7
5.090824472331678e7
5.090823075536924e7
5.090821240774091e7
5.0908188787048794e7
5.090815890705513e7
5.090812168896025e7
5.090807596225862e7
5.0908020466106944e7
5.09079538511544e7
5.09078746817865e7
5.090778143873665e7
5.0907672522020504e7
5.090754625415117e7
5.090740088359509e7
5.090723458843116e7
5.0907045480177745e7
5.090683160775466e7
5.0906590961549856e7
5.090632147756232e7
5.0906021041595675e7
5.0905687493478425e7
5.090531863128957e7
5.0904912215569936e7
5.0904465973501615e7
5.0903977603039876e7
5.0903444776983365e7
5.0902865146970384e7
5.090223634739033e7
5.090155599920078e7
5.090082171364232e7
5.090003109584398e7
5.089918174831387e7
5.089827127431002e7
5.089729728108793e7
5.0896257383021645e7
5.089514920459685e7
5.0893970383273944e7
5.0892718572221e7
5.089139144291617e7
5.088998668762007e7
5.088850202171905e7
5.088693518594062e7
5.08852839484427e7
5.088354610677875e7
5.088171948974111e7
5.087980195908478e7
5.087779141113474e7
5.087568577827959e7
5.0873483030354336e7
5.087118117591577e7
5.086877826341358e7
5.086627238226056e7
5.086366166380513e7
5.086094428220991e7
5.085811845523926e7
5.085518244495998e7
5.085213455835759e7
5.084897314787258e7
5.084569661185927e7
5.084230339497092e7
5.083879198847445e7
5.0835160930497505e7
5.0831408806211784e7
5.082753424795499e7
5.082353593529481e7
5.081941259503778e7
5.081516300118601e7
5.0810785974844225e7
5.080628038408028e7
5.080164514374143e7
5.07968792152291e7
5.079198160623445e7
5.078695137043735e7
5.07817876071707e7
5.07764894610528e7
5.0771056121589385e7
5.076548682274779e7
5.075978084250497e7
5.075393750237139e7
5.074795616689257e7
5.074183624313001e7
5.0735577180123225e7
5.072917846833439e7
5.072263963907728e7
5.071596026393178e7
5.0709139954145536e7
5.070217836002393e7
5.0695075170309775e7
5.068783011155386e7
5.068044294747747e7
5.067291347832813e7
5.0665241540229395e7
5.065742700452582e7
5.0649469777123995e7
5.0641369797830574e7
5.063312703968801e7
5.0624741508309074e7
5.0616213241210364e7
5.06075423071462e7
5.059872880544312e7
5.058977286533553e7
5.0580674645303525e7
5.057143433241302e7
5.056205214165894e7
5.055252831531184e7
5.0542863122268505e7
5.0533056857406795e7
5.052310984094539e7
5.051302241780848e7
5.050279495699604e7
5.0492427850959726e7
5.048192151498498e7
5.047127638657937e7
5.046049292486743e7
5.0449571609992474e7
5.0438512942525215e7
5.0427317442879714e7
5.041598565073655e7
5.04045181244736e7
5.039291544060447e7
5.038117819322448e7
5.0369306993464865e7
5.0357302468954526e7
5.0345165263290115e7
5.033289603551415e7
5.0320495459601164e7
5.0307964223952234e7
5.029530303089752e7
5.02825125962073e7
5.026959364861108e7
5.025654692932507e7
5.024337319158787e7
5.023007320020455e7
5.021664773109873e7
5.0203097570873074e7
5.0189423516378e7
5.017562637428822e7
5.016170696068786e7
5.0147666100663215e7
5.013350462790369e7
5.01192233843108e7
5.010482321961472e7
5.009030499099909e7
5.0075669562733166e7
5.00609178058119e7
5.0046050597603574e7
5.003106882150491e7
5.0015973366603665e7
5.000076512734853e7
4.998544500322648e7
4.997001389844708e7
4.995447272163404e7
4.993882238552379e7
4.992306380667093e7
4.990719790516051e7
4.989122560432709e7
4.987514783048039e7
4.985896551263756e7
4.98426795822618e7
4.98262909730075e7
4.98098006204715e7
4.979320946195047e7
4.977651843620466e7
4.97597284832272e7
4.9742840544019654e7
4.972585556037315e7
4.9708774474655166e7
4.969159822960208e7
4.967432776811709e7
4.965696403307356e7
4.963950796712356e7
4.962196051251194e7
4.9604322610895135e7
4.9586595203165166e7
4.956877922927874e7
4.9550875628090814e7
4.95328853371933e7
4.951480929275812e7
4.949664842938508e7
4.947840367995405e7
4.9460075975481644e7
4.9441666244982176e7
4.942317541533284e7
4.940460441114307e7
4.938595415462792e7
4.936722556548543e7
4.934841956077791e7
4.932953705481705e7
4.93105789590527e7
4.929154618196541e7
4.927243962896251e7
4.9253260202277645e7
4.9234008800873876e7
4.921468632034994e7
4.919529365285007e7
4.917583168697678e7
4.915630130770699e7
5.2297218531649455e7
5.2297214976636976e7
5.229720970149515e7
5.229720217307474e7
5.229719177057576e7
5.229717778301518e7
5.229715940746639e7
5.2297135748019636e7
5.229710581541046e7
5.2297068527264364e7
5.229702270890586e7
5.2296967094681524e7
5.229690032974705e7
5.22968209722709e7
5.229672749600815e7
5.229661829320035e7
5.2296491677759424e7
5.22963458886959e7
5.229617909375365e7
5.229598939321626e7
5.229577482385218e7
5.229553336296782e7
5.2295262932540916e7
5.229496140340784e7
5.229462659948115e7
5.229425630197588e7
5.2293848253624685e7
5.229340016286435e7
5.22929097079775e7
5.229237454117574e7
5.229179229261114e7
5.229116057430549e7
5.229047698398765e7
5.228973910883042e7
5.228894452908029e7
5.228809082157393e7
5.2287175563136585e7
5.22861963338585e7
5.2285150720246404e7
5.228403631824773e7
5.228285073614606e7
5.228159159732719e7
5.228025654291528e7
5.2278843234279536e7
5.227734935541215e7
5.2275772615178764e7
5.2274110749442905e7
5.227236152306633e7
5.22705227317875e7
5.2268592203980625e7
5.2266567802297726e7
5.226444742519688e7
5.226222900835928e7
5.2259910525998466e7
5.225748999206466e7
5.2254965461347766e7
5.225233503048216e7
5.224959683885665e7
5.224674906943307e7
5.224378994947692e7
5.224071775120321e7
5.223753079234122e7
5.2234227436621234e7
5.2230806094186656e7
5.222726522193486e7
5.22236033237897e7
5.221981895090916e7
5.221591070183099e7
5.221187722255943e7
5.2207717206595935e7
5.2203429394916914e7
5.2199012575900845e7
5.219446558520818e7
5.2189787305615924e7
5.218497666681001e7
5.218003264513763e7
5.217495426332201e7
5.216974059014191e7
5.2164390740078196e7
5.2158903872929394e7
5.215327919339852e7
5.214751595065308e7
5.214161343786007e7
5.21355709916981e7
5.21293879918479e7
5.212306386046354e7
5.21165980616254e7
5.210999010077671e7
5.210323952414523e7
5.209634591815132e7
5.208930890880361e7
5.208212816108409e7
5.2074803378323145e7
5.206733430156629e7
5.205972070893339e7
5.205196241497152e7
5.204405927000248e7
5.203601115946589e7
5.20278180032587e7
5.201947975507227e7
5.201099640172732e7
5.200236796250796e7
5.1993594488495365e7
5.198467606190169e7
5.197561279540504e7
5.1966404831485875e7
5.195705234176577e7
5.194755552634854e7
5.19379146131648e7
5.192812985731998e7
5.1918201540446535e7
5.19081299700605e7
5.189791547892303e7
5.188755842440702e7
5.1877059187869385e7
5.186641817402907e7
5.18556358103512e7
5.1844712546437755e7
5.183364885342452e7
5.182244522338521e7
5.181110216874247e7
5.1799620221685946e7
5.178799993359799e7
5.177624187448662e7
5.176434663242628e7
5.175231481300627e7
5.174014703878705e7
5.1727843948764436e7
5.171540619784191e7
5.170283445631089e7
5.169012940933909e7
5.1677291756467335e7
5.1664322211114116e7
5.165122150008868e7
5.163799036311235e7
5.162462955234783e7
5.161113983193697e7
5.1597521977546655e7
5.15837767759228e7
5.156990502445273e7
5.155590753073541e7
5.154178511216003e7
5.152753859549241e7
5.151316881646965e7
5.14986766194025e7
5.148406285678579e7
5.1469328388916574e7
5.145447408352015e7
5.1439500815383635e7
5.1424409465997346e7
5.140920092320356e7
5.139387608085287e7
5.137843583846789e7
5.136288110091421e7
5.134721277807874e7
5.133143178455498e7
5.131553903933554e7
5.1299535465511575e7
5.128342198997895e7
5.126719954315141e7
5.1250869058680296e7
5.123443147318093e7
5.1217887725965425e7
5.120123875878205e7
5.118448551556072e7
5.1167628942164846e7
5.115066998614934e7
5.113360959652446e7
5.111644872352585e7
5.109918831839015e7
5.1081829333136596e7
5.106437272035407e7
5.1046819432993874e7
5.1029170424167864e7
5.1011426646951854e7
5.099358905419464e7
5.097565859833174e7
5.095763623120463e7
5.0939522903884664e7
5.092131956650217e7
5.090302716808018e7
5.088464665637289e7
5.086617897770885e7
5.084762507683868e7
5.082898589678719e7
5.081026237870996e7
5.079145546175409e7
5.0772566082923315e7
5.075359517694719e7
5.073454367615418e7
5.071541251034889e7
5.069620260669319e7
5.067691488959093e7
5.065755028057658e7
5.0638109698207505e7
5.061859405795965e7
5.059900427212693e7
5.057934124972389e7
5.0559605896391794e7
5.053979911430794e7
5.0519921802098244e7
5.3716317245216936e7
5.371631368686403e7
5.371630840618869e7
5.371630086903302e7
5.371629045328729e7
5.3716276446309455e7
5.371625804311602e7
5.3716234345293224e7
5.37162043605765e7
5.371616700304715e7
5.371612109389458e7
5.371606536269404e7
5.3715998449150994e7
5.371591890526412e7
5.371582519786144e7
5.371571571146551e7
5.3715588751445875e7
5.371544254741917e7
5.371527525685926e7
5.371508496888268e7
5.371486970817624e7
5.371462743903648e7
5.371435606949269e7
5.371405345548751e7
5.371371740509135e7
5.37133456827286e7
5.3712936013396226e7
5.371248608685661e7
5.371199356178869e7
5.371145606988314e7
5.371087121986876e7
5.3710236601458944e7
5.3709549789208554e7
5.370880834627251e7
5.3708009828059204e7
5.370715178577231e7
5.370623176983633e7
5.3705247333201446e7
5.370419603452477e7
5.370307544122548e7
5.3701883132412225e7
5.37006167016818e7
5.3699273759788826e7
5.369785193718631e7
5.36963488864381e7
5.369476228450408e7
5.3693089834899485e7
5.3691329269730344e7
5.368947835160697e7
5.3687534875438e7
5.368549667010714e7
5.3683361600036e7
5.368112756663532e7
5.3678792509647846e7
5.3676354408386126e7
5.3673811282868266e7
5.3671161194854796e7
5.366840224879042e7
5.366553259265339e7
5.36625504187164e7
5.3659453964222044e7
5.365624151197623e7
5.3652911390862845e7
5.3649461976283185e7
5.364589169052296e7
5.3642199003050506e7
5.363838243074897e7
5.363444053808582e7
5.3630371937222555e7
5.362617528806751e7
5.362184929827473e7
5.361739272319172e7
5.361280436575864e7
5.360808307636167e7
5.360322775264319e7
5.359823733927114e7
5.359311082766994e7
5.358784725571536e7
5.358244570739564e7
5.357690531244085e7
5.3571225245922565e7
5.3565404727826275e7
5.3559443022597805e7
5.355333943866606e7
5.354709332794375e7
5.354070408530782e7
5.353417114806105e7
5.35274939953767e7
5.3520672147727415e7
5.351370516630001e7
5.350659265239735e7
5.349933424682873e7
5.3491929629290015e7
5.34843785177347e7
5.347668066773687e7
5.346883587184745e7
5.346084395894448e7
5.345270479357844e7
5.344441827531382e7
5.343598433806725e7
5.342740294944364e7
5.3418674110070646e7
5.340979785293247e7
5.340077424270345e7
5.339160337508243e7
5.338228537612818e7
5.337282040159669e7
5.336320863628077e7
5.3353450293352485e7
5.3343545613708965e7
5.333349486532199e7
5.332329834259169e7
5.331295636570499e7
5.3302469279998854e7
5.329183745532903e7
5.328106128544415e7
5.327014118736599e7
5.3259077600775674e7
5.324787098740657e7
5.3236521830443524e7
5.322503063392919e7
5.3213397922177285e7
5.320162423919313e7
5.318971014810148e7
5.31776562305819e7
5.3165463086311795e7
5.315313133241718e7
5.314066160293116e7
5.312805454826054e7
5.311531083466028e7
5.310243114371594e7
5.308941617183439e7
5.307626662974247e7
5.306298324199402e7
5.304956674648478e7
5.303601789397574e7
5.3022337447624594e7
5.300852618252529e7
5.2994584885255836e7
5.298051435343421e7
5.296631539528241e7
5.295198882919853e7
5.293753548333693e7
5.2922956195196375e7
5.2908251811216205e7
5.289342318638022e7
5.2878471183828615e7
5.286339667447756e7
5.284820053664648e7
5.283288365569315e7
5.2817446923656106e7
5.2801891238904804e7
5.2786217505797006e7
5.277042663434358e7
5.275451953988064e7
5.273849714274876e7
5.272236036797925e7
5.270611014498765e7
5.2689747407273784e7
5.267327309212905e7
5.2656688140350126e7
5.263999349595948e7
5.262319010593236e7
5.260627891993038e7
5.2589260890041284e7
5.257213697052509e7
5.2554908117566444e7
5.253757528903297e7
5.252013944423973e7
5.250260154371941e7
5.248496254899849e7
5.2467223422379e7
5.244938512672599e7
5.243144862526033e7
5.241341488135723e7
5.239528485834989e7
5.237705951933833e7
5.235873982700363e7
5.2340326743426986e7
5.232182122991386e7
5.230322424682299e7
5.228453675340011e7
5.226575970761653e7
5.224689406601216e7
5.222794078354317e7
5.220890081343409e7
5.218977510703417e7
5.217056461367813e7
5.215127028055098e7
5.213189305255713e7
5.211243387219326e7
5.209289367942541e7
5.2073273411569715e7
5.205357400317706e7
5.203379638592143e7
5.201394148849177e7
5.199401023648764e7
5.1974003552318096e7
5.195392235510414e7
5.19337675605845e7
5.191354008102458e7
5.5166055850359894e7
5.516605228870099e7
5.516604700254864e7
5.51660394567462e7
5.516602902788664e7
5.516601500168451e7
5.516599657111832e7
5.516597283529273e7
5.516594279896939e7
5.5165905372715674e7
5.51658593736202e7
5.516580352652551e7
5.516573646572958e7
5.516565673710807e7
5.516556280061283e7
5.516545303310212e7
5.516532573146141e7
5.516517911597504e7
5.516501133391158e7
5.516482046328786e7
5.516460451677857e7
5.516436144574173e7
5.516408914433084e7
5.51637854536683e7
5.516344816605607e7
5.516307502920145e7
5.516266375043834e7
5.5162212000926e7
5.5161717419808984e7
5.516117761832381e7
5.5160590183839634e7
5.5159952683821455e7
5.5159262669705875e7
5.515851768068092e7
5.5157715247362524e7
5.5156852895361274e7
5.5155928148734495e7
5.515493853331906e7
5.515388157994212e7
5.515275482750656e7
5.5151555825949974e7
5.515028213907575e7
5.51489313472557e7
5.514750105000445e7
5.514598886842589e7
5.514439244753293e7
5.514270945844149e7
5.514093760044085e7
5.513907460294192e7
5.5137118227306135e7
5.513506626855681e7
5.513291655697646e7
5.5130666959591985e7
5.512831538155144e7
5.512585976739495e7
5.5123298102223404e7
5.512062841276746e7
5.51178487683609e7
5.5114957281821124e7
5.511195211024025e7
5.5108831455690205e7
5.510559356584507e7
5.510223673452377e7
5.509875930215688e7
5.509515965618009e7
5.509143623135814e7
5.5087587510041915e7
5.508361202236189e7
5.507950834636105e7
5.507527510807005e7
5.507091098152759e7
5.506641468874868e7
5.506178499964372e7
5.505702073189077e7
5.505212075076382e7
5.504708396891942e7
5.504190934614399e7
5.503659588906448e7
5.5031142650824115e7
5.502554873072596e7
5.501981327384583e7
5.501393547061716e7
5.500791455638923e7
5.5001749810960904e7
5.499544055809175e7
5.498898616499199e7
5.498238604179309e7
5.497563964100068e7
5.496874645693103e7
5.4961706025132835e7
5.4954517921795525e7
5.494718176314529e7
5.493969720483061e7
5.49320639412977e7
5.4924281705157764e7
5.491635026654672e7
5.49082694324785e7
5.490003904619302e7
5.489165898649966e7
5.488312916711725e7
5.487444953601122e7
5.4865620074728824e7
5.485664079773334e7
5.4847511751737624e7
5.483823301503798e7
5.482880469684885e7
5.481922693663889e7
5.480949990346917e7
5.479962379533377e7
5.4789598838503525e7
5.477942528687314e7
5.476910342131235e7
5.47586335490213e7
5.47480160028907e7
5.473725114086701e7
5.472633934532314e7
5.47152810224345e7
5.470407660156149e7
5.469272653463779e7
5.468123129556538e7
5.466959137961623e7
5.465780730284063e7
5.464587960148291e7
5.463380883140425e7
5.462159556751269e7
5.460924040320096e7
5.459674394979174e7
5.4584106835990615e7
5.457132970734707e7
5.4558413225723095e7
5.454535806876989e7
5.453216492941268e7
5.451883451534342e7
5.450536754852164e7
5.4491764764683455e7
5.447802691285875e7
5.4464154754896306e7
5.445014906499727e7
5.443601062925671e7
5.442174024521315e7
5.4407338721406445e7
5.4392806876943424e7
5.437814554107188e7
5.436335555276222e7
5.434843776029739e7
5.43333930208704e7
5.4318222200189956e7
5.4302926172093675e7
5.428750581816909e7
5.427196202738243e7
5.425629569571477e7
5.4240507725805886e7
5.4224599026605524e7
5.4208570513031885e7
5.419242310563766e7
5.417615773028307e7
5.4159775317816116e7
5.414327680375983e7
5.412666312800655e7
5.410993523451902e7
5.4093094071038246e7
5.4076140588798106e7
5.40590757422465e7
5.404190048877313e7
5.402461578844343e7
5.400722260373917e7
5.398972189930504e7
5.397211464170145e7
5.395440179916346e7
5.393658434136546e7
5.391866323919192e7
5.390063946451382e7
5.388251398997074e7
5.386428778875847e7
5.384596183442232e7
5.382753710065559e7
5.380901456110344e7
5.379039518917204e7
5.377167995784266e7
5.375286983949102e7
5.37339658057114e7
5.3714968827145666e7
5.3695879873317085e7
5.3676699912468754e7
5.36574299114067e7
5.363807083534746e7
5.361862364776992e7
5.359908931027186e7
5.357946878243028e7
5.355976302166633e7
5.353997298311398e7
5.352009961949298e7
5.350014388098551e7
5.3480106715116866e7
5.345998906663977e7
5.343979187742253e7
5.341951608634061e7
5.3399162629172005e7
5.337873243849585e7
5.3358226443594575e7
5.33376455703593e7
5.664692784624477e7
5.66469242813137e7
5.664691898974004e7
5.664691143537798e7
5.664690099353558e7
5.664688694829934e7
5.66468684906284e7
5.664684471716801e7
5.664681462973205e7
5.6646777135403894e7
5.664673104720533e7
5.6646675085284404e7
5.664660787857379e7
5.6646527966872655e7
5.664643380330701e7
5.664632375712511e7
5.664619611678615e7
5.6646049093303494e7
5.6645880823804714e7
5.6645689375273764e7
5.6645472748442665e7
5.664522888180191e7
5.6644955655701704e7
5.664465089651765e7
5.664431238085698e7
5.664393783978345e7
5.664352496304078e7
5.664307140325667e7
5.6642574780110985e7
5.66420326844534e7
5.664144268235777e7
5.664080231910143e7
5.664010912305942e7
5.663936060950494e7
5.6638554284308314e7
5.663768764752828e7
5.6636758196890034e7
5.663576343114564e7
5.663470085331354e7
5.6633567973794274e7
5.663236231336037e7
5.6631081406019524e7
5.662972280174983e7
5.662828406910775e7
5.662676279770819e7
5.662515660057856e7
5.662346311638731e7
5.662168001154876e7
5.66198049822062e7
5.6617835756095365e7
5.661577009429031e7
5.661360579283499e7
5.6611340684262596e7
5.660897263900588e7
5.660649956670143e7
5.660391941739093e7
5.660123018262267e7
5.659842989645644e7
5.659551663637511e7
5.659248852410609e7
5.658934372635618e7
5.6586080455462806e7
5.65826969699651e7
5.657919157509799e7
5.657556262321248e7
5.657180851412536e7
5.656792769540138e7
5.656391866257093e7
5.655977995928638e7
5.6555510177419655e7
5.6551107957104474e7
5.6546571986725405e7
5.654190100285695e7
5.653709379015502e7
5.6532149181203604e7
5.652706605631881e7
5.6521843343313076e7
5.651648001722151e7
5.651097509999292e7
5.650532766014762e7
5.649953681240395e7
5.649360171727586e7
5.6487521580643184e7
5.648129565329683e7
5.647492323046032e7
5.646840365128973e7
5.64617362983535e7
5.645492059709387e7
5.64479560152713e7
5.644084206239343e7
5.64335782891301e7
5.6426164286715515e7
5.6418599686338976e7
5.64108841585255e7
5.640301741250728e7
5.639499919558723e7
5.638682929249563e7
5.6378507524740934e7
5.637003374995549e7
5.636140786123743e7
5.6352629786489256e7
5.6343699487754084e7
5.633461696055032e7
5.632538223320544e7
5.631599536618967e7
5.6306456451450035e7
5.629676561174562e7
5.62869229999843e7
5.627692879856199e7
5.6266783218704246e7
5.6256486499811366e7
5.624603890880691e7
5.623544073949045e7
5.622469231189467e7
5.6213793971647255e7
5.620274608933808e7
5.6191549059891716e7
5.618020330194576e7
5.616870925723523e7
5.615706738998313e7
5.614527818629765e7
5.613334215357603e7
5.612125981991526e7
5.610903173352999e7
5.6096658462177604e7
5.608414059259062e7
5.607147872991673e7
5.605867349716632e7
5.604572553466782e7
5.6032635499530725e7
5.6019404065116644e7
5.60060319205181e7
5.5992519770045534e7
5.597886833272208e7
5.596507834178666e7
5.595115054420498e7
5.593708570018867e7
5.592288458272251e7
5.5908547977099776e7
5.5894076680465676e7
5.587947150136882e7
5.586473325932075e7
5.584986278436348e7
5.583486091664502e7
5.581972850600286e7
5.580446641155533e7
5.578907550130074e7
5.577355665172451e7
5.575791074741376e7
5.574213868067983e7
5.572624135118822e7
5.5710219665596165e7
5.569407453719765e7
5.567780688557585e7
5.566141763626285e7
5.564490772040659e7
5.562827807444503e7
5.561152963978739e7
5.559466336250231e7
5.557768019301295e7
5.5560581085799046e7
5.5543366999105394e7
5.552603889465738e7
5.550859773738271e7
5.549104449513981e7
5.547338013845248e7
5.545560564025104e7
5.543772197561937e7
5.541973012154828e7
5.5401631056694776e7
5.538342576114733e7
5.5365115216196835e7
5.5346700404113464e7
5.5328182307928994e7
5.530956191122477e7
5.529084019792519e7
5.5272018152096376e7
5.525309675775027e7
5.5234076998653814e7
5.52149598581433e7
5.519574631894369e7
5.517643736299278e7
5.5157033971270375e7
5.5137537123631954e7
5.5117947798647225e7
5.509826697344306e7
5.5078495623551026e7
5.5058634722759254e7
5.503868524296868e7
5.501864815405345e7
5.499852442372551e7
5.497831501740328e7
5.4958020898084275e7
5.493764302622167e7
5.4917182359604694e7
5.4896639853242755e7
5.48760164592533e7
5.485531312675323e7
5.4834530801753804e7
5.4813670427059196e7
5.479273294216818e7
5.815943200276121e7
5.815942843459135e7
5.815942313765121e7
5.8159415574815415e7
5.815940512011926e7
5.8159391056036346e7
5.815937257152482e7
5.8159348760792494e7
5.815931862273113e7
5.815928106096962e7
5.815923488449662e7
5.8159178808803394e7
5.815911145749922e7
5.815903136435267e7
5.815893697571395e7
5.8158826653275065e7
5.815869867712644e7
5.8158551249071255e7
5.815838249615995e7
5.815819047441033e7
5.815797317268057e7
5.815772851666461e7
5.815745437298168e7
5.8157148553333774e7
5.815680881870718e7
5.815643288359577e7
5.815601842022608e7
5.815556306276614e7
5.8155064411501154e7
5.8154520036961846e7
5.815392748399168e7
5.815328427574187e7
5.815258791758349e7
5.815183590092795e7
5.8151025706948064e7
5.815015481019324e7
5.814922068209305e7
5.814822079434473e7
5.814715262218123e7
5.814601364751641e7
5.814480136196573e7
5.814351326974103e7
5.8142146890418194e7
5.8140699761577986e7
5.813916944131986e7
5.813755351064991e7
5.813584957574357e7
5.8134055270085e7
5.813216825648459e7
5.813018622897687e7
5.812810691460093e7
5.8125928075066075e7
5.8123647508305095e7
5.8121263049918264e7
5.8118772574510805e7
5.811617399692692e7
5.811346527338354e7
5.811064440250695e7
5.81077094262754e7
5.810465843087118e7
5.810148954744509e7
5.809820095279688e7
5.809479086997462e7
5.809125756879643e7
5.8087599366297595e7
5.808381462710626e7
5.807990176375081e7
5.807585923690213e7
5.807168555555329e7
5.806737927714014e7
5.806293900760519e7
5.8058363401408024e7
5.805365116148448e7
5.8048801039157644e7
5.804381183400305e7
5.803868239367062e7
5.8033411613665685e7
5.802799843709167e7
5.8022441854356416e7
5.801674090284456e7
5.801089466655795e7
5.800490227572625e7
5.799876290638954e7
5.799247577995517e7
5.798604016273002e7
5.797945536543084e7
5.797272074267339e7
5.796583569244271e7
5.79587996555458e7
5.7951612115048096e7
5.794427259569536e7
5.793678066332216e7
5.7929135924248435e7
5.792133802466513e7
5.791338665001044e7
5.7905281524337254e7
5.7897022409673505e7
5.788860910537593e7
5.788004144747848e7
5.7871319308036216e7
5.78624425944656e7
5.7853411248881936e7
5.7844225247434884e7
5.78348845996426e7
5.782538934772549e7
5.781573956593975e7
5.780593535991209e7
5.779597686597532e7
5.778586425050612e7
5.7775597709265076e7
5.776517746673967e7
5.775460377549052e7
5.774387691550161e7
5.773299719353444e7
5.772196494248695e7
5.771078052075732e7
5.769944431161289e7
5.76879567225648e7
5.7676318184748374e7
5.766452915230952e7
5.7652590101797625e7
5.7640501531564824e7
5.762826396117213e7
5.761587793080246e7
5.760334400068068e7
5.759066275050102e7
5.757783477886186e7
5.756486070270779e7
5.755174115677965e7
5.753847679307198e7
5.752506828029831e7
5.751151630336437e7
5.74978215628492e7
5.748398477449416e7
5.7470006668699935e7
5.745588799003163e7
5.744162949673183e7
5.742723196024178e7
5.741269616473052e7
5.739802290663225e7
5.7383212994191505e7
5.736826724701649e7
5.735318649564049e7
5.733797158109097e7
5.732262335446691e7
5.730714267652387e7
5.7291530417266876e7
5.727578745555118e7
5.725991467869079e7
5.7243912982074544e7
5.7227783268789895e7
5.721152644925429e7
5.719514344085392e7
5.717863516759001e7
5.7162002559732415e7
5.714524655348037e7
5.712836809063065e7
5.711136811825263e7
5.709424758837049e7
5.707700745765238e7
5.705964868710636e7
5.704217224178318e7
5.702457909048575e7
5.700687020548513e7
5.698904656224317e7
5.697110913914151e7
5.695305891721675e7
5.693489687990227e7
5.69166240127757e7
5.689824130331277e7
5.687974974064719e7
5.686115031533604e7
5.684244401913138e7
5.682363184475723e7
5.6804714785692275e7
5.678569383595814e7
5.676656998991305e7
5.674734424205064e7
5.672801758680438e7
5.670859101835674e7
5.6689065530453786e7
5.66694421162244e7
5.664972176800477e7
5.6629905477167256e7
5.660999423395438e7
5.658998902731716e7
5.656989084475803e7
5.65497006721784e7
5.652941949373035e7
5.6509048291672796e7
5.648858804623171e7
5.646803973546466e7
5.644740433512926e7
5.642668281855556e7
5.640587615652254e7
5.638498531713818e7
5.63640112657234e7
5.634295496469965e7
5.6321817373480044e7
5.6300599448364116e7
5.6279302142435916e7
5.970407238851928e7
5.970406881714349e7
5.970406351489089e7
5.970405594366596e7
5.970404547624325e7
5.970403139349843e7
5.970401288240677e7
5.970398903476032e7
5.970395884655403e7
5.970392121799163e7
5.970387495406186e7
5.970381876563653e7
5.970375127104304e7
5.970367099806485e7
5.970357638632591e7
5.970346579001533e7
5.9703337480911806e7
5.9703189651668735e7
5.970302041932294e7
5.9702827828992344e7
5.970260985772995e7
5.970236441850375e7
5.970208936427409e7
5.97017824921426e7
5.970144154754827e7
5.970106422848876e7
5.970064818974666e7
5.970019104710233e7
5.969969038151696e7
5.969914374327045e7
5.969854865604152e7
5.969790262091753e7
5.969720312032401e7
5.969644762186466e7
5.9695633582064e7
5.969475845000588e7
5.969381967086217e7
5.9692814689306915e7
5.96917409528123e7
5.969059591482308e7
5.968937703780764e7
5.968808179618392e7
5.968670767911918e7
5.968525219320343e7
5.9683712864996694e7
5.9682087243450455e7
5.968037290220438e7
5.967856744176003e7
5.967666849153249e7
5.967467371178273e7
5.967258079543219e7
5.96703874697626e7
5.9668091498002954e7
5.9665690680807255e7
5.966318285762499e7
5.966056590796794e7
5.9657837752576284e7
5.965499635448678e7
5.965203972000668e7
5.9648965899596244e7
5.964577298866311e7
5.964245912827193e7
5.963902250577219e7
5.963546135534766e7
5.963177395849052e7
5.962795864440322e7
5.96240137903313e7
5.961993782183014e7
5.9615729212968566e7
5.961138648647231e7
5.9606908213810116e7
5.960229301522542e7
5.959753955971603e7
5.959264656496481e7
5.958761279722369e7
5.9582437071153715e7
5.957711824962325e7
5.957165524346711e7
5.956604701120856e7
5.9560292558746494e7
5.9554390939010024e7
5.954834125158235e7
5.954214264229605e7
5.9535794302801706e7
5.952929547011148e7
5.952264542611966e7
5.951584349710183e7
5.950888905319409e7
5.950178150785425e7
5.949452031730604e7
5.948710497996832e7
5.947953503587001e7
5.947181006605278e7
5.946392969196204e7
5.9455893574828e7
5.944770141503761e7
5.9439352951498635e7
5.9430847960996695e7
5.94221862575465e7
5.9413367691738226e7
5.940439215007952e7
5.939525955433454e7
5.938596986086039e7
5.9376523059942015e7
5.9366919175126e7
5.935715826255421e7
5.9347240410297774e7
5.933716573769188e7
5.9326934394672446e7
5.9316546561114565e7
5.930600244617356e7
5.929530228762946e7
5.928444635123442e7
5.927343493006442e7
5.926226834387531e7
5.9250946938463345e7
5.9239471085030794e7
5.922784117955688e7
5.9216057642174415e7
5.9204120916552216e7
5.91920314692837e7
5.917978978928182e7
5.9167396387180716e7
5.9154851794743896e7
5.914215656427958e7
5.912931126806305e7
5.91163164977663e7
5.910317286389497e7
5.908988099523288e7
5.907644153829413e7
5.9062855156782866e7
5.904912253106078e7
5.9035244357622534e7
5.9021221348578945e7
5.900705423114819e7
5.899274374715492e7
5.8978290652537376e7
5.896369571686249e7
5.894895972284907e7
5.893408346589888e7
5.891906775363578e7
5.8903913405452974e7
5.888862125206795e7
5.887319213508572e7
5.8857626906569675e7
5.88419264286205e7
5.882609157296288e7
5.881012322053999e7
5.879402226111568e7
5.877778959288445e7
5.8761426122089066e7
5.874493276264554e7
5.8728310435775906e7
5.871156006964819e7
5.8694682599023916e7
5.86776789649128e7
5.866055011423467e7
5.8643296999488614e7
5.862592057842916e7
5.860842181374923e7
5.859080167277044e7
5.857306112713972e7
5.8555201152532995e7
5.8537222728365436e7
5.851912683750814e7
5.850091446601145e7
5.8482586602834545e7
5.8464144239581436e7
5.844558837024293e7
5.8426919990945e7
5.840814009970303e7
5.838924969618186e7
5.8370249781461984e7
5.835114135781121e7
5.8331925428462096e7
5.8312602997394994e7
5.829317506912652e7
5.827364264850336e7
5.825400674050152e7
5.823426835003064e7
5.8214428481743544e7
5.819448813985068e7
5.8174448327939786e7
5.815431004879999e7
5.813407430425109e7
5.811374209497735e7
5.809331442036579e7
5.807279227834927e7
5.805217666525372e7
5.803146857564992e7
5.801066900220949e7
5.7989778935565054e7
5.7968799364174545e7
5.794773127418949e7
5.7926575649327345e7
5.790533347074768e7
5.7884005716931984e7
5.78625933635675e7
5.7841097383434564e7
5.781951874629739e7
5.779785841879862e7
6.128135839884628e7
6.1281354824296914e7
6.128134951678509e7
6.128134193725442e7
6.128133145723054e7
6.1281317356005885e7
6.128129881859088e7
6.1281274934383124e7
6.128124469650585e7
6.128120700176651e7
6.1281160651186824e7
6.128110435105612e7
6.12810367144609e7
6.128095626324474e7
6.1280861430354334e7
6.128075056252888e7
6.128062192329187e7
6.1280473696206965e7
6.128030398836049e7
6.128011083403639e7
6.12798921985509e7
6.1279645982216336e7
6.127937002440617e7
6.127906210769464e7
6.1278719962047115e7
6.12783412690388e7
6.1277923666081555e7
6.1277464750640556e7
6.127696208442365e7
6.127641319752879e7
6.127581559253604e7
6.127516674853191e7
6.12744641250556e7
6.1273705165958226e7
6.127288730316624e7
6.127200796034298e7
6.127106455644194e7
6.1270054509147055e7
6.126897523819617e7
6.126782416858434e7
6.12665987336447e7
6.1265296378005326e7
6.1263914560420595e7
6.126245075647712e7
6.126090246117383e7
6.125926719137689e7
6.125754248815018e7
6.125572591896286e7
6.125381507977533e7
6.12518075970055e7
6.1249701129377656e7
6.124749336965601e7
6.124518204626585e7
6.124276492480422e7
6.1240239809443906e7
6.123760454423282e7
6.123485701429236e7
6.123199514691737e7
6.122901691258122e7
6.12259203258489e7
6.122270344620132e7
6.121936437877422e7
6.121590127501462e7
6.12123123332581e7
6.120859579922996e7
6.120474996647356e7
6.12007731767086e7
6.119666382012271e7
6.119242033559899e7
6.118804121088266e7
6.118352498268957e7
6.1178870236759216e7
6.117407560785543e7
6.116913977971676e7
6.116406148495968e7
6.115883950493688e7
6.115347266955298e7
6.1147959857040346e7
6.114229999369693e7
6.113649205358876e7
6.113053505821868e7
6.1124428076164e7
6.1118170222684614e7
6.111176065930367e7
6.110519859336273e7
6.109848327755296e7
6.109161400942435e7
6.108459013087437e7
6.10774110276178e7
6.1070076128639095e7
6.106258490562902e7
6.105493687240644e7
6.104713158432728e7
6.103916863768124e7
6.103104766907793e7
6.102276835482349e7
6.1014330410288505e7
6.100573358926899e7
6.0996977683340386e7
6.098806252120661e7
6.097898796804428e7
6.0969753924843304e7
6.0960360327744715e7
6.095080714737631e7
6.094109438818695e7
6.093122208778028e7
6.09211903162484e7
6.091099917550604e7
6.090064879862612e7
6.0890139349176995e7
6.0879471020562e7
6.0868644035361566e7
6.085765864467892e7
6.084651512748912e7
6.083521378999219e7
6.0823754964970894e7
6.081213901115297e7
6.080036631257874e7
6.078843727797397e7
6.077635234012848e7
6.076411195528063e7
6.075171660250809e7
6.0739166783124976e7
6.0726463020085596e7
6.071360585739492e7
6.070059585952616e7
6.068743361084538e7
6.0674119715043366e7
6.0660654794574775e7
6.0647039490105055e7
6.063327445996465e7
6.061936037961097e7
6.0605297941098206e7
6.059108785255479e7
6.057673083766881e7
6.0562227635181315e7
6.054757899838746e7
6.053278569464574e7
6.051784850489501e7
6.050276822317966e7
6.048754565618269e7
6.047218162276665e7
6.045667695352268e7
6.044103249032733e7
6.042524908590752e7
6.040932760341302e7
6.0393268915997066e7
6.037707390640461e7
6.036074346656836e7
6.034427849721253e7
6.032767990746417e7
6.0310948614472106e7
6.029408554303348e7
6.027709162522753e7
6.025996780005706e7
6.024271501309693e7
6.022533421614995e7
6.020782636691005e7
6.019019242863213e7
6.017243336980954e7
6.015455016385782e7
6.0136543788805924e7
6.011841522699377e7
6.0100165464776546e7
6.00817954922359e7
6.006330630289726e7
6.0044698893453814e7
6.002597426349677e7
6.0007133415251866e7
5.998817735332203e7
5.9969107084436096e7
5.9949923617203586e7
5.993062796187523e7
5.991122113010952e7
5.989170413474468e7
5.987207798957654e7
5.985234370914181e7
5.983250230850677e7
5.981255480306136e7
5.9792502208318636e7
5.977234553971919e7
5.9752085812440895e7
5.97317240412134e7
5.97112612401379e7
5.969069842251135e7
5.9670036600655675e7
5.964927678575157e7
5.962841998767695e7
5.9607467214849696e7
5.958641947407508e7
5.956527777039732e7
5.954404310695552e7
5.9522716484843664e7
5.9501298902974844e7
5.947979135794932e7
5.9458194843926676e7
5.94365103525018e7
5.9414738872584626e7
5.939288139028354e7
5.937093888879251e7
5.934891234828176e7
6.289180478378422e7
6.289180120609316e7
6.289179589337457e7
6.2891788305620305e7
6.28917778131188e7
6.289176369359386e7
6.289174513010869e7
6.2891721209687576e7
6.289169092260679e7
6.289165316230609e7
6.2891606725872755e7
6.289155031505011e7
6.289148253772445e7
6.289140190984412e7
6.289130685772726e7
6.2891195720715605e7
6.2891066754133664e7
6.289091813251491e7
6.289074795305792e7
6.2890554239278235e7
6.289033494482327e7
6.289008795741988e7
6.288981110292631e7
6.288950214946231e7
6.288915881159322e7
6.2888778754545525e7
6.288835959843389e7
6.288789892248071e7
6.2887394269211724e7
6.288684314861215e7
6.288624304223004e7
6.2885591407214664e7
6.288488568027909e7
6.288412328157773e7
6.288330161849036e7
6.288241808930606e7
6.288147008680057e7
6.288045500170225e7
6.287937022604269e7
6.287821315638829e7
6.2876981196950756e7
6.2875671762574255e7
6.287428228159829e7
6.287281019859558e7
6.28712529769847e7
6.286960810151832e7
6.286787308064705e7
6.286604544876078e7
6.2864122768308446e7
6.2862102631798446e7
6.285998266368135e7
6.285776052211732e7
6.285543390063073e7
6.285300052965456e7
6.285045817796722e7
6.284780465402466e7
6.284503780719098e7
6.284215552887018e7
6.283915575354239e7
6.2836036459707625e7
6.28327956707401e7
6.282943145565649e7
6.2825941929801084e7
6.282232525545097e7
6.2818579642344534e7
6.281470334813622e7
6.281069467878056e7
6.2806551988848686e7
6.28022736817801e7
6.279785821007262e7
6.2793304075413436e7
6.278860982875398e7
6.278377407033141e7
6.2778795449639276e7
6.277367266534999e7
6.276840446519155e7
6.276298964578122e7
6.275742705241809e7
6.275171557883719e7
6.27458541669273e7
6.273984180641439e7
6.273367753451309e7
6.272736043554803e7
6.2720889640546806e7
6.271426432680696e7
6.2707483717438124e7
6.2700547080881566e7
6.2693453730408445e7
6.268620302359871e7
6.2678794361801796e7
6.267122718958095e7
6.266350099414222e7
6.2655615304749876e7
6.264756969212908e7
6.263936376785744e7
6.263099718374651e7
6.262246963121398e7
6.261378084064845e7
6.2604930580766864e7
6.259591865796623e7
6.25867449156703e7
6.2577409233672135e7
6.25679115274734e7
6.255825174762099e7
6.254842987904216e7
6.2538445940378375e7
6.252829998331898e7
6.251799209193492e7
6.2507522382013574e7
6.249689100039479e7
6.248609812430892e7
6.247514396071748e7
6.246402874565651e7
6.2452752743583485e7
6.244131624672786e7
6.2429719574445955e7
6.241796307258019e7
6.240604711282334e7
6.2393972092087984e7
6.238173843188125e7
6.236934657768552e7
6.2356796998345055e7
6.234409018545882e7
6.2331226652779795e7
6.231820693562093e7
6.230503159026786e7
6.229170119339871e7
6.2278216341510825e7
6.226457765035506e7
6.225078575437713e7
6.223684130616663e7
6.222274497591355e7
6.2208497450872496e7
6.2194099434834555e7
6.2179551647607066e7
6.216485482450097e7
6.215000971582633e7
6.213501708639558e7
6.2119877715034574e7
6.2104592394101895e7
6.208916192901566e7
6.207358713778868e7
6.2057868850571245e7
6.2042007909201905e7
6.202600516676617e7
6.2009861487162985e7
6.1993577744679086e7
6.197715482357116e7
6.196059361765562e7
6.194389502990628e7
6.192705997205942e7
6.191008936422668e7
6.189298413451528e7
6.187574521865589e7
6.185837355963783e7
6.18408701073515e7
6.182323581823822e7
6.180547165494725e7
6.1787578585999906e7
6.176955758546063e7
6.175140963261519e7
6.1733135711655706e7
6.171473681137237e7
6.169621392485203e7
6.167756804918343e7
6.165880018516888e7
6.163991133704237e7
6.1620902512194365e7
6.160177472090252e7
6.1582528976068765e7
6.156316629296268e7
6.15436876889705e7
6.152409418335053e7
6.1504386796994e7
6.148456655219201e7
6.146463447240794e7
6.144459158205557e7
6.1424438906282626e7
6.14041774707598e7
6.138380830147505e7
6.136333242453314e7
6.134275086596042e7
6.1322064651514485e7
6.130127480649899e7
6.128038235558332e7
6.1259388322626956e7
6.123829373050873e7
6.121709960096056e7
6.119580695440588e7
6.117441680980245e7
6.115293018448957e7
6.1131348094039686e7
6.1109671552114114e7
6.108790157032298e7
6.106603915808928e7
6.104408532251676e7
6.102204106826194e7
6.0999907397409886e7
6.097768530935367e7
6.095537580067767e7
6.09329798650444e7
6.453593167608643e7
6.45359280952851e7
6.4535922777411416e7
6.453591518151452e7
6.453590467665718e7
6.4535890539008915e7
6.45358719497032e7
6.45358479934119e7
6.4535817657588765e7
6.4535779832334116e7
6.453573331083286e7
6.453567679031864e7
6.453560887351774e7
6.453552807052753e7
6.4535432801085845e7
6.4535321397189006e7
6.453519210601826e7
6.4535043093136065e7
6.453487244591564e7
6.453467817716925e7
6.453445822894329e7
6.453421047644889e7
6.4533932732100606e7
6.453362274963646e7
6.453327822829525e7
6.453289681702855e7
6.4532476118727274e7
6.453201369444394e7
6.45315070675935e7
6.453095372811805e7
6.453035113660088e7
6.452969672831835e7
6.452898791721819e7
6.4528222099814996e7
6.4527396658994265e7
6.452650896771825e7
6.452555639262682e7
6.452453629752879e7
6.4523446046779096e7
6.452228300853829e7
6.4521044557912245e7
6.45197280799692e7
6.451833097263382e7
6.4516850649456576e7
6.451528454225896e7
6.451363010365438e7
6.451188480944523e7
6.451004616089785e7
6.450811168689591e7
6.450607894597468e7
6.450394552823739e7
6.450170905715653e7
6.449936719126186e7
6.44969176257182e7
6.449435809379521e7
6.4491686368232146e7
6.4488900262500755e7
6.448599763196866e7
6.4482976374966964e7
6.447983443376447e7
6.447656979545238e7
6.447318049274168e7
6.446966460467723e7
6.446602025727105e7
6.446224562405811e7
6.445833892657767e7
6.4454298434783414e7
6.445012246738483e7
6.444580939212343e7
6.444135762598632e7
6.4436765635359794e7
6.4432031936126396e7
6.4427155093707405e7
6.442213372305401e7
6.4416966488589115e7
6.441165210410312e7
6.4406189332605354e7
6.440057698613392e7
6.439481392552626e7
6.438889906015248e7
6.438283134761387e7
6.4376609793408394e7
6.43702334505654e7
6.436370141925147e7
6.4357012846349135e7
6.435016692501038e7
6.434316289418684e7
6.433600003813791e7
6.432867768591891e7
6.4321195210850455e7
6.4313552029970616e7
6.430574760347155e7
6.429778143412146e7
6.428965306667371e7
6.428136208726381e7
6.4272908122796126e7
6.426429084032079e7
6.425550994640221e7
6.424656518648036e7
6.423745634422544e7
6.422818324088718e7
6.421874573463962e7
6.4209143719922006e7
6.419937712677686e7
6.418944592018595e7
6.417935009940462e7
6.4169089697295606e7
6.4158664779662535e7
6.414807544458419e7
6.413732182174945e7
6.412640407179447e7
6.411532238564135e7
6.410407698384e7
6.409266811591269e7
6.40810960597023e7
6.406936112072459e7
6.4057463631524436e7
6.404540395103712e7
6.403318246395416e7
6.402079958009474e7
6.400825573378252e7
6.39955513832283e7
6.398268700991875e7
6.3969663118011415e7
6.3956480233736135e7
6.3943138904803164e7
6.392963969981824e7
6.391598320770443e7
6.3902170037131295e7
6.388820081595112e7
6.387407619064283e7
6.385979682576295e7
6.3845363403404474e7
6.3830776622663185e7
6.381603719911177e7
6.380114586428155e7
6.378610336515219e7
6.377091046364913e7
6.3755567936148755e7
6.374007657299179e7
6.3724437178004205e7
6.370865056802621e7
6.369271757244917e7
6.3676639032760195e7
6.3660415802094825e7
6.364404874479739e7
6.3627538735989206e7
6.3610886661144644e7
6.359409341567473e7
6.357715990451864e7
6.35600870417428e7
6.3542875750147425e7
6.35255269608808e7
6.35080416130609e7
6.3490420653404534e7
6.3472665035863705e7
6.345477572126943e7
6.343675367698268e7
6.34185998765524e7
6.3400315299380794e7
6.338190093039542e7
6.3363357759728245e7
6.334468678240172e7
6.33258889980213e7
6.3306965410474904e7
6.328791702763884e7
6.3268744861090355e7
6.3249449925826386e7
6.323003323998902e7
6.321049582459666e7
6.3190838703282125e7
6.317106290203599e7
6.315116944895657e7
6.313115937400549e7
6.311103370876913e7
6.309079348622589e7
6.307043974051892e7
6.3049973506734684e7
6.302939582068664e7
6.300870771870456e7
6.298791023742918e7
6.296700441361173e7
6.294599128391898e7
6.292487188474307e7
6.290364725201633e7
6.2882318421031125e7
6.2860886426264204e7
6.2839352301206045e7
6.281771707819452e7
6.279598178825335e7
6.27741474609349e7
6.27522151241673e7
6.2730185804105885e7
6.270806052498902e7
6.268584030899767e7
6.266352617611952e7
6.2641119144016616e7
6.261862022789714e7
6.259603044039114e7
6.2573350791429654e7
6.255058228812787e7
6.621426461921473e7
6.621426103533405e7
6.621425571235619e7
6.6214248108396456e7
6.621423759130333e7
6.621422343570621e7
6.621420482082616e7
6.6214180829003125e7
6.621415044489254e7
6.62141125552832e7
6.6214065949489534e7
6.621400932027126e7
6.62139412652345e7
6.62138602886695e7
6.621376480378154e7
6.621365313527322e7
6.621352352223784e7
6.621337412132558e7
6.621320301014617e7
6.621300819087362e7
6.6212787594020545e7
6.621253908235194e7
6.6212260454909936e7
6.621194945112345e7
6.621160375497812e7
6.621122099922441e7
6.62107987696031e7
6.621033460906967e7
6.620982602200015e7
6.620927047836339e7
6.6208665417845726e7
6.620800825391551e7
6.620729637781671e7
6.620652716248182e7
6.620569796635553e7
6.620480613712171e7
6.620384901532757e7
6.620282393789981e7
6.620172824154782e7
6.620055926605084e7
6.619931435742612e7
6.6197990870976076e7
6.619658617421246e7
6.619509764965757e7
6.6193522697521165e7
6.619185873825399e7
6.6190103214977965e7
6.6188253595794216e7
6.618630737597004e7
6.618426208000678e7
6.618211526358974e7
6.6179864515423134e7
6.617750745895145e7
6.617504175397046e7
6.617246509812996e7
6.616977522833116e7
6.6166969922021665e7
6.6164046998390734e7
6.616100431946796e7
6.615783979112846e7
6.615455136400738e7
6.615113703432712e7
6.6147594844639994e7
6.6143922884489864e7
6.614011929099533e7
6.613618224935806e7
6.613210999329851e7
6.612790080542308e7
6.6123553017524496e7
6.611906501081912e7
6.61144352161238e7
6.6109662113974735e7
6.610474423469159e7
6.609968015838897e7
6.609446851493843e7
6.608910798388286e7
6.60835972943063e7
6.6077935224661246e7
6.607212060255587e7
6.60661523045032e7
6.6060029255634844e7
6.6053750429380864e7
6.6047314847118095e7
6.604072157778909e7
6.6033969737492844e7
6.602705848905014e7
6.6019987041544266e7
6.601275464983958e7
6.600536061407906e7
6.599780427916253e7
6.5990085034207314e7
6.598220231199216e7
6.597415558838655e7
6.596594438176611e7
6.595756825241565e7
6.5949026801921144e7
6.59403196725514e7
6.593144654663103e7
6.592240714590548e7
6.591320123089892e7
6.5903828600266576e7
6.589428909014183e7
6.588458257347891e7
6.5874708959392756e7
6.5864668192495935e7
6.585446025223376e7
6.5844085152218424e7
6.583354293956244e7
6.5822833694212556e7
6.5811957528284065e7
6.58009145853968e7
6.578970504001245e7
6.577832909677489e7
6.57667869898527e7
6.5755078982285224e7
6.574320536533233e7
6.573116645782794e7
6.571896260553828e7
6.570659418052469e7
6.569406158051139e7
6.568136522825891e7
6.5668505570942745e7
6.565548307953824e7
6.564229824821126e7
6.562895159371537e7
6.561544365479551e7
6.5601774991598204e7
6.558794618508891e7
6.557395783647592e7
6.555981056664197e7
6.554550501558263e7
6.553104184185217e7
6.551642172201708e7
6.550164535011695e7
6.548671343713298e7
6.5471626710464135e7
6.545638591341126e7
6.544099180466852e7
6.5425445157823175e7
6.5409746760862626e7
6.539389741568981e7
6.537789793764612e7
6.536174915504219e7
6.534545190869671e7
6.532900705148293e7
6.5312415447882965e7
6.5295677973549984e7
6.5278795514878064e7
6.52617689685798e7
6.524459924127169e7
6.5227287249066986e7
6.520983391717628e7
6.5192240179515645e7
6.517450697832213e7
6.515663526377684e7
6.5138625993635215e7
6.512048013286485e7
6.510219865329039e7
6.5083782533245504e7
6.506523275723222e7
6.5046550315587096e7
6.502773620415434e7
6.500879142396606e7
6.4989716980928734e7
6.4970513885517105e7
6.495118315247424e7
6.49317258005182e7
6.49121428520554e7
6.489243533290003e7
6.487260427200009e7
6.485265070116942e7
6.483257565482589e7
6.4812380169735834e7
6.479206528476411e7
6.4771632040630326e7
6.475108147967059e7
6.47304146456053e7
6.4709632583312064e7
6.468873633860463e7
6.466772695801698e7
6.4646605488592744e7
6.462537297768001e7
6.460403047273126e7
6.45825790211085e7
6.456101966989304e7
6.4539353465700746e7
6.451758145450159e7
6.449570468144446e7
6.447372419068609e7
6.445164102522515e7
6.442945622674036e7
6.440717083543342e7
6.438478588987602e7
6.436230242686125e7
6.433972148125912e7
6.431704408587634e7
6.4294271271319956e7
6.427140406586507e7
6.42484434953264e7
6.42253905829337e7
6.42022463492108e7
6.79273345953368e7
6.792733100840728e7
6.792732568037543e7
6.79273180684315e7
6.792730753922094e7
6.7927293365847e7
6.79272747256353e7
6.792725069861439e7
6.792722026666513e7
6.79271823132925e7
6.792713562397182e7
6.792707888702439e7
6.792701069497557e7
6.792692954635186e7
6.792683384787351e7
6.79267219170005e7
6.792659198479308e7
6.792644219904754e7
6.792627062767169e7
6.792607526226568e7
6.792585402187543e7
6.792560475688908e7
6.792532525304738e7
6.792501323554252e7
6.792466637318039e7
6.792428228258398e7
6.792385853241771e7
6.792339264761308e7
6.792288211357915e7
6.792232438038199e7
6.792171686687908e7
6.792105696479623e7
6.792034204273608e7
6.791956945010762e7
6.791873652096893e7
6.791784057777521e7
6.791687893502551e7
6.791584890280308e7
6.791474779020439e7
6.791357290865342e7
6.791232157509807e7
6.791099111508656e7
6.790957886572193e7
6.790808217849429e7
6.790649842198937e7
6.790482498447436e7
6.790305927636077e7
6.790119873254547e7
6.789924081463106e7
6.789718301302686e7
6.78950228489326e7
6.789275787620658e7
6.789038568312043e7
6.78879038940032e7
6.78853101707769e7
6.788260221438657e7
6.787977776612727e7
6.787683460887124e7
6.78737705681977e7
6.787058351342885e7
6.786727135857448e7
6.786383206318885e7
6.786026363314222e7
6.785656412131077e7
6.785273162818757e7
6.78487643024174e7
6.784466034125914e7
6.784041799097791e7
6.783603554717039e7
6.783151135502595e7
6.782684380952664e7
6.78220313555884e7
6.781707248814689e7
6.781196575218947e7
6.780670974273749e7
6.780130310477977e7
6.779574453316092e7
6.779003277242634e7
6.778416661662625e7
6.777814490908115e7
6.777196654211085e7
6.776563045672904e7
6.775913564230557e7
6.775248113619843e7
6.774566602335736e7
6.773868943590052e7
6.77315505526666e7
6.772424859874387e7
6.771678284497726e7
6.77091526074561e7
6.770135724698295e7
6.76933961685256e7
6.768526882065381e7
6.767697469496118e7
6.766851332547453e7
6.765988428805147e7
6.765108719976713e7
6.76421217182917e7
6.763298754125942e7
6.762368440563026e7
6.761421208704506e7
6.760457039917535e7
6.759475919306847e7
6.758477835648882e7
6.757462781325626e7
6.75643075225823e7
6.755381747840452e7
6.754315770872055e7
6.753232827492142e7
6.752132927112567e7
6.751016082351427e7
6.749882308966695e7
6.748731625790091e7
6.747564054661165e7
6.746379620361707e7
6.745178350550462e7
6.743960275698276e7
6.742725429023595e7
6.74147384642845e7
6.74020556643494e7
6.738920630122189e7
6.737619081063862e7
6.73630096526626e7
6.734966331107e7
6.733615229274288e7
6.732247712706864e7
6.730863836534572e7
6.729463658019611e7
6.72804723649847e7
6.726614633324574e7
6.725165911811623e7
6.723701137177679e7
6.72222037648997e7
6.720723698610456e7
6.719211174142127e7
6.71768287537608e7
6.716138876239346e7
6.714579252243492e7
6.713004080434011e7
6.711413439340456e7
6.709807408927385e7
6.7081860705460675e7
6.7065495068869874e7
6.7048978019330986e7
6.703231040913906e7
6.701549310260265e7
6.699852697560025e7
6.698141291514396e7
6.696415181895095e7
6.694674459502298e7
6.692919216123295e7
6.6911495444919586e7
6.689365538248943e7
6.6875672919026196e7
6.685754900790797e7
6.68392846104313e7
6.6820880695442975e7
6.6802338238979e7
6.678365822391051e7
6.676484163959723e7
6.674588948154754e7
6.672680275108589e7
6.670758245502685e7
6.668822960535621e7
6.6668745218918554e7
6.664913031711188e7
6.6629385925588414e7
6.66095130739622e7
6.658951279552301e7
6.656938612695667e7
6.65491341080715e7
6.6528757781531066e7
6.650825819259298e7
6.648763638885376e7
6.64668934199994e7
6.644603033756207e7
6.6425048194682315e7
6.640394804587708e7
6.638273094681318e7
6.636139795408638e7
6.6339950125005804e7
6.6318388517383635e7
6.6296714189330146e7
6.627492819905381e7
6.625303160466649e7
6.623102546399352e7
6.620891083438894e7
6.6186688772555254e7
6.6164360334367946e7
6.614192657470504e7
6.611938854728053e7
6.6096747304483026e7
6.607400389721826e7
6.605115937475625e7
6.602821478458251e7
6.6005171172253564e7
6.5982029581256494e7
6.595879105287261e7
6.593545662604478e7
6.5912027337249026e7
6.588850422036958e7
6.967567805332261e7
6.967567446337432e7
6.96756691303379e7
6.96756615104873e7
6.967565096927598e7
6.967563677829486e7
6.967561811299096e7
6.967559405110139e7
6.967556357175626e7
6.967552555520384e7
6.967547878311163e7
6.967542193939744e7
6.967535361154498e7
6.967527229236013e7
6.967517638212484e7
6.967506419110747e7
6.967493394238953e7
6.967478377497141e7
6.967461174712019e7
6.967441583992615e7
6.96741939610354e7
6.967394394852802e7
6.967366357491435e7
6.967335055122206e7
6.967300253115039e7
6.967261711526877e7
6.967219185523875e7
6.967172425804128e7
6.967121179019059e7
6.96706518819207e7
6.967004193132882e7
6.966937930846448e7
6.966866135935177e7
6.966788540993564e7
6.966704876994295e7
6.966614873665082e7
6.96651825985558e7
6.966414763893765e7
6.96630411393141e7
6.966186038278155e7
6.966060265723935e7
6.965926525849515e7
6.965784549324942e7
6.965634068195812e7
6.96547481615729e7
6.965306528815876e7
6.965128943938935e7
6.964941801692085e7
6.964744844864534e7
6.964537819082502e7
6.964320473010913e7
6.964092558543538e7
6.963853830981797e7
6.963604049202457e7
6.963342975814483e7
6.963070377305263e7
6.962786024176551e7
6.962489691070332e7
6.962181156884941e7
6.961860204881735e7
6.96152662278257e7
6.961180202858452e7
6.960820742009614e7
6.960448041837312e7
6.96006190870771e7
6.959662153808068e7
6.959248593195589e7
6.958821047839223e7
6.95837934365465e7
6.957923311532837e7
6.957452787362313e7
6.956967612045617e7
6.956467631509987e7
6.955952696712719e7
6.955422663641372e7
6.954877393309096e7
6.954316751745306e7
6.953740609981991e7
6.953148844035824e7
6.952541334886347e7
6.951917968450443e7
6.951278635553281e7
6.950623231895965e7
6.949951658020082e7
6.949263819269313e7
6.948559625748345e7
6.947838992279202e7
6.947101838355197e7
6.946348088092697e7
6.945577670180787e7
6.944790517829062e7
6.943986568713638e7
6.943165764921567e7
6.942328052893749e7
6.941473383366491e7
6.940601711311862e7
6.939712995876889e7
6.938807200321795e7
6.937884291957341e7
6.936944242081346e7
6.93598702591456e7
6.935012622535919e7
6.9340210148173e7
6.933012189357845e7
6.931986136417957e7
6.930942849853039e7
6.929882327047005e7
6.928804568845718e7
6.927709579490337e7
6.92659736655069e7
6.925467940858696e7
6.92432131644192e7
6.92315751045728e7
6.921976543125014e7
6.920778437662865e7
6.919563220220625e7
6.918330919814992e7
6.917081568264839e7
6.915815200126916e7
6.914531852631986e7
6.913231565621486e7
6.91191438148468e7
6.910580345096369e7
6.90922950375519e7
6.907861907122494e7
6.906477607161835e7
6.905076658079135e7
6.90365911626345e7
6.902225040228467e7
6.900774490554625e7
6.899307529832007e7
6.897824222603893e7
6.896324635311058e7
6.894808836236797e7
6.893276895452708e7
6.89172888476521e7
6.890164877662829e7
6.888584949264243e7
6.886989176267071e7
6.885377636897491e7
6.883750410860565e7
6.882107579291382e7
6.880449224706964e7
6.878775430958949e7
6.877086283187045e7
6.875381867773283e7
6.873662272297007e7
6.871927585490674e7
6.870177897196402e7
6.868413298323275e7
6.866633880805457e7
6.86483973756101e7
6.863030962451486e7
6.861207650242302e7
6.859369896563803e7
6.85751779787311e7
6.855651451416674e7
6.853770955193575e7
6.85187640791953e7
6.849967908991627e7
6.848045558453745e7
6.846109456962705e7
6.844159705755088e7
6.842196406614755e7
6.840219661841035e7
6.838229574217583e7
6.836226246981922e7
6.834209783795604e7
6.832180288715047e7
6.830137866162996e7
6.828082620900622e7
6.82601465800023e7
6.823934082818596e7
6.821841000970909e7
6.819735518305282e7
6.817617740877895e7
6.815487774928679e7
6.813345726857592e7
6.811191703201455e7
6.809025810611336e7
6.806848155830482e7
6.804658845672788e7
6.802457987001806e7
6.800245686710252e7
6.79802205170004e7
6.795787188862821e7
6.793541205061007e7
6.791284207109293e7
6.789016301756643e7
6.786737595668767e7
6.784448195411041e7
6.782148207431898e7
6.779837738046643e7
6.777516893421736e7
6.775185779559484e7
6.772844502283154e7
6.770493167222533e7
6.768131879799838e7
6.765760745216092e7
6.763379868437852e7
6.760989354184324e7
7.145983693674229e7
7.145983334380482e7
7.14598280058126e7
7.145982037813173e7
7.145980982503471e7
7.145979561661366e7
7.145977692645365e7
7.14597528300203e7
7.145972230371612e7
7.145968422455978e7
7.145963737044169e7
7.145958042091094e7
7.145951195844819e7
7.14594304701813e7
7.145933435000055e7
7.145922190103294e7
7.145909133843535e7
7.145894079246974e7
7.145876831182323e7
7.145857186714005e7
7.145834935473275e7
7.145809860044214e7
7.145781736361858e7
7.145750334119736e7
7.145715417184424e7
7.145676744014855e7
7.145634068084303e7
7.145587138303116e7
7.145535699440499e7
7.145479492543732e7
7.145418255353439e7
7.14535172271359e7
7.145279626975119e7
7.145201698392126e7
7.14511766550979e7
7.145027255543198e7
7.144930194746412e7
7.144826208771218e7
7.144715023015052e7
7.144596362957719e7
7.144469954486552e7
7.1443355242098e7
7.144192799758051e7
7.144041510073508e7
7.143881385687134e7
7.143712158983575e7
7.143533564453915e7
7.143345338936299e7
7.143147221844567e7
7.142938955384979e7
7.142720284761207e7
7.142490958367789e7
7.142250727972245e7
7.141999348886052e7
7.141736580124775e7
7.141462184557526e7
7.141175929046123e7
7.140877584574121e7
7.140566926366048e7
7.140243733997163e7
7.139907791493966e7
7.139558887425801e7
7.139196814987843e7
7.13882137207575e7
7.13843236135232e7
7.138029590306392e7
7.137612871304354e7
7.137182021634477e7
7.136736863544448e7
7.136277224272296e7
7.135802936071083e7
7.135313836227554e7
7.134809767075077e7
7.134290576001094e7
7.13375611544939e7
7.133206242917356e7
7.132640820948593e7
7.132059717121015e7
7.131462804030685e7
7.130849959271693e7
7.130221065412197e7
7.129576009966886e7
7.128914685366076e7
7.12823698892163e7
7.127542822789872e7
7.126832093931718e7
7.126104714070182e7
7.125360599645434e7
7.124599671767569e7
7.123821856167264e7
7.123027083144453e7
7.122215287515204e7
7.121386408556888e7
7.120540389951842e7
7.119677179729578e7
7.118796730207753e7
7.117898997931929e7
7.116983943614307e7
7.11605153207153e7
7.115101732161596e7
7.114134516720103e7
7.113149862495802e7
7.112147750085618e7
7.111128163869193e7
7.110091091943076e7
7.109036526054569e7
7.10796446153537e7
7.106874897235048e7
7.105767835454424e7
7.104643281878926e7
7.103501245511976e7
7.102341738608447e7
7.101164776608296e7
7.099970378070344e7
7.098758564606336e7
7.09752936081526e7
7.096282794218001e7
7.095018895192349e7
7.093737696908432e7
7.092439235264565e7
7.091123548823582e7
7.089790678749655e7
7.088440668745656e7
7.08707356499107e7
7.085689416080472e7
7.084288272962625e7
7.082870188880192e7
7.08143521931008e7
7.079983421904461e7
7.078514856432457e7
7.077029584722494e7
7.075527670605409e7
7.074009179858209e7
7.072474180148613e7
7.070922740980275e7
7.069354933638781e7
7.067770831138389e7
7.066170508169526e7
7.064554041047026e7
7.062921507659161e7
7.061272987417416e7
7.059608561207049e7
7.057928311338416e7
7.056232321499066e7
7.05452067670662e7
7.052793463262412e7
7.051050768705907e7
7.049292681769888e7
7.047519292336407e7
7.045730691393511e7
7.043926970992716e7
7.042108224207263e7
7.04027454509109e7
7.0384260286386e7
7.036562770745136e7
7.034684868168224e7
7.032792418489522e7
7.030885520077527e7
7.028964272050981e7
7.027028774243021e7
7.025079127165999e7
7.023115431977035e7
7.021137790444268e7
7.019146304913782e7
7.01714107827719e7
7.01512221393996e7
7.013089815790339e7
7.011043988168968e7
7.008984835839143e7
7.006912463957714e7
7.004826978046618e7
7.002728483965048e7
7.000617087882225e7
6.998492896250789e7
6.996356015780802e7
6.994206553414299e7
6.992044616300492e7
6.98987031177149e7
6.987683747318618e7
6.985485030569293e7
6.983274269264431e7
6.981051571236421e7
6.97881704438762e7
6.976570796669374e7
6.974312936061567e7
6.972043570552647e7
6.969762808120213e7
6.96747075671202e7
6.965167524227527e7
6.962853218499902e7
6.96052794727847e7
6.958191818211678e7
6.955844938830441e7
6.953487416532005e7
6.951119358564182e7
6.948740872010054e7
6.946352063773094e7
6.943953040562677e7
6.941543908880027e7
6.93912477500453e7
6.936695744980477e7
7.328035871186222e7
7.328035511596477e7
7.32803497730648e7
7.328034213762902e7
7.328033157275961e7
7.328031734706362e7
7.32802986322804e7
7.328027450162365e7
7.328024392879148e7
7.328020578759956e7
7.328015885219167e7
7.32801017977825e7
7.328003320188795e7
7.327995154600006e7
7.327985521766357e7
7.327974251291408e7
7.327961163903747e7
7.327946071761435e7
7.327928778781223e7
7.327909080989271e7
7.32788676689007e7
7.327861617850627e7
7.327833408497006e7
7.327801907120678e7
7.327766876092169e7
7.327728072279772e7
7.327685247471248e7
7.327638148796552e7
7.32758651914993e7
7.32753009760968e7
7.327468619854274e7
7.327401818573418e7
7.327329423872986e7
7.327251163672793e7
7.327166764096206e7
7.327075949850957e7
7.326978444600317e7
7.32687397132413e7
7.32676225266919e7
7.326643011288531e7
7.3265159701693e7
7.32638085294896e7
7.326237384219614e7
7.326085289820297e7
7.325924297117193e7
7.325754135271685e7
7.325574535496296e7
7.325385231298564e7
7.325185958712906e7
7.324976456520629e7
7.324756466458228e7
7.324525733414128e7
7.324284005614072e7
7.324031034795412e7
7.323766576370451e7
7.323490389579193e7
7.323202237631656e7
7.322901887840092e7
7.322589111741346e7
7.322263685209696e7
7.321925388560382e7
7.321574006644171e7
7.321209328933288e7
7.320831149598904e7
7.320439267580576e7
7.320033486647883e7
7.319613615454587e7
7.31917946758555e7
7.318730861596775e7
7.31826762104879e7
7.317789574533676e7
7.317296555696042e7
7.316788403248148e7
7.316264960979536e7
7.315726077761307e7
7.315171607545438e7
7.314601409359248e7
7.314015347295353e7
7.313413290497279e7
7.312795113141005e7
7.312160694412628e7
7.311509918482368e7
7.310842674475132e7
7.310158856437813e7
7.30945836330356e7
7.308741098853147e7
7.308006971673664e7
7.307255895114708e7
7.30648778724221e7
7.305702570790075e7
7.30490017310979e7
7.304080526118168e7
7.30324356624334e7
7.302389234369132e7
7.301517475778013e7
7.300628240092653e7
7.299721481216303e7
7.298797157272042e7
7.297855230541047e7
7.296895667399971e7
7.29591843825752e7
7.29492351749037e7
7.293910883378464e7
7.292880518039812e7
7.291832407364862e7
7.290766540950508e7
7.289682912033871e7
7.288581517425835e7
7.28746235744449e7
7.286325435848477e7
7.285170759770356e7
7.283998339650026e7
7.282808189168215e7
7.281600325180212e7
7.280374767649703e7
7.279131539582963e7
7.277870666963285e7
7.276592178685752e7
7.27529610649243e7
7.27398248490793e7
7.272651351175421e7
7.271302745193167e7
7.269936709451509e7
7.268553288970418e7
7.26715253123762e7
7.265734486147267e7
7.264299205939238e7
7.262846745139064e7
7.261377160498495e7
7.259890510936727e7
7.25838685748229e7
7.256866263215654e7
7.255328793212517e7
7.253774514487804e7
7.25220349594041e7
7.250615808298656e7
7.249011524066488e7
7.24739071747043e7
7.245753464407289e7
7.244099842392609e7
7.24242993050989e7
7.24074380936058e7
7.239041561014833e7
7.237323268963012e7
7.235589018067987e7
7.233838894518201e7
7.232072985781485e7
7.230291380559671e7
7.228494168743923e7
7.226681441370896e7
7.224853290579598e7
7.22300980956903e7
7.221151092556612e7
7.219277234737293e7
7.217388332243471e7
7.215484482105601e7
7.213565782213587e7
7.21163233127886e7
7.20968422879722e7
7.207721575012347e7
7.20574447088007e7
7.20375301803333e7
7.20174731874782e7
7.19972747590833e7
7.197693592975791e7
7.195645773954964e7
7.193584123362818e7
7.19150874619759e7
7.189419747908443e7
7.187317234365828e7
7.185201311832438e7
7.183072086934844e7
7.180929666635685e7
7.178774158206543e7
7.17660566920137e7
7.17442430743054e7
7.172230180935477e7
7.170023397963876e7
7.167804066945489e7
7.165572296468474e7
7.163328195256303e7
7.161071872145209e7
7.158803436062194e7
7.156522996003552e7
7.154230661013894e7
7.151926540165733e7
7.149610742539547e7
7.147283377204338e7
7.144944553198682e7
7.142594379512286e7
7.140232965067978e7
7.137860418704195e7
7.135476849157906e7
7.133082365048006e7
7.130677074859136e7
7.128261086925943e7
7.125834509417771e7
7.12339745032375e7
7.12095001743834e7
7.118492318347228e7
7.116024460413653e7
7.513779639564297e7
7.513779279681423e7
7.513778744905388e7
7.513777980593745e7
7.513776922940756e7
7.513775498659919e7
7.513773624742249e7
7.513771208285849e7
7.513768146392365e7
7.513764326125705e7
7.513759624528596e7
7.513753908692463e7
7.513747035876215e7
7.513738853669648e7
7.513729200197266e7
7.513717904358421e7
7.51370478609994e7
7.513689656717405e7
7.513672319181617e7
7.513652568486752e7
7.513630192017132e7
7.51360496992947e7
7.513576675547878e7
7.513545075768939e7
7.513509931474401e7
7.513470997949281e7
7.513428025303195e7
7.513380758893074e7
7.513328939745475e7
7.513272304976894e7
7.513210588210623e7
7.513143519988862e7
7.513070828178938e7
7.512992238372517e7
7.512907474276969e7
7.512816258098029e7
7.512718310913071e7
7.512613353034386e7
7.51250110436194e7
7.512381284725223e7
7.512253614213766e7
7.51211781349614e7
7.511973604127127e7
7.511820708843026e7
7.511658851844852e7
7.511487759069541e7
7.511307158449034e7
7.51111678015734e7
7.510916356845653e7
7.510705623865618e7
7.510484319480896e7
7.510252185067183e7
7.510008965300882e7
7.509754408336657e7
7.509488265974031e7
7.509210293813351e7
7.508920251401295e7
7.508617902366276e7
7.50830301454392e7
7.507975360092947e7
7.507634715601778e7
7.507280862186062e7
7.50691358557751e7
7.506532676204252e7
7.506137929263088e7
7.50572914478385e7
7.505306127686214e7
7.504868687829244e7
7.504416640053935e7
7.503949804219066e7
7.50346800523061e7
7.502971073065005e7
7.502458842786533e7
7.501931154559086e7
7.501387853652553e7
7.500828790444127e7
7.500253820414713e7
7.499662804140732e7
7.499055607281531e7
7.498432100562644e7
7.497792159755062e7
7.497135665650833e7
7.4964625040351e7
7.495772565654841e7
7.495065746184461e7
7.494341946188463e7
7.493601071081358e7
7.492843031084986e7
7.492067741183436e7
7.491275121075688e7
7.490465095126215e7
7.489637592313574e7
7.488792546177249e7
7.487929894762823e7
7.487049580565599e7
7.486151550472865e7
7.48523575570485e7
7.484302151754534e7
7.483350698326427e7
7.482381359274377e7
7.481394102538578e7
7.48038890008183e7
7.479365727825138e7
7.478324565582788e7
7.477265396996939e7
7.476188209471819e7
7.475092994107625e7
7.47397974563419e7
7.472848462344468e7
7.471699146027923e7
7.470531801903881e7
7.469346438554908e7
7.46814306786026e7
7.466921704929458e7
7.465682368036039e7
7.464425078551568e7
7.463149860879867e7
7.46185674239161e7
7.460545753359234e7
7.459216926892263e7
7.457870298873034e7
7.456505907892911e7
7.455123795188953e7
7.453724004581122e7
7.452306582410012e7
7.450871577475175e7
7.449419040973988e7
7.447949026441179e7
7.446461589688945e7
7.444956788747746e7
7.443434683807719e7
7.441895337160824e7
7.440338813143626e7
7.438765178080826e7
7.437174500229464e7
7.435566849723884e7
7.433942298521386e7
7.432300920348665e7
7.430642790648952e7
7.428967986529933e7
7.427276586712414e7
7.42556867147974e7
7.423844322627987e7
7.422103623416893e7
7.420346658521597e7
7.418573513985096e7
7.416784277171499e7
7.414979036720023e7
7.413157882499786e7
7.411320905565317e7
7.409468198112862e7
7.407599853437434e7
7.4057159658906e7
7.40381663083905e7
7.401901944623877e7
7.399972004520631e7
7.398026908700073e7
7.396066756189695e7
7.39409164683594e7
7.392101681267144e7
7.390096960857216e7
7.388077587689978e7
7.386043664524272e7
7.383995294759673e7
7.381932582402986e7
7.379855632035345e7
7.377764548780015e7
7.375659438270868e7
7.373540406621513e7
7.371407560395046e7
7.369261006574471e7
7.367100852533773e7
7.364927206009556e7
7.362740175073355e7
7.360539868104552e7
7.35832639376385e7
7.356099860967399e7
7.353860378861451e7
7.351608056797653e7
7.349343004308861e7
7.347065331085522e7
7.344775146952634e7
7.342472561847223e7
7.34015768579637e7
7.337830628895764e7
7.335491501288766e7
7.333140413145998e7
7.330777474645416e7
7.328402795952916e7
7.326016487203375e7
7.323618658482212e7
7.321209419807392e7
7.318788881111933e7
7.316357152226812e7
7.313914342864366e7
7.311460562602115e7
7.308995920867017e7
7.306520526920132e7
7.304034489841755e7
7.301537918516885e7
7.29903092162115e7
7.703270858373566e7
7.703270498200408e7
7.703269962942998e7
7.703269197870612e7
7.7032681390626e7
7.703266713086572e7
7.703264836752208e7
7.703262416936272e7
7.70325935047449e7
7.703255524115722e7
7.703250814534025e7
7.703245088394137e7
7.70323820246604e7
7.70323000378427e7
7.703220329847875e7
7.703209008856936e7
7.703195859981766e7
7.70318069366112e7
7.703163311925791e7
7.703143508744252e7
7.703121070387168e7
7.703095775807753e7
7.703067397035134e7
7.703035699578148e7
7.703000442837043e7
7.702961380520901e7
7.702918261068575e7
7.70287082807133e7
7.702818820695347e7
7.702761974102484e7
7.70270001986789e7
7.702632686393085e7
7.702559699313375e7
7.702480781898525e7
7.702395655445768e7
7.702304039664307e7
7.70220565305063e7
7.702100213253964e7
7.70198743743141e7
7.701867042592266e7
7.701738745931186e7
7.701602265149896e7
7.701457318767229e7
7.701303626417334e7
7.701140909135911e7
7.700968889634469e7
7.700787292562553e7
7.700595844757982e7
7.700394275485176e7
7.700182316661651e7
7.699959703072852e7
7.699726172575414e7
7.69948146628913e7
7.699225328777716e7
7.698957508218662e7
7.698677756562445e7
7.698385829681192e7
7.698081487507248e7
7.697764494161788e7
7.697434618073775e7
7.697091632089579e7
7.696735313573505e7
7.696365444499536e7
7.695981811534572e7
7.695584206113476e7
7.695172424506181e7
7.69474626787719e7
7.694305542337713e7
7.693850058990756e7
7.693379633969463e7
7.692894088468899e7
7.692393248771656e7
7.691876946267484e7
7.691345017467242e7
7.690797304011384e7
7.690233652673282e7
7.689653915357617e7
7.689057949094032e7
7.688445616026385e7
7.687816783397701e7
7.687171323531136e7
7.68650911380715e7
7.685830036637062e7
7.685133979433241e7
7.684420834576055e7
7.683690499377884e7
7.682942876044229e7
7.682177871632232e7
7.68139539800669e7
7.680595371793759e7
7.679777714332497e7
7.678942351624422e7
7.678089214281169e7
7.677218237470493e7
7.676329360860617e7
7.675422528563178e7
7.674497689074829e7
7.673554795217618e7
7.672593804078281e7
7.671614676946558e7
7.670617379252595e7
7.66960188050359e7
7.668568154219745e7
7.667516177869605e7
7.666445932804905e7
7.665357404194973e7
7.664250580960791e7
7.663125455708778e7
7.66198202466437e7
7.660820287605453e7
7.65964024779573e7
7.658441911918078e7
7.657225290007952e7
7.655990395386857e7
7.65473724459602e7
7.653465857330218e7
7.652176256371872e7
7.650868467525418e7
7.64954251955201e7
7.648198444104591e7
7.646836275663354e7
7.645456051471658e7
7.644057811472379e7
7.64264159824479e7
7.641207456941949e7
7.639755435228613e7
7.638285583219759e7
7.636797953419682e7
7.635292600661704e7
7.633769582048513e7
7.632228956893143e7
7.630670786660652e7
7.629095134910436e7
7.627502067239258e7
7.625891651224971e7
7.624263956370942e7
7.622619054051241e7
7.620957017456502e7
7.619277921540555e7
7.61758184296781e7
7.615868860061343e7
7.61413905275179e7
7.612392502526963e7
7.61062929238223e7
7.608849506771652e7
7.607053231559905e7
7.60524055397492e7
7.603411562561327e7
7.60156634713464e7
7.599704998736191e7
7.597827609588851e7
7.595934273053475e7
7.594025083586118e7
7.592100136695987e7
7.590159528904164e7
7.58820335770301e7
7.586231721516408e7
7.584244719660603e7
7.582242452305886e7
7.580225020438954e7
7.578192525825952e7
7.576145070976277e7
7.574082759107059e7
7.572005694108337e7
7.569913980508922e7
7.567807723442963e7
7.565687028617157e7
7.563552002278659e7
7.561402751183623e7
7.559239382566418e7
7.557062004109472e7
7.554870723913786e7
7.552665650470018e7
7.550446892630261e7
7.548214559580381e7
7.54596876081299e7
7.543709606100996e7
7.541437205471765e7
7.539151669181849e7
7.536853107692298e7
7.534541631644526e7
7.532217351836748e7
7.529880379200946e7
7.527530824780405e7
7.525168799707758e7
7.52279441518356e7
7.520407782455394e7
7.518009012797454e7
7.515598217490673e7
7.513175507803296e7
7.51074099497197e7
7.508294790183309e7
7.505837004555894e7
7.503367749122791e7
7.50088713481446e7
7.49839527244216e7
7.495892272681762e7
7.493378246057998e7
7.490853302929147e7
7.488317553472109e7
7.485771107667919e7
7.896565947847943e7
7.896565587387289e7
7.89656505165311e7
7.896564285827205e7
7.896563225875041e7
7.896561798219648e7
7.896559919490941e7
7.896557496346241e7
7.89655442535758e7
7.896550592961347e7
7.896545875465873e7
7.896540139112547e7
7.896533240186124e7
7.896525025169992e7
7.896515330942237e7
7.896503985008523e7
7.896490805767906e7
7.896475602807887e7
7.89645817722517e7
7.896438321968748e7
7.896415822202136e7
7.89639045568178e7
7.896361993148789e7
7.896330198731373e7
7.896294830355532e7
7.896255640161741e7
7.896212374925469e7
7.896164776479696e7
7.896112582137528e7
7.896055525113416e7
7.895993334941411e7
7.895925737889205e7
7.895852457366692e7
7.895773214328039e7
7.895687727666287e7
7.895595714599669e7
7.895496891048875e7
7.895390972004697e7
7.895277671885446e7
7.895156704883733e7
7.895027785302214e7
7.894890627877998e7
7.894744948095492e7
7.894590462487496e7
7.894426888924427e7
7.89425394689161e7
7.894071357754609e7
7.893878845012622e7
7.893676134539978e7
7.89346295481587e7
7.893239037142399e7
7.893004115851103e7
7.89275792849814e7
7.892500216048315e7
7.892230723048179e7
7.891949197788388e7
7.891655392455618e7
7.891349063274258e7
7.89102997063813e7
7.89069787923254e7
7.890352558146927e7
7.889993780978362e7
7.889621325926232e7
7.889234975878352e7
7.888834518488811e7
7.888419746247855e7
7.887990456544043e7
7.887546451719041e7
7.887087539115246e7
7.886613531116602e7
7.886124245182809e7
7.885619503877287e7
7.885099134889048e7
7.884562971048856e7
7.884010850339836e7
7.883442615902843e7
7.882858116036834e7
7.88225720419443e7
7.881639738972966e7
7.881005584101224e7
7.880354608422095e7
7.879686685871315e7
7.879001695452613e7
7.878299521209314e7
7.87758005219276e7
7.876843182427575e7
7.876088810874103e7
7.875316841388078e7
7.8745271826778e7
7.873719748258892e7
7.872894456406853e7
7.872051230107552e7
7.871189997005786e7
7.870310689352077e7
7.86941324394781e7
7.868497602088894e7
7.867563709507984e7
7.866611516315502e7
7.865640976939464e7
7.864652050064278e7
7.86364469856862e7
7.86261888946248e7
7.861574593823455e7
7.860511786732408e7
7.859430447208579e7
7.858330558144222e7
7.857212106238839e7
7.85607508193311e7
7.854919479342575e7
7.853745296191148e7
7.852552533744515e7
7.851341196743484e7
7.850111293337356e7
7.848862835017335e7
7.847595836550114e7
7.846310315911554e7
7.845006294220646e7
7.843683795673692e7
7.84234284747881e7
7.840983479790758e7
7.83960572564616e7
7.838209620899124e7
7.836795204157318e7
7.835362516718507e7
7.833911602507606e7
7.83244250801425e7
7.830955282230933e7
7.829449976591703e7
7.827926644911468e7
7.826385343325908e7
7.824826130232039e7
7.823249066229402e7
7.82165421406193e7
7.820041638560505e7
7.818411406586194e7
7.81676358697417e7
7.81509825047838e7
7.813415469716907e7
7.811715319118077e7
7.809997874867283e7
7.80826321485457e7
7.806511418622947e7
7.80474256731746e7
7.802956743635026e7
7.801154031774984e7
7.799334517390457e7
7.797498287540425e7
7.795645430642596e7
7.793776036426976e7
7.791890195890284e7
7.78998800125102e7
7.788069545905371e7
7.78613492438382e7
7.78418423230852e7
7.782217566351408e7
7.780235024193053e7
7.778236704482257e7
7.776222706796369e7
7.774193131602338e7
7.77214808021848e7
7.77008765477697e7
7.768011958187027e7
7.76592109409883e7
7.763815166868101e7
7.761694281521404e7
7.759558543722115e7
7.757408059737079e7
7.755242936403924e7
7.753063281099057e7
7.750869201706299e7
7.748660806586187e7
7.74643820454589e7
7.744201504809794e7
7.741950816990687e7
7.739686251061559e7
7.737407917328045e7
7.735115926401429e7
7.732810389172274e7
7.730491416784619e7
7.728159120610766e7
7.725813612226623e7
7.723455003387627e7
7.721083406005223e7
7.718698932123849e7
7.716301693898517e7
7.713891803572874e7
7.711469373457825e7
7.709034515910633e7
7.706587343314551e7
7.704127968058948e7
7.701656502519898e7
7.699173059041299e7
7.696677749916425e7
7.694170687369953e7
7.691651983540463e7
7.689121750463384e7
7.686580100054364e7
7.684027144093099e7
7.68146299420758e7
7.678887761858761e7
7.676301558325647e7
8.09372189168985e7
8.093721530944452e7
8.093720994738045e7
8.09372022816573e7
8.093719167080143e7
8.093717737760991e7
8.093715856659994e7
8.093713430216897e7
8.093710354742229e7
8.093706516362464e7
8.093701791023128e7
8.093696044545543e7
8.093689132732928e7
8.093680901521577e7
8.093671187173064e7
8.093659816503468e7
8.093646607145773e7
8.093631367841788e7
8.09361389876e7
8.093593991836102e7
8.093571431132932e7
8.093545993216878e7
8.09351744754795e7
8.093485556880835e7
8.093450077674519e7
8.093410760508195e7
8.093367350501332e7
8.093319587735985e7
8.093267207679527e7
8.093209941606222e7
8.093147517016129e7
8.093079658050004e7
8.093006085898982e7
8.092926519207999e7
8.092840674471933e7
8.09274826642368e7
8.092649008413348e7
8.09254261277801e7
8.0924287912014e7
8.09230725506307e7
8.09217771577671e7
8.092039885117202e7
8.09189347553622e7
8.09173820046621e7
8.091573774612528e7
8.091399914233768e7
8.091216337410149e7
8.091022764300033e7
8.090818917384604e7
8.090604521700779e7
8.090379305062455e7
8.090142998270279e7
8.089895335310064e7
8.089636053540036e7
8.089364893867137e7
8.089081600912611e7
8.088785923167086e7
8.088477613135396e7
8.088156427471443e7
8.08782212710331e7
8.087474477348942e7
8.08711324802263e7
8.086738213532631e7
8.08634915297016e7
8.085945850190046e7
8.085528093883385e7
8.085095677642393e7
8.084648400017832e7
8.084186064569198e7
8.08370847990803e7
8.083215459734571e7
8.082706822868049e7
8.082182393270883e7
8.081642000067009e7
8.081085477554667e7
8.080512665213834e7
8.07992340770856e7
8.079317554884487e7
8.078694961761744e7
8.078055488523445e7
8.07739900050005e7
8.076725368149771e7
8.076034467035227e7
8.075326177796592e7
8.074600386121407e7
8.073856982711218e7
8.073095863245283e7
8.072316928341489e7
8.071520083514656e7
8.070705239132407e7
8.069872310368744e7
8.069021217155495e7
8.068151884131815e7
8.067264240591782e7
8.066358220430385e7
8.065433762087852e7
8.06449080849261e7
8.063529307002899e7
8.062549209347181e7
8.061550471563457e7
8.060533053937632e7
8.059496920940958e7
8.058442041166727e7
8.05736838726626e7
8.056275935884301e7
8.055164667593904e7
8.054034566830866e7
8.05288562182784e7
8.051717824548121e7
8.050531170619272e7
8.049325659266561e7
8.048101293246329e7
8.046858078779352e7
8.04559602548422e7
8.044315146310803e7
8.04301545747388e7
8.04169697838691e7
8.040359731596093e7
8.039003742714651e7
8.037629040357472e7
8.036235656076056e7
8.034823624293913e7
8.033392982242323e7
8.03194376989659e7
8.030476029912752e7
8.028989807564814e7
8.027485150682527e7
8.025962109589694e7
8.024420737043099e7
8.022861088171975e7
8.021283220418167e7
8.01968719347688e7
8.018073069238079e7
8.016440911728588e7
8.014790787054837e7
8.01312276334631e7
8.011436910699704e7
8.009733301123796e7
8.008012008485001e7
8.006273108453706e7
8.004516678451304e7
8.002742797597969e7
8.000951546661179e7
7.999143008004999e7
7.997317265540083e7
7.995474404674451e7
7.993614512265022e7
7.991737676569892e7
7.989843987201351e7
7.987933535079686e7
7.986006412387714e7
7.984062712526067e7
7.982102530069238e7
7.98012596072237e7
7.97813310127877e7
7.976124049578184e7
7.97409890446581e7
7.972057765752017e7
7.970000734172814e7
7.967927911351041e7
7.965839399758263e7
7.963735302677383e7
7.961615724165961e7
7.959480769020237e7
7.957330542739837e7
7.955165151493163e7
7.952984702083501e7
7.95078930191573e7
7.948579058963779e7
7.946354081738687e7
7.944114479257323e7
7.941860361011787e7
7.939591836939403e7
7.93730901739336e7
7.935012013113977e7
7.932700935200605e7
7.930375895084059e7
7.928037004499757e7
7.925684375461352e7
7.923318120235007e7
7.920938351314224e7
7.918545181395246e7
7.916138723352991e7
7.913719090217581e7
7.911286395151398e7
7.908840751426633e7
7.906382272403431e7
7.903911071508503e7
7.90142726221428e7
7.898930958018538e7
7.896422272424553e7
7.893901318921712e7
7.891368210966627e7
7.888823061964713e7
7.886265985252212e7
7.883697094078705e7
7.881116501590048e7
7.87852432081176e7
7.87592066463284e7
7.873305645790008e7
7.87067937685237e7
8.294796239869885e7
8.294795878842467e7
8.294795342168298e7
8.294794574856603e7
8.294793512648165e7
8.29479208168065e7
8.294790198229116e7
8.294787768517579e7
8.294784688597251e7
8.294780844287202e7
8.294776111173025e7
8.294770354659255e7
8.294763430071202e7
8.294755182802095e7
8.29474544850141e7
8.294734053300424e7
8.29472081407121e7
8.294705538715374e7
8.294688026479048e7
8.294668068290755e7
8.29464544711908e7
8.294619938347052e7
8.294591310160469e7
8.294559323947571e7
8.294523734707543e7
8.294484291465625e7
8.294440737692648e7
8.294392811727121e7
8.294340247198018e7
8.294282773446682e7
8.294220115946291e7
8.29415199671761e7
8.294078134739718e7
8.293998246354753e7
8.293912045665523e7
8.293819244925311e7
8.293719554918948e7
8.293612685334626e7
8.293498345125812e7
8.293376242862786e7
8.293246087073442e7
8.293107586572972e7
8.292960450782195e7
8.292804390034361e7
8.292639115870191e7
8.292464341321194e7
8.292279781181099e7
8.292085152265465e7
8.291880173659493e7
8.291664566954112e7
8.291438056470422e7
8.291200369472668e7
8.29095123636986e7
8.290690390906247e7
8.290417570340832e7
8.290132515616123e7
8.289834971516396e7
8.28952468681567e7
8.289201414415674e7
8.288864911474015e7
8.288514939522916e7
8.288151264578676e7
8.28777365724222e7
8.287381892790979e7
8.286975751262382e7
8.286555017529257e7
8.286119481367417e7
8.285668937515698e7
8.285203185728757e7
8.284722030822867e7
8.28422528271504e7
8.283712756455666e7
8.283184272255018e7
8.282639655503833e7
8.28207873678824e7
8.28150135189927e7
8.280907341837242e7
8.280296552811189e7
8.279668836233638e7
8.279024048710912e7
8.278362052029209e7
8.277682713136661e7
8.2769859041216e7
8.276271502187182e7
8.275539389622675e7
8.274789453771465e7
8.274021586996078e7
8.27323568664034e7
8.272431654988864e7
8.271609399224028e7
8.270768831380613e7
8.269909868298255e7
8.269032431571828e7
8.268136447499992e7
8.267221847031905e7
8.266288565712392e7
8.26533654362555e7
8.264365725337034e7
8.263376059835069e7
8.262367500470302e7
8.261340004894666e7
8.26029353499927e7
8.259228056851496e7
8.258143540631339e7
8.25703996056712e7
8.25591729487063e7
8.254775525671802e7
8.253614638952997e7
8.252434624482961e7
8.251235475750524e7
8.250017189898139e7
8.248779767655295e7
8.247523213271855e7
8.24624753445143e7
8.244952742284778e7
8.243638851183337e7
8.242305878812905e7
8.24095384602751e7
8.239582776803568e7
8.238192698174287e7
8.236783640164419e7
8.235355635725391e7
8.233908720670806e7
8.232442933612405e7
8.23095831589647e7
8.22945491154072e7
8.227932767171738e7
8.226391931962919e7
8.224832457573e7
8.22325439808516e7
8.221657809946734e7
8.220042751909535e7
8.218409284970838e7
8.216757472314991e7
8.215087379255718e7
8.213399073179077e7
8.211692623487131e7
8.209968101542309e7
8.208225580612473e7
8.206465135816723e7
8.204686844071896e7
8.202890784039827e7
8.201077036075321e7
8.199245682174897e7
8.197396805926232e7
8.19553049245839e7
8.193646828392781e7
8.191745901794884e7
8.189827802126688e7
8.187892620199932e7
8.185940448130052e7
8.183971379290904e7
8.181985508270209e7
8.17998293082577e7
8.17796374384241e7
8.175928045289662e7
8.17387593418019e7
8.17180751052893e7
8.169722875312972e7
8.167622130432178e7
8.165505378670475e7
8.1633727236579e7
8.161224269833344e7
8.159060122407971e7
8.156880387329368e7
8.154685171246374e7
8.152474581474558e7
8.150248725962438e7
8.148007713258299e7
8.145751652477722e7
8.143480653271756e7
8.141194825795719e7
8.138894280678663e7
8.13657912899347e7
8.134249482227555e7
8.13190545225421e7
8.129547151304537e7
8.12717469194001e7
8.124788187025593e7
8.122387749703489e7
8.119973493367444e7
8.117545531637613e7
8.11510397833602e7
8.112648947462536e7
8.11018055317144e7
8.107698909748492e7
8.105204131588556e7
8.102696333173731e7
8.100175629052019e7
8.09764213381648e7
8.095095962084892e7
8.092537228479908e7
8.0899660476097e7
8.087382534049076e7
8.084786802321054e7
8.082178966878925e7
8.079559142088743e7
8.076927442212267e7
8.074283981390359e7
8.071628873626794e7
8.068962232772501e7
8.49984711142656e7
8.499846750119795e7
8.49984621298228e7
8.499845444938125e7
8.499844381617269e7
8.499842949016576e7
8.499841063235974e7
8.499838630285563e7
8.499835545959389e7
8.499831695771609e7
8.499826954950757e7
8.49982118848777e7
8.499814251233682e7
8.499805988042635e7
8.499796233956374e7
8.499784814426127e7
8.499771545568162e7
8.499756234449361e7
8.499738679399271e7
8.499718670345385e7
8.499695989168428e7
8.499670410074688e7
8.499641699982645e7
8.499609618921132e7
8.499573920436749e7
8.499534352008064e7
8.499490655464643e7
8.49944256740883e7
8.499389819638556e7
8.499332139569509e7
8.499269250655144e7
8.499200872803198e7
8.499126722787467e7
8.499046514653757e7
8.498959960118996e7
8.498866768962646e7
8.49876664940966e7
8.498659308504295e7
8.498544452474184e7
8.498421787084238e7
8.498291017979866e7
8.498151851019274e7
8.49800399259446e7
8.497847149940811e7
8.497681031435034e7
8.497505346881407e7
8.497319807786225e7
8.497124127620491e7
8.49691802207083e7
8.496701209278719e7
8.496473410068116e7
8.496234348161598e7
8.495983750385211e7
8.495721346862113e7
8.495446871195295e7
8.495160060639514e7
8.49486065626271e7
8.494548403097126e7
8.49422305028036e7
8.493884351186636e7
8.493532063548541e7
8.493165949569495e7
8.492785776027226e7
8.492391314368537e7
8.491982340795645e7
8.491558636344345e7
8.491119986954306e7
8.490666183531784e7
8.49019702200498e7
8.489712303372395e7
8.489211833744363e7
8.488695424378128e7
8.488162891706628e7
8.487614057361338e7
8.487048748189373e7
8.486466796265118e7
8.485868038896617e7
8.485252318626994e7
8.4846194832311e7
8.483969385707654e7
8.483301884267049e7
8.482616842315114e7
8.481914128432953e7
8.481193616353159e7
8.480455184932515e7
8.479698718121439e7
8.478924104930332e7
8.47813123939301e7
8.477320020527373e7
8.476490352293561e7
8.475642143549645e7
8.474775308005089e7
8.473889764172117e7
8.472985435315123e7
8.47206224939825e7
8.471120139031322e7
8.470159041414198e7
8.469178898279706e7
8.46817965583528e7
8.467161264703402e7
8.466123679860957e7
8.46506686057762e7
8.463990770353356e7
8.46289537685515e7
8.461780651853043e7
8.460646571155576e7
8.459493114544708e7
8.458320265710294e7
8.457128012184244e7
8.455916345274317e7
8.454685259997775e7
8.453434755014844e7
8.452164832562083e7
8.45087549838575e7
8.44956676167515e7
8.448238634996112e7
8.446891134224549e7
8.445524278480227e7
8.44413809006073e7
8.442732594375718e7
8.441307819881448e7
8.43986379801569e7
8.43840056313296e7
8.436918152440213e7
8.435416605932951e7
8.4338959663318e7
8.432356279019596e7
8.430797591979e7
8.429219955730619e7
8.427623423271756e7
8.426008050015695e7
8.424373893731631e7
8.422721014485194e7
8.421049474579626e7
8.41935933849764e7
8.417650672843888e7
8.415923546288167e7
8.414178029509284e7
8.412414195139621e7
8.410632117710431e7
8.408831873597834e7
8.407013540969528e7
8.405177199732256e7
8.403322931479985e7
8.401450819442827e7
8.399560948436709e7
8.397653404813772e7
8.395728276413545e7
8.393785652514821e7
8.391825623788306e7
8.389848282250041e7
8.387853721215506e7
8.385842035254523e7
8.383813320146875e7
8.381767672838683e7
8.379705191399498e7
8.377625974980144e7
8.375530123771295e7
8.373417738962774e7
8.37128892270355e7
8.369143778062512e7
8.366982408989887e7
8.364804920279415e7
8.362611417531225e7
8.360402007115363e7
8.358176796136059e7
8.355935892396656e7
8.353679404365234e7
8.351407441140878e7
8.349120112420622e7
8.346817528467083e7
8.344499800076687e7
8.342167038548592e7
8.33981935565421e7
8.337456863607384e7
8.33507967503518e7
8.332687902949266e7
8.330281660717958e7
8.327861062038796e7
8.325426220911756e7
8.322977251613036e7
8.320514268669409e7
8.318037386833145e7
8.315546721057506e7
8.313042386472778e7
8.310524498362857e7
8.307993172142361e7
8.305448523334287e7
8.302890667548168e7
8.300319720458755e7
8.29773579778521e7
8.29513901527079e7
8.292529488663003e7
8.289907333694273e7
8.287272666063078e7
8.284625601415527e7
8.28196625532742e7
8.279294743286754e7
8.27661118067668e7
8.273915682758872e7
8.271208364657353e7
8.708933197265999e7
8.708932835682528e7
8.708932298086017e7
8.708931529316227e7
8.708930464893244e7
8.708929030674356e7
8.708927142585865e7
8.708924706425756e7
8.708921617733034e7
8.708917761719418e7
8.708913013259178e7
8.708907236932883e7
8.708900287120822e7
8.708892008142024e7
8.708882234434828e7
8.708870790775114e7
8.708857492528428e7
8.708842145932339e7
8.708824548405588e7
8.708804488880683e7
8.708781748156855e7
8.708756099270283e7
8.708727307878947e7
8.708695132659322e7
8.708659325712577e7
8.708619632977924e7
8.708575794650997e7
8.708527545605373e7
8.708474615815294e7
8.708416730778085e7
8.708353611934647e7
8.708284977086714e7
8.708210540809596e7
8.708130014859317e7
8.708043108573142e7
8.707949529262617e7
8.707848982598297e7
8.707741172985533e7
8.707625803930701e7
8.707502578397352e7
8.707371199151878e7
8.707231369098331e7
8.707082791602087e7
8.706925170802197e7
8.70675821191214e7
8.706581621509016e7
8.706395107810955e7
8.706198380942868e7
8.705991153190435e7
8.705773139242466e7
8.705544056421663e7
8.70530362490396e7
8.705051567926517e7
8.704787611984567e7
8.704511487017314e7
8.704222926583035e7
8.703921668023646e7
8.703607452618948e7
8.703280025730784e7
8.702939136937387e7
8.702584540158127e7
8.702215993768972e7
8.701833260708927e7
8.701436108577654e7
8.701024309724683e7
8.700597641330333e7
8.700155885478753e7
8.699698829223278e7
8.699226264644407e7
8.698737988900669e7
8.698233804272649e7
8.697713518200442e7
8.697176943314803e7
8.696623897462223e7
8.69605420372424e7
8.695467690431195e7
8.69486419117066e7
8.694243544790861e7
8.693605595399216e7
8.692950192356326e7
8.692277190265553e7
8.691586448958473e7
8.690877833476359e7
8.690151214047931e7
8.68940646606358e7
8.688643470046213e7
8.687862111618976e7
8.687062281469959e7
8.686243875314128e7
8.685406793852606e7
8.68455094272948e7
8.683676232486317e7
8.68278257851449e7
8.681869901005517e7
8.680938124899505e7
8.679987179831886e7
8.679017000078519e7
8.678027524499321e7
8.677018696480547e7
8.675990463875832e7
8.674942778946081e7
8.673875598298346e7
8.672788882823779e7
8.671682597634758e7
8.670556712001285e7
8.66941119928673e7
8.668246036883023e7
8.667061206145379e7
8.665856692326601e7
8.664632484511071e7
8.663388575548509e7
8.66212496198747e7
8.660841644008829e7
8.65953862535908e7
8.658215913283728e7
8.656873518460669e7
8.655511454933682e7
8.654129740046091e7
8.65272839437459e7
8.651307441663316e7
8.64986690875822e7
8.648406825541721e7
8.646927224867734e7
8.645428142497084e7
8.643909617033339e7
8.642371689859083e7
8.64081440507269e7
8.639237809425572e7
8.637641952259971e7
8.636026885447314e7
8.634392663327123e7
8.632739342646515e7
8.631066982500333e7
8.629375644271876e7
8.627665391574302e7
8.62593629019266e7
8.624188408026604e7
8.622421815033786e7
8.620636583173934e7
8.61883278635364e7
8.617010500371858e7
8.615169802866085e7
8.613310773259312e7
8.61143349270767e7
8.609538044048813e7
8.607624511751038e7
8.605692981863156e7
8.603743541965084e7
8.601776281119181e7
8.599791289822343e7
8.597788659958826e7
8.59576848475382e7
8.593730858727758e7
8.591675877651381e7
8.589603638501503e7
8.587514239417575e7
8.585407779658921e7
8.583284359562747e7
8.581144080502847e7
8.578987044849047e7
8.576813355927375e7
8.574623117980932e7
8.572416436131455e7
8.570193416341637e7
8.567954165378086e7
8.565698790775007e7
8.563427400798567e7
8.561140104411936e7
8.558837011241017e7
8.556518231540808e7
8.554183876162463e7
8.551834056520982e7
8.549468884563568e7
8.547088472738594e7
8.544692933965245e7
8.542282381603731e7
8.539856929426178e7
8.537416691588075e7
8.53496178260037e7
8.532492317302114e7
8.530008410833737e7
8.527510178610873e7
8.524997736298785e7
8.522471199787311e7
8.51993068516641e7
8.517376308702253e7
8.514808186813807e7
8.512226436050026e7
8.509631173067495e7
8.507022514608659e7
8.504400577480488e7
8.50176547853373e7
8.499117334642571e7
8.496456262684864e7
8.49378237952276e7
8.49109580198387e7
8.48839664684287e7
8.485685030803548e7
8.482961070481327e7
8.480224882386208e7
8.477476582906158e7
8.922113762961634e7
8.922113401104058e7
8.922112863052842e7
8.922112093564151e7
8.922111028049193e7
8.922109592226891e7
8.922107701851404e7
8.922105262510398e7
8.922102169489919e7
8.922098307701689e7
8.92209355166852e7
8.92208776556375e7
8.922080803300479e7
8.922072508666515e7
8.922062715501092e7
8.92205124790941e7
8.922037920511319e7
8.922022538720465e7
8.922004899050494e7
8.921984789444982e7
8.921961989627968e7
8.92193627147211e7
8.921907399381696e7
8.921875130687845e7
8.92183921605346e7
8.921799399885659e7
8.92175542075352e7
8.921707011809206e7
8.921653901210652e7
8.921595812544122e7
8.921532465245171e7
8.921463575016572e7
8.921388854241982e7
8.921308012394255e7
8.921220756437303e7
8.9211267912207e7
8.921025819866182e7
8.920917544145346e7
8.92080166484796e7
8.920677882140374e7
8.920545895913547e7
8.920405406120367e7
8.920256113101958e7
8.920097717902695e7
8.91992992257383e7
8.919752430465508e7
8.919564946507184e7
8.919367177476352e7
8.919158832255603e7
8.91893962207809e7
8.918709260761409e7
8.918467464930107e7
8.918213954226816e7
8.91794845151228e7
8.917670683054425e7
8.917380378706597e7
8.917077272075295e7
8.916761100677527e7
8.916431606088069e7
8.916088534076847e7
8.915731634736755e7
8.915360662602086e7
8.914975376757886e7
8.91457554094052e7
8.914160923629671e7
8.913731298132098e7
8.913286442657365e7
8.912826140385902e7
8.912350179529573e7
8.911858353385097e7
8.911350460380556e7
8.910826304115263e7
8.910285693393251e7
8.909728442250644e7
8.909154369977169e7
8.90856330113205e7
8.90795506555452e7
8.907329498369232e7
8.906686439986725e7
8.906025736099288e7
8.905347237672324e7
8.90465080093152e7
8.903936287345968e7
8.90320356360754e7
8.902452501606576e7
8.90168297840421e7
8.900894876201461e7
8.90008808230526e7
8.899262489091633e7
8.898417993966152e7
8.897554499321899e7
8.89667191249502e7
8.895770145718059e7
8.894849116071253e7
8.893908745431846e7
8.89294896042166e7
8.891969692352973e7
8.890970877172883e7
8.88995245540622e7
8.888914372097237e7
8.887856576750052e7
8.886779023268035e7
8.88568166989224e7
8.88456447913895e7
8.883427417736448e7
8.882270456561099e7
8.881093570572822e7
8.879896738750087e7
8.8786799440244e7
8.877443173214489e7
8.876186416960178e7
8.874909669656003e7
8.873612929384723e7
8.872296197850703e7
8.870959480313241e7
8.869602785519965e7
8.868226125640231e7
8.866829516198699e7
8.865412976009019e7
8.863976527107804e7
8.862520194688764e7
8.8610440070372e7
8.859547995464802e7
8.858032194244811e7
8.85649664054759e7
8.854941374376598e7
8.853366438504872e7
8.851771878411928e7
8.850157742221232e7
8.848524080638175e7
8.8468709468886e7
8.845198396657926e7
8.84350648803086e7
8.841795281431702e7
8.840064839565308e7
8.838315227358688e7
8.836546511903256e7
8.83475876239773e7
8.832952050091763e7
8.831126448230219e7
8.829282031998162e7
8.827418878466554e7
8.82553706653867e7
8.823636676897225e7
8.821717791952235e7
8.819780495789585e7
8.817824874120368e7
8.815851014230922e7
8.813859004933625e7
8.811848936518432e7
8.809820900705124e7
8.807774990596332e7
8.805711300631277e7
8.80362992654026e7
8.801530965299873e7
8.799414515088972e7
8.797280675245346e7
8.795129546223158e7
8.79296122955106e7
8.790775827791089e7
8.78857344449823e7
8.786354184180723e7
8.784118152261078e7
8.781865455037768e7
8.779596199647662e7
8.777310494029112e7
8.775008446885768e7
8.772690167651021e7
8.770355766453202e7
8.768005354081346e7
8.765639041951719e7
8.763256942074943e7
8.760859167023785e7
8.758445829901592e7
8.756017044311367e7
8.753572924325441e7
8.751113584455824e7
8.748639139625116e7
8.746149705138053e7
8.743645396653642e7
8.741126330157888e7
8.738592621937127e7
8.73604438855187e7
8.733481746811318e7
8.730904813748342e7
8.728313706595065e7
8.725708542758985e7
8.72308943979963e7
8.720456515405732e7
8.717809887372957e7
8.71514967358211e7
8.712475991977867e7
8.709788960548024e7
8.707088697303188e7
8.704375320257005e7
8.701648947406837e7
8.69890969671491e7
8.696157686089933e7
8.693393033369158e7
8.690615856300904e7
8.687826272527508e7
9.13944865155393e7
9.139448289424819e7
9.139447750923127e7
9.139446980722181e7
9.139445914125259e7
9.139444476714127e7
9.139442584072268e7
9.13944014157878e7
9.139437044268844e7
9.139433176756576e7
9.139428413216096e7
9.139422617416647e7
9.139415642807624e7
9.139407332649507e7
9.139397520186663e7
9.139386028858246e7
9.139372672543399e7
9.13935725583719e7
9.139339574353851e7
9.139319415054014e7
9.139296556592819e7
9.139270769685946e7
9.13924181749078e7
9.139209456000051e7
9.139173434445536e7
9.13913349570953e7
9.139089376741873e7
9.13904080898072e7
9.138987518775055e7
9.138929227807409e7
9.138865653515208e7
9.138796509509344e7
9.138721505988723e7
9.138640350149663e7
9.138552746589093e7
9.138458397700654e7
9.138357004062912e7
9.138248264818953e7
9.138131878046714e7
9.138007541119607e7
9.137874951056875e7
9.13773380486339e7
9.137583799858516e7
9.137424633993818e7
9.13725600615946e7
9.137077616479084e7
9.136889166593128e7
9.136690359930563e7
9.13648090196897e7
9.136260500483088e7
9.136028865781808e7
9.135785710933784e7
9.135530751981738e7
9.135263708145642e7
9.134984302014905e7
9.134692259729801e7
9.134387311152312e7
9.134069190026584e7
9.133737634129302e7
9.133392385410124e7
9.133033190122509e7
9.132659798945142e7
9.132271967094244e7
9.131869454427019e7
9.131452025536494e7
9.131019449838099e7
9.130571501648103e7
9.130107960254365e7
9.129628609979533e7
9.129133240237011e7
9.128621645579955e7
9.128093625743589e7
9.127548985681036e7
9.126987535592996e7
9.126409090951478e7
9.12581347251785e7
9.125200506355458e7
9.124570023837015e7
9.123921861647074e7
9.123255861779718e7
9.122571871531764e7
9.121869743491663e7
9.121149335524309e7
9.12041051075199e7
9.119653137531647e7
9.118877089428647e7
9.118082245187281e7
9.117268488698131e7
9.116435708962531e7
9.115583800054243e7
9.11471266107852e7
9.113822196128796e7
9.112912314241043e7
9.111982929345992e7
9.111033960219406e7
9.11006533043048e7
9.109076968288508e7
9.108068806787999e7
9.107040783552304e7
9.105992840775894e7
9.104924925165431e7
9.103836987879677e7
9.102728984468417e7
9.101600874810454e7
9.100452623050767e7
9.099284197536963e7
9.098095570755057e7
9.096886719264723e7
9.095657623634036e7
9.09440826837383e7
9.09313864187172e7
9.091848736325866e7
9.09053854767854e7
9.089208075549555e7
9.087857323169626e7
9.08648629731373e7
9.085095008234482e7
9.083683469595596e7
9.082251698405518e7
9.080799714951208e7
9.079327542732172e7
9.077835208394723e7
9.076322741666603e7
9.074790175291918e7
9.073237544966413e7
9.07166488927324e7
9.070072249619071e7
9.06845967017075e7
9.06682719779239e7
9.065174881983016e7
9.063502774814717e7
9.061810930871402e7
9.060099407188097e7
9.058368263190843e7
9.056617560637252e7
9.05484736355764e7
9.053057738196838e7
9.051248752956639e7
9.04942047833895e7
9.047572986889571e7
9.045706353142722e7
9.04382065356622e7
9.041915966507389e7
9.039992372139674e7
9.03804995240997e7
9.036088790986674e7
9.034108973208484e7
9.032110586033888e7
9.030093717991422e7
9.028058459130637e7
9.026004900973825e7
9.023933136468466e7
9.021843259940402e7
9.019735367047767e7
9.017609554735652e7
9.015465921191467e7
9.01330456580109e7
9.011125589105693e7
9.008929092759319e7
9.006715179487178e7
9.004483953044657e7
9.002235518177049e7
8.999969980579987e7
8.997687446860577e7
8.995388024499248e7
8.993071821812296e7
8.990738947915089e7
8.988389512685984e7
8.986023626730917e7
8.983641401348665e7
8.981242948496754e7
8.97882838075806e7
8.976397811308028e7
8.97395135388257e7
8.971489122746557e7
8.969011232663003e7
8.966517798862812e7
8.964008937015192e7
8.961484763198641e7
8.958945393872565e7
8.95639094584947e7
8.953821536267759e7
8.951237282565093e7
8.948638302452342e7
8.946024713888085e7
8.943396635053681e7
8.940754184328872e7
8.93809748026796e7
8.935426641576482e7
8.932741787088434e7
8.930043035744019e7
8.927330506567879e7
8.924604318647866e7
8.92186459111429e7
8.919111443119657e7
8.916344993818882e7
8.91356536235001e7
8.910772667815354e7
8.907967029263133e7
8.905148565669538e7
8.902317395921262e7
9.360998286338757e7
9.360997923940639e7
9.360997384992644e7
9.360996614085993e7
9.360995546416986e7
9.360994107431415e7
9.360992212543535e7
9.360989766925618e7
9.360986665364021e7
9.360982792177653e7
9.360978021194673e7
9.360972215783305e7
9.360965228932723e7
9.360956903379904e7
9.360947071778572e7
9.360935556906419e7
9.360922171906832e7
9.360906720561606e7
9.360888997591197e7
9.360868788979246e7
9.36084587231825e7
9.360820017173427e7
9.360790985461998e7
9.360758531845264e7
9.360722404131001e7
9.360682343683898e7
9.360638085841922e7
9.360589360336572e7
9.360535891715266e7
9.360477399764134e7
9.36041359992972e7
9.360344203738147e7
9.360268919210494e7
9.360187451273242e7
9.360099502162765e7
9.360004771822871e7
9.359902958294713e7
9.359793758098176e7
9.359676866604257e7
9.359551978397806e7
9.359418787630212e7
9.359276988361587e7
9.359126274892202e7
9.358966342082831e7
9.35879688566388e7
9.358617602533092e7
9.358428191041769e7
9.358228351269452e7
9.358017785287015e7
9.35779619740825e7
9.357563294429965e7
9.357318785860682e7
9.35706238413809e7
9.356793804835342e7
9.356512766856411e7
9.356218992620607e7
9.35591220823657e7
9.355592143665847e7
9.355258532876298e7
9.354911113985643e7
9.354549629395257e7
9.354173825914636e7
9.353783454876591e7
9.35337827224365e7
9.352958038705707e7
9.352522519769397e7
9.352071485839334e7
9.351604712291482e7
9.351121979539014e7
9.350623073090847e7
9.350107783603142e7
9.349575906924038e7
9.349027244131908e7
9.348461601567295e7
9.347878790858911e7
9.347278628943866e7
9.346660938082376e7
9.346025545867202e7
9.345372285228075e7
9.344700994431306e7
9.344011517074811e7
9.343303702078766e7
9.342577403672121e7
9.341832481375165e7
9.341068799978347e7
9.340286229517554e7
9.339484645246021e7
9.338663927603061e7
9.337823962179828e7
9.336964639682198e7
9.336085855891073e7
9.335187511620101e7
9.334269512671128e7
9.333331769787398e7
9.332374198604774e7
9.331396719600971e7
9.330399258043092e7
9.329381743933496e7
9.328344111954108e7
9.3272863014094e7
9.32620825616805e7
9.325109924603407e7
9.323991259532948e7
9.322852218156719e7
9.32169276199492e7
9.320512856824733e7
9.31931247261644e7
9.318091583468962e7
9.316850167544842e7
9.315588207004832e7
9.31430568794208e7
9.313002600316042e7
9.311678937886105e7
9.310334698145159e7
9.308969882252924e7
9.30758449496935e7
9.30617854458794e7
9.304752042869176e7
9.303305004974042e7
9.301837449397708e7
9.300349397903398e7
9.298840875456518e7
9.297311910159051e7
9.29576253318429e7
9.294192778711884e7
9.29260268386332e7
9.290992288637803e7
9.289361635848552e7
9.287710771059611e7
9.286039742523152e7
9.284348601117279e7
9.28263740028438e7
9.280906195970084e7
9.279155046562736e7
9.27738401283353e7
9.275593157877235e7
9.273782547053546e7
9.271952247929098e7
9.270102330220142e7
9.268232865735856e7
9.26634392832239e7
9.264435593807554e7
9.262507939946218e7
9.26056104636642e7
9.258594994516191e7
9.256609867611077e7
9.254605750582395e7
9.252582730026214e7
9.250540894153042e7
9.24848033273829e7
9.246401137073408e7
9.244303399917795e7
9.24218721545143e7
9.240052679228218e7
9.237899888130112e7
9.235728940321907e7
9.233539935206813e7
9.231332973382725e7
9.229108156599228e7
9.226865587715319e7
9.224605370657857e7
9.222327610380712e7
9.220032412824634e7
9.217719884877816e7
9.21539013433718e7
9.213043269870338e7
9.210679400978246e7
9.208298637958552e7
9.205901091869615e7
9.203486874495214e7
9.201056098309898e7
9.198608876445016e7
9.196145322655393e7
9.193665551286675e7
9.19116967724327e7
9.188657815956976e7
9.186130083356215e7
9.18358659583586e7
9.181027470227727e7
9.17845282377164e7
9.175862774087101e7
9.173257439145547e7
9.170636937243216e7
9.16800138697456e7
9.165350907206228e7
9.162685617051655e7
9.160005635846123e7
9.157311083122477e7
9.15460207858727e7
9.151878742097518e7
9.149141193637952e7
9.146389553298774e7
9.14362394125394e7
9.140844477739948e7
9.13805128303509e7
9.135244477439243e7
9.132424181254074e7
9.12959051476378e7
9.126743598216233e7
9.123883551804638e7
9.121010495649599e7
9.586823673723611e7
9.586823311058986e7
9.586822771668805e7
9.586822000062911e7
9.586820931331563e7
9.586819490785754e7
9.586817593671934e7
9.586815144957276e7
9.586812039181341e7
9.586808160370182e7
9.586803382008699e7
9.586797567067169e7
9.586790568077964e7
9.586782227258362e7
9.58677237667563e7
9.586760838450535e7
9.586747424995624e7
9.586731939284682e7
9.586714175149992e7
9.586693917604129e7
9.586670943183146e7
9.586645020308281e7
9.586615909663321e7
9.586583364585051e7
9.586547131464338e7
9.586506950155519e7
9.586462554391976e7
9.586413672205937e7
9.586360026350637e7
9.586301334723149e7
9.5862373107864e7
9.58616766398888e7
9.586092100180803e7
9.586010322025567e7
9.585922029405467e7
9.585826919820663e7
9.585724688780704e7
9.585615030187705e7
9.585497636710693e7
9.585372200150467e7
9.585238411794516e7
9.585095962761623e7
9.584944544335754e7
9.584783848289077e7
9.584613567193733e7
9.584433394722371e7
9.584243025937219e7
9.584042157567683e7
9.583830488276444e7
9.583607718914042e7
9.583373552762055e7
9.583127695764884e7
9.582869856750305e7
9.582599747638899e7
9.58231708364249e7
9.582021583451858e7
9.581712969413762e7
9.581390967697671e7
9.581055308452216e7
9.580705725951786e7
9.580341958733377e7
9.579963749723971e7
9.579570846358754e7
9.579163000690344e7
9.578739969489357e7
9.578301514336544e7
9.577847401706779e7
9.577377403045154e7
9.576891294835448e7
9.576388858661242e7
9.575869881259963e7
9.575334154570034e7
9.574781475771527e7
9.574211647320452e7
9.573624476976979e7
9.573019777827862e7
9.572397368303277e7
9.571757072188327e7
9.57109871862943e7
9.570422142135859e7
9.569727182576613e7
9.569013685172856e7
9.568281500486144e7
9.56753048440264e7
9.566760498113514e7
9.565971408091721e7
9.565163086065377e7
9.564335408987871e7
9.563488259004927e7
9.56262152341878e7
9.561735094649611e7
9.560828870194483e7
9.559902752583787e7
9.558956649335508e7
9.557990472907367e7
9.557004140646987e7
9.555997574740246e7
9.554970702157931e7
9.553923454600815e7
9.552855768443285e7
9.551767584675647e7
9.550658848845194e7
9.54952951099616e7
9.548379525608675e7
9.547208851536803e7
9.546017451945724e7
9.544805294248249e7
9.54357235004064e7
9.542318595037903e7
9.541044009008566e7
9.539748575709084e7
9.538432282817891e7
9.537095121869168e7
9.535737088186473e7
9.534358180816144e7
9.532958402460696e7
9.531537759412156e7
9.530096261485429e7
9.52863392195177e7
9.527150757472332e7
9.525646788031955e7
9.524122036873116e7
9.522576530430149e7
9.521010298251277e7
9.519423372983444e7
9.517815790232553e7
9.516187588549054e7
9.514538809351493e7
9.512869496862991e7
9.511179698048228e7
9.509469462550898e7
9.507738842631741e7
9.505987893107058e7
9.504216671287876e7
9.502425236919615e7
9.500613652122422e7
9.498781981332102e7
9.496930291241676e7
9.495058650743602e7
9.493167130872642e7
9.491255804749408e7
9.489324747524577e7
9.487374036323814e7
9.485403750193346e7
9.483413970046318e7
9.481404778609768e7
9.479376260372376e7
9.477328501532912e7
9.47526158994941e7
9.473175615089045e7
9.47107066797878e7
9.468946841156697e7
9.466804228624086e7
9.464642925798239e7
9.462463029465997e7
9.460264637738016e7
9.458047850003748e7
9.455812766887164e7
9.453559490203194e7
9.451288122914873e7
9.448998769091235e7
9.446691533865887e7
9.444366523396307e7
9.442023844823864e7
9.439663606234501e7
9.437285916620156e7
9.43489088584084e7
9.432478624587435e7
9.430049244345137e7
9.427602857357602e7
9.425139576591739e7
9.422659515703203e7
9.420162789002493e7
9.417649511421749e7
9.415119798482162e7
9.412573766262029e7
9.410011531365457e7
9.407433210891663e7
9.404838922404897e7
9.402228783905008e7
9.399602913798559e7
9.396961430870573e7
9.394304454256867e7
9.39163210341695e7
9.388944498107493e7
9.386241758356397e7
9.38352400443738e7
9.380791356845148e7
9.37804393627107e7
9.375281863579425e7
9.372505259784189e7
9.369714246026273e7
9.366908943551359e7
9.364089473688184e7
9.36125595782736e7
9.358408517400643e7
9.355547273860754e7
9.352672348661576e7
9.34978386323893e7
9.346881938991733e7
9.343966697263643e7
9.81698640591435e7
9.816986042985676e7
9.816985503157368e7
9.816984730858608e7
9.816983661074539e7
9.8169822189825e7
9.816980319662565e7
9.816977867878494e7
9.816974757925065e7
9.816970873537804e7
9.816966087861024e7
9.816960263470091e7
9.816953252443969e7
9.816944896483998e7
9.816935027075127e7
9.816923465685713e7
9.816910024002334e7
9.816894504195988e7
9.816876699216346e7
9.816856393110792e7
9.816833361365123e7
9.816807371263035e7
9.816778182261565e7
9.816745546379891e7
9.816709208599041e7
9.816668907270193e7
9.816624374529473e7
9.8165753367172e7
9.816521514799802e7
9.81646262479266e7
9.816398378182355e7
9.816328482346907e7
9.816252640972672e7
9.816170554466769e7
9.816081920363939e7
9.815986433726941e7
9.815883787539615e7
9.81577367309181e7
9.81565578035567e7
9.815529798352541e7
9.815395415510118e7
9.815252320009375e7
9.81510020012096e7
9.814938744530736e7
9.814767642654257e7
9.814586584940052e7
9.814395263161524e7
9.814193370697443e7
9.813980602801019e7
9.81375665685746e7
9.813521232630204e7
9.813274032495768e7
9.81301476166739e7
9.812743128407553e7
9.812458844229552e7
9.81216162408828e7
9.811851186560397e7
9.811527254014087e7
9.811189552768636e7
9.81083781324404e7
9.810471770100874e7
9.810091162370653e7
9.809695733576986e7
9.809285231847714e7
9.808859410018322e7
9.808418025726901e7
9.807960841500866e7
9.807487624835764e7
9.806998148266393e7
9.806492189430508e7
9.80596953112536e7
9.805429961357363e7
9.804873273385097e7
9.804299265755959e7
9.803707742336662e7
9.803098512337843e7
9.802471390333064e7
9.80182619627236e7
9.801162755490668e7
9.800480898711264e7
9.799780462044531e7
9.799061286982182e7
9.798323220387231e7
9.797566114479883e7
9.796789826819499e7
9.795994220282955e7
9.79517916303946e7
9.794344528522074e7
9.793490195396124e7
9.79261604752464e7
9.791721973931041e7
9.790807868759176e7
9.789873631230897e7
9.788919165601365e7
9.787944381112161e7
9.786949191942367e7
9.785933517157796e7
9.78489728065845e7
9.783840411124358e7
9.782762841959916e7
9.781664511236833e7
9.780545361635813e7
9.779405340387073e7
9.778244399209794e7
9.777062494250615e7
9.775859586021273e7
9.774635639335445e7
9.773390623244938e7
9.772124510975249e7
9.770837279860613e7
9.769528911278605e7
9.768199390584382e7
9.766848707044597e7
9.765476853771101e7
9.764083827654462e7
9.762669629297356e7
9.76123426294794e7
9.759777736433192e7
9.758300061092293e7
9.756801251710166e7
9.755281326451066e7
9.753740306792462e7
9.752178217459074e7
9.750595086357215e7
9.748990944509429e7
9.747365825989479e7
9.745719767857693e7
9.744052810096751e7
9.742364995547858e7
9.740656369847417e7
9.738926981364164e7
9.737176881136848e7
9.735406122812402e7
9.733614762584683e7
9.731802859133805e7
9.729970473566043e7
9.728117669354331e7
9.726244512279406e7
9.724351070371586e7
9.722437413853179e7
9.720503615081546e7
9.718549748492886e7
9.716575890546624e7
9.714582119670542e7
9.712568516206577e7
9.710535162357354e7
9.708482142133369e7
9.706409541300938e7
9.704317447330834e7
9.702205949347658e7
9.700075138079906e7
9.697925105810785e7
9.69575594632976e7
9.693567754884793e7
9.691360628135327e7
9.689134664106e7
9.68688996214109e7
9.684626622859648e7
9.682344748111396e7
9.680044440933308e7
9.677725805506927e7
9.67538894711639e7
9.673033972107166e7
9.670660987845482e7
9.66827010267848e7
9.665861425895047e7
9.663435067687345e7
9.660991139113024e7
9.65852975205814e7
9.656051019200705e7
9.653555053974956e7
9.651041970536266e7
9.648511883726698e7
9.645964909041256e7
9.643401162594727e7
9.64082076108923e7
9.638223821782322e7
9.635610462455799e7
9.632980801385078e7
9.6303349573092e7
9.627673049401453e7
9.624995197240555e7
9.622301520782498e7
9.619592140332894e7
9.616867176519966e7
9.614126750268072e7
9.611370982771796e7
9.608599995470607e7
9.605813910024069e7
9.603012848287559e7
9.600196932288548e7
9.59736628420341e7
9.594521026334728e7
9.591661281089124e7
9.588787170955594e7
9.585898818484324e7
9.582996346266025e7
9.580079876911709e7
9.57714953303297e7
9.574205437222716e7
9.57124771203639e7